employee_id,location_id,employee_name,department,role,hire_date,status
EMP-000001,LOC-0075,Karen Day,Sales,Analyst,2025-03-17,Active
EMP-000002,LOC-0056,Maria Pacheco,Sales,Coordinator,2022-11-22,Active
EMP-000003,LOC-0012,Ryan Patterson,Operations,Operator,2020-12-30,Inactive
EMP-000004,LOC-0076,Melanie Martin,Supply Chain,Engineer,2021-03-18,Active
EMP-000005,LOC-0016,Austin Harvey,Sales,Coordinator,2021-02-13,Active
EMP-000006,LOC-0081,Monica Davis,Production,Coordinator,2020-04-25,Active
EMP-000007,LOC-0100,Russell Harrington,Human Resources,Engineer,2021-07-04,Inactive
EMP-000008,LOC-0077,Thomas Hill,Operations,Coordinator,2021-09-13,Active
EMP-000009,LOC-0095,David Coleman,Production,Supervisor,2020-06-10,Active
EMP-000010,LOC-0095,Emily Cooper,Operations,Manager,2025-02-04,Active
EMP-000011,LOC-0055,Daniel Peterson,Sales,Coordinator,2025-08-24,Active
EMP-000012,LOC-0040,Krista Mcdonald,Production,Technician,2025-09-30,Active
EMP-000013,LOC-0070,Robert Wiggins,Production,Operator,2019-09-12,Active
EMP-000014,LOC-0090,John Kennedy,Sales,Technician,2023-12-17,Active
EMP-000015,LOC-0034,Steven Torres,Production,Technician,2020-04-20,Active
EMP-000016,LOC-0060,Christine Cole,Production,Manager,2019-07-06,Active
EMP-000017,LOC-0085,Kimberly Andrews,Production,Engineer,2020-07-31,Active
EMP-000018,LOC-0043,Amy Wallace,Operations,Manager,2022-02-18,Active
EMP-000019,LOC-0002,Brittany Crawford,Operations,Technician,2023-10-01,Active
EMP-000020,LOC-0007,Tamara Moon,Production,Coordinator,2019-02-09,Active
EMP-000021,LOC-0061,Gary Matthews,Production,Engineer,2023-10-11,Active
EMP-000022,LOC-0060,Patricia Patterson,Maintenance,Analyst,2020-11-18,Active
EMP-000023,LOC-0082,John Huber,Operations,Technician,2023-05-06,Active
EMP-000024,LOC-0082,Joseph Estrada,Production,Supervisor,2022-11-24,Active
EMP-000025,LOC-0073,Aaron Wells,Operations,Operator,2022-10-19,Active
EMP-000026,LOC-0024,Joshua Hernandez,Human Resources,Specialist,2025-11-01,Active
EMP-000027,LOC-0004,Rachel Fox,Human Resources,Manager,2023-04-25,Active
EMP-000028,LOC-0002,Jade Thomas,Operations,Specialist,2022-05-24,Active
EMP-000029,LOC-0071,Angela Stafford,Operations,Coordinator,2024-06-07,Active
EMP-000030,LOC-0028,George Strickland,Production,Coordinator,2020-01-30,Active
EMP-000031,LOC-0089,Marcus Hawkins,Sales,Operator,2023-05-23,Active
EMP-000032,LOC-0056,Melanie Hanna,Finance,Specialist,2025-06-04,Active
EMP-000033,LOC-0015,Meghan Hubbard,Finance,Engineer,2024-07-15,Active
EMP-000034,LOC-0030,Casey White,Operations,Coordinator,2024-01-21,Active
EMP-000035,LOC-0024,Amanda Hammond,Production,Coordinator,2021-03-20,Active
EMP-000036,LOC-0086,Samantha Lee,IT,Engineer,2019-12-31,Active
EMP-000037,LOC-0080,Michael Robinson,Production,Coordinator,2025-04-14,Active
EMP-000038,LOC-0036,Patrick Wright,Operations,Supervisor,2019-11-14,Active
EMP-000039,LOC-0059,Daniel Terry,Production,Specialist,2020-03-25,Active
EMP-000040,LOC-0040,Sarah Arroyo MD,IT,Specialist,2021-11-19,Active
EMP-000041,LOC-0093,Craig Smith,Sales,Operator,2023-01-16,Active
EMP-000042,LOC-0080,Tracy Reeves,Production,Analyst,2020-06-15,Active
EMP-000043,LOC-0089,Zachary Snyder,Sales,Engineer,2019-12-10,Active
EMP-000044,LOC-0083,Charles Nichols,Production,Technician,2019-10-09,Active
EMP-000045,LOC-0079,Debra Washington,Operations,Technician,2022-07-15,Active
EMP-000046,LOC-0082,Samuel Parker,Maintenance,Engineer,2020-01-11,Active
EMP-000047,LOC-0098,Brenda Pena,Production,Coordinator,2024-08-30,Active
EMP-000048,LOC-0057,Emily Davis,Operations,Operator,2024-03-01,Active
EMP-000049,LOC-0009,Julie Villarreal,Production,Analyst,2022-12-22,Active
EMP-000050,LOC-0039,Jeffrey Flores,IT,Technician,2020-06-29,Active
EMP-000051,LOC-0090,Lauren Martinez,Human Resources,Technician,2021-04-07,Active
EMP-000052,LOC-0036,Ashley Gonzalez,Supply Chain,Supervisor,2021-04-01,Active
EMP-000054,LOC-0031,Katelyn Hill,Supply Chain,Manager,2023-05-20,Active
EMP-000055,LOC-0074,Sheila Davis,Supply Chain,Specialist,2025-04-03,Active
EMP-000056,LOC-0008,Marc Wilcox,Supply Chain,Specialist,2022-10-20,Active
EMP-000057,LOC-0087,Lisa Burke,Sales,Operator,2019-09-19,Active
EMP-000058,LOC-0004,Michael Diaz,Human Resources,Specialist,2021-05-24,Active
EMP-000059,LOC-0029,Jeanne Baldwin,Operations,Supervisor,2021-01-07,Active
EMP-000060,LOC-0048,Amanda Lewis,Finance,Manager,2022-06-21,Active
EMP-000061,LOC-0055,Michele Drake,Finance,Engineer,2023-11-12,Active
EMP-000062,LOC-0090,Joy Oconnor,Supply Chain,Operator,2019-01-05,Inactive
EMP-000063,LOC-0013,Jessica Williams,IT,Engineer,2022-10-09,Inactive
EMP-000064,LOC-0022,Jose Huynh,Production,Supervisor,2021-07-08,Active
EMP-000065,LOC-0084,Jennifer Jones,Production,Coordinator,2024-02-10,Active
EMP-000066,LOC-0052,Michelle Graham,Production,Supervisor,2025-06-24,Active
EMP-000067,LOC-0027,Thomas Chen,Production,Supervisor,2025-01-04,Active
EMP-000068,LOC-0057,Mark Matthews,Operations,Technician,2022-10-24,Active
EMP-000069,LOC-0010,Jennifer Harmon,Operations,Operator,2020-02-21,Active
EMP-000070,LOC-0018,Kelly Fitzpatrick,Production,Specialist,2021-03-21,Active
EMP-000071,LOC-0019,Angela Jones,Human Resources,Specialist,2020-07-06,Inactive
EMP-000072,LOC-0013,Diane Hayes,IT,Analyst,2022-05-02,Active
EMP-000073,LOC-0050,Shawn Holt,Production,Engineer,2020-04-27,Active
EMP-000074,LOC-0026,Ashley Campos,Operations,Analyst,2020-03-21,Active
EMP-000075,LOC-0093,Christopher Smith,Operations,Coordinator,2021-08-22,Active
EMP-000076,LOC-0084,Heather Davidson,Finance,Supervisor,2025-09-19,Active
EMP-000077,LOC-0047,Bradley Collins,Supply Chain,Coordinator,2020-06-11,Inactive
EMP-000078,LOC-0013,Daniel Diaz,Production,Operator,2025-03-19,Inactive
EMP-000079,LOC-0029,Douglas Alvarado,IT,Technician,2019-07-04,Active
EMP-000080,LOC-0052,Yvonne Butler,Operations,Operator,2020-06-24,Active
EMP-000081,LOC-0099,Christopher Smith,Production,Manager,2021-10-11,Active
EMP-000082,LOC-0077,Jason Gould,Maintenance,Supervisor,2025-06-09,Active
EMP-000083,LOC-0075,Brittney Powers,Maintenance,Technician,2019-06-17,Active
EMP-000084,LOC-0042,Jamie Knight,Production,Engineer,2024-08-13,Active
EMP-000085,LOC-0026,Aaron Gardner,Supply Chain,Operator,2019-08-07,Active
EMP-000086,LOC-0094,Nicholas Wheeler,IT,Supervisor,2019-04-10,Active
EMP-000087,LOC-0098,Brooke Peterson,Operations,Coordinator,2024-06-14,Active
EMP-000088,LOC-0092,Maria Fisher,Operations,Technician,2019-02-04,Active
EMP-000089,LOC-0019,Melissa Martin,Human Resources,Technician,2022-10-20,Active
EMP-000090,LOC-0037,Valerie Houston,Maintenance,Coordinator,2022-03-07,Active
EMP-000091,LOC-0016,Crystal Dawson,Operations,Coordinator,2021-12-14,Active
EMP-000092,LOC-0077,Amanda Richards,Sales,Specialist,2019-08-10,Active
EMP-000093,LOC-0027,Paula Yang,Operations,Technician,2020-11-03,Active
EMP-000094,LOC-0034,Tina Mccarty,Operations,Technician,2019-05-12,Active
EMP-000095,LOC-0013,Megan James,Human Resources,Analyst,2019-12-24,Active
EMP-000096,LOC-0047,Mallory Knapp,Operations,Technician,2024-10-05,Active
EMP-000097,LOC-0023,Dalton Daugherty,IT,Supervisor,2023-09-02,Active
EMP-000098,LOC-0083,Jerry Flores,Production,Coordinator,2023-03-24,Active
EMP-000099,LOC-0039,Edward Peck,Sales,Supervisor,2022-06-17,Active
EMP-000100,LOC-0084,Justin Jones,Operations,Operator,2024-08-07,Inactive
EMP-000101,LOC-0043,Sonya Washington,Finance,Supervisor,2024-08-20,Active
EMP-000102,LOC-0058,Mark Campbell,Operations,Coordinator,2025-01-29,Active
EMP-000103,LOC-0006,Nicholas Smith,Production,Analyst,2021-07-24,Active
EMP-000104,LOC-0065,Samantha Payne,Production,Coordinator,2021-06-29,Active
EMP-000105,LOC-0040,Nancy Francis,Operations,Analyst,2021-08-26,Active
EMP-000106,LOC-0070,Christopher Dunn,Supply Chain,Operator,2021-10-02,Active
EMP-000107,LOC-0004,Arthur Mayer,Supply Chain,Operator,2021-07-02,Active
EMP-000108,LOC-0041,Henry Jones,Production,Technician,2022-09-25,Active
EMP-000109,LOC-0100,Alicia Mcguire,Sales,Technician,2019-07-22,Active
EMP-000110,LOC-0029,David Doyle,Production,Supervisor,2023-09-11,Active
EMP-000111,LOC-0004,Thomas Stewart,Maintenance,Operator,2023-05-21,Active
EMP-000112,LOC-0020,Kayla Gilbert,IT,Coordinator,2019-10-03,Active
EMP-000113,LOC-0013,Steven Herman,Production,Technician,2021-06-24,Active
EMP-000114,LOC-0074,Andrew White,Production,Manager,2020-12-01,Active
EMP-000115,LOC-0013,Dennis Anderson,Operations,Coordinator,2020-05-26,Active
EMP-000116,LOC-0064,Barbara Schmidt,IT,Specialist,2023-05-12,Active
EMP-000117,LOC-0024,Jordan Travis,Human Resources,Coordinator,2024-01-30,Active
EMP-000118,LOC-0010,Robert Stout,Operations,Coordinator,2022-01-16,Active
EMP-000119,LOC-0097,Stephanie West,Operations,Coordinator,2020-10-28,Active
EMP-000120,LOC-0070,Autumn Webb,Operations,Technician,2024-10-11,Active
EMP-000121,LOC-0054,Jessica Esparza,Supply Chain,Analyst,2019-07-24,Active
EMP-000122,LOC-0002,Mary Sweeney,Finance,Manager,2025-06-11,Active
EMP-000123,LOC-0045,Melissa Miller,Maintenance,Technician,2019-12-16,Active
EMP-000124,LOC-0008,Christopher Merritt,IT,Engineer,2020-09-09,Active
EMP-000125,LOC-0095,Michael Rojas,Maintenance,Specialist,2024-01-09,Active
EMP-000126,LOC-0038,George Lopez,Supply Chain,Analyst,2022-08-17,Active
EMP-000127,LOC-0099,Erin Allen,Production,Analyst,2021-01-01,Active
EMP-000128,LOC-0091,Rita Bray,Sales,Engineer,2019-08-16,Active
EMP-000129,LOC-0032,Susan Schmidt,Human Resources,Supervisor,2023-12-04,Active
EMP-000130,LOC-0052,Jeffrey Collins,Production,Specialist,2025-07-29,Inactive
EMP-000131,LOC-0091,Parker Garza,Production,Supervisor,2019-11-03,Active
EMP-000132,LOC-0020,Eric Martin,Operations,Coordinator,2019-09-19,Active
EMP-000133,LOC-0016,Michael Griffin,IT,Supervisor,2019-03-14,Active
EMP-000134,LOC-0083,Frank Frederick,IT,Technician,2025-02-18,Active
EMP-000135,LOC-0043,Robert Atkinson,IT,Engineer,2019-12-20,Active
EMP-000136,LOC-0080,Christine Cox,Supply Chain,Coordinator,2023-12-06,Active
EMP-000137,LOC-0079,Wyatt Moore,Supply Chain,Manager,2025-09-23,Active
EMP-000138,LOC-0039,Lisa Berger,Operations,Specialist,2021-01-31,Active
EMP-000140,LOC-0006,Samuel Williams,Maintenance,Operator,2022-01-27,Active
EMP-000141,LOC-0006,Anthony Montes,Maintenance,Analyst,2022-07-10,Active
EMP-000142,LOC-0057,Tonya Anderson,Supply Chain,Manager,2023-03-28,Active
EMP-000143,LOC-0059,Brooke Poole,Operations,Coordinator,2024-05-16,Active
EMP-000144,LOC-0050,Amanda Long,Production,Supervisor,2022-12-31,Active
EMP-000145,LOC-0036,Lisa Meyer,Human Resources,Operator,2025-07-11,Active
EMP-000146,LOC-0095,Michael Kennedy,Production,Supervisor,2019-08-17,Active
EMP-000147,LOC-0017,Matthew Conley,Production,Analyst,2023-08-08,Active
EMP-000148,LOC-0076,Jennifer Brown,Supply Chain,Manager,2024-01-18,Active
EMP-000149,LOC-0080,John Hughes,Production,Manager,2022-04-16,Active
EMP-000150,LOC-0020,Daniel Hurley,Human Resources,Supervisor,2024-10-25,Active
EMP-000151,LOC-0057,Dana Mann,Human Resources,Coordinator,2022-07-16,Inactive
EMP-000152,LOC-0058,Brenda Ho,Operations,Specialist,2024-03-23,Active
EMP-000153,LOC-0050,Mark Gray,Production,Operator,2024-04-15,Active
EMP-000154,LOC-0023,Scott Knapp,Sales,Manager,2023-11-18,Active
EMP-000155,LOC-0012,Dawn Parks,Finance,Manager,2020-04-27,Active
EMP-000156,LOC-0096,Catherine Ferguson,Operations,Engineer,2022-06-09,Active
EMP-000157,LOC-0064,Lisa Long,Production,Operator,2022-10-08,Active
EMP-000158,LOC-0004,Whitney Reilly,Sales,Technician,2019-01-09,Active
EMP-000159,LOC-0003,Alexis Lindsey,Production,Technician,2023-02-25,Active
EMP-000160,LOC-0072,George Boyd,Operations,Operator,2019-09-10,Active
EMP-000161,LOC-0037,Timothy Lopez,Supply Chain,Technician,2022-04-22,Active
EMP-000162,LOC-0065,Kelly Perez,Human Resources,Supervisor,2019-04-01,Active
EMP-000163,LOC-0035,Jennifer Lopez,Operations,Analyst,2021-08-07,Active
EMP-000164,LOC-0081,Laurie Martinez,Finance,Supervisor,2022-07-02,Active
EMP-000165,LOC-0080,Patrick Sexton,Finance,Technician,2019-06-10,Active
EMP-000166,LOC-0047,Jason Mejia,Supply Chain,Operator,2024-12-25,Active
EMP-000167,LOC-0025,Christopher Simmons,Maintenance,Engineer,2024-07-03,Active
EMP-000168,LOC-0086,Sara Wood,Finance,Coordinator,2019-06-27,Active
EMP-000169,LOC-0095,Lisa Farrell,Maintenance,Operator,2022-11-17,Active
EMP-000170,LOC-0092,Henry Hawkins,Production,Specialist,2022-11-13,Active
EMP-000171,LOC-0076,Heather Lewis,IT,Coordinator,2020-05-30,Active
EMP-000172,LOC-0045,April Mckee,Production,Coordinator,2021-09-22,Active
EMP-000173,LOC-0058,Tina Guerrero,Finance,Engineer,2020-07-07,Active
EMP-000174,LOC-0100,Renee Brown,Sales,Engineer,2024-02-04,Active
EMP-000175,LOC-0048,Michael Lowery,Production,Operator,2025-04-15,Active
EMP-000176,LOC-0055,Justin Collins Jr.,Operations,Specialist,2020-05-25,Active
EMP-000177,LOC-0064,Patrick Davis,Finance,Technician,2025-11-21,Active
EMP-000178,LOC-0038,Melinda Marshall,Production,Coordinator,2021-08-26,Active
EMP-000179,LOC-0016,Terrence Guerrero,Operations,Engineer,2020-01-02,Active
EMP-000180,LOC-0074,Jerry Sanders,Operations,Technician,2021-06-15,Active
EMP-000181,LOC-0083,Olivia Farmer,Operations,Manager,2021-11-22,Active
EMP-000182,LOC-0080,Heather Mcdonald,Production,Analyst,2021-03-12,Active
EMP-000183,LOC-0034,Andrea Williamson,Production,Supervisor,2022-03-01,Active
EMP-000184,LOC-0039,Scott Price,Sales,Supervisor,2022-03-24,Active
EMP-000185,LOC-0079,Brandon Perry,Supply Chain,Supervisor,2025-05-10,Active
EMP-000186,LOC-0079,Michelle James,Operations,Engineer,2021-10-05,Inactive
EMP-000187,LOC-0030,Lucas Thornton,Sales,Technician,2020-02-11,Active
EMP-000188,LOC-0002,Alexander Taylor,IT,Engineer,2021-02-16,Active
EMP-000189,LOC-0093,Stephanie Harrington,Sales,Engineer,2025-01-05,Inactive
EMP-000190,LOC-0066,Ian Potts,Production,Supervisor,2023-11-07,Active
EMP-000191,LOC-0087,Kerry Trevino,Sales,Analyst,2019-04-20,Active
EMP-000192,LOC-0015,Alison Wolfe MD,Production,Operator,2022-10-13,Active
EMP-000193,LOC-0034,Amanda Roman,Production,Analyst,2025-02-22,Active
EMP-000194,LOC-0029,Stephanie Cabrera,Sales,Manager,2019-09-30,Active
EMP-000195,LOC-0029,Alicia Adams,Maintenance,Supervisor,2023-12-29,Inactive
EMP-000196,LOC-0039,Tiffany Hurley,Operations,Analyst,2024-04-19,Active
EMP-000197,LOC-0059,Katherine Braun,Maintenance,Engineer,2025-07-05,Active
EMP-000198,LOC-0023,Christopher Smith,IT,Analyst,2021-12-24,Active
EMP-000200,LOC-0003,Joy Rollins,Production,Specialist,2021-12-28,Active
EMP-000201,LOC-0028,Patrick Scott,Production,Coordinator,2021-07-26,Active
EMP-000202,LOC-0065,Cynthia Mccullough,Sales,Technician,2019-11-17,Inactive
EMP-000203,LOC-0054,Lisa Graham,Supply Chain,Coordinator,2020-10-12,Active
EMP-000204,LOC-0029,Justin Montgomery,Supply Chain,Engineer,2019-03-20,Active
EMP-000205,LOC-0087,Curtis Olson,Operations,Manager,2020-01-25,Active
EMP-000206,LOC-0032,Casey Black,Finance,Coordinator,2020-04-25,Active
EMP-000207,LOC-0041,Samantha Long,Maintenance,Specialist,2020-02-09,Active
EMP-000208,LOC-0063,David Wilson,Finance,Manager,2021-10-11,Active
EMP-000209,LOC-0032,William Scott,Finance,Analyst,2019-08-17,Active
EMP-000210,LOC-0053,Sherry Green,Human Resources,Coordinator,2021-04-11,Active
EMP-000211,LOC-0022,Michele Miller,Finance,Coordinator,2023-08-17,Active
EMP-000212,LOC-0042,Katelyn Tyler,Sales,Technician,2021-04-16,Active
EMP-000213,LOC-0069,Jamie Banks,Production,Supervisor,2023-12-14,Active
EMP-000214,LOC-0039,Timothy Brown,Production,Manager,2020-08-15,Active
EMP-000215,LOC-0075,Roberto Edwards,Supply Chain,Engineer,2025-05-31,Active
EMP-000216,LOC-0093,Billy Weber,Operations,Coordinator,2020-08-17,Active
EMP-000217,LOC-0027,Frank Schneider,IT,Engineer,2021-09-27,Active
EMP-000218,LOC-0001,Gordon Johnston,Production,Analyst,2019-11-19,Active
EMP-000219,LOC-0003,Joseph Russell,Operations,Technician,2025-01-31,Active
EMP-000220,LOC-0057,Chelsey Foley,Operations,Manager,2025-12-27,Active
EMP-000221,LOC-0098,Perry Reed,Maintenance,Engineer,2020-09-06,Active
EMP-000222,LOC-0047,Richard Wilkerson,Operations,Coordinator,2024-11-28,Active
EMP-000223,LOC-0060,Jennifer Cardenas,IT,Engineer,2024-04-01,Active
EMP-000224,LOC-0070,Mr. Thomas Hatfield,Operations,Analyst,2022-02-04,Active
EMP-000225,LOC-0028,Scott Figueroa,Finance,Analyst,2024-07-03,Active
EMP-000226,LOC-0038,Gregory Gibson,Production,Analyst,2021-11-17,Active
EMP-000227,LOC-0062,Ellen Fields,Operations,Manager,2023-12-27,Active
EMP-000228,LOC-0063,Michael Jones,Human Resources,Engineer,2019-07-22,Inactive
EMP-000229,LOC-0082,Henry Hanson,Production,Technician,2023-08-31,Active
EMP-000230,LOC-0023,Johnny Harris,Sales,Supervisor,2024-10-02,Active
EMP-000231,LOC-0057,Lori Lewis,Operations,Engineer,2022-05-03,Active
EMP-000232,LOC-0094,Anthony Fitzgerald,Sales,Technician,2019-07-19,Active
EMP-000233,LOC-0056,Adam Hall,Operations,Specialist,2022-06-18,Active
EMP-000234,LOC-0047,Christine Turner,Supply Chain,Engineer,2023-08-31,Active
EMP-000235,LOC-0006,Christy Mcfarland,Maintenance,Engineer,2024-03-22,Active
EMP-000236,LOC-0052,Dana Chapman,Production,Engineer,2019-07-21,Active
EMP-000237,LOC-0088,Alejandro Kidd,Human Resources,Specialist,2020-02-22,Active
EMP-000238,LOC-0064,Daniel Lopez MD,Operations,Analyst,2025-11-02,Active
EMP-000239,LOC-0045,Zachary Barnett,Supply Chain,Coordinator,2023-04-24,Active
EMP-000240,LOC-0089,Susan Hawkins,Sales,Technician,2020-12-03,Active
EMP-000241,LOC-0014,Renee Kim,Human Resources,Manager,2021-05-05,Active
EMP-000242,LOC-0093,Jessica Garza,Human Resources,Analyst,2019-11-20,Active
EMP-000243,LOC-0096,Courtney Harris,Supply Chain,Supervisor,2025-12-01,Active
EMP-000244,LOC-0001,James Carroll,Human Resources,Supervisor,2019-06-17,Active
EMP-000245,LOC-0032,Nicholas Brandt,Maintenance,Coordinator,2025-03-25,Active
EMP-000246,LOC-0035,Ethan Shepherd,Supply Chain,Specialist,2024-09-04,Active
EMP-000247,LOC-0063,Mariah Daniels,Production,Technician,2024-12-17,Active
EMP-000248,LOC-0040,Cheyenne Brown,Maintenance,Operator,2022-03-27,Inactive
EMP-000249,LOC-0008,Stephen Martinez,Operations,Manager,2022-12-04,Active
EMP-000250,LOC-0049,Robert Smith,Operations,Manager,2022-08-28,Active
EMP-000251,LOC-0026,Nancy Hayes,Production,Engineer,2019-08-18,Active
EMP-000252,LOC-0029,Stacy Ayala,Finance,Technician,2020-09-01,Active
EMP-000254,LOC-0042,Rebecca Lin,Sales,Operator,2023-03-26,Active
EMP-000255,LOC-0046,Nicole Rosario,Production,Supervisor,2020-02-16,Active
EMP-000256,LOC-0007,Alexis Conrad,Finance,Engineer,2025-12-25,Active
EMP-000257,LOC-0042,Marcus Cox,IT,Analyst,2025-12-24,Inactive
EMP-000258,LOC-0081,Daniel Smith,IT,Specialist,2019-01-30,Active
EMP-000259,LOC-0080,Gina Patterson,Operations,Analyst,2023-07-23,Active
EMP-000260,LOC-0025,Mary Oconnell,Maintenance,Engineer,2024-01-17,Active
EMP-000261,LOC-0025,Marcus Phillips,Operations,Engineer,2021-06-01,Active
EMP-000262,LOC-0072,Amanda Adams,Maintenance,Manager,2024-11-23,Active
EMP-000263,LOC-0033,David Marks,IT,Specialist,2024-07-02,Active
EMP-000264,LOC-0095,Tyler Martin,IT,Operator,2020-10-04,Active
EMP-000265,LOC-0086,Don Bryant,Maintenance,Technician,2022-11-26,Active
EMP-000266,LOC-0014,Brittany Roberts,Production,Specialist,2022-01-05,Active
EMP-000267,LOC-0060,Misty Simpson,Supply Chain,Manager,2021-11-09,Active
EMP-000268,LOC-0037,Darren Flores,Maintenance,Analyst,2024-01-15,Active
EMP-000269,LOC-0086,Gregory Shea,Operations,Operator,2021-12-11,Active
EMP-000270,LOC-0079,Christopher Morris,Production,Operator,2020-03-26,Active
EMP-000271,LOC-0088,Bobby Carr,Sales,Engineer,2025-08-04,Active
EMP-000272,LOC-0031,Christina Curtis,Operations,Coordinator,2021-11-10,Active
EMP-000273,LOC-0040,Calvin Singh,Operations,Coordinator,2025-11-30,Active
EMP-000274,LOC-0009,Scott Holmes,Supply Chain,Coordinator,2020-05-28,Active
EMP-000275,LOC-0052,Jose Rios,Operations,Specialist,2021-04-01,Active
EMP-000276,LOC-0078,Robert Gonzalez,IT,Coordinator,2020-01-11,Active
EMP-000277,LOC-0044,Margaret Tran,Operations,Coordinator,2019-04-27,Active
EMP-000278,LOC-0013,Douglas Murray,Maintenance,Manager,2025-04-11,Active
EMP-000279,LOC-0035,Sean Rasmussen,IT,Technician,2021-08-18,Active
EMP-000280,LOC-0021,Michael Wright,IT,Engineer,2023-05-23,Active
EMP-000281,LOC-0089,William Leonard,Sales,Supervisor,2020-01-19,Active
EMP-000282,LOC-0053,Vickie Sanders,Operations,Technician,2023-03-03,Active
EMP-000283,LOC-0094,Gina Merritt,Operations,Engineer,2025-02-08,Active
EMP-000284,LOC-0024,Dennis Thomas,Maintenance,Analyst,2022-03-02,Active
EMP-000285,LOC-0007,Stacey Nguyen,Maintenance,Operator,2020-06-10,Active
EMP-000286,LOC-0042,Jacqueline Ramsey,Operations,Coordinator,2023-01-17,Active
EMP-000287,LOC-0072,Taylor Perez,Production,Specialist,2021-12-27,Active
EMP-000288,LOC-0056,Kathleen Williams,Operations,Coordinator,2022-08-01,Active
EMP-000289,LOC-0006,Jennifer Glass,IT,Analyst,2022-05-08,Active
EMP-000290,LOC-0052,Yvette Williams,Operations,Analyst,2024-11-02,Active
EMP-000291,LOC-0093,Catherine Tyler,Operations,Manager,2021-12-24,Active
EMP-000292,LOC-0099,Sharon Hernandez,Operations,Technician,2021-12-25,Active
EMP-000293,LOC-0008,Marie Terry,Finance,Technician,2025-01-23,Active
EMP-000294,LOC-0047,Debbie Berry,IT,Supervisor,2025-04-14,Active
EMP-000295,LOC-0017,Brett Costa,Maintenance,Analyst,2022-07-31,Active
EMP-000296,LOC-0011,William Evans,Operations,Coordinator,2022-04-01,Active
EMP-000297,LOC-0069,Ryan Fuentes,Maintenance,Coordinator,2023-04-11,Active
EMP-000298,LOC-0070,Shannon Ingram,Operations,Specialist,2021-05-12,Active
EMP-000299,LOC-0071,Gabriel Ross,Operations,Manager,2024-10-09,Active
EMP-000300,LOC-0015,Eric Goodwin,Maintenance,Engineer,2023-02-08,Active
EMP-000301,LOC-0099,Kathryn Thomas,IT,Engineer,2020-09-21,Active
EMP-000302,LOC-0076,Amy Bailey,Supply Chain,Analyst,2019-04-09,Active
EMP-000303,LOC-0092,Nichole Knight,Maintenance,Technician,2019-04-17,Active
EMP-000304,LOC-0012,Kimberly Williams,IT,Coordinator,2021-10-08,Active
EMP-000305,LOC-0020,Edward Scott,Production,Manager,2023-03-15,Inactive
EMP-000306,LOC-0078,Christopher Osborn,Finance,Manager,2021-04-11,Active
EMP-000307,LOC-0092,Anthony Luna,Production,Analyst,2022-03-31,Active
EMP-000308,LOC-0037,Brittney Ferguson,Maintenance,Technician,2020-03-08,Active
EMP-000309,LOC-0034,Sara Ferguson,Operations,Supervisor,2019-11-26,Active
EMP-000310,LOC-0007,Patrick Warren,Operations,Specialist,2024-03-11,Active
EMP-000311,LOC-0058,Michael Adkins,Supply Chain,Supervisor,2022-03-21,Active
EMP-000312,LOC-0089,Henry Barnett,Finance,Engineer,2022-01-05,Active
EMP-000313,LOC-0064,Andrew Gray,Supply Chain,Technician,2021-02-08,Active
EMP-000314,LOC-0080,Harry Hunt,Supply Chain,Coordinator,2022-01-18,Active
EMP-000315,LOC-0098,Michael Harris,Operations,Specialist,2019-12-17,Active
EMP-000316,LOC-0030,Ricky Wilson,Sales,Analyst,2024-12-21,Active
EMP-000317,LOC-0030,Phillip Vazquez,Sales,Operator,2021-02-17,Active
EMP-000318,LOC-0100,Shane Riddle,Operations,Supervisor,2020-08-03,Active
EMP-000319,LOC-0040,Jeffrey Richards,Operations,Manager,2025-05-04,Active
EMP-000320,LOC-0014,Mary Lopez,Production,Specialist,2020-11-07,Active
EMP-000321,LOC-0022,James Castro,Sales,Technician,2021-07-08,Active
EMP-000322,LOC-0091,Kenneth Owens,Sales,Manager,2022-07-27,Active
EMP-000323,LOC-0096,Tony Mathews,Production,Manager,2023-02-04,Active
EMP-000324,LOC-0086,Heather Wood,Human Resources,Manager,2024-01-01,Active
EMP-000325,LOC-0065,Johnathan Spencer,Finance,Coordinator,2020-08-18,Active
EMP-000326,LOC-0057,Keith Allen,Finance,Technician,2024-05-24,Active
EMP-000327,LOC-0008,Grant Avila,IT,Operator,2021-01-16,Active
EMP-000328,LOC-0048,Sonya Clark,IT,Technician,2019-02-02,Active
EMP-000329,LOC-0094,Michael Wagner,Production,Operator,2022-06-02,Inactive
EMP-000330,LOC-0100,Thomas Mckinney,Production,Supervisor,2025-02-23,Active
EMP-000331,LOC-0082,Jonathan Martinez,Operations,Coordinator,2025-01-20,Active
EMP-000332,LOC-0016,Cynthia Bernard,Production,Analyst,2025-06-21,Active
EMP-000333,LOC-0056,Erica Horn,Human Resources,Coordinator,2021-05-31,Active
EMP-000334,LOC-0091,Peter Gonzales,Operations,Specialist,2025-08-23,Active
EMP-000335,LOC-0020,Carol Obrien,Human Resources,Engineer,2023-12-21,Active
EMP-000336,LOC-0035,Jeffrey Blair,Production,Technician,2023-07-10,Active
EMP-000337,LOC-0077,Stephanie Smith,Supply Chain,Supervisor,2023-02-15,Active
EMP-000338,LOC-0046,Christine Molina,Finance,Analyst,2019-12-31,Active
EMP-000339,LOC-0067,Christina Chandler,Operations,Coordinator,2021-01-31,Active
EMP-000340,LOC-0045,Amy Anderson,Operations,Manager,2023-07-12,Inactive
EMP-000341,LOC-0004,Andrew Rodgers,Operations,Specialist,2022-03-23,Active
EMP-000342,LOC-0052,Ashley Reynolds,Human Resources,Supervisor,2020-05-10,Active
EMP-000343,LOC-0055,Charles Bates,Production,Coordinator,2019-01-06,Active
EMP-000344,LOC-0056,Lauren Wood,Production,Operator,2023-02-12,Active
EMP-000345,LOC-0029,Russell Compton,IT,Supervisor,2021-01-17,Active
EMP-000346,LOC-0029,Kelly Jackson,Human Resources,Engineer,2024-10-12,Active
EMP-000347,LOC-0007,Samuel Hampton,IT,Engineer,2022-05-26,Active
EMP-000348,LOC-0022,Chelsea Wright,Supply Chain,Analyst,2022-06-11,Active
EMP-000349,LOC-0064,Rebecca Stewart,Operations,Operator,2019-11-08,Active
EMP-000350,LOC-0073,Taylor Moon,Operations,Analyst,2019-12-24,Active
EMP-000351,LOC-0079,Sean Kane,Production,Engineer,2022-08-10,Active
EMP-000352,LOC-0009,Brian Sellers DVM,Operations,Supervisor,2024-04-03,Inactive
EMP-000353,LOC-0100,Brittany Johnson,Production,Analyst,2024-08-21,Active
EMP-000354,LOC-0003,Jillian Martin,Production,Engineer,2023-05-20,Inactive
EMP-000355,LOC-0084,Valerie Martin,Production,Operator,2023-05-13,Active
EMP-000356,LOC-0035,Angela Ryan,Production,Technician,2025-06-25,Active
EMP-000357,LOC-0061,Shelby Lopez,IT,Specialist,2019-06-14,Active
EMP-000358,LOC-0040,Taylor Ford,Finance,Engineer,2025-01-24,Active
EMP-000359,LOC-0003,Brandi Watts,Production,Coordinator,2020-08-08,Active
EMP-000360,LOC-0009,Hannah Huber,Finance,Analyst,2023-08-16,Active
EMP-000361,LOC-0017,Taylor Williams,Supply Chain,Coordinator,2019-04-08,Inactive
EMP-000362,LOC-0022,Jamie Roy,IT,Engineer,2024-02-05,Active
EMP-000363,LOC-0075,Blake Forbes,Production,Supervisor,2021-06-03,Active
EMP-000364,LOC-0088,Danielle Peterson,Operations,Coordinator,2025-05-01,Active
EMP-000365,LOC-0052,Dylan Rodriguez,IT,Coordinator,2023-09-27,Active
EMP-000366,LOC-0084,Bailey Berry,Production,Engineer,2024-04-26,Active
EMP-000367,LOC-0054,Phillip Mckay,Sales,Coordinator,2025-02-26,Active
EMP-000368,LOC-0019,Cassie Coleman DDS,Production,Specialist,2019-01-31,Active
EMP-000369,LOC-0054,Justin Campbell,IT,Engineer,2020-05-10,Active
EMP-000370,LOC-0050,Erin Warren,Sales,Operator,2024-05-30,Active
EMP-000371,LOC-0011,Daniel Smith,Maintenance,Engineer,2019-06-11,Active
EMP-000372,LOC-0077,Jesse Nunez,Supply Chain,Operator,2024-09-06,Active
EMP-000373,LOC-0054,Andrew Gomez,Operations,Supervisor,2021-06-06,Active
EMP-000374,LOC-0024,Melissa Smith,Human Resources,Engineer,2019-10-01,Active
EMP-000375,LOC-0025,Katherine Green,Maintenance,Technician,2024-05-05,Active
EMP-000376,LOC-0034,Lee Martin,Production,Supervisor,2022-10-06,Inactive
EMP-000377,LOC-0077,Steven Wright,Production,Manager,2021-03-28,Active
EMP-000378,LOC-0065,Marc Wolfe,Operations,Operator,2022-03-21,Active
EMP-000379,LOC-0022,Paul Woods,Human Resources,Coordinator,2022-01-08,Active
EMP-000380,LOC-0031,Judith Cooper,Production,Specialist,2023-05-04,Active
EMP-000381,LOC-0080,Brian Serrano,Finance,Coordinator,2022-10-26,Active
EMP-000382,LOC-0006,Nathaniel Conley,Operations,Coordinator,2023-07-18,Active
EMP-000383,LOC-0038,Christopher Smith,Operations,Supervisor,2024-09-07,Active
EMP-000384,LOC-0030,Heather Rodgers DDS,Operations,Manager,2021-10-03,Active
EMP-000385,LOC-0050,Daniel Goodman,Finance,Operator,2022-03-31,Active
EMP-000386,LOC-0070,Jennifer Mcintosh,Production,Specialist,2025-06-19,Active
EMP-000387,LOC-0100,Stephen Brown,Operations,Manager,2019-11-11,Active
EMP-000388,LOC-0059,Stacy Francis,Maintenance,Operator,2021-11-06,Active
EMP-000389,LOC-0024,Cynthia Patterson,Operations,Operator,2025-08-04,Active
EMP-000390,LOC-0062,Deborah Sparks,IT,Supervisor,2024-06-02,Inactive
EMP-000391,LOC-0083,Jeffrey Page,Maintenance,Operator,2023-06-06,Active
EMP-000392,LOC-0087,Matthew Payne,Production,Technician,2024-11-06,Active
EMP-000393,LOC-0092,Mark Wilkins,Sales,Coordinator,2019-10-17,Active
EMP-000394,LOC-0016,David Harris,Human Resources,Technician,2021-01-15,Active
EMP-000395,LOC-0023,Tammy Garrett,Sales,Supervisor,2025-12-11,Active
EMP-000396,LOC-0016,Linda Hopkins,Production,Supervisor,2024-08-13,Active
EMP-000397,LOC-0044,Crystal Soto,Sales,Specialist,2024-12-28,Active
EMP-000398,LOC-0004,Samantha Mooney,Production,Coordinator,2020-12-08,Active
EMP-000399,LOC-0020,Christine Soto,Human Resources,Manager,2022-01-24,Active
EMP-000400,LOC-0100,Jonathan Hale,Sales,Operator,2022-07-02,Active
EMP-000401,LOC-0028,Adam Curtis,Supply Chain,Supervisor,2021-03-06,Active
EMP-000402,LOC-0019,Tristan Walker,IT,Supervisor,2020-06-24,Active
EMP-000403,LOC-0006,William Martinez,Production,Technician,2023-07-10,Active
EMP-000404,LOC-0014,Michael Powers,Supply Chain,Engineer,2022-04-08,Active
EMP-000405,LOC-0080,Megan Christensen,Production,Operator,2025-04-18,Active
EMP-000406,LOC-0060,Matthew Perez,Operations,Supervisor,2019-04-04,Active
EMP-000407,LOC-0027,Jacob Sawyer,Production,Supervisor,2021-08-29,Active
EMP-000408,LOC-0067,Daniel Hughes,Production,Supervisor,2023-06-21,Active
EMP-000409,LOC-0036,Shane Sanchez,Supply Chain,Engineer,2022-07-10,Active
EMP-000410,LOC-0099,Tasha Rogers,Operations,Engineer,2021-04-10,Active
EMP-000411,LOC-0033,Shawn Ponce,Finance,Analyst,2023-06-19,Active
EMP-000412,LOC-0024,Jason Jackson,Finance,Supervisor,2022-10-06,Active
EMP-000413,LOC-0071,Brian Jones,Production,Specialist,2022-04-17,Active
EMP-000414,LOC-0019,Alex Barr,Supply Chain,Supervisor,2020-06-21,Active
EMP-000415,LOC-0009,Mrs. Sherry Pittman,Production,Analyst,2020-10-04,Active
EMP-000416,LOC-0004,Susan Williams,Operations,Coordinator,2020-03-21,Active
EMP-000417,LOC-0049,Megan Mccoy,Supply Chain,Supervisor,2019-09-20,Active
EMP-000418,LOC-0019,Michael Henderson,Supply Chain,Engineer,2021-06-02,Active
EMP-000419,LOC-0060,Michael Reilly,Production,Technician,2025-12-04,Active
EMP-000420,LOC-0077,Andrew Kirk,IT,Engineer,2022-07-24,Active
EMP-000421,LOC-0046,Edwin Mahoney,Production,Coordinator,2023-12-01,Active
EMP-000422,LOC-0076,April West,Finance,Coordinator,2023-02-03,Active
EMP-000423,LOC-0039,Stephen Hawkins,Finance,Operator,2020-12-07,Active
EMP-000424,LOC-0012,Brian Leon,IT,Supervisor,2023-01-25,Active
EMP-000425,LOC-0093,Francisco Martin,IT,Operator,2019-10-06,Active
EMP-000426,LOC-0083,Nathan Branch,Operations,Coordinator,2019-02-19,Active
EMP-000427,LOC-0007,Jessica Payne,Supply Chain,Supervisor,2025-11-15,Active
EMP-000428,LOC-0095,Sarah Burton,Production,Engineer,2023-01-13,Active
EMP-000429,LOC-0050,Michelle Trevino,Sales,Supervisor,2024-01-14,Active
EMP-000430,LOC-0069,Colton Cox,Human Resources,Supervisor,2023-07-01,Active
EMP-000431,LOC-0068,Lisa Pope,Maintenance,Analyst,2025-11-19,Active
EMP-000432,LOC-0012,Ronald Jackson,Operations,Supervisor,2019-05-06,Active
EMP-000433,LOC-0022,Frank Foster,IT,Coordinator,2020-08-06,Active
EMP-000434,LOC-0076,Shelley Heath,Operations,Analyst,2019-05-22,Active
EMP-000435,LOC-0089,Daniel Long,Finance,Analyst,2020-05-14,Active
EMP-000436,LOC-0097,Tara Barber,Operations,Coordinator,2022-11-02,Active
EMP-000437,LOC-0089,Andrew Hawkins,Production,Operator,2020-09-07,Active
EMP-000438,LOC-0074,Paul Owens,Maintenance,Analyst,2019-10-19,Active
EMP-000439,LOC-0085,Carolyn Larsen,Operations,Specialist,2022-06-27,Active
EMP-000440,LOC-0001,Micheal Hamilton,Operations,Manager,2019-02-23,Active
EMP-000441,LOC-0025,Stephanie Hardy,Operations,Analyst,2021-08-12,Active
EMP-000442,LOC-0028,Ronnie Castillo,Human Resources,Supervisor,2021-04-19,Inactive
EMP-000443,LOC-0084,Suzanne Shepherd,Operations,Engineer,2023-11-24,Active
EMP-000444,LOC-0094,Kevin Johnson,Production,Coordinator,2023-10-20,Active
EMP-000445,LOC-0030,Andrea Norman,Finance,Engineer,2019-01-23,Active
EMP-000446,LOC-0087,Christina Howe,Maintenance,Operator,2019-06-08,Active
EMP-000447,LOC-0090,Taylor Taylor,IT,Analyst,2021-09-14,Active
EMP-000448,LOC-0022,John Johnson,Supply Chain,Technician,2025-09-27,Active
EMP-000449,LOC-0012,Kelli Fletcher,Operations,Operator,2021-10-17,Active
EMP-000450,LOC-0081,Sharon Hart,Operations,Coordinator,2023-11-10,Active
EMP-000451,LOC-0065,Christopher Smith,Sales,Specialist,2022-01-09,Active
EMP-000452,LOC-0058,Hannah Mcgrath,IT,Analyst,2025-11-15,Active
EMP-000453,LOC-0021,Michael Saunders,Operations,Specialist,2020-05-30,Active
EMP-000454,LOC-0003,Jason Downs,Operations,Manager,2025-07-27,Active
EMP-000455,LOC-0090,Tara Martin,Operations,Manager,2020-11-20,Active
EMP-000456,LOC-0003,Gina Frazier,Operations,Supervisor,2021-10-25,Active
EMP-000457,LOC-0021,Desiree Allen,Operations,Coordinator,2025-10-23,Active
EMP-000458,LOC-0015,Joshua Lewis,Operations,Manager,2019-04-26,Active
EMP-000459,LOC-0071,Jennifer Leon,Human Resources,Supervisor,2024-12-12,Active
EMP-000460,LOC-0011,Jessica Rose,Sales,Analyst,2023-10-14,Active
EMP-000461,LOC-0007,Mr. Alexander Yu,Production,Operator,2023-11-27,Active
EMP-000462,LOC-0098,Peter Robinson,Operations,Analyst,2023-05-26,Active
EMP-000463,LOC-0030,Andrea Taylor,Production,Specialist,2021-05-03,Active
EMP-000464,LOC-0084,Amanda Alexander,Operations,Engineer,2024-08-09,Active
EMP-000465,LOC-0086,William Delacruz,IT,Technician,2024-01-17,Active
EMP-000466,LOC-0036,Jason Travis,Maintenance,Analyst,2025-06-11,Active
EMP-000467,LOC-0006,Elizabeth Jordan,Maintenance,Analyst,2019-03-08,Active
EMP-000468,LOC-0015,Lee Herrera,Operations,Specialist,2019-12-26,Inactive
EMP-000469,LOC-0009,Curtis Bradshaw,Maintenance,Coordinator,2025-01-28,Active
EMP-000470,LOC-0063,Cathy Johnson,Production,Operator,2022-08-22,Inactive
EMP-000471,LOC-0044,Eric Gonzalez,Production,Coordinator,2025-01-02,Active
EMP-000472,LOC-0087,Rebecca Atkinson,IT,Specialist,2025-01-22,Active
EMP-000473,LOC-0023,Daniel Cervantes,IT,Analyst,2021-01-27,Active
EMP-000474,LOC-0025,Amy Nguyen,Production,Manager,2022-03-27,Active
EMP-000475,LOC-0036,Angelica Green,Supply Chain,Technician,2020-04-26,Active
EMP-000476,LOC-0060,Diane Brown,Supply Chain,Manager,2020-12-26,Active
EMP-000477,LOC-0054,Krystal Thompson,Maintenance,Supervisor,2021-09-22,Active
EMP-000478,LOC-0055,Karen Carter,Operations,Engineer,2019-06-17,Active
EMP-000479,LOC-0049,Rebecca Santos,Human Resources,Engineer,2023-02-22,Active
EMP-000480,LOC-0090,Chris Melendez,Sales,Specialist,2019-05-25,Active
EMP-000481,LOC-0082,Christopher Smith,IT,Engineer,2025-08-27,Active
EMP-000482,LOC-0088,Kim Woodward,Operations,Specialist,2024-12-16,Active
EMP-000483,LOC-0058,Tiffany Sanchez,Supply Chain,Supervisor,2025-01-15,Active
EMP-000484,LOC-0018,Barbara Weber MD,Production,Technician,2020-01-28,Active
EMP-000485,LOC-0021,Mark Wood,Production,Coordinator,2021-06-28,Active
EMP-000486,LOC-0092,Jacqueline Nguyen,IT,Operator,2025-03-17,Active
EMP-000487,LOC-0056,Andrew Hall,Production,Analyst,2023-12-14,Active
EMP-000488,LOC-0004,Amy Sharp,IT,Engineer,2021-11-19,Active
EMP-000489,LOC-0019,Victoria Webb,Maintenance,Coordinator,2019-02-07,Active
EMP-000490,LOC-0085,Michelle Hill,Production,Engineer,2020-10-15,Active
EMP-000491,LOC-0051,Ryan Lopez,IT,Supervisor,2022-12-30,Active
EMP-000492,LOC-0058,Kelly Rogers,IT,Engineer,2025-07-04,Active
EMP-000493,LOC-0022,Derrick Valdez,Production,Operator,2023-11-09,Active
EMP-000494,LOC-0085,Rebecca Parker,Maintenance,Specialist,2023-02-14,Active
EMP-000495,LOC-0074,Andrea Smith,Operations,Coordinator,2024-03-08,Active
EMP-000496,LOC-0002,Deborah Munoz,Production,Coordinator,2019-09-23,Active
EMP-000497,LOC-0030,Debbie Smith,Finance,Analyst,2019-04-20,Active
EMP-000498,LOC-0011,Joseph Walker,Production,Supervisor,2022-05-03,Active
EMP-000499,LOC-0032,Stacey Tanner,Operations,Operator,2025-06-06,Active
EMP-000500,LOC-0036,Kimberly Wagner,Production,Supervisor,2020-06-11,Active
EMP-000501,LOC-0023,Elizabeth Evans,Production,Supervisor,2025-09-30,Active
EMP-000502,LOC-0077,Michelle Frost,Operations,Supervisor,2021-06-19,Active
EMP-000503,LOC-0068,Joshua Lawrence,Human Resources,Technician,2021-03-05,Inactive
EMP-000504,LOC-0017,Victoria Meza,IT,Supervisor,2019-02-11,Active
EMP-000505,LOC-0026,Christina Lopez,Human Resources,Operator,2020-07-14,Active
EMP-000506,LOC-0036,Alicia Davis,Production,Supervisor,2021-03-27,Active
EMP-000507,LOC-0078,Timothy Marsh,Operations,Coordinator,2021-09-16,Active
EMP-000508,LOC-0042,Dawn Crosby,Operations,Operator,2024-10-30,Active
EMP-000509,LOC-0028,Daniel Barrett,Finance,Coordinator,2020-02-20,Active
EMP-000510,LOC-0026,Bonnie Romero,Operations,Analyst,2021-10-21,Active
EMP-000511,LOC-0037,Nancy Floyd,IT,Engineer,2019-07-04,Active
EMP-000512,LOC-0036,Isabel Evans,Maintenance,Engineer,2019-12-07,Active
EMP-000513,LOC-0016,Justin Myers,IT,Operator,2022-08-17,Inactive
EMP-000514,LOC-0098,Marc Bartlett,Human Resources,Operator,2020-10-03,Active
EMP-000515,LOC-0081,Jessica Knight,Supply Chain,Analyst,2019-04-16,Active
EMP-000516,LOC-0066,Robin Sheppard,Operations,Analyst,2021-12-08,Active
EMP-000517,LOC-0095,Hector Wong,IT,Analyst,2021-09-15,Active
EMP-000518,LOC-0042,Gary Wilson,Operations,Technician,2019-03-15,Active
EMP-000519,LOC-0009,Brandi Maldonado,Operations,Engineer,2021-01-08,Active
EMP-000520,LOC-0047,Ashley Gilbert,Operations,Manager,2022-02-05,Active
EMP-000521,LOC-0021,Krystal Clayton,Sales,Manager,2025-04-25,Active
EMP-000522,LOC-0020,Michelle Mckinney,Production,Technician,2019-03-14,Active
EMP-000523,LOC-0088,Anna Santiago,Operations,Technician,2020-08-31,Active
EMP-000524,LOC-0016,Jacob Smith,Human Resources,Manager,2024-04-13,Active
EMP-000525,LOC-0063,Paula Carter,Production,Technician,2025-06-02,Active
EMP-000526,LOC-0082,Alexandra Swanson,Supply Chain,Coordinator,2024-02-25,Active
EMP-000527,LOC-0071,Matthew Carrillo,Production,Engineer,2025-04-14,Active
EMP-000528,LOC-0032,Danielle Ward,Sales,Manager,2022-07-26,Active
EMP-000529,LOC-0097,Alyssa Murray,Human Resources,Analyst,2025-03-31,Active
EMP-000530,LOC-0031,Mrs. Danielle Carter MD,Production,Engineer,2020-11-25,Active
EMP-000531,LOC-0007,Misty Richmond,Human Resources,Manager,2022-04-27,Inactive
EMP-000532,LOC-0060,Mary Davis MD,Operations,Supervisor,2022-11-03,Active
EMP-000533,LOC-0074,Chad Garza Jr.,Sales,Analyst,2023-10-11,Active
EMP-000534,LOC-0018,Michael Roberts,Production,Manager,2025-03-23,Active
EMP-000535,LOC-0091,Tommy Barnes,Operations,Operator,2022-09-04,Active
EMP-000536,LOC-0093,Lance Becker,Supply Chain,Manager,2024-03-10,Active
EMP-000537,LOC-0004,Brianna Mueller,Supply Chain,Engineer,2019-06-05,Active
EMP-000538,LOC-0076,Christopher Smith,Operations,Coordinator,2025-04-07,Active
EMP-000539,LOC-0078,Cody Campbell,Human Resources,Specialist,2021-11-30,Active
EMP-000540,LOC-0038,Austin Smith,Finance,Specialist,2024-04-15,Active
EMP-000541,LOC-0060,Carl Gaines,Supply Chain,Operator,2019-10-04,Active
EMP-000543,LOC-0090,John Grant,Operations,Engineer,2019-04-12,Active
EMP-000544,LOC-0046,Daniel Butler,Production,Operator,2022-09-14,Active
EMP-000545,LOC-0040,Amy Frederick,Finance,Engineer,2019-05-29,Active
EMP-000546,LOC-0095,Michael Hart,Operations,Specialist,2021-01-13,Active
EMP-000547,LOC-0093,Patricia Bryant,Finance,Analyst,2021-04-10,Active
EMP-000548,LOC-0029,Tracy Jones,Operations,Coordinator,2025-02-17,Active
EMP-000549,LOC-0054,Brandi Black,IT,Supervisor,2020-09-17,Active
EMP-000550,LOC-0044,Alyssa Thomas,Production,Engineer,2023-10-26,Active
EMP-000551,LOC-0075,Wesley Thomas,Maintenance,Technician,2020-08-28,Active
EMP-000552,LOC-0075,Tyrone Ayala,Production,Operator,2025-08-29,Active
EMP-000553,LOC-0056,Gail Garner DVM,Supply Chain,Manager,2020-04-15,Active
EMP-000554,LOC-0068,Amanda Morales,Sales,Specialist,2024-08-31,Active
EMP-000555,LOC-0037,Kimberly Grant,Maintenance,Analyst,2024-01-30,Active
EMP-000556,LOC-0090,Francisco Bailey,Maintenance,Supervisor,2020-07-24,Active
EMP-000557,LOC-0019,Jonathan Thompson,Maintenance,Technician,2022-06-19,Active
EMP-000558,LOC-0059,Amy Baker,Supply Chain,Analyst,2021-06-26,Active
EMP-000559,LOC-0050,Samuel Walls,Operations,Engineer,2021-02-05,Active
EMP-000560,LOC-0015,Samuel Anderson,IT,Supervisor,2024-05-19,Active
EMP-000561,LOC-0033,Bonnie Ramirez,Operations,Coordinator,2022-08-21,Active
EMP-000562,LOC-0037,James Bender,Operations,Specialist,2022-01-22,Inactive
EMP-000563,LOC-0089,Kristine Stanley,Sales,Manager,2020-03-21,Active
EMP-000564,LOC-0056,James Carter,Operations,Manager,2020-05-19,Active
EMP-000565,LOC-0051,Matthew Hernandez,Operations,Specialist,2023-02-08,Active
EMP-000566,LOC-0087,Michael Beck,Operations,Coordinator,2025-05-13,Active
EMP-000567,LOC-0039,William Tate,Supply Chain,Operator,2024-08-24,Active
EMP-000568,LOC-0086,Christopher Smith,Sales,Engineer,2022-09-24,Active
EMP-000569,LOC-0038,Whitney Peterson,Production,Manager,2020-09-08,Active
EMP-000570,LOC-0068,Rebecca Walker,Operations,Operator,2022-11-03,Active
EMP-000571,LOC-0100,Samantha Martin,Operations,Coordinator,2025-04-06,Active
EMP-000572,LOC-0065,Melissa Hale,Production,Analyst,2021-07-18,Active
EMP-000573,LOC-0007,Ryan Carpenter,Finance,Specialist,2024-10-12,Active
EMP-000574,LOC-0087,Travis Meadows,Operations,Engineer,2022-01-26,Active
EMP-000575,LOC-0006,Nathan Wyatt,Operations,Specialist,2024-02-09,Active
EMP-000576,LOC-0065,Tyler Rodriguez,Production,Manager,2020-11-23,Active
EMP-000577,LOC-0064,Kyle Campbell,IT,Supervisor,2021-08-20,Active
EMP-000578,LOC-0073,Dustin Hernandez,Operations,Analyst,2021-05-04,Active
EMP-000579,LOC-0034,Holly Holder,Supply Chain,Engineer,2020-10-23,Active
EMP-000580,LOC-0013,Christine Everett,Production,Coordinator,2019-10-19,Active
EMP-000581,LOC-0079,Wendy Hurst,Operations,Operator,2025-09-25,Active
EMP-000582,LOC-0043,Kenneth Ramirez,Operations,Engineer,2021-09-15,Active
EMP-000583,LOC-0009,Monica Nelson,Production,Coordinator,2023-05-07,Active
EMP-000584,LOC-0047,Jeffery Garcia,Supply Chain,Engineer,2021-10-17,Active
EMP-000585,LOC-0011,Todd Graham,Operations,Analyst,2022-11-28,Active
EMP-000586,LOC-0054,Danny Russell,IT,Operator,2024-06-13,Active
EMP-000587,LOC-0071,Erika Patterson,Sales,Operator,2025-09-08,Inactive
EMP-000588,LOC-0022,Peter Dixon,IT,Engineer,2023-06-12,Active
EMP-000589,LOC-0051,Heather Johnson,IT,Coordinator,2025-10-22,Active
EMP-000590,LOC-0038,Theresa Moses,Operations,Analyst,2024-07-26,Active
EMP-000591,LOC-0072,Susan Butler,Maintenance,Manager,2020-06-19,Active
EMP-000592,LOC-0013,Colleen Erickson,IT,Engineer,2024-02-26,Active
EMP-000593,LOC-0043,Amanda Cobb,Maintenance,Supervisor,2024-05-11,Active
EMP-000594,LOC-0029,Tammy Waters,Human Resources,Specialist,2020-11-30,Active
EMP-000595,LOC-0023,Julie Dixon,Finance,Operator,2019-05-19,Active
EMP-000596,LOC-0023,Eric Phillips,Finance,Specialist,2024-12-15,Active
EMP-000597,LOC-0038,Eric Smith,Operations,Specialist,2020-07-03,Active
EMP-000598,LOC-0087,Victoria Lambert,Supply Chain,Coordinator,2019-06-29,Active
EMP-000599,LOC-0021,Tanya Brown,Operations,Coordinator,2020-12-03,Active
EMP-000600,LOC-0047,Alexandra Smith,Operations,Supervisor,2022-12-16,Active
EMP-000601,LOC-0098,Mrs. Alexandra Long,IT,Analyst,2022-04-20,Active
EMP-000602,LOC-0021,Rachel Roberts,Finance,Specialist,2024-12-27,Active
EMP-000603,LOC-0088,Judith Vega,Supply Chain,Supervisor,2023-09-08,Active
EMP-000604,LOC-0051,Mandy Lawrence,Operations,Technician,2024-12-31,Active
EMP-000605,LOC-0076,Stephanie Marsh,Human Resources,Manager,2025-11-04,Active
EMP-000606,LOC-0060,Taylor Russo,Production,Technician,2024-06-14,Active
EMP-000607,LOC-0094,Kim Bradley,Human Resources,Engineer,2022-10-19,Active
EMP-000608,LOC-0049,Matthew White,Production,Specialist,2024-03-03,Active
EMP-000609,LOC-0023,Mrs. Pamela Reed,Sales,Supervisor,2023-06-11,Active
EMP-000610,LOC-0041,Barry Kemp,Operations,Analyst,2023-06-13,Active
EMP-000611,LOC-0099,Heather Sanchez,Production,Analyst,2023-01-20,Active
EMP-000612,LOC-0013,Jennifer Snyder,Production,Operator,2022-01-01,Active
EMP-000613,LOC-0050,Zachary Bowman,Operations,Coordinator,2021-01-14,Active
EMP-000614,LOC-0003,Patricia Lee,Finance,Manager,2021-12-22,Active
EMP-000615,LOC-0020,Joel Armstrong,Supply Chain,Coordinator,2025-10-31,Inactive
EMP-000616,LOC-0025,Janet Allison,Production,Manager,2025-12-23,Active
EMP-000617,LOC-0009,Hannah Franklin,Maintenance,Analyst,2022-12-10,Active
EMP-000618,LOC-0045,Tina Franklin,Finance,Supervisor,2019-10-01,Active
EMP-000619,LOC-0022,Jesse Watkins,Operations,Coordinator,2025-12-08,Active
EMP-000620,LOC-0077,Andrea Fuller,Production,Coordinator,2025-07-18,Active
EMP-000621,LOC-0033,Sarah Reid,Sales,Technician,2022-03-29,Active
EMP-000622,LOC-0049,Mindy Morales,Human Resources,Engineer,2019-07-16,Active
EMP-000623,LOC-0079,Karen Herring,Human Resources,Specialist,2022-08-24,Active
EMP-000624,LOC-0097,Sheri Hall,Human Resources,Technician,2021-08-12,Active
EMP-000625,LOC-0026,William Warren,Supply Chain,Technician,2024-06-19,Active
EMP-000626,LOC-0046,Rita Wilkins,Operations,Analyst,2024-06-26,Active
EMP-000627,LOC-0021,Erik Alexander,Operations,Specialist,2022-12-15,Active
EMP-000628,LOC-0055,Susan Perez,Supply Chain,Engineer,2021-10-29,Active
EMP-000629,LOC-0041,Grace Allen,Maintenance,Specialist,2020-03-22,Inactive
EMP-000630,LOC-0048,John Duffy,Maintenance,Coordinator,2022-01-07,Active
EMP-000631,LOC-0057,Gary Murray,Operations,Analyst,2025-07-17,Active
EMP-000632,LOC-0015,Brandon Burns,Supply Chain,Analyst,2020-03-13,Active
EMP-000633,LOC-0036,Hunter Rogers,Operations,Specialist,2025-06-05,Active
EMP-000634,LOC-0020,Rachel Smith,Operations,Engineer,2021-05-08,Active
EMP-000635,LOC-0003,Eric Elliott,Operations,Specialist,2022-06-18,Active
EMP-000636,LOC-0047,Adam Andrews,Maintenance,Coordinator,2025-08-26,Active
EMP-000637,LOC-0062,Crystal Mcgee,Supply Chain,Operator,2019-12-21,Active
EMP-000638,LOC-0002,Christina Myers,Human Resources,Engineer,2022-07-18,Active
EMP-000639,LOC-0086,Matthew Anderson,Human Resources,Technician,2021-02-15,Active
EMP-000640,LOC-0040,Virginia Lowe,Supply Chain,Engineer,2019-08-25,Active
EMP-000641,LOC-0003,Kendra Bryant,Operations,Manager,2024-08-19,Inactive
EMP-000642,LOC-0039,Jamie Johnson,Sales,Analyst,2024-01-10,Active
EMP-000643,LOC-0041,Michelle Jordan,IT,Technician,2025-02-25,Active
EMP-000644,LOC-0087,Kim Barrett,Operations,Coordinator,2021-07-23,Active
EMP-000645,LOC-0079,Nathan Ortiz,Supply Chain,Supervisor,2021-09-14,Active
EMP-000646,LOC-0028,Rodney Bell,Operations,Manager,2022-01-15,Active
EMP-000647,LOC-0055,Mr. Richard Marsh DDS,Supply Chain,Analyst,2023-04-06,Active
EMP-000648,LOC-0064,Jeffrey Jackson,Sales,Supervisor,2019-02-09,Active
EMP-000649,LOC-0058,Julie Black,Supply Chain,Specialist,2023-03-10,Active
EMP-000650,LOC-0001,Misty Fernandez,Supply Chain,Supervisor,2020-06-16,Active
EMP-000651,LOC-0074,Carol Sanders,Sales,Coordinator,2022-06-22,Active
EMP-000653,LOC-0035,Christopher Smith,Production,Manager,2025-02-26,Active
EMP-000654,LOC-0028,Philip Martin,Operations,Supervisor,2022-11-03,Active
EMP-000655,LOC-0036,Jason Gonzalez,Maintenance,Coordinator,2022-01-29,Inactive
EMP-000656,LOC-0024,Jeremy Fox,Operations,Manager,2020-03-05,Active
EMP-000657,LOC-0098,Brian Moore,IT,Engineer,2024-04-24,Active
EMP-000658,LOC-0024,Michael Briggs,IT,Coordinator,2022-07-04,Active
EMP-000659,LOC-0056,Amber Brown,Supply Chain,Supervisor,2022-01-25,Active
EMP-000660,LOC-0045,Caroline Elliott,Maintenance,Analyst,2020-07-29,Active
EMP-000661,LOC-0008,Lori Young,Operations,Specialist,2025-06-01,Active
EMP-000662,LOC-0094,April Schneider,Production,Manager,2023-11-11,Inactive
EMP-000663,LOC-0058,Katie Rogers,Finance,Operator,2021-08-27,Active
EMP-000664,LOC-0015,Tammy Juarez,Finance,Analyst,2022-11-06,Active
EMP-000665,LOC-0030,Melissa Jennings,Finance,Operator,2020-08-05,Active
EMP-000666,LOC-0010,Donna Shaffer,Operations,Specialist,2023-09-08,Active
EMP-000667,LOC-0034,David Jackson,Production,Specialist,2023-11-18,Active
EMP-000668,LOC-0096,Connie Gomez,Production,Operator,2023-05-14,Active
EMP-000669,LOC-0010,Rachel Ruiz,Production,Specialist,2023-07-25,Active
EMP-000670,LOC-0027,Amber Parker,Supply Chain,Operator,2022-11-16,Active
EMP-000671,LOC-0093,Sarah Harris,IT,Manager,2021-07-04,Active
EMP-000672,LOC-0027,Andrea Wells,Maintenance,Manager,2020-02-13,Active
EMP-000673,LOC-0041,Alexis Haley,IT,Supervisor,2022-03-04,Active
EMP-000674,LOC-0033,Travis Rojas,Operations,Coordinator,2019-12-09,Active
EMP-000675,LOC-0044,Jordan Castro,Finance,Coordinator,2019-08-06,Active
EMP-000676,LOC-0058,Shaun Boyd,Operations,Operator,2022-11-08,Active
EMP-000677,LOC-0081,Derrick Spencer,Human Resources,Coordinator,2021-10-12,Active
EMP-000678,LOC-0064,Gregory Jackson,Supply Chain,Manager,2020-07-14,Active
EMP-000679,LOC-0038,Joann Hill,Operations,Specialist,2019-03-28,Active
EMP-000680,LOC-0002,Michael Mclaughlin,Production,Specialist,2022-03-11,Active
EMP-000681,LOC-0030,Theresa Kane,Maintenance,Specialist,2023-11-02,Active
EMP-000682,LOC-0016,Corey Cisneros,Supply Chain,Supervisor,2023-08-05,Active
EMP-000683,LOC-0023,Tammy Rowe,Production,Engineer,2021-06-04,Active
EMP-000684,LOC-0081,Misty Davis,Maintenance,Analyst,2025-04-08,Active
EMP-000685,LOC-0025,Thomas Bishop,Sales,Manager,2023-09-04,Active
EMP-000686,LOC-0098,Charles Moreno,Finance,Coordinator,2022-06-04,Active
EMP-000687,LOC-0026,Steven Kelly,Human Resources,Supervisor,2024-01-08,Active
EMP-000688,LOC-0011,Richard Mccall,Operations,Engineer,2019-07-15,Active
EMP-000689,LOC-0031,Ashley Abbott,Human Resources,Coordinator,2021-01-26,Active
EMP-000690,LOC-0042,Kathleen Johnson,IT,Technician,2023-07-15,Active
EMP-000691,LOC-0059,Jeremiah Poole,Operations,Operator,2024-11-24,Active
EMP-000692,LOC-0042,Alan Wright,Operations,Technician,2021-07-04,Active
EMP-000693,LOC-0081,Chad Miller,IT,Specialist,2023-05-31,Active
EMP-000694,LOC-0042,Elizabeth Pace,Operations,Analyst,2021-08-16,Active
EMP-000695,LOC-0013,Morgan Oliver,Operations,Coordinator,2019-02-06,Active
EMP-000696,LOC-0100,David Hunt PhD,IT,Specialist,2023-02-08,Active
EMP-000697,LOC-0077,Brandon Lee,Production,Operator,2022-09-06,Active
EMP-000698,LOC-0036,Joel Harris,Supply Chain,Coordinator,2022-02-13,Active
EMP-000699,LOC-0073,Kevin Adams,IT,Operator,2021-08-04,Active
EMP-000700,LOC-0091,Victoria Weaver,IT,Operator,2022-03-22,Active
EMP-000701,LOC-0095,Pamela Lopez,Maintenance,Operator,2019-07-26,Inactive
EMP-000702,LOC-0074,Michael Diaz,Supply Chain,Manager,2021-12-27,Active
EMP-000703,LOC-0061,Alexander Tucker,Human Resources,Supervisor,2019-08-14,Active
EMP-000704,LOC-0028,Mark Bishop,Operations,Analyst,2020-08-26,Active
EMP-000705,LOC-0078,Maria Berry,Maintenance,Engineer,2021-12-19,Active
EMP-000706,LOC-0057,Ryan Moses,Operations,Operator,2025-07-21,Active
EMP-000707,LOC-0002,Lisa Thompson,Operations,Supervisor,2024-04-17,Inactive
EMP-000708,LOC-0009,Charles Winters,Operations,Technician,2020-08-09,Active
EMP-000709,LOC-0085,Rachel Jones,Human Resources,Supervisor,2023-11-29,Active
EMP-000710,LOC-0019,Megan Spears,Production,Specialist,2025-09-06,Active
EMP-000711,LOC-0018,Regina Drake,Maintenance,Engineer,2021-01-11,Inactive
EMP-000712,LOC-0064,Joy Erickson,Supply Chain,Operator,2024-03-04,Inactive
EMP-000714,LOC-0033,John Pratt,Operations,Manager,2023-03-21,Inactive
EMP-000715,LOC-0028,Tony Dunlap,Supply Chain,Engineer,2024-06-28,Active
EMP-000716,LOC-0098,Matthew Ramirez,IT,Coordinator,2024-09-19,Active
EMP-000717,LOC-0017,David Weaver,Production,Engineer,2024-08-19,Active
EMP-000718,LOC-0014,Michael Oliver,Human Resources,Engineer,2023-10-06,Inactive
EMP-000719,LOC-0040,Colleen Jacobs,Supply Chain,Analyst,2022-06-01,Active
EMP-000720,LOC-0061,Angela Chen,Supply Chain,Operator,2021-08-18,Active
EMP-000721,LOC-0089,Stephanie Hansen,Maintenance,Supervisor,2023-10-27,Active
EMP-000722,LOC-0035,Angela Adkins,Finance,Coordinator,2024-01-03,Active
EMP-000723,LOC-0067,Roberta Ortiz,Supply Chain,Analyst,2025-07-20,Active
EMP-000724,LOC-0018,Steven Mclaughlin,Operations,Analyst,2023-12-10,Active
EMP-000725,LOC-0045,Ethan Jones,Supply Chain,Coordinator,2020-07-31,Active
EMP-000726,LOC-0002,Linda Carney,IT,Supervisor,2021-06-10,Active
EMP-000727,LOC-0078,Melissa Carson,Production,Technician,2023-06-29,Active
EMP-000728,LOC-0090,William Herman,Operations,Coordinator,2019-03-06,Active
EMP-000729,LOC-0068,Lori Taylor DDS,Supply Chain,Technician,2024-09-11,Active
EMP-000730,LOC-0009,Cynthia Jones,Maintenance,Coordinator,2020-10-31,Active
EMP-000731,LOC-0061,Tasha Thomas,Sales,Technician,2019-01-16,Active
EMP-000732,LOC-0099,Denise Lawson,Operations,Specialist,2019-07-09,Active
EMP-000733,LOC-0040,Raymond Jimenez,Supply Chain,Supervisor,2021-12-16,Active
EMP-000734,LOC-0068,Mackenzie Pacheco,Production,Operator,2020-10-28,Active
EMP-000735,LOC-0029,Edward Barnes,Operations,Specialist,2022-03-01,Active
EMP-000736,LOC-0099,Thomas Miller,Operations,Engineer,2019-03-21,Active
EMP-000737,LOC-0018,Michael Stevens,Maintenance,Supervisor,2021-06-18,Active
EMP-000738,LOC-0047,Rachael Castro,Operations,Manager,2022-04-24,Active
EMP-000739,LOC-0080,Cindy Moss,Operations,Specialist,2021-08-10,Active
EMP-000740,LOC-0079,Glenn Carter,Production,Operator,2021-05-16,Active
EMP-000741,LOC-0086,Shelly Blair,Production,Operator,2022-05-26,Active
EMP-000742,LOC-0080,William Thompson,Operations,Operator,2022-06-22,Active
EMP-000743,LOC-0089,Lindsey Lopez,Operations,Supervisor,2025-10-28,Active
EMP-000744,LOC-0045,Christopher Wells,Operations,Operator,2025-02-03,Active
EMP-000745,LOC-0083,Thomas Davis,Operations,Analyst,2024-01-07,Active
EMP-000746,LOC-0082,Brittany Johnson,Operations,Operator,2022-03-25,Active
EMP-000747,LOC-0095,Jack Mejia,Sales,Technician,2019-08-19,Active
EMP-000748,LOC-0042,Andrea Wilson,Maintenance,Manager,2023-01-29,Active
EMP-000749,LOC-0098,Melissa Fox,Sales,Engineer,2022-08-12,Active
EMP-000750,LOC-0077,Erica Wright,Finance,Supervisor,2019-06-03,Active
EMP-000751,LOC-0025,Jesse Johnson,Supply Chain,Coordinator,2023-03-26,Active
EMP-000752,LOC-0011,Christopher Medina,Sales,Technician,2025-12-11,Active
EMP-000753,LOC-0049,Pamela Cordova,Operations,Specialist,2020-11-18,Active
EMP-000754,LOC-0056,Mallory Johnson,Supply Chain,Operator,2024-03-09,Active
EMP-000755,LOC-0010,Todd Gray,Finance,Manager,2019-04-19,Active
EMP-000756,LOC-0050,Daisy Nguyen,Operations,Technician,2023-11-25,Active
EMP-000757,LOC-0037,Michael Warren,Operations,Coordinator,2023-04-19,Active
EMP-000758,LOC-0009,Kylie Sosa,IT,Analyst,2021-04-18,Active
EMP-000759,LOC-0093,Bryan White,Sales,Engineer,2019-06-15,Active
EMP-000760,LOC-0016,Fred Johnson,IT,Operator,2022-04-25,Active
EMP-000761,LOC-0008,Craig Bowers,Operations,Supervisor,2019-02-21,Active
EMP-000762,LOC-0095,Anna Lawson,Production,Operator,2023-07-17,Active
EMP-000763,LOC-0035,Andrea Johnson,Supply Chain,Supervisor,2020-06-16,Active
EMP-000764,LOC-0098,Stephanie Christian,Production,Manager,2023-09-06,Active
EMP-000765,LOC-0054,Jose Gilbert,Operations,Manager,2019-07-29,Active
EMP-000766,LOC-0014,Donna Murphy,Supply Chain,Supervisor,2019-06-01,Active
EMP-000767,LOC-0067,Melissa Dominguez,Operations,Manager,2020-08-12,Active
EMP-000768,LOC-0053,Angel Mills,Production,Coordinator,2019-11-01,Active
EMP-000769,LOC-0074,Tonya Wilson,Finance,Technician,2020-03-11,Active
EMP-000770,LOC-0047,Allen Turner,IT,Coordinator,2022-11-03,Active
EMP-000771,LOC-0066,Cynthia Torres,Maintenance,Operator,2022-11-27,Active
EMP-000772,LOC-0016,Jacob Gonzalez,IT,Engineer,2021-09-13,Active
EMP-000773,LOC-0072,Linda Roberts,Maintenance,Analyst,2019-11-21,Active
EMP-000774,LOC-0062,Donna Hudson,Maintenance,Manager,2019-10-06,Active
EMP-000775,LOC-0028,Jeff Hill,Production,Coordinator,2024-09-04,Active
EMP-000776,LOC-0079,Abigail Thomas,Human Resources,Coordinator,2020-02-15,Active
EMP-000777,LOC-0084,Angela Henderson,Operations,Technician,2021-06-09,Active
EMP-000778,LOC-0076,Charles Kaufman,Sales,Technician,2022-03-18,Active
EMP-000779,LOC-0073,Brian Walsh,Operations,Engineer,2021-03-10,Active
EMP-000780,LOC-0061,Daniel Martinez,Operations,Operator,2025-12-22,Active
EMP-000781,LOC-0005,Mark Herrera,Production,Analyst,2023-03-15,Active
EMP-000782,LOC-0058,Christopher Suarez,Production,Supervisor,2021-02-24,Active
EMP-000783,LOC-0017,Sheila Wise,Human Resources,Supervisor,2020-07-04,Active
EMP-000784,LOC-0040,Anthony Smith,Production,Coordinator,2022-07-18,Active
EMP-000785,LOC-0053,Karen Wright,Operations,Engineer,2022-03-18,Active
EMP-000787,LOC-0015,Michael Flynn,Production,Operator,2024-06-12,Active
EMP-000788,LOC-0003,Isabel Wilcox,Maintenance,Operator,2022-08-07,Active
EMP-000789,LOC-0060,John Taylor,Production,Manager,2021-09-12,Active
EMP-000790,LOC-0020,Lindsey Williams,Operations,Coordinator,2022-05-06,Active
EMP-000791,LOC-0095,Jonathan Mccullough,Operations,Analyst,2019-10-04,Active
EMP-000792,LOC-0071,Amber Clayton,IT,Specialist,2025-11-06,Inactive
EMP-000793,LOC-0062,Natalie Webb,IT,Coordinator,2022-09-29,Active
EMP-000794,LOC-0070,Andrea Phillips,Maintenance,Engineer,2020-11-09,Active
EMP-000795,LOC-0028,Mr. Jason Smith PhD,Operations,Specialist,2025-12-17,Active
EMP-000796,LOC-0085,Tanya Holt,Production,Supervisor,2021-12-24,Active
EMP-000797,LOC-0048,Mary Joyce,Human Resources,Analyst,2025-12-29,Active
EMP-000798,LOC-0095,Scott Graham,Operations,Engineer,2024-08-21,Active
EMP-000799,LOC-0060,Robert Shaw,Human Resources,Coordinator,2022-01-20,Inactive
EMP-000800,LOC-0042,David Hurley,Supply Chain,Coordinator,2021-08-28,Active
EMP-000801,LOC-0037,Patricia May,Sales,Operator,2019-10-19,Active
EMP-000802,LOC-0046,Mr. Brian Freeman,Operations,Engineer,2020-03-03,Active
EMP-000803,LOC-0010,Michael Holland,Sales,Engineer,2023-04-08,Active
EMP-000804,LOC-0033,Mackenzie Mathews,Maintenance,Manager,2024-10-29,Active
EMP-000805,LOC-0025,Shannon Hill,Operations,Specialist,2020-09-06,Active
EMP-000806,LOC-0041,Kristina Washington,Operations,Coordinator,2025-08-08,Active
EMP-000807,LOC-0053,Trevor Reyes,Production,Analyst,2019-02-19,Active
EMP-000808,LOC-0032,Tyler Ramirez,Sales,Analyst,2021-03-23,Active
EMP-000809,LOC-0089,Pamela Smith,Operations,Coordinator,2025-10-30,Active
EMP-000810,LOC-0045,Ashley Clark,Operations,Engineer,2022-11-04,Active
EMP-000811,LOC-0089,Melissa Khan,Operations,Engineer,2019-03-01,Active
EMP-000812,LOC-0055,Daniel Stokes,Supply Chain,Supervisor,2025-05-20,Active
EMP-000813,LOC-0087,Larry Long,IT,Technician,2019-03-21,Active
EMP-000814,LOC-0070,Tina Kaufman,IT,Specialist,2020-02-25,Active
EMP-000815,LOC-0079,Olivia Cameron,Maintenance,Manager,2025-11-01,Inactive
EMP-000816,LOC-0039,Kent Rich,Finance,Engineer,2020-10-15,Inactive
EMP-000817,LOC-0079,Michael Fischer,Human Resources,Coordinator,2023-11-19,Active
EMP-000818,LOC-0026,Candice Lutz,IT,Technician,2021-10-23,Active
EMP-000819,LOC-0079,Tracy Mitchell,Human Resources,Manager,2022-06-14,Active
EMP-000820,LOC-0045,Ivan Thompson,Sales,Specialist,2024-05-31,Active
EMP-000821,LOC-0059,Laura Castro,Human Resources,Operator,2020-07-11,Active
EMP-000822,LOC-0093,Adam Scott,Production,Coordinator,2022-05-17,Active
EMP-000823,LOC-0046,Jessica Copeland,Maintenance,Technician,2019-02-27,Active
EMP-000824,LOC-0082,Donna Smith,Human Resources,Coordinator,2024-01-20,Active
EMP-000825,LOC-0045,Emily Anderson,Human Resources,Coordinator,2023-06-03,Active
EMP-000826,LOC-0068,Michael Li,Maintenance,Coordinator,2025-08-01,Active
EMP-000827,LOC-0062,Mary Smith,Finance,Operator,2025-08-23,Active
EMP-000828,LOC-0072,Monica Holden,Finance,Analyst,2019-08-20,Active
EMP-000829,LOC-0097,Joshua Hansen,Maintenance,Operator,2023-05-09,Active
EMP-000830,LOC-0018,Gabriella Allen,Human Resources,Supervisor,2024-10-14,Active
EMP-000831,LOC-0028,Linda Guerrero,Operations,Engineer,2019-05-19,Active
EMP-000832,LOC-0030,Andrew Martinez,Operations,Technician,2024-08-31,Active
EMP-000833,LOC-0082,Veronica Sanchez,Maintenance,Manager,2025-05-17,Active
EMP-000834,LOC-0084,John Stewart,IT,Coordinator,2020-10-24,Active
EMP-000835,LOC-0022,Andrew Obrien,Maintenance,Analyst,2021-05-27,Active
EMP-000836,LOC-0046,Richard Armstrong,Supply Chain,Analyst,2020-11-04,Active
EMP-000837,LOC-0007,Ryan Garcia,Finance,Analyst,2020-08-02,Active
EMP-000838,LOC-0033,Barbara Jones,IT,Analyst,2025-01-10,Inactive
EMP-000839,LOC-0075,James Reyes,Supply Chain,Operator,2022-02-14,Active
EMP-000840,LOC-0008,Christopher Hutchinson,Production,Engineer,2021-09-25,Active
EMP-000841,LOC-0043,Luis Sutton,IT,Specialist,2021-08-27,Inactive
EMP-000842,LOC-0038,Daniel Kim,Sales,Supervisor,2024-04-02,Active
EMP-000843,LOC-0048,Crystal Armstrong,Operations,Manager,2020-01-05,Active
EMP-000844,LOC-0088,Sara Lawrence,IT,Analyst,2023-08-28,Active
EMP-000845,LOC-0061,Carol Cuevas,IT,Specialist,2024-08-25,Active
EMP-000846,LOC-0028,Ryan Thomas,IT,Analyst,2023-05-30,Active
EMP-000847,LOC-0039,John Harris,Supply Chain,Supervisor,2019-07-31,Active
EMP-000848,LOC-0014,Kaitlyn Rose,Production,Manager,2021-02-22,Active
EMP-000849,LOC-0079,John Gray,Production,Manager,2021-12-31,Active
EMP-000850,LOC-0093,Billy Carrillo,Production,Coordinator,2020-08-29,Active
EMP-000851,LOC-0070,Steven Donovan,Supply Chain,Specialist,2025-11-07,Active
EMP-000852,LOC-0023,Victor Ruiz,Operations,Specialist,2020-10-09,Active
EMP-000853,LOC-0066,Dawn Reynolds,Supply Chain,Technician,2019-03-16,Active
EMP-000854,LOC-0009,Cody Garcia,Production,Supervisor,2024-01-30,Active
EMP-000855,LOC-0076,Nicole Evans DVM,Operations,Specialist,2021-07-09,Active
EMP-000856,LOC-0062,Victor Hernandez,IT,Analyst,2022-02-12,Active
EMP-000857,LOC-0002,Joseph Haney,IT,Technician,2023-03-01,Active
EMP-000858,LOC-0088,Belinda Crane,Operations,Specialist,2025-09-18,Active
EMP-000859,LOC-0023,Julie Fitzpatrick,Sales,Analyst,2022-04-05,Active
EMP-000860,LOC-0011,Jackson Lynn,Maintenance,Operator,2024-08-21,Active
EMP-000861,LOC-0072,Christopher Smith,Operations,Engineer,2019-12-28,Inactive
EMP-000862,LOC-0029,Brian Murray,Operations,Specialist,2022-01-21,Active
EMP-000863,LOC-0037,Crystal Donaldson,Operations,Technician,2023-03-31,Active
EMP-000864,LOC-0067,Zachary Smith,Finance,Operator,2025-12-19,Active
EMP-000865,LOC-0071,Johnathan Archer,Finance,Manager,2023-09-02,Active
EMP-000866,LOC-0001,Brittany Mueller,Human Resources,Engineer,2019-04-06,Active
EMP-000867,LOC-0017,Susan Juarez,Operations,Technician,2020-05-16,Active
EMP-000868,LOC-0046,Jerry Tran,Operations,Specialist,2024-05-03,Active
EMP-000870,LOC-0045,Rebecca Foster,IT,Coordinator,2023-02-23,Active
EMP-000871,LOC-0021,Dennis Kelly,Supply Chain,Technician,2022-09-13,Active
EMP-000872,LOC-0024,Lisa Collins,Operations,Manager,2024-07-04,Active
EMP-000873,LOC-0088,Joshua Dunn,Maintenance,Technician,2020-01-23,Active
EMP-000874,LOC-0001,Heather Brown,Operations,Engineer,2023-11-01,Active
EMP-000875,LOC-0060,David Martinez,Finance,Operator,2025-04-25,Active
EMP-000876,LOC-0084,Elijah Anderson,Operations,Coordinator,2025-05-30,Active
EMP-000877,LOC-0044,Brittany Johnson,Supply Chain,Specialist,2023-09-10,Inactive
EMP-000878,LOC-0080,Alexander Huerta,Operations,Engineer,2022-05-18,Active
EMP-000879,LOC-0075,Franklin Howell,Production,Supervisor,2019-02-09,Active
EMP-000880,LOC-0038,Alfred Taylor,Finance,Coordinator,2023-07-14,Active
EMP-000881,LOC-0097,Brandon Leonard,Operations,Engineer,2020-06-16,Active
EMP-000882,LOC-0078,David Gregory,Finance,Supervisor,2023-04-04,Active
EMP-000883,LOC-0032,Lauren Barry,Production,Operator,2020-09-23,Active
EMP-000884,LOC-0060,Brandon Booker,Human Resources,Supervisor,2024-04-10,Active
EMP-000885,LOC-0090,Katrina Davis,Sales,Coordinator,2022-08-28,Active
EMP-000886,LOC-0079,Peggy Garcia,IT,Operator,2019-05-25,Active
EMP-000887,LOC-0095,Christopher Huang,Production,Supervisor,2023-09-15,Active
EMP-000888,LOC-0092,Samantha Butler,Human Resources,Engineer,2020-12-29,Active
EMP-000889,LOC-0091,John Mills,Operations,Analyst,2021-06-20,Active
EMP-000890,LOC-0094,Katherine Lawrence,Maintenance,Technician,2020-06-18,Active
EMP-000891,LOC-0031,Craig Velasquez,Supply Chain,Manager,2025-04-18,Inactive
EMP-000892,LOC-0092,Donna Franco,Maintenance,Analyst,2022-06-07,Active
EMP-000893,LOC-0034,Brian Carey,Supply Chain,Technician,2019-09-10,Active
EMP-000894,LOC-0008,Jonathon Jones,Finance,Operator,2022-01-01,Active
EMP-000895,LOC-0043,Felicia Christian,IT,Analyst,2021-11-16,Active
EMP-000896,LOC-0059,Vernon Alvarado,Production,Supervisor,2019-04-19,Active
EMP-000897,LOC-0017,Valerie Johnson,Operations,Manager,2021-04-15,Active
EMP-000899,LOC-0034,Jared Walker,Supply Chain,Operator,2020-09-16,Active
EMP-000900,LOC-0051,Mary Henderson,Operations,Coordinator,2020-06-11,Active
EMP-000901,LOC-0059,Brian Clarke,IT,Supervisor,2019-07-31,Active
EMP-000902,LOC-0001,Angela Escobar,Supply Chain,Operator,2021-06-28,Active
EMP-000903,LOC-0046,Melinda Steele,Operations,Supervisor,2024-07-15,Active
EMP-000904,LOC-0034,Victoria Mills,Operations,Analyst,2020-10-10,Active
EMP-000905,LOC-0036,Lisa Cruz,Sales,Technician,2021-12-15,Active
EMP-000906,LOC-0089,Eric Serrano,Production,Operator,2020-04-06,Active
EMP-000907,LOC-0062,Michael Garcia,Production,Engineer,2024-03-26,Active
EMP-000908,LOC-0010,Cody Owens,Operations,Operator,2020-01-09,Active
EMP-000909,LOC-0079,Cody Williams,Operations,Analyst,2021-09-23,Active
EMP-000910,LOC-0038,James Clark,Production,Manager,2023-06-07,Active
EMP-000911,LOC-0074,Mary Roberts,Production,Coordinator,2024-10-02,Inactive
EMP-000912,LOC-0035,Jenna Ramirez,IT,Technician,2019-02-18,Active
EMP-000913,LOC-0064,Alicia Jimenez,Production,Supervisor,2025-07-09,Active
EMP-000914,LOC-0099,Dr. Dawn Lynch,Operations,Supervisor,2022-08-17,Active
EMP-000915,LOC-0035,Briana Martinez,Maintenance,Engineer,2022-11-14,Active
EMP-000916,LOC-0024,David Mccarty,Maintenance,Manager,2021-09-23,Active
EMP-000917,LOC-0075,Philip Lee,Finance,Supervisor,2022-06-30,Active
EMP-000918,LOC-0020,Benjamin Pena,Production,Technician,2023-09-22,Inactive
EMP-000919,LOC-0093,Tammy Daugherty,Operations,Analyst,2022-01-08,Active
EMP-000920,LOC-0014,Michael Rojas,Production,Manager,2024-02-21,Active
EMP-000921,LOC-0027,Cristina Simpson,Production,Technician,2019-07-10,Active
EMP-000922,LOC-0018,Jennifer Lynch,Operations,Engineer,2022-08-03,Active
EMP-000923,LOC-0022,Dwayne Walsh,Production,Manager,2023-11-12,Active
EMP-000924,LOC-0083,Shawn Lopez,Production,Operator,2022-05-08,Inactive
EMP-000925,LOC-0062,Jacob Cervantes,Finance,Coordinator,2022-04-07,Active
EMP-000926,LOC-0096,Jeffrey Garrison,Operations,Manager,2019-02-12,Active
EMP-000927,LOC-0099,Shannon Rivera,Production,Coordinator,2019-12-01,Active
EMP-000928,LOC-0002,Amanda Scott,Finance,Manager,2022-12-28,Active
EMP-000929,LOC-0047,Maria Mcfarland,Production,Engineer,2020-02-09,Active
EMP-000930,LOC-0059,Matthew Lopez,IT,Manager,2024-06-23,Active
EMP-000931,LOC-0053,Kristi Gomez,Operations,Specialist,2023-07-05,Active
EMP-000932,LOC-0025,Anthony Caldwell,Finance,Coordinator,2025-01-04,Active
EMP-000933,LOC-0085,Angelica Higgins,Maintenance,Coordinator,2022-11-05,Active
EMP-000934,LOC-0008,Kenneth Mack,Finance,Manager,2025-04-07,Active
EMP-000935,LOC-0035,Ruth Bailey,Supply Chain,Coordinator,2022-11-09,Active
EMP-000936,LOC-0039,John Atkinson,Human Resources,Analyst,2024-10-03,Active
EMP-000937,LOC-0012,Mr. Roberto Clements,Operations,Supervisor,2020-03-27,Active
EMP-000938,LOC-0065,Ruben Perkins,Production,Engineer,2020-12-15,Active
EMP-000939,LOC-0082,Troy Mitchell,IT,Supervisor,2019-11-26,Active
EMP-000940,LOC-0029,Sean Silva,Production,Manager,2022-11-05,Active
EMP-000941,LOC-0070,Brian Campbell,Production,Specialist,2022-02-04,Active
EMP-000942,LOC-0068,Peter Garrison,Operations,Operator,2022-02-23,Active
EMP-000943,LOC-0091,Jennifer Ayers,Operations,Coordinator,2024-08-04,Active
EMP-000944,LOC-0011,Eric Richard,Operations,Supervisor,2019-09-05,Active
EMP-000945,LOC-0078,Brandon Jimenez,Supply Chain,Specialist,2024-09-13,Inactive
EMP-000946,LOC-0010,Ashley Blake,Supply Chain,Analyst,2025-11-03,Active
EMP-000947,LOC-0032,Taylor Griffin,Supply Chain,Operator,2023-04-08,Active
EMP-000948,LOC-0033,Carrie Johnson,Supply Chain,Engineer,2025-09-08,Active
EMP-000949,LOC-0017,Danielle Buchanan,IT,Engineer,2023-03-17,Active
EMP-000950,LOC-0089,Dawn Palmer,Operations,Operator,2023-03-18,Active
EMP-000951,LOC-0092,Kelsey Gomez,Production,Specialist,2023-09-21,Active
EMP-000952,LOC-0074,Mr. Jesse Lopez,Supply Chain,Technician,2023-11-14,Inactive
EMP-000953,LOC-0034,Andrea Smith,Supply Chain,Coordinator,2021-07-30,Active
EMP-000954,LOC-0001,Andrea Shaffer,Operations,Coordinator,2023-12-27,Active
EMP-000955,LOC-0059,Christopher Mcdonald,IT,Technician,2021-05-25,Active
EMP-000956,LOC-0078,Grant Holt,Operations,Specialist,2022-03-04,Active
EMP-000957,LOC-0062,Samantha Merritt,Production,Manager,2019-04-02,Active
EMP-000958,LOC-0017,Lisa Floyd,Sales,Supervisor,2021-04-07,Active
EMP-000959,LOC-0047,Timothy Ramos,Production,Coordinator,2025-07-08,Active
EMP-000960,LOC-0018,Chelsea Dalton,Operations,Engineer,2025-01-04,Active
EMP-000961,LOC-0081,Dawn Torres,Operations,Technician,2025-10-28,Active
EMP-000962,LOC-0008,Erik Perez,Supply Chain,Operator,2023-02-08,Active
EMP-000963,LOC-0048,Victoria Roach,IT,Specialist,2021-11-06,Inactive
EMP-000964,LOC-0070,Christina Garrett,Finance,Manager,2021-09-28,Active
EMP-000965,LOC-0094,David Lowery,IT,Supervisor,2024-02-04,Inactive
EMP-000966,LOC-0030,James Simmons,Sales,Manager,2019-12-20,Active
EMP-000967,LOC-0035,Dylan Fields,Operations,Engineer,2024-03-11,Active
EMP-000968,LOC-0064,Crystal Perez,Production,Supervisor,2021-04-05,Active
EMP-000969,LOC-0038,Jason Heath,Sales,Engineer,2023-07-09,Active
EMP-000970,LOC-0051,Jennifer Smith,Production,Supervisor,2020-04-30,Active
EMP-000971,LOC-0035,William Callahan,Operations,Manager,2020-08-15,Active
EMP-000972,LOC-0029,Anthony Dawson,Sales,Manager,2021-04-06,Active
EMP-000973,LOC-0063,Scott Gonzalez,Human Resources,Engineer,2022-02-21,Inactive
EMP-000974,LOC-0079,Sarah Alexander,IT,Specialist,2025-02-23,Active
EMP-000975,LOC-0051,Heather Garcia,Finance,Manager,2019-01-25,Active
EMP-000976,LOC-0050,Daisy Villanueva,Production,Operator,2024-07-16,Active
EMP-000977,LOC-0071,Laura Kim,Maintenance,Operator,2024-07-07,Active
EMP-000978,LOC-0077,Michelle Coleman,Finance,Technician,2021-08-05,Active
EMP-000979,LOC-0029,Allison Bowman,Supply Chain,Specialist,2025-05-19,Active
EMP-000980,LOC-0047,William Graham,Sales,Operator,2022-08-22,Active
EMP-000981,LOC-0044,Mrs. Amanda Martinez,Operations,Analyst,2019-07-19,Active
EMP-000982,LOC-0044,Christopher Edwards,Supply Chain,Analyst,2021-09-22,Active
EMP-000984,LOC-0044,Rachel Torres,Operations,Operator,2022-01-21,Active
EMP-000985,LOC-0013,Rose Williams,Production,Manager,2019-07-08,Active
EMP-000986,LOC-0008,Teresa Young,Operations,Specialist,2025-03-16,Active
EMP-000987,LOC-0006,Theresa Hall,Operations,Supervisor,2023-11-19,Active
EMP-000989,LOC-0089,Gerald Joseph,Operations,Operator,2020-01-03,Active
EMP-000990,LOC-0009,Christopher Tucker,Sales,Engineer,2020-09-24,Active
EMP-000991,LOC-0048,Michael Brown,Maintenance,Engineer,2021-06-21,Inactive
EMP-000992,LOC-0099,Monica Watson,Finance,Coordinator,2024-12-03,Inactive
EMP-000993,LOC-0027,Veronica Holt,Maintenance,Supervisor,2022-02-16,Active
EMP-000994,LOC-0050,Vincent Martinez,Operations,Specialist,2024-03-07,Active
EMP-000995,LOC-0061,Emma Carter DDS,Maintenance,Engineer,2020-02-13,Active
EMP-000996,LOC-0016,Christina Mcdaniel,Supply Chain,Operator,2025-02-14,Active
EMP-000997,LOC-0081,Michael Yang,Sales,Specialist,2019-10-18,Active
EMP-000998,LOC-0046,Caroline Barnes,Supply Chain,Engineer,2023-11-14,Active
EMP-000999,LOC-0018,Clarence Mitchell,Operations,Supervisor,2019-09-17,Active
EMP-001000,LOC-0004,Christopher Smith,Maintenance,Specialist,2023-08-09,Active
EMP-001001,LOC-0028,Kimberly Boyd,IT,Analyst,2025-03-17,Active
EMP-001002,LOC-0031,Michael Cook,Production,Coordinator,2022-06-30,Active
EMP-001003,LOC-0088,John Miller,Sales,Coordinator,2019-12-07,Active
EMP-001004,LOC-0092,Kristen Baker,Supply Chain,Specialist,2021-05-12,Active
EMP-001005,LOC-0021,Bridget Wilson,Operations,Operator,2020-08-22,Active
EMP-001006,LOC-0041,Andrew Conner,Maintenance,Manager,2025-09-18,Active
EMP-001007,LOC-0041,Angela Sanchez,Human Resources,Analyst,2019-09-26,Active
EMP-001008,LOC-0088,Vincent Hernandez,Maintenance,Engineer,2020-08-04,Active
EMP-001009,LOC-0059,Alexis Ellis,Production,Analyst,2025-01-06,Active
EMP-001010,LOC-0028,Thomas Evans,Operations,Supervisor,2021-09-30,Active
EMP-001011,LOC-0045,Jasmin Edwards,Maintenance,Coordinator,2021-05-31,Active
EMP-001012,LOC-0071,Steven White,Supply Chain,Supervisor,2025-12-04,Active
EMP-001013,LOC-0075,Kristy Mitchell,Production,Technician,2025-07-26,Active
EMP-001014,LOC-0046,Daniel Jordan,Supply Chain,Supervisor,2022-01-01,Active
EMP-001015,LOC-0096,Michael Watts,Finance,Technician,2021-11-11,Active
EMP-001016,LOC-0019,Kristina Nguyen,Human Resources,Technician,2023-06-08,Active
EMP-001017,LOC-0016,Kelsey Bauer,Finance,Technician,2021-07-19,Active
EMP-001018,LOC-0055,Christine Maddox,Production,Engineer,2024-12-05,Active
EMP-001019,LOC-0006,David Walls,Supply Chain,Supervisor,2025-02-03,Active
EMP-001020,LOC-0036,Martin Patel,Operations,Supervisor,2020-01-24,Active
EMP-001021,LOC-0070,Sara Lopez,Human Resources,Supervisor,2019-06-14,Active
EMP-001022,LOC-0082,Kimberly Johnson,Finance,Technician,2019-05-24,Active
EMP-001023,LOC-0011,Angela Mullins,Finance,Technician,2019-09-23,Active
EMP-001024,LOC-0050,Robert Singleton,Maintenance,Engineer,2019-12-22,Active
EMP-001025,LOC-0047,Jeremy Andersen,Maintenance,Analyst,2019-07-21,Active
EMP-001026,LOC-0049,Gregory Klein,Production,Specialist,2025-05-28,Active
EMP-001027,LOC-0094,Matthew Perez,Operations,Analyst,2020-04-01,Active
EMP-001028,LOC-0004,Brian Day,Production,Manager,2024-12-30,Active
EMP-001029,LOC-0061,Dwayne French,Sales,Analyst,2024-12-09,Inactive
EMP-001030,LOC-0059,Richard Johnson,Operations,Coordinator,2021-10-16,Active
EMP-001031,LOC-0043,Robert Winters,Supply Chain,Operator,2021-04-04,Active
EMP-001032,LOC-0070,Emily Ortega,Operations,Specialist,2024-06-14,Active
EMP-001033,LOC-0085,Christina Choi,Operations,Manager,2025-04-09,Active
EMP-001034,LOC-0051,Elizabeth Hobbs,Maintenance,Coordinator,2020-05-08,Active
EMP-001035,LOC-0062,Benjamin Dominguez,Production,Engineer,2023-09-07,Active
EMP-001036,LOC-0049,Anna Hernandez,Maintenance,Analyst,2021-05-31,Active
EMP-001037,LOC-0035,Glenda Robles,Maintenance,Technician,2025-06-21,Active
EMP-001038,LOC-0039,Brenda Chandler,Finance,Analyst,2024-03-14,Active
EMP-001039,LOC-0018,Zachary Espinoza,Operations,Technician,2021-01-13,Active
EMP-001040,LOC-0024,Mark Taylor,Sales,Analyst,2020-12-05,Active
EMP-001041,LOC-0033,Brenda Scott,Operations,Manager,2025-07-10,Active
EMP-001042,LOC-0086,Patrick Oliver,Production,Technician,2020-08-23,Inactive
EMP-001043,LOC-0031,Doris Dunn,Sales,Coordinator,2023-01-23,Active
EMP-001044,LOC-0084,John Parker,Operations,Operator,2024-11-02,Active
EMP-001045,LOC-0012,Kimberly Mckay,IT,Coordinator,2025-08-11,Active
EMP-001046,LOC-0051,Robert Lawrence,Production,Coordinator,2022-05-31,Active
EMP-001047,LOC-0013,Veronica Conrad,IT,Technician,2022-09-22,Active
EMP-001048,LOC-0089,Marcus Brewer,Production,Specialist,2020-03-26,Active
EMP-001049,LOC-0064,Tamara Brady,Supply Chain,Supervisor,2019-06-08,Active
EMP-001050,LOC-0076,Michaela Anderson,Finance,Manager,2019-11-13,Active
EMP-001051,LOC-0010,Kendra Fitzgerald,Finance,Operator,2022-12-20,Active
EMP-001052,LOC-0088,Philip Parrish,Operations,Supervisor,2020-05-27,Active
EMP-001053,LOC-0066,Carla Lawrence,Operations,Specialist,2024-05-04,Active
EMP-001054,LOC-0035,Anthony Adams,Sales,Manager,2021-06-09,Inactive
EMP-001055,LOC-0046,Jacob Gray,Maintenance,Analyst,2024-05-19,Active
EMP-001056,LOC-0017,Dr. Lisa Rhodes,Production,Manager,2021-10-12,Active
EMP-001057,LOC-0057,Shelley Simmons,Operations,Analyst,2022-02-16,Inactive
EMP-001058,LOC-0023,Deborah Young,Operations,Supervisor,2021-07-04,Active
EMP-001059,LOC-0087,Jane Stanley,IT,Coordinator,2020-05-05,Active
EMP-001060,LOC-0080,Bethany Vega,Finance,Engineer,2021-10-14,Inactive
EMP-001061,LOC-0069,Sarah Gonzalez,Maintenance,Operator,2020-03-20,Active
EMP-001062,LOC-0035,Thomas Martinez,Supply Chain,Analyst,2025-02-13,Active
EMP-001063,LOC-0006,Andrew Lee,Operations,Analyst,2022-09-27,Active
EMP-001064,LOC-0095,Brittany Francis,Finance,Manager,2021-09-26,Active
EMP-001065,LOC-0033,Lori Mcfarland,Human Resources,Manager,2020-01-03,Active
EMP-001066,LOC-0100,Madeline Meyers,Supply Chain,Technician,2025-10-18,Active
EMP-001067,LOC-0075,Steven Harding,Finance,Analyst,2019-05-23,Active
EMP-001068,LOC-0068,Anthony Cervantes,Maintenance,Engineer,2025-04-30,Active
EMP-001069,LOC-0041,Randall Miranda MD,Operations,Analyst,2024-05-08,Inactive
EMP-001070,LOC-0100,Briana Johnson,Finance,Coordinator,2025-04-26,Active
EMP-001071,LOC-0005,Craig Powell,Operations,Analyst,2020-09-19,Active
EMP-001072,LOC-0083,John Bennett,Finance,Coordinator,2023-07-15,Active
EMP-001073,LOC-0074,Logan Mccarthy,Human Resources,Manager,2024-07-24,Active
EMP-001074,LOC-0070,Jeffery Mason,Supply Chain,Manager,2020-08-13,Active
EMP-001075,LOC-0008,Christopher Gutierrez,Sales,Technician,2020-09-14,Active
EMP-001076,LOC-0020,Robert Johnston,Operations,Supervisor,2025-10-14,Active
EMP-001077,LOC-0002,Terry Bauer Jr.,Production,Manager,2022-09-13,Active
EMP-001078,LOC-0078,Mrs. Crystal Brock,Finance,Engineer,2023-07-14,Active
EMP-001079,LOC-0040,Karen Peters,Production,Engineer,2020-02-27,Active
EMP-001080,LOC-0036,Sean King,Finance,Technician,2024-04-06,Active
EMP-001081,LOC-0030,Sherry Galvan,Operations,Manager,2019-09-28,Active
EMP-001082,LOC-0092,Jonathan Cunningham,Operations,Technician,2023-06-19,Active
EMP-001083,LOC-0068,Sarah Cain,Finance,Engineer,2020-02-15,Active
EMP-001084,LOC-0100,Cindy Willis,Finance,Operator,2024-05-22,Active
EMP-001085,LOC-0074,Jennifer Lee,Production,Analyst,2019-01-13,Inactive
EMP-001086,LOC-0064,Amy Woods,Finance,Manager,2019-10-25,Active
EMP-001087,LOC-0005,William Strickland,Production,Coordinator,2019-10-17,Active
EMP-001088,LOC-0079,Nicholas Vaughan,Maintenance,Supervisor,2019-01-08,Active
EMP-001089,LOC-0088,Maria Owens,Supply Chain,Coordinator,2020-04-13,Active
EMP-001090,LOC-0066,Linda Roberts,Production,Operator,2025-03-19,Active
EMP-001091,LOC-0095,Stephanie Johnson,Finance,Supervisor,2020-05-09,Active
EMP-001092,LOC-0074,Brandon Campbell,Operations,Manager,2020-02-18,Active
EMP-001093,LOC-0004,Julie Webb,Supply Chain,Coordinator,2020-06-27,Active
EMP-001094,LOC-0054,Richard Lopez,Finance,Operator,2022-11-05,Active
EMP-001095,LOC-0038,John Gonzalez,Maintenance,Technician,2023-05-13,Active
EMP-001096,LOC-0020,Veronica Douglas,Operations,Manager,2024-07-10,Active
EMP-001097,LOC-0017,Keith Wells,Supply Chain,Technician,2025-06-25,Active
EMP-001098,LOC-0074,Christopher Smith,Maintenance,Coordinator,2022-06-22,Active
EMP-001099,LOC-0050,Christopher Williams,Operations,Technician,2021-12-18,Active
EMP-001100,LOC-0088,Cassandra Washington,Operations,Supervisor,2020-11-06,Active
EMP-001101,LOC-0083,Maria Baker,Supply Chain,Coordinator,2024-07-26,Active
EMP-001103,LOC-0024,Amy Jones,IT,Engineer,2024-01-02,Active
EMP-001104,LOC-0100,Veronica Davis,Production,Analyst,2023-12-30,Active
EMP-001105,LOC-0067,Angela Navarro,Supply Chain,Manager,2023-05-01,Active
EMP-001106,LOC-0009,Johnny Gutierrez,Human Resources,Engineer,2019-01-24,Active
EMP-001107,LOC-0093,Terry Krause,Maintenance,Technician,2025-06-17,Active
EMP-001108,LOC-0072,Jacob Long,Operations,Operator,2021-10-01,Active
EMP-001109,LOC-0092,Shawn Robbins,Sales,Supervisor,2023-05-05,Active
EMP-001110,LOC-0009,Brianna Hensley,Operations,Coordinator,2024-04-16,Active
EMP-001111,LOC-0063,Brianna Sullivan,Supply Chain,Technician,2021-10-05,Active
EMP-001112,LOC-0004,Shannon Richards,Sales,Specialist,2020-02-25,Active
EMP-001113,LOC-0058,Briana Myers,IT,Analyst,2021-10-22,Active
EMP-001114,LOC-0018,Megan Perez,Finance,Engineer,2021-07-08,Active
EMP-001115,LOC-0036,Brian Mccullough,Production,Technician,2021-06-14,Active
EMP-001116,LOC-0046,Bryan Jackson,Production,Supervisor,2023-05-19,Active
EMP-001117,LOC-0062,Kristina Hoover,Finance,Specialist,2023-09-15,Active
EMP-001118,LOC-0092,Denise Campbell,Operations,Technician,2020-07-16,Active
EMP-001119,LOC-0078,Ian Jones,Production,Technician,2024-06-21,Active
EMP-001120,LOC-0100,Cameron Malone,IT,Specialist,2021-09-09,Active
EMP-001121,LOC-0010,Sarah Moore,Production,Manager,2020-11-05,Active
EMP-001122,LOC-0059,David Barrett,Supply Chain,Supervisor,2023-10-13,Active
EMP-001123,LOC-0026,Kenneth Powers,Supply Chain,Supervisor,2025-02-13,Active
EMP-001124,LOC-0087,Heather Ryan,Production,Analyst,2025-12-08,Inactive
EMP-001125,LOC-0099,Caitlin Booker,Supply Chain,Specialist,2021-04-29,Active
EMP-001126,LOC-0088,Cathy Patel DDS,Operations,Specialist,2023-12-14,Active
EMP-001127,LOC-0012,Edward Cooper,Supply Chain,Manager,2019-11-17,Active
EMP-001128,LOC-0055,Lindsey Henry,Human Resources,Engineer,2022-12-13,Active
EMP-001129,LOC-0034,Steven Martin,Production,Supervisor,2021-08-17,Active
EMP-001130,LOC-0039,Sarah Dean,Operations,Coordinator,2022-12-12,Active
EMP-001131,LOC-0030,Jessica Larson,Production,Coordinator,2020-09-03,Active
EMP-001132,LOC-0013,Joel Franco,Operations,Supervisor,2021-03-07,Active
EMP-001133,LOC-0006,Gabriel Bryant,Production,Analyst,2023-01-18,Active
EMP-001134,LOC-0037,Manuel Lee,Operations,Coordinator,2023-06-18,Active
EMP-001135,LOC-0018,Aaron Garza,Production,Technician,2021-02-21,Active
EMP-001136,LOC-0014,Benjamin Bell,Production,Analyst,2022-09-23,Active
EMP-001137,LOC-0075,Matthew Peters,Maintenance,Specialist,2021-05-25,Active
EMP-001138,LOC-0086,Jose Johnson,Operations,Supervisor,2024-11-01,Active
EMP-001139,LOC-0035,Deborah Johnson,Sales,Manager,2025-04-05,Active
EMP-001140,LOC-0092,Carol Aguirre,Sales,Operator,2022-07-11,Active
EMP-001141,LOC-0033,Christopher Smith,Finance,Specialist,2022-07-03,Active
EMP-001142,LOC-0002,Rachel Townsend,Production,Coordinator,2025-02-12,Active
EMP-001143,LOC-0037,Whitney Martinez,Human Resources,Analyst,2023-07-07,Active
EMP-001144,LOC-0001,Sarah Simpson,IT,Supervisor,2024-10-18,Active
EMP-001145,LOC-0095,Sean Myers,Finance,Manager,2025-01-24,Active
EMP-001146,LOC-0070,Brandon Sullivan,Human Resources,Technician,2021-10-26,Active
EMP-001147,LOC-0074,Maria Jackson,Maintenance,Operator,2025-11-30,Active
EMP-001148,LOC-0091,Jonathan Chung Jr.,Operations,Engineer,2022-02-22,Inactive
EMP-001149,LOC-0052,Kathryn Stevenson,Sales,Analyst,2022-12-28,Active
EMP-001150,LOC-0004,William Sanchez,Operations,Engineer,2021-04-27,Active
EMP-001151,LOC-0022,Mary Walter,Sales,Specialist,2019-09-12,Active
EMP-001152,LOC-0006,Albert Butler,Production,Analyst,2024-11-11,Active
EMP-001153,LOC-0003,Brittany Hansen DDS,Maintenance,Operator,2024-04-07,Active
EMP-001154,LOC-0036,Mrs. Frances Cox MD,Sales,Engineer,2019-02-14,Active
EMP-001155,LOC-0052,James Diaz,Maintenance,Specialist,2019-12-24,Active
EMP-001156,LOC-0008,Laura Brewer,Supply Chain,Supervisor,2020-11-28,Active
EMP-001157,LOC-0059,Sandra Jones,Operations,Supervisor,2022-08-26,Active
EMP-001158,LOC-0078,Alyssa Parker,Supply Chain,Operator,2025-09-30,Active
EMP-001159,LOC-0006,Shannon Rowe,Finance,Operator,2024-04-24,Active
EMP-001160,LOC-0091,Antonio Ross,Supply Chain,Supervisor,2021-08-10,Active
EMP-001161,LOC-0054,Amber Price,Maintenance,Engineer,2020-08-20,Active
EMP-001162,LOC-0091,Brandon Johns,Supply Chain,Supervisor,2021-08-15,Inactive
EMP-001163,LOC-0091,Justin Trevino,Maintenance,Manager,2020-06-05,Active
EMP-001164,LOC-0041,Elizabeth Thomas,IT,Technician,2024-04-13,Active
EMP-001165,LOC-0085,Edgar Espinoza,Maintenance,Operator,2023-12-24,Active
EMP-001166,LOC-0008,Cathy Petersen,Supply Chain,Specialist,2021-06-24,Active
EMP-001167,LOC-0011,Justin King,Human Resources,Engineer,2019-07-15,Active
EMP-001168,LOC-0015,Veronica Herrera,Operations,Supervisor,2020-10-23,Active
EMP-001169,LOC-0048,Catherine Gonzales,Supply Chain,Technician,2020-06-06,Active
EMP-001170,LOC-0058,Aaron Sanders,Sales,Manager,2023-04-22,Inactive
EMP-001171,LOC-0040,Christopher Reyes,Production,Specialist,2024-12-17,Active
EMP-001172,LOC-0033,Raymond Ross,Supply Chain,Analyst,2022-12-05,Active
EMP-001173,LOC-0091,Melissa White,Human Resources,Coordinator,2024-07-21,Active
EMP-001174,LOC-0080,Brianna Cameron,Supply Chain,Specialist,2023-12-30,Active
EMP-001175,LOC-0055,David Clark,Finance,Analyst,2021-02-01,Active
EMP-001176,LOC-0058,Ryan Wilson,Maintenance,Operator,2023-12-09,Active
EMP-001177,LOC-0016,Jennifer Watts,Operations,Specialist,2021-12-04,Active
EMP-001178,LOC-0057,Kyle Hancock,Operations,Specialist,2025-09-25,Active
EMP-001179,LOC-0089,Brittany Smith,Operations,Specialist,2023-03-17,Active
EMP-001180,LOC-0065,Marvin Soto,Production,Manager,2019-10-31,Active
EMP-001181,LOC-0046,Jennifer Berry MD,Supply Chain,Coordinator,2025-03-28,Active
EMP-001182,LOC-0052,Nancy Solomon,Operations,Technician,2025-01-23,Active
EMP-001183,LOC-0058,Kendra Campbell,Operations,Engineer,2022-09-09,Active
EMP-001184,LOC-0086,Brandon Dillon,IT,Technician,2021-03-12,Active
EMP-001185,LOC-0100,Christopher Ball,IT,Technician,2019-08-06,Active
EMP-001186,LOC-0036,David Golden,Operations,Analyst,2020-05-03,Active
EMP-001187,LOC-0071,Amber Holland,Maintenance,Engineer,2021-10-19,Active
EMP-001188,LOC-0093,April Ross,Human Resources,Operator,2022-07-31,Active
EMP-001189,LOC-0015,Jason Davis,Sales,Analyst,2020-06-23,Active
EMP-001190,LOC-0090,John Andrews,Operations,Analyst,2025-03-26,Active
EMP-001191,LOC-0038,Todd Merritt,Operations,Operator,2023-09-06,Active
EMP-001192,LOC-0053,Mitchell Barnett,Supply Chain,Manager,2025-08-16,Active
EMP-001193,LOC-0096,Timothy Price,Production,Analyst,2024-01-05,Active
EMP-001194,LOC-0008,Brandi Smith,Operations,Supervisor,2022-12-01,Active
EMP-001195,LOC-0005,Jamie Kramer,Operations,Specialist,2022-09-02,Active
EMP-001196,LOC-0071,Lisa Kramer,Production,Supervisor,2020-08-07,Active
EMP-001197,LOC-0086,Patricia Carpenter,Operations,Operator,2025-04-15,Active
EMP-001198,LOC-0030,Sherri Thomas,Finance,Engineer,2020-10-20,Active
EMP-001199,LOC-0061,Christopher Malone,Human Resources,Engineer,2019-09-29,Active
EMP-001200,LOC-0012,Allison Chang,IT,Engineer,2023-06-13,Active
EMP-001201,LOC-0052,Stephanie Koch,Finance,Coordinator,2025-09-03,Active
EMP-001202,LOC-0078,Ian Wilson,Operations,Coordinator,2024-07-01,Active
EMP-001203,LOC-0051,Kimberly Santos,Operations,Coordinator,2021-10-28,Active
EMP-001204,LOC-0053,Kathryn Moran,IT,Analyst,2019-12-24,Active
EMP-001205,LOC-0059,Tyler Silva,Operations,Engineer,2025-09-26,Active
EMP-001206,LOC-0078,Lauren Perez,Production,Engineer,2019-09-04,Active
EMP-001207,LOC-0069,Judy Davidson,Production,Analyst,2022-11-01,Active
EMP-001208,LOC-0077,Miranda Petersen,Operations,Coordinator,2024-06-24,Active
EMP-001209,LOC-0026,Christina Huffman,Operations,Operator,2024-11-23,Active
EMP-001210,LOC-0025,Erin Ward,Operations,Specialist,2020-03-03,Active
EMP-001211,LOC-0057,Tony Watson,Operations,Coordinator,2024-02-29,Active
EMP-001212,LOC-0005,Michael Colon,IT,Technician,2022-12-12,Active
EMP-001213,LOC-0032,Shane Bennett,Operations,Coordinator,2019-09-24,Active
EMP-001214,LOC-0056,William Ortiz,Finance,Coordinator,2019-09-27,Active
EMP-001215,LOC-0078,Richard Rodgers,Sales,Engineer,2024-09-10,Active
EMP-001216,LOC-0029,Shelly Sawyer,Production,Operator,2022-12-24,Active
EMP-001217,LOC-0024,Tanya Thomas,Sales,Analyst,2025-10-22,Active
EMP-001218,LOC-0091,Diane Moses,Operations,Engineer,2023-05-19,Active
EMP-001219,LOC-0093,Melissa Dudley,IT,Supervisor,2025-08-07,Active
EMP-001220,LOC-0035,Emily Scott,Sales,Operator,2024-05-03,Active
EMP-001221,LOC-0088,Jesse Roman,Sales,Manager,2019-01-09,Active
EMP-001222,LOC-0097,Kathryn Burnett,Operations,Coordinator,2023-10-23,Active
EMP-001223,LOC-0082,Jessica Schmidt,Sales,Supervisor,2021-08-12,Active
EMP-001224,LOC-0023,Brian Ramirez,Supply Chain,Coordinator,2022-12-29,Active
EMP-001225,LOC-0053,Lisa Thomas,Human Resources,Manager,2019-03-26,Active
EMP-001226,LOC-0013,Jennifer Davis,Supply Chain,Engineer,2025-12-14,Active
EMP-001227,LOC-0035,Christopher Conway,IT,Coordinator,2024-08-28,Active
EMP-001228,LOC-0023,Sarah Jordan,Production,Manager,2019-12-23,Active
EMP-001229,LOC-0041,Robert Acosta,Operations,Engineer,2025-06-19,Active
EMP-001230,LOC-0096,Danielle Bell,Production,Technician,2021-07-25,Active
EMP-001231,LOC-0021,Robert Collins,Maintenance,Manager,2022-04-13,Active
EMP-001232,LOC-0012,Kathy Adams,Sales,Supervisor,2019-05-16,Active
EMP-001233,LOC-0016,Colleen May,Finance,Engineer,2023-07-06,Active
EMP-001234,LOC-0090,Christina Miller,IT,Engineer,2025-09-30,Inactive
EMP-001235,LOC-0001,Norma Blake,Operations,Analyst,2024-06-21,Active
EMP-001236,LOC-0001,David Ellis,Production,Manager,2023-06-12,Active
EMP-001237,LOC-0031,Kelly Allen,Human Resources,Specialist,2024-05-07,Active
EMP-001238,LOC-0027,Jennifer Harmon,IT,Technician,2025-03-14,Active
EMP-001239,LOC-0077,Nicole Chambers,Operations,Engineer,2021-07-14,Active
EMP-001240,LOC-0021,Rachel Lowe,Production,Technician,2020-06-23,Active
EMP-001241,LOC-0049,Gloria Rasmussen,Production,Coordinator,2019-09-10,Active
EMP-001242,LOC-0084,Kevin Maldonado,Production,Supervisor,2019-01-29,Active
EMP-001243,LOC-0025,Megan Roberts,Production,Supervisor,2021-03-16,Active
EMP-001244,LOC-0049,Kirsten Morris,Operations,Supervisor,2021-06-12,Active
EMP-001245,LOC-0092,Jonathan Wilson,Human Resources,Technician,2019-03-15,Active
EMP-001246,LOC-0075,Clayton Sullivan,Maintenance,Supervisor,2020-05-12,Active
EMP-001247,LOC-0051,Wayne Donaldson,Supply Chain,Operator,2020-01-11,Active
EMP-001248,LOC-0052,Cynthia Blair,Finance,Supervisor,2022-11-22,Active
EMP-001249,LOC-0034,Mr. Stephen Mcdaniel,Production,Engineer,2024-09-22,Inactive
EMP-001250,LOC-0069,Anthony Bowen,Maintenance,Coordinator,2022-04-11,Active
EMP-001251,LOC-0013,Donald Baker,Operations,Engineer,2024-01-22,Active
EMP-001252,LOC-0014,Janice Miller,Sales,Technician,2019-11-11,Active
EMP-001253,LOC-0058,Meghan Cruz,Operations,Coordinator,2024-01-18,Active
EMP-001254,LOC-0042,Cameron Campbell,Supply Chain,Coordinator,2023-04-02,Active
EMP-001255,LOC-0033,Adrian Smith,Production,Manager,2020-01-30,Active
EMP-001256,LOC-0026,Sylvia Bond,Production,Operator,2024-09-28,Active
EMP-001257,LOC-0100,Helen Rodgers,Maintenance,Manager,2025-06-30,Active
EMP-001258,LOC-0002,Brian Craig,Supply Chain,Supervisor,2023-01-28,Inactive
EMP-001259,LOC-0049,Brooke Marquez,Operations,Technician,2019-12-19,Active
EMP-001260,LOC-0080,Dawn Bean,Maintenance,Manager,2023-04-09,Active
EMP-001261,LOC-0035,Charles Gaines,Production,Specialist,2022-07-17,Active
EMP-001262,LOC-0019,Trevor Sutton,Operations,Specialist,2019-10-02,Active
EMP-001263,LOC-0092,Angela Elliott,IT,Specialist,2025-11-08,Active
EMP-001264,LOC-0075,Kara Martinez,Human Resources,Coordinator,2020-11-23,Active
EMP-001265,LOC-0010,Christian Taylor,IT,Coordinator,2022-03-18,Active
EMP-001266,LOC-0066,Jennifer Williams DDS,Production,Supervisor,2025-06-04,Active
EMP-001267,LOC-0009,Kevin Leon,Sales,Supervisor,2024-06-15,Active
EMP-001268,LOC-0081,Anthony Lambert,Maintenance,Coordinator,2024-04-24,Active
EMP-001269,LOC-0097,Thomas Smith,Maintenance,Operator,2022-09-17,Active
EMP-001270,LOC-0072,Mary Price,IT,Coordinator,2025-02-14,Active
EMP-001271,LOC-0048,Jason Hunt,Supply Chain,Analyst,2019-03-06,Active
EMP-001272,LOC-0038,Scott Lopez Jr.,Human Resources,Specialist,2023-05-01,Inactive
EMP-001273,LOC-0007,Cory Bauer,Finance,Specialist,2024-09-06,Active
EMP-001274,LOC-0052,Roy Jimenez,Maintenance,Analyst,2025-03-03,Active
EMP-001275,LOC-0067,Bonnie Montoya,IT,Supervisor,2024-07-02,Active
EMP-001276,LOC-0062,Emily Stewart,Supply Chain,Technician,2024-03-11,Active
EMP-001277,LOC-0080,Justin Villanueva,IT,Supervisor,2020-02-25,Active
EMP-001278,LOC-0016,Patrick Lee,Operations,Manager,2019-06-27,Active
EMP-001279,LOC-0056,Karen Deleon,Operations,Analyst,2025-08-19,Active
EMP-001280,LOC-0046,Amanda Hart,Operations,Analyst,2024-09-02,Active
EMP-001281,LOC-0028,Christopher Perkins,Production,Manager,2022-06-15,Active
EMP-001282,LOC-0032,Katherine Dyer,Supply Chain,Operator,2021-06-12,Active
EMP-001283,LOC-0008,Stephanie Meadows,IT,Engineer,2022-12-20,Active
EMP-001284,LOC-0027,James Gilbert,Supply Chain,Specialist,2022-12-10,Active
EMP-001285,LOC-0011,Tamara Wilkinson,Human Resources,Technician,2024-02-17,Inactive
EMP-001286,LOC-0076,Jacob Sanchez,Operations,Engineer,2020-08-14,Active
EMP-001287,LOC-0086,Faith Craig,Production,Technician,2021-04-20,Active
EMP-001288,LOC-0093,Paula Smith,Operations,Technician,2020-11-28,Active
EMP-001289,LOC-0089,Amy Ingram,Finance,Technician,2021-06-25,Active
EMP-001290,LOC-0055,Isaac Abbott,IT,Supervisor,2019-07-29,Active
EMP-001291,LOC-0023,Heidi Allen,Finance,Supervisor,2020-05-19,Active
EMP-001292,LOC-0018,John Cooper,IT,Operator,2020-11-30,Active
EMP-001293,LOC-0095,Jeanne Ramirez,Sales,Technician,2019-08-01,Active
EMP-001294,LOC-0090,Andrea Foster,Operations,Analyst,2023-01-13,Active
EMP-001295,LOC-0051,Lauren Fischer,Supply Chain,Supervisor,2022-11-26,Active
EMP-001296,LOC-0001,Christian Gonzales,Operations,Supervisor,2019-09-15,Inactive
EMP-001297,LOC-0002,Christopher Martin,Sales,Engineer,2021-08-31,Active
EMP-001298,LOC-0005,Emily Woods,Sales,Technician,2021-05-31,Active
EMP-001299,LOC-0097,Tony Aguilar,Operations,Supervisor,2025-07-17,Active
EMP-001300,LOC-0050,Ralph Smith,Operations,Analyst,2022-03-10,Active
EMP-001302,LOC-0092,Lisa Black MD,Production,Technician,2020-10-20,Active
EMP-001303,LOC-0016,Dr. Douglas Sullivan DVM,Human Resources,Technician,2023-03-11,Active
EMP-001304,LOC-0020,Craig Navarro,Production,Supervisor,2023-08-24,Active
EMP-001305,LOC-0066,Joel Sanchez,Operations,Engineer,2020-09-08,Active
EMP-001306,LOC-0010,Nicholas Rios,Operations,Technician,2022-03-14,Active
EMP-001307,LOC-0030,Kevin Spencer,Operations,Coordinator,2025-06-06,Active
EMP-001308,LOC-0060,Whitney Rodriguez,Operations,Technician,2024-09-28,Active
EMP-001309,LOC-0028,Heather Clark,Sales,Analyst,2019-06-29,Active
EMP-001310,LOC-0024,Jack Atkinson,Supply Chain,Specialist,2025-10-07,Active
EMP-001311,LOC-0037,Mrs. Amber Barrett,Production,Coordinator,2021-10-31,Inactive
EMP-001312,LOC-0085,Donald Lopez,IT,Operator,2025-09-04,Inactive
EMP-001313,LOC-0013,Angela Spears,IT,Manager,2021-10-21,Active
EMP-001314,LOC-0078,Sydney Ellis,Operations,Technician,2024-10-13,Active
EMP-001315,LOC-0098,Kelly Cook,Operations,Analyst,2023-11-01,Active
EMP-001316,LOC-0049,Traci Hensley,Production,Supervisor,2022-03-12,Active
EMP-001317,LOC-0057,Philip Bryant,Production,Analyst,2023-10-24,Active
EMP-001318,LOC-0023,Shane Smith,Production,Manager,2023-09-28,Inactive
EMP-001319,LOC-0082,Savannah Clark,Operations,Manager,2021-06-03,Active
EMP-001320,LOC-0021,Shirley Patterson,Maintenance,Coordinator,2023-01-13,Active
EMP-001321,LOC-0030,Joseph Thompson,Operations,Specialist,2023-08-10,Active
EMP-001322,LOC-0079,Gregory Carlson,Production,Technician,2025-12-24,Active
EMP-001323,LOC-0057,Matthew Jackson,Human Resources,Analyst,2021-06-28,Active
EMP-001324,LOC-0063,James Jenkins,Sales,Specialist,2020-03-17,Active
EMP-001325,LOC-0092,George Stein Jr.,Production,Technician,2025-02-18,Active
EMP-001326,LOC-0025,Michael Wilson,IT,Operator,2023-07-07,Active
EMP-001327,LOC-0075,Kristy Mathews,Production,Coordinator,2022-07-27,Active
EMP-001328,LOC-0064,Andres Campbell,IT,Operator,2023-05-05,Active
EMP-001329,LOC-0062,William Davis,IT,Engineer,2022-10-07,Active
EMP-001330,LOC-0074,James Hayden,IT,Coordinator,2024-03-20,Active
EMP-001331,LOC-0078,Sheila Owen,Operations,Manager,2020-12-04,Active
EMP-001332,LOC-0041,Tracy Williams,Operations,Coordinator,2019-11-04,Active
EMP-001333,LOC-0006,Ian Avery,Production,Supervisor,2024-08-10,Active
EMP-001334,LOC-0073,Jonathan Leblanc,Production,Coordinator,2020-01-11,Inactive
EMP-001335,LOC-0087,Kari Peterson,Human Resources,Technician,2020-02-15,Active
EMP-001336,LOC-0035,Daisy Hill,Maintenance,Analyst,2025-05-20,Active
EMP-001337,LOC-0034,Michael Lane,Supply Chain,Analyst,2023-12-17,Active
EMP-001338,LOC-0035,Mr. Jerry Munoz,Operations,Analyst,2021-07-22,Active
EMP-001339,LOC-0055,James Davis,Operations,Coordinator,2020-05-23,Active
EMP-001340,LOC-0054,Anna Williams,IT,Supervisor,2024-12-08,Active
EMP-001341,LOC-0046,Laura Fritz,Finance,Analyst,2021-08-05,Active
EMP-001342,LOC-0085,Aaron Stewart,Finance,Coordinator,2020-06-24,Active
EMP-001343,LOC-0006,David Ashley,Operations,Manager,2024-04-29,Inactive
EMP-001344,LOC-0003,Dennis Palmer,Operations,Coordinator,2019-05-29,Active
EMP-001345,LOC-0074,Mrs. Amy Macdonald,Finance,Analyst,2024-09-07,Active
EMP-001346,LOC-0090,Sara Mcintosh,Operations,Technician,2021-10-18,Active
EMP-001347,LOC-0006,Johnny Lambert,IT,Coordinator,2020-04-19,Active
EMP-001348,LOC-0060,Stephanie Edwards,Production,Engineer,2020-01-10,Inactive
EMP-001349,LOC-0093,Zachary Johnson,Human Resources,Manager,2021-03-16,Active
EMP-001350,LOC-0085,Cynthia Rivas,Production,Manager,2025-10-15,Active
EMP-001351,LOC-0091,Jordan Cunningham,Maintenance,Manager,2020-10-13,Active
EMP-001352,LOC-0083,Teresa Smith,Finance,Coordinator,2021-04-27,Active
EMP-001353,LOC-0010,Michael Johnson,Production,Coordinator,2021-10-21,Active
EMP-001354,LOC-0065,Kenneth Santiago,Finance,Coordinator,2022-02-03,Active
EMP-001355,LOC-0025,Robert Mcconnell,Sales,Manager,2024-12-03,Active
EMP-001356,LOC-0062,Dalton Clark,Finance,Analyst,2024-02-08,Active
EMP-001357,LOC-0015,Andrew Sullivan,Sales,Coordinator,2019-11-09,Active
EMP-001358,LOC-0049,Joseph Jackson,Operations,Coordinator,2020-10-27,Active
EMP-001359,LOC-0089,Keith Smith,Supply Chain,Engineer,2023-07-24,Active
EMP-001360,LOC-0039,Joshua Stevens,Operations,Coordinator,2019-10-03,Active
EMP-001361,LOC-0099,Kathryn Hurley,Operations,Technician,2024-12-28,Active
EMP-001362,LOC-0085,Lindsay Cox,IT,Technician,2022-05-18,Active
EMP-001363,LOC-0008,Brandi Burch,Production,Coordinator,2021-02-25,Inactive
EMP-001364,LOC-0030,Julia Campbell,Operations,Technician,2023-04-18,Active
EMP-001365,LOC-0019,Kristi Wagner,Supply Chain,Supervisor,2023-11-04,Active
EMP-001366,LOC-0088,Tracy Mason,Supply Chain,Technician,2019-08-27,Active
EMP-001367,LOC-0094,Aaron Simpson,Supply Chain,Engineer,2025-11-17,Active
EMP-001368,LOC-0061,Eric Adkins,Production,Engineer,2022-03-09,Active
EMP-001369,LOC-0060,Dr. Robert Harris DVM,Supply Chain,Coordinator,2020-12-06,Active
EMP-001371,LOC-0040,Cesar Rasmussen,Operations,Engineer,2024-11-23,Active
EMP-001372,LOC-0025,Amanda Allen,Maintenance,Analyst,2022-02-17,Active
EMP-001373,LOC-0073,Christopher Cortez,Supply Chain,Operator,2019-06-07,Active
EMP-001374,LOC-0077,Jake Bird,Production,Coordinator,2021-03-28,Inactive
EMP-001375,LOC-0052,Edward Foster,Human Resources,Coordinator,2021-11-16,Active
EMP-001376,LOC-0007,Dennis Hansen,Finance,Engineer,2019-05-18,Active
EMP-001377,LOC-0082,Charles Anderson,Operations,Coordinator,2023-12-22,Active
EMP-001378,LOC-0009,Andre Gonzalez,Operations,Technician,2022-03-21,Active
EMP-001379,LOC-0003,Rhonda Cooper,Maintenance,Analyst,2019-06-05,Active
EMP-001380,LOC-0018,Victoria Lane,Operations,Engineer,2019-08-04,Active
EMP-001381,LOC-0047,Michelle Horn,Production,Engineer,2023-09-30,Active
EMP-001382,LOC-0098,David Conley,Maintenance,Supervisor,2020-12-11,Active
EMP-001383,LOC-0060,Jose Mcdaniel,Maintenance,Manager,2021-03-28,Active
EMP-001384,LOC-0035,Mary Smith,Operations,Technician,2019-11-26,Active
EMP-001385,LOC-0054,Joshua Coleman,Operations,Operator,2019-05-18,Active
EMP-001386,LOC-0014,Jason Novak,Maintenance,Specialist,2019-03-18,Inactive
EMP-001387,LOC-0006,Jordan Vaughn,Production,Analyst,2025-10-22,Active
EMP-001388,LOC-0015,Cindy Coleman,Supply Chain,Supervisor,2020-02-18,Active
EMP-001389,LOC-0002,Yolanda Nolan,Production,Analyst,2022-06-19,Active
EMP-001390,LOC-0047,Linda Ferguson,Supply Chain,Analyst,2025-08-30,Active
EMP-001391,LOC-0012,Curtis Cabrera,Sales,Manager,2019-11-22,Active
EMP-001392,LOC-0042,Erica Lawrence,Operations,Technician,2019-03-08,Active
EMP-001393,LOC-0031,Christopher Rogers,Human Resources,Operator,2023-08-26,Inactive
EMP-001394,LOC-0040,David Marquez,Finance,Analyst,2025-08-10,Inactive
EMP-001395,LOC-0097,Brenda Bender,Operations,Specialist,2022-06-24,Active
EMP-001396,LOC-0096,Christopher Smith,Finance,Engineer,2021-06-22,Active
EMP-001397,LOC-0023,Mrs. Deanna Atkins,Operations,Operator,2020-10-01,Active
EMP-001399,LOC-0032,Nicholas George,Maintenance,Operator,2025-07-23,Active
EMP-001400,LOC-0049,Kurt Mitchell,IT,Specialist,2020-04-09,Active
EMP-001401,LOC-0044,Lisa Warren,Operations,Supervisor,2019-05-18,Active
EMP-001402,LOC-0094,Grant Day,Operations,Manager,2020-09-01,Inactive
EMP-001403,LOC-0009,Jared Washington,Finance,Supervisor,2024-05-26,Active
EMP-001404,LOC-0071,Erin Mitchell,Supply Chain,Specialist,2022-03-15,Active
EMP-001405,LOC-0054,Gregory Harris,Production,Engineer,2022-08-04,Active
EMP-001406,LOC-0100,Sarah Bender,IT,Manager,2020-04-25,Inactive
EMP-001407,LOC-0084,James Owens,Production,Coordinator,2023-03-22,Active
EMP-001408,LOC-0042,Jessica Wood,IT,Coordinator,2022-05-05,Active
EMP-001409,LOC-0092,Miss Karen Barnes,Supply Chain,Supervisor,2020-10-27,Active
EMP-001410,LOC-0032,Mark Griffin Jr.,Operations,Manager,2020-07-08,Active
EMP-001411,LOC-0030,Scott Nunez,Human Resources,Specialist,2025-08-07,Active
EMP-001412,LOC-0027,Tiffany Moreno,Maintenance,Engineer,2024-09-23,Active
EMP-001413,LOC-0019,Vanessa Floyd,Supply Chain,Engineer,2022-08-28,Active
EMP-001414,LOC-0077,Patricia Brooks,Finance,Technician,2025-08-03,Inactive
EMP-001415,LOC-0055,Jody Stanley,Operations,Specialist,2020-06-12,Active
EMP-001416,LOC-0027,Shawn Foster,Supply Chain,Specialist,2025-08-03,Active
EMP-001417,LOC-0006,Rhonda Cooper,Supply Chain,Manager,2021-09-06,Active
EMP-001418,LOC-0077,Ashley Wilson,Finance,Coordinator,2023-01-02,Active
EMP-001419,LOC-0042,Gary Waller,Production,Engineer,2023-10-04,Active
EMP-001420,LOC-0066,Kyle Myers,Sales,Analyst,2023-12-12,Active
EMP-001421,LOC-0009,Stacy Gordon,IT,Engineer,2023-04-01,Active
EMP-001422,LOC-0048,Carl White,IT,Manager,2019-08-22,Active
EMP-001423,LOC-0041,Mr. Anthony Whitaker MD,Operations,Manager,2024-11-04,Inactive
EMP-001424,LOC-0023,Vickie Moore,Human Resources,Manager,2022-09-19,Active
EMP-001425,LOC-0048,Carrie Christian,Maintenance,Engineer,2022-02-13,Active
EMP-001426,LOC-0042,Tamara Miller,Human Resources,Manager,2020-03-01,Active
EMP-001427,LOC-0091,Tyler Robinson,Supply Chain,Specialist,2023-11-28,Active
EMP-001428,LOC-0097,Edward Contreras,Production,Technician,2024-02-21,Active
EMP-001429,LOC-0045,Kevin Robinson,Maintenance,Coordinator,2024-06-04,Active
EMP-001430,LOC-0036,Lori Villanueva,Operations,Manager,2024-08-20,Active
EMP-001431,LOC-0066,Kyle Jones,Finance,Specialist,2022-10-22,Active
EMP-001432,LOC-0006,Heather Wilson,Supply Chain,Specialist,2021-02-17,Active
EMP-001433,LOC-0023,Heather Miller,Production,Technician,2021-09-28,Active
EMP-001434,LOC-0063,Olivia Mendez,Production,Operator,2025-11-30,Active
EMP-001435,LOC-0021,Jennifer Mendez,Finance,Operator,2021-09-05,Active
EMP-001436,LOC-0050,Patricia Stephens,Human Resources,Coordinator,2024-05-24,Active
EMP-001437,LOC-0018,Anita Martin,Operations,Operator,2020-07-29,Active
EMP-001438,LOC-0023,Aaron Hernandez MD,Sales,Operator,2021-06-30,Active
EMP-001439,LOC-0013,Matthew Harrison,Production,Engineer,2022-06-12,Active
EMP-001440,LOC-0045,Angela Hartman,Finance,Operator,2024-11-20,Active
EMP-001441,LOC-0031,Kyle Miller,Operations,Manager,2022-01-19,Active
EMP-001442,LOC-0074,Linda Stewart,Supply Chain,Coordinator,2020-08-05,Active
EMP-001443,LOC-0022,Jennifer Thompson,IT,Engineer,2023-03-22,Active
EMP-001445,LOC-0044,Mr. Nicholas Reynolds,Human Resources,Coordinator,2024-10-11,Active
EMP-001446,LOC-0016,Brian Ballard,Production,Specialist,2024-04-16,Active
EMP-001447,LOC-0072,Chad Cole,Production,Specialist,2019-08-24,Active
EMP-001448,LOC-0082,Susan Smith,Production,Operator,2023-11-02,Active
EMP-001449,LOC-0058,Ashley Davis,Production,Technician,2024-02-03,Active
EMP-001450,LOC-0097,Jennifer Marshall,Operations,Operator,2022-05-13,Active
EMP-001451,LOC-0072,Stephanie Duke,Sales,Operator,2020-03-05,Active
EMP-001452,LOC-0037,Sandra Carson,Sales,Specialist,2024-07-29,Active
EMP-001453,LOC-0061,Richard Rodriguez,IT,Coordinator,2023-10-10,Active
EMP-001454,LOC-0056,Timothy Briggs,Operations,Coordinator,2024-07-03,Active
EMP-001455,LOC-0076,Mrs. Margaret Fletcher MD,Human Resources,Specialist,2024-01-05,Active
EMP-001456,LOC-0003,Frank Hubbard,Operations,Engineer,2020-09-13,Active
EMP-001457,LOC-0007,Allison Sanders,IT,Supervisor,2024-12-21,Active
EMP-001458,LOC-0054,Matthew Powell,IT,Analyst,2023-01-17,Active
EMP-001459,LOC-0024,Russell Hampton,IT,Supervisor,2025-07-09,Active
EMP-001460,LOC-0001,Haley Sharp,Production,Manager,2022-12-10,Active
EMP-001461,LOC-0046,Laura Anderson,Finance,Analyst,2022-03-21,Active
EMP-001462,LOC-0019,Aaron Horn,Maintenance,Supervisor,2025-04-03,Active
EMP-001463,LOC-0074,Abigail Hanson,Production,Manager,2023-10-25,Inactive
EMP-001464,LOC-0003,Tracy Lambert,Maintenance,Analyst,2025-04-14,Active
EMP-001465,LOC-0086,Brianna Garcia,Production,Operator,2023-12-19,Active
EMP-001466,LOC-0009,Erik Garcia,Maintenance,Technician,2020-06-02,Active
EMP-001467,LOC-0015,Jane Gregory,Maintenance,Manager,2019-12-09,Active
EMP-001468,LOC-0008,Malik Ford,IT,Supervisor,2025-04-18,Active
EMP-001469,LOC-0088,Wayne Blankenship,Supply Chain,Analyst,2024-06-25,Active
EMP-001470,LOC-0022,Gregory Carter,Operations,Manager,2024-01-21,Active
EMP-001471,LOC-0016,Anthony Blevins,Operations,Manager,2024-08-04,Active
EMP-001472,LOC-0082,Kelly Snyder MD,Maintenance,Engineer,2023-09-06,Active
EMP-001473,LOC-0020,Christopher Smith,Operations,Manager,2023-12-04,Active
EMP-001474,LOC-0024,Lori Fernandez,Finance,Operator,2025-07-04,Active
EMP-001475,LOC-0017,Arthur Lloyd,Operations,Technician,2024-02-24,Active
EMP-001476,LOC-0018,Thomas Mercer,Human Resources,Supervisor,2023-08-30,Active
EMP-001477,LOC-0073,Nancy Thomas,Supply Chain,Engineer,2025-02-12,Active
EMP-001478,LOC-0050,Leslie Waller,Supply Chain,Operator,2020-04-04,Active
EMP-001479,LOC-0090,Daniel Holland,IT,Coordinator,2021-06-29,Active
EMP-001480,LOC-0022,Donna Washington,Operations,Technician,2021-07-17,Active
EMP-001481,LOC-0051,Jennifer Lewis,IT,Coordinator,2023-07-04,Active
EMP-001482,LOC-0035,Megan West,Operations,Engineer,2021-07-16,Active
EMP-001483,LOC-0007,Carlos Smith,Operations,Coordinator,2022-01-27,Active
EMP-001484,LOC-0034,Steven Sullivan,Production,Coordinator,2025-05-28,Active
EMP-001485,LOC-0073,Tonya Watson,Human Resources,Operator,2023-05-24,Active
EMP-001486,LOC-0046,John Wallace,Operations,Supervisor,2022-10-08,Active
EMP-001487,LOC-0093,Edward Warren,Maintenance,Engineer,2021-04-15,Active
EMP-001488,LOC-0026,Michelle Ramirez,Sales,Supervisor,2020-02-28,Active
EMP-001489,LOC-0080,Shannon Hayden,Supply Chain,Specialist,2023-06-07,Inactive
EMP-001490,LOC-0047,Jonathan Young,Finance,Engineer,2020-03-23,Active
EMP-001491,LOC-0084,Kelsey Stafford,Production,Coordinator,2019-08-19,Active
EMP-001492,LOC-0009,Benjamin King,Finance,Operator,2022-04-19,Active
EMP-001493,LOC-0035,Austin Hernandez,IT,Operator,2022-11-17,Active
EMP-001494,LOC-0011,Jessica Carrillo,Production,Analyst,2019-05-25,Active
EMP-001495,LOC-0044,David Williams,Production,Operator,2024-04-22,Active
EMP-001496,LOC-0069,Heather Lowe,Supply Chain,Supervisor,2024-03-03,Active
EMP-001497,LOC-0072,William Gray,Operations,Technician,2022-12-07,Active
EMP-001498,LOC-0070,Larry Harris,Production,Coordinator,2019-03-24,Active
EMP-001499,LOC-0063,Debra Allen,Maintenance,Specialist,2021-05-17,Active
EMP-001500,LOC-0053,Jerry Robertson,Human Resources,Technician,2025-03-16,Active
EMP-001501,LOC-0008,Michael Young,Maintenance,Analyst,2021-07-03,Active
EMP-001502,LOC-0005,Kimberly Miller,Production,Engineer,2022-09-24,Active
EMP-001503,LOC-0047,Marvin Estrada,Operations,Technician,2023-09-04,Active
EMP-001504,LOC-0057,Jesse Burns,Operations,Specialist,2020-07-18,Active
EMP-001505,LOC-0038,Kimberly Liu,Supply Chain,Manager,2023-08-10,Active
EMP-001506,LOC-0020,Kim Estrada,Operations,Specialist,2021-10-28,Active
EMP-001507,LOC-0027,Veronica Winters,Finance,Specialist,2025-01-26,Active
EMP-001508,LOC-0072,Ms. Tammy Morris DDS,Finance,Engineer,2019-04-23,Active
EMP-001509,LOC-0049,Stephanie Shea,Operations,Technician,2025-06-17,Inactive
EMP-001510,LOC-0098,Brandon Anderson,Supply Chain,Coordinator,2025-06-29,Active
EMP-001511,LOC-0031,James Thomas,Operations,Operator,2025-06-28,Active
EMP-001512,LOC-0020,Megan Stone MD,Production,Specialist,2020-08-01,Active
EMP-001513,LOC-0042,Kimberly Jimenez,Human Resources,Operator,2019-06-25,Active
EMP-001514,LOC-0007,Jeffery White,Production,Specialist,2023-06-07,Active
EMP-001515,LOC-0026,David Green,Human Resources,Operator,2022-01-14,Active
EMP-001516,LOC-0074,Thomas Tucker,IT,Manager,2024-06-19,Active
EMP-001517,LOC-0053,Richard Reed,Production,Supervisor,2021-12-07,Active
EMP-001518,LOC-0015,Brian Kirk,Operations,Engineer,2023-03-06,Active
EMP-001519,LOC-0097,Christopher Smith,IT,Technician,2021-09-06,Active
EMP-001520,LOC-0087,Henry Potter,IT,Coordinator,2025-07-17,Active
EMP-001521,LOC-0047,Taylor Conrad,Sales,Analyst,2024-08-07,Active
EMP-001522,LOC-0088,Catherine Burgess,Production,Coordinator,2024-11-11,Active
EMP-001523,LOC-0024,Jeanette Adams,IT,Analyst,2023-08-12,Active
EMP-001524,LOC-0069,Sara Hines,IT,Coordinator,2021-10-10,Active
EMP-001525,LOC-0039,Walter Hughes,IT,Manager,2024-03-13,Active
EMP-001526,LOC-0025,Frank Murphy,Operations,Manager,2025-01-22,Active
EMP-001527,LOC-0096,Kathy Jefferson DVM,Production,Specialist,2024-05-21,Active
EMP-001528,LOC-0071,Aaron Pace,Finance,Analyst,2022-05-21,Active
EMP-001529,LOC-0098,Lauren Young,Production,Specialist,2023-10-20,Active
EMP-001530,LOC-0072,Kevin Newman,Supply Chain,Supervisor,2025-11-30,Active
EMP-001531,LOC-0056,Cindy Reilly,Operations,Technician,2022-03-21,Active
EMP-001532,LOC-0044,Kristin Padilla,Operations,Engineer,2025-09-10,Active
EMP-001533,LOC-0094,Scott Suarez,IT,Specialist,2024-04-16,Active
EMP-001534,LOC-0070,Samuel Cuevas,Maintenance,Technician,2019-12-26,Active
EMP-001535,LOC-0077,Jeffrey Boyer,Operations,Analyst,2019-10-14,Active
EMP-001536,LOC-0078,David Case,Operations,Coordinator,2022-07-02,Inactive
EMP-001537,LOC-0082,Tammy Moore,Finance,Technician,2020-12-01,Active
EMP-001538,LOC-0013,Dorothy Haley,Maintenance,Specialist,2019-07-06,Active
EMP-001539,LOC-0091,Virginia Jones,Operations,Operator,2019-07-23,Active
EMP-001540,LOC-0088,Sabrina Brennan,Sales,Operator,2023-01-26,Active
EMP-001541,LOC-0050,Bradley Lowe,Production,Specialist,2023-04-01,Active
EMP-001542,LOC-0070,Tina Thomas,Maintenance,Engineer,2022-09-11,Active
EMP-001543,LOC-0034,Tiffany Jackson,Operations,Analyst,2024-02-14,Active
EMP-001544,LOC-0016,Sarah Wallace,Maintenance,Analyst,2024-12-29,Active
EMP-001545,LOC-0055,Trevor Morales,Maintenance,Coordinator,2022-01-15,Active
EMP-001546,LOC-0029,Cynthia Robinson,Operations,Coordinator,2024-03-20,Active
EMP-001547,LOC-0026,Michael Gillespie,Operations,Technician,2021-09-04,Active
EMP-001548,LOC-0037,Lisa Carroll,Production,Technician,2025-07-17,Inactive
EMP-001549,LOC-0053,Michelle Merritt,Finance,Specialist,2020-06-18,Active
EMP-001550,LOC-0036,Lindsey Price,Production,Engineer,2019-05-26,Active
EMP-001551,LOC-0012,Jessica Riggs,Operations,Specialist,2020-02-18,Active
EMP-001552,LOC-0056,Lisa Thomas,Supply Chain,Specialist,2022-10-09,Active
EMP-001553,LOC-0079,Douglas Gonzalez,Maintenance,Technician,2023-06-05,Active
EMP-001554,LOC-0048,Mary Waller,Production,Engineer,2024-02-19,Inactive
EMP-001555,LOC-0012,Matthew Yates,Production,Engineer,2020-08-23,Active
EMP-001556,LOC-0020,Jessica Lewis,Supply Chain,Specialist,2020-08-11,Inactive
EMP-001557,LOC-0098,Anne Baker,Maintenance,Engineer,2021-03-30,Active
EMP-001558,LOC-0015,Michael Blair,Production,Manager,2020-03-27,Active
EMP-001559,LOC-0002,Richard Hale,Human Resources,Manager,2021-03-01,Active
EMP-001560,LOC-0070,Nicole Thompson,Operations,Technician,2021-01-25,Active
EMP-001561,LOC-0090,Jacob Schmidt,Maintenance,Manager,2020-01-10,Active
EMP-001562,LOC-0001,Susan Valdez,Human Resources,Supervisor,2019-05-24,Active
EMP-001563,LOC-0016,Latoya Ellison,Operations,Specialist,2019-10-13,Active
EMP-001564,LOC-0095,Joseph Phillips,Operations,Coordinator,2023-11-16,Active
EMP-001565,LOC-0025,Sabrina King,Production,Supervisor,2019-05-24,Active
EMP-001566,LOC-0072,Sara Gates,Finance,Manager,2020-11-07,Active
EMP-001567,LOC-0043,Antonio Alexander,Operations,Specialist,2022-12-06,Active
EMP-001568,LOC-0064,Jennifer Mercado,Maintenance,Specialist,2019-02-02,Active
EMP-001569,LOC-0048,Sandra Sosa,Operations,Technician,2022-12-23,Active
EMP-001570,LOC-0072,Melissa Bell,Human Resources,Specialist,2023-10-20,Active
EMP-001571,LOC-0041,Clinton Lopez,Finance,Engineer,2024-02-19,Active
EMP-001572,LOC-0088,Connie Valdez,Production,Analyst,2023-03-31,Active
EMP-001573,LOC-0017,Heather Sparks DVM,IT,Operator,2022-07-15,Active
EMP-001574,LOC-0020,Zachary Day,IT,Specialist,2020-05-30,Active
EMP-001575,LOC-0035,Melanie Heath,Supply Chain,Engineer,2024-06-16,Active
EMP-001576,LOC-0077,Kenneth Nelson,Production,Specialist,2025-02-19,Active
EMP-001577,LOC-0091,Paul Graves,Supply Chain,Specialist,2020-09-30,Active
EMP-001578,LOC-0084,Christopher Warren,IT,Technician,2020-03-23,Active
EMP-001579,LOC-0087,Gregory Cook,IT,Analyst,2020-12-15,Active
EMP-001580,LOC-0087,Holly Vaughn,Finance,Supervisor,2025-07-20,Active
EMP-001581,LOC-0088,Brittany Brewer,Supply Chain,Technician,2025-04-05,Active
EMP-001582,LOC-0061,Sylvia Moore,Operations,Analyst,2019-01-18,Active
EMP-001583,LOC-0049,Thomas Jones,Operations,Engineer,2022-07-05,Active
EMP-001584,LOC-0001,Rebecca Adams,Supply Chain,Supervisor,2022-05-20,Active
EMP-001585,LOC-0012,Holly Doyle,IT,Coordinator,2025-04-02,Active
EMP-001586,LOC-0076,Joshua Reyes Jr.,Finance,Specialist,2024-06-18,Active
EMP-001587,LOC-0061,Peter Murphy,IT,Supervisor,2024-10-01,Active
EMP-001588,LOC-0082,Katelyn Spencer,Operations,Analyst,2024-02-15,Active
EMP-001589,LOC-0019,Jordan West,Supply Chain,Technician,2020-12-07,Active
EMP-001590,LOC-0093,Christopher Giles,IT,Coordinator,2024-10-13,Active
EMP-001591,LOC-0035,Briana Vaughn,Operations,Specialist,2022-08-29,Active
EMP-001592,LOC-0071,Tristan Anderson,Supply Chain,Coordinator,2024-02-05,Active
EMP-001593,LOC-0042,Carolyn Wood,Operations,Supervisor,2023-10-21,Active
EMP-001594,LOC-0021,Bradley Edwards,Operations,Technician,2024-02-06,Active
EMP-001595,LOC-0079,Christopher Wilson,Production,Specialist,2023-11-26,Active
EMP-001596,LOC-0020,John Williams,IT,Engineer,2022-08-04,Active
EMP-001597,LOC-0041,Linda Grant,Production,Manager,2022-01-19,Active
EMP-001598,LOC-0070,Karen Lozano,IT,Manager,2024-05-03,Active
EMP-001599,LOC-0072,Nicholas Long,IT,Coordinator,2020-01-10,Active
EMP-001600,LOC-0005,Dawn Wise,Maintenance,Operator,2023-11-21,Active
EMP-001601,LOC-0090,Belinda Bennett DDS,Operations,Coordinator,2019-05-05,Active
EMP-001602,LOC-0100,Katherine Jones,Operations,Coordinator,2020-10-06,Active
EMP-001603,LOC-0051,Chelsea Villa,Operations,Specialist,2024-03-23,Inactive
EMP-001604,LOC-0050,Lisa Smith,Supply Chain,Technician,2022-12-08,Active
EMP-001605,LOC-0058,Sheila Green,Maintenance,Analyst,2022-07-21,Active
EMP-001607,LOC-0065,Danielle Murray,Supply Chain,Technician,2024-01-17,Active
EMP-001608,LOC-0031,Kelsey Brown,Supply Chain,Manager,2022-08-04,Active
EMP-001609,LOC-0064,Brian Higgins,Supply Chain,Supervisor,2019-08-09,Active
EMP-001610,LOC-0037,Carrie Weiss,Production,Supervisor,2020-06-12,Active
EMP-001611,LOC-0049,Jamie Gilbert,Production,Coordinator,2020-03-25,Active
EMP-001612,LOC-0034,Tracy Crawford,Production,Technician,2024-12-06,Active
EMP-001613,LOC-0030,Brittany Castillo,Production,Specialist,2020-12-29,Active
EMP-001614,LOC-0066,Aaron Colon,Supply Chain,Specialist,2025-04-05,Inactive
EMP-001615,LOC-0060,Tasha Lopez,Operations,Operator,2020-06-27,Active
EMP-001616,LOC-0023,Steven Jackson,Operations,Supervisor,2020-10-19,Active
EMP-001617,LOC-0089,Anthony Garcia,Maintenance,Engineer,2024-07-03,Inactive
EMP-001618,LOC-0028,Donna Baker,Production,Analyst,2025-02-19,Active
EMP-001619,LOC-0091,Jason Payne,Maintenance,Coordinator,2024-09-16,Active
EMP-001620,LOC-0007,Ashley Jefferson,Sales,Manager,2023-07-15,Active
EMP-001621,LOC-0082,William Jackson,Operations,Coordinator,2025-08-01,Active
EMP-001622,LOC-0070,Michael Delacruz,Human Resources,Engineer,2021-09-06,Active
EMP-001623,LOC-0023,Ashley Taylor,Operations,Manager,2021-04-26,Active
EMP-001624,LOC-0042,Samantha Lewis,Operations,Supervisor,2023-08-05,Inactive
EMP-001625,LOC-0021,Patricia Liu,Operations,Specialist,2023-09-01,Active
EMP-001626,LOC-0084,Monica Thomas MD,Operations,Coordinator,2020-09-05,Active
EMP-001627,LOC-0064,Judith Jacobs,Supply Chain,Specialist,2025-08-09,Active
EMP-001628,LOC-0041,Heidi Hernandez,IT,Engineer,2022-12-25,Active
EMP-001629,LOC-0096,Christine Huang,Supply Chain,Supervisor,2023-05-10,Active
EMP-001630,LOC-0028,Donald Lee,Production,Engineer,2024-11-16,Active
EMP-001631,LOC-0055,Anthony Smith,Production,Supervisor,2023-10-11,Active
EMP-001632,LOC-0007,Hannah Neal,IT,Supervisor,2020-07-15,Active
EMP-001633,LOC-0020,Marissa Shepard,Production,Specialist,2025-12-22,Active
EMP-001634,LOC-0065,George Schmitt,Production,Engineer,2025-11-11,Active
EMP-001635,LOC-0030,Donald Jimenez,Operations,Analyst,2023-09-11,Active
EMP-001636,LOC-0059,Juan Jones,Supply Chain,Specialist,2024-05-06,Active
EMP-001637,LOC-0002,Mark Drake,IT,Coordinator,2023-07-10,Active
EMP-001638,LOC-0064,Barbara Carpenter,Maintenance,Analyst,2024-04-05,Active
EMP-001639,LOC-0021,Charles Briggs,Maintenance,Operator,2022-12-16,Active
EMP-001640,LOC-0072,Matthew Pena,Supply Chain,Coordinator,2020-09-07,Active
EMP-001641,LOC-0082,Ashley Baker,Production,Analyst,2020-08-19,Active
EMP-001642,LOC-0025,Mrs. Kari Lewis,Operations,Specialist,2025-04-14,Active
EMP-001643,LOC-0095,Omar Bell,Production,Technician,2021-10-13,Active
EMP-001644,LOC-0060,James Thompson,IT,Technician,2021-07-09,Inactive
EMP-001645,LOC-0018,Richard Hughes,Production,Operator,2025-05-09,Active
EMP-001646,LOC-0062,Gregory Carroll,Operations,Technician,2022-03-27,Active
EMP-001647,LOC-0049,Beverly Brewer,Supply Chain,Operator,2022-12-13,Active
EMP-001648,LOC-0082,Joshua Thomas,Finance,Supervisor,2020-09-12,Active
EMP-001649,LOC-0022,Joan Ellison,Sales,Engineer,2024-07-26,Active
EMP-001650,LOC-0027,Nancy Burton,Operations,Technician,2022-12-31,Active
EMP-001651,LOC-0030,John Brewer,Production,Supervisor,2024-06-21,Active
EMP-001652,LOC-0087,Mark Wright,Operations,Supervisor,2023-03-04,Active
EMP-001653,LOC-0095,Jennifer Roth,Production,Engineer,2019-08-17,Active
EMP-001654,LOC-0057,Anthony Mcmillan,Supply Chain,Engineer,2021-07-29,Active
EMP-001655,LOC-0049,Darin Ramsey,Production,Technician,2023-01-10,Active
EMP-001656,LOC-0090,Tina Steele,Maintenance,Supervisor,2024-06-25,Active
EMP-001657,LOC-0076,Andrew Hubbard,Operations,Supervisor,2023-12-23,Active
EMP-001658,LOC-0022,Casey Kaiser,Human Resources,Technician,2019-06-26,Active
EMP-001659,LOC-0089,William Brown,Maintenance,Manager,2025-12-11,Active
EMP-001660,LOC-0006,Bonnie Wolf,Operations,Specialist,2019-04-30,Active
EMP-001661,LOC-0090,Kathleen Parker,Operations,Supervisor,2020-03-08,Inactive
EMP-001662,LOC-0095,Michael Barnett,Production,Manager,2021-03-16,Active
EMP-001663,LOC-0066,Melinda Sanders,Finance,Analyst,2019-11-03,Active
EMP-001664,LOC-0043,Theresa Lawson,Human Resources,Technician,2021-08-13,Active
EMP-001666,LOC-0020,Kathy Mcintyre,Sales,Supervisor,2020-02-21,Inactive
EMP-001667,LOC-0057,Patricia Beck,Operations,Engineer,2023-07-03,Active
EMP-001668,LOC-0005,Alicia Gonzales,Production,Analyst,2025-10-10,Active
EMP-001669,LOC-0019,Tina Dean PhD,Human Resources,Analyst,2020-06-26,Active
EMP-001670,LOC-0091,Daniel Mitchell,Operations,Engineer,2021-08-10,Active
EMP-001671,LOC-0035,Sarah Young,Supply Chain,Supervisor,2023-01-31,Active
EMP-001672,LOC-0006,Christine Miller,Supply Chain,Supervisor,2019-05-06,Active
EMP-001674,LOC-0096,Dorothy Mitchell,Operations,Analyst,2022-09-15,Active
EMP-001675,LOC-0047,Dr. Catherine Wilkinson,Operations,Coordinator,2020-06-27,Active
EMP-001676,LOC-0024,Jordan Thomas,Human Resources,Engineer,2022-07-11,Active
EMP-001677,LOC-0025,Drew Dean,Operations,Specialist,2019-04-25,Active
EMP-001678,LOC-0099,Michael Gentry DDS,Operations,Engineer,2021-09-02,Active
EMP-001679,LOC-0042,Dana Lopez,Production,Coordinator,2024-03-16,Active
EMP-001680,LOC-0041,Colleen Russell,Maintenance,Analyst,2019-04-14,Active
EMP-001681,LOC-0085,David Anderson,Sales,Manager,2023-01-03,Active
EMP-001682,LOC-0027,Joshua Moore,Sales,Manager,2019-11-15,Inactive
EMP-001683,LOC-0074,Travis Reese,IT,Analyst,2025-08-05,Active
EMP-001684,LOC-0001,Heidi Sawyer,Human Resources,Analyst,2020-07-15,Active
EMP-001685,LOC-0083,Jeff Collins,Production,Technician,2022-08-19,Inactive
EMP-001686,LOC-0008,Jennifer Bishop,IT,Operator,2022-05-31,Active
EMP-001687,LOC-0077,Shelia Myers,Operations,Analyst,2023-02-05,Active
EMP-001689,LOC-0064,Maria Bridges,Maintenance,Specialist,2023-06-24,Active
EMP-001690,LOC-0042,Steve Hardin,Maintenance,Specialist,2024-08-31,Active
EMP-001691,LOC-0009,Alexander Brown,Sales,Coordinator,2023-03-08,Active
EMP-001692,LOC-0065,David Hale,Supply Chain,Analyst,2021-03-10,Active
EMP-001693,LOC-0077,Albert Hunter,Maintenance,Supervisor,2024-12-26,Active
EMP-001694,LOC-0052,Christopher Smith,Human Resources,Specialist,2019-12-31,Active
EMP-001695,LOC-0096,Olivia Walls,IT,Engineer,2025-08-20,Active
EMP-001696,LOC-0013,Michael Rowland,Production,Supervisor,2023-10-04,Inactive
EMP-001697,LOC-0044,Erika Ramos,Supply Chain,Coordinator,2023-09-15,Active
EMP-001698,LOC-0009,April Jones,Operations,Engineer,2023-05-07,Active
EMP-001699,LOC-0065,Robert Walsh,Human Resources,Analyst,2021-09-24,Active
EMP-001700,LOC-0090,Barbara Chen,Finance,Operator,2019-05-09,Inactive
EMP-001701,LOC-0061,Cheryl Lewis,Operations,Analyst,2020-03-13,Active
EMP-001702,LOC-0005,Shelly Hensley,Maintenance,Manager,2019-10-19,Active
EMP-001703,LOC-0069,Taylor Weber,Operations,Analyst,2023-06-21,Active
EMP-001704,LOC-0072,Casey Campbell,Sales,Technician,2019-04-14,Active
EMP-001705,LOC-0043,Matthew Klein,Operations,Specialist,2019-11-09,Active
EMP-001706,LOC-0042,Tiffany Farrell,Operations,Engineer,2023-12-22,Active
EMP-001707,LOC-0085,Cory Myers,Human Resources,Supervisor,2021-10-26,Active
EMP-001708,LOC-0046,Rebecca Williams,Supply Chain,Coordinator,2025-02-16,Active
EMP-001709,LOC-0064,Alexis Le,Production,Specialist,2023-01-18,Active
EMP-001710,LOC-0014,Kerry Robinson,Production,Operator,2019-02-02,Inactive
EMP-001711,LOC-0023,Brian Bradshaw,Operations,Supervisor,2023-11-25,Active
EMP-001712,LOC-0071,Martin Campbell,Production,Analyst,2019-01-04,Active
EMP-001713,LOC-0024,Shelby Paul,Finance,Coordinator,2024-03-02,Inactive
EMP-001714,LOC-0062,Katie Ramirez,Production,Specialist,2022-12-08,Active
EMP-001715,LOC-0087,Monique Garcia,IT,Coordinator,2024-02-13,Active
EMP-001716,LOC-0034,Alexandra Fritz,Production,Manager,2023-02-09,Active
EMP-001717,LOC-0069,Victoria Price,Operations,Operator,2025-07-09,Active
EMP-001718,LOC-0043,Donald Hahn,Operations,Engineer,2025-11-14,Active
EMP-001719,LOC-0042,Patricia Dennis,Operations,Specialist,2022-12-18,Active
EMP-001720,LOC-0099,Alicia Glenn,Production,Specialist,2022-11-04,Inactive
EMP-001721,LOC-0011,Crystal Wolfe,Sales,Analyst,2021-07-29,Active
EMP-001722,LOC-0085,Brian Brown,Sales,Coordinator,2019-09-08,Active
EMP-001723,LOC-0066,Kathryn Peterson,Supply Chain,Technician,2019-07-08,Active
EMP-001724,LOC-0003,Justin Rodriguez,Operations,Coordinator,2025-05-17,Active
EMP-001725,LOC-0011,Kevin Turner,Finance,Coordinator,2025-12-30,Active
EMP-001726,LOC-0097,Jessica Byrd,Supply Chain,Engineer,2024-02-18,Active
EMP-001727,LOC-0011,James Wu,Maintenance,Specialist,2025-11-18,Active
EMP-001728,LOC-0060,Karen Snyder,Maintenance,Analyst,2019-05-02,Active
EMP-001729,LOC-0006,David Avila,Maintenance,Specialist,2024-06-16,Inactive
EMP-001730,LOC-0071,Jacob May,Operations,Engineer,2019-05-22,Active
EMP-001731,LOC-0017,Sarah Robinson,Supply Chain,Operator,2019-01-22,Active
EMP-001732,LOC-0043,Robert Arias,Operations,Operator,2020-01-21,Active
EMP-001733,LOC-0006,Larry Lopez,Supply Chain,Analyst,2025-10-03,Active
EMP-001734,LOC-0001,Duane Nelson,Sales,Analyst,2020-10-11,Active
EMP-001735,LOC-0081,Kelli Hoover,Production,Manager,2024-11-21,Inactive
EMP-001736,LOC-0079,Miss Patricia Payne DDS,Human Resources,Specialist,2019-10-23,Active
EMP-001737,LOC-0060,Joseph Howard,Production,Engineer,2024-11-13,Active
EMP-001738,LOC-0065,Jennifer Robinson,Human Resources,Supervisor,2025-11-28,Active
EMP-001739,LOC-0086,Tina Larson,IT,Coordinator,2023-03-06,Active
EMP-001740,LOC-0089,Michael Wiley,Supply Chain,Engineer,2022-01-21,Active
EMP-001741,LOC-0045,Karen Garcia,IT,Engineer,2025-02-16,Active
EMP-001742,LOC-0019,Kevin Gentry,Production,Coordinator,2019-03-11,Active
EMP-001743,LOC-0058,Jasmine Johnson,Sales,Analyst,2024-11-22,Active
EMP-001744,LOC-0086,Leah Gray,Production,Analyst,2020-05-11,Active
EMP-001745,LOC-0060,Amy Adams,IT,Coordinator,2024-03-21,Active
EMP-001746,LOC-0056,James Casey,Production,Engineer,2020-11-06,Active
EMP-001747,LOC-0003,Jesse Smith,IT,Supervisor,2021-05-30,Active
EMP-001748,LOC-0024,Maria Gardner,Production,Coordinator,2019-05-21,Active
EMP-001749,LOC-0093,Jason Lawrence,Maintenance,Engineer,2020-07-25,Active
EMP-001750,LOC-0091,Tammy Ward,Operations,Specialist,2024-12-30,Inactive
EMP-001751,LOC-0098,Timothy Everett,Production,Specialist,2019-05-24,Inactive
EMP-001752,LOC-0027,Lisa Allen,Operations,Engineer,2023-05-19,Active
EMP-001753,LOC-0076,Thomas Woods,Supply Chain,Supervisor,2020-05-15,Active
EMP-001754,LOC-0020,Adam Butler,Supply Chain,Specialist,2019-12-23,Active
EMP-001755,LOC-0033,Kyle Young,Human Resources,Manager,2024-05-06,Active
EMP-001756,LOC-0071,Ethan Nguyen,Operations,Specialist,2020-11-23,Active
EMP-001757,LOC-0021,Zoe Nelson,Production,Specialist,2024-08-02,Active
EMP-001758,LOC-0054,Laura Rosales,Operations,Supervisor,2021-10-19,Active
EMP-001759,LOC-0033,Heather Leon,Production,Technician,2019-10-06,Active
EMP-001760,LOC-0038,Yvonne Robinson,Maintenance,Coordinator,2020-01-24,Active
EMP-001761,LOC-0071,Ronald Perez,Supply Chain,Specialist,2019-11-16,Active
EMP-001762,LOC-0049,Stephen Miranda,Operations,Engineer,2023-05-05,Active
EMP-001764,LOC-0004,Wanda Garcia,Operations,Manager,2020-08-06,Active
EMP-001765,LOC-0020,Julie Cox,Maintenance,Analyst,2023-06-26,Active
EMP-001766,LOC-0009,Jeffrey Burns,Sales,Specialist,2022-08-20,Active
EMP-001767,LOC-0051,Daniel Reynolds,Sales,Operator,2023-05-18,Active
EMP-001768,LOC-0038,Kendra Thomas,Operations,Manager,2019-08-08,Active
EMP-001769,LOC-0092,Andrew Elliott MD,Operations,Coordinator,2019-12-17,Active
EMP-001770,LOC-0064,Cindy Callahan,IT,Engineer,2020-07-19,Active
EMP-001771,LOC-0069,Jennifer Mckenzie,Production,Operator,2024-09-05,Active
EMP-001772,LOC-0070,Chris Garza,Production,Supervisor,2025-02-11,Active
EMP-001773,LOC-0008,Greg Harmon,Production,Supervisor,2021-02-13,Active
EMP-001774,LOC-0002,Joel Martinez,Production,Analyst,2025-12-09,Active
EMP-001775,LOC-0015,Russell Singleton,Production,Coordinator,2024-07-26,Active
EMP-001776,LOC-0030,Sean Navarro,Finance,Analyst,2024-01-21,Active
EMP-001777,LOC-0022,Michael Figueroa,Maintenance,Engineer,2022-05-06,Active
EMP-001778,LOC-0086,Michelle Davis,Human Resources,Specialist,2020-05-21,Active
EMP-001779,LOC-0052,Sonia Rivas,Operations,Supervisor,2023-05-24,Active
EMP-001780,LOC-0022,Jose Page,Maintenance,Engineer,2022-01-26,Active
EMP-001781,LOC-0056,Steven Robles,IT,Specialist,2025-01-05,Active
EMP-001783,LOC-0091,Peggy Vance,Sales,Coordinator,2022-07-27,Inactive
EMP-001784,LOC-0093,Anthony Fox,Production,Engineer,2021-06-28,Active
EMP-001785,LOC-0041,Jason Munoz,Human Resources,Analyst,2019-12-07,Active
EMP-001786,LOC-0028,Veronica Brown,Sales,Coordinator,2020-12-04,Inactive
EMP-001787,LOC-0100,Joshua Sutton,Maintenance,Technician,2020-11-03,Active
EMP-001788,LOC-0007,Yvonne Hughes,IT,Manager,2023-02-03,Active
EMP-001789,LOC-0061,Elizabeth Lowery,Operations,Coordinator,2024-09-29,Active
EMP-001790,LOC-0031,Brandon Daniels,Production,Technician,2022-08-14,Active
EMP-001791,LOC-0097,Laura Sanchez,Supply Chain,Technician,2022-03-09,Active
EMP-001792,LOC-0080,Ronald Oconnell,IT,Technician,2023-05-18,Active
EMP-001793,LOC-0008,Jared Robinson,Finance,Operator,2021-03-24,Active
EMP-001794,LOC-0023,Gary Lowe II,Operations,Technician,2020-05-25,Active
EMP-001795,LOC-0002,Kyle Baker,Supply Chain,Technician,2020-07-18,Active
EMP-001796,LOC-0084,Alexandra Adams,Operations,Supervisor,2022-02-08,Active
EMP-001797,LOC-0007,Dawn King,Operations,Technician,2024-10-14,Active
EMP-001798,LOC-0050,Morgan Anderson,Sales,Supervisor,2025-09-18,Active
EMP-001799,LOC-0063,Roger Elliott,Production,Technician,2024-11-08,Active
EMP-001800,LOC-0053,Keith Meyer,Operations,Operator,2019-10-25,Active
EMP-001801,LOC-0033,Katherine Baker,Finance,Engineer,2024-12-28,Active
EMP-001802,LOC-0060,Margaret Douglas,Operations,Manager,2023-10-20,Active
EMP-001803,LOC-0077,Juan Glenn,Supply Chain,Operator,2021-07-10,Active
EMP-001804,LOC-0012,Pamela Sanchez,Production,Coordinator,2025-08-02,Active
EMP-001805,LOC-0045,Eugene Edwards,Supply Chain,Technician,2023-09-25,Active
EMP-001806,LOC-0086,Christopher Terry,Operations,Operator,2020-05-19,Active
EMP-001807,LOC-0045,Nicholas Perry Jr.,Operations,Coordinator,2019-04-24,Active
EMP-001808,LOC-0058,Cynthia Stein,Production,Coordinator,2021-01-18,Active
EMP-001809,LOC-0063,Kimberly Foley,Production,Manager,2025-02-18,Active
EMP-001810,LOC-0035,Jordan Jefferson,Maintenance,Operator,2024-03-08,Inactive
EMP-001811,LOC-0055,Mallory Harris,Operations,Engineer,2024-06-22,Active
EMP-001812,LOC-0061,Gabriel Bradshaw,Supply Chain,Analyst,2021-03-18,Active
EMP-001813,LOC-0036,Kevin Ward,Sales,Technician,2020-10-17,Active
EMP-001814,LOC-0011,Rhonda Nash,Maintenance,Specialist,2024-09-05,Active
EMP-001815,LOC-0045,Brent Harper,Production,Manager,2021-02-06,Active
EMP-001816,LOC-0017,Mr. Matthew Bruce,Operations,Technician,2023-10-02,Active
EMP-001817,LOC-0028,James Martin,Operations,Analyst,2020-03-16,Active
EMP-001818,LOC-0051,Robert Moran,Supply Chain,Coordinator,2019-09-26,Active
EMP-001819,LOC-0090,David Knapp,Operations,Analyst,2020-08-17,Active
EMP-001820,LOC-0053,Steve Rivera,IT,Operator,2024-08-07,Active
EMP-001821,LOC-0041,Brittany White,Supply Chain,Supervisor,2021-02-19,Active
EMP-001822,LOC-0038,Matthew Tucker,Maintenance,Coordinator,2021-08-18,Active
EMP-001823,LOC-0024,Dustin Bender,Finance,Supervisor,2023-02-11,Active
EMP-001824,LOC-0028,Gloria Griffith,Operations,Engineer,2021-10-08,Active
EMP-001825,LOC-0024,Rodney Conley,IT,Coordinator,2023-08-18,Inactive
EMP-001826,LOC-0003,Alexander Scott,Supply Chain,Technician,2020-03-12,Active
EMP-001827,LOC-0028,Sheryl Valencia,Maintenance,Supervisor,2020-05-12,Active
EMP-001828,LOC-0079,Christopher Griffin,Supply Chain,Manager,2022-02-22,Inactive
EMP-001829,LOC-0024,Rachael Christensen,Operations,Analyst,2021-07-13,Active
EMP-001830,LOC-0059,Dennis Garcia,Sales,Operator,2019-12-09,Active
EMP-001831,LOC-0098,Evan Floyd,Human Resources,Specialist,2025-10-03,Active
EMP-001832,LOC-0006,Jennifer Taylor,Operations,Operator,2022-03-13,Active
EMP-001833,LOC-0009,Joshua Davis,Operations,Technician,2019-04-04,Active
EMP-001834,LOC-0072,Amy Ellis,Operations,Manager,2020-09-23,Active
EMP-001835,LOC-0050,John Martin,Finance,Engineer,2019-12-25,Active
EMP-001836,LOC-0020,Monica Wagner,Operations,Operator,2019-09-07,Inactive
EMP-001837,LOC-0050,Beverly Long,Supply Chain,Coordinator,2020-04-04,Active
EMP-001838,LOC-0094,Sara Carlson,Sales,Analyst,2023-03-14,Active
EMP-001839,LOC-0094,Margaret Day,Operations,Specialist,2024-10-24,Active
EMP-001840,LOC-0070,Meghan Mathis,Supply Chain,Specialist,2022-08-08,Active
EMP-001841,LOC-0021,Sarah Jones,Operations,Engineer,2023-09-30,Active
EMP-001842,LOC-0023,Kyle Stone,Sales,Specialist,2022-08-19,Active
EMP-001843,LOC-0029,Alyssa Porter,Operations,Specialist,2020-03-21,Active
EMP-001844,LOC-0056,Justin Mendoza,Maintenance,Specialist,2020-09-04,Active
EMP-001845,LOC-0025,Emma Quinn,Sales,Engineer,2025-05-10,Active
EMP-001846,LOC-0091,Jonathon Williams,IT,Manager,2022-08-20,Active
EMP-001847,LOC-0036,Paige Perkins,Operations,Coordinator,2025-11-06,Active
EMP-001848,LOC-0010,Brian Baker,Maintenance,Engineer,2020-07-12,Active
EMP-001849,LOC-0047,Jennifer Cohen,Production,Analyst,2019-07-25,Active
EMP-001850,LOC-0046,Heather Vargas,Production,Engineer,2022-08-04,Active
EMP-001851,LOC-0027,Bryan Carter,Operations,Engineer,2024-12-03,Active
EMP-001852,LOC-0074,Wendy Flores,Maintenance,Supervisor,2021-12-25,Active
EMP-001853,LOC-0074,James Edwards,Human Resources,Coordinator,2022-08-20,Active
EMP-001854,LOC-0092,Christopher Williams,Operations,Operator,2022-10-27,Active
EMP-001855,LOC-0013,Lisa Barton,Operations,Technician,2024-04-15,Active
EMP-001856,LOC-0045,Laura Smith,Operations,Supervisor,2019-04-14,Active
EMP-001857,LOC-0001,Jennifer Jackson,Sales,Manager,2023-09-02,Active
EMP-001858,LOC-0080,Michael Alvarez,Sales,Specialist,2020-11-06,Active
EMP-001859,LOC-0082,Valerie Jordan,Production,Supervisor,2022-10-25,Active
EMP-001860,LOC-0071,George Campbell,Maintenance,Manager,2024-07-13,Active
EMP-001861,LOC-0024,Carla Chase,Operations,Manager,2022-05-30,Active
EMP-001862,LOC-0091,Henry Anderson,Supply Chain,Engineer,2020-08-14,Active
EMP-001863,LOC-0090,Phillip Cruz,Supply Chain,Engineer,2022-01-03,Active
EMP-001864,LOC-0065,John Monroe,Operations,Engineer,2024-11-04,Active
EMP-001865,LOC-0059,Lisa Fuentes MD,IT,Engineer,2024-07-19,Inactive
EMP-001866,LOC-0057,John Carroll,Maintenance,Supervisor,2022-06-22,Inactive
EMP-001867,LOC-0012,Samuel Lawrence,Maintenance,Engineer,2025-09-10,Active
EMP-001868,LOC-0023,Matthew Scott,Operations,Technician,2020-05-21,Active
EMP-001869,LOC-0043,Arthur Evans,Maintenance,Analyst,2024-03-21,Active
EMP-001871,LOC-0009,Keith Dillon,Operations,Supervisor,2024-09-24,Active
EMP-001872,LOC-0091,Lisa Green,Production,Supervisor,2023-10-16,Active
EMP-001873,LOC-0090,Stephanie Lopez,IT,Analyst,2023-02-08,Active
EMP-001874,LOC-0092,Carmen Johnson,Maintenance,Coordinator,2021-09-23,Active
EMP-001875,LOC-0028,Shannon Roman,Finance,Coordinator,2019-07-23,Active
EMP-001876,LOC-0068,Crystal Cook,Supply Chain,Specialist,2019-11-02,Active
EMP-001877,LOC-0039,Oscar Wagner,Human Resources,Specialist,2019-10-16,Active
EMP-001878,LOC-0096,Briana Nguyen,IT,Supervisor,2022-07-18,Active
EMP-001879,LOC-0044,Gina English,Supply Chain,Operator,2025-03-20,Active
EMP-001880,LOC-0019,Jason Frey,Operations,Supervisor,2025-12-30,Active
EMP-001881,LOC-0029,Donna Johnson,Human Resources,Operator,2023-03-15,Active
EMP-001882,LOC-0012,Anna Smith,IT,Engineer,2023-04-05,Active
EMP-001883,LOC-0100,Catherine Hayes,Maintenance,Supervisor,2019-03-29,Active
EMP-001884,LOC-0096,John Rodriguez,Operations,Engineer,2024-12-30,Active
EMP-001885,LOC-0005,Christina Pope,Maintenance,Supervisor,2025-04-23,Active
EMP-001886,LOC-0052,Stephen Clark,Supply Chain,Engineer,2020-06-18,Active
EMP-001887,LOC-0042,David Edwards,Production,Operator,2023-07-08,Active
EMP-001888,LOC-0045,Brittany Nelson,Sales,Manager,2019-11-21,Active
EMP-001889,LOC-0057,David Walker,Operations,Technician,2020-11-15,Active
EMP-001890,LOC-0064,Jason Holland,IT,Analyst,2021-06-16,Active
EMP-001891,LOC-0077,Michael Smith,Supply Chain,Specialist,2021-07-11,Active
EMP-001892,LOC-0068,Allen Arroyo,Maintenance,Specialist,2023-09-17,Active
EMP-001893,LOC-0020,Grant Martin,Operations,Analyst,2023-08-20,Active
EMP-001894,LOC-0052,Erin Salazar,Human Resources,Coordinator,2019-04-12,Active
EMP-001895,LOC-0001,April Brown,Supply Chain,Manager,2024-08-27,Active
EMP-001896,LOC-0009,Alison Thomas,Production,Engineer,2021-11-25,Active
EMP-001897,LOC-0037,Cassandra Castillo,Supply Chain,Analyst,2020-07-26,Active
EMP-001898,LOC-0002,Bailey Jenkins,Finance,Technician,2019-08-05,Inactive
EMP-001899,LOC-0028,Monica Ward,Production,Engineer,2024-03-25,Active
EMP-001900,LOC-0036,Christopher Smith,Maintenance,Analyst,2020-05-29,Active
EMP-001901,LOC-0065,Julie Gilbert,Sales,Coordinator,2021-12-03,Active
EMP-001902,LOC-0090,Robert Campbell DDS,Operations,Manager,2022-04-15,Active
EMP-001903,LOC-0061,Mr. Anthony Soto Jr.,Human Resources,Analyst,2025-08-08,Active
EMP-001904,LOC-0097,Nicole Ray,Operations,Analyst,2021-05-03,Active
EMP-001905,LOC-0056,Gregory Holmes,Production,Operator,2019-07-24,Active
EMP-001906,LOC-0086,Alan Harris,Sales,Specialist,2020-10-03,Active
EMP-001907,LOC-0007,Matthew Lopez,Operations,Coordinator,2024-09-08,Active
EMP-001908,LOC-0012,Kevin Rodriguez,Production,Analyst,2024-01-09,Active
EMP-001909,LOC-0035,Danielle Turner,Supply Chain,Specialist,2025-06-07,Active
EMP-001910,LOC-0024,Jason Clark,Sales,Analyst,2025-04-15,Active
EMP-001911,LOC-0030,Brian Collins,Production,Engineer,2020-02-26,Active
EMP-001912,LOC-0075,Kara Kline,Human Resources,Technician,2025-01-18,Active
EMP-001913,LOC-0054,Paula Fitzgerald,Operations,Manager,2019-02-23,Active
EMP-001914,LOC-0049,Edwin Flores,Human Resources,Coordinator,2022-07-28,Active
EMP-001915,LOC-0055,James Kaiser,Sales,Operator,2022-11-14,Active
EMP-001916,LOC-0037,William Conway,Operations,Operator,2021-07-19,Active
EMP-001917,LOC-0059,Kristen Howard,Sales,Operator,2025-12-10,Active
EMP-001918,LOC-0022,Brian Moore,Operations,Technician,2023-10-03,Active
EMP-001919,LOC-0008,Christopher Smith,Production,Technician,2021-08-16,Active
EMP-001920,LOC-0004,Leroy Spencer,Maintenance,Technician,2024-04-18,Active
EMP-001921,LOC-0063,Patricia Marshall,Finance,Supervisor,2021-01-01,Active
EMP-001922,LOC-0024,Jill Walsh,Supply Chain,Specialist,2020-08-02,Active
EMP-001923,LOC-0063,Yvette Williams,Sales,Manager,2019-09-11,Active
EMP-001924,LOC-0012,Emily Proctor,Operations,Manager,2023-10-26,Active
EMP-001925,LOC-0024,Tiffany Smith,Production,Manager,2024-10-01,Active
EMP-001926,LOC-0039,Jay Thomas,Production,Specialist,2022-07-25,Active
EMP-001927,LOC-0030,Jacqueline Cox,Human Resources,Specialist,2025-09-15,Active
EMP-001928,LOC-0076,Joshua Aguilar,Operations,Analyst,2019-10-28,Active
EMP-001929,LOC-0086,John Morales,Operations,Coordinator,2025-06-02,Active
EMP-001930,LOC-0095,Annette Allen,Production,Operator,2020-07-30,Active
EMP-001931,LOC-0037,Joseph Ballard,Operations,Supervisor,2021-10-06,Active
EMP-001932,LOC-0082,Michael Jacobs,Operations,Technician,2019-08-12,Active
EMP-001933,LOC-0091,Debra Lopez,Operations,Supervisor,2019-07-19,Active
EMP-001934,LOC-0002,Billy Walker,Production,Engineer,2025-12-24,Active
EMP-001935,LOC-0013,Alexis Camacho,Supply Chain,Manager,2025-02-11,Active
EMP-001936,LOC-0028,Vickie Lang,Finance,Analyst,2021-05-28,Inactive
EMP-001937,LOC-0069,Brittany Hampton,IT,Operator,2022-08-03,Active
EMP-001938,LOC-0018,Oscar Dixon,Production,Specialist,2022-10-15,Active
EMP-001939,LOC-0056,Jasmine Huber,Human Resources,Manager,2020-03-30,Active
EMP-001940,LOC-0088,Kiara Ferguson,Sales,Specialist,2025-03-06,Active
EMP-001941,LOC-0077,Kelli Stephens,Production,Manager,2021-11-17,Active
EMP-001942,LOC-0020,Elijah Ortiz,Finance,Specialist,2022-10-28,Active
EMP-001943,LOC-0098,Patrick Perez,Operations,Supervisor,2024-12-02,Active
EMP-001944,LOC-0036,Leroy Manning,IT,Coordinator,2025-02-17,Active
EMP-001946,LOC-0091,Douglas Hill,IT,Technician,2025-06-02,Active
EMP-001947,LOC-0036,Amy Heath,Operations,Engineer,2019-06-05,Active
EMP-001948,LOC-0007,Kelsey Hoover,Production,Engineer,2019-10-21,Active
EMP-001950,LOC-0063,Amanda Rice,Operations,Analyst,2020-01-31,Active
EMP-001951,LOC-0067,Andrew Wheeler,Human Resources,Supervisor,2019-09-03,Active
EMP-001952,LOC-0047,Kyle Trevino,Production,Engineer,2020-08-23,Active
EMP-001953,LOC-0020,Anthony Hernandez,Operations,Technician,2023-06-22,Inactive
EMP-001955,LOC-0087,Dr. Laurie Parker MD,Finance,Analyst,2021-11-11,Active
EMP-001956,LOC-0043,Ricardo Singleton,Production,Engineer,2024-01-23,Active
EMP-001957,LOC-0053,John Rocha,Human Resources,Technician,2025-09-14,Active
EMP-001958,LOC-0064,Patrick Clark,Supply Chain,Manager,2019-07-13,Active
EMP-001959,LOC-0057,Katherine Davis,Operations,Engineer,2025-12-31,Active
EMP-001960,LOC-0036,John Lee,Operations,Coordinator,2020-11-15,Active
EMP-001961,LOC-0045,Juan Baker,IT,Specialist,2025-03-08,Active
EMP-001962,LOC-0085,Gabriel Mcdonald,Operations,Engineer,2023-05-31,Active
EMP-001963,LOC-0084,Patricia Cook,Operations,Supervisor,2023-12-20,Active
EMP-001964,LOC-0027,Tara Bishop,Operations,Engineer,2019-06-05,Active
EMP-001965,LOC-0011,Peter Cantrell,Operations,Manager,2019-07-14,Active
EMP-001966,LOC-0034,Aaron Carey,Production,Engineer,2019-01-24,Active
EMP-001967,LOC-0026,Anne Johnson,Production,Technician,2025-08-20,Active
EMP-001968,LOC-0013,Mr. David Ortega MD,Operations,Specialist,2022-07-29,Active
EMP-001969,LOC-0059,Tasha Garrison,Maintenance,Analyst,2025-07-21,Active
EMP-001970,LOC-0010,Joseph Wood,Sales,Operator,2024-06-05,Active
EMP-001971,LOC-0029,Leslie Harris,Operations,Engineer,2023-04-22,Active
EMP-001972,LOC-0094,Brian Jordan,Maintenance,Engineer,2020-06-03,Active
EMP-001973,LOC-0026,Eric Graham,IT,Manager,2020-07-11,Active
EMP-001974,LOC-0034,George Mcclure,Operations,Operator,2024-10-02,Active
EMP-001975,LOC-0099,Harry Hanson,Maintenance,Coordinator,2023-11-22,Active
EMP-001976,LOC-0054,Katherine Taylor,Supply Chain,Manager,2019-10-21,Active
EMP-001977,LOC-0008,Thomas Jackson,Production,Coordinator,2019-11-28,Active
EMP-001978,LOC-0066,Patricia Fernandez,Production,Coordinator,2021-11-04,Active
EMP-001979,LOC-0021,Brittany Irwin,Sales,Coordinator,2023-10-05,Active
EMP-001980,LOC-0010,Lisa Garner,Supply Chain,Analyst,2025-03-11,Active
EMP-001981,LOC-0019,Teresa Kramer,Supply Chain,Coordinator,2023-01-22,Active
EMP-001982,LOC-0024,Keith Brooks,Supply Chain,Engineer,2019-09-27,Active
EMP-001983,LOC-0042,Kelly Stein,Finance,Analyst,2021-01-25,Active
EMP-001984,LOC-0051,Alexis Rogers,Supply Chain,Coordinator,2020-09-28,Active
EMP-001985,LOC-0018,Blake Wallace,Operations,Operator,2024-06-10,Active
EMP-001986,LOC-0006,Matthew Gonzales,Finance,Coordinator,2024-12-17,Active
EMP-001987,LOC-0084,Lisa Peterson,IT,Operator,2020-01-27,Inactive
EMP-001988,LOC-0056,Mark Sherman,Operations,Engineer,2024-12-01,Active
EMP-001989,LOC-0090,Jennifer Chang,Maintenance,Manager,2024-02-13,Active
EMP-001990,LOC-0088,Amanda Ruiz,Supply Chain,Manager,2023-10-23,Active
EMP-001991,LOC-0011,Melissa Patel DDS,Human Resources,Supervisor,2024-07-19,Active
EMP-001992,LOC-0013,Mrs. Kaitlyn Christian MD,Operations,Manager,2020-06-18,Active
EMP-001993,LOC-0086,Cheryl Taylor,Production,Engineer,2022-01-07,Active
EMP-001994,LOC-0005,Noah Bradley,Maintenance,Specialist,2025-09-07,Active
EMP-001995,LOC-0077,Patricia Mcdonald,Finance,Manager,2021-12-09,Active
EMP-001996,LOC-0028,Scott Franco,Production,Coordinator,2022-11-20,Active
EMP-001997,LOC-0051,David Davis,Human Resources,Analyst,2020-03-04,Active
EMP-001998,LOC-0052,Alexis Gomez,Finance,Specialist,2019-07-12,Active
EMP-001999,LOC-0037,Nathan Avery,Operations,Technician,2024-06-12,Active
EMP-002000,LOC-0088,Sydney Logan,Human Resources,Coordinator,2025-12-03,Active
EMP-002001,LOC-0044,Seth Kelly,Finance,Analyst,2024-04-10,Active
EMP-002002,LOC-0052,Lawrence Davis,Production,Supervisor,2023-10-29,Active
EMP-002003,LOC-0051,Sandra Hendricks,Maintenance,Supervisor,2025-01-07,Active
EMP-002004,LOC-0083,Jordan Russell,Production,Engineer,2024-11-06,Active
EMP-002005,LOC-0046,Robin Barnes,Production,Coordinator,2020-04-08,Active
EMP-002006,LOC-0074,Teresa Elliott,IT,Supervisor,2025-02-01,Active
EMP-002007,LOC-0040,Cindy Armstrong,Operations,Supervisor,2024-08-21,Active
EMP-002008,LOC-0051,Christopher Smith,Production,Analyst,2025-12-07,Inactive
EMP-002009,LOC-0081,Robert Diaz,Sales,Technician,2020-04-08,Inactive
EMP-002010,LOC-0050,James Gutierrez,Sales,Operator,2024-02-22,Active
EMP-002011,LOC-0019,Carol Sanchez,Production,Technician,2019-06-02,Active
EMP-002012,LOC-0044,Charles Martin,Operations,Operator,2020-12-01,Active
EMP-002013,LOC-0091,Noah Ford,IT,Manager,2020-06-29,Active
EMP-002014,LOC-0009,Teresa Coleman,Supply Chain,Analyst,2021-06-06,Inactive
EMP-002015,LOC-0090,Gary Horn,Supply Chain,Engineer,2022-09-19,Active
EMP-002016,LOC-0090,Debra Sullivan,Maintenance,Supervisor,2022-08-09,Active
EMP-002017,LOC-0066,Catherine Taylor,Supply Chain,Technician,2024-02-29,Active
EMP-002018,LOC-0098,Richard Hooper,Finance,Operator,2022-05-14,Active
EMP-002019,LOC-0022,Daniel Green,Production,Coordinator,2023-02-23,Active
EMP-002020,LOC-0057,Robert Poole,Supply Chain,Supervisor,2019-10-06,Active
EMP-002021,LOC-0036,David Hill,Operations,Engineer,2025-09-07,Inactive
EMP-002022,LOC-0065,Donald Caldwell,Production,Manager,2020-05-03,Active
EMP-002023,LOC-0097,Aaron Boyd,Operations,Specialist,2024-10-14,Active
EMP-002024,LOC-0069,Jessica Brown,Operations,Technician,2020-02-28,Active
EMP-002025,LOC-0089,Robert Christian,Sales,Supervisor,2024-03-11,Active
EMP-002026,LOC-0017,Samantha Walker,Sales,Engineer,2024-05-11,Active
EMP-002027,LOC-0001,Leslie Kim,IT,Specialist,2023-06-30,Inactive
EMP-002028,LOC-0092,Christine Valdez,Human Resources,Specialist,2021-10-27,Active
EMP-002029,LOC-0095,Richard Simpson,Maintenance,Specialist,2019-04-08,Active
EMP-002030,LOC-0092,Jeffrey Martin,Operations,Operator,2019-07-11,Active
EMP-002031,LOC-0023,Mark Flynn,Human Resources,Specialist,2022-06-03,Active
EMP-002032,LOC-0016,Susan Harding,Operations,Manager,2019-11-07,Active
EMP-002034,LOC-0001,Jessica White,IT,Manager,2022-12-19,Active
EMP-002035,LOC-0098,David Moore,Operations,Technician,2023-10-03,Active
EMP-002036,LOC-0069,Donald Gomez,Supply Chain,Technician,2023-02-12,Active
EMP-002037,LOC-0021,Sierra Johnson,Production,Operator,2021-02-13,Active
EMP-002038,LOC-0006,Jonathan Gray,Operations,Technician,2022-07-28,Active
EMP-002039,LOC-0029,Jamie Martin,Operations,Technician,2023-02-10,Active
EMP-002040,LOC-0071,Maureen Nixon,Operations,Analyst,2020-05-16,Active
EMP-002041,LOC-0002,Haley Sloan,Human Resources,Manager,2022-05-10,Active
EMP-002042,LOC-0065,Nathan Page,Operations,Analyst,2023-03-13,Active
EMP-002043,LOC-0080,Christopher Torres,IT,Technician,2019-06-10,Active
EMP-002044,LOC-0094,Carmen Miller,Finance,Specialist,2022-02-12,Active
EMP-002045,LOC-0003,Matthew Williams,Supply Chain,Manager,2023-11-05,Active
EMP-002046,LOC-0090,Kevin Perez,Operations,Operator,2020-06-17,Active
EMP-002047,LOC-0009,Morgan Garcia,Human Resources,Engineer,2021-12-16,Active
EMP-002048,LOC-0046,Benjamin Davis,Operations,Supervisor,2019-09-24,Active
EMP-002049,LOC-0087,Nathan Yates,IT,Engineer,2019-06-08,Active
EMP-002050,LOC-0046,Terri Walls,Operations,Coordinator,2020-02-21,Active
EMP-002051,LOC-0086,Sean Young,Operations,Coordinator,2019-07-18,Active
EMP-002052,LOC-0078,Zachary Watson Jr.,Supply Chain,Specialist,2021-04-14,Active
EMP-002053,LOC-0025,Martin Roberts,Operations,Technician,2023-01-06,Active
EMP-002054,LOC-0032,Patrick Johnson,Operations,Engineer,2023-12-24,Active
EMP-002055,LOC-0092,Brian Hartman,IT,Technician,2025-03-21,Active
EMP-002056,LOC-0078,Donald Wilson,Supply Chain,Manager,2024-11-24,Active
EMP-002057,LOC-0053,Kaitlyn Smith,Supply Chain,Coordinator,2022-11-23,Active
EMP-002058,LOC-0048,Jason Watkins,Operations,Engineer,2021-05-25,Active
EMP-002059,LOC-0084,Lindsay Hernandez,Maintenance,Operator,2022-01-08,Active
EMP-002060,LOC-0031,Stefanie Smith,Human Resources,Engineer,2021-08-26,Active
EMP-002061,LOC-0086,Brett Hernandez,Maintenance,Coordinator,2020-06-09,Active
EMP-002062,LOC-0036,Jessica Smith,IT,Manager,2023-01-28,Active
EMP-002063,LOC-0019,John Reyes,Sales,Technician,2025-01-10,Active
EMP-002065,LOC-0030,Andrew Cochran,Maintenance,Operator,2024-06-14,Active
EMP-002066,LOC-0061,John Baker,Supply Chain,Analyst,2020-09-30,Inactive
EMP-002067,LOC-0065,Mark Rivas,Operations,Specialist,2024-09-03,Active
EMP-002068,LOC-0094,Shane Vaughan,Production,Analyst,2019-11-10,Active
EMP-002069,LOC-0019,Curtis Griffin,Production,Coordinator,2023-12-27,Active
EMP-002070,LOC-0023,Ashley Ali,IT,Supervisor,2025-08-12,Active
EMP-002071,LOC-0084,Haley Medina,Maintenance,Analyst,2023-03-22,Active
EMP-002072,LOC-0023,Mr. Dale Simpson,Sales,Supervisor,2023-06-19,Active
EMP-002073,LOC-0079,Christopher Smith,Operations,Technician,2025-08-06,Active
EMP-002074,LOC-0095,Matthew Wilson,Operations,Coordinator,2024-05-26,Active
EMP-002075,LOC-0077,Anthony Garcia,Production,Coordinator,2022-03-28,Active
EMP-002076,LOC-0002,Julia Small,Maintenance,Supervisor,2022-11-20,Active
EMP-002077,LOC-0040,Crystal Ross,Operations,Specialist,2020-11-15,Active
EMP-002078,LOC-0004,Danielle Higgins,Operations,Specialist,2021-12-22,Active
EMP-002079,LOC-0098,Jacqueline Turner,IT,Specialist,2022-06-26,Active
EMP-002080,LOC-0018,Carol Edwards,Finance,Technician,2023-02-17,Active
EMP-002081,LOC-0043,Jamie Santos,Operations,Operator,2022-08-20,Active
EMP-002082,LOC-0082,Randy Daniels,Supply Chain,Engineer,2025-10-09,Active
EMP-002083,LOC-0099,Laura Campbell,Operations,Manager,2020-10-18,Active
EMP-002084,LOC-0072,Jaime Powell,Operations,Technician,2024-03-23,Active
EMP-002085,LOC-0057,Austin Johnston,Operations,Operator,2025-02-14,Inactive
EMP-002086,LOC-0096,Troy Jackson,Supply Chain,Analyst,2019-06-16,Active
EMP-002087,LOC-0023,Julia Harris,Finance,Coordinator,2021-04-01,Active
EMP-002088,LOC-0042,Victoria Richardson,Finance,Specialist,2022-05-05,Active
EMP-002089,LOC-0095,Joanna Osborne,Operations,Operator,2020-11-11,Active
EMP-002090,LOC-0006,Karen Little,Human Resources,Supervisor,2020-08-27,Active
EMP-002091,LOC-0048,Matthew Phillips,Supply Chain,Technician,2021-06-19,Active
EMP-002092,LOC-0033,Victoria Wood,Maintenance,Technician,2022-09-08,Active
EMP-002093,LOC-0086,Eric Kramer,Finance,Supervisor,2024-12-19,Active
EMP-002095,LOC-0093,Thomas Reilly,IT,Operator,2024-09-06,Active
EMP-002097,LOC-0036,Jared Bowen,Production,Supervisor,2020-09-13,Active
EMP-002098,LOC-0016,Aaron Henson,Supply Chain,Coordinator,2022-01-24,Active
EMP-002099,LOC-0097,Timothy Lee,Operations,Coordinator,2023-10-04,Active
EMP-002100,LOC-0056,Jeffrey Johnson,Production,Analyst,2021-12-03,Active
EMP-002101,LOC-0026,Yolanda Castro,Production,Technician,2021-05-05,Active
EMP-002102,LOC-0081,Ryan Haley,Operations,Technician,2023-02-24,Active
EMP-002103,LOC-0059,Karina Christian,Sales,Supervisor,2025-10-29,Active
EMP-002104,LOC-0081,Robert Hutchinson,Production,Analyst,2021-05-12,Active
EMP-002105,LOC-0081,Martha Chung,Maintenance,Technician,2020-06-28,Active
EMP-002106,LOC-0018,Tammy Kelly,Operations,Engineer,2021-05-21,Active
EMP-002107,LOC-0037,Christian Harper,Finance,Coordinator,2020-01-07,Active
EMP-002108,LOC-0072,Karen Pitts,IT,Technician,2019-03-23,Active
EMP-002109,LOC-0091,Natalie Green,Production,Analyst,2021-06-09,Active
EMP-002110,LOC-0005,Chad Schmidt,Finance,Supervisor,2022-05-31,Active
EMP-002111,LOC-0072,Stephanie Wilson,Supply Chain,Operator,2022-07-13,Active
EMP-002112,LOC-0080,Clarence Waters,Production,Operator,2021-01-03,Active
EMP-002113,LOC-0009,Zoe Bates,Maintenance,Specialist,2024-06-03,Active
EMP-002114,LOC-0030,Jamie Rogers,Finance,Supervisor,2020-08-17,Active
EMP-002115,LOC-0014,Anna Rodriguez,Sales,Analyst,2019-08-27,Active
EMP-002116,LOC-0034,Michael Anderson,Supply Chain,Supervisor,2023-06-17,Active
EMP-002117,LOC-0048,Sean Shah,Production,Coordinator,2020-02-09,Active
EMP-002118,LOC-0096,Jared Jimenez,Human Resources,Coordinator,2019-05-25,Active
EMP-002119,LOC-0022,Gabriel Miles,Sales,Supervisor,2020-02-01,Active
EMP-002120,LOC-0023,Mary Perez,Operations,Manager,2023-02-09,Active
EMP-002121,LOC-0008,Steven Elliott,Operations,Specialist,2020-01-23,Inactive
EMP-002122,LOC-0023,Henry Brown,Sales,Manager,2022-09-21,Active
EMP-002123,LOC-0055,Sean Harris,Production,Technician,2021-02-04,Active
EMP-002124,LOC-0088,Samantha Williams,Supply Chain,Supervisor,2019-08-13,Active
EMP-002125,LOC-0020,Stephen Anderson,Sales,Engineer,2019-08-07,Active
EMP-002126,LOC-0064,Brooke Willis,Human Resources,Specialist,2019-08-13,Active
EMP-002127,LOC-0091,Cindy Johnson,Production,Specialist,2024-10-21,Active
EMP-002128,LOC-0017,Sandra Mendoza,Production,Operator,2025-09-11,Active
EMP-002129,LOC-0051,Victoria Fuller,Operations,Coordinator,2023-10-18,Active
EMP-002130,LOC-0056,Jennifer Thompson,Supply Chain,Supervisor,2021-03-29,Active
EMP-002131,LOC-0082,Jennifer Wheeler,Production,Engineer,2022-07-10,Active
EMP-002132,LOC-0048,Patrick Green,Finance,Specialist,2019-01-08,Active
EMP-002133,LOC-0010,Katherine Coleman,Operations,Operator,2022-08-08,Active
EMP-002134,LOC-0040,Lisa Henry,Maintenance,Specialist,2022-10-15,Active
EMP-002135,LOC-0025,Donna Case,Operations,Engineer,2023-08-23,Active
EMP-002136,LOC-0035,Wesley Gonzalez,Maintenance,Analyst,2023-03-14,Active
EMP-002137,LOC-0034,William Curtis,Production,Specialist,2021-10-18,Active
EMP-002138,LOC-0093,Carla Hunter,Operations,Coordinator,2021-10-28,Active
EMP-002139,LOC-0066,Bryan Bond,Maintenance,Coordinator,2020-06-07,Active
EMP-002141,LOC-0049,Anita Woods,Operations,Engineer,2025-03-17,Active
EMP-002142,LOC-0012,Johnathan Bond,Supply Chain,Coordinator,2021-12-20,Active
EMP-002143,LOC-0016,Tyrone Knight,Production,Operator,2019-11-07,Active
EMP-002144,LOC-0087,Cole Garcia,Sales,Analyst,2022-10-18,Active
EMP-002145,LOC-0056,John Pineda,Operations,Operator,2021-06-01,Active
EMP-002146,LOC-0020,Christine Castaneda,Operations,Engineer,2020-02-04,Active
EMP-002147,LOC-0043,Cynthia Wood,Supply Chain,Supervisor,2021-02-05,Active
EMP-002148,LOC-0011,Bruce Trujillo,Maintenance,Technician,2025-11-05,Active
EMP-002149,LOC-0094,Samuel Phillips,Operations,Analyst,2020-04-11,Active
EMP-002150,LOC-0024,Stephanie Rodriguez,Operations,Operator,2022-09-13,Active
EMP-002151,LOC-0038,Matthew Guerrero,Supply Chain,Technician,2022-03-29,Active
EMP-002152,LOC-0070,Maria Torres,Sales,Manager,2021-01-27,Active
EMP-002153,LOC-0082,Tammy Freeman,Finance,Operator,2025-09-20,Active
EMP-002154,LOC-0067,Paul Allen,IT,Engineer,2022-11-30,Active
EMP-002155,LOC-0048,Aaron Greer,Human Resources,Manager,2020-09-23,Active
EMP-002156,LOC-0077,Whitney Stevens,Sales,Manager,2019-10-26,Inactive
EMP-002157,LOC-0011,Derrick Yang,Production,Manager,2020-10-09,Inactive
EMP-002158,LOC-0023,Marvin Rodriguez,Human Resources,Engineer,2025-08-21,Active
EMP-002159,LOC-0090,Luke Stewart,Production,Technician,2020-05-04,Active
EMP-002161,LOC-0038,Monica Harrington,IT,Analyst,2020-04-20,Active
EMP-002162,LOC-0092,Roberto Turner,Finance,Engineer,2019-02-23,Active
EMP-002163,LOC-0006,Shannon Woods,Production,Supervisor,2024-01-03,Active
EMP-002164,LOC-0044,Ms. Monique Prince MD,Operations,Coordinator,2022-08-20,Active
EMP-002165,LOC-0097,Stacey Harris,Production,Manager,2022-03-28,Active
EMP-002166,LOC-0097,Sheila Weber,Production,Supervisor,2021-08-05,Active
EMP-002167,LOC-0089,Henry Mclaughlin,Supply Chain,Manager,2019-06-22,Active
EMP-002168,LOC-0069,Thomas Barr,Sales,Supervisor,2024-10-31,Active
EMP-002169,LOC-0028,Jessica King,Finance,Supervisor,2025-11-09,Active
EMP-002170,LOC-0062,Rachael Acosta,Production,Analyst,2025-09-12,Inactive
EMP-002171,LOC-0049,Betty Valdez,Finance,Specialist,2022-12-19,Active
EMP-002172,LOC-0017,Alyssa Greer,IT,Technician,2019-01-22,Active
EMP-002173,LOC-0054,Christopher Smith,Supply Chain,Technician,2021-10-28,Active
EMP-002174,LOC-0038,Gregory Melendez,IT,Coordinator,2021-10-01,Active
EMP-002175,LOC-0009,Benjamin Fletcher,Operations,Supervisor,2024-09-19,Active
EMP-002176,LOC-0017,Peter Powell,Human Resources,Specialist,2024-05-08,Active
EMP-002177,LOC-0040,Nicholas Cook,IT,Operator,2023-06-22,Active
EMP-002178,LOC-0050,Kristin Hester,IT,Manager,2020-11-28,Active
EMP-002179,LOC-0005,Amanda Anderson,Human Resources,Specialist,2023-11-16,Inactive
EMP-002180,LOC-0065,William Jennings DDS,Production,Manager,2024-02-17,Active
EMP-002181,LOC-0055,Erika Simon,Supply Chain,Coordinator,2023-02-19,Active
EMP-002183,LOC-0089,Steven Schneider,Sales,Operator,2022-12-19,Active
EMP-002184,LOC-0014,Christina White,Operations,Technician,2025-06-22,Active
EMP-002185,LOC-0003,Nancy Smith,IT,Analyst,2024-06-13,Active
EMP-002186,LOC-0026,Jessica Jones,Production,Analyst,2025-12-31,Active
EMP-002187,LOC-0070,Nicole Hurley,IT,Operator,2023-02-10,Active
EMP-002188,LOC-0073,Michael Howell,Operations,Supervisor,2024-03-28,Active
EMP-002189,LOC-0001,Nathan English,Finance,Engineer,2020-12-07,Active
EMP-002190,LOC-0018,Sarah Valdez,Supply Chain,Specialist,2025-05-15,Active
EMP-002191,LOC-0035,Tyler Wright,Production,Coordinator,2020-10-22,Active
EMP-002192,LOC-0070,Natalie Cain,Production,Specialist,2019-12-20,Active
EMP-002193,LOC-0055,Bradley Miller,Operations,Manager,2023-04-01,Active
EMP-002194,LOC-0092,Cynthia Perry,Supply Chain,Engineer,2025-06-14,Active
EMP-002195,LOC-0070,Samantha Ross,Operations,Engineer,2019-03-28,Active
EMP-002196,LOC-0088,Michelle Hall,Sales,Operator,2021-06-12,Active
EMP-002197,LOC-0029,Tiffany Jensen,Operations,Analyst,2022-05-05,Active
EMP-002198,LOC-0078,Austin Jimenez,Production,Manager,2025-12-18,Active
EMP-002199,LOC-0061,Robert Tran,Production,Manager,2024-02-13,Active
EMP-002200,LOC-0023,Lori Perry,Finance,Specialist,2020-08-25,Active
EMP-002201,LOC-0003,Corey Adams,Operations,Coordinator,2023-02-04,Active
EMP-002202,LOC-0072,Mark Gonzalez,Operations,Manager,2022-10-03,Active
EMP-002203,LOC-0007,Ryan Harvey,Sales,Engineer,2024-11-18,Active
EMP-002204,LOC-0021,Natalie Carter,Human Resources,Operator,2020-09-28,Active
EMP-002205,LOC-0056,Michaela Alexander,Operations,Supervisor,2022-09-17,Active
EMP-002206,LOC-0064,Lisa Rodriguez,Production,Specialist,2019-12-19,Active
EMP-002207,LOC-0012,Rick Hood,IT,Operator,2021-02-17,Active
EMP-002208,LOC-0063,John Patel,Maintenance,Analyst,2020-04-04,Active
EMP-002209,LOC-0083,Carrie Smith MD,Sales,Coordinator,2020-11-02,Active
EMP-002210,LOC-0077,Shane Crosby,Operations,Technician,2022-05-20,Active
EMP-002211,LOC-0075,Joe Mullins,IT,Coordinator,2025-11-25,Active
EMP-002212,LOC-0098,Sara Fuller,IT,Analyst,2020-08-12,Active
EMP-002213,LOC-0023,Thomas West,Operations,Technician,2023-04-09,Active
EMP-002214,LOC-0085,George Robertson,Maintenance,Analyst,2024-04-04,Active
EMP-002215,LOC-0068,Jeffery Price,IT,Supervisor,2021-12-31,Active
EMP-002216,LOC-0010,Kristy Greene,Production,Manager,2023-07-29,Active
EMP-002217,LOC-0020,Mr. James Owens PhD,Production,Operator,2020-09-08,Active
EMP-002218,LOC-0008,Mr. Evan Smith,Production,Manager,2024-09-23,Active
EMP-002219,LOC-0064,Judy Rodriguez,IT,Coordinator,2025-09-21,Active
EMP-002220,LOC-0099,Margaret Watson,IT,Analyst,2022-11-02,Active
EMP-002221,LOC-0092,Christopher Smith,Production,Engineer,2020-06-12,Active
EMP-002222,LOC-0050,Clayton Hernandez,Supply Chain,Technician,2023-06-05,Active
EMP-002223,LOC-0058,Megan Young,Operations,Supervisor,2024-03-12,Active
EMP-002224,LOC-0069,Christopher Lee,Finance,Analyst,2025-12-09,Active
EMP-002225,LOC-0076,Jennifer Fox,Human Resources,Coordinator,2022-02-11,Active
EMP-002226,LOC-0034,Shannon Thomas,Operations,Supervisor,2023-11-24,Active
EMP-002227,LOC-0026,Nicholas Nelson,Sales,Operator,2019-08-25,Active
EMP-002228,LOC-0029,Alexander Daniels,Supply Chain,Engineer,2022-04-18,Active
EMP-002229,LOC-0057,Jennifer Fields,Operations,Technician,2022-12-15,Active
EMP-002230,LOC-0080,Teresa Arnold,Production,Manager,2019-01-21,Active
EMP-002231,LOC-0071,Cody Pollard,Production,Specialist,2020-02-27,Active
EMP-002232,LOC-0061,Sean Turner,Production,Coordinator,2019-04-06,Active
EMP-002233,LOC-0058,Rebecca Bailey,Production,Analyst,2019-07-26,Active
EMP-002234,LOC-0056,Tammy Roy,Production,Supervisor,2020-12-15,Active
EMP-002235,LOC-0095,Shannon Fleming,Operations,Coordinator,2022-08-05,Active
EMP-002236,LOC-0047,Chelsea Kim,Finance,Operator,2019-07-23,Active
EMP-002237,LOC-0024,Robert Foster,Finance,Manager,2022-11-21,Active
EMP-002238,LOC-0048,Tyler Hernandez,Maintenance,Engineer,2022-09-04,Active
EMP-002239,LOC-0096,Christopher Monroe,Operations,Manager,2021-01-22,Active
EMP-002240,LOC-0047,Michelle Cole,Production,Engineer,2024-01-31,Active
EMP-002241,LOC-0045,Morgan Kennedy,Operations,Manager,2020-02-17,Active
EMP-002242,LOC-0080,Jennifer Garcia,IT,Manager,2021-08-17,Active
EMP-002243,LOC-0024,Joseph Mckinney,Supply Chain,Engineer,2021-07-31,Active
EMP-002244,LOC-0053,Elizabeth Garcia,Operations,Analyst,2019-08-09,Active
EMP-002245,LOC-0003,Danielle Ortega,Operations,Coordinator,2019-01-05,Active
EMP-002246,LOC-0093,Matthew Orozco,Production,Supervisor,2020-10-09,Active
EMP-002248,LOC-0046,Brian Herring,Supply Chain,Specialist,2022-10-30,Active
EMP-002249,LOC-0022,Raymond Hinton,Operations,Analyst,2019-06-29,Active
EMP-002250,LOC-0040,Henry Cox,Sales,Specialist,2019-04-26,Active
EMP-002251,LOC-0077,Taylor Cooper,Maintenance,Technician,2020-11-03,Inactive
EMP-002252,LOC-0053,Scott Myers,Production,Operator,2019-04-05,Active
EMP-002253,LOC-0074,Jake Porter,Production,Specialist,2019-03-08,Active
EMP-002254,LOC-0003,Sherry Weber,Sales,Operator,2025-12-19,Active
EMP-002255,LOC-0088,Stephanie Wade,Production,Operator,2025-08-02,Active
EMP-002256,LOC-0098,Carlos Black,Operations,Specialist,2025-11-11,Active
EMP-002257,LOC-0064,Richard Adams,Maintenance,Operator,2019-03-17,Active
EMP-002258,LOC-0020,Jeanne Williams,IT,Manager,2024-02-28,Active
EMP-002259,LOC-0003,Elizabeth Smith,Operations,Specialist,2023-09-17,Active
EMP-002260,LOC-0099,Steven Garcia,Human Resources,Analyst,2024-03-12,Active
EMP-002261,LOC-0010,Sherry Black,Production,Analyst,2019-07-04,Active
EMP-002262,LOC-0034,Michelle Allen,Human Resources,Supervisor,2022-09-01,Active
EMP-002263,LOC-0077,Christopher Hester,Operations,Specialist,2022-12-13,Active
EMP-002264,LOC-0035,Michael Andrews,Production,Technician,2020-02-10,Active
EMP-002265,LOC-0012,Robert Powell,IT,Coordinator,2023-09-23,Active
EMP-002266,LOC-0094,Michael Johnson,Operations,Analyst,2020-08-16,Inactive
EMP-002267,LOC-0062,Raymond Webb,Production,Technician,2021-09-18,Active
EMP-002268,LOC-0083,Katherine Schaefer MD,Production,Operator,2025-08-27,Active
EMP-002269,LOC-0020,Brandon Spencer,Operations,Operator,2023-02-09,Active
EMP-002270,LOC-0012,Jill Robertson,Operations,Supervisor,2019-09-03,Active
EMP-002271,LOC-0076,Jeffery Grimes,Supply Chain,Coordinator,2019-04-19,Active
EMP-002272,LOC-0025,Cynthia Jackson,Operations,Technician,2021-01-08,Active
EMP-002273,LOC-0069,Becky Blackburn,Maintenance,Technician,2019-10-19,Active
EMP-002274,LOC-0020,Jennifer Hodges,Production,Specialist,2021-12-24,Active
EMP-002275,LOC-0013,Lauren Hampton,Operations,Coordinator,2025-08-01,Active
EMP-002276,LOC-0003,Tracey Mccarty,Production,Specialist,2025-08-24,Active
EMP-002277,LOC-0096,Gary Walsh,IT,Engineer,2022-05-16,Active
EMP-002278,LOC-0010,Matthew Wheeler,Finance,Specialist,2021-02-13,Active
EMP-002279,LOC-0019,Steven Salazar,IT,Coordinator,2021-09-01,Active
EMP-002280,LOC-0013,William Colon,Production,Manager,2025-06-30,Active
EMP-002281,LOC-0099,Vernon Cole,Maintenance,Supervisor,2025-02-15,Active
EMP-002282,LOC-0066,Hunter Nelson,Operations,Manager,2023-11-10,Inactive
EMP-002283,LOC-0043,Tracey Clark,Supply Chain,Coordinator,2020-03-01,Inactive
EMP-002284,LOC-0048,Sonya Lewis DVM,IT,Operator,2024-08-27,Active
EMP-002285,LOC-0063,Mary Wilson,Maintenance,Manager,2023-08-04,Active
EMP-002286,LOC-0052,Amanda Reed,Human Resources,Engineer,2023-10-25,Active
EMP-002287,LOC-0046,Martin Ellis,Maintenance,Engineer,2024-07-13,Inactive
EMP-002288,LOC-0017,Cole Evans,Production,Operator,2019-01-30,Active
EMP-002289,LOC-0022,Christopher Smith,Supply Chain,Engineer,2021-01-10,Active
EMP-002290,LOC-0010,Julia Farley,Human Resources,Engineer,2020-05-16,Active
EMP-002291,LOC-0045,John Perry,Maintenance,Coordinator,2023-11-11,Active
EMP-002292,LOC-0022,Robert Hicks,Production,Coordinator,2019-10-17,Active
EMP-002293,LOC-0069,Gary Martinez,Maintenance,Technician,2025-12-02,Active
EMP-002294,LOC-0009,William Brock,Supply Chain,Specialist,2019-02-05,Active
EMP-002295,LOC-0100,Christopher Smith,Maintenance,Supervisor,2024-06-15,Active
EMP-002296,LOC-0089,Jody Smith,Finance,Operator,2024-03-10,Active
EMP-002297,LOC-0082,Maria Castro,IT,Specialist,2025-08-13,Active
EMP-002298,LOC-0086,Cynthia Chavez,Maintenance,Specialist,2021-11-01,Active
EMP-002299,LOC-0009,Amanda Torres,Operations,Manager,2023-09-23,Active
EMP-002300,LOC-0012,Pamela Moore,Production,Supervisor,2024-06-25,Active
EMP-002301,LOC-0048,Sara Hansen,Human Resources,Supervisor,2025-08-21,Active
EMP-002302,LOC-0040,Dawn Freeman,Finance,Manager,2023-05-04,Active
EMP-002303,LOC-0020,John Long,Operations,Technician,2019-12-29,Active
EMP-002304,LOC-0090,Jake Young,IT,Manager,2022-08-05,Active
EMP-002305,LOC-0089,Kristen Smith,Supply Chain,Specialist,2025-08-13,Active
EMP-002306,LOC-0005,Michael Bowman,Production,Technician,2023-08-28,Active
EMP-002307,LOC-0098,David Moore,Production,Supervisor,2024-04-26,Active
EMP-002308,LOC-0055,Courtney Brown,IT,Analyst,2024-02-14,Active
EMP-002309,LOC-0020,Brittany Edwards,Production,Technician,2022-11-25,Active
EMP-002310,LOC-0021,Donald Blankenship,Finance,Coordinator,2023-09-19,Inactive
EMP-002311,LOC-0017,Krista Perkins,Production,Specialist,2019-04-26,Active
EMP-002312,LOC-0084,Alexander Johnson,Operations,Specialist,2020-05-24,Active
EMP-002313,LOC-0100,Michael Bentley,IT,Coordinator,2021-04-27,Active
EMP-002314,LOC-0099,Timothy Brooks,Finance,Supervisor,2025-07-27,Active
EMP-002315,LOC-0082,Kimberly Salazar,IT,Supervisor,2023-05-08,Active
EMP-002316,LOC-0094,Jerry Stewart,IT,Technician,2024-05-29,Active
EMP-002317,LOC-0093,Richard Lopez,Maintenance,Technician,2022-11-15,Active
EMP-002318,LOC-0087,Dale White,Supply Chain,Supervisor,2022-08-23,Active
EMP-002319,LOC-0021,Caleb Preston,Production,Engineer,2020-01-01,Active
EMP-002320,LOC-0013,Michelle Davis,Finance,Coordinator,2024-06-09,Active
EMP-002321,LOC-0058,Debra Cardenas,IT,Coordinator,2021-08-26,Active
EMP-002322,LOC-0041,Paul Nunez,Sales,Supervisor,2021-11-25,Active
EMP-002323,LOC-0054,Kathleen Carney,Operations,Coordinator,2022-06-18,Active
EMP-002324,LOC-0081,Jennifer Perez,IT,Manager,2019-12-15,Active
EMP-002325,LOC-0064,Terry Sanchez,Operations,Specialist,2019-09-17,Active
EMP-002326,LOC-0020,Gabriel Smith,Finance,Supervisor,2024-05-14,Inactive
EMP-002327,LOC-0077,Christopher Sparks,Operations,Engineer,2019-10-01,Active
EMP-002328,LOC-0096,Heather Ramirez,Human Resources,Operator,2025-05-21,Active
EMP-002329,LOC-0058,Larry Fowler,Operations,Analyst,2024-12-11,Active
EMP-002330,LOC-0064,Stephen Miller,Maintenance,Coordinator,2020-10-07,Active
EMP-002331,LOC-0011,Bobby Howard,Production,Analyst,2024-07-27,Inactive
EMP-002332,LOC-0020,Seth Clark,Operations,Engineer,2019-02-21,Inactive
EMP-002333,LOC-0077,Veronica Lopez DDS,Supply Chain,Technician,2021-02-05,Active
EMP-002334,LOC-0022,Crystal Harrington,Finance,Supervisor,2020-10-02,Active
EMP-002335,LOC-0064,Joel Tran,Production,Technician,2024-09-06,Active
EMP-002336,LOC-0003,Lance Young,Maintenance,Specialist,2022-11-18,Active
EMP-002337,LOC-0096,Robert Wood,Production,Manager,2024-11-01,Active
EMP-002338,LOC-0077,Wanda Carter,Supply Chain,Supervisor,2023-09-05,Active
EMP-002339,LOC-0029,Joan Spence,Supply Chain,Technician,2022-11-29,Active
EMP-002340,LOC-0003,Madison Becker,Operations,Specialist,2021-10-24,Active
EMP-002341,LOC-0061,Jennifer Vargas,Operations,Engineer,2025-12-14,Active
EMP-002342,LOC-0076,Kimberly James,Supply Chain,Engineer,2023-02-26,Active
EMP-002343,LOC-0093,Thomas Garza,Operations,Coordinator,2020-05-28,Active
EMP-002344,LOC-0032,Mark Martinez,Operations,Analyst,2020-08-24,Active
EMP-002345,LOC-0009,Emily Reeves,Production,Coordinator,2022-10-29,Active
EMP-002346,LOC-0016,Amber Jordan,Sales,Technician,2022-05-07,Active
EMP-002347,LOC-0094,Taylor Forbes DDS,Operations,Technician,2019-11-13,Active
EMP-002348,LOC-0075,William Li,Operations,Coordinator,2024-02-10,Active
EMP-002349,LOC-0061,Jennifer Young,Production,Coordinator,2025-06-02,Active
EMP-002350,LOC-0012,Destiny Aguilar,Maintenance,Manager,2019-02-28,Active
EMP-002351,LOC-0066,Cathy Castaneda,IT,Operator,2021-03-02,Active
EMP-002352,LOC-0058,Stephanie Cross,Production,Manager,2024-01-01,Active
EMP-002353,LOC-0066,Christopher Smith,Production,Technician,2022-06-22,Active
EMP-002354,LOC-0091,Michael Shaw,Production,Specialist,2019-07-31,Active
EMP-002355,LOC-0075,Ryan Flores,IT,Engineer,2022-05-18,Active
EMP-002356,LOC-0034,Tammy Bailey,Operations,Engineer,2019-08-09,Active
EMP-002357,LOC-0025,Derek Patton,Supply Chain,Analyst,2024-01-30,Active
EMP-002358,LOC-0090,William Floyd,Human Resources,Manager,2021-08-11,Active
EMP-002359,LOC-0017,Mark Lara,Sales,Operator,2019-08-31,Active
EMP-002360,LOC-0053,Nicholas Knight,Production,Analyst,2019-01-17,Active
EMP-002361,LOC-0066,Cynthia Martinez DVM,Production,Coordinator,2019-10-24,Active
EMP-002362,LOC-0003,Kenneth Lopez,Production,Specialist,2019-11-12,Active
EMP-002363,LOC-0024,Jason Montoya,Supply Chain,Operator,2023-07-29,Active
EMP-002364,LOC-0033,Michael Turner,Operations,Coordinator,2022-09-18,Active
EMP-002365,LOC-0057,Willie Snyder,Production,Specialist,2024-06-13,Active
EMP-002366,LOC-0021,Charles Miller,Human Resources,Operator,2023-01-29,Active
EMP-002367,LOC-0002,Albert Foster,Human Resources,Coordinator,2023-02-27,Active
EMP-002368,LOC-0078,Marvin Sandoval,Sales,Supervisor,2019-07-16,Active
EMP-002369,LOC-0043,Ronald Williams,Supply Chain,Analyst,2024-09-19,Active
EMP-002370,LOC-0087,Alicia Perez,Production,Engineer,2025-10-08,Active
EMP-002371,LOC-0030,Jason Young,Operations,Specialist,2021-05-28,Active
EMP-002372,LOC-0097,Mr. James Sanchez,IT,Engineer,2023-02-11,Active
EMP-002373,LOC-0097,Ryan Adams,Finance,Analyst,2019-11-03,Active
EMP-002374,LOC-0049,Karen Frost,IT,Analyst,2022-03-24,Active
EMP-002375,LOC-0062,Angela Norton,IT,Specialist,2021-12-20,Active
EMP-002376,LOC-0097,Tina Gonzalez,Maintenance,Manager,2022-04-14,Active
EMP-002377,LOC-0033,Lucas Clark,IT,Engineer,2021-12-06,Active
EMP-002378,LOC-0078,Christina Steele,Operations,Supervisor,2020-12-12,Active
EMP-002379,LOC-0035,Martin Mendez,Supply Chain,Manager,2023-09-26,Active
EMP-002380,LOC-0077,Melissa Kerr,Operations,Technician,2022-01-25,Active
EMP-002381,LOC-0034,Ruth Cox,Supply Chain,Supervisor,2021-08-25,Inactive
EMP-002382,LOC-0056,Crystal Freeman,Maintenance,Operator,2023-07-27,Active
EMP-002383,LOC-0028,Sandra Hogan,Production,Supervisor,2023-07-05,Active
EMP-002384,LOC-0081,Elizabeth Gordon,Operations,Technician,2025-12-07,Active
EMP-002385,LOC-0067,Amy Graham,Maintenance,Coordinator,2021-01-07,Active
EMP-002386,LOC-0009,Kristen Zuniga,Operations,Engineer,2021-10-25,Active
EMP-002387,LOC-0073,Evelyn Monroe,Human Resources,Supervisor,2019-07-04,Active
EMP-002388,LOC-0023,Brenda Payne,Human Resources,Supervisor,2024-11-26,Active
EMP-002389,LOC-0078,Brian Fischer DVM,Operations,Manager,2019-08-26,Active
EMP-002390,LOC-0029,Mary Hodge,Production,Engineer,2022-12-26,Active
EMP-002391,LOC-0001,Ricky Hubbard,Production,Technician,2024-01-13,Active
EMP-002392,LOC-0032,Renee Alexander,Human Resources,Analyst,2023-10-07,Inactive
EMP-002393,LOC-0067,Elizabeth Weber,Operations,Analyst,2022-03-05,Active
EMP-002394,LOC-0005,Seth Bell,Production,Operator,2024-01-17,Active
EMP-002395,LOC-0098,Adam Davis,Maintenance,Coordinator,2022-04-22,Active
EMP-002396,LOC-0002,Anthony Martin,Operations,Analyst,2019-02-11,Active
EMP-002397,LOC-0048,Michael Garcia,Operations,Engineer,2020-09-26,Active
EMP-002398,LOC-0051,Shannon Jackson,Finance,Manager,2024-06-28,Active
EMP-002399,LOC-0003,Maria Jones,Human Resources,Specialist,2024-07-10,Active
EMP-002400,LOC-0026,Ian Summers,IT,Coordinator,2021-02-03,Active
EMP-002401,LOC-0012,Veronica Snyder,IT,Manager,2019-06-12,Active
EMP-002402,LOC-0061,Morgan Vargas,Operations,Specialist,2021-01-04,Active
EMP-002403,LOC-0045,Ronald Young,IT,Analyst,2022-08-25,Active
EMP-002404,LOC-0060,Kenneth Bailey,Supply Chain,Operator,2025-02-08,Active
EMP-002405,LOC-0007,Anthony Farrell,Human Resources,Technician,2019-04-29,Active
EMP-002406,LOC-0011,Laura Adams,Production,Operator,2021-09-03,Active
EMP-002407,LOC-0023,Willie Roberts,Operations,Technician,2020-04-26,Active
EMP-002408,LOC-0005,Justin Jenkins,Production,Operator,2022-03-12,Active
EMP-002409,LOC-0087,Linda Kelley,Maintenance,Operator,2023-09-02,Active
EMP-002411,LOC-0097,Alicia Osborne DVM,Sales,Technician,2021-07-22,Active
EMP-002412,LOC-0009,Deborah Downs,IT,Manager,2019-04-06,Active
EMP-002413,LOC-0020,Nicole Gonzalez,Operations,Engineer,2019-01-12,Active
EMP-002414,LOC-0008,Sergio Nixon,IT,Engineer,2023-07-17,Active
EMP-002415,LOC-0057,Brittany Mack,Operations,Technician,2021-08-04,Active
EMP-002416,LOC-0016,Jeffery Manning,Supply Chain,Supervisor,2022-12-05,Active
EMP-002417,LOC-0094,Timothy Garcia,Operations,Coordinator,2025-03-28,Active
EMP-002418,LOC-0053,Hannah Warner,Production,Coordinator,2024-02-18,Active
EMP-002419,LOC-0019,Brandon Price,Production,Operator,2020-11-14,Active
EMP-002420,LOC-0038,Donald Burch,Supply Chain,Specialist,2019-05-08,Inactive
EMP-002421,LOC-0010,Andrew Velez,Supply Chain,Technician,2020-04-04,Active
EMP-002422,LOC-0025,Alyssa Jackson,IT,Engineer,2021-09-20,Active
EMP-002423,LOC-0054,Jessica Smith,Human Resources,Specialist,2022-03-21,Active
EMP-002424,LOC-0070,Marilyn Stephens,IT,Engineer,2022-02-02,Active
EMP-002425,LOC-0060,Paul Thomas,Operations,Manager,2024-07-29,Inactive
EMP-002426,LOC-0005,Lauren Barrett,Maintenance,Coordinator,2025-01-12,Inactive
EMP-002427,LOC-0031,Brian Hall,Supply Chain,Analyst,2024-08-04,Active
EMP-002428,LOC-0036,Robin Diaz,Supply Chain,Analyst,2020-05-07,Active
EMP-002429,LOC-0027,Andrew Snyder,IT,Supervisor,2023-12-05,Active
EMP-002430,LOC-0036,Daniel Gomez,Production,Analyst,2020-01-11,Active
EMP-002431,LOC-0028,Tiffany Escobar,Production,Analyst,2023-03-17,Active
EMP-002432,LOC-0008,Bradley Macias,Supply Chain,Technician,2024-09-05,Inactive
EMP-002433,LOC-0080,Colin Sanchez,Production,Operator,2023-12-21,Active
EMP-002434,LOC-0058,Curtis Stokes,Finance,Coordinator,2020-12-27,Active
EMP-002435,LOC-0042,Carrie Hamilton,Operations,Coordinator,2022-12-17,Active
EMP-002436,LOC-0034,Samantha Fox,IT,Operator,2023-07-20,Active
EMP-002437,LOC-0005,Russell Fleming,Production,Manager,2019-11-20,Inactive
EMP-002438,LOC-0029,Seth Conner,Operations,Manager,2019-12-23,Active
EMP-002439,LOC-0037,Jacob Jackson,Production,Specialist,2019-04-15,Active
EMP-002440,LOC-0012,Christopher Davis,IT,Operator,2021-11-14,Active
EMP-002441,LOC-0044,Rhonda White,Finance,Supervisor,2025-12-23,Active
EMP-002442,LOC-0085,John Johnson,Finance,Manager,2024-09-24,Inactive
EMP-002443,LOC-0076,Matthew Wilson,Finance,Operator,2023-01-30,Inactive
EMP-002444,LOC-0029,Kimberly Mitchell,Operations,Manager,2019-07-01,Active
EMP-002445,LOC-0075,Matthew Trevino,Operations,Analyst,2022-06-08,Active
EMP-002446,LOC-0052,Jeremy White,Sales,Coordinator,2020-06-28,Inactive
EMP-002448,LOC-0019,Sherri Mcclain,Operations,Technician,2022-10-17,Active
EMP-002449,LOC-0040,Joshua Schmidt,Production,Supervisor,2020-09-02,Active
EMP-002450,LOC-0064,Amanda White,IT,Manager,2022-02-14,Active
EMP-002451,LOC-0095,Timothy Jones,Production,Analyst,2023-11-06,Active
EMP-002452,LOC-0058,Melanie Rodriguez,Production,Coordinator,2025-04-11,Active
EMP-002453,LOC-0063,Anthony Hanson,Production,Supervisor,2024-01-24,Active
EMP-002454,LOC-0039,Stephen Torres,Finance,Specialist,2020-02-22,Active
EMP-002455,LOC-0059,Jared Brown,Supply Chain,Technician,2025-03-25,Active
EMP-002456,LOC-0013,Allison Hoffman,Production,Supervisor,2023-11-04,Active
EMP-002457,LOC-0090,Charles Harvey,Production,Analyst,2023-01-04,Active
EMP-002458,LOC-0009,Michael Schwartz,Supply Chain,Supervisor,2025-07-29,Active
EMP-002459,LOC-0040,Brittany Hoover,Maintenance,Manager,2020-05-29,Inactive
EMP-002460,LOC-0062,Maria Taylor,Sales,Analyst,2024-06-07,Active
EMP-002461,LOC-0066,Taylor Carr,Finance,Coordinator,2023-02-20,Active
EMP-002462,LOC-0067,Jose Sanchez,Maintenance,Analyst,2025-09-05,Active
EMP-002463,LOC-0070,David Gonzalez,Operations,Supervisor,2023-10-31,Active
EMP-002464,LOC-0043,Allison Cole,IT,Manager,2022-10-24,Active
EMP-002465,LOC-0002,Maria Thompson,Finance,Operator,2021-03-29,Active
EMP-002466,LOC-0086,Cassandra Reyes,IT,Engineer,2025-05-14,Active
EMP-002467,LOC-0078,Becky Brooks,Supply Chain,Technician,2022-08-10,Active
EMP-002468,LOC-0086,Melinda Austin,Maintenance,Operator,2022-05-13,Active
EMP-002469,LOC-0080,Joel Miller,Operations,Technician,2023-10-20,Active
EMP-002470,LOC-0053,Michael Lee,Maintenance,Operator,2023-05-07,Active
EMP-002471,LOC-0010,Andrew Johnson,Finance,Operator,2020-04-15,Active
EMP-002472,LOC-0094,Kimberly Le,Operations,Supervisor,2023-03-01,Active
EMP-002473,LOC-0009,Dennis Wilson,Finance,Coordinator,2020-12-28,Active
EMP-002474,LOC-0085,Brian Gallagher,Finance,Coordinator,2023-12-12,Active
EMP-002475,LOC-0046,Ann White,Production,Engineer,2021-01-25,Active
EMP-002476,LOC-0027,Ruth Choi,Operations,Manager,2022-11-10,Active
EMP-002477,LOC-0020,Mr. Kurt Shepherd,Operations,Manager,2022-09-25,Active
EMP-002478,LOC-0026,Francis Rodriguez,Maintenance,Coordinator,2019-10-09,Inactive
EMP-002479,LOC-0060,Christine Hill,Human Resources,Supervisor,2025-07-10,Active
EMP-002480,LOC-0055,Steven Suarez,Human Resources,Technician,2025-10-08,Active
EMP-002481,LOC-0068,Brittany Shelton,IT,Specialist,2022-01-08,Active
EMP-002482,LOC-0003,Tyler Washington,Operations,Engineer,2024-11-18,Active
EMP-002483,LOC-0062,Natalie Williams,Finance,Engineer,2024-08-18,Active
EMP-002484,LOC-0061,Ashley Hickman,IT,Analyst,2023-10-16,Active
EMP-002485,LOC-0009,Brandi Norton,Finance,Coordinator,2024-07-25,Active
EMP-002486,LOC-0021,Nicole Martinez,Supply Chain,Supervisor,2025-03-29,Active
EMP-002487,LOC-0042,Lori Brown,Maintenance,Technician,2020-11-20,Active
EMP-002488,LOC-0014,Steven Frederick,Maintenance,Supervisor,2019-03-07,Active
EMP-002489,LOC-0039,James Martinez,Production,Analyst,2023-10-03,Active
EMP-002490,LOC-0037,Christina Johnson,IT,Coordinator,2024-12-14,Active
EMP-002491,LOC-0006,Eric Levy,IT,Analyst,2019-04-23,Active
EMP-002492,LOC-0066,Rebecca Jones,Maintenance,Supervisor,2019-09-01,Active
EMP-002494,LOC-0024,Kellie Barnett,Operations,Operator,2020-06-04,Active
EMP-002495,LOC-0069,Sandra Lee,IT,Operator,2024-08-09,Active
EMP-002496,LOC-0040,Alexandra White,Supply Chain,Specialist,2020-07-25,Active
EMP-002497,LOC-0016,Erika Hernandez,Production,Operator,2024-10-09,Active
EMP-002498,LOC-0023,Samuel Lane,Sales,Coordinator,2021-08-30,Active
EMP-002499,LOC-0095,Thomas Ramos,Sales,Specialist,2025-01-24,Active
EMP-002500,LOC-0096,Cassandra Munoz,Production,Manager,2024-01-29,Active
EMP-002501,LOC-0045,Marie Patterson DVM,Production,Analyst,2025-03-16,Active
EMP-002502,LOC-0002,Dawn Rodriguez,Operations,Operator,2023-07-03,Active
EMP-002503,LOC-0036,Nicole Brandt,Operations,Operator,2024-07-14,Active
EMP-002504,LOC-0096,Daniel Cuevas,IT,Manager,2024-10-29,Active
EMP-002505,LOC-0066,Michelle Smith,Sales,Analyst,2021-08-27,Active
EMP-002506,LOC-0011,Ana Martinez,Production,Operator,2019-05-18,Active
EMP-002507,LOC-0096,Victor Paul,Human Resources,Specialist,2025-07-01,Active
EMP-002508,LOC-0031,Tammy Blackwell,Production,Analyst,2021-02-13,Active
EMP-002509,LOC-0041,Angelica Nelson,Production,Technician,2020-09-06,Active
EMP-002510,LOC-0021,Michelle Bates,Supply Chain,Specialist,2025-10-26,Inactive
EMP-002511,LOC-0033,Olivia Carter,Operations,Engineer,2020-11-23,Inactive
EMP-002512,LOC-0007,Tom Sweeney,Sales,Technician,2019-01-26,Inactive
EMP-002513,LOC-0007,Edward Hernandez,Finance,Manager,2025-10-20,Active
EMP-002514,LOC-0029,Jason Rodriguez,Production,Analyst,2020-10-01,Active
EMP-002515,LOC-0029,Diane Wong,Operations,Manager,2019-02-12,Inactive
EMP-002516,LOC-0091,Lori Bennett,Supply Chain,Operator,2025-03-31,Active
EMP-002517,LOC-0021,Margaret Nelson,Human Resources,Engineer,2020-08-17,Active
EMP-002518,LOC-0019,Christine Avila,IT,Specialist,2022-12-16,Active
EMP-002519,LOC-0090,Dr. Nicholas Gregory,Operations,Engineer,2020-03-14,Active
EMP-002520,LOC-0061,William Sellers,Production,Analyst,2024-07-08,Active
EMP-002521,LOC-0062,John Casey MD,Production,Coordinator,2020-12-16,Active
EMP-002522,LOC-0082,Ruth Ayala,Human Resources,Engineer,2022-09-02,Active
EMP-002523,LOC-0057,Rachel Flores,Finance,Analyst,2020-02-29,Active
EMP-002524,LOC-0082,Jessica Russell,IT,Operator,2024-02-10,Active
EMP-002525,LOC-0018,Adam Adams,Human Resources,Coordinator,2023-06-21,Active
EMP-002526,LOC-0015,Shawn Flores,Maintenance,Coordinator,2021-08-17,Active
EMP-002527,LOC-0038,Jamie Lopez,Sales,Engineer,2023-05-17,Active
EMP-002528,LOC-0099,Jennifer Burns,Operations,Specialist,2025-11-10,Active
EMP-002529,LOC-0090,Lauren Gray,Production,Coordinator,2025-03-21,Active
EMP-002530,LOC-0066,Joshua Hamilton,Operations,Analyst,2020-12-19,Active
EMP-002531,LOC-0051,Robert Campbell,Finance,Engineer,2020-04-06,Active
EMP-002532,LOC-0053,Sharon Newton,Supply Chain,Supervisor,2021-01-04,Active
EMP-002533,LOC-0099,Michelle Bailey,IT,Analyst,2024-03-24,Active
EMP-002534,LOC-0072,Kristine Miller,Maintenance,Manager,2024-07-16,Active
EMP-002535,LOC-0021,Christopher Howard,Supply Chain,Manager,2024-05-31,Active
EMP-002536,LOC-0018,Kenneth Hernandez,Supply Chain,Engineer,2024-07-10,Active
EMP-002537,LOC-0034,Jose Cordova,Operations,Supervisor,2022-10-14,Active
EMP-002538,LOC-0087,Ryan Moore,Operations,Analyst,2019-02-23,Active
EMP-002539,LOC-0047,Jennifer Frederick,Supply Chain,Technician,2024-04-30,Active
EMP-002540,LOC-0096,Melissa Davis,Operations,Technician,2022-12-16,Active
EMP-002541,LOC-0045,Anthony Riley,Operations,Manager,2022-07-21,Active
EMP-002542,LOC-0072,Nathaniel Bush,Operations,Operator,2020-11-23,Active
EMP-002543,LOC-0031,Gabriela Perez,Finance,Analyst,2021-05-26,Active
EMP-002544,LOC-0068,Joan Flowers,Supply Chain,Engineer,2019-03-23,Active
EMP-002545,LOC-0039,Lisa Reese,IT,Coordinator,2024-08-05,Active
EMP-002546,LOC-0054,Derek Ruiz,Maintenance,Technician,2021-08-23,Active
EMP-002547,LOC-0030,Roger Moore,Operations,Specialist,2023-09-24,Active
EMP-002548,LOC-0027,Tracie Salas,Operations,Coordinator,2023-09-16,Active
EMP-002549,LOC-0033,Chelsea Hawkins,Operations,Analyst,2020-09-21,Active
EMP-002550,LOC-0020,Kathleen Smith,Supply Chain,Coordinator,2021-01-25,Active
EMP-002551,LOC-0034,Anthony Jones,Supply Chain,Specialist,2023-08-03,Active
EMP-002552,LOC-0078,Steven Ochoa,Finance,Manager,2020-11-30,Active
EMP-002553,LOC-0058,Ernest Cox,Production,Manager,2019-03-23,Active
EMP-002554,LOC-0057,Angel Ramirez,IT,Engineer,2023-02-09,Active
EMP-002555,LOC-0024,Raymond Smith,Operations,Analyst,2024-11-03,Inactive
EMP-002556,LOC-0085,Edwin Phillips,Maintenance,Coordinator,2022-01-25,Active
EMP-002557,LOC-0075,Michael Powell,Operations,Manager,2023-10-19,Active
EMP-002558,LOC-0089,Jon Anderson,Maintenance,Specialist,2020-08-24,Active
EMP-002559,LOC-0057,Kelly Roth,IT,Coordinator,2023-08-14,Active
EMP-002560,LOC-0004,Ann Fisher,Finance,Specialist,2025-12-11,Active
EMP-002561,LOC-0072,Denise Garcia,Operations,Coordinator,2021-03-11,Active
EMP-002562,LOC-0096,Jacob Carter,Operations,Manager,2021-05-17,Active
EMP-002563,LOC-0076,Laura Taylor,Operations,Manager,2020-07-20,Active
EMP-002564,LOC-0064,Anthony Patterson,Maintenance,Operator,2019-07-31,Active
EMP-002565,LOC-0096,Larry Lozano,Supply Chain,Coordinator,2025-11-14,Active
EMP-002566,LOC-0049,Mrs. Shannon Martin,Maintenance,Manager,2021-08-30,Active
EMP-002567,LOC-0078,Stephanie Cobb,Production,Coordinator,2024-06-05,Active
EMP-002568,LOC-0005,Katie Orozco,Finance,Engineer,2025-06-14,Active
EMP-002569,LOC-0013,Tara Garcia,IT,Supervisor,2022-03-05,Active
EMP-002570,LOC-0031,Kenneth Reeves,Sales,Manager,2023-09-10,Active
EMP-002571,LOC-0050,Kimberly Peters,Supply Chain,Manager,2024-01-03,Active
EMP-002572,LOC-0027,Daniel Galvan,IT,Specialist,2020-11-02,Inactive
EMP-002573,LOC-0071,Gabriel Ware,Operations,Specialist,2025-02-10,Active
EMP-002574,LOC-0089,Julia Conway,Operations,Operator,2024-02-17,Active
EMP-002575,LOC-0092,Tanya Sheppard,Human Resources,Technician,2019-11-19,Inactive
EMP-002576,LOC-0035,Sarah Miller,Sales,Analyst,2020-02-03,Active
EMP-002577,LOC-0084,Steven Anderson,Maintenance,Engineer,2025-01-12,Active
EMP-002578,LOC-0034,John Cannon,Human Resources,Specialist,2020-03-10,Active
EMP-002579,LOC-0037,Brandon Guzman,Maintenance,Specialist,2023-07-21,Active
EMP-002580,LOC-0037,Stephanie Martin,Sales,Engineer,2021-03-16,Active
EMP-002581,LOC-0065,Christine Harding,Sales,Supervisor,2023-09-26,Active
EMP-002582,LOC-0090,Raymond Rogers,Human Resources,Analyst,2019-06-18,Active
EMP-002583,LOC-0057,Jessica Parks,Finance,Coordinator,2024-01-17,Active
EMP-002584,LOC-0086,Samantha Williams,Sales,Coordinator,2023-09-30,Active
EMP-002585,LOC-0071,Tyrone Lin,IT,Technician,2020-12-03,Active
EMP-002586,LOC-0075,Dennis Berry,Maintenance,Coordinator,2020-09-20,Active
EMP-002587,LOC-0079,Laura Villanueva,Production,Technician,2023-11-18,Active
EMP-002588,LOC-0064,Brandon Perkins,IT,Specialist,2022-03-26,Active
EMP-002589,LOC-0024,Robert Williams,Maintenance,Operator,2024-02-02,Active
EMP-002590,LOC-0081,Sarah Silva,Sales,Operator,2025-04-21,Active
EMP-002591,LOC-0047,Laura Charles,Supply Chain,Coordinator,2023-04-20,Active
EMP-002592,LOC-0100,Kristy Wood,IT,Engineer,2025-03-16,Active
EMP-002593,LOC-0004,Juan Rush,Production,Supervisor,2019-05-28,Active
EMP-002594,LOC-0062,Christopher Gonzalez,Operations,Manager,2023-09-02,Active
EMP-002595,LOC-0025,Shelby Campbell,Production,Technician,2024-09-30,Active
EMP-002596,LOC-0001,William Mayo,Production,Manager,2023-11-15,Active
EMP-002597,LOC-0063,Michelle Gomez,Operations,Supervisor,2023-09-08,Active
EMP-002598,LOC-0040,Collin Johnson,Production,Technician,2025-02-15,Active
EMP-002599,LOC-0022,Brittany Cole,Maintenance,Specialist,2019-03-11,Active
EMP-002600,LOC-0036,Victoria Hamilton,IT,Coordinator,2025-12-24,Active
EMP-002601,LOC-0064,Kathryn Griffin,Finance,Specialist,2023-08-03,Active
EMP-002602,LOC-0035,John Brewer,Human Resources,Coordinator,2025-11-01,Active
EMP-002603,LOC-0035,Raymond Lara,Production,Coordinator,2025-08-21,Active
EMP-002604,LOC-0023,Daniel Le,Maintenance,Supervisor,2020-03-13,Active
EMP-002605,LOC-0074,Anthony Martin,IT,Technician,2023-03-14,Inactive
EMP-002606,LOC-0059,Alyssa Smith,Operations,Coordinator,2023-06-01,Active
EMP-002607,LOC-0051,Jonathan Jacobs,Sales,Analyst,2022-05-01,Active
EMP-002608,LOC-0020,Jared Murphy,Maintenance,Operator,2022-02-13,Active
EMP-002609,LOC-0009,Cindy Fields,Human Resources,Supervisor,2022-12-03,Active
EMP-002610,LOC-0082,Gregory Carrillo,Production,Manager,2020-09-30,Active
EMP-002611,LOC-0040,Erica Potter,Maintenance,Coordinator,2019-05-12,Active
EMP-002612,LOC-0056,Kelly Carson,Maintenance,Manager,2021-10-05,Active
EMP-002613,LOC-0087,Chad Tucker,Human Resources,Supervisor,2025-06-28,Active
EMP-002614,LOC-0078,Sheryl Garcia,Production,Analyst,2025-12-21,Active
EMP-002615,LOC-0054,Evan Horn,Sales,Coordinator,2020-09-17,Active
EMP-002616,LOC-0093,Mary Charles,IT,Technician,2025-01-01,Active
EMP-002617,LOC-0026,Fernando Taylor,Maintenance,Manager,2024-10-07,Active
EMP-002618,LOC-0056,Robert Scott,Sales,Operator,2021-01-25,Active
EMP-002619,LOC-0030,Chris Leonard,Sales,Coordinator,2022-05-01,Active
EMP-002620,LOC-0009,Carl Miller,Production,Analyst,2022-10-11,Active
EMP-002621,LOC-0043,Ryan Taylor,Operations,Coordinator,2019-06-09,Active
EMP-002622,LOC-0026,Robert Perez,Sales,Technician,2020-06-08,Active
EMP-002623,LOC-0088,Tina Buckley,Sales,Specialist,2023-11-23,Active
EMP-002624,LOC-0064,Jessica Carpenter,Operations,Coordinator,2020-07-15,Active
EMP-002625,LOC-0073,Pamela Larson,Operations,Manager,2023-05-23,Active
EMP-002626,LOC-0066,Deborah Clark,Human Resources,Technician,2021-09-06,Active
EMP-002627,LOC-0024,Jonathan Johnson,Operations,Engineer,2023-11-24,Active
EMP-002628,LOC-0038,Charles Webb,Human Resources,Coordinator,2020-06-17,Active
EMP-002629,LOC-0005,Bradley Riggs,Production,Manager,2021-10-28,Inactive
EMP-002630,LOC-0057,Benjamin Obrien,Maintenance,Analyst,2021-08-28,Active
EMP-002632,LOC-0040,George Moore,Human Resources,Operator,2022-02-13,Active
EMP-002633,LOC-0049,David Griffin,Finance,Supervisor,2024-05-20,Active
EMP-002634,LOC-0040,Mrs. Amy Montgomery MD,Finance,Supervisor,2021-01-21,Active
EMP-002635,LOC-0035,Benjamin Mcmillan,Maintenance,Manager,2023-04-24,Active
EMP-002636,LOC-0075,Aaron Marks,Operations,Engineer,2020-09-25,Active
EMP-002637,LOC-0060,Jeremy Williams,Maintenance,Operator,2021-02-19,Inactive
EMP-002638,LOC-0019,Jason Miller,Operations,Engineer,2023-09-11,Active
EMP-002639,LOC-0088,Alexis Rivers,Maintenance,Technician,2023-01-01,Active
EMP-002640,LOC-0030,Christina Parrish,Maintenance,Coordinator,2025-06-17,Active
EMP-002641,LOC-0020,Victoria Garrett,Sales,Engineer,2021-02-21,Active
EMP-002642,LOC-0004,Dakota Baker,Operations,Operator,2024-05-23,Active
EMP-002643,LOC-0087,Michael Elliott,Finance,Coordinator,2020-07-22,Active
EMP-002644,LOC-0072,Cathy Perry,Operations,Operator,2020-08-13,Active
EMP-002645,LOC-0044,Eric Hernandez,IT,Specialist,2025-01-16,Active
EMP-002646,LOC-0052,Troy Mcgrath,Maintenance,Operator,2025-04-21,Active
EMP-002647,LOC-0051,Sarah Woods,Finance,Engineer,2021-04-09,Active
EMP-002648,LOC-0023,Richard Tate,Supply Chain,Supervisor,2020-07-15,Active
EMP-002649,LOC-0044,Jay Lester,Human Resources,Coordinator,2019-12-30,Active
EMP-002650,LOC-0022,Mark Ramirez,Sales,Operator,2024-02-17,Active
EMP-002651,LOC-0071,Julie Mcclure,Production,Supervisor,2020-10-26,Active
EMP-002652,LOC-0098,Margaret Nguyen,Human Resources,Manager,2021-12-21,Active
EMP-002653,LOC-0002,Stuart Mitchell,Production,Specialist,2020-08-15,Active
EMP-002654,LOC-0093,Laura Atkinson,Sales,Supervisor,2021-04-30,Active
EMP-002655,LOC-0074,Victoria Hernandez,Production,Technician,2022-01-14,Active
EMP-002656,LOC-0024,Joseph Holt,Production,Manager,2020-01-05,Active
EMP-002657,LOC-0060,Dr. Casey Conner,Operations,Technician,2025-03-07,Active
EMP-002658,LOC-0082,Keith Brown,Production,Operator,2025-06-29,Active
EMP-002659,LOC-0039,Lisa Miller,Operations,Analyst,2025-06-05,Active
EMP-002660,LOC-0099,Catherine Miller,Human Resources,Analyst,2024-07-23,Active
EMP-002661,LOC-0023,Carol Wall,Production,Technician,2025-04-18,Active
EMP-002662,LOC-0031,Andrew Adams,Finance,Manager,2022-10-10,Active
EMP-002663,LOC-0082,Ryan Carrillo,Supply Chain,Technician,2025-02-09,Active
EMP-002664,LOC-0062,Jennifer Cox,Operations,Manager,2019-10-21,Active
EMP-002665,LOC-0042,Phillip Smith,IT,Engineer,2020-02-12,Active
EMP-002666,LOC-0021,Debra Wright,Production,Supervisor,2023-02-24,Active
EMP-002667,LOC-0048,Shelly Green,IT,Coordinator,2020-05-03,Inactive
EMP-002668,LOC-0056,Jo Garcia,Maintenance,Operator,2020-03-11,Active
EMP-002669,LOC-0046,Jacqueline Townsend,Maintenance,Supervisor,2021-05-05,Active
EMP-002670,LOC-0069,Sandra Blevins,Operations,Specialist,2021-05-19,Active
EMP-002671,LOC-0064,Derrick Payne,Supply Chain,Supervisor,2023-01-10,Active
EMP-002672,LOC-0022,Jessica Gonzales,Supply Chain,Analyst,2019-08-31,Active
EMP-002673,LOC-0094,Megan Wilkins,Sales,Coordinator,2019-01-20,Active
EMP-002674,LOC-0066,Larry Dunn,Operations,Engineer,2019-10-14,Active
EMP-002675,LOC-0057,Judith Bright,Human Resources,Analyst,2024-07-05,Active
EMP-002676,LOC-0077,Jeffrey Austin,Production,Operator,2024-01-24,Active
EMP-002677,LOC-0064,Kelly Hernandez,Supply Chain,Manager,2019-01-23,Active
EMP-002678,LOC-0048,Julie Boyle,Supply Chain,Coordinator,2022-02-28,Active
EMP-002679,LOC-0013,Shawn Davidson,Supply Chain,Supervisor,2023-09-04,Active
EMP-002680,LOC-0036,Anne Drake,Human Resources,Coordinator,2020-12-19,Active
EMP-002681,LOC-0053,Linda Kennedy,IT,Specialist,2024-11-14,Active
EMP-002682,LOC-0093,Rachel Barnes,Production,Manager,2019-04-08,Active
EMP-002683,LOC-0069,Katelyn Bailey,Production,Supervisor,2025-02-03,Active
EMP-002684,LOC-0018,James Powell,Production,Manager,2021-04-23,Active
EMP-002685,LOC-0059,Sara Shields,Human Resources,Operator,2024-07-12,Active
EMP-002686,LOC-0096,Randy Klein,IT,Operator,2024-03-09,Active
EMP-002687,LOC-0046,Rita Foster,Maintenance,Technician,2020-03-06,Active
EMP-002688,LOC-0052,Michelle Schwartz,IT,Analyst,2025-12-28,Active
EMP-002689,LOC-0051,Samuel Frye,Human Resources,Operator,2022-03-18,Active
EMP-002690,LOC-0067,Jessica Tran,Operations,Engineer,2024-07-06,Active
EMP-002691,LOC-0038,Jason Romero,Operations,Specialist,2021-09-06,Active
EMP-002692,LOC-0043,Carlos Torres,Human Resources,Coordinator,2025-10-18,Inactive
EMP-002693,LOC-0099,Lauren Preston,Operations,Analyst,2019-07-24,Active
EMP-002694,LOC-0039,Laura Eaton,Human Resources,Operator,2025-09-14,Active
EMP-002695,LOC-0057,Anthony Allen,Sales,Operator,2021-03-11,Active
EMP-002696,LOC-0069,Susan Gonzales,IT,Technician,2024-03-14,Active
EMP-002697,LOC-0012,Matthew Greene,Operations,Supervisor,2019-05-08,Active
EMP-002698,LOC-0032,James Pierce,Operations,Coordinator,2021-08-17,Active
EMP-002699,LOC-0044,Michael Lee,Operations,Analyst,2022-06-11,Active
EMP-002700,LOC-0014,Michael Bailey,Production,Technician,2023-09-07,Active
EMP-002701,LOC-0034,Angela Moore,Human Resources,Technician,2023-11-15,Active
EMP-002702,LOC-0070,Susan Terry,Operations,Coordinator,2020-02-02,Active
EMP-002703,LOC-0053,Mary Davies,Production,Supervisor,2023-01-07,Active
EMP-002704,LOC-0002,Alexis Fernandez PhD,Human Resources,Specialist,2022-09-19,Active
EMP-002705,LOC-0053,William Lopez,IT,Engineer,2024-01-22,Active
EMP-002706,LOC-0053,Krystal Garcia,IT,Specialist,2024-11-29,Active
EMP-002707,LOC-0089,Grace Thompson,Sales,Technician,2024-09-23,Active
EMP-002708,LOC-0019,Michelle Smith,Operations,Supervisor,2020-05-01,Active
EMP-002709,LOC-0015,Anthony Johnson,Operations,Engineer,2019-07-29,Active
EMP-002710,LOC-0066,Tracy Gilmore,Supply Chain,Coordinator,2025-10-01,Active
EMP-002711,LOC-0040,Dylan Matthews,Operations,Operator,2024-05-09,Inactive
EMP-002712,LOC-0040,Brianna Johnson,Sales,Analyst,2020-01-14,Active
EMP-002713,LOC-0076,Elizabeth Bennett,Production,Operator,2019-03-10,Active
EMP-002714,LOC-0051,Seth Smith,Operations,Manager,2023-01-11,Active
EMP-002715,LOC-0081,Roy Williams,Finance,Manager,2021-01-10,Active
EMP-002716,LOC-0053,Anna Meyer,IT,Manager,2025-03-29,Active
EMP-002717,LOC-0086,Christopher Smith,Operations,Coordinator,2024-01-03,Active
EMP-002718,LOC-0090,Carol Garcia,Production,Technician,2023-01-18,Active
EMP-002719,LOC-0074,Nancy Vazquez,Sales,Supervisor,2019-06-18,Active
EMP-002720,LOC-0075,Brenda Ramirez,Production,Specialist,2022-05-14,Active
EMP-002721,LOC-0051,Sarah Ward,Production,Manager,2024-06-26,Active
EMP-002722,LOC-0063,Mark Moore,Operations,Analyst,2020-10-10,Active
EMP-002723,LOC-0022,Timothy Small,Operations,Engineer,2020-01-15,Active
EMP-002724,LOC-0024,Michael Beltran,Operations,Supervisor,2025-10-17,Active
EMP-002725,LOC-0081,Michael Schaefer,Operations,Specialist,2019-08-16,Active
EMP-002726,LOC-0098,Alicia Paul,Sales,Coordinator,2019-04-17,Active
EMP-002727,LOC-0007,Anthony Chapman,Maintenance,Manager,2022-09-02,Active
EMP-002728,LOC-0048,Heather Davis,Operations,Analyst,2019-07-09,Active
EMP-002729,LOC-0083,Lori Williams,Production,Supervisor,2024-03-22,Active
EMP-002730,LOC-0028,Antonio Mcdaniel,Production,Analyst,2020-05-07,Active
EMP-002731,LOC-0095,Dr. Kristen Wilkinson MD,Supply Chain,Supervisor,2025-09-01,Active
EMP-002732,LOC-0041,Cheryl Peterson,Operations,Coordinator,2020-05-30,Active
EMP-002733,LOC-0020,Amy Johnson,IT,Specialist,2025-11-21,Active
EMP-002734,LOC-0016,Robert Weber,Sales,Analyst,2025-12-22,Inactive
EMP-002735,LOC-0079,Stephen Miller,Production,Specialist,2024-01-30,Active
EMP-002736,LOC-0057,Joel Joseph,Production,Supervisor,2022-05-11,Active
EMP-002737,LOC-0080,Karen Simpson,Maintenance,Technician,2025-07-07,Active
EMP-002738,LOC-0069,Leah Johnson,Supply Chain,Manager,2025-12-22,Active
EMP-002739,LOC-0020,David Allen,IT,Engineer,2020-01-12,Active
EMP-002740,LOC-0052,Gary Moody,IT,Operator,2023-09-27,Inactive
EMP-002741,LOC-0091,John Brown,IT,Technician,2022-06-09,Active
EMP-002742,LOC-0090,Christopher Smith,Operations,Specialist,2024-12-30,Active
EMP-002743,LOC-0012,Richard Clark,IT,Manager,2023-05-11,Active
EMP-002744,LOC-0026,John Walker,Production,Specialist,2024-05-25,Active
EMP-002745,LOC-0081,Kevin Padilla,Operations,Operator,2020-02-28,Active
EMP-002746,LOC-0046,Stephanie Moore,Supply Chain,Technician,2023-12-16,Active
EMP-002747,LOC-0031,Brandon Shea,Supply Chain,Analyst,2019-11-18,Active
EMP-002748,LOC-0016,Kelsey Campbell,IT,Manager,2025-11-22,Active
EMP-002749,LOC-0058,Jerry Stevens,Supply Chain,Analyst,2021-03-25,Active
EMP-002750,LOC-0004,Matthew Cox,Operations,Coordinator,2020-10-19,Active
EMP-002751,LOC-0080,Mark Salazar,Operations,Technician,2023-11-30,Active
EMP-002752,LOC-0018,Stephen Morales,Sales,Manager,2022-04-14,Inactive
EMP-002753,LOC-0052,Julie Allen,Supply Chain,Operator,2022-08-19,Active
EMP-002754,LOC-0081,Larry Simmons,Operations,Technician,2025-11-04,Active
EMP-002755,LOC-0041,Kimberly Snow,Human Resources,Supervisor,2019-10-13,Active
EMP-002756,LOC-0064,Justin Butler,Sales,Technician,2019-04-24,Active
EMP-002757,LOC-0025,Gene Johnson DVM,IT,Operator,2019-03-13,Active
EMP-002758,LOC-0047,Andrea Hernandez,Maintenance,Technician,2023-03-20,Active
EMP-002759,LOC-0072,Nicole Gardner,Maintenance,Manager,2021-08-30,Active
EMP-002760,LOC-0018,Nathan White,Production,Technician,2021-07-27,Active
EMP-002761,LOC-0084,Anita Nolan,Finance,Specialist,2023-10-31,Active
EMP-002762,LOC-0047,David Watkins,IT,Manager,2021-10-14,Active
EMP-002763,LOC-0019,Anthony Murphy,Operations,Coordinator,2023-03-06,Active
EMP-002764,LOC-0058,Cameron Kaufman,Operations,Manager,2021-03-11,Active
EMP-002765,LOC-0001,Corey Monroe,Production,Supervisor,2019-12-20,Active
EMP-002766,LOC-0030,Brenda Cox,Maintenance,Coordinator,2024-08-13,Active
EMP-002767,LOC-0019,Brian Silva,Production,Engineer,2023-04-19,Active
EMP-002768,LOC-0005,David Reilly,Operations,Supervisor,2022-07-10,Active
EMP-002769,LOC-0014,James Blackwell,Production,Analyst,2019-03-20,Active
EMP-002770,LOC-0092,Maria Contreras,Production,Operator,2025-01-15,Active
EMP-002771,LOC-0031,Jeffrey Montgomery,Operations,Operator,2019-02-04,Active
EMP-002772,LOC-0061,Beth Hoover,Operations,Engineer,2024-09-27,Active
EMP-002773,LOC-0090,Brian Rivera,Supply Chain,Engineer,2021-05-04,Active
EMP-002774,LOC-0045,Tracy Conley,Sales,Supervisor,2023-09-01,Active
EMP-002775,LOC-0005,Janice Gregory,Operations,Coordinator,2022-09-14,Active
EMP-002776,LOC-0021,Sarah Bean,Production,Analyst,2019-05-21,Active
EMP-002777,LOC-0058,Lorraine Morris,Maintenance,Manager,2019-03-10,Active
EMP-002778,LOC-0010,Charlene Jones,IT,Technician,2023-09-05,Active
EMP-002779,LOC-0016,Billy Rogers,IT,Engineer,2024-02-21,Active
EMP-002780,LOC-0011,Rebekah Davila,Operations,Manager,2021-08-01,Active
EMP-002781,LOC-0036,Kevin Davis,Production,Coordinator,2024-08-04,Active
EMP-002782,LOC-0085,Richard Reid,Operations,Specialist,2024-10-10,Active
EMP-002783,LOC-0019,Justin Calderon,Maintenance,Manager,2025-11-19,Active
EMP-002784,LOC-0087,Daniel Gould,Operations,Engineer,2024-09-30,Active
EMP-002785,LOC-0063,Vanessa Cortez,Supply Chain,Manager,2020-03-10,Active
EMP-002786,LOC-0035,Daniel Potter,Sales,Analyst,2021-03-10,Active
EMP-002787,LOC-0021,Alexis Ross,Operations,Specialist,2019-06-17,Active
EMP-002788,LOC-0076,James Campbell,Operations,Supervisor,2022-03-21,Active
EMP-002789,LOC-0087,Angela Meyers,IT,Coordinator,2025-08-21,Active
EMP-002790,LOC-0003,Bill Hall,Sales,Operator,2023-08-25,Active
EMP-002791,LOC-0017,Jason Watson,Operations,Analyst,2023-05-21,Active
EMP-002792,LOC-0086,Laurie Moody,Operations,Coordinator,2023-07-05,Active
EMP-002793,LOC-0010,Michael Anderson,Sales,Specialist,2023-09-06,Active
EMP-002794,LOC-0045,Crystal Harris,Production,Technician,2021-05-26,Active
EMP-002795,LOC-0040,Austin Munoz,Maintenance,Coordinator,2024-05-31,Inactive
EMP-002796,LOC-0057,Robert Mcmillan,Supply Chain,Manager,2022-01-17,Inactive
EMP-002797,LOC-0011,Derrick Baldwin,Sales,Supervisor,2021-02-20,Active
EMP-002798,LOC-0086,Marc Wyatt,Maintenance,Manager,2022-08-09,Active
EMP-002799,LOC-0064,Jason Wells,IT,Operator,2023-08-05,Active
EMP-002800,LOC-0088,Matthew Allison,Human Resources,Coordinator,2020-06-01,Active
EMP-002801,LOC-0099,Jenna Mills,Operations,Technician,2023-05-03,Active
EMP-002802,LOC-0036,Elizabeth Ryan,Production,Manager,2024-02-10,Active
EMP-002803,LOC-0057,Christian Singh,Operations,Coordinator,2020-02-28,Active
EMP-002804,LOC-0066,Kimberly Benson,Production,Operator,2024-06-03,Inactive
EMP-002805,LOC-0098,Dr. Joan Buchanan,Operations,Supervisor,2024-09-17,Active
EMP-002806,LOC-0049,Rebecca Nichols,Operations,Analyst,2021-11-28,Active
EMP-002807,LOC-0029,Nichole Davis,Maintenance,Technician,2022-07-26,Active
EMP-002808,LOC-0055,Christopher Barton,Operations,Technician,2020-07-26,Active
EMP-002809,LOC-0031,Daniel Fischer,Operations,Supervisor,2023-04-01,Active
EMP-002810,LOC-0023,Jeffrey Peterson,Operations,Manager,2021-06-03,Active
EMP-002811,LOC-0098,Holly Griffith,Sales,Supervisor,2025-04-17,Active
EMP-002812,LOC-0072,Shannon Wood,Operations,Engineer,2022-01-12,Active
EMP-002813,LOC-0029,David Sullivan,Production,Specialist,2023-05-28,Active
EMP-002814,LOC-0002,Felicia Ewing,IT,Coordinator,2024-03-31,Active
EMP-002815,LOC-0032,Corey Cline,Production,Technician,2021-12-06,Active
EMP-002816,LOC-0016,Robert Marks,Operations,Manager,2022-11-05,Active
EMP-002817,LOC-0028,Debra Rodriguez,IT,Technician,2021-04-18,Active
EMP-002818,LOC-0088,Brent Foster,Operations,Engineer,2023-06-13,Active
EMP-002819,LOC-0020,Adam Brown,Production,Coordinator,2023-03-04,Active
EMP-002820,LOC-0086,Michele Perez,Operations,Coordinator,2021-01-09,Active
EMP-002821,LOC-0015,Erik Harper,Operations,Analyst,2020-02-28,Active
EMP-002822,LOC-0005,Jason Ross,Operations,Technician,2023-05-21,Active
EMP-002823,LOC-0099,Samantha Lyons,Sales,Manager,2021-03-25,Active
EMP-002824,LOC-0096,Roger Brooks,Supply Chain,Engineer,2019-07-05,Active
EMP-002825,LOC-0044,Erica Russell,Supply Chain,Operator,2025-09-13,Active
EMP-002826,LOC-0011,Cynthia Simpson,IT,Analyst,2025-01-14,Active
EMP-002827,LOC-0033,Kristopher Robinson,Finance,Supervisor,2021-11-12,Active
EMP-002828,LOC-0050,Lauren Obrien,Finance,Engineer,2020-04-16,Active
EMP-002829,LOC-0034,James Miller,Supply Chain,Supervisor,2025-09-07,Active
EMP-002830,LOC-0067,Charles Williams,Production,Engineer,2022-11-05,Active
EMP-002831,LOC-0091,Thomas Wyatt,Maintenance,Coordinator,2020-07-01,Active
EMP-002832,LOC-0034,Zachary Graham,Sales,Supervisor,2023-12-23,Active
EMP-002833,LOC-0058,Matthew Blankenship,Operations,Operator,2020-03-02,Active
EMP-002834,LOC-0019,Jacqueline Moreno,Operations,Supervisor,2022-09-19,Active
EMP-002835,LOC-0062,Michelle Jordan,Operations,Manager,2020-08-19,Inactive
EMP-002836,LOC-0011,Adrian Kelley,Production,Supervisor,2025-06-23,Active
EMP-002837,LOC-0055,David Pace,Production,Operator,2025-02-20,Active
EMP-002838,LOC-0044,Renee Brown,Operations,Coordinator,2025-07-31,Active
EMP-002839,LOC-0081,Scott Barrett,Human Resources,Operator,2020-05-07,Active
EMP-002840,LOC-0065,Jeffrey Juarez,Supply Chain,Engineer,2024-08-22,Active
EMP-002841,LOC-0020,Patricia Cobb,Supply Chain,Coordinator,2025-05-19,Active
EMP-002842,LOC-0074,Kevin Cohen,Production,Supervisor,2024-09-19,Active
EMP-002843,LOC-0098,Danielle Patrick,Human Resources,Coordinator,2022-02-05,Active
EMP-002844,LOC-0100,Dr. Justin Flores,Operations,Technician,2019-12-22,Active
EMP-002845,LOC-0018,Jamie Vazquez,Production,Analyst,2022-09-25,Active
EMP-002846,LOC-0031,Nicholas Villanueva,Operations,Engineer,2025-08-31,Active
EMP-002847,LOC-0077,Mrs. Patty Campbell,Production,Technician,2021-05-18,Active
EMP-002848,LOC-0023,Edward Hampton,Supply Chain,Coordinator,2021-05-01,Active
EMP-002849,LOC-0017,Alexandra Hudson,Sales,Manager,2024-11-26,Active
EMP-002850,LOC-0014,Thomas Rodriguez,Operations,Technician,2020-03-18,Active
EMP-002851,LOC-0088,Maria Gomez,Sales,Manager,2020-12-30,Active
EMP-002852,LOC-0018,Stephanie Morales,Supply Chain,Engineer,2024-06-26,Active
EMP-002853,LOC-0089,Carly Black,Sales,Supervisor,2020-10-30,Active
EMP-002854,LOC-0077,Robert Payne,Operations,Coordinator,2019-03-18,Active
EMP-002855,LOC-0001,Virginia Vasquez,Sales,Manager,2025-12-21,Active
EMP-002856,LOC-0082,Lisa Potts,Operations,Operator,2023-03-07,Active
EMP-002857,LOC-0017,Douglas Casey,Operations,Operator,2021-12-30,Active
EMP-002858,LOC-0081,Lisa Smith,Production,Analyst,2023-10-04,Active
EMP-002859,LOC-0070,Justin Medina,Sales,Analyst,2022-08-30,Active
EMP-002860,LOC-0036,Richard Sullivan,Operations,Supervisor,2020-09-08,Active
EMP-002861,LOC-0028,Lisa Wiggins,Production,Specialist,2022-10-21,Active
EMP-002862,LOC-0056,Anthony Johnson,Production,Manager,2022-11-16,Active
EMP-002863,LOC-0058,Sharon Baker,Maintenance,Coordinator,2021-01-21,Active
EMP-002864,LOC-0088,William Vaughn,Sales,Specialist,2022-10-22,Active
EMP-002865,LOC-0066,Joyce Garcia,Supply Chain,Supervisor,2020-03-07,Active
EMP-002866,LOC-0093,Jeffrey Olsen,Production,Analyst,2023-06-06,Active
EMP-002867,LOC-0008,Jodi Edwards,Sales,Coordinator,2020-08-07,Active
EMP-002868,LOC-0067,Joseph Velasquez,IT,Manager,2024-11-24,Active
EMP-002869,LOC-0006,Amanda Rodriguez,Operations,Engineer,2020-04-01,Active
EMP-002870,LOC-0031,William Higgins,Supply Chain,Specialist,2020-10-13,Active
EMP-002871,LOC-0039,Elizabeth Smith,Operations,Technician,2023-01-08,Active
EMP-002872,LOC-0089,April Campbell,IT,Manager,2023-09-23,Active
EMP-002873,LOC-0034,Emily Guerra,Operations,Analyst,2020-10-31,Active
EMP-002874,LOC-0078,Charles French,Supply Chain,Supervisor,2025-09-16,Active
EMP-002875,LOC-0012,Chloe Ferguson,Production,Analyst,2019-02-03,Active
EMP-002876,LOC-0040,Jack Anderson,Production,Coordinator,2020-09-18,Active
EMP-002877,LOC-0048,Thomas Davis,IT,Engineer,2019-09-21,Active
EMP-002878,LOC-0061,Cynthia Clark,Operations,Specialist,2022-01-31,Inactive
EMP-002879,LOC-0049,Lance Collins,Operations,Specialist,2023-03-19,Active
EMP-002880,LOC-0077,Craig Hernandez,Finance,Analyst,2025-09-06,Inactive
EMP-002881,LOC-0039,Felicia Alvarado,Operations,Manager,2019-12-20,Active
EMP-002882,LOC-0026,Bobby Berry,Operations,Coordinator,2023-11-11,Active
EMP-002883,LOC-0046,Emily Sanders,Maintenance,Coordinator,2024-11-06,Active
EMP-002884,LOC-0030,Jodi Long,IT,Manager,2021-09-15,Active
EMP-002885,LOC-0002,James Shaw,Human Resources,Operator,2022-03-09,Active
EMP-002886,LOC-0092,Laurie Hernandez,Sales,Supervisor,2024-06-25,Active
EMP-002887,LOC-0041,Rickey Gallegos,Production,Supervisor,2021-09-19,Active
EMP-002888,LOC-0036,Thomas Mccarthy,Finance,Engineer,2020-02-08,Active
EMP-002889,LOC-0096,Gary Delgado,IT,Technician,2019-06-19,Active
EMP-002891,LOC-0075,Victoria Kennedy,Production,Technician,2020-04-01,Active
EMP-002892,LOC-0062,Mitchell Smith,Sales,Coordinator,2021-07-09,Active
EMP-002893,LOC-0067,Todd Martin,Supply Chain,Analyst,2024-05-04,Active
EMP-002894,LOC-0010,Heather Scott,Production,Supervisor,2024-12-29,Active
EMP-002895,LOC-0052,Tracy Davis,Production,Supervisor,2024-01-06,Active
EMP-002896,LOC-0069,Erica Shah,Supply Chain,Coordinator,2025-02-16,Active
EMP-002897,LOC-0078,Tiffany Lara,Sales,Coordinator,2022-12-28,Active
EMP-002898,LOC-0086,John Cervantes,Maintenance,Supervisor,2020-09-03,Active
EMP-002899,LOC-0040,Sean Lucas,Human Resources,Manager,2019-02-27,Active
EMP-002900,LOC-0072,Mariah Erickson,Production,Coordinator,2025-11-26,Active
EMP-002901,LOC-0031,Jennifer Johnson,Operations,Analyst,2023-05-06,Active
EMP-002902,LOC-0028,April Mitchell,Supply Chain,Manager,2025-05-10,Active
EMP-002903,LOC-0080,Elizabeth Blake,Operations,Specialist,2020-04-24,Active
EMP-002904,LOC-0086,Audrey Randolph DDS,Human Resources,Engineer,2023-11-19,Active
EMP-002905,LOC-0003,Laura Lee,IT,Specialist,2025-08-16,Active
EMP-002906,LOC-0007,Robin Perez,Production,Engineer,2023-09-25,Active
EMP-002907,LOC-0075,Jillian Hendricks,IT,Supervisor,2023-09-21,Active
EMP-002908,LOC-0041,Pam Mcknight,Operations,Technician,2024-09-17,Active
EMP-002909,LOC-0046,Brian Atkins,Operations,Coordinator,2020-12-04,Active
EMP-002910,LOC-0016,Eric Johnson,Operations,Specialist,2021-06-15,Active
EMP-002911,LOC-0021,Rachel Johnson,Production,Technician,2022-04-14,Active
EMP-002912,LOC-0016,Elizabeth Walker,Production,Coordinator,2025-11-19,Active
EMP-002913,LOC-0081,Amy Peterson,Maintenance,Coordinator,2021-03-27,Active
EMP-002914,LOC-0009,Wendy Mccullough,Production,Supervisor,2023-04-13,Active
EMP-002915,LOC-0099,Heather Fernandez,Operations,Manager,2024-01-16,Inactive
EMP-002916,LOC-0095,Laura Johnston,Production,Supervisor,2023-11-10,Active
EMP-002917,LOC-0042,John Dunn,IT,Engineer,2021-05-18,Inactive
EMP-002918,LOC-0031,Curtis Garcia,Maintenance,Technician,2025-02-19,Active
EMP-002919,LOC-0084,Douglas Bowers,Operations,Operator,2024-02-29,Active
EMP-002920,LOC-0094,Daniel Bernard,Production,Engineer,2025-11-25,Active
EMP-002921,LOC-0088,Vanessa Meyers,Operations,Engineer,2021-08-07,Active
EMP-002922,LOC-0024,Darren Smith,Maintenance,Supervisor,2022-09-25,Active
EMP-002923,LOC-0092,Joel Park,Human Resources,Specialist,2023-11-08,Active
EMP-002924,LOC-0027,Teresa Kennedy,Supply Chain,Operator,2020-01-12,Active
EMP-002925,LOC-0017,Christian Flores,Maintenance,Coordinator,2025-12-27,Active
EMP-002926,LOC-0075,Ann Thompson,Maintenance,Engineer,2022-08-21,Active
EMP-002927,LOC-0083,Tim Payne,IT,Operator,2025-01-04,Active
EMP-002928,LOC-0027,Sarah Martinez,IT,Supervisor,2020-06-26,Active
EMP-002929,LOC-0044,Tony Graham,IT,Supervisor,2025-06-17,Active
EMP-002930,LOC-0030,Michael Hays,Operations,Analyst,2019-05-02,Active
EMP-002931,LOC-0092,Carolyn Gibson,IT,Manager,2025-04-05,Active
EMP-002932,LOC-0068,Jacqueline Wheeler,Sales,Technician,2022-01-26,Active
EMP-002933,LOC-0069,Bailey Holland,Production,Specialist,2024-05-22,Active
EMP-002934,LOC-0037,Phillip Davis,Production,Operator,2021-03-14,Active
EMP-002935,LOC-0009,Rebecca Bass,Production,Operator,2019-07-30,Active
EMP-002936,LOC-0095,Amanda Mcdonald,Supply Chain,Specialist,2024-05-22,Inactive
EMP-002937,LOC-0085,Joseph Kane,IT,Operator,2019-01-19,Active
EMP-002938,LOC-0085,Elizabeth Barron,Sales,Operator,2023-01-13,Active
EMP-002939,LOC-0019,Taylor Ortiz,Operations,Operator,2019-01-31,Active
EMP-002940,LOC-0055,Phillip Wilson,Maintenance,Operator,2023-04-18,Active
EMP-002941,LOC-0056,Brittany Wyatt,Operations,Supervisor,2021-11-18,Active
EMP-002942,LOC-0053,Harry Best,Maintenance,Operator,2023-12-28,Active
EMP-002944,LOC-0002,Robin Chapman,IT,Analyst,2025-04-23,Active
EMP-002945,LOC-0081,Tina Daniel,Production,Manager,2025-01-01,Active
EMP-002946,LOC-0024,Katrina Jones,Human Resources,Specialist,2020-11-16,Active
EMP-002947,LOC-0092,Danielle Wallace,Production,Analyst,2025-02-25,Active
EMP-002948,LOC-0018,Lori Hodge,Production,Engineer,2020-11-01,Active
EMP-002949,LOC-0013,Lori Campos,Operations,Manager,2025-03-11,Active
EMP-002950,LOC-0093,Christopher Gamble,Operations,Supervisor,2024-04-08,Active
EMP-002951,LOC-0054,Darren Rice,Production,Coordinator,2023-08-03,Active
EMP-002952,LOC-0079,Amanda Cruz,Production,Operator,2025-11-02,Active
EMP-002953,LOC-0001,Christopher Smith,Finance,Supervisor,2025-06-22,Active
EMP-002954,LOC-0009,Jeffrey Solomon,Production,Specialist,2023-11-04,Active
EMP-002955,LOC-0081,Courtney Jenkins,Maintenance,Engineer,2023-07-13,Active
EMP-002956,LOC-0065,Dawn Roberts,Supply Chain,Operator,2022-06-16,Active
EMP-002957,LOC-0023,Taylor Nguyen,Operations,Operator,2020-12-16,Active
EMP-002958,LOC-0051,Veronica Irwin,Operations,Coordinator,2021-11-24,Inactive
EMP-002959,LOC-0057,Tina Campos,Maintenance,Operator,2023-01-05,Active
EMP-002960,LOC-0056,Adam Lawson,Operations,Supervisor,2023-01-28,Active
EMP-002961,LOC-0080,Patricia Reyes,Operations,Analyst,2023-04-17,Active
EMP-002962,LOC-0097,Gloria Brown,IT,Manager,2020-06-16,Active
EMP-002963,LOC-0100,Lisa Wood,IT,Operator,2020-02-21,Active
EMP-002964,LOC-0060,Christopher Smith,Production,Specialist,2024-05-28,Active
EMP-002966,LOC-0066,Jeffrey Delacruz,Operations,Coordinator,2022-01-09,Active
EMP-002967,LOC-0009,Chad Krueger,IT,Analyst,2025-02-21,Active
EMP-002969,LOC-0094,Sarah Gordon,Production,Coordinator,2025-05-18,Active
EMP-002970,LOC-0013,Wayne Smith,Supply Chain,Operator,2021-04-12,Active
EMP-002971,LOC-0095,Tiffany Cohen,Human Resources,Supervisor,2023-01-24,Inactive
EMP-002972,LOC-0093,Patricia Ross,Human Resources,Analyst,2023-07-22,Inactive
EMP-002973,LOC-0079,Carlos Ruiz,Production,Manager,2024-10-28,Active
EMP-002974,LOC-0016,Ashley Wilson,Operations,Technician,2021-06-21,Active
EMP-002975,LOC-0032,Brian Coffey,Supply Chain,Engineer,2024-05-15,Active
EMP-002976,LOC-0045,Kathryn James,Production,Coordinator,2021-01-06,Active
EMP-002977,LOC-0065,Keith Raymond,Production,Analyst,2022-05-08,Active
EMP-002978,LOC-0041,Stacy Johns,Operations,Coordinator,2022-07-21,Active
EMP-002979,LOC-0078,Cody Stone,Sales,Technician,2022-04-11,Active
EMP-002980,LOC-0055,Rebecca Hendrix,Supply Chain,Operator,2022-04-22,Active
EMP-002981,LOC-0073,Donald Pittman,Maintenance,Specialist,2025-09-26,Active
EMP-002982,LOC-0017,Nicole Bush,Finance,Specialist,2020-06-03,Active
EMP-002983,LOC-0095,Jimmy Mckee,Human Resources,Analyst,2020-08-10,Inactive
EMP-002984,LOC-0055,Gregory Alexander,IT,Analyst,2019-12-10,Active
EMP-002985,LOC-0015,Jon Mahoney,Human Resources,Engineer,2025-02-06,Active
EMP-002986,LOC-0052,Sandra Cruz,Supply Chain,Manager,2022-09-02,Active
EMP-002987,LOC-0031,Donna Sharp,Finance,Analyst,2024-01-01,Active
EMP-002988,LOC-0012,Jessica Quinn,Production,Coordinator,2022-09-14,Active
EMP-002989,LOC-0044,Mark Campbell,Operations,Operator,2022-09-23,Active
EMP-002990,LOC-0098,Victoria Estrada,Sales,Technician,2020-06-06,Active
EMP-002991,LOC-0074,David Gray,Production,Technician,2024-03-30,Active
EMP-002992,LOC-0036,Gregory Jennings,Production,Technician,2022-07-28,Active
EMP-002993,LOC-0063,Nicole Luna,Operations,Supervisor,2019-11-29,Active
EMP-002994,LOC-0023,Richard Flores,IT,Specialist,2024-08-16,Active
EMP-002995,LOC-0046,Rebecca Weeks,Supply Chain,Manager,2023-02-04,Active
EMP-002996,LOC-0023,Gregory Smith,Human Resources,Operator,2020-09-08,Active
EMP-002997,LOC-0073,Kristy Barrett,Human Resources,Engineer,2021-09-26,Active
EMP-002998,LOC-0021,Cory Cole,Supply Chain,Engineer,2025-08-04,Active
EMP-002999,LOC-0070,Carlos Ramirez,Finance,Supervisor,2023-03-14,Active
EMP-003000,LOC-0076,Anthony Perez,Operations,Engineer,2024-04-22,Active
EMP-003001,LOC-0048,Tiffany Hunt,Supply Chain,Specialist,2023-04-26,Inactive
EMP-003002,LOC-0003,Julie Morgan,Sales,Operator,2021-09-26,Active
EMP-003003,LOC-0043,Caleb Cole,Operations,Analyst,2023-03-30,Active
EMP-003004,LOC-0043,Michael Smith,Sales,Engineer,2022-10-18,Active
EMP-003005,LOC-0044,Linda Moore,Maintenance,Specialist,2021-11-29,Active
EMP-003006,LOC-0092,Ashley Strickland,Production,Coordinator,2021-02-16,Active
EMP-003007,LOC-0044,Debra Campbell,Maintenance,Specialist,2024-01-08,Active
EMP-003008,LOC-0006,Julie Martin,Production,Engineer,2024-12-20,Active
EMP-003009,LOC-0032,John Jones,Human Resources,Coordinator,2020-12-29,Active
EMP-003010,LOC-0058,Krystal Webb,Sales,Analyst,2019-04-28,Active
EMP-003011,LOC-0028,Laurie Turner,Maintenance,Coordinator,2021-12-19,Active
EMP-003012,LOC-0055,Melanie Sanchez,Operations,Coordinator,2019-11-11,Active
EMP-003013,LOC-0069,Daniel Long,Maintenance,Engineer,2022-10-23,Active
EMP-003014,LOC-0088,Brian Turner,Maintenance,Manager,2019-01-08,Active
EMP-003015,LOC-0048,Jason Carr,IT,Specialist,2021-09-21,Active
EMP-003016,LOC-0032,Jeffrey Perkins,Supply Chain,Analyst,2025-04-12,Active
EMP-003017,LOC-0005,Rebecca Farmer,Human Resources,Coordinator,2021-10-11,Active
EMP-003018,LOC-0039,Matthew Perez,Maintenance,Specialist,2025-02-19,Active
EMP-003019,LOC-0078,Seth Roth,Production,Technician,2020-06-03,Active
EMP-003020,LOC-0083,Jack Smith,Human Resources,Technician,2025-10-09,Active
EMP-003021,LOC-0100,Mark Pace,IT,Supervisor,2025-04-15,Active
EMP-003022,LOC-0064,Kevin Marshall,Finance,Supervisor,2025-01-12,Active
EMP-003023,LOC-0054,Gary Harper,Operations,Analyst,2019-01-02,Active
EMP-003024,LOC-0099,Lisa Roberts,Production,Engineer,2020-01-27,Active
EMP-003025,LOC-0008,Pamela Hampton,IT,Coordinator,2020-09-27,Active
EMP-003026,LOC-0072,Eric Burgess,Sales,Manager,2020-11-06,Active
EMP-003027,LOC-0065,Anna Johnson,Supply Chain,Supervisor,2023-01-18,Inactive
EMP-003028,LOC-0035,Katelyn Vargas,Supply Chain,Coordinator,2023-08-08,Active
EMP-003029,LOC-0061,Kimberly Myers,Human Resources,Analyst,2022-12-07,Active
EMP-003030,LOC-0078,Steven Foster,Production,Operator,2025-05-30,Active
EMP-003031,LOC-0042,Russell Banks,Production,Technician,2023-04-20,Active
EMP-003033,LOC-0074,Adam Adams,Maintenance,Manager,2025-10-14,Active
EMP-003034,LOC-0006,Jason Keller,Maintenance,Operator,2020-10-07,Active
EMP-003035,LOC-0010,Donna Dunn,Human Resources,Coordinator,2022-01-19,Active
EMP-003036,LOC-0033,Melody Maddox,Sales,Specialist,2025-05-20,Active
EMP-003037,LOC-0097,Angela Finley,Operations,Engineer,2023-03-08,Active
EMP-003038,LOC-0075,Thomas Dean,Finance,Engineer,2024-09-09,Active
EMP-003039,LOC-0068,Patrick Griffin,Operations,Technician,2021-06-30,Active
EMP-003040,LOC-0097,David Garcia,Supply Chain,Technician,2022-05-31,Active
EMP-003041,LOC-0033,Mary Kent,Operations,Technician,2022-09-16,Active
EMP-003042,LOC-0039,Teresa Williams,Operations,Coordinator,2023-11-07,Active
EMP-003043,LOC-0068,Jonathan Kelly,Human Resources,Coordinator,2024-09-01,Inactive
EMP-003044,LOC-0006,Stacy Johnson,Operations,Analyst,2025-01-11,Active
EMP-003046,LOC-0022,Noah Nicholson,Finance,Engineer,2024-05-14,Active
EMP-003047,LOC-0038,Clifford Williams,Finance,Coordinator,2020-05-22,Active
EMP-003048,LOC-0073,Lauren Sanchez,Production,Supervisor,2021-10-16,Active
EMP-003049,LOC-0083,John Martinez,Operations,Specialist,2025-07-16,Active
EMP-003050,LOC-0063,Linda Burgess,Operations,Analyst,2019-08-25,Active
EMP-003051,LOC-0062,Paula Francis,IT,Technician,2019-06-19,Active
EMP-003052,LOC-0059,Nicholas Jones,Supply Chain,Supervisor,2020-04-08,Active
EMP-003053,LOC-0088,Gregory Ray,IT,Specialist,2025-10-02,Inactive
EMP-003054,LOC-0007,Rebecca Chung,Operations,Specialist,2021-09-08,Active
EMP-003055,LOC-0084,Christopher Chavez,Supply Chain,Coordinator,2022-04-07,Inactive
EMP-003056,LOC-0056,Jason Harris,Production,Analyst,2024-11-11,Active
EMP-003057,LOC-0076,Jennifer Nelson,Finance,Operator,2023-05-15,Active
EMP-003058,LOC-0099,Jessica Price,Sales,Analyst,2022-12-26,Active
EMP-003059,LOC-0089,Tonya Finley,Operations,Operator,2021-07-15,Active
EMP-003060,LOC-0046,Marie Harris,Operations,Manager,2021-06-27,Active
EMP-003061,LOC-0003,Vanessa Brown,Operations,Specialist,2024-12-24,Active
EMP-003062,LOC-0008,Tammy Lopez,Production,Engineer,2024-01-10,Active
EMP-003063,LOC-0049,Sarah Herrera,Operations,Specialist,2020-10-27,Active
EMP-003064,LOC-0028,Bradley Hicks,Operations,Supervisor,2024-12-26,Active
EMP-003065,LOC-0013,Michael Torres,Maintenance,Manager,2022-04-08,Active
EMP-003066,LOC-0072,Ariel Butler MD,Maintenance,Coordinator,2025-02-11,Active
EMP-003067,LOC-0020,Christina Pittman,Maintenance,Specialist,2025-01-24,Active
EMP-003068,LOC-0052,Kenneth Michael,Operations,Supervisor,2019-07-19,Active
EMP-003069,LOC-0024,Crystal King,Operations,Manager,2023-09-21,Active
EMP-003070,LOC-0051,Kyle Stephens,Supply Chain,Analyst,2024-03-26,Active
EMP-003071,LOC-0098,Adam Hull,Operations,Specialist,2020-08-07,Active
EMP-003072,LOC-0079,Derek Hines,Maintenance,Technician,2020-05-27,Active
EMP-003073,LOC-0049,Sydney Mitchell,Supply Chain,Engineer,2021-12-01,Inactive
EMP-003074,LOC-0072,Tina Murray,Supply Chain,Analyst,2024-03-14,Active
EMP-003075,LOC-0008,Grant Serrano,Production,Engineer,2022-04-20,Active
EMP-003076,LOC-0097,Matthew Guzman,Production,Operator,2019-02-08,Active
EMP-003077,LOC-0012,Leah Jenkins,Operations,Specialist,2022-10-11,Active
EMP-003078,LOC-0022,Jake Morales,Operations,Analyst,2022-05-15,Active
EMP-003079,LOC-0085,Jennifer Perry,IT,Engineer,2021-08-08,Active
EMP-003080,LOC-0012,Samuel Wall,Production,Coordinator,2019-06-22,Active
EMP-003081,LOC-0052,Mariah Sullivan,Operations,Manager,2022-01-27,Active
EMP-003082,LOC-0027,Kevin Villanueva,Operations,Specialist,2022-02-02,Active
EMP-003083,LOC-0041,Bruce Delacruz,Production,Coordinator,2019-04-12,Active
EMP-003084,LOC-0012,Jacob Walls,Operations,Operator,2019-10-12,Active
EMP-003085,LOC-0088,Wayne Silva,IT,Manager,2020-04-08,Active
EMP-003086,LOC-0076,Amanda Howard,Supply Chain,Engineer,2019-07-23,Active
EMP-003087,LOC-0097,Samantha Dennis,IT,Manager,2023-08-12,Inactive
EMP-003088,LOC-0033,Eileen Snow,Maintenance,Analyst,2022-05-20,Active
EMP-003089,LOC-0086,Dana Wallace,IT,Analyst,2025-09-12,Active
EMP-003090,LOC-0093,Bridget Stewart,IT,Manager,2025-10-08,Active
EMP-003091,LOC-0020,Ashley Cochran,Finance,Specialist,2025-07-05,Active
EMP-003092,LOC-0004,Benjamin Schmidt,Finance,Manager,2019-12-15,Active
EMP-003093,LOC-0009,Kelly Gonzales,Operations,Analyst,2025-12-15,Active
EMP-003095,LOC-0032,Mrs. Karen Jennings,Finance,Specialist,2020-09-29,Active
EMP-003096,LOC-0016,Carol Warner,Supply Chain,Supervisor,2021-08-20,Active
EMP-003097,LOC-0075,Angela Miller,Human Resources,Coordinator,2021-12-01,Active
EMP-003098,LOC-0007,Hannah Jones,Finance,Supervisor,2024-04-26,Active
EMP-003099,LOC-0087,Madison Pope,Operations,Manager,2020-12-25,Active
EMP-003100,LOC-0042,Michelle Martin,Maintenance,Analyst,2023-01-24,Active
EMP-003101,LOC-0032,Michael Miller,Maintenance,Specialist,2021-08-27,Active
EMP-003102,LOC-0044,Thomas Yoder,IT,Operator,2020-11-10,Active
EMP-003103,LOC-0017,Matthew French,Production,Specialist,2019-08-11,Active
EMP-003104,LOC-0016,Brianna Wilson,Sales,Manager,2023-05-13,Inactive
EMP-003105,LOC-0071,Maria Maxwell,Supply Chain,Operator,2023-01-14,Active
EMP-003106,LOC-0035,Chelsea Taylor,Finance,Specialist,2024-09-20,Active
EMP-003107,LOC-0006,Christopher Smith,Supply Chain,Analyst,2025-02-17,Active
EMP-003108,LOC-0072,Adam Hernandez,Maintenance,Operator,2025-09-22,Active
EMP-003109,LOC-0056,Elizabeth Martinez,Supply Chain,Operator,2024-03-28,Active
EMP-003110,LOC-0047,Richard Velazquez,Supply Chain,Specialist,2021-03-13,Active
EMP-003111,LOC-0016,Martha Miller,Operations,Coordinator,2019-02-20,Active
EMP-003112,LOC-0005,David Evans,Operations,Coordinator,2024-05-21,Active
EMP-003113,LOC-0015,Christopher Morrison,Operations,Analyst,2020-03-14,Active
EMP-003114,LOC-0020,Raymond Morrow,Operations,Operator,2020-05-12,Active
EMP-003116,LOC-0059,Michael Woods,Operations,Coordinator,2025-04-04,Active
EMP-003117,LOC-0037,Thomas Evans,Sales,Specialist,2024-02-18,Active
EMP-003118,LOC-0035,Michael Taylor,Production,Engineer,2020-09-02,Active
EMP-003119,LOC-0004,Roger Davidson,Finance,Technician,2019-06-28,Active
EMP-003120,LOC-0008,Audrey Smith,Production,Supervisor,2023-04-19,Active
EMP-003121,LOC-0041,Adam Hamilton,Human Resources,Analyst,2024-12-28,Active
EMP-003122,LOC-0021,Natalie Esparza,Production,Specialist,2020-11-28,Active
EMP-003123,LOC-0074,Logan White,Sales,Analyst,2020-06-05,Active
EMP-003124,LOC-0087,Amy Cruz,Supply Chain,Specialist,2022-02-01,Active
EMP-003125,LOC-0063,Alexander Baker,Maintenance,Analyst,2022-03-01,Active
EMP-003126,LOC-0043,Debra Woods,Supply Chain,Technician,2019-08-14,Active
EMP-003127,LOC-0100,Jennifer Garrett,Operations,Coordinator,2022-09-17,Active
EMP-003128,LOC-0008,Nancy Gutierrez,Operations,Specialist,2021-02-25,Active
EMP-003129,LOC-0016,Mark Carr,Human Resources,Analyst,2020-09-05,Active
EMP-003130,LOC-0061,Leslie Allison,Sales,Analyst,2020-12-24,Active
EMP-003131,LOC-0063,Lawrence Franklin,Operations,Specialist,2024-11-13,Active
EMP-003132,LOC-0064,Breanna Vargas,IT,Manager,2024-07-11,Inactive
EMP-003133,LOC-0100,Jacqueline Carrillo,Operations,Analyst,2024-12-28,Active
EMP-003134,LOC-0021,Christopher Smith,Production,Manager,2022-12-19,Inactive
EMP-003135,LOC-0074,Adrian Maddox,Supply Chain,Technician,2025-05-14,Active
EMP-003136,LOC-0017,Candice Smith,Operations,Manager,2024-11-22,Active
EMP-003137,LOC-0095,Abigail Rodriguez,Production,Coordinator,2022-06-17,Active
EMP-003138,LOC-0069,Nicole Farmer,Maintenance,Analyst,2019-11-17,Active
EMP-003139,LOC-0008,Anthony Moore,IT,Operator,2024-05-26,Active
EMP-003140,LOC-0078,Larry Carter,Finance,Coordinator,2019-05-12,Active
EMP-003141,LOC-0001,Frank Wright,Human Resources,Specialist,2019-10-29,Active
EMP-003142,LOC-0083,Roberto Lewis,Operations,Manager,2021-01-12,Active
EMP-003143,LOC-0059,Jill Rosales,Finance,Technician,2019-10-30,Active
EMP-003144,LOC-0053,Renee Anthony,Human Resources,Engineer,2021-10-28,Active
EMP-003145,LOC-0082,Crystal Ramos,Finance,Engineer,2019-09-30,Active
EMP-003146,LOC-0045,Suzanne Dunlap,Operations,Specialist,2019-05-26,Active
EMP-003147,LOC-0089,Kathy Clark,Operations,Analyst,2024-09-17,Active
EMP-003148,LOC-0033,Jose Acevedo,Supply Chain,Technician,2020-12-30,Active
EMP-003149,LOC-0051,Billy Russell,Production,Specialist,2021-08-27,Active
EMP-003150,LOC-0027,Aaron Dominguez,Production,Manager,2019-05-25,Active
EMP-003151,LOC-0089,Alexander Price,Finance,Operator,2020-04-29,Active
EMP-003152,LOC-0050,Brandon Hunt,Supply Chain,Manager,2023-12-27,Active
EMP-003153,LOC-0040,Amanda May,Maintenance,Specialist,2020-08-09,Active
EMP-003154,LOC-0064,Teresa Conway,Operations,Technician,2025-02-10,Active
EMP-003155,LOC-0019,Christopher Smith,Production,Analyst,2021-09-11,Active
EMP-003156,LOC-0055,Cynthia Scott,Production,Specialist,2020-08-16,Active
EMP-003157,LOC-0095,Dalton Gardner,Human Resources,Technician,2020-03-09,Active
EMP-003158,LOC-0064,Emily Watson,Production,Engineer,2019-01-19,Active
EMP-003159,LOC-0040,Heather Lin PhD,Human Resources,Analyst,2025-07-04,Active
EMP-003160,LOC-0070,Stephanie Kelly,Operations,Operator,2020-04-12,Active
EMP-003161,LOC-0024,Diane Dickson,Supply Chain,Specialist,2025-04-27,Active
EMP-003162,LOC-0043,Robert Reid,Sales,Supervisor,2019-03-09,Active
EMP-003163,LOC-0027,Philip Scott,Operations,Analyst,2022-04-29,Active
EMP-003164,LOC-0061,Casey Hernandez,Operations,Technician,2019-04-06,Active
EMP-003165,LOC-0068,Carl Strickland,Sales,Technician,2025-08-13,Inactive
EMP-003166,LOC-0011,Ashlee Wright DDS,Operations,Coordinator,2022-03-29,Active
EMP-003167,LOC-0047,Susan Griffin,Production,Supervisor,2022-01-18,Active
EMP-003168,LOC-0084,Cathy Becker,Operations,Manager,2023-06-21,Active
EMP-003169,LOC-0018,Joshua Ross,Production,Operator,2024-10-08,Active
EMP-003170,LOC-0035,Kenneth Taylor,IT,Operator,2025-07-24,Active
EMP-003171,LOC-0089,Samantha Myers,Finance,Engineer,2023-10-01,Active
EMP-003172,LOC-0015,Aaron Lewis,Supply Chain,Operator,2025-09-18,Active
EMP-003173,LOC-0092,Matthew Johnson,IT,Coordinator,2022-09-27,Active
EMP-003174,LOC-0040,Michael Clark,Operations,Supervisor,2021-11-06,Active
EMP-003175,LOC-0072,Shane Clark,Operations,Operator,2024-03-23,Active
EMP-003176,LOC-0030,Sally Jones,IT,Engineer,2024-07-02,Active
EMP-003177,LOC-0073,Erik King,IT,Coordinator,2021-05-13,Active
EMP-003178,LOC-0046,Jeffrey Golden,Operations,Specialist,2020-01-05,Inactive
EMP-003179,LOC-0002,Patricia Garcia,Human Resources,Specialist,2021-11-27,Active
EMP-003180,LOC-0050,Michelle Smith,Human Resources,Technician,2021-01-23,Active
EMP-003181,LOC-0034,Christopher Smith,Sales,Coordinator,2019-08-06,Active
EMP-003182,LOC-0008,Todd Guerrero,Operations,Coordinator,2025-07-22,Active
EMP-003183,LOC-0002,Tammy Walter,Maintenance,Operator,2023-06-22,Active
EMP-003184,LOC-0027,Eric Ferguson,IT,Coordinator,2024-11-27,Active
EMP-003186,LOC-0049,Tracy Sharp,Maintenance,Supervisor,2019-11-11,Active
EMP-003187,LOC-0012,Phyllis Johnson,Finance,Specialist,2020-09-01,Active
EMP-003188,LOC-0085,John Arroyo,Operations,Operator,2023-11-11,Active
EMP-003189,LOC-0027,Daniel Lozano,Finance,Engineer,2023-10-28,Active
EMP-003190,LOC-0010,Jessica Adams,Operations,Manager,2023-08-16,Active
EMP-003191,LOC-0072,Thomas Francis,Supply Chain,Technician,2024-08-08,Active
EMP-003192,LOC-0052,Regina Love,Production,Supervisor,2025-04-16,Active
EMP-003193,LOC-0091,Gina Walter,Supply Chain,Specialist,2021-10-01,Active
EMP-003194,LOC-0040,Jennifer Ford,Production,Specialist,2022-09-03,Inactive
EMP-003195,LOC-0008,Martin Pena,Finance,Manager,2019-12-01,Active
EMP-003196,LOC-0087,Charles Montes,Maintenance,Coordinator,2023-02-01,Active
EMP-003197,LOC-0042,Amanda Lam,Supply Chain,Manager,2025-10-14,Active
EMP-003198,LOC-0020,Heather Burgess,Finance,Manager,2020-05-11,Active
EMP-003199,LOC-0093,Paige Arnold,Maintenance,Manager,2019-03-18,Active
EMP-003200,LOC-0037,Zachary Smith,Operations,Engineer,2025-01-21,Active
EMP-003201,LOC-0078,Sheila Wilson,Supply Chain,Technician,2024-03-15,Active
EMP-003202,LOC-0097,Elizabeth Acosta,Supply Chain,Operator,2025-07-23,Active
EMP-003203,LOC-0021,Katherine Lewis,Human Resources,Specialist,2020-02-04,Active
EMP-003204,LOC-0008,Matthew Smith,Supply Chain,Technician,2019-11-23,Active
EMP-003205,LOC-0076,Mark Ray,Sales,Coordinator,2023-09-02,Active
EMP-003206,LOC-0017,Sharon Wright,Maintenance,Engineer,2024-06-29,Active
EMP-003207,LOC-0067,Allison Hernandez,Operations,Technician,2019-04-24,Active
EMP-003208,LOC-0071,Kimberly Stuart,Finance,Technician,2024-07-26,Active
EMP-003209,LOC-0100,Miss Andrea Kirby,Human Resources,Manager,2024-07-11,Active
EMP-003210,LOC-0057,April Perez DDS,IT,Supervisor,2025-12-04,Active
EMP-003211,LOC-0013,Kayla Ramos,Operations,Operator,2021-07-22,Active
EMP-003212,LOC-0084,Luis Hanson,IT,Coordinator,2021-07-25,Active
EMP-003213,LOC-0068,Steven Crawford,Operations,Operator,2019-07-10,Active
EMP-003214,LOC-0023,Diane Torres,Sales,Technician,2025-10-01,Active
EMP-003215,LOC-0091,Sally Foster,Sales,Technician,2025-11-07,Active
EMP-003216,LOC-0036,Jacob Weber,Maintenance,Analyst,2020-01-29,Active
EMP-003217,LOC-0034,Rodney Hayes,Finance,Coordinator,2019-03-30,Active
EMP-003218,LOC-0065,Mark Martinez,Maintenance,Coordinator,2025-01-30,Active
EMP-003219,LOC-0044,Molly Bailey,IT,Engineer,2025-03-02,Active
EMP-003220,LOC-0043,Julie Stout,Operations,Supervisor,2023-09-07,Active
EMP-003221,LOC-0055,Luis Webster,Supply Chain,Operator,2019-11-18,Active
EMP-003222,LOC-0052,Sarah Mendoza,Operations,Manager,2021-05-06,Active
EMP-003223,LOC-0019,Adrian Simpson,Production,Manager,2021-01-25,Active
EMP-003224,LOC-0041,Cynthia Anderson,Production,Supervisor,2023-09-12,Active
EMP-003225,LOC-0013,Walter Barrett,Operations,Technician,2020-03-20,Active
EMP-003226,LOC-0079,Brooke Abbott,Operations,Coordinator,2019-01-12,Inactive
EMP-003227,LOC-0082,Pamela Jordan,Maintenance,Manager,2023-07-10,Active
EMP-003228,LOC-0032,James Jones,Operations,Technician,2024-03-03,Active
EMP-003229,LOC-0030,Melissa Wagner,Operations,Technician,2022-10-08,Active
EMP-003230,LOC-0002,Abigail Contreras,Operations,Engineer,2020-08-01,Active
EMP-003231,LOC-0042,Lisa Adams,Finance,Coordinator,2021-02-05,Active
EMP-003232,LOC-0063,Joshua Smith,Human Resources,Operator,2021-10-19,Active
EMP-003233,LOC-0036,Amanda Williams,Production,Manager,2025-05-17,Active
EMP-003234,LOC-0032,Nancy Sampson,Finance,Specialist,2024-01-12,Active
EMP-003235,LOC-0015,Jose Clements,Supply Chain,Specialist,2022-05-25,Active
EMP-003236,LOC-0064,Nicholas Tran,IT,Analyst,2025-08-24,Active
EMP-003237,LOC-0074,Donna Neal,Production,Engineer,2023-09-13,Active
EMP-003238,LOC-0043,Joshua Marks,Supply Chain,Technician,2023-06-02,Active
EMP-003239,LOC-0001,Willie Robertson,Human Resources,Coordinator,2019-12-27,Inactive
EMP-003240,LOC-0093,Stephanie Zimmerman,Finance,Technician,2024-02-29,Active
EMP-003241,LOC-0083,Edward Miller,Operations,Analyst,2019-08-06,Active
EMP-003242,LOC-0025,Christina Murphy,Production,Supervisor,2023-11-14,Active
EMP-003243,LOC-0020,Robert Flores,Operations,Technician,2023-06-16,Active
EMP-003244,LOC-0060,Alison Perez,IT,Coordinator,2021-05-07,Active
EMP-003245,LOC-0038,Teresa Galloway,Operations,Manager,2021-07-29,Active
EMP-003246,LOC-0071,Michelle Lopez,Sales,Manager,2022-10-26,Inactive
EMP-003247,LOC-0070,Scott Singh,Production,Operator,2019-11-07,Active
EMP-003248,LOC-0079,David Gray,IT,Engineer,2021-06-29,Active
EMP-003249,LOC-0030,Blake Brown,Sales,Technician,2024-11-24,Active
EMP-003250,LOC-0017,Christine Brown,IT,Technician,2021-03-03,Active
EMP-003251,LOC-0054,Dennis Moss,Finance,Technician,2020-02-15,Active
EMP-003252,LOC-0022,Monica Villanueva,Maintenance,Engineer,2024-05-23,Active
EMP-003253,LOC-0021,Lindsay Dyer,Sales,Engineer,2021-09-19,Active
EMP-003254,LOC-0050,Raymond Taylor,Supply Chain,Analyst,2020-08-22,Active
EMP-003255,LOC-0051,Derrick Garcia,Maintenance,Technician,2023-11-02,Active
EMP-003256,LOC-0070,Alexandra Collier,Maintenance,Supervisor,2025-10-29,Active
EMP-003257,LOC-0037,Robin Murray,Production,Supervisor,2019-01-20,Active
EMP-003258,LOC-0040,Joseph Garrison,Sales,Manager,2019-11-11,Active
EMP-003259,LOC-0096,Bethany Duncan,Production,Engineer,2021-02-04,Inactive
EMP-003260,LOC-0056,Jamie Duncan,Supply Chain,Coordinator,2021-12-27,Active
EMP-003261,LOC-0003,Samantha Walker,Operations,Supervisor,2023-05-04,Active
EMP-003262,LOC-0002,Linda Mahoney,Sales,Technician,2024-02-16,Active
EMP-003263,LOC-0043,Elizabeth Lee,Maintenance,Supervisor,2025-05-17,Active
EMP-003264,LOC-0074,Michelle Wilson,Production,Supervisor,2024-07-30,Active
EMP-003265,LOC-0057,Sara Santiago,Human Resources,Coordinator,2025-04-01,Active
EMP-003266,LOC-0057,Gloria Best,Sales,Technician,2025-06-06,Active
EMP-003268,LOC-0070,Jonathon Carlson,Operations,Engineer,2021-02-06,Active
EMP-003269,LOC-0002,Christopher Hooper,Operations,Technician,2019-07-04,Active
EMP-003270,LOC-0096,Jason Travis,Supply Chain,Engineer,2020-05-17,Active
EMP-003271,LOC-0008,Mark Hampton,Operations,Supervisor,2020-01-02,Active
EMP-003272,LOC-0036,Mark Beltran,Supply Chain,Engineer,2019-01-30,Active
EMP-003273,LOC-0048,Daniel Velasquez,Sales,Specialist,2023-01-28,Active
EMP-003274,LOC-0075,Christian Gilmore,Production,Operator,2021-07-23,Active
EMP-003275,LOC-0089,Connor Young,Operations,Supervisor,2020-11-29,Active
EMP-003276,LOC-0057,Julie Reed,Supply Chain,Technician,2019-03-12,Active
EMP-003277,LOC-0050,Christy Cardenas,Production,Engineer,2022-12-13,Active
EMP-003278,LOC-0047,Deborah Carson,Maintenance,Analyst,2023-10-11,Active
EMP-003279,LOC-0022,Barbara Ramos,Human Resources,Specialist,2024-12-01,Active
EMP-003281,LOC-0052,Sara Vasquez,IT,Technician,2023-02-18,Active
EMP-003282,LOC-0013,Frank Conley,Finance,Coordinator,2019-10-22,Active
EMP-003283,LOC-0015,Karen Goodman,Production,Operator,2024-05-25,Active
EMP-003284,LOC-0052,Richard Wilson,Sales,Engineer,2023-09-07,Inactive
EMP-003285,LOC-0086,Meagan Jackson,Operations,Coordinator,2019-06-23,Active
EMP-003286,LOC-0093,Carolyn Williams,Operations,Operator,2021-08-22,Active
EMP-003287,LOC-0029,Michael Sullivan,Production,Manager,2022-12-21,Active
EMP-003288,LOC-0074,April Morgan,Operations,Specialist,2023-01-20,Active
EMP-003289,LOC-0055,Dustin Vazquez,Maintenance,Analyst,2024-12-28,Active
EMP-003290,LOC-0071,Christopher Smith,Production,Engineer,2025-12-20,Active
EMP-003291,LOC-0019,Sean Young,Supply Chain,Coordinator,2021-11-16,Active
EMP-003292,LOC-0059,Evelyn Spencer,Maintenance,Operator,2021-11-14,Active
EMP-003293,LOC-0025,Joseph Underwood,Operations,Supervisor,2025-03-25,Active
EMP-003294,LOC-0054,Frank Howard,Operations,Engineer,2024-04-20,Active
EMP-003295,LOC-0025,Jerry Rivera,Operations,Specialist,2021-12-01,Active
EMP-003296,LOC-0017,Theresa Kelley,Supply Chain,Technician,2020-12-09,Active
EMP-003298,LOC-0098,Cody Acevedo,Operations,Coordinator,2023-07-15,Active
EMP-003299,LOC-0021,Mr. Matthew Mann Jr.,Operations,Analyst,2019-12-18,Active
EMP-003300,LOC-0051,Joseph Taylor,Supply Chain,Coordinator,2020-07-28,Active
EMP-003301,LOC-0010,Michael Reynolds,Human Resources,Coordinator,2022-01-26,Active
EMP-003302,LOC-0032,Brandon Collins,Operations,Supervisor,2020-06-30,Active
EMP-003303,LOC-0051,Tina Williamson,Production,Manager,2020-04-15,Active
EMP-003304,LOC-0002,Vanessa Gould,Sales,Manager,2023-09-20,Active
EMP-003305,LOC-0030,Dawn Young,Production,Coordinator,2022-11-10,Active
EMP-003306,LOC-0006,Jason Chase,Supply Chain,Coordinator,2020-10-06,Active
EMP-003307,LOC-0063,Scott Miller,Operations,Operator,2021-01-16,Active
EMP-003308,LOC-0085,Megan Mathews,Operations,Supervisor,2021-11-01,Active
EMP-003309,LOC-0036,Michael Nguyen,Sales,Engineer,2019-08-09,Active
EMP-003310,LOC-0037,Pamela Cohen,Finance,Supervisor,2020-04-17,Active
EMP-003311,LOC-0082,Nicholas Foster,Supply Chain,Analyst,2025-06-06,Active
EMP-003312,LOC-0003,Matthew Moss,Finance,Engineer,2021-11-25,Active
EMP-003313,LOC-0091,Daniel Daniels,IT,Manager,2019-03-28,Active
EMP-003314,LOC-0006,Elizabeth Porter,Supply Chain,Specialist,2024-11-22,Active
EMP-003315,LOC-0065,Crystal Perez,Sales,Coordinator,2025-12-08,Inactive
EMP-003316,LOC-0038,Jody Hopkins,Production,Analyst,2022-12-13,Active
EMP-003317,LOC-0072,Deborah Lewis,Maintenance,Analyst,2019-04-25,Inactive
EMP-003318,LOC-0081,Mr. Miguel Bennett,Operations,Analyst,2025-05-01,Active
EMP-003319,LOC-0094,Brenda Wade,Maintenance,Manager,2021-01-22,Active
EMP-003320,LOC-0004,Daniel Martinez,Human Resources,Coordinator,2025-05-15,Active
EMP-003321,LOC-0006,James Oneal,Supply Chain,Operator,2019-08-26,Active
EMP-003322,LOC-0009,Brandi Shaw,IT,Operator,2025-06-23,Active
EMP-003323,LOC-0069,Courtney Richards,Maintenance,Coordinator,2023-12-23,Active
EMP-003324,LOC-0035,Billy Donaldson,Production,Supervisor,2020-12-14,Active
EMP-003325,LOC-0095,Gregory Smith,Operations,Manager,2019-12-30,Active
EMP-003326,LOC-0090,James Diaz,Human Resources,Supervisor,2025-03-19,Active
EMP-003327,LOC-0013,Gwendolyn Hale,Human Resources,Specialist,2021-05-04,Active
EMP-003328,LOC-0046,Lori Rodriguez,IT,Specialist,2023-05-03,Inactive
EMP-003329,LOC-0072,Caleb Ramirez,Operations,Engineer,2022-02-16,Active
EMP-003330,LOC-0005,Joshua Hill,IT,Specialist,2020-11-19,Active
EMP-003331,LOC-0016,David Howell,Maintenance,Operator,2025-04-22,Active
EMP-003332,LOC-0036,Charles Perez,Production,Technician,2022-10-01,Active
EMP-003333,LOC-0076,Heather Garza,Sales,Technician,2024-07-02,Active
EMP-003334,LOC-0001,Madison Bryant,Production,Manager,2025-08-23,Active
EMP-003335,LOC-0046,David Jackson,Operations,Analyst,2024-10-27,Inactive
EMP-003336,LOC-0026,Mary Kelly,Supply Chain,Operator,2024-12-02,Active
EMP-003337,LOC-0086,Penny Richardson,Production,Engineer,2025-09-14,Active
EMP-003338,LOC-0032,Mr. Eric Brown,Operations,Specialist,2019-04-18,Active
EMP-003339,LOC-0003,Christopher Webb,Production,Technician,2023-01-24,Active
EMP-003340,LOC-0068,Crystal Silva,Maintenance,Coordinator,2021-10-08,Active
EMP-003341,LOC-0006,Joseph Cantrell,Human Resources,Operator,2020-01-02,Active
EMP-003342,LOC-0086,Vincent Rowland,Operations,Coordinator,2019-04-08,Active
EMP-003343,LOC-0003,Toni Carr,Production,Technician,2019-04-08,Active
EMP-003345,LOC-0045,Yvonne Lopez MD,Finance,Supervisor,2021-06-16,Active
EMP-003346,LOC-0097,Matthew Cooley,Finance,Manager,2021-10-05,Active
EMP-003347,LOC-0016,Katherine Cox,Operations,Specialist,2019-01-13,Active
EMP-003348,LOC-0012,Amber Murphy,Operations,Technician,2020-01-23,Active
EMP-003349,LOC-0048,Destiny Evans,IT,Supervisor,2024-01-19,Active
EMP-003350,LOC-0059,Gary Austin,Production,Coordinator,2024-08-19,Active
EMP-003351,LOC-0079,Carrie Carroll,Operations,Operator,2020-03-29,Active
EMP-003352,LOC-0046,Michael Rivas,IT,Manager,2019-07-03,Inactive
EMP-003353,LOC-0069,James Bates,Operations,Coordinator,2025-01-28,Active
EMP-003354,LOC-0044,Aaron Campbell,Sales,Supervisor,2021-10-28,Active
EMP-003355,LOC-0039,James Cohen,Production,Manager,2023-08-04,Active
EMP-003356,LOC-0024,Crystal Ali,IT,Engineer,2025-11-27,Active
EMP-003357,LOC-0079,Stephanie Bennett,Human Resources,Technician,2025-08-04,Active
EMP-003358,LOC-0011,William Wilson,Supply Chain,Analyst,2021-02-11,Active
EMP-003359,LOC-0042,Jonathan Arnold,Operations,Engineer,2023-06-15,Active
EMP-003360,LOC-0073,Sean White,Production,Technician,2021-10-27,Active
EMP-003361,LOC-0007,Sandra Morgan,IT,Manager,2024-09-20,Active
EMP-003362,LOC-0083,Angela Wolf,Production,Engineer,2019-03-26,Active
EMP-003363,LOC-0002,Kimberly Avila,Production,Analyst,2020-03-03,Active
EMP-003364,LOC-0013,Tiffany Freeman,Operations,Technician,2019-12-15,Active
EMP-003365,LOC-0007,Greg Howard,Supply Chain,Specialist,2023-06-21,Active
EMP-003366,LOC-0059,Andrew Martinez,Production,Supervisor,2023-12-30,Active
EMP-003367,LOC-0026,Christopher Smith,Finance,Coordinator,2024-01-07,Active
EMP-003368,LOC-0044,Robert Santos,Operations,Engineer,2021-02-02,Active
EMP-003369,LOC-0098,Shannon Martin,Production,Analyst,2020-04-23,Active
EMP-003370,LOC-0002,Emily Brown,Maintenance,Analyst,2019-04-24,Active
EMP-003371,LOC-0093,Chad Hughes,Production,Coordinator,2020-03-30,Active
EMP-003372,LOC-0013,Shane Walter,Supply Chain,Engineer,2024-01-20,Active
EMP-003373,LOC-0019,Dylan Nelson,Operations,Supervisor,2021-06-01,Active
EMP-003374,LOC-0016,Robert Allen,Maintenance,Supervisor,2023-03-25,Active
EMP-003375,LOC-0085,Brian Mcgee,IT,Coordinator,2020-11-01,Active
EMP-003376,LOC-0035,Justin Banks,Maintenance,Coordinator,2025-10-10,Active
EMP-003377,LOC-0024,Bryan Macdonald,Operations,Operator,2024-10-05,Active
EMP-003378,LOC-0004,Patrick Morrow,Production,Technician,2022-10-07,Active
EMP-003379,LOC-0071,Tyler Buchanan,Production,Supervisor,2025-03-13,Inactive
EMP-003380,LOC-0051,Sean Lee,Operations,Manager,2019-08-28,Active
EMP-003381,LOC-0098,Dylan Christensen,Operations,Supervisor,2022-07-09,Active
EMP-003382,LOC-0013,Jonathan Boyd,Production,Analyst,2021-05-09,Active
EMP-003383,LOC-0002,Stephen Smith,Operations,Engineer,2024-07-03,Active
EMP-003384,LOC-0036,Francisco Gray,Human Resources,Coordinator,2020-05-03,Active
EMP-003385,LOC-0012,Sherri Fischer,Finance,Coordinator,2023-05-21,Active
EMP-003386,LOC-0025,Jessica Daniels,Operations,Specialist,2022-11-04,Active
EMP-003387,LOC-0058,Jessica Mueller,Supply Chain,Supervisor,2023-06-18,Active
EMP-003388,LOC-0088,Samantha Shepard,Production,Analyst,2021-01-05,Active
EMP-003389,LOC-0079,Benjamin Owens,Operations,Manager,2022-01-20,Active
EMP-003390,LOC-0087,Rhonda Smith,Operations,Supervisor,2020-12-08,Active
EMP-003391,LOC-0016,Daniel Carter,Operations,Technician,2020-02-12,Active
EMP-003392,LOC-0037,Justin Holland,Maintenance,Technician,2023-05-08,Active
EMP-003393,LOC-0054,Jessica Chavez,Supply Chain,Specialist,2025-05-08,Active
EMP-003394,LOC-0013,Andrew Chandler,Production,Engineer,2022-05-01,Active
EMP-003395,LOC-0060,Andrew Peck,Maintenance,Operator,2025-03-15,Active
EMP-003396,LOC-0095,Brian Boyer,Operations,Technician,2023-10-21,Active
EMP-003397,LOC-0099,Hannah Miller,Human Resources,Coordinator,2025-08-25,Active
EMP-003398,LOC-0055,Julie Howard,Sales,Analyst,2023-08-16,Active
EMP-003399,LOC-0067,Amanda Davis,Operations,Operator,2024-04-13,Active
EMP-003400,LOC-0004,Melinda Anderson,Production,Technician,2019-11-03,Active
EMP-003401,LOC-0017,Melissa Schroeder,Production,Supervisor,2020-06-06,Active
EMP-003402,LOC-0081,Brandon Hoffman,Supply Chain,Coordinator,2019-05-27,Active
EMP-003403,LOC-0050,Peter Stewart,IT,Coordinator,2019-10-04,Active
EMP-003404,LOC-0099,Vanessa Ramirez,Production,Coordinator,2022-02-20,Active
EMP-003405,LOC-0073,Linda Hinton,IT,Coordinator,2021-11-21,Active
EMP-003406,LOC-0055,Mary Snyder,Supply Chain,Technician,2025-05-01,Active
EMP-003407,LOC-0047,Mr. Richard Whitney,Sales,Coordinator,2019-01-11,Active
EMP-003408,LOC-0046,Christopher Smith,Human Resources,Manager,2024-08-22,Active
EMP-003409,LOC-0006,John Garcia,Production,Supervisor,2024-05-08,Active
EMP-003410,LOC-0036,Sean Yoder,Maintenance,Operator,2025-02-28,Active
EMP-003411,LOC-0054,Gregory Lara,Production,Operator,2021-11-14,Active
EMP-003412,LOC-0094,Ronald Carpenter,Operations,Engineer,2025-12-18,Inactive
EMP-003413,LOC-0014,Brandi Brady,Operations,Coordinator,2023-01-07,Active
EMP-003414,LOC-0061,Michael Sullivan,Human Resources,Supervisor,2021-11-03,Active
EMP-003415,LOC-0034,Courtney Knapp,Production,Analyst,2021-02-02,Active
EMP-003416,LOC-0007,Eric Jacobs,Operations,Manager,2024-07-27,Active
EMP-003417,LOC-0100,Anne Smith,Production,Coordinator,2020-02-28,Active
EMP-003418,LOC-0055,Larry Flynn,Production,Technician,2021-07-23,Active
EMP-003419,LOC-0090,Molly Meyer,Operations,Analyst,2024-05-13,Active
EMP-003420,LOC-0031,Virginia Smith,Maintenance,Analyst,2019-01-11,Active
EMP-003421,LOC-0026,Ashley Thomas,Production,Analyst,2022-08-25,Active
EMP-003422,LOC-0058,Zachary Adams,Human Resources,Coordinator,2021-11-12,Active
EMP-003423,LOC-0025,Joseph Heath,Operations,Technician,2024-01-08,Active
EMP-003424,LOC-0032,William Mitchell,IT,Manager,2021-02-26,Active
EMP-003425,LOC-0070,Justin Smith,Operations,Analyst,2019-01-24,Active
EMP-003426,LOC-0035,Albert Lara,Sales,Technician,2020-12-30,Active
EMP-003427,LOC-0079,Kimberly Meadows,Finance,Coordinator,2020-08-19,Active
EMP-003428,LOC-0047,Robert Welch,Production,Supervisor,2023-07-14,Active
EMP-003429,LOC-0055,Robin Johnson,Production,Engineer,2019-02-23,Active
EMP-003430,LOC-0055,Brendan Mack,Production,Analyst,2023-02-05,Active
EMP-003431,LOC-0050,Erin Brown,Finance,Analyst,2025-02-24,Active
EMP-003432,LOC-0061,Anthony Ford,Production,Engineer,2019-07-02,Active
EMP-003433,LOC-0098,John Riley,Operations,Supervisor,2024-02-25,Active
EMP-003434,LOC-0036,Selena Nichols,Supply Chain,Coordinator,2024-03-26,Active
EMP-003435,LOC-0058,Brandon Leon,IT,Engineer,2021-06-17,Active
EMP-003436,LOC-0019,Terri Clay,Finance,Coordinator,2025-07-08,Active
EMP-003438,LOC-0037,Beth Schmidt,Supply Chain,Supervisor,2021-04-29,Active
EMP-003439,LOC-0040,Arthur Perry,Production,Specialist,2025-11-21,Active
EMP-003440,LOC-0027,Ms. Amanda Herrera,Production,Coordinator,2023-04-28,Active
EMP-003441,LOC-0019,Wesley Hendrix,Maintenance,Manager,2024-09-05,Active
EMP-003442,LOC-0092,Larry Hart,Production,Supervisor,2020-06-05,Active
EMP-003443,LOC-0019,Brian Castro,Production,Supervisor,2021-06-04,Active
EMP-003444,LOC-0049,David Warner,Production,Supervisor,2019-11-16,Active
EMP-003445,LOC-0030,Todd Evans,Maintenance,Operator,2021-12-23,Active
EMP-003446,LOC-0068,Kathryn Barrett,Finance,Specialist,2019-02-04,Active
EMP-003447,LOC-0022,Joseph Bennett,Operations,Analyst,2019-12-14,Active
EMP-003448,LOC-0046,Christopher Smith,Production,Supervisor,2023-10-25,Active
EMP-003449,LOC-0012,Cynthia Allen,Maintenance,Technician,2023-02-21,Active
EMP-003450,LOC-0016,Sarah Walker,Supply Chain,Coordinator,2019-05-02,Active
EMP-003451,LOC-0001,Jennifer Montoya,Human Resources,Analyst,2024-11-22,Active
EMP-003452,LOC-0065,Corey Duncan,Maintenance,Supervisor,2021-03-16,Active
EMP-003453,LOC-0078,Norma Perry,Sales,Operator,2024-06-23,Active
EMP-003454,LOC-0086,Christopher Keith,Operations,Engineer,2022-05-01,Active
EMP-003455,LOC-0077,Christopher Smith,Finance,Operator,2021-10-07,Active
EMP-003456,LOC-0095,Kimberly Wang,IT,Engineer,2019-10-13,Active
EMP-003457,LOC-0084,Tiffany Middleton,IT,Technician,2025-05-13,Active
EMP-003458,LOC-0032,Jonathan James,Production,Technician,2024-05-19,Active
EMP-003459,LOC-0047,Christine Fowler,Operations,Operator,2021-06-25,Active
EMP-003460,LOC-0048,Alexandra Smith,Production,Manager,2025-11-11,Active
EMP-003461,LOC-0020,Elizabeth Smith,Maintenance,Analyst,2020-10-27,Active
EMP-003462,LOC-0056,Bianca Williams,Production,Supervisor,2023-07-07,Active
EMP-003463,LOC-0081,Lynn Espinoza,Production,Manager,2020-06-01,Active
EMP-003464,LOC-0087,Lori Cross,Finance,Specialist,2022-01-30,Active
EMP-003465,LOC-0005,Leslie Adams,Production,Specialist,2022-05-14,Active
EMP-003466,LOC-0021,Scott Brown,Production,Operator,2022-12-12,Active
EMP-003467,LOC-0056,Randy Garcia,Maintenance,Operator,2025-07-18,Active
EMP-003468,LOC-0094,James Tucker,Operations,Supervisor,2022-12-15,Active
EMP-003469,LOC-0057,Hannah Lawrence,Operations,Specialist,2022-05-26,Active
EMP-003470,LOC-0080,Trevor Evans,Production,Technician,2024-04-24,Active
EMP-003471,LOC-0036,Lauren Vasquez,IT,Operator,2022-04-07,Active
EMP-003472,LOC-0100,Rebecca Palmer,Finance,Analyst,2019-03-23,Active
EMP-003473,LOC-0012,Tammy Mitchell,Operations,Coordinator,2019-10-16,Active
EMP-003474,LOC-0039,Paul Pennington,Supply Chain,Operator,2025-12-19,Active
EMP-003475,LOC-0039,Amanda Young,Production,Analyst,2021-10-09,Active
EMP-003476,LOC-0086,Sarah Garcia,Supply Chain,Manager,2024-01-03,Active
EMP-003477,LOC-0032,Phillip Rose,Operations,Operator,2024-03-08,Inactive
EMP-003478,LOC-0031,Robert Hebert,IT,Supervisor,2024-08-30,Active
EMP-003479,LOC-0067,Debbie Dominguez,Operations,Coordinator,2024-02-01,Active
EMP-003480,LOC-0045,Lisa Garcia,Production,Engineer,2022-07-13,Active
EMP-003481,LOC-0002,Kathryn Mcdowell,Operations,Specialist,2022-09-16,Active
EMP-003482,LOC-0065,Jason Molina,Production,Coordinator,2021-04-12,Active
EMP-003483,LOC-0080,Christopher Smith,Sales,Specialist,2020-07-18,Active
EMP-003484,LOC-0030,Nathan Mckenzie,Operations,Engineer,2023-05-13,Inactive
EMP-003485,LOC-0072,Lauren Garcia,Operations,Supervisor,2020-10-23,Active
EMP-003486,LOC-0059,Craig Bonilla,Human Resources,Engineer,2021-11-11,Active
EMP-003487,LOC-0016,Eileen Parsons,Human Resources,Manager,2019-04-14,Active
EMP-003488,LOC-0005,Lauren Lopez,IT,Analyst,2021-03-01,Active
EMP-003489,LOC-0073,Jonathan Walker,Production,Supervisor,2021-01-02,Active
EMP-003490,LOC-0049,Danielle Lloyd,Operations,Coordinator,2022-12-03,Active
EMP-003491,LOC-0007,Ashley Williams,Human Resources,Specialist,2020-03-15,Active
EMP-003492,LOC-0075,Kristin Hodges,Sales,Technician,2023-03-27,Active
EMP-003493,LOC-0022,William Hernandez,Finance,Technician,2025-02-09,Active
EMP-003494,LOC-0072,Jeffrey Jacobs,Production,Supervisor,2024-12-01,Active
EMP-003495,LOC-0028,Victoria Melton,Operations,Engineer,2023-04-13,Active
EMP-003496,LOC-0075,Julian Wright,Maintenance,Engineer,2021-03-03,Active
EMP-003497,LOC-0085,Stephanie Fowler,Operations,Technician,2021-05-06,Active
EMP-003498,LOC-0060,Michael Richardson,Supply Chain,Technician,2023-06-17,Active
EMP-003499,LOC-0045,Jack Jackson,Operations,Analyst,2019-05-07,Active
EMP-003500,LOC-0081,Ann Thomas,Production,Coordinator,2025-05-07,Active
EMP-003502,LOC-0026,Nicholas Johnson,IT,Operator,2021-10-26,Active
EMP-003503,LOC-0021,David Walker,Sales,Supervisor,2025-06-10,Active
EMP-003504,LOC-0027,Alexander Ball,Operations,Operator,2025-08-26,Active
EMP-003505,LOC-0096,Tammy Harris,Operations,Engineer,2023-07-30,Active
EMP-003506,LOC-0022,Dillon Nunez,Human Resources,Technician,2022-09-19,Active
EMP-003507,LOC-0026,Sabrina Sullivan,Production,Operator,2023-03-14,Active
EMP-003508,LOC-0062,Amanda Spencer,Operations,Analyst,2025-12-07,Inactive
EMP-003509,LOC-0069,Eric Sanders,Operations,Operator,2024-02-27,Active
EMP-003510,LOC-0038,Jeanne Williams,Human Resources,Technician,2019-06-29,Active
EMP-003511,LOC-0016,Curtis Walker,Production,Coordinator,2023-10-06,Active
EMP-003512,LOC-0051,Gabriel Kelley,Operations,Engineer,2019-01-01,Active
EMP-003513,LOC-0041,Scott Daniel,Sales,Operator,2024-07-28,Active
EMP-003514,LOC-0033,Vanessa Gonzalez,Operations,Supervisor,2025-09-09,Active
EMP-003515,LOC-0037,Veronica Leonard,Maintenance,Technician,2025-07-09,Active
EMP-003516,LOC-0010,James Warner,Production,Engineer,2024-06-29,Active
EMP-003517,LOC-0015,Sean Hoffman,Operations,Supervisor,2023-09-15,Active
EMP-003518,LOC-0096,Paul Price,Production,Manager,2024-05-26,Active
EMP-003519,LOC-0083,Hector Weeks,Finance,Coordinator,2020-03-12,Active
EMP-003520,LOC-0001,Eric Holden,Operations,Operator,2024-10-07,Active
EMP-003521,LOC-0089,Vanessa Jensen,IT,Engineer,2021-06-28,Active
EMP-003522,LOC-0035,Kevin Hall,IT,Coordinator,2019-12-04,Inactive
EMP-003523,LOC-0036,Pamela Brown,Production,Supervisor,2023-04-23,Active
EMP-003524,LOC-0010,Bradley Waters,Sales,Coordinator,2024-11-04,Active
EMP-003525,LOC-0051,Kenneth Perry,Operations,Engineer,2023-09-12,Active
EMP-003526,LOC-0096,Andrea Spence,Operations,Manager,2021-08-22,Inactive
EMP-003527,LOC-0044,Joseph Edwards,Operations,Supervisor,2020-11-29,Active
EMP-003528,LOC-0082,Jonathan Crawford,IT,Engineer,2020-07-18,Active
EMP-003529,LOC-0063,Russell Warren,Operations,Coordinator,2025-11-11,Active
EMP-003530,LOC-0041,Tammy Herring,Supply Chain,Specialist,2020-05-05,Active
EMP-003531,LOC-0095,Jennifer Robinson,Maintenance,Engineer,2020-06-08,Active
EMP-003532,LOC-0084,Michele Olson,IT,Supervisor,2022-10-17,Active
EMP-003533,LOC-0020,Erik Brown,Operations,Engineer,2021-04-05,Active
EMP-003534,LOC-0076,Donald Arias,Operations,Engineer,2023-02-16,Active
EMP-003535,LOC-0050,Daniel Vaughn,Maintenance,Specialist,2020-07-17,Active
EMP-003536,LOC-0008,Kyle Robinson,Production,Analyst,2021-07-10,Active
EMP-003537,LOC-0066,Sarah Mccormick,Operations,Operator,2023-05-01,Active
EMP-003538,LOC-0074,Kyle Stark,Maintenance,Supervisor,2019-04-23,Active
EMP-003539,LOC-0079,Daniel Lopez,Production,Coordinator,2021-02-16,Active
EMP-003540,LOC-0091,Frederick Patterson,Production,Operator,2024-05-11,Active
EMP-003541,LOC-0089,Jane Conner,IT,Analyst,2021-04-10,Active
EMP-003542,LOC-0017,Eric Pena,IT,Engineer,2021-03-07,Active
EMP-003543,LOC-0059,Michael Huang,Maintenance,Specialist,2024-01-15,Active
EMP-003544,LOC-0011,Brett Collins,Operations,Coordinator,2022-07-21,Active
EMP-003545,LOC-0085,Lisa Williams,Sales,Coordinator,2024-01-08,Active
EMP-003546,LOC-0099,Seth Bryan,Operations,Manager,2019-06-27,Active
EMP-003547,LOC-0053,Shane Kline,Production,Technician,2022-12-26,Active
EMP-003548,LOC-0100,Lawrence Frederick,Production,Technician,2024-08-07,Active
EMP-003549,LOC-0068,Stacie Sexton,Production,Specialist,2021-03-13,Active
EMP-003550,LOC-0017,Rachel Porter,Maintenance,Coordinator,2020-02-18,Active
EMP-003551,LOC-0098,Karl Robinson,Human Resources,Analyst,2020-12-02,Active
EMP-003552,LOC-0032,Mario Ramirez,Supply Chain,Supervisor,2021-03-08,Active
EMP-003553,LOC-0078,Emily Norman,IT,Technician,2025-06-25,Active
EMP-003554,LOC-0026,Dylan Campbell,Operations,Analyst,2020-01-22,Active
EMP-003555,LOC-0005,Kathy Bishop,Production,Coordinator,2024-05-19,Active
EMP-003556,LOC-0077,Christopher Smith,Finance,Analyst,2025-10-28,Active
EMP-003557,LOC-0070,Erin Bowen,Human Resources,Manager,2024-01-12,Active
EMP-003558,LOC-0019,Peter Rodriguez,Supply Chain,Operator,2019-04-21,Active
EMP-003559,LOC-0027,Amanda White,Operations,Operator,2019-06-03,Active
EMP-003560,LOC-0010,Edward Gross,Operations,Specialist,2025-02-23,Active
EMP-003561,LOC-0022,Chris Douglas,Finance,Technician,2019-05-16,Active
EMP-003562,LOC-0015,Tiffany Mcfarland,Finance,Technician,2019-10-02,Active
EMP-003563,LOC-0022,Christopher Smith,IT,Operator,2025-08-15,Active
EMP-003564,LOC-0035,Mark Foster,Operations,Supervisor,2019-06-25,Active
EMP-003565,LOC-0077,Mark Reid,Human Resources,Supervisor,2022-07-20,Active
EMP-003566,LOC-0003,Brittany Garcia,Operations,Engineer,2020-09-24,Active
EMP-003567,LOC-0079,Maria Hopkins,Operations,Manager,2022-11-09,Active
EMP-003568,LOC-0025,Sheryl Dominguez,Finance,Specialist,2019-01-01,Active
EMP-003569,LOC-0039,Robert Hall,IT,Engineer,2022-11-25,Active
EMP-003570,LOC-0058,Jason Copeland,Operations,Coordinator,2023-06-08,Active
EMP-003571,LOC-0077,Cassandra Henson,Maintenance,Specialist,2024-11-28,Active
EMP-003572,LOC-0085,Mr. John Cooper,Sales,Technician,2024-01-23,Active
EMP-003573,LOC-0065,Rachel Johnson,IT,Analyst,2022-04-06,Inactive
EMP-003574,LOC-0073,Laura Simmons,IT,Analyst,2025-10-16,Active
EMP-003575,LOC-0031,Brian Lewis,Operations,Analyst,2023-01-30,Active
EMP-003576,LOC-0091,Robert Montgomery,Production,Operator,2019-02-04,Active
EMP-003577,LOC-0099,Kayla Henderson,Operations,Supervisor,2022-10-05,Active
EMP-003578,LOC-0097,Sara Jackson,Sales,Analyst,2023-02-08,Active
EMP-003579,LOC-0017,John Donovan,Maintenance,Supervisor,2019-09-08,Active
EMP-003580,LOC-0072,Deborah Wood,Operations,Analyst,2021-01-01,Active
EMP-003581,LOC-0036,Stephen Key,Supply Chain,Coordinator,2019-02-09,Active
EMP-003582,LOC-0035,Stacey Whitaker,Operations,Engineer,2025-05-20,Active
EMP-003583,LOC-0003,Jacob Johnson,Sales,Coordinator,2025-04-24,Active
EMP-003584,LOC-0028,Dustin Nelson,Human Resources,Manager,2019-10-27,Active
EMP-003585,LOC-0083,Kathryn Rowe,Production,Operator,2019-03-21,Active
EMP-003586,LOC-0035,Rebecca Floyd,Human Resources,Operator,2022-08-26,Active
EMP-003587,LOC-0025,Jennifer Allen,Finance,Operator,2024-05-08,Active
EMP-003588,LOC-0063,Debra Berg,Human Resources,Operator,2021-11-20,Active
EMP-003589,LOC-0012,Brittany Rogers,Production,Specialist,2019-07-23,Active
EMP-003590,LOC-0094,Jamie Nelson,Supply Chain,Specialist,2020-04-30,Active
EMP-003591,LOC-0017,Benjamin Ortega,Sales,Supervisor,2020-12-17,Active
EMP-003592,LOC-0005,Joseph Fritz,Operations,Coordinator,2020-10-18,Active
EMP-003593,LOC-0070,Christine Johnson,IT,Manager,2020-08-28,Active
EMP-003594,LOC-0042,Thomas Soto,Supply Chain,Operator,2024-03-13,Active
EMP-003595,LOC-0017,Mary Foster,Supply Chain,Engineer,2023-06-21,Active
EMP-003596,LOC-0073,Denise Wilson,Sales,Analyst,2020-07-20,Active
EMP-003597,LOC-0041,Maria Reynolds,Finance,Manager,2019-07-08,Active
EMP-003598,LOC-0016,Brenda Allen,Human Resources,Coordinator,2025-12-16,Active
EMP-003599,LOC-0061,Mark Pierce,Human Resources,Analyst,2025-12-16,Active
EMP-003600,LOC-0048,Christina Brock,Finance,Analyst,2021-06-29,Active
EMP-003601,LOC-0091,Timothy Lynch,Maintenance,Supervisor,2021-12-23,Active
EMP-003602,LOC-0058,James Jackson,IT,Specialist,2024-01-18,Active
EMP-003603,LOC-0026,Sergio Payne,Production,Specialist,2022-05-02,Active
EMP-003604,LOC-0018,Timothy Coleman,Operations,Manager,2023-09-09,Active
EMP-003606,LOC-0094,Jonathon Johnson,Supply Chain,Technician,2024-09-16,Active
EMP-003607,LOC-0016,Elizabeth Bates,Supply Chain,Coordinator,2020-07-11,Active
EMP-003608,LOC-0069,Melanie Hoffman,IT,Manager,2023-12-14,Inactive
EMP-003609,LOC-0094,Susan Atkins,Finance,Specialist,2022-03-06,Active
EMP-003610,LOC-0084,Mitchell Smith,Operations,Manager,2024-07-01,Active
EMP-003611,LOC-0097,Michael White MD,Operations,Operator,2022-03-18,Active
EMP-003612,LOC-0100,Sarah Ruiz,Operations,Coordinator,2025-06-11,Active
EMP-003613,LOC-0079,Matthew Gillespie,Production,Operator,2020-02-07,Active
EMP-003614,LOC-0100,Joe Williams,Maintenance,Manager,2023-02-09,Active
EMP-003615,LOC-0098,Janet Murray,Supply Chain,Operator,2020-09-12,Active
EMP-003616,LOC-0093,Kimberly Williamson,Operations,Operator,2025-07-24,Active
EMP-003617,LOC-0082,Erik Brooks,Operations,Operator,2024-06-07,Active
EMP-003618,LOC-0014,Summer Torres,Sales,Technician,2024-02-17,Active
EMP-003619,LOC-0092,Brian Hill,Human Resources,Specialist,2024-05-27,Active
EMP-003620,LOC-0005,Casey Petersen,Operations,Analyst,2025-05-10,Active
EMP-003621,LOC-0029,Anna Hess,IT,Engineer,2021-11-24,Active
EMP-003622,LOC-0015,Michelle Noble,Maintenance,Engineer,2020-10-08,Active
EMP-003623,LOC-0014,Sarah Lam,Sales,Coordinator,2025-09-28,Active
EMP-003624,LOC-0033,Amy Garcia,Production,Operator,2023-01-23,Active
EMP-003625,LOC-0024,Ryan Barnett,Operations,Analyst,2021-01-31,Active
EMP-003626,LOC-0023,Jerry Baldwin,Production,Coordinator,2021-07-29,Active
EMP-003627,LOC-0032,Marco Smith,Operations,Coordinator,2024-04-09,Active
EMP-003628,LOC-0039,Brandon Williams,Production,Analyst,2023-02-14,Active
EMP-003629,LOC-0092,Jennifer Butler,Supply Chain,Coordinator,2021-03-18,Active
EMP-003630,LOC-0079,Holly Kennedy,Operations,Operator,2019-11-19,Active
EMP-003631,LOC-0030,Mark Rodriguez,Finance,Technician,2024-02-01,Inactive
EMP-003632,LOC-0060,Anthony Gilbert,Operations,Engineer,2024-09-21,Active
EMP-003633,LOC-0019,Tammie Jacobs,Operations,Technician,2022-10-08,Active
EMP-003634,LOC-0049,Rodney Martinez,Production,Engineer,2024-06-27,Active
EMP-003635,LOC-0078,Michael Hurley,Production,Manager,2020-10-15,Inactive
EMP-003636,LOC-0076,Christopher Frank,Operations,Technician,2019-07-30,Active
EMP-003637,LOC-0045,Alan Sanchez,Operations,Specialist,2023-03-31,Active
EMP-003638,LOC-0024,Melissa Gibson,Finance,Manager,2024-07-24,Active
EMP-003639,LOC-0027,Brent Mathews,Operations,Specialist,2021-02-24,Active
EMP-003640,LOC-0046,Eugene Ferrell,Operations,Manager,2024-02-03,Active
EMP-003641,LOC-0001,Andrew Martinez,Operations,Supervisor,2024-10-07,Inactive
EMP-003642,LOC-0048,Christopher Cox,Operations,Analyst,2024-06-14,Active
EMP-003643,LOC-0037,Paige Padilla,Production,Coordinator,2019-10-24,Active
EMP-003644,LOC-0086,Robert Coleman,Operations,Analyst,2021-04-20,Active
EMP-003645,LOC-0090,Christopher Thomas,Production,Supervisor,2020-11-21,Active
EMP-003646,LOC-0012,Richard Hunter,Operations,Manager,2023-04-01,Active
EMP-003647,LOC-0012,Adam White,Production,Supervisor,2020-06-26,Active
EMP-003648,LOC-0025,Ashley Soto,Production,Coordinator,2025-07-09,Active
EMP-003649,LOC-0074,Aaron Harrison,Operations,Manager,2019-02-28,Active
EMP-003650,LOC-0011,Jennifer Walker,Sales,Analyst,2023-01-09,Inactive
EMP-003651,LOC-0007,Isaiah Foster,Production,Technician,2024-09-05,Active
EMP-003652,LOC-0016,Margaret Lynch,Sales,Technician,2020-12-16,Inactive
EMP-003653,LOC-0080,Diana Walker,Production,Specialist,2022-08-05,Active
EMP-003654,LOC-0078,Rose Gonzales,IT,Supervisor,2020-12-06,Active
EMP-003655,LOC-0008,Whitney Travis,Production,Specialist,2023-10-09,Active
EMP-003656,LOC-0054,Rebecca Bates,IT,Technician,2021-07-16,Inactive
EMP-003657,LOC-0010,Sheila Moran,Production,Manager,2024-06-11,Active
EMP-003658,LOC-0067,Angelica Garcia,Operations,Manager,2020-07-18,Active
EMP-003659,LOC-0097,Paul Sanchez,Operations,Supervisor,2021-03-13,Active
EMP-003660,LOC-0073,Cheryl Whitehead,IT,Technician,2022-09-18,Active
EMP-003661,LOC-0077,Alex Hebert,IT,Engineer,2022-10-09,Active
EMP-003662,LOC-0078,Matthew Fisher,Supply Chain,Specialist,2024-02-16,Active
EMP-003663,LOC-0079,Angela Martin,Production,Specialist,2022-07-20,Inactive
EMP-003665,LOC-0086,Stephanie Cooper,Maintenance,Manager,2019-04-14,Active
EMP-003666,LOC-0064,Allison Duncan,Supply Chain,Analyst,2023-11-06,Active
EMP-003667,LOC-0032,William Freeman,Operations,Specialist,2024-08-17,Active
EMP-003668,LOC-0097,Jennifer Marquez,Maintenance,Coordinator,2019-12-14,Active
EMP-003669,LOC-0071,Heather Bryant,Supply Chain,Specialist,2023-05-05,Active
EMP-003671,LOC-0045,Michael Knapp,Human Resources,Supervisor,2021-04-02,Inactive
EMP-003672,LOC-0096,Brian Price,IT,Technician,2021-04-24,Active
EMP-003673,LOC-0081,Scott English,Operations,Supervisor,2023-08-25,Active
EMP-003674,LOC-0061,Garrett Spencer,Maintenance,Specialist,2024-05-28,Active
EMP-003675,LOC-0002,Steven Hartman,Human Resources,Engineer,2019-01-20,Active
EMP-003676,LOC-0055,Andrew French,Operations,Technician,2020-03-15,Active
EMP-003677,LOC-0060,Leslie Gomez,Production,Supervisor,2023-12-31,Active
EMP-003678,LOC-0010,David Gregory,IT,Analyst,2019-11-04,Active
EMP-003679,LOC-0099,Wayne Cunningham,Human Resources,Engineer,2025-03-29,Active
EMP-003680,LOC-0054,Carmen Jimenez,Operations,Engineer,2021-12-04,Active
EMP-003681,LOC-0048,Christopher Hamilton,Supply Chain,Coordinator,2021-09-29,Active
EMP-003682,LOC-0047,Robert Gonzalez PhD,Maintenance,Technician,2022-10-24,Active
EMP-003683,LOC-0075,James Pearson,Supply Chain,Supervisor,2023-01-24,Inactive
EMP-003684,LOC-0017,Lisa Salazar,Human Resources,Analyst,2022-05-05,Inactive
EMP-003685,LOC-0094,Michelle Benson,Finance,Supervisor,2024-01-31,Active
EMP-003686,LOC-0062,Katherine Morales,Supply Chain,Analyst,2021-06-27,Active
EMP-003687,LOC-0015,Walter Scott,Production,Analyst,2022-06-12,Active
EMP-003688,LOC-0042,Anna Mcdaniel,Supply Chain,Operator,2021-04-04,Active
EMP-003689,LOC-0052,Jessica Mason,Maintenance,Coordinator,2023-07-09,Active
EMP-003690,LOC-0021,Thomas Smith,Production,Operator,2020-04-09,Inactive
EMP-003691,LOC-0037,Corey Bowers,Maintenance,Manager,2022-08-26,Active
EMP-003692,LOC-0023,Mario Lee,Finance,Operator,2022-01-10,Active
EMP-003693,LOC-0083,Anthony Rowe,Production,Technician,2024-07-10,Active
EMP-003694,LOC-0048,Jamie White,Supply Chain,Coordinator,2021-10-14,Active
EMP-003695,LOC-0023,Donna Martinez,Production,Analyst,2022-06-03,Active
EMP-003696,LOC-0069,Carl Turner,Production,Coordinator,2024-11-01,Active
EMP-003697,LOC-0050,Nathaniel Mckinney,Supply Chain,Operator,2023-09-08,Active
EMP-003698,LOC-0044,Mary Hughes,Supply Chain,Analyst,2023-01-26,Active
EMP-003699,LOC-0025,Sandra Lynch,Operations,Supervisor,2021-03-14,Active
EMP-003700,LOC-0077,Elizabeth Roman,Sales,Engineer,2021-05-02,Active
EMP-003701,LOC-0071,Kyle Hart,Production,Specialist,2019-06-05,Active
EMP-003702,LOC-0029,Elizabeth Baker,Finance,Operator,2021-01-10,Inactive
EMP-003703,LOC-0049,John Moore,Production,Manager,2021-05-19,Active
EMP-003704,LOC-0086,Elizabeth Coleman,Human Resources,Analyst,2024-09-18,Active
EMP-003705,LOC-0033,Stephen Wilson,Sales,Manager,2020-09-11,Active
EMP-003706,LOC-0028,Jessica Harper,Supply Chain,Operator,2022-08-25,Active
EMP-003707,LOC-0027,Jessica King,Maintenance,Operator,2020-02-10,Active
EMP-003708,LOC-0078,Shannon Robertson,IT,Coordinator,2024-01-12,Active
EMP-003709,LOC-0099,John Gregory,IT,Engineer,2024-10-10,Active
EMP-003710,LOC-0037,Erin Holden,IT,Operator,2022-10-24,Active
EMP-003711,LOC-0045,Gerald Reyes,Maintenance,Coordinator,2023-04-06,Active
EMP-003712,LOC-0010,Steven Heath,IT,Supervisor,2025-06-21,Active
EMP-003713,LOC-0013,Hayley Stewart,Supply Chain,Engineer,2022-06-06,Active
EMP-003715,LOC-0035,Dorothy Gordon,Operations,Coordinator,2019-01-24,Active
EMP-003716,LOC-0040,Miss Laurie Green,Finance,Operator,2022-10-28,Inactive
EMP-003717,LOC-0022,Danielle Stevenson,Production,Specialist,2019-07-07,Active
EMP-003718,LOC-0061,James Johnson,Supply Chain,Technician,2025-10-01,Active
EMP-003719,LOC-0097,Tracy Lewis,Sales,Technician,2019-06-30,Active
EMP-003720,LOC-0012,Sharon Graves,Production,Supervisor,2020-08-25,Active
EMP-003721,LOC-0012,Alex Rivera,Production,Engineer,2025-11-26,Active
EMP-003722,LOC-0097,Tina Chavez,IT,Manager,2023-10-18,Inactive
EMP-003723,LOC-0025,Danielle Rice,Human Resources,Engineer,2025-08-09,Active
EMP-003724,LOC-0011,John Hunt,Operations,Manager,2020-04-14,Active
EMP-003725,LOC-0029,Bobby Young,Human Resources,Operator,2022-02-26,Active
EMP-003726,LOC-0002,Robin Craig,Maintenance,Manager,2021-04-03,Active
EMP-003727,LOC-0048,Rebecca Cox DVM,Operations,Technician,2021-03-10,Active
EMP-003728,LOC-0002,Aaron Nguyen,Production,Operator,2025-01-02,Active
EMP-003729,LOC-0020,Kelly Gilbert,IT,Supervisor,2022-07-22,Active
EMP-003730,LOC-0036,Margaret Reed,Production,Specialist,2022-07-07,Active
EMP-003731,LOC-0100,Keith Jones,Supply Chain,Specialist,2025-07-20,Active
EMP-003732,LOC-0030,Jessica Nichols,Supply Chain,Manager,2023-04-09,Active
EMP-003733,LOC-0042,Danielle Mahoney,Operations,Analyst,2022-02-05,Active
EMP-003734,LOC-0043,Carolyn Rodgers,Operations,Supervisor,2021-05-25,Active
EMP-003735,LOC-0011,Brandon Lewis,IT,Manager,2023-06-25,Active
EMP-003736,LOC-0071,Bradley Miller,IT,Operator,2019-05-20,Active
EMP-003737,LOC-0066,David Thomas,Operations,Technician,2022-05-04,Active
EMP-003738,LOC-0022,Sarah Smith,Supply Chain,Operator,2021-09-28,Active
EMP-003739,LOC-0094,Kathryn Boyle,Supply Chain,Engineer,2023-11-12,Active
EMP-003740,LOC-0071,Courtney Hart,Production,Supervisor,2022-10-07,Active
EMP-003741,LOC-0011,Richard Buchanan,Production,Analyst,2025-01-07,Active
EMP-003742,LOC-0059,Kelly Graham,Maintenance,Manager,2019-05-14,Active
EMP-003743,LOC-0025,Jeffrey Torres,Production,Analyst,2020-07-01,Inactive
EMP-003744,LOC-0089,William Williams,Supply Chain,Operator,2021-12-14,Active
EMP-003745,LOC-0041,Ellen Rangel,Supply Chain,Supervisor,2025-11-13,Active
EMP-003746,LOC-0041,John Young,Finance,Supervisor,2020-09-15,Active
EMP-003747,LOC-0073,Lauren Lopez,Production,Analyst,2024-09-07,Active
EMP-003748,LOC-0028,Kristen Moore,Operations,Supervisor,2025-10-03,Active
EMP-003749,LOC-0098,Sharon Jensen,Production,Engineer,2025-11-21,Active
EMP-003750,LOC-0054,Mikayla Burns,Production,Operator,2024-06-05,Active
EMP-003751,LOC-0045,David Rogers,IT,Specialist,2024-10-20,Active
EMP-003752,LOC-0062,Kenneth Adkins,Production,Manager,2024-06-15,Active
EMP-003753,LOC-0092,Lauren Lyons,Sales,Specialist,2021-11-22,Active
EMP-003754,LOC-0071,Timothy Wright,Production,Coordinator,2019-04-01,Inactive
EMP-003755,LOC-0052,Darrell Cook,Sales,Specialist,2020-06-02,Active
EMP-003756,LOC-0056,Andrew Oconnor,Human Resources,Operator,2021-01-26,Inactive
EMP-003757,LOC-0083,Sylvia Lloyd,Production,Operator,2025-12-27,Active
EMP-003758,LOC-0045,Joseph Liu,Production,Analyst,2019-10-16,Active
EMP-003759,LOC-0022,Chelsea Wilson,Operations,Operator,2021-09-08,Active
EMP-003760,LOC-0069,Robert Washington,Sales,Technician,2020-04-13,Inactive
EMP-003761,LOC-0043,Tiffany Ross,Operations,Specialist,2024-05-01,Active
EMP-003762,LOC-0098,Gabriel Wilson,Operations,Analyst,2022-05-26,Active
EMP-003763,LOC-0037,Melissa Riggs,Human Resources,Specialist,2021-06-06,Active
EMP-003764,LOC-0066,Matthew Burns,Production,Specialist,2020-03-20,Active
EMP-003765,LOC-0032,Teresa Fritz,Finance,Technician,2023-09-23,Active
EMP-003766,LOC-0059,Hector Fuller,Supply Chain,Analyst,2024-07-26,Active
EMP-003767,LOC-0013,Timothy Dyer,Operations,Manager,2025-04-23,Active
EMP-003768,LOC-0054,Daniel Martinez,Operations,Manager,2022-11-14,Active
EMP-003769,LOC-0058,Thomas Erickson,Operations,Supervisor,2024-05-28,Active
EMP-003770,LOC-0003,Logan Ramos,Supply Chain,Technician,2025-06-21,Active
EMP-003771,LOC-0050,Barbara Green,Sales,Manager,2023-04-24,Active
EMP-003772,LOC-0078,Barbara Baker,Supply Chain,Engineer,2024-06-08,Active
EMP-003773,LOC-0071,William Dominguez,Operations,Supervisor,2023-12-06,Inactive
EMP-003774,LOC-0086,Ms. Wendy Delgado,Sales,Engineer,2022-05-26,Active
EMP-003775,LOC-0089,Ian Perkins,Operations,Engineer,2024-10-27,Active
EMP-003776,LOC-0049,Paige Mitchell,Sales,Operator,2020-07-14,Active
EMP-003777,LOC-0040,Kathryn Jarvis,IT,Specialist,2019-10-13,Active
EMP-003778,LOC-0031,Brianna Wilson,Production,Operator,2025-07-14,Active
EMP-003779,LOC-0095,Lisa Matthews,Operations,Specialist,2023-07-13,Active
EMP-003780,LOC-0094,Andrew Davis,Supply Chain,Technician,2025-07-29,Active
EMP-003781,LOC-0044,Leslie Osborne,Operations,Technician,2024-07-07,Active
EMP-003782,LOC-0048,Nicholas Castillo,Supply Chain,Analyst,2025-05-25,Active
EMP-003783,LOC-0058,Travis Hill,Human Resources,Analyst,2024-11-24,Active
EMP-003784,LOC-0094,Mark Pratt,Operations,Coordinator,2023-07-02,Active
EMP-003785,LOC-0017,Julia Miles,Operations,Supervisor,2024-06-18,Active
EMP-003786,LOC-0002,Mark Conley,Sales,Operator,2022-10-17,Active
EMP-003787,LOC-0097,James Martin,Supply Chain,Manager,2025-02-20,Active
EMP-003789,LOC-0084,Christine Richardson,Operations,Specialist,2019-02-06,Inactive
EMP-003790,LOC-0076,Lindsey Davila,Supply Chain,Manager,2020-12-11,Active
EMP-003791,LOC-0002,Kenneth Wilcox,Production,Engineer,2021-08-17,Active
EMP-003792,LOC-0029,Jenny Brown,Operations,Coordinator,2021-07-12,Active
EMP-003793,LOC-0035,Rhonda Mendoza,Production,Specialist,2020-01-18,Active
EMP-003794,LOC-0011,Christopher Smith,IT,Analyst,2025-12-14,Active
EMP-003795,LOC-0028,Leslie Crawford,Human Resources,Manager,2021-03-31,Active
EMP-003796,LOC-0056,Stephen Hanson,Supply Chain,Engineer,2021-09-15,Inactive
EMP-003797,LOC-0086,Mr. Jerry Rivera,Production,Technician,2022-10-26,Active
EMP-003798,LOC-0082,Gina Baird,Sales,Analyst,2023-11-04,Active
EMP-003800,LOC-0011,James Webb,Supply Chain,Manager,2020-05-23,Active
EMP-003801,LOC-0005,Martha Merritt,Supply Chain,Supervisor,2020-05-20,Active
EMP-003802,LOC-0056,Edwin Vasquez,Finance,Supervisor,2023-07-16,Active
EMP-003803,LOC-0050,Jacob Gilbert,Supply Chain,Manager,2023-01-22,Active
EMP-003804,LOC-0055,Heather Miller,Supply Chain,Operator,2023-04-15,Inactive
EMP-003805,LOC-0069,Christopher Andrews,Supply Chain,Coordinator,2020-11-29,Active
EMP-003806,LOC-0043,Larry Anthony,Maintenance,Specialist,2019-10-19,Inactive
EMP-003807,LOC-0062,Amanda Martinez MD,Production,Specialist,2020-08-19,Active
EMP-003808,LOC-0068,John Daniel,Human Resources,Manager,2023-09-23,Active
EMP-003809,LOC-0078,Maurice Nelson,Operations,Specialist,2024-01-28,Active
EMP-003810,LOC-0097,Sean Strickland,Supply Chain,Engineer,2019-06-25,Active
EMP-003811,LOC-0079,Nicole Quinn,Sales,Operator,2021-04-10,Active
EMP-003812,LOC-0047,Chase Scott,Operations,Analyst,2024-08-25,Active
EMP-003813,LOC-0048,Kelly Pham,Operations,Specialist,2019-06-14,Active
EMP-003815,LOC-0043,Diana Armstrong,Supply Chain,Coordinator,2021-04-03,Active
EMP-003816,LOC-0010,Jason Knight,Operations,Supervisor,2025-04-05,Active
EMP-003817,LOC-0072,Andrea Singh,Operations,Analyst,2019-10-18,Active
EMP-003818,LOC-0015,Loretta Murray,Operations,Supervisor,2025-01-20,Active
EMP-003819,LOC-0062,Ruben Reyes,Production,Supervisor,2019-02-28,Active
EMP-003820,LOC-0080,Susan Bell,Human Resources,Operator,2021-10-25,Active
EMP-003821,LOC-0012,Bill Perez,Production,Coordinator,2019-09-04,Active
EMP-003822,LOC-0042,Tiffany Ford,Maintenance,Coordinator,2021-01-17,Active
EMP-003823,LOC-0015,Jeffrey Dunn,Supply Chain,Operator,2025-06-21,Active
EMP-003824,LOC-0078,Pamela Brown,Operations,Analyst,2023-07-13,Active
EMP-003825,LOC-0100,John Murphy,Maintenance,Specialist,2019-11-04,Active
EMP-003826,LOC-0008,Laura Williams,Finance,Engineer,2019-03-29,Active
EMP-003827,LOC-0010,Justin Woods,Operations,Coordinator,2021-11-25,Inactive
EMP-003828,LOC-0066,Gerald Torres,Operations,Technician,2021-09-03,Active
EMP-003829,LOC-0006,Michael Thompson,Production,Technician,2022-06-14,Active
EMP-003830,LOC-0044,Joseph Hammond,Maintenance,Coordinator,2020-03-24,Active
EMP-003831,LOC-0080,Cindy Mckenzie,Production,Engineer,2023-02-11,Active
EMP-003832,LOC-0078,Wesley Gibson,Maintenance,Supervisor,2020-11-08,Active
EMP-003833,LOC-0028,Christian Smith,Sales,Engineer,2021-10-03,Active
EMP-003834,LOC-0065,Alicia Randolph,Production,Analyst,2020-12-28,Active
EMP-003835,LOC-0033,Kara Sherman,IT,Supervisor,2024-11-05,Active
EMP-003836,LOC-0003,Jennifer Harris,Sales,Technician,2021-08-08,Inactive
EMP-003837,LOC-0066,Elizabeth Hill,Operations,Specialist,2020-02-02,Active
EMP-003838,LOC-0065,Nicole Evans,Operations,Operator,2024-01-24,Active
EMP-003839,LOC-0024,William Cooke,Operations,Operator,2020-01-26,Active
EMP-003840,LOC-0088,Michael Moss,Human Resources,Coordinator,2023-06-25,Active
EMP-003841,LOC-0027,Sarah Hebert,Operations,Analyst,2019-09-01,Active
EMP-003842,LOC-0069,Susan Hess,Operations,Operator,2024-09-23,Active
EMP-003843,LOC-0048,Brenda Buchanan,Human Resources,Analyst,2019-11-10,Active
EMP-003844,LOC-0073,Jimmy Reyes,Operations,Analyst,2025-06-23,Active
EMP-003845,LOC-0086,George Wilson,Sales,Coordinator,2022-06-07,Active
EMP-003846,LOC-0005,Lisa Walker,Supply Chain,Operator,2023-04-03,Active
EMP-003847,LOC-0006,Kenneth Hernandez,Maintenance,Engineer,2023-06-26,Active
EMP-003848,LOC-0047,Nicholas Johnson,Supply Chain,Engineer,2025-02-19,Active
EMP-003849,LOC-0027,Michael Roy,Finance,Coordinator,2023-09-15,Active
EMP-003850,LOC-0070,Nicholas Mendoza,IT,Supervisor,2024-06-25,Active
EMP-003851,LOC-0068,Bernard Lawson,Production,Technician,2021-02-22,Active
EMP-003852,LOC-0097,Ivan Roberts,Operations,Operator,2024-09-26,Active
EMP-003853,LOC-0067,David Kim,IT,Technician,2022-08-09,Active
EMP-003854,LOC-0019,Kathryn Washington,Production,Technician,2020-02-06,Active
EMP-003856,LOC-0058,William Gross,Production,Manager,2024-06-23,Active
EMP-003857,LOC-0099,Nancy Alexander,Production,Specialist,2025-03-12,Active
EMP-003858,LOC-0094,Andrew Robinson,Operations,Operator,2023-02-04,Active
EMP-003859,LOC-0050,Gregory Rich,IT,Specialist,2019-03-01,Active
EMP-003860,LOC-0094,Neil Morgan,Operations,Supervisor,2019-07-16,Active
EMP-003861,LOC-0094,David Johnson,Production,Engineer,2025-08-16,Active
EMP-003862,LOC-0014,Justin Smith,Finance,Technician,2020-08-27,Active
EMP-003863,LOC-0087,Ian Lewis,Production,Coordinator,2019-06-06,Active
EMP-003864,LOC-0017,Blake Walsh,Finance,Technician,2020-02-12,Active
EMP-003865,LOC-0095,Peter Johnson,Operations,Specialist,2025-08-11,Active
EMP-003866,LOC-0003,Mary Jackson,Production,Technician,2021-11-19,Active
EMP-003867,LOC-0051,Jonathan Miller,Maintenance,Operator,2019-04-12,Active
EMP-003868,LOC-0003,Miranda Owens,Maintenance,Operator,2023-11-22,Active
EMP-003869,LOC-0057,Paul Lopez,IT,Technician,2024-12-17,Inactive
EMP-003870,LOC-0032,Bridget Figueroa,Operations,Technician,2025-01-09,Active
EMP-003871,LOC-0014,Malik Smith,Supply Chain,Manager,2023-09-14,Active
EMP-003872,LOC-0052,Adam Lopez,Finance,Engineer,2022-03-02,Active
EMP-003873,LOC-0008,David Glenn,Supply Chain,Specialist,2023-09-13,Active
EMP-003874,LOC-0038,Jason Smith,IT,Operator,2024-02-11,Active
EMP-003875,LOC-0029,Martha Brooks,Operations,Supervisor,2022-08-24,Active
EMP-003876,LOC-0085,Kelly Brewer,Operations,Specialist,2020-01-24,Active
EMP-003877,LOC-0038,Douglas Lopez,Finance,Engineer,2023-10-12,Active
EMP-003878,LOC-0075,Eric Moore,IT,Analyst,2022-01-28,Inactive
EMP-003879,LOC-0020,Jared Santos,Production,Engineer,2024-05-23,Active
EMP-003880,LOC-0092,Melinda Torres,Maintenance,Operator,2024-10-16,Active
EMP-003881,LOC-0008,Marie Miller,Production,Supervisor,2023-11-18,Active
EMP-003882,LOC-0041,Christine Knight,Supply Chain,Engineer,2024-02-06,Active
EMP-003883,LOC-0086,Elijah Miller,Supply Chain,Coordinator,2023-09-19,Active
EMP-003884,LOC-0031,Jill Holmes,Production,Operator,2020-03-18,Active
EMP-003885,LOC-0086,Robert Castro,Operations,Analyst,2020-03-08,Active
EMP-003886,LOC-0061,Gregory Morris,Operations,Specialist,2021-06-30,Active
EMP-003887,LOC-0100,John Gonzalez,Operations,Coordinator,2024-09-06,Inactive
EMP-003888,LOC-0017,Angel Ellis,Production,Analyst,2024-04-10,Active
EMP-003889,LOC-0085,Amy Bernard,Sales,Engineer,2019-08-13,Active
EMP-003890,LOC-0019,Erin Richards,Production,Specialist,2023-11-19,Active
EMP-003891,LOC-0076,Rebecca Taylor,Supply Chain,Manager,2020-07-03,Active
EMP-003892,LOC-0085,Kim Moody,IT,Technician,2021-06-01,Active
EMP-003893,LOC-0058,Patrick Dougherty,Operations,Coordinator,2024-06-22,Active
EMP-003894,LOC-0080,Susan Nelson,IT,Supervisor,2020-10-22,Active
EMP-003895,LOC-0068,Dennis Cunningham,Production,Manager,2023-05-20,Active
EMP-003896,LOC-0037,Alyssa Brock,Human Resources,Engineer,2021-04-13,Active
EMP-003897,LOC-0063,Jasmine Fernandez,Sales,Analyst,2022-05-16,Active
EMP-003898,LOC-0001,Emily Bond,Sales,Engineer,2019-06-04,Active
EMP-003899,LOC-0045,Nicole Paul,Production,Specialist,2024-05-27,Inactive
EMP-003900,LOC-0053,Christopher Peterson,Human Resources,Supervisor,2021-04-19,Active
EMP-003901,LOC-0027,Steven Fox,Maintenance,Analyst,2024-03-11,Active
EMP-003902,LOC-0023,Jacob Wright,Operations,Technician,2019-12-22,Active
EMP-003903,LOC-0001,Douglas Morris,Sales,Operator,2023-02-17,Active
EMP-003904,LOC-0017,Brenda Miller,Production,Engineer,2024-10-24,Active
EMP-003905,LOC-0051,Brian Anderson,Operations,Analyst,2019-08-27,Active
EMP-003906,LOC-0005,Anna Garcia,Operations,Engineer,2023-11-30,Active
EMP-003907,LOC-0064,Jesse Price,Sales,Analyst,2025-12-29,Active
EMP-003908,LOC-0055,Stefanie Sanchez,IT,Manager,2019-09-26,Active
EMP-003909,LOC-0058,Cindy Taylor,Finance,Coordinator,2022-05-16,Active
EMP-003910,LOC-0091,Amy Velez,Production,Coordinator,2023-08-07,Active
EMP-003911,LOC-0051,Austin Mcknight,IT,Operator,2022-05-24,Active
EMP-003912,LOC-0009,Brittany Davis,Production,Engineer,2024-04-11,Active
EMP-003913,LOC-0049,Brian Esparza,Sales,Coordinator,2019-03-15,Active
EMP-003914,LOC-0042,Joseph Cooper,Operations,Technician,2019-08-25,Active
EMP-003915,LOC-0099,Tracy Blake,Production,Engineer,2020-09-16,Active
EMP-003916,LOC-0006,Jennifer Vargas,Maintenance,Engineer,2020-03-24,Active
EMP-003917,LOC-0058,Kristen Owens,Production,Supervisor,2021-11-26,Active
EMP-003918,LOC-0023,Susan Rodriguez,Supply Chain,Supervisor,2020-03-21,Active
EMP-003919,LOC-0031,Scott Brown,Production,Supervisor,2024-01-18,Active
EMP-003920,LOC-0095,Ashley Norris,Operations,Analyst,2020-07-21,Active
EMP-003921,LOC-0073,Benjamin Hernandez,Supply Chain,Coordinator,2021-01-23,Active
EMP-003922,LOC-0090,Amanda Thompson,Operations,Engineer,2020-03-18,Active
EMP-003923,LOC-0002,Patricia Garza,Finance,Coordinator,2025-07-16,Active
EMP-003924,LOC-0092,Phillip Porter,Operations,Specialist,2022-12-31,Active
EMP-003925,LOC-0029,Michael Mills,Finance,Manager,2025-09-04,Inactive
EMP-003926,LOC-0099,Karen Wade,Operations,Technician,2024-04-20,Active
EMP-003927,LOC-0045,John Rice PhD,Operations,Operator,2025-03-08,Active
EMP-003928,LOC-0026,April Campbell,Supply Chain,Technician,2023-05-14,Active
EMP-003929,LOC-0089,Jordan Dunn,Operations,Manager,2022-03-28,Active
EMP-003930,LOC-0063,Andrew Arias,Sales,Supervisor,2024-09-14,Active
EMP-003931,LOC-0004,Jennifer Vazquez,Operations,Specialist,2021-08-15,Active
EMP-003932,LOC-0080,Patrick Griffin,Production,Manager,2023-04-27,Active
EMP-003933,LOC-0062,Kevin Schneider,IT,Specialist,2024-08-07,Active
EMP-003934,LOC-0020,Timothy Allen,Human Resources,Supervisor,2022-01-21,Active
EMP-003935,LOC-0027,Dr. Deborah Davis DDS,Supply Chain,Coordinator,2023-02-01,Active
EMP-003936,LOC-0086,Miss Hannah Johnson,Production,Engineer,2022-05-18,Active
EMP-003937,LOC-0026,Samuel Howard,Supply Chain,Engineer,2020-01-22,Active
EMP-003938,LOC-0075,Nicholas Johnson DVM,Human Resources,Operator,2024-07-08,Active
EMP-003939,LOC-0095,James Shelton,Production,Manager,2019-11-01,Active
EMP-003940,LOC-0028,Tammy Brewer,Finance,Manager,2020-06-03,Inactive
EMP-003941,LOC-0076,Betty Bartlett,Operations,Manager,2022-12-21,Active
EMP-003942,LOC-0027,Lisa Walker,Production,Operator,2025-10-22,Active
EMP-003943,LOC-0037,Kaitlin Wolfe,Maintenance,Engineer,2020-10-09,Active
EMP-003944,LOC-0020,Randy Rios,Operations,Engineer,2025-11-15,Active
EMP-003945,LOC-0080,John Horn Jr.,Production,Analyst,2019-04-22,Active
EMP-003946,LOC-0009,William May,Operations,Supervisor,2025-02-22,Active
EMP-003947,LOC-0052,Wanda Moreno,Sales,Manager,2019-08-20,Active
EMP-003948,LOC-0059,Douglas Jones,Maintenance,Supervisor,2021-03-19,Active
EMP-003949,LOC-0045,Steven Williams,IT,Coordinator,2021-08-26,Active
EMP-003950,LOC-0008,Charles Bradshaw,Operations,Supervisor,2021-11-05,Active
EMP-003951,LOC-0065,Robert Thomas,Finance,Analyst,2022-12-21,Active
EMP-003952,LOC-0022,Jackie Le,Supply Chain,Specialist,2022-11-10,Active
EMP-003953,LOC-0048,Seth Carroll,Operations,Coordinator,2025-07-07,Inactive
EMP-003954,LOC-0047,Mary Jennings,Maintenance,Operator,2025-11-08,Active
EMP-003955,LOC-0069,Breanna Delgado,Operations,Manager,2025-10-25,Inactive
EMP-003957,LOC-0037,Marilyn Arnold,Finance,Analyst,2019-05-06,Active
EMP-003958,LOC-0040,Alexis Ward,Operations,Analyst,2021-10-19,Active
EMP-003959,LOC-0038,Brittany Ramos,Operations,Manager,2023-12-11,Active
EMP-003960,LOC-0011,Lisa Patrick,Production,Analyst,2022-08-21,Active
EMP-003961,LOC-0054,Megan Porter,Supply Chain,Technician,2023-02-01,Active
EMP-003962,LOC-0051,David Thompson,IT,Engineer,2020-07-16,Active
EMP-003963,LOC-0026,John Salazar,Operations,Coordinator,2022-07-21,Active
EMP-003964,LOC-0032,Amber Munoz,Human Resources,Manager,2024-01-16,Active
EMP-003965,LOC-0034,David Lopez,Operations,Analyst,2020-06-09,Active
EMP-003966,LOC-0027,Amanda Baker,Production,Specialist,2021-11-19,Active
EMP-003967,LOC-0075,Gabriel Jones,Operations,Operator,2023-06-27,Active
EMP-003968,LOC-0084,Jonathan Robinson,IT,Operator,2019-05-29,Active
EMP-003969,LOC-0081,Jonathan Delgado,Operations,Coordinator,2023-01-06,Active
EMP-003970,LOC-0100,Joseph Murphy,Maintenance,Technician,2024-03-31,Active
EMP-003971,LOC-0050,Brittany Pruitt,Finance,Analyst,2020-07-07,Active
EMP-003972,LOC-0082,Cheryl Blackwell,Supply Chain,Supervisor,2021-10-16,Active
EMP-003973,LOC-0057,Dominic Hoffman,Maintenance,Coordinator,2020-05-20,Active
EMP-003974,LOC-0025,Michael Graves,Operations,Operator,2025-10-11,Active
EMP-003975,LOC-0071,Michael Ortiz,Supply Chain,Operator,2022-12-22,Active
EMP-003976,LOC-0065,Brandon Thompson,Production,Operator,2022-03-03,Active
EMP-003977,LOC-0006,Megan May,Production,Engineer,2021-07-26,Active
EMP-003978,LOC-0079,Jennifer Hughes,Operations,Supervisor,2024-07-20,Active
EMP-003979,LOC-0064,Anna Horton,Maintenance,Operator,2020-08-31,Active
EMP-003980,LOC-0041,Stanley Strong,Production,Manager,2020-03-16,Active
EMP-003981,LOC-0058,Kristine Scott,Production,Manager,2024-08-04,Active
EMP-003982,LOC-0067,Mr. Richard Cooper DVM,Maintenance,Specialist,2022-12-23,Active
EMP-003983,LOC-0005,Kimberly Bailey,Operations,Coordinator,2025-12-25,Active
EMP-003984,LOC-0027,Blake Gonzalez,Supply Chain,Engineer,2024-09-03,Active
EMP-003985,LOC-0091,Gary Baker,Maintenance,Analyst,2021-12-27,Active
EMP-003987,LOC-0005,John Gray,Operations,Coordinator,2019-01-26,Inactive
EMP-003988,LOC-0096,Kimberly Turner,IT,Operator,2020-09-01,Active
EMP-003989,LOC-0096,Melissa Jordan,Supply Chain,Supervisor,2020-09-21,Active
EMP-003990,LOC-0011,Renee Anderson,Operations,Analyst,2019-06-08,Active
EMP-003991,LOC-0034,Rachel James,Maintenance,Technician,2024-05-25,Active
EMP-003992,LOC-0077,Taylor Rodriguez,Supply Chain,Manager,2023-09-28,Active
EMP-003993,LOC-0096,Dawn Yoder,Production,Operator,2024-08-10,Active
EMP-003994,LOC-0076,Kristopher Flores,Supply Chain,Engineer,2020-07-13,Active
EMP-003995,LOC-0044,Elizabeth Walter,Production,Operator,2021-01-24,Active
EMP-003996,LOC-0080,Jorge Harper,Production,Operator,2019-09-01,Active
EMP-003997,LOC-0030,Michael Harris,Maintenance,Manager,2020-01-30,Active
EMP-003998,LOC-0013,Cory Martin,Sales,Analyst,2020-01-07,Active
EMP-003999,LOC-0045,Micheal Villegas,Production,Operator,2019-12-17,Active
EMP-004000,LOC-0098,Samuel Chan,Supply Chain,Analyst,2022-06-02,Active
EMP-004001,LOC-0085,Linda Moore,Operations,Operator,2021-02-27,Active
EMP-004002,LOC-0098,Kimberly Osborne,Production,Technician,2024-07-18,Active
EMP-004003,LOC-0078,Albert Henson,Operations,Technician,2024-09-23,Active
EMP-004004,LOC-0046,John White,Production,Analyst,2024-12-13,Active
EMP-004006,LOC-0027,Derek Davis,Supply Chain,Specialist,2019-08-09,Active
EMP-004007,LOC-0077,Susan Mitchell,Operations,Operator,2025-01-16,Active
EMP-004008,LOC-0088,Rachel Ross,Sales,Operator,2019-10-07,Active
EMP-004009,LOC-0030,David Jones,Supply Chain,Technician,2024-06-18,Active
EMP-004010,LOC-0016,Melvin Morris,Production,Operator,2019-10-30,Active
EMP-004011,LOC-0011,Michael Simon,Production,Engineer,2024-08-29,Active
EMP-004012,LOC-0095,Gregory Zuniga,Finance,Analyst,2019-06-11,Active
EMP-004013,LOC-0049,Amanda Perry,Production,Manager,2025-09-13,Active
EMP-004014,LOC-0005,Claire Patterson,Production,Manager,2022-11-22,Active
EMP-004015,LOC-0068,Jon Savage,Supply Chain,Operator,2022-06-29,Active
EMP-004016,LOC-0033,Daniel Mcclain,Operations,Manager,2020-01-20,Inactive
EMP-004017,LOC-0060,Christina Bean,Finance,Technician,2019-03-31,Active
EMP-004018,LOC-0051,Sarah Mendez,IT,Supervisor,2022-05-01,Active
EMP-004019,LOC-0060,Rickey Calhoun,Operations,Operator,2019-04-02,Active
EMP-004020,LOC-0030,Courtney Reed,Supply Chain,Technician,2024-10-12,Active
EMP-004021,LOC-0029,Edward Walsh,Operations,Manager,2022-01-09,Active
EMP-004022,LOC-0058,Kimberly Lee,Supply Chain,Specialist,2020-10-01,Active
EMP-004023,LOC-0024,Nicholas Smith,Sales,Manager,2023-03-18,Active
EMP-004024,LOC-0027,Eric Scott,Operations,Engineer,2019-03-03,Active
EMP-004025,LOC-0057,Andrew Hawkins,Supply Chain,Engineer,2025-06-08,Inactive
EMP-004026,LOC-0098,Thomas Watkins,Sales,Operator,2024-04-06,Active
EMP-004027,LOC-0068,Edwin Stephens,Supply Chain,Engineer,2025-06-15,Active
EMP-004028,LOC-0043,Amanda Day,Human Resources,Specialist,2020-07-31,Active
EMP-004029,LOC-0051,Jesus Strickland,Sales,Specialist,2023-07-19,Active
EMP-004030,LOC-0054,Susan Mcbride,Supply Chain,Coordinator,2023-01-17,Active
EMP-004031,LOC-0029,Amy Huang MD,IT,Manager,2024-07-12,Active
EMP-004032,LOC-0063,Michael Johnson,Production,Engineer,2020-12-14,Inactive
EMP-004033,LOC-0034,James Lopez,Operations,Technician,2021-05-24,Active
EMP-004034,LOC-0087,Jared Vance,Production,Specialist,2021-03-24,Active
EMP-004035,LOC-0083,Brian Holmes,Human Resources,Manager,2025-02-13,Active
EMP-004036,LOC-0057,Cory Martin,Maintenance,Manager,2023-09-30,Active
EMP-004038,LOC-0063,Terri Johnston,Sales,Specialist,2025-04-07,Inactive
EMP-004039,LOC-0031,Dawn Moran,Production,Manager,2019-01-01,Active
EMP-004040,LOC-0091,Noah Warren,Operations,Analyst,2019-12-16,Active
EMP-004041,LOC-0082,Lindsay Potts,Operations,Technician,2020-06-21,Active
EMP-004042,LOC-0053,Deborah Fowler,Finance,Engineer,2022-03-06,Active
EMP-004043,LOC-0028,Kathryn Wood,Operations,Engineer,2019-09-26,Active
EMP-004044,LOC-0030,Karen Gonzalez,Production,Technician,2020-06-23,Active
EMP-004045,LOC-0025,William Hudson,Operations,Specialist,2020-01-21,Active
EMP-004046,LOC-0035,James Martinez,Production,Specialist,2020-04-27,Active
EMP-004047,LOC-0032,Cynthia Baker,Human Resources,Technician,2022-04-14,Active
EMP-004048,LOC-0011,Gina Taylor,Production,Coordinator,2022-03-08,Active
EMP-004049,LOC-0036,Scott Green,Finance,Technician,2023-09-28,Active
EMP-004050,LOC-0060,Annette Horne,Human Resources,Technician,2023-07-07,Active
EMP-004051,LOC-0022,Cody Stevens,Operations,Specialist,2024-07-21,Active
EMP-004052,LOC-0095,Mary Jones,Maintenance,Engineer,2022-05-03,Active
EMP-004053,LOC-0077,Michael Green,IT,Coordinator,2022-08-12,Active
EMP-004054,LOC-0074,Virginia Smith,Operations,Operator,2019-02-06,Active
EMP-004055,LOC-0099,Alexa Berry,Operations,Supervisor,2022-04-14,Active
EMP-004056,LOC-0081,Ian Brown,Production,Analyst,2023-01-01,Active
EMP-004057,LOC-0066,Peter Cunningham,Operations,Coordinator,2020-08-01,Active
EMP-004058,LOC-0036,Nicole Jacobs,Supply Chain,Manager,2025-01-26,Active
EMP-004059,LOC-0002,Gina Dean,Operations,Operator,2020-11-07,Active
EMP-004060,LOC-0020,Veronica Robinson,Operations,Supervisor,2024-04-09,Active
EMP-004061,LOC-0012,Katherine Carter,Production,Coordinator,2025-12-01,Active
EMP-004063,LOC-0036,Scott Pitts,Operations,Specialist,2021-06-12,Active
EMP-004064,LOC-0015,Teresa Freeman,Operations,Manager,2023-09-05,Active
EMP-004065,LOC-0047,Travis Brennan,Sales,Analyst,2024-12-12,Active
EMP-004066,LOC-0073,Lisa Jones,Human Resources,Engineer,2019-11-16,Active
EMP-004067,LOC-0014,Alexis Carson,Production,Engineer,2019-10-16,Active
EMP-004068,LOC-0075,John Thomas,Maintenance,Technician,2022-09-14,Active
EMP-004069,LOC-0007,Holly Wells,Production,Manager,2024-08-30,Active
EMP-004070,LOC-0017,Edward Mathis,Operations,Analyst,2020-09-17,Inactive
EMP-004071,LOC-0049,Mary Fisher,Maintenance,Specialist,2019-04-20,Active
EMP-004072,LOC-0022,Brittany Rodriguez,Supply Chain,Specialist,2020-06-22,Active
EMP-004073,LOC-0055,Dr. Kevin Brown,Operations,Engineer,2020-05-11,Active
EMP-004074,LOC-0014,Melvin Hale,Operations,Technician,2025-01-31,Active
EMP-004075,LOC-0095,James Perez,Supply Chain,Specialist,2024-03-10,Active
EMP-004076,LOC-0048,Sergio Massey,Production,Operator,2023-07-10,Active
EMP-004077,LOC-0058,Shelley Abbott,Operations,Engineer,2024-12-24,Active
EMP-004078,LOC-0041,Brian Ramirez,Production,Specialist,2024-10-21,Active
EMP-004079,LOC-0045,Paula Orozco,IT,Engineer,2020-08-11,Inactive
EMP-004080,LOC-0081,James Harris,Operations,Manager,2020-07-10,Active
EMP-004081,LOC-0058,Rebecca Cervantes,Finance,Technician,2024-10-26,Active
EMP-004082,LOC-0006,Sophia Mcdaniel,IT,Coordinator,2023-07-07,Active
EMP-004083,LOC-0052,Stephen Coleman,Finance,Operator,2024-05-03,Active
EMP-004084,LOC-0074,Matthew Newman,Production,Supervisor,2020-08-02,Active
EMP-004085,LOC-0062,Ryan Eaton,Production,Specialist,2021-07-25,Active
EMP-004086,LOC-0099,Timothy Thompson,Maintenance,Supervisor,2024-10-28,Active
EMP-004087,LOC-0063,Dr. Tina Smith DVM,Production,Specialist,2022-01-08,Active
EMP-004088,LOC-0057,Travis Brandt,Operations,Supervisor,2023-03-14,Active
EMP-004089,LOC-0097,Steven Campbell,Sales,Manager,2020-05-14,Active
EMP-004090,LOC-0041,Olivia Vargas,Operations,Engineer,2020-03-07,Active
EMP-004091,LOC-0011,Michelle Decker,Operations,Analyst,2019-04-17,Inactive
EMP-004092,LOC-0002,David Hill,Supply Chain,Technician,2023-04-27,Active
EMP-004093,LOC-0087,Nicole Smith,Finance,Analyst,2019-07-18,Active
EMP-004094,LOC-0058,Tara Compton,Production,Specialist,2023-09-16,Active
EMP-004095,LOC-0023,Courtney Kelly,Supply Chain,Technician,2024-04-25,Active
EMP-004096,LOC-0062,Donald Trujillo,Production,Operator,2024-03-14,Active
EMP-004097,LOC-0007,Cynthia Martin,Production,Manager,2019-03-11,Active
EMP-004098,LOC-0050,Nancy Peterson,Operations,Operator,2022-09-07,Inactive
EMP-004099,LOC-0069,Dr. Derek Sosa,Maintenance,Technician,2019-11-27,Active
EMP-004100,LOC-0002,David Vazquez,Production,Specialist,2024-11-22,Inactive
EMP-004101,LOC-0013,Carla Johnson,IT,Supervisor,2025-01-17,Active
EMP-004102,LOC-0033,Rachael Wall,Finance,Coordinator,2022-07-25,Active
EMP-004103,LOC-0029,Eddie Medina,Production,Operator,2023-12-08,Active
EMP-004104,LOC-0095,Sylvia Henderson,Finance,Analyst,2019-04-29,Active
EMP-004105,LOC-0068,Andrea Miller,Sales,Analyst,2019-04-12,Active
EMP-004106,LOC-0051,Jeanette Blankenship,Maintenance,Engineer,2024-12-12,Active
EMP-004107,LOC-0011,Kelly Fox,Human Resources,Technician,2022-07-29,Active
EMP-004108,LOC-0004,Timothy Moses,Sales,Technician,2025-11-29,Active
EMP-004109,LOC-0047,Sabrina Brown,Sales,Analyst,2022-07-27,Active
EMP-004110,LOC-0063,Joseph Wang,Production,Technician,2021-09-04,Active
EMP-004111,LOC-0053,Matthew Wolfe,Finance,Operator,2025-01-20,Active
EMP-004112,LOC-0022,Dwayne Bennett,Supply Chain,Coordinator,2019-03-10,Active
EMP-004113,LOC-0080,David Alvarez,Finance,Operator,2022-10-24,Active
EMP-004114,LOC-0054,Robert Johnson,Maintenance,Specialist,2021-04-01,Active
EMP-004115,LOC-0023,Shelby Meyers,Finance,Analyst,2023-11-25,Active
EMP-004116,LOC-0070,William James,Production,Specialist,2025-11-10,Active
EMP-004117,LOC-0082,Mr. John Davis,Maintenance,Operator,2025-11-22,Active
EMP-004118,LOC-0035,Breanna Ortiz,Supply Chain,Specialist,2021-03-11,Active
EMP-004119,LOC-0053,Justin Gutierrez,Production,Coordinator,2023-12-25,Active
EMP-004120,LOC-0094,Patricia Bennett,Operations,Technician,2025-03-20,Active
EMP-004121,LOC-0038,Jeremy Sparks,Operations,Engineer,2024-01-06,Active
EMP-004122,LOC-0041,Christina Andrews,Production,Operator,2020-08-26,Active
EMP-004123,LOC-0038,Katherine Williams,Finance,Technician,2024-08-17,Active
EMP-004124,LOC-0058,Dr. Stephanie Christensen,Supply Chain,Engineer,2024-10-30,Active
EMP-004125,LOC-0029,Johnathan Kim,Production,Supervisor,2021-06-16,Active
EMP-004126,LOC-0037,Katrina Hill,Operations,Analyst,2019-07-14,Active
EMP-004127,LOC-0051,Robert Castro,Maintenance,Analyst,2022-03-17,Active
EMP-004128,LOC-0099,Candace Espinoza,Maintenance,Analyst,2025-12-22,Inactive
EMP-004129,LOC-0044,Regina Lloyd,Maintenance,Manager,2021-05-22,Active
EMP-004130,LOC-0095,Jill Parker,Sales,Operator,2025-06-05,Inactive
EMP-004131,LOC-0085,Ashley Thomas,Supply Chain,Engineer,2020-10-15,Active
EMP-004132,LOC-0050,Daryl Ellis,Human Resources,Coordinator,2021-12-02,Active
EMP-004133,LOC-0042,Patrick Lewis,Production,Engineer,2020-12-16,Active
EMP-004134,LOC-0014,Katie Maldonado,Maintenance,Technician,2019-06-16,Active
EMP-004135,LOC-0052,Brandon Cohen,Operations,Operator,2025-08-15,Active
EMP-004136,LOC-0048,Christopher Smith,Finance,Coordinator,2021-03-16,Active
EMP-004137,LOC-0061,Charlotte Warner,Operations,Technician,2023-11-03,Active
EMP-004138,LOC-0030,John Diaz,Sales,Supervisor,2022-07-09,Active
EMP-004139,LOC-0080,Dr. Adrian Brown,Operations,Technician,2025-06-24,Active
EMP-004140,LOC-0044,Richard Clarke,Operations,Operator,2022-08-09,Active
EMP-004141,LOC-0093,Kathleen Horne,Maintenance,Coordinator,2019-06-15,Active
EMP-004142,LOC-0067,Christopher Chavez,Maintenance,Supervisor,2025-11-13,Active
EMP-004143,LOC-0077,Brian Stewart,Operations,Specialist,2022-11-19,Active
EMP-004144,LOC-0056,Andrew Nielsen,Maintenance,Engineer,2023-09-20,Active
EMP-004145,LOC-0039,Kevin Williams,Maintenance,Coordinator,2021-03-19,Active
EMP-004146,LOC-0048,Heather Anderson,Operations,Operator,2019-04-01,Inactive
EMP-004147,LOC-0057,Randy Pham,Maintenance,Engineer,2019-06-19,Active
EMP-004148,LOC-0033,Jeffrey Contreras,Operations,Supervisor,2024-04-17,Active
EMP-004149,LOC-0055,Susan Martinez,Production,Engineer,2019-01-19,Active
EMP-004150,LOC-0090,Stacy Gregory,Operations,Operator,2021-04-11,Active
EMP-004151,LOC-0076,Michael Bender,Finance,Coordinator,2025-05-01,Active
EMP-004152,LOC-0009,Hunter Williams,IT,Engineer,2023-05-27,Active
EMP-004153,LOC-0027,Christopher Brown,IT,Analyst,2022-11-28,Active
EMP-004154,LOC-0046,Victor Bishop,Supply Chain,Engineer,2021-02-02,Active
EMP-004155,LOC-0057,Meghan Stewart,Operations,Specialist,2021-10-15,Active
EMP-004156,LOC-0017,Jennifer James,Operations,Technician,2019-07-17,Inactive
EMP-004157,LOC-0082,Stephanie Edwards,Production,Engineer,2021-07-29,Active
EMP-004158,LOC-0082,Christopher Matthews,Sales,Operator,2023-07-04,Inactive
EMP-004159,LOC-0045,Michael Oconnell,Operations,Operator,2019-03-01,Active
EMP-004160,LOC-0049,Luis Hall,IT,Analyst,2022-09-11,Active
EMP-004161,LOC-0098,Evan Harper,Production,Technician,2020-10-04,Active
EMP-004162,LOC-0079,Kristen Coleman,Operations,Specialist,2019-08-27,Active
EMP-004163,LOC-0006,David Thomas,IT,Operator,2021-05-17,Active
EMP-004164,LOC-0057,Michelle Jordan,Operations,Analyst,2020-07-06,Active
EMP-004165,LOC-0087,Meredith Moore,Maintenance,Technician,2023-06-22,Active
EMP-004166,LOC-0003,Mrs. April Cunningham DDS,Maintenance,Coordinator,2025-01-23,Active
EMP-004167,LOC-0025,Ronald Smith,Operations,Coordinator,2019-08-09,Inactive
EMP-004168,LOC-0006,Jennifer Murillo,Production,Engineer,2021-01-29,Active
EMP-004169,LOC-0013,Taylor West,Production,Specialist,2023-08-19,Active
EMP-004170,LOC-0026,Gregory Pace,Finance,Specialist,2022-10-24,Active
EMP-004171,LOC-0050,Andrew Mccullough,Supply Chain,Engineer,2025-05-29,Active
EMP-004172,LOC-0078,James Jordan,Operations,Analyst,2021-06-25,Active
EMP-004173,LOC-0019,Jeanne Vaughn,Human Resources,Specialist,2023-06-25,Active
EMP-004174,LOC-0034,Tina Anderson MD,Sales,Operator,2025-04-24,Active
EMP-004175,LOC-0016,Kirk Wade,Human Resources,Supervisor,2019-06-21,Inactive
EMP-004176,LOC-0087,Eric Bush,Operations,Analyst,2020-10-12,Inactive
EMP-004178,LOC-0009,Michael Rose,Operations,Supervisor,2019-02-16,Active
EMP-004179,LOC-0002,Lee Torres,Supply Chain,Coordinator,2020-03-26,Active
EMP-004180,LOC-0045,Katherine Henry,Maintenance,Technician,2019-01-09,Active
EMP-004181,LOC-0014,William Vega,Human Resources,Manager,2019-09-17,Active
EMP-004182,LOC-0026,David Hughes,Supply Chain,Operator,2023-02-03,Inactive
EMP-004183,LOC-0062,Amanda Morse,Operations,Engineer,2022-02-23,Active
EMP-004184,LOC-0077,Amber Hill,Finance,Analyst,2020-10-19,Active
EMP-004185,LOC-0003,Maria Griffith,Operations,Technician,2025-09-21,Active
EMP-004186,LOC-0067,Paul Waters DVM,Supply Chain,Technician,2024-07-15,Active
EMP-004187,LOC-0013,William Leblanc,Production,Specialist,2023-01-30,Active
EMP-004189,LOC-0046,Nicole Bradford,Finance,Analyst,2025-02-20,Active
EMP-004190,LOC-0061,David Vincent,Operations,Coordinator,2023-10-09,Active
EMP-004191,LOC-0029,Andrea Jackson,Production,Analyst,2022-03-30,Active
EMP-004192,LOC-0044,Victor Lee,Sales,Coordinator,2025-01-21,Active
EMP-004193,LOC-0035,Jerry Brown,Supply Chain,Coordinator,2020-01-10,Active
EMP-004194,LOC-0084,Mr. Devon Baker,Finance,Supervisor,2025-11-06,Active
EMP-004195,LOC-0073,Cindy Parker,IT,Specialist,2023-02-23,Active
EMP-004196,LOC-0052,Jessica Munoz,Production,Analyst,2022-08-08,Active
EMP-004197,LOC-0072,Scott Boone,Operations,Coordinator,2022-10-03,Active
EMP-004198,LOC-0100,Richard Guzman,Operations,Supervisor,2025-12-09,Active
EMP-004199,LOC-0082,Neil Kirby,Production,Operator,2025-09-23,Active
EMP-004201,LOC-0078,Karen Franco,Finance,Engineer,2024-11-06,Active
EMP-004202,LOC-0068,Lorraine Erickson,Production,Coordinator,2020-06-27,Active
EMP-004203,LOC-0057,John Cruz,Sales,Engineer,2025-05-23,Active
EMP-004204,LOC-0051,Misty Hodge,Finance,Supervisor,2021-11-28,Active
EMP-004205,LOC-0091,Jeremy Chang,Operations,Coordinator,2020-10-29,Active
EMP-004206,LOC-0050,Timothy Garcia,Operations,Technician,2023-02-18,Active
EMP-004207,LOC-0098,Kevin Adams,Sales,Operator,2023-05-12,Active
EMP-004208,LOC-0052,Christian Hansen,Operations,Engineer,2023-01-26,Active
EMP-004209,LOC-0025,Jerry Wood,Production,Analyst,2022-07-01,Active
EMP-004210,LOC-0093,Alan Brown,IT,Supervisor,2023-08-12,Active
EMP-004211,LOC-0094,William Wilkins,IT,Supervisor,2025-04-15,Active
EMP-004212,LOC-0035,Erika Harris,Supply Chain,Operator,2025-10-31,Active
EMP-004213,LOC-0066,Ryan Hodge,Human Resources,Manager,2020-09-12,Active
EMP-004214,LOC-0054,John Gates,Operations,Engineer,2019-10-27,Active
EMP-004215,LOC-0005,Lisa Richardson,Production,Technician,2021-09-15,Active
EMP-004216,LOC-0030,Jennifer Ford,Sales,Analyst,2019-03-19,Active
EMP-004217,LOC-0005,Courtney Schultz,IT,Technician,2020-01-26,Active
EMP-004218,LOC-0035,Brandon Harris,Production,Engineer,2020-04-29,Active
EMP-004219,LOC-0079,Brian Parsons,Production,Operator,2019-01-07,Active
EMP-004220,LOC-0057,Julie Garza,Supply Chain,Analyst,2023-04-23,Active
EMP-004221,LOC-0097,Lisa Brown,Sales,Engineer,2020-04-03,Active
EMP-004222,LOC-0034,Eric Wright,Maintenance,Operator,2022-03-04,Active
EMP-004223,LOC-0075,Tina Freeman,Production,Manager,2019-08-05,Active
EMP-004224,LOC-0015,Jeff Harris,IT,Operator,2022-08-07,Active
EMP-004225,LOC-0077,Christopher Turner,Human Resources,Supervisor,2024-02-12,Active
EMP-004226,LOC-0038,Kim Chandler,IT,Operator,2021-06-04,Inactive
EMP-004227,LOC-0043,Tina Harris,Human Resources,Supervisor,2021-12-19,Active
EMP-004228,LOC-0026,Lee Mcfarland,Production,Coordinator,2019-05-08,Active
EMP-004229,LOC-0081,Timothy Collier,Production,Manager,2024-07-20,Active
EMP-004230,LOC-0044,Guy Miller,Human Resources,Coordinator,2021-07-07,Active
EMP-004231,LOC-0083,James Davenport,IT,Coordinator,2023-10-27,Active
EMP-004232,LOC-0010,Raymond Green,Production,Operator,2023-08-20,Active
EMP-004233,LOC-0002,Misty Williams MD,Production,Supervisor,2022-02-14,Active
EMP-004234,LOC-0097,Dr. Amy Richardson,Operations,Analyst,2020-03-28,Active
EMP-004236,LOC-0038,Amanda Campbell,Finance,Operator,2023-11-19,Active
EMP-004237,LOC-0006,Alexander Aguilar,Human Resources,Engineer,2020-10-03,Active
EMP-004238,LOC-0096,Luke Clark,Maintenance,Operator,2024-08-11,Active
EMP-004239,LOC-0054,Victoria Davis,Finance,Coordinator,2023-05-17,Active
EMP-004240,LOC-0063,Matthew Howard,Supply Chain,Coordinator,2025-10-31,Active
EMP-004241,LOC-0013,John Ochoa,Operations,Analyst,2019-07-30,Active
EMP-004242,LOC-0093,John Miranda,Operations,Operator,2023-02-02,Active
EMP-004243,LOC-0065,Todd Lucas,Sales,Coordinator,2022-12-15,Active
EMP-004244,LOC-0011,Brittany Wright,IT,Technician,2023-04-16,Active
EMP-004245,LOC-0092,Jasmine Russo,Maintenance,Supervisor,2023-10-23,Active
EMP-004246,LOC-0077,Lisa Cummings,Human Resources,Specialist,2024-12-07,Active
EMP-004247,LOC-0087,Tina Sheppard,Finance,Supervisor,2022-06-15,Inactive
EMP-004248,LOC-0039,Amber Lewis,Operations,Operator,2024-10-05,Active
EMP-004249,LOC-0003,Randy Russo,Supply Chain,Technician,2019-04-02,Active
EMP-004250,LOC-0084,Stephanie Jones,Supply Chain,Coordinator,2025-12-09,Active
EMP-004251,LOC-0098,Rebecca Moreno,Production,Specialist,2020-03-30,Active
EMP-004252,LOC-0026,Mary Leach,Production,Specialist,2022-07-31,Active
EMP-004253,LOC-0082,Joseph Gould,IT,Engineer,2020-11-21,Active
EMP-004254,LOC-0071,Timothy Miller,Operations,Specialist,2022-09-04,Active
EMP-004255,LOC-0003,Megan Perez,Production,Engineer,2021-03-30,Active
EMP-004256,LOC-0082,Robert Thompson,Sales,Specialist,2019-02-09,Inactive
EMP-004257,LOC-0015,Glen Manning,Operations,Technician,2022-12-28,Active
EMP-004258,LOC-0053,Kelly Gordon,Production,Supervisor,2019-07-11,Active
EMP-004259,LOC-0094,Sheri Nolan,Sales,Analyst,2020-11-06,Active
EMP-004260,LOC-0097,Adam Perez,IT,Supervisor,2025-11-04,Active
EMP-004261,LOC-0011,Valerie Taylor,Supply Chain,Manager,2022-08-17,Active
EMP-004262,LOC-0026,Jeffrey Johnson,IT,Engineer,2022-09-02,Active
EMP-004263,LOC-0034,David Oliver,Operations,Supervisor,2021-05-19,Active
EMP-004264,LOC-0045,Jesse Little,Supply Chain,Technician,2024-01-17,Active
EMP-004265,LOC-0063,Randy Gregory,Operations,Manager,2024-12-29,Active
EMP-004266,LOC-0089,Jason Scott,Sales,Supervisor,2020-07-02,Active
EMP-004267,LOC-0050,Alexandra Alvarez,Operations,Specialist,2025-09-29,Active
EMP-004268,LOC-0035,Brandon Contreras,IT,Specialist,2022-03-11,Active
EMP-004269,LOC-0069,David Murphy,Human Resources,Analyst,2021-08-23,Active
EMP-004270,LOC-0085,Dr. Gabriella Mckee,IT,Supervisor,2022-05-25,Active
EMP-004271,LOC-0041,Elizabeth Wall,Human Resources,Analyst,2019-02-20,Active
EMP-004272,LOC-0060,Theresa Bridges,Supply Chain,Operator,2020-12-16,Active
EMP-004273,LOC-0053,Lauren Wolfe,IT,Engineer,2021-09-07,Active
EMP-004274,LOC-0062,Edwin Rodriguez,Production,Engineer,2023-05-31,Active
EMP-004275,LOC-0078,Adam Contreras,Maintenance,Manager,2022-05-09,Active
EMP-004276,LOC-0038,Shane Palmer,IT,Analyst,2020-06-16,Active
EMP-004277,LOC-0014,Leah Johnson,Operations,Specialist,2021-02-02,Inactive
EMP-004278,LOC-0025,Cristian Navarro,Production,Supervisor,2019-08-13,Active
EMP-004279,LOC-0047,Sandra Mack,Maintenance,Coordinator,2022-11-27,Active
EMP-004280,LOC-0063,Jordan Booth,Operations,Engineer,2023-06-25,Active
EMP-004281,LOC-0034,Zachary Nielsen,Production,Analyst,2022-03-10,Active
EMP-004282,LOC-0035,Chelsea Lopez DVM,Operations,Supervisor,2024-07-07,Active
EMP-004283,LOC-0035,Patrick Allen,IT,Analyst,2019-03-26,Active
EMP-004284,LOC-0024,Diana Perkins,Operations,Coordinator,2023-02-02,Active
EMP-004285,LOC-0019,Jennifer Gaines,IT,Coordinator,2023-02-16,Active
EMP-004286,LOC-0043,Michael Curtis,Human Resources,Technician,2020-04-07,Active
EMP-004287,LOC-0098,Susan Farmer,Production,Operator,2019-08-08,Active
EMP-004288,LOC-0075,Sarah Swanson,Production,Technician,2023-02-11,Active
EMP-004289,LOC-0036,Dr. Heather Long,Human Resources,Specialist,2022-09-30,Active
EMP-004290,LOC-0070,Hannah King,Production,Analyst,2024-05-14,Active
EMP-004291,LOC-0096,Kayla Dixon,Operations,Engineer,2023-09-14,Active
EMP-004292,LOC-0066,Jeffrey Barker,Maintenance,Engineer,2022-01-21,Active
EMP-004293,LOC-0039,Elizabeth Russell,Human Resources,Manager,2021-10-11,Active
EMP-004294,LOC-0054,Jordan Mcdonald,Sales,Analyst,2023-11-01,Active
EMP-004295,LOC-0055,Abigail Franco,Sales,Specialist,2022-10-07,Active
EMP-004296,LOC-0079,Annette Wright,Production,Specialist,2019-01-26,Active
EMP-004297,LOC-0077,Tammy Stewart,Operations,Specialist,2023-02-13,Active
EMP-004298,LOC-0091,Brittany Robinson,Maintenance,Operator,2024-12-08,Active
EMP-004299,LOC-0035,Robert Morrison,Production,Manager,2025-01-08,Active
EMP-004300,LOC-0058,Alexander Alvarez,Operations,Engineer,2023-12-05,Active
EMP-004301,LOC-0014,Tammy Hansen,Finance,Specialist,2021-08-12,Active
EMP-004302,LOC-0078,Thomas Murray,Supply Chain,Operator,2025-11-22,Active
EMP-004303,LOC-0086,Laura Martinez,Production,Supervisor,2023-02-17,Active
EMP-004304,LOC-0088,Scott Campbell,Supply Chain,Engineer,2019-05-07,Active
EMP-004305,LOC-0061,Jacob Phillips,Supply Chain,Analyst,2025-02-10,Active
EMP-004306,LOC-0035,Samuel Ruiz,Sales,Operator,2019-01-06,Inactive
EMP-004307,LOC-0055,Aaron Garcia,Maintenance,Analyst,2021-11-14,Active
EMP-004308,LOC-0076,Alicia Sanchez,Finance,Coordinator,2022-11-25,Active
EMP-004309,LOC-0081,Christopher Smith,Production,Manager,2019-03-25,Active
EMP-004310,LOC-0079,Brian Ward,IT,Engineer,2025-04-20,Active
EMP-004311,LOC-0020,Melissa Calhoun,Maintenance,Specialist,2021-08-26,Active
EMP-004312,LOC-0046,Ms. Loretta Taylor,IT,Manager,2022-05-19,Active
EMP-004313,LOC-0088,Justin Estrada,Human Resources,Manager,2020-07-21,Active
EMP-004314,LOC-0060,Jeffrey Ramos,Supply Chain,Analyst,2020-07-07,Active
EMP-004315,LOC-0088,Ryan Figueroa,Supply Chain,Coordinator,2020-08-27,Active
EMP-004316,LOC-0030,Adrian Poole,Maintenance,Engineer,2023-04-27,Active
EMP-004317,LOC-0006,Amanda Nelson,Production,Coordinator,2025-06-08,Active
EMP-004318,LOC-0056,Ashley Graves,Sales,Supervisor,2023-06-09,Active
EMP-004319,LOC-0036,Gail Roberts,Operations,Analyst,2024-01-18,Active
EMP-004320,LOC-0094,Deborah Charles,Supply Chain,Engineer,2021-07-19,Active
EMP-004321,LOC-0062,Megan Watkins,Supply Chain,Supervisor,2023-07-24,Inactive
EMP-004322,LOC-0005,Melanie Lopez,Finance,Operator,2022-11-13,Active
EMP-004323,LOC-0030,Bailey Sharp,Operations,Operator,2020-02-06,Inactive
EMP-004324,LOC-0068,Patricia Moore,Supply Chain,Specialist,2019-01-03,Active
EMP-004325,LOC-0056,Tonya Hughes,Operations,Technician,2019-12-13,Active
EMP-004326,LOC-0040,William Gibson,Production,Analyst,2020-02-08,Active
EMP-004327,LOC-0094,Richard Neal,Production,Engineer,2019-11-22,Inactive
EMP-004328,LOC-0008,Sara Bailey,Production,Supervisor,2021-02-10,Active
EMP-004329,LOC-0060,Michelle York,Production,Engineer,2024-09-29,Active
EMP-004330,LOC-0058,Mackenzie Smith,Maintenance,Specialist,2019-11-06,Active
EMP-004331,LOC-0040,William Carr,Operations,Manager,2021-02-06,Active
EMP-004332,LOC-0057,Krista Mcneil,IT,Manager,2021-08-17,Active
EMP-004333,LOC-0075,Thomas Gallagher,Operations,Operator,2022-03-31,Active
EMP-004334,LOC-0058,Lisa Mcbride,Operations,Engineer,2020-01-14,Active
EMP-004335,LOC-0036,Thomas Gaines,Human Resources,Operator,2023-12-20,Inactive
EMP-004336,LOC-0018,Sydney Poole,Production,Manager,2024-08-29,Active
EMP-004337,LOC-0035,Leslie Gonzales,IT,Coordinator,2025-04-30,Active
EMP-004339,LOC-0057,Matthew Ware,Supply Chain,Specialist,2022-12-31,Active
EMP-004340,LOC-0057,Amy Kim,Production,Engineer,2023-09-07,Active
EMP-004341,LOC-0009,Calvin Bowers,Human Resources,Supervisor,2022-02-14,Active
EMP-004342,LOC-0010,Elaine Salas,IT,Analyst,2020-12-07,Inactive
EMP-004343,LOC-0068,Jennifer Peters,IT,Manager,2025-12-30,Active
EMP-004344,LOC-0066,Kimberly Glover,Operations,Manager,2025-06-18,Active
EMP-004345,LOC-0069,Monica Juarez,Production,Manager,2023-02-02,Active
EMP-004346,LOC-0083,Debbie Mendoza,Production,Technician,2022-07-16,Active
EMP-004347,LOC-0050,Andrew Weber,Human Resources,Coordinator,2021-06-21,Inactive
EMP-004348,LOC-0056,Glenn Maynard,Human Resources,Analyst,2020-07-03,Active
EMP-004349,LOC-0065,Bruce Brown,Human Resources,Analyst,2022-08-03,Active
EMP-004350,LOC-0072,Paul Nguyen,Operations,Technician,2023-06-15,Active
EMP-004351,LOC-0057,Jeffrey Hernandez,Supply Chain,Manager,2020-07-29,Inactive
EMP-004352,LOC-0061,Chad Gomez,Operations,Technician,2024-08-08,Active
EMP-004353,LOC-0046,Deanna Duncan,Operations,Supervisor,2023-12-20,Inactive
EMP-004354,LOC-0059,Kimberly King,Production,Manager,2025-04-11,Active
EMP-004355,LOC-0093,Michelle Pierce,Maintenance,Analyst,2019-12-23,Active
EMP-004356,LOC-0021,Kenneth Andrews,Operations,Technician,2025-12-11,Active
EMP-004357,LOC-0100,Christopher Smith,Operations,Supervisor,2019-01-19,Active
EMP-004358,LOC-0018,Gary Thompson,Sales,Engineer,2024-11-08,Active
EMP-004359,LOC-0087,Michael Hill,Production,Engineer,2019-08-24,Active
EMP-004360,LOC-0045,Michael Reeves,Human Resources,Analyst,2019-11-20,Active
EMP-004361,LOC-0023,Austin Foster,Operations,Engineer,2023-12-30,Active
EMP-004362,LOC-0080,Ruben Mendoza,Finance,Operator,2025-07-02,Active
EMP-004363,LOC-0037,Katrina Clark,Production,Manager,2022-02-17,Active
EMP-004364,LOC-0031,Elizabeth Elliott,Production,Specialist,2024-02-26,Active
EMP-004365,LOC-0087,Paul Baker,IT,Manager,2022-09-28,Active
EMP-004366,LOC-0060,Terry Miller,Production,Coordinator,2022-09-10,Active
EMP-004367,LOC-0086,Lauren White,Production,Analyst,2024-02-15,Active
EMP-004368,LOC-0025,Jared Rodriguez,IT,Specialist,2023-08-16,Active
EMP-004369,LOC-0018,Austin Maxwell,Production,Engineer,2023-09-11,Active
EMP-004370,LOC-0035,Matthew Barrett,IT,Specialist,2019-09-18,Active
EMP-004371,LOC-0097,Ashlee Green,Production,Analyst,2025-04-06,Active
EMP-004372,LOC-0013,Cody Melton,Production,Operator,2020-06-13,Active
EMP-004373,LOC-0095,Donna Dixon,Operations,Operator,2023-02-11,Active
EMP-004374,LOC-0039,Lawrence Elliott,Maintenance,Operator,2024-07-25,Active
EMP-004375,LOC-0018,Pamela Wilson,Production,Specialist,2023-02-14,Active
EMP-004376,LOC-0058,Melissa White,Maintenance,Coordinator,2020-11-01,Active
EMP-004378,LOC-0037,Joshua Mccoy,IT,Supervisor,2023-06-03,Active
EMP-004379,LOC-0003,John Garcia,Production,Analyst,2023-06-28,Active
EMP-004380,LOC-0071,Donna Cook,Production,Engineer,2020-11-01,Active
EMP-004381,LOC-0074,Howard Lawrence,IT,Analyst,2025-03-01,Active
EMP-004382,LOC-0085,Victor Gilbert,Operations,Coordinator,2024-08-16,Active
EMP-004383,LOC-0087,Veronica Diaz,Production,Specialist,2024-03-31,Active
EMP-004384,LOC-0008,John Brown,Production,Operator,2020-01-05,Active
EMP-004385,LOC-0012,Amy Novak,Supply Chain,Analyst,2020-01-18,Active
EMP-004386,LOC-0087,Christy Smith,Human Resources,Specialist,2025-05-01,Active
EMP-004387,LOC-0072,Lance Vega,Supply Chain,Operator,2019-11-26,Active
EMP-004388,LOC-0053,Michael Nguyen,Finance,Manager,2025-12-22,Active
EMP-004389,LOC-0018,Micheal Spencer,Human Resources,Supervisor,2020-05-27,Active
EMP-004390,LOC-0076,Jennifer Haney,Operations,Supervisor,2019-05-31,Inactive
EMP-004391,LOC-0041,Andrew Brooks,IT,Coordinator,2025-11-03,Active
EMP-004392,LOC-0010,James Wagner,IT,Coordinator,2023-01-28,Active
EMP-004393,LOC-0032,Brenda Nash,Maintenance,Coordinator,2025-05-16,Active
EMP-004394,LOC-0093,Jessica Stewart,Operations,Analyst,2020-01-16,Active
EMP-004395,LOC-0078,Erika Hunter,Sales,Analyst,2019-02-18,Active
EMP-004396,LOC-0055,Taylor Evans,Maintenance,Supervisor,2024-05-17,Active
EMP-004397,LOC-0009,Cheyenne Carson,Operations,Coordinator,2023-09-24,Active
EMP-004398,LOC-0028,Kim Dixon,Operations,Operator,2021-01-31,Active
EMP-004399,LOC-0043,Benjamin Martin,IT,Analyst,2022-04-25,Active
EMP-004400,LOC-0083,Kara Brown,Production,Engineer,2025-07-22,Active
EMP-004402,LOC-0084,Angela Miller,Production,Analyst,2021-09-12,Active
EMP-004403,LOC-0045,Russell Garcia,Operations,Operator,2022-07-30,Active
EMP-004404,LOC-0014,Mary Edwards,Production,Supervisor,2025-05-03,Active
EMP-004405,LOC-0019,Jeffrey Clark,Production,Supervisor,2024-04-17,Active
EMP-004406,LOC-0099,Cathy Valdez,Supply Chain,Technician,2020-06-12,Active
EMP-004407,LOC-0048,Brandon Carrillo,Production,Manager,2020-04-29,Active
EMP-004408,LOC-0021,Karen Davis,Supply Chain,Coordinator,2019-04-16,Active
EMP-004409,LOC-0022,Melvin Dixon,Finance,Analyst,2020-04-12,Active
EMP-004410,LOC-0099,Jeremy Martin,Production,Engineer,2024-01-28,Active
EMP-004411,LOC-0002,Michelle Kim,Operations,Analyst,2021-06-26,Active
EMP-004412,LOC-0006,Mrs. Donna Jarvis,IT,Coordinator,2022-08-19,Active
EMP-004413,LOC-0012,Karen Williams,Production,Analyst,2024-09-01,Inactive
EMP-004414,LOC-0020,Andrew Sutton,IT,Coordinator,2022-07-21,Active
EMP-004415,LOC-0091,Monica Avery,Production,Supervisor,2021-06-25,Active
EMP-004416,LOC-0096,Jacob Turner,Maintenance,Specialist,2025-12-13,Active
EMP-004417,LOC-0022,Marvin Franklin,Sales,Manager,2023-11-23,Active
EMP-004418,LOC-0028,Nicholas Gates,Operations,Specialist,2024-06-27,Active
EMP-004420,LOC-0071,Michelle Stein,Maintenance,Coordinator,2024-08-31,Active
EMP-004421,LOC-0037,Thomas Conley,Operations,Technician,2023-01-06,Active
EMP-004422,LOC-0066,Robert Gray,Sales,Engineer,2023-06-19,Active
EMP-004423,LOC-0059,Jason Adkins,Operations,Coordinator,2019-03-16,Active
EMP-004424,LOC-0031,Hailey Cole,Maintenance,Specialist,2024-06-18,Active
EMP-004425,LOC-0026,Deborah Johnson,Production,Manager,2022-02-06,Active
EMP-004426,LOC-0073,Suzanne Boyd,Supply Chain,Analyst,2021-06-26,Active
EMP-004427,LOC-0078,David Johnson,Supply Chain,Operator,2024-05-18,Active
EMP-004429,LOC-0030,Paige Warren,Operations,Specialist,2025-11-22,Active
EMP-004430,LOC-0094,Kimberly Craig,Operations,Analyst,2023-10-09,Active
EMP-004431,LOC-0038,Anthony Rivera,Maintenance,Technician,2022-06-20,Active
EMP-004432,LOC-0066,Sharon Johnson,Maintenance,Supervisor,2023-03-26,Active
EMP-004433,LOC-0066,Chloe Morgan,IT,Manager,2025-02-21,Active
EMP-004434,LOC-0001,Jane Townsend,Maintenance,Coordinator,2025-06-15,Active
EMP-004436,LOC-0079,Andrew Wells,Operations,Engineer,2020-11-30,Active
EMP-004437,LOC-0096,Mark Juarez,Production,Technician,2021-12-16,Active
EMP-004438,LOC-0031,Michael Oneill,Production,Coordinator,2022-08-12,Inactive
EMP-004439,LOC-0020,Alyssa Sellers,Production,Specialist,2020-02-20,Inactive
EMP-004440,LOC-0094,Scott Serrano,Operations,Operator,2020-05-14,Active
EMP-004441,LOC-0077,Debra Deleon,Human Resources,Supervisor,2024-12-16,Active
EMP-004442,LOC-0042,Scott Farmer,Operations,Technician,2024-06-18,Active
EMP-004443,LOC-0054,Christopher Hodge,Supply Chain,Specialist,2019-05-24,Active
EMP-004444,LOC-0042,Deborah Klein,IT,Supervisor,2022-07-27,Inactive
EMP-004445,LOC-0099,Michelle Warner,Finance,Operator,2025-05-22,Active
EMP-004446,LOC-0094,Mr. Barry Rivera Jr.,Supply Chain,Analyst,2024-05-13,Active
EMP-004447,LOC-0043,Patricia Williams,Operations,Analyst,2021-06-23,Active
EMP-004448,LOC-0051,Roger Kelly,IT,Analyst,2025-08-01,Active
EMP-004449,LOC-0083,Joseph Sullivan,Operations,Engineer,2023-04-21,Active
EMP-004451,LOC-0041,Lori Goodman,IT,Manager,2025-01-14,Active
EMP-004452,LOC-0041,Crystal Hatfield,IT,Engineer,2019-11-03,Active
EMP-004454,LOC-0043,Carmen Bridges,Finance,Supervisor,2025-09-06,Active
EMP-004455,LOC-0041,Christopher Hughes,Finance,Supervisor,2019-12-13,Active
EMP-004456,LOC-0073,Danny Nguyen,Operations,Technician,2021-11-10,Active
EMP-004457,LOC-0064,Brian Johnson,IT,Engineer,2020-03-21,Active
EMP-004458,LOC-0067,Brandy Miller,Production,Engineer,2022-03-15,Active
EMP-004459,LOC-0024,Christopher Thomas,Production,Manager,2023-01-29,Active
EMP-004460,LOC-0058,Ashley Ellis,Operations,Engineer,2024-01-28,Active
EMP-004461,LOC-0021,George Reyes,Sales,Supervisor,2020-09-29,Active
EMP-004462,LOC-0094,Jesse Carlson,Maintenance,Supervisor,2023-10-03,Active
EMP-004463,LOC-0002,Anthony Mercado DVM,IT,Supervisor,2023-02-18,Active
EMP-004464,LOC-0085,Jean Galloway,Human Resources,Technician,2021-09-10,Active
EMP-004465,LOC-0041,Sandra Diaz,Production,Technician,2024-08-14,Active
EMP-004466,LOC-0090,Mr. Christopher Turner,Sales,Operator,2023-01-02,Active
EMP-004467,LOC-0096,Ruth Flores,Operations,Specialist,2020-09-25,Active
EMP-004468,LOC-0026,Karen Acosta,Sales,Operator,2020-08-26,Active
EMP-004469,LOC-0048,Michael George,Sales,Specialist,2020-04-21,Active
EMP-004470,LOC-0027,Melinda Fowler,Production,Technician,2025-10-13,Active
EMP-004471,LOC-0095,Richard Swanson,Production,Engineer,2019-01-28,Active
EMP-004472,LOC-0097,Mark Foster,Operations,Specialist,2023-02-21,Active
EMP-004473,LOC-0054,Christopher Bryant,Maintenance,Manager,2023-12-16,Active
EMP-004474,LOC-0100,Alexandra Krueger,Operations,Specialist,2022-02-14,Active
EMP-004475,LOC-0093,Alexander Wright,Production,Specialist,2022-09-03,Active
EMP-004476,LOC-0015,Erica Faulkner,Supply Chain,Operator,2024-12-12,Active
EMP-004477,LOC-0065,Benjamin Bishop,Finance,Engineer,2020-02-04,Active
EMP-004478,LOC-0059,Brianna Wagner,Supply Chain,Supervisor,2023-09-08,Active
EMP-004479,LOC-0046,Laura Collins,Operations,Engineer,2019-04-29,Active
EMP-004480,LOC-0035,Julie Smith,IT,Manager,2023-07-24,Active
EMP-004481,LOC-0071,Alicia Tucker,Maintenance,Analyst,2022-10-11,Active
EMP-004482,LOC-0032,Kristi Jenkins,IT,Coordinator,2022-04-21,Inactive
EMP-004483,LOC-0088,Arthur Coleman,Operations,Engineer,2025-05-18,Active
EMP-004484,LOC-0058,Shelby Juarez,Sales,Engineer,2024-05-17,Active
EMP-004485,LOC-0061,Anthony James,Human Resources,Specialist,2022-11-18,Active
EMP-004486,LOC-0012,Tiffany Nelson,Production,Operator,2019-11-30,Active
EMP-004487,LOC-0005,Janet Roberts,Operations,Operator,2023-10-05,Active
EMP-004488,LOC-0039,Brenda Arellano,Maintenance,Analyst,2022-11-18,Active
EMP-004489,LOC-0044,Cory Williams,Operations,Coordinator,2025-03-19,Active
EMP-004490,LOC-0072,Sharon Barton,Supply Chain,Specialist,2023-10-14,Active
EMP-004491,LOC-0022,Shaun Navarro,Finance,Technician,2019-08-25,Active
EMP-004493,LOC-0002,Tyler Myers,Finance,Manager,2023-01-08,Active
EMP-004494,LOC-0096,Christopher Levy,Operations,Coordinator,2021-07-20,Active
EMP-004495,LOC-0016,John Cohen,Production,Operator,2020-11-15,Active
EMP-004496,LOC-0066,Margaret Porter,Operations,Analyst,2019-07-02,Active
EMP-004497,LOC-0062,Tyler Campbell,Operations,Engineer,2023-02-15,Active
EMP-004498,LOC-0056,Aaron Hill,Operations,Technician,2021-10-30,Active
EMP-004499,LOC-0051,Tammy Greene,Operations,Supervisor,2023-03-10,Active
EMP-004500,LOC-0078,Debra Gonzalez,IT,Technician,2025-04-19,Active
EMP-004501,LOC-0056,Dr. Angela Mitchell,Supply Chain,Coordinator,2023-08-07,Active
EMP-004502,LOC-0035,Judy Henry,Finance,Specialist,2019-02-19,Active
EMP-004503,LOC-0090,Karen Johnson,Operations,Analyst,2021-04-16,Active
EMP-004504,LOC-0009,Stephanie Gaines,Operations,Manager,2025-07-13,Inactive
EMP-004505,LOC-0024,James Hunt,Human Resources,Coordinator,2020-12-02,Active
EMP-004506,LOC-0051,James Allen,Production,Engineer,2025-03-12,Active
EMP-004507,LOC-0018,Kimberly Davis,IT,Analyst,2021-11-27,Active
EMP-004508,LOC-0037,Curtis Harris,Production,Engineer,2022-02-27,Active
EMP-004509,LOC-0084,Brandon Bell,Operations,Manager,2019-05-13,Active
EMP-004510,LOC-0024,Mary Russell,IT,Coordinator,2020-01-02,Active
EMP-004511,LOC-0046,Stephen Fields,IT,Supervisor,2019-03-22,Active
EMP-004512,LOC-0036,Richard Hawkins,Production,Coordinator,2023-04-28,Active
EMP-004513,LOC-0061,Elijah Henry,Operations,Specialist,2021-11-16,Inactive
EMP-004514,LOC-0091,Selena King,Maintenance,Engineer,2021-07-28,Active
EMP-004515,LOC-0045,Alan Coleman,Human Resources,Manager,2025-01-22,Active
EMP-004516,LOC-0051,Sheila Ramirez,Sales,Operator,2025-11-18,Active
EMP-004517,LOC-0056,Donna Ellis,Production,Specialist,2019-05-16,Active
EMP-004518,LOC-0035,Aaron Wilson,Production,Manager,2022-05-29,Active
EMP-004519,LOC-0055,Carrie Kim,Operations,Operator,2020-05-27,Active
EMP-004520,LOC-0075,Penny Baker,IT,Engineer,2024-10-20,Active
EMP-004521,LOC-0057,Robert Maldonado,Operations,Operator,2022-05-06,Active
EMP-004522,LOC-0014,Stefanie Johns,Sales,Specialist,2022-01-11,Active
EMP-004523,LOC-0069,Kelly Mcdonald,Production,Operator,2020-11-15,Active
EMP-004524,LOC-0032,Morgan Baker,Operations,Operator,2025-08-20,Active
EMP-004525,LOC-0046,Steven Johnson,Operations,Specialist,2022-04-04,Active
EMP-004526,LOC-0043,Raymond Ramos,Human Resources,Coordinator,2025-12-17,Active
EMP-004527,LOC-0072,Nathan Salazar,Operations,Coordinator,2024-06-09,Active
EMP-004528,LOC-0050,Robert Buchanan,Maintenance,Manager,2022-04-14,Active
EMP-004529,LOC-0055,Justin Skinner,Production,Coordinator,2020-08-16,Active
EMP-004530,LOC-0056,Christopher Benton,Operations,Manager,2019-12-05,Inactive
EMP-004532,LOC-0069,William Montgomery,Production,Operator,2021-12-21,Active
EMP-004533,LOC-0002,Denise Brewer,Production,Operator,2023-12-01,Active
EMP-004535,LOC-0095,Daniel Becker,Human Resources,Engineer,2019-06-18,Active
EMP-004536,LOC-0024,Kathleen Alvarez,Human Resources,Operator,2024-10-06,Active
EMP-004537,LOC-0080,Rebecca Velez,Production,Supervisor,2019-05-23,Active
EMP-004538,LOC-0071,David Lopez,Human Resources,Engineer,2025-09-23,Active
EMP-004539,LOC-0042,Jeremiah Brown,IT,Operator,2020-06-15,Active
EMP-004540,LOC-0049,Lauren Floyd,IT,Manager,2024-06-25,Active
EMP-004541,LOC-0008,Angel Spencer,Supply Chain,Specialist,2024-11-18,Active
EMP-004542,LOC-0070,David Freeman,Sales,Manager,2023-12-23,Active
EMP-004543,LOC-0056,Matthew Lopez DVM,Operations,Specialist,2020-08-22,Active
EMP-004544,LOC-0035,Ashley Ortiz,Maintenance,Manager,2021-06-08,Active
EMP-004545,LOC-0020,Justin Reed,Operations,Analyst,2022-12-10,Active
EMP-004546,LOC-0020,Brian Chan,Operations,Specialist,2023-02-21,Active
EMP-004547,LOC-0025,Mr. Douglas Velazquez,Supply Chain,Analyst,2025-10-27,Active
EMP-004548,LOC-0079,Joshua Richardson,Production,Manager,2020-11-26,Active
EMP-004549,LOC-0041,Kendra Arroyo,Operations,Technician,2022-06-06,Active
EMP-004550,LOC-0019,Donna Miller,Maintenance,Supervisor,2025-07-06,Active
EMP-004551,LOC-0073,Christopher Hull III,Sales,Analyst,2020-04-01,Active
EMP-004552,LOC-0045,Gerald Romero,Human Resources,Engineer,2020-05-28,Active
EMP-004553,LOC-0014,Howard Carter,IT,Technician,2019-04-27,Active
EMP-004554,LOC-0075,Jacqueline Martin,Production,Coordinator,2023-04-11,Active
EMP-004555,LOC-0040,David White,Operations,Analyst,2023-09-21,Active
EMP-004556,LOC-0062,Jasmine Estrada,Production,Operator,2022-08-18,Active
EMP-004557,LOC-0056,Shannon Mcdaniel,Sales,Coordinator,2021-04-17,Active
EMP-004558,LOC-0011,Ethan Farmer,Production,Analyst,2024-05-09,Active
EMP-004559,LOC-0065,Ashley Hudson,Finance,Coordinator,2022-03-08,Active
EMP-004560,LOC-0058,Krista Hernandez,Finance,Specialist,2021-08-04,Active
EMP-004561,LOC-0012,Brian Shaw,Operations,Specialist,2023-05-11,Active
EMP-004562,LOC-0020,Steven Lewis,Maintenance,Specialist,2021-03-29,Active
EMP-004563,LOC-0027,Deborah Phillips,Production,Manager,2019-06-03,Active
EMP-004564,LOC-0095,Alexander Lopez,Production,Specialist,2020-05-15,Active
EMP-004565,LOC-0073,Phillip Torres,Human Resources,Coordinator,2023-01-11,Active
EMP-004566,LOC-0052,Melissa Fowler,Supply Chain,Operator,2022-02-15,Active
EMP-004567,LOC-0074,Joshua Martin,Operations,Technician,2025-04-29,Active
EMP-004568,LOC-0015,Michele Davis,Production,Analyst,2025-11-08,Active
EMP-004569,LOC-0008,Benjamin Finley,Production,Manager,2020-10-10,Active
EMP-004570,LOC-0096,Jason Reyes,Operations,Technician,2021-06-12,Active
EMP-004571,LOC-0077,Aaron Bridges,Operations,Supervisor,2024-03-01,Active
EMP-004572,LOC-0014,Kathryn Norman,Human Resources,Technician,2024-08-26,Active
EMP-004573,LOC-0031,Tina Mullins,Operations,Manager,2023-03-05,Active
EMP-004574,LOC-0057,Lisa Carpenter,Production,Supervisor,2019-11-06,Active
EMP-004575,LOC-0018,Maurice Ramirez,Production,Analyst,2022-12-23,Active
EMP-004576,LOC-0004,Nicholas Blanchard,Operations,Operator,2024-12-29,Active
EMP-004577,LOC-0092,Mrs. Sara Nguyen MD,Finance,Coordinator,2020-02-26,Active
EMP-004578,LOC-0052,James Carter,Sales,Specialist,2022-08-19,Active
EMP-004579,LOC-0100,Adam Morris,Operations,Analyst,2020-08-31,Active
EMP-004580,LOC-0087,Thomas Nelson,Production,Specialist,2023-07-25,Active
EMP-004581,LOC-0017,Natasha Turner,Operations,Technician,2020-04-04,Active
EMP-004582,LOC-0007,Victoria Zuniga,Production,Engineer,2020-08-11,Active
EMP-004583,LOC-0081,Joseph Coleman,Finance,Supervisor,2024-09-12,Inactive
EMP-004584,LOC-0089,Jim Campbell,Maintenance,Supervisor,2025-08-19,Active
EMP-004585,LOC-0015,Robin Fitzpatrick,IT,Coordinator,2025-08-02,Active
EMP-004586,LOC-0100,Christopher Hayes,Human Resources,Supervisor,2020-10-18,Active
EMP-004587,LOC-0012,Ricky Fritz,Operations,Analyst,2023-05-18,Active
EMP-004588,LOC-0003,Michael Fry,Maintenance,Coordinator,2023-01-15,Active
EMP-004589,LOC-0048,Ms. Alison Martin,Production,Operator,2020-08-24,Active
EMP-004590,LOC-0045,Gregory Butler Jr.,Supply Chain,Supervisor,2021-11-20,Active
EMP-004591,LOC-0030,Adam Smith,Sales,Supervisor,2025-10-26,Active
EMP-004592,LOC-0033,Benjamin Hughes,Supply Chain,Engineer,2020-09-12,Active
EMP-004593,LOC-0088,John Benton,Maintenance,Manager,2025-02-01,Active
EMP-004594,LOC-0098,Jordan Stevens,Operations,Engineer,2019-10-04,Active
EMP-004595,LOC-0087,Jessica Mitchell,Sales,Manager,2024-11-01,Active
EMP-004596,LOC-0023,Adrian Thomas,Finance,Manager,2020-04-16,Active
EMP-004597,LOC-0014,Tyler Stone,IT,Operator,2024-03-17,Active
EMP-004598,LOC-0093,Wayne Ellis,Maintenance,Operator,2024-11-17,Active
EMP-004599,LOC-0071,Katherine Haas,Maintenance,Manager,2019-03-04,Active
EMP-004600,LOC-0044,Lori Adams,Operations,Coordinator,2025-03-26,Active
EMP-004601,LOC-0019,Daryl Barnes,Supply Chain,Supervisor,2024-01-13,Active
EMP-004602,LOC-0039,Christina Wolfe,Finance,Coordinator,2022-09-26,Active
EMP-004603,LOC-0094,Kristina Tucker,Operations,Engineer,2023-05-09,Active
EMP-004604,LOC-0089,Samantha Carter,Supply Chain,Supervisor,2019-06-30,Active
EMP-004605,LOC-0057,Justin Mooney,Operations,Engineer,2019-07-21,Active
EMP-004607,LOC-0028,Juan Butler,Production,Specialist,2021-11-19,Active
EMP-004608,LOC-0014,Anna King,Supply Chain,Operator,2025-12-07,Active
EMP-004609,LOC-0014,Russell Williams,Operations,Coordinator,2024-02-13,Active
EMP-004610,LOC-0066,Katrina Bowman,Operations,Engineer,2023-01-01,Active
EMP-004611,LOC-0067,Robert Bailey,Supply Chain,Operator,2022-04-13,Active
EMP-004612,LOC-0034,Joel Khan,Operations,Specialist,2019-01-05,Active
EMP-004613,LOC-0046,Monica Weaver,Operations,Specialist,2020-01-27,Active
EMP-004614,LOC-0050,Crystal Young,Supply Chain,Specialist,2020-02-02,Active
EMP-004615,LOC-0031,Regina Smith,Production,Analyst,2025-06-15,Active
EMP-004616,LOC-0031,Cindy Johnson,Maintenance,Analyst,2020-06-06,Active
EMP-004617,LOC-0005,Adam Mcconnell,IT,Operator,2021-09-20,Active
EMP-004618,LOC-0081,Nathan Duncan,Supply Chain,Coordinator,2022-08-11,Active
EMP-004619,LOC-0075,Joann Roberts,Production,Analyst,2025-11-03,Active
EMP-004620,LOC-0078,Kathleen Francis,Sales,Analyst,2021-08-24,Active
EMP-004621,LOC-0024,Wayne Huff,IT,Analyst,2022-05-15,Inactive
EMP-004622,LOC-0052,Patricia Hicks DDS,Supply Chain,Specialist,2022-11-14,Active
EMP-004623,LOC-0037,Martin Marshall,Human Resources,Coordinator,2021-06-10,Active
EMP-004624,LOC-0007,Alison Wright,IT,Operator,2024-12-29,Active
EMP-004625,LOC-0034,Robert Alvarado,Operations,Manager,2021-10-24,Active
EMP-004626,LOC-0048,Adam Mason,Supply Chain,Analyst,2024-06-26,Active
EMP-004627,LOC-0046,Dana Carroll,Production,Specialist,2025-01-10,Active
EMP-004628,LOC-0068,Robert Carney,Sales,Operator,2022-08-14,Active
EMP-004629,LOC-0052,Barbara Jenkins,Human Resources,Engineer,2023-04-05,Active
EMP-004630,LOC-0027,Angela Perez,Operations,Analyst,2021-03-14,Active
EMP-004631,LOC-0042,Lisa Reid,Finance,Supervisor,2019-10-07,Active
EMP-004632,LOC-0044,Phillip Collins,Finance,Manager,2019-05-14,Active
EMP-004633,LOC-0003,John Daniel,Finance,Specialist,2022-12-06,Active
EMP-004634,LOC-0091,Alison Elliott,Operations,Operator,2025-12-13,Active
EMP-004635,LOC-0040,Mr. Daniel Hart,Production,Analyst,2023-10-14,Active
EMP-004636,LOC-0061,Mrs. Destiny Williams,Finance,Operator,2022-03-10,Active
EMP-004637,LOC-0005,Vanessa Ballard,Sales,Technician,2025-10-19,Active
EMP-004638,LOC-0037,Dr. Ronnie Roy,Human Resources,Engineer,2025-01-10,Active
EMP-004639,LOC-0017,Debbie Hughes,Production,Specialist,2024-05-29,Active
EMP-004640,LOC-0075,Carol Howard,Finance,Engineer,2021-11-02,Active
EMP-004641,LOC-0023,Caitlin Miller,Operations,Technician,2021-05-23,Active
EMP-004642,LOC-0027,Eric Callahan,Finance,Specialist,2021-09-25,Active
EMP-004643,LOC-0092,Rose Roberts,Production,Operator,2024-08-13,Active
EMP-004644,LOC-0032,Jamie Jackson,Sales,Analyst,2021-10-18,Active
EMP-004645,LOC-0091,Cynthia Reed,Human Resources,Engineer,2024-01-19,Active
EMP-004646,LOC-0014,Adam Hunt,Production,Operator,2022-06-20,Active
EMP-004647,LOC-0095,Kimberly Lee,Sales,Coordinator,2021-09-11,Active
EMP-004648,LOC-0025,Laura Cooper,Operations,Manager,2023-07-10,Active
EMP-004649,LOC-0016,Jennifer Robinson,Maintenance,Technician,2024-01-16,Active
EMP-004650,LOC-0083,Johnny Miller,IT,Coordinator,2022-09-13,Active
EMP-004651,LOC-0033,Garrett Riley,Human Resources,Coordinator,2022-07-14,Active
EMP-004652,LOC-0031,Joseph Bradford,Human Resources,Manager,2019-09-01,Active
EMP-004653,LOC-0036,Nicholas Garcia,Supply Chain,Supervisor,2025-08-25,Active
EMP-004654,LOC-0070,Hayley Harrington,Operations,Supervisor,2025-10-04,Active
EMP-004655,LOC-0021,Brian Arnold,Supply Chain,Specialist,2021-12-13,Active
EMP-004656,LOC-0086,Alexander Roth,Production,Engineer,2023-02-20,Active
EMP-004657,LOC-0030,Christopher Smith,Maintenance,Supervisor,2024-10-04,Active
EMP-004658,LOC-0089,Ian Meyer,Production,Supervisor,2023-04-20,Active
EMP-004659,LOC-0092,Sherry Cline DVM,Human Resources,Operator,2024-07-15,Active
EMP-004661,LOC-0041,Cynthia Rogers,Human Resources,Supervisor,2019-08-20,Active
EMP-004662,LOC-0012,Laura Maldonado,Finance,Operator,2019-09-22,Inactive
EMP-004663,LOC-0048,Cassie Foster,Production,Specialist,2022-07-12,Active
EMP-004664,LOC-0035,Kaitlin Cannon,Human Resources,Specialist,2022-03-14,Active
EMP-004665,LOC-0025,Allison Sherman,Operations,Coordinator,2023-03-15,Active
EMP-004666,LOC-0088,Brian Montgomery,Production,Technician,2021-10-16,Active
EMP-004667,LOC-0021,Joseph Huffman,Production,Specialist,2019-03-05,Active
EMP-004668,LOC-0097,Donna Berg,IT,Manager,2020-08-30,Active
EMP-004669,LOC-0008,Mark Clay,IT,Engineer,2023-10-19,Active
EMP-004670,LOC-0078,Morgan Bush,Operations,Technician,2023-06-26,Active
EMP-004671,LOC-0085,Monica Johnson,Finance,Engineer,2019-01-04,Active
EMP-004672,LOC-0005,Matthew Boyd,Sales,Technician,2024-04-16,Active
EMP-004673,LOC-0017,Heidi Ortega,Operations,Technician,2020-12-10,Active
EMP-004674,LOC-0098,Aaron Rodriguez,Finance,Technician,2019-11-01,Active
EMP-004676,LOC-0065,Valerie Alexander,Supply Chain,Operator,2024-12-13,Active
EMP-004677,LOC-0080,Casey Nichols,Production,Engineer,2020-08-13,Active
EMP-004678,LOC-0002,Michael Becker,Supply Chain,Supervisor,2024-03-21,Active
EMP-004679,LOC-0031,Diana Lloyd,Supply Chain,Operator,2020-01-15,Active
EMP-004680,LOC-0042,Marco Williams MD,Operations,Supervisor,2025-11-03,Active
EMP-004681,LOC-0071,Angela Silva,IT,Supervisor,2021-05-18,Active
EMP-004682,LOC-0067,Jose Johnson,Operations,Supervisor,2021-05-19,Active
EMP-004683,LOC-0059,Jessica Edwards,Operations,Supervisor,2024-01-25,Active
EMP-004684,LOC-0049,Dorothy Taylor,Production,Specialist,2023-06-03,Active
EMP-004685,LOC-0088,Christopher Taylor,Operations,Manager,2025-02-05,Active
EMP-004686,LOC-0093,Brett Salas,Production,Engineer,2020-05-06,Active
EMP-004687,LOC-0067,Michaela Durham,IT,Analyst,2025-01-12,Active
EMP-004688,LOC-0098,Lisa Robinson,Production,Coordinator,2024-04-01,Active
EMP-004689,LOC-0071,Robin Harris,Production,Coordinator,2021-02-16,Active
EMP-004690,LOC-0058,Colleen Morris,IT,Coordinator,2020-01-17,Inactive
EMP-004691,LOC-0001,Thomas Johnson,Production,Analyst,2025-12-18,Active
EMP-004692,LOC-0042,Bradley Moreno,IT,Supervisor,2024-02-20,Active
EMP-004693,LOC-0013,Diane Mitchell,Operations,Engineer,2022-12-08,Active
EMP-004694,LOC-0057,Samantha Perez,Production,Technician,2024-10-19,Active
EMP-004695,LOC-0075,Kelly Luna,Operations,Supervisor,2024-07-17,Active
EMP-004696,LOC-0056,Pamela Dunn,Production,Engineer,2022-05-25,Active
EMP-004697,LOC-0084,Lance Tucker,Operations,Supervisor,2021-02-13,Inactive
EMP-004698,LOC-0045,Christian Johnston,Operations,Operator,2021-05-24,Active
EMP-004699,LOC-0037,Cheryl Benson,Operations,Analyst,2025-02-24,Active
EMP-004700,LOC-0081,Courtney Reyes,Production,Engineer,2025-11-06,Active
EMP-004701,LOC-0011,Carl Ferguson,Operations,Supervisor,2022-04-04,Active
EMP-004702,LOC-0034,Darren Zimmerman,IT,Engineer,2023-09-30,Active
EMP-004703,LOC-0047,Bonnie Tucker,Supply Chain,Engineer,2019-10-19,Active
EMP-004704,LOC-0088,Danielle Williams,Operations,Analyst,2022-06-18,Active
EMP-004705,LOC-0093,Kimberly Floyd,Operations,Engineer,2024-10-28,Active
EMP-004706,LOC-0086,Donald Sims,Human Resources,Operator,2022-12-19,Active
EMP-004707,LOC-0059,Heidi Horn,Operations,Specialist,2024-08-20,Active
EMP-004708,LOC-0095,Katherine Mitchell,Production,Specialist,2021-02-11,Active
EMP-004709,LOC-0018,Brian Lewis,Operations,Supervisor,2020-09-13,Active
EMP-004710,LOC-0015,John Smith,Operations,Supervisor,2024-05-11,Active
EMP-004711,LOC-0095,Richard Kane,Finance,Engineer,2023-07-15,Active
EMP-004712,LOC-0099,John Scott,Operations,Specialist,2020-07-09,Active
EMP-004713,LOC-0076,Paige Barnes,Production,Analyst,2020-04-08,Active
EMP-004714,LOC-0052,Jordan Brown,Production,Operator,2019-09-13,Active
EMP-004715,LOC-0077,Christian Sutton,Finance,Engineer,2019-10-13,Active
EMP-004716,LOC-0060,Kathryn Fuentes,Maintenance,Coordinator,2021-09-04,Active
EMP-004717,LOC-0021,Lauren Perry,IT,Coordinator,2025-07-20,Inactive
EMP-004718,LOC-0088,Aaron Watson,Supply Chain,Engineer,2020-07-27,Active
EMP-004719,LOC-0089,Leslie Wise,Supply Chain,Supervisor,2020-10-15,Inactive
EMP-004720,LOC-0055,Christopher Smith,Production,Supervisor,2023-09-30,Active
EMP-004721,LOC-0079,Terri Mcdonald,Human Resources,Manager,2022-07-25,Active
EMP-004722,LOC-0026,Amanda Mays,Operations,Supervisor,2019-01-01,Active
EMP-004723,LOC-0011,Chris Dillon,Supply Chain,Coordinator,2024-02-24,Active
EMP-004724,LOC-0016,Sandra Dawson,IT,Analyst,2022-01-31,Active
EMP-004725,LOC-0044,Jorge Perez,Production,Coordinator,2024-01-12,Active
EMP-004726,LOC-0017,Oscar Torres,Production,Specialist,2023-12-06,Active
EMP-004727,LOC-0048,Carl Best,Operations,Manager,2022-11-12,Active
EMP-004728,LOC-0055,Alicia Jones,Sales,Coordinator,2023-05-23,Active
EMP-004729,LOC-0027,Richard Morales,Maintenance,Operator,2024-08-18,Active
EMP-004730,LOC-0055,Hayden Garcia,Sales,Manager,2025-01-03,Active
EMP-004731,LOC-0100,Megan Perez,Maintenance,Coordinator,2022-07-20,Active
EMP-004732,LOC-0001,Michael Sexton,Maintenance,Engineer,2019-08-04,Active
EMP-004733,LOC-0099,Joseph Mcdowell,Production,Coordinator,2025-10-05,Active
EMP-004734,LOC-0018,Matthew Green,Production,Coordinator,2019-06-19,Active
EMP-004735,LOC-0072,Thomas Porter,Human Resources,Coordinator,2020-07-06,Active
EMP-004736,LOC-0096,Jennifer Waters,Maintenance,Engineer,2022-06-12,Active
EMP-004738,LOC-0075,Paul Wagner,Operations,Specialist,2021-08-08,Active
EMP-004739,LOC-0015,James Suarez,Maintenance,Specialist,2023-09-20,Active
EMP-004740,LOC-0099,Timothy Griffin,Finance,Specialist,2022-12-21,Active
EMP-004741,LOC-0094,Whitney Anderson,Production,Specialist,2021-10-17,Active
EMP-004742,LOC-0053,Kevin Yang Jr.,Operations,Specialist,2025-01-31,Active
EMP-004743,LOC-0046,Elizabeth Nunez,Maintenance,Specialist,2019-06-03,Active
EMP-004744,LOC-0064,Daniel Welch,Sales,Coordinator,2022-02-12,Active
EMP-004745,LOC-0051,Miss Jessica Griffin,Operations,Specialist,2019-06-07,Active
EMP-004746,LOC-0090,Erica Irwin,IT,Specialist,2022-12-18,Active
EMP-004747,LOC-0042,Laura Wyatt,Maintenance,Specialist,2020-09-03,Active
EMP-004748,LOC-0083,Katie Barr,Operations,Specialist,2021-12-11,Active
EMP-004749,LOC-0093,Jennifer Sullivan,Production,Manager,2020-03-10,Active
EMP-004750,LOC-0040,Jonathan Smith,Finance,Operator,2025-09-13,Active
EMP-004751,LOC-0007,James Huffman,Operations,Specialist,2025-05-10,Active
EMP-004752,LOC-0100,John Jones,Maintenance,Technician,2022-02-28,Active
EMP-004753,LOC-0054,Russell Meadows,Supply Chain,Manager,2023-01-27,Active
EMP-004754,LOC-0020,Shannon Green,Supply Chain,Technician,2020-07-24,Active
EMP-004755,LOC-0014,James Christian,Maintenance,Coordinator,2022-11-11,Active
EMP-004756,LOC-0050,Kevin Torres,Operations,Supervisor,2022-06-05,Active
EMP-004757,LOC-0010,Nicole Miller,IT,Engineer,2022-02-07,Active
EMP-004758,LOC-0095,Christopher Smith,Operations,Technician,2023-04-28,Active
EMP-004759,LOC-0032,Anthony Roberts,Operations,Manager,2025-07-25,Active
EMP-004760,LOC-0071,Kevin Pierce,Operations,Technician,2019-08-06,Active
EMP-004761,LOC-0012,Christine Campbell,Finance,Manager,2024-10-07,Inactive
EMP-004762,LOC-0009,Kathy Young,Supply Chain,Operator,2023-11-15,Active
EMP-004763,LOC-0003,Jasmine Garcia,Sales,Manager,2023-11-03,Active
EMP-004764,LOC-0025,Virginia Jensen,Production,Analyst,2022-03-17,Inactive
EMP-004765,LOC-0078,Carmen Hernandez,Operations,Coordinator,2019-05-10,Active
EMP-004766,LOC-0055,Mark Fisher,Production,Engineer,2025-10-20,Active
EMP-004767,LOC-0081,Michael Roberts,Operations,Engineer,2024-06-22,Active
EMP-004768,LOC-0062,Kimberly Rasmussen,Operations,Analyst,2021-09-28,Active
EMP-004769,LOC-0061,Sabrina Webb,Sales,Technician,2024-04-14,Active
EMP-004770,LOC-0080,Laura Bartlett,Maintenance,Analyst,2019-10-28,Active
EMP-004771,LOC-0031,Cathy Morrow,Operations,Operator,2022-05-23,Active
EMP-004772,LOC-0052,Erin Johnson,Operations,Coordinator,2023-03-20,Active
EMP-004773,LOC-0070,Robert Johnson,Production,Supervisor,2021-04-26,Active
EMP-004774,LOC-0007,Maria Harding,Supply Chain,Manager,2025-12-17,Active
EMP-004775,LOC-0065,Steven Villarreal,Human Resources,Technician,2022-06-01,Active
EMP-004776,LOC-0053,Teresa Thomas,Supply Chain,Supervisor,2020-08-06,Active
EMP-004777,LOC-0074,Teresa Hammond,Sales,Specialist,2022-06-22,Active
EMP-004778,LOC-0047,Ethan Abbott,Operations,Manager,2021-03-12,Active
EMP-004779,LOC-0001,Eric Smith,Production,Analyst,2021-01-06,Active
EMP-004780,LOC-0081,Makayla Davis,Operations,Engineer,2021-06-08,Active
EMP-004781,LOC-0007,Megan Page,Operations,Engineer,2025-08-23,Active
EMP-004782,LOC-0060,Amanda Payne,IT,Coordinator,2019-10-10,Active
EMP-004783,LOC-0007,Jonathan Mcclain,Maintenance,Supervisor,2025-06-14,Active
EMP-004784,LOC-0037,Jeffrey Hunter,Operations,Analyst,2025-03-14,Active
EMP-004785,LOC-0090,Elizabeth Jacobs,Production,Specialist,2025-06-27,Active
EMP-004786,LOC-0026,Nathaniel Jones,Operations,Manager,2024-10-10,Active
EMP-004787,LOC-0019,Christy Taylor,Production,Coordinator,2020-05-01,Active
EMP-004788,LOC-0055,John Stewart,Maintenance,Analyst,2025-08-05,Active
EMP-004789,LOC-0027,Gabriela Torres,Operations,Operator,2024-10-16,Active
EMP-004790,LOC-0037,Shannon David,Maintenance,Supervisor,2021-03-12,Active
EMP-004791,LOC-0071,Abigail Thornton,Maintenance,Coordinator,2020-06-28,Active
EMP-004792,LOC-0017,Teresa Hunt,Maintenance,Engineer,2025-07-10,Active
EMP-004793,LOC-0100,Carrie Garcia,Production,Manager,2024-01-20,Active
EMP-004794,LOC-0029,Timothy Novak,Supply Chain,Coordinator,2019-11-24,Active
EMP-004795,LOC-0040,Samantha Gutierrez,Sales,Operator,2025-08-25,Active
EMP-004796,LOC-0014,Tyler Martinez,Operations,Engineer,2025-01-15,Inactive
EMP-004797,LOC-0018,Kenneth Griffin,Production,Manager,2025-06-04,Active
EMP-004798,LOC-0047,Warren Shields,Production,Manager,2022-11-29,Active
EMP-004799,LOC-0030,Carl Morris,Operations,Manager,2020-05-20,Inactive
EMP-004800,LOC-0073,Sherry Burnett,Sales,Analyst,2023-08-06,Active
EMP-004801,LOC-0013,Yolanda Solis,Supply Chain,Specialist,2021-03-30,Active
EMP-004802,LOC-0065,Joel Smith,Operations,Operator,2019-01-28,Active
EMP-004803,LOC-0044,Patricia Brown,Finance,Analyst,2023-10-07,Active
EMP-004804,LOC-0077,Jonathan Johnson,Production,Operator,2023-07-08,Active
EMP-004805,LOC-0031,Suzanne Contreras,Production,Engineer,2023-11-03,Active
EMP-004806,LOC-0009,Kyle Howard,Operations,Coordinator,2020-04-18,Active
EMP-004807,LOC-0029,Jeremiah Willis DDS,Production,Coordinator,2023-06-15,Active
EMP-004808,LOC-0097,Sarah Logan,Production,Supervisor,2022-10-02,Active
EMP-004809,LOC-0003,Marie Jackson,Human Resources,Technician,2025-08-31,Active
EMP-004810,LOC-0093,Amber Morales,Operations,Engineer,2021-11-02,Active
EMP-004811,LOC-0031,Kathy Campbell,Human Resources,Engineer,2024-02-06,Active
EMP-004813,LOC-0047,Shannon Clarke,Production,Manager,2025-04-20,Active
EMP-004814,LOC-0029,James Neal,IT,Technician,2025-01-19,Inactive
EMP-004815,LOC-0029,Christina Carter,Sales,Technician,2023-05-01,Active
EMP-004816,LOC-0088,Cindy Reynolds,Maintenance,Operator,2024-08-22,Active
EMP-004817,LOC-0067,Rachel Kelly,Production,Technician,2021-07-08,Inactive
EMP-004818,LOC-0097,Lori Davis,Production,Engineer,2022-05-18,Active
EMP-004819,LOC-0074,Anna Hall,Production,Coordinator,2020-10-10,Active
EMP-004820,LOC-0048,Emily Watts,Supply Chain,Supervisor,2023-10-19,Active
EMP-004821,LOC-0093,Ronald Hill,Finance,Engineer,2020-12-22,Active
EMP-004822,LOC-0031,Jennifer Stafford,Human Resources,Specialist,2025-09-18,Active
EMP-004823,LOC-0014,Yolanda Hoover,Production,Analyst,2022-06-04,Inactive
EMP-004824,LOC-0078,Susan Bryant,Production,Specialist,2022-09-21,Active
EMP-004825,LOC-0038,William Boyd,Maintenance,Supervisor,2023-05-24,Active
EMP-004826,LOC-0039,Steven Logan,Operations,Coordinator,2024-11-04,Active
EMP-004827,LOC-0026,Willie Gray,Production,Coordinator,2022-02-13,Active
EMP-004828,LOC-0013,Carl Gordon,Sales,Coordinator,2021-03-26,Active
EMP-004829,LOC-0025,Leroy Mccall,Production,Operator,2019-07-15,Active
EMP-004830,LOC-0073,Wendy Vega,Production,Technician,2025-08-03,Active
EMP-004831,LOC-0084,Kyle Allen,Operations,Technician,2024-07-09,Active
EMP-004832,LOC-0073,David King,Production,Engineer,2020-06-19,Active
EMP-004833,LOC-0072,Danielle Miranda,Operations,Analyst,2020-08-25,Active
EMP-004834,LOC-0064,Christina Preston,Maintenance,Technician,2019-06-14,Active
EMP-004835,LOC-0049,Sylvia Jones,Finance,Engineer,2025-05-24,Active
EMP-004836,LOC-0028,Timothy Miranda,Operations,Coordinator,2020-06-27,Active
EMP-004837,LOC-0034,Gary Williams,Operations,Specialist,2025-01-18,Active
EMP-004838,LOC-0083,Robert Collins,IT,Specialist,2024-09-06,Active
EMP-004839,LOC-0060,Brandi Hebert,Maintenance,Specialist,2024-10-08,Active
EMP-004840,LOC-0089,Raymond Hughes,Production,Supervisor,2025-05-27,Inactive
EMP-004841,LOC-0034,Elizabeth Jackson,Operations,Supervisor,2025-04-09,Active
EMP-004842,LOC-0050,Christopher Willis,IT,Supervisor,2021-08-27,Active
EMP-004843,LOC-0011,Katie Williams,Production,Specialist,2021-04-25,Inactive
EMP-004844,LOC-0034,Jackson Kaiser,Supply Chain,Manager,2020-02-26,Active
EMP-004845,LOC-0083,Joseph Copeland,Finance,Manager,2019-08-27,Active
EMP-004846,LOC-0098,Carl Garrett,IT,Specialist,2019-05-17,Active
EMP-004847,LOC-0013,Megan Richardson,Maintenance,Manager,2019-01-30,Active
EMP-004848,LOC-0060,Chelsea Wagner,Maintenance,Manager,2020-07-02,Active
EMP-004849,LOC-0053,Jill Jensen,Operations,Supervisor,2023-05-21,Active
EMP-004850,LOC-0095,Jacqueline Alvarado,Sales,Operator,2023-12-08,Active
EMP-004851,LOC-0066,Timothy Chapman,Operations,Operator,2021-10-23,Active
EMP-004852,LOC-0028,Mr. David Phillips,Finance,Analyst,2024-08-03,Active
EMP-004853,LOC-0062,Christopher Smith,Operations,Specialist,2021-05-12,Active
EMP-004854,LOC-0009,Amanda Huber,Production,Analyst,2020-06-30,Active
EMP-004855,LOC-0038,Angela Medina,Supply Chain,Analyst,2022-04-10,Active
EMP-004856,LOC-0062,Garrett Olson,Finance,Analyst,2020-03-01,Active
EMP-004857,LOC-0001,Jennifer Hughes,Maintenance,Specialist,2024-10-15,Active
EMP-004858,LOC-0019,Joseph Fleming,Production,Operator,2020-02-04,Active
EMP-004859,LOC-0064,Kathleen Booker,Finance,Operator,2023-01-02,Active
EMP-004860,LOC-0038,Kristina Murphy,Finance,Manager,2020-04-22,Active
EMP-004861,LOC-0092,Mrs. Allison Jones,IT,Analyst,2019-02-22,Active
EMP-004862,LOC-0056,Joseph Thompson,Production,Operator,2019-10-23,Active
EMP-004864,LOC-0067,Peter Thomas,Finance,Technician,2020-06-18,Active
EMP-004865,LOC-0067,Diana Chambers,Finance,Supervisor,2020-07-20,Active
EMP-004866,LOC-0096,Shannon Howell,Operations,Supervisor,2023-07-16,Active
EMP-004867,LOC-0042,James Woods,IT,Manager,2020-04-30,Active
EMP-004868,LOC-0060,Samantha Parks,Supply Chain,Analyst,2020-09-11,Active
EMP-004869,LOC-0093,Frank Smith,Supply Chain,Engineer,2022-04-05,Active
EMP-004870,LOC-0008,Michael Randall,Operations,Supervisor,2020-10-06,Active
EMP-004871,LOC-0063,David Cooper,Operations,Specialist,2024-06-19,Active
EMP-004872,LOC-0026,Gina Mack,Production,Operator,2021-03-14,Active
EMP-004873,LOC-0048,Michael Kelly,Supply Chain,Engineer,2021-09-24,Active
EMP-004874,LOC-0081,Andre Kelly,Production,Manager,2023-01-29,Active
EMP-004875,LOC-0072,Jason Shaw,Production,Manager,2020-10-27,Active
EMP-004876,LOC-0054,Monica Russo,Finance,Operator,2022-11-03,Active
EMP-004877,LOC-0037,Michelle Johnson,Operations,Technician,2023-09-03,Active
EMP-004878,LOC-0035,Kirsten Fitzgerald,Operations,Analyst,2025-07-31,Active
EMP-004879,LOC-0057,Matthew Benson,Operations,Operator,2024-11-26,Active
EMP-004880,LOC-0099,Haley Carr,Maintenance,Specialist,2023-05-07,Active
EMP-004881,LOC-0001,Mckenzie Parker,Human Resources,Manager,2024-01-17,Active
EMP-004882,LOC-0027,Virginia Donovan,Sales,Engineer,2020-10-28,Active
EMP-004883,LOC-0059,Teresa Underwood,Maintenance,Engineer,2021-03-10,Active
EMP-004884,LOC-0028,Eric Mcconnell,Sales,Analyst,2020-06-20,Active
EMP-004885,LOC-0081,Michael Lynch,Production,Analyst,2023-03-07,Active
EMP-004886,LOC-0036,Gregory Jenkins,IT,Operator,2021-06-23,Active
EMP-004887,LOC-0050,Natasha Young,Human Resources,Manager,2021-02-15,Active
EMP-004888,LOC-0025,Jared Bell,IT,Manager,2025-11-14,Active
EMP-004889,LOC-0081,William Rodriguez,Operations,Specialist,2023-09-20,Active
EMP-004890,LOC-0047,Bruce Davis,Supply Chain,Analyst,2023-06-06,Active
EMP-004891,LOC-0047,Ashley Davis,Production,Operator,2022-04-26,Inactive
EMP-004892,LOC-0078,James Lee,Operations,Coordinator,2020-10-19,Active
EMP-004893,LOC-0071,Daniel Carpenter,IT,Technician,2025-05-07,Active
EMP-004894,LOC-0009,Krystal Mitchell,Operations,Technician,2019-11-27,Active
EMP-004895,LOC-0009,Robert Turner,Operations,Coordinator,2023-04-06,Active
EMP-004896,LOC-0096,Ana Lee,IT,Manager,2020-01-16,Active
EMP-004897,LOC-0030,Brooke Bush,Operations,Technician,2019-07-30,Active
EMP-004898,LOC-0096,Patricia Allen,Operations,Operator,2025-04-27,Active
EMP-004899,LOC-0007,Veronica Gardner,Supply Chain,Technician,2021-10-11,Active
EMP-004900,LOC-0073,George Harris,Supply Chain,Specialist,2022-08-29,Active
EMP-004901,LOC-0001,Sherry Galvan,Supply Chain,Supervisor,2022-12-22,Active
EMP-004902,LOC-0089,Michele Callahan,Maintenance,Supervisor,2021-10-25,Active
EMP-004903,LOC-0031,Nathan Lewis,Operations,Specialist,2021-08-29,Active
EMP-004904,LOC-0004,Anthony Johnson,Production,Specialist,2025-02-12,Active
EMP-004905,LOC-0030,Jesse Freeman,Finance,Specialist,2020-12-08,Active
EMP-004906,LOC-0042,Joshua Reed,Production,Coordinator,2024-03-23,Active
EMP-004907,LOC-0082,Meagan Torres,Operations,Manager,2025-06-11,Active
EMP-004908,LOC-0094,Valerie Neal,Production,Specialist,2025-03-12,Active
EMP-004909,LOC-0001,Matthew Brooks,Operations,Specialist,2024-11-15,Active
EMP-004910,LOC-0006,Larry Brown,Production,Coordinator,2020-04-02,Active
EMP-004911,LOC-0076,Caleb Hodges,Production,Manager,2023-02-08,Active
EMP-004912,LOC-0018,Luke White,Supply Chain,Coordinator,2022-07-07,Active
EMP-004913,LOC-0081,Jill Dawson,Finance,Analyst,2020-06-22,Active
EMP-004914,LOC-0056,Zachary Nolan,Supply Chain,Engineer,2021-01-29,Active
EMP-004915,LOC-0004,Michael King,Operations,Engineer,2020-03-01,Active
EMP-004916,LOC-0021,Ms. Stephanie Gillespie MD,Maintenance,Engineer,2023-05-04,Active
EMP-004917,LOC-0015,William Garcia,Operations,Technician,2023-11-09,Active
EMP-004918,LOC-0021,John Fitzpatrick,Production,Operator,2023-09-30,Active
EMP-004919,LOC-0051,William Parker,Finance,Analyst,2022-12-16,Active
EMP-004920,LOC-0042,Jason Barton,Production,Supervisor,2023-03-31,Active
EMP-004921,LOC-0005,Donna Edwards,IT,Supervisor,2022-12-29,Active
EMP-004922,LOC-0068,Karen Willis,IT,Specialist,2023-03-26,Active
EMP-004923,LOC-0024,Tanner Terry,Production,Engineer,2023-09-14,Active
EMP-004924,LOC-0015,Stephen Randall,Operations,Manager,2020-07-18,Active
EMP-004925,LOC-0003,Maria Kirby,Production,Specialist,2023-07-02,Inactive
EMP-004926,LOC-0053,Mary Moore,Supply Chain,Engineer,2022-03-14,Active
EMP-004927,LOC-0065,Jeremiah Wagner,Operations,Coordinator,2023-07-01,Active
EMP-004928,LOC-0046,John Powell,Operations,Analyst,2022-07-29,Active
EMP-004929,LOC-0006,Mary Burgess,Finance,Coordinator,2021-05-03,Active
EMP-004930,LOC-0032,Barbara Nelson,Production,Supervisor,2025-04-09,Active
EMP-004931,LOC-0098,Ariel Myers,Operations,Analyst,2025-12-12,Active
EMP-004932,LOC-0075,Sarah Bond,Maintenance,Analyst,2019-09-06,Active
EMP-004933,LOC-0071,Abigail Woodward,Finance,Operator,2024-10-19,Active
EMP-004934,LOC-0051,Brian Jones,Operations,Engineer,2021-04-08,Active
EMP-004935,LOC-0016,Francisco Savage,Production,Operator,2022-03-19,Active
EMP-004936,LOC-0053,Matthew Weaver,Operations,Analyst,2025-09-10,Active
EMP-004937,LOC-0007,Sonya Reyes,Operations,Supervisor,2021-10-28,Active
EMP-004938,LOC-0049,Mary Arnold,Production,Supervisor,2019-06-07,Active
EMP-004939,LOC-0052,Timothy Davidson MD,Maintenance,Analyst,2023-12-24,Active
EMP-004940,LOC-0022,Jennifer Ward MD,Production,Technician,2025-04-09,Active
EMP-004941,LOC-0063,Corey Martin,Sales,Engineer,2020-04-09,Active
EMP-004942,LOC-0048,Maureen Sullivan,Production,Coordinator,2019-03-02,Active
EMP-004943,LOC-0045,Lori Jones,Production,Specialist,2025-12-22,Active
EMP-004944,LOC-0005,Daniel Sanders,Operations,Engineer,2019-02-06,Active
EMP-004945,LOC-0053,Daniel Perry,Maintenance,Operator,2022-12-09,Inactive
EMP-004946,LOC-0039,Julie Moore,Operations,Supervisor,2024-07-03,Active
EMP-004947,LOC-0050,Erik Mitchell,Sales,Manager,2020-05-25,Active
EMP-004948,LOC-0020,Ryan Smith,Sales,Specialist,2024-02-20,Active
EMP-004949,LOC-0072,David Greer,Operations,Technician,2023-07-28,Active
EMP-004950,LOC-0067,Heather Lynch,Supply Chain,Technician,2023-04-14,Active
EMP-004951,LOC-0022,Eric Morgan,Production,Specialist,2025-10-27,Active
EMP-004952,LOC-0055,Erik Francis,Production,Specialist,2024-01-20,Active
EMP-004953,LOC-0074,Michael Hill,Finance,Coordinator,2024-06-08,Inactive
EMP-004954,LOC-0039,Angela Gilbert,Production,Manager,2019-03-15,Active
EMP-004955,LOC-0058,Andrew Hayden,Supply Chain,Engineer,2020-11-21,Active
EMP-004956,LOC-0005,Anthony Peterson,Human Resources,Specialist,2019-11-30,Active
EMP-004957,LOC-0095,Michael Carney,Maintenance,Supervisor,2024-12-31,Active
EMP-004958,LOC-0043,Justin Allen,Human Resources,Engineer,2022-09-10,Active
EMP-004959,LOC-0046,Brianna Brown,Production,Operator,2020-01-04,Active
EMP-004960,LOC-0070,Alex Gentry,Maintenance,Technician,2022-12-10,Active
EMP-004961,LOC-0017,Donald Hill,Sales,Manager,2021-05-01,Active
EMP-004962,LOC-0041,Jimmy Mckinney,IT,Manager,2025-01-10,Inactive
EMP-004963,LOC-0042,Beverly Gomez,Sales,Operator,2022-05-21,Active
EMP-004964,LOC-0062,Vanessa Adams,Production,Engineer,2020-01-12,Active
EMP-004965,LOC-0042,Alexis Gonzalez,Sales,Manager,2025-03-24,Inactive
EMP-004966,LOC-0071,Barbara Beltran,Production,Operator,2024-12-01,Active
EMP-004967,LOC-0037,Ryan Hicks,Sales,Analyst,2025-01-22,Active
EMP-004968,LOC-0078,William Johnson,Finance,Manager,2025-01-26,Active
EMP-004969,LOC-0024,James Richardson,Operations,Technician,2022-12-05,Active
EMP-004970,LOC-0016,James Chavez,Sales,Operator,2021-04-26,Active
EMP-004971,LOC-0024,Megan Smith,IT,Coordinator,2021-11-15,Active
EMP-004972,LOC-0078,Kristina Reyes,Production,Analyst,2021-09-03,Active
EMP-004973,LOC-0042,Heidi Perry,Finance,Analyst,2021-05-17,Active
EMP-004974,LOC-0091,Patricia Church,Production,Manager,2025-04-27,Active
EMP-004975,LOC-0015,Anthony Serrano,Finance,Analyst,2024-09-05,Active
EMP-004976,LOC-0041,Melissa Cole,Maintenance,Specialist,2023-04-17,Active
EMP-004977,LOC-0001,Jamie White,Production,Manager,2025-11-14,Active
EMP-004978,LOC-0004,Dr. Bethany Curry,Operations,Analyst,2020-12-24,Active
EMP-004979,LOC-0049,Kristin Moore,Operations,Analyst,2021-08-03,Active
EMP-004980,LOC-0009,David Wood,IT,Coordinator,2024-03-03,Active
EMP-004981,LOC-0078,Joseph Contreras,Supply Chain,Coordinator,2025-01-28,Active
EMP-004982,LOC-0036,Gregory Henderson,Maintenance,Coordinator,2025-06-11,Active
EMP-004983,LOC-0028,Bridget Torres,Production,Specialist,2022-09-16,Active
EMP-004984,LOC-0018,Annette Wagner,Supply Chain,Operator,2022-01-09,Active
EMP-004985,LOC-0078,Carrie Warren,Production,Supervisor,2024-08-23,Active
EMP-004986,LOC-0005,Joy Villarreal,Operations,Supervisor,2020-12-10,Active
EMP-004987,LOC-0094,Kelsey Lara,Maintenance,Analyst,2020-04-25,Active
EMP-004988,LOC-0096,Drew Mann,Supply Chain,Specialist,2021-12-13,Active
EMP-004989,LOC-0065,Gavin Hall,Operations,Specialist,2024-05-14,Active
EMP-004990,LOC-0076,Bryan Mendoza,Operations,Operator,2024-10-24,Active
EMP-004991,LOC-0074,Ryan Lowe,IT,Specialist,2019-12-13,Active
EMP-004992,LOC-0013,Jason Bates,Production,Engineer,2023-11-19,Active
EMP-004993,LOC-0075,David Hickman,Supply Chain,Manager,2021-07-25,Active
EMP-004994,LOC-0001,Christopher Smith,Sales,Specialist,2025-12-09,Active
EMP-004995,LOC-0077,Laura Arnold,Maintenance,Engineer,2023-12-04,Active
EMP-004996,LOC-0033,Jack Garcia,Production,Technician,2019-07-21,Inactive
EMP-004997,LOC-0079,Gabrielle Anderson,Sales,Supervisor,2024-04-14,Active
EMP-004998,LOC-0024,Christopher Brooks,Finance,Supervisor,2024-07-31,Active
EMP-004999,LOC-0023,Jennifer Lane,Operations,Analyst,2019-06-08,Active
EMP-005000,LOC-0075,Christopher Smith,Finance,Coordinator,2025-12-12,Active
EMP-003344,LOC-0076,Jennifer Clay,Sales,Supervisor,2025-06-20,Inactive
