machine_key,machine_id,location_key,machine_name,machine_type,installation_date,status
1,MCH-000001,70,Atlas Machine 1,CNC Machine,2018-10-10,Operational
2,MCH-000002,79,Atlas Machine 2,Packaging Machine,2017-03-06,Operational
3,MCH-000003,66,Atlas Machine 3,CNC Machine,2018-12-22,Inactive
4,MCH-000004,81,Atlas Machine 4,Press Machine,2018-10-27,Operational
5,MCH-000005,58,Atlas Machine 5,CNC Machine,2016-10-25,Operational
6,MCH-000006,64,Atlas Machine 6,Cutting Machine,2016-09-13,Operational
7,MCH-000007,3,Atlas Machine 7,CNC Machine,2018-02-22,Operational
8,MCH-000008,79,Atlas Machine 8,Cutting Machine,2016-05-14,Operational
9,MCH-000009,45,Atlas Machine 9,Press Machine,2016-10-28,Operational
10,MCH-000010,36,Atlas Machine 10,CNC Machine,2018-11-07,Operational
11,MCH-000011,77,Atlas Machine 11,CNC Machine,2018-07-21,Operational
12,MCH-000012,18,Atlas Machine 12,Cutting Machine,2017-01-30,Operational
13,MCH-000013,99,Atlas Machine 13,Packaging Machine,2016-04-10,Operational
14,MCH-000014,69,Atlas Machine 14,Assembly Machine,2016-08-08,Operational
15,MCH-000015,50,Atlas Machine 15,Cutting Machine,2018-04-07,Operational
16,MCH-000016,61,Atlas Machine 16,Press Machine,2016-07-19,Operational
17,MCH-000017,88,Atlas Machine 17,Packaging Machine,2017-06-24,Operational
18,MCH-000018,93,Atlas Machine 18,CNC Machine,2016-04-10,Operational
19,MCH-000019,50,Atlas Machine 19,Cutting Machine,2018-09-23,Operational
20,MCH-000020,28,Atlas Machine 20,Cutting Machine,2016-08-11,Operational
21,MCH-000021,43,Atlas Machine 21,CNC Machine,2016-12-10,Operational
22,MCH-000022,52,Atlas Machine 22,Assembly Machine,2018-01-28,Operational
23,MCH-000023,17,Atlas Machine 23,Packaging Machine,2018-08-08,Operational
24,MCH-000024,20,Atlas Machine 24,Assembly Machine,2018-12-24,Operational
25,MCH-000025,86,Atlas Machine 25,CNC Machine,2016-01-19,Operational
26,MCH-000026,79,Atlas Machine 26,CNC Machine,2017-08-21,Inactive
27,MCH-000027,6,Atlas Machine 27,Cutting Machine,2016-09-25,Operational
28,MCH-000028,51,Atlas Machine 28,Packaging Machine,2017-03-05,Operational
29,MCH-000029,92,Atlas Machine 29,Cutting Machine,2018-04-23,Maintenance
30,MCH-000030,77,Atlas Machine 30,Assembly Machine,2016-01-10,Operational
31,MCH-000031,36,Atlas Machine 31,CNC Machine,2018-04-03,Operational
32,MCH-000032,95,Atlas Machine 32,Packaging Machine,2016-06-22,Inactive
33,MCH-000033,62,Atlas Machine 33,Press Machine,2018-05-31,Operational
34,MCH-000034,5,Atlas Machine 34,Press Machine,2017-02-15,Operational
35,MCH-000035,87,Atlas Machine 35,CNC Machine,2016-03-05,Operational
36,MCH-000036,12,Atlas Machine 36,Assembly Machine,2016-03-27,Operational
37,MCH-000037,5,Atlas Machine 37,Press Machine,2016-11-29,Operational
38,MCH-000038,96,Atlas Machine 38,Cutting Machine,2016-02-18,Operational
39,MCH-000039,14,Atlas Machine 39,CNC Machine,2018-07-02,Operational
40,MCH-000040,41,Atlas Machine 40,Assembly Machine,2016-02-14,Operational
41,MCH-000041,18,Atlas Machine 41,Packaging Machine,2016-02-13,Maintenance
42,MCH-000042,46,Atlas Machine 42,Press Machine,2018-11-11,Operational
43,MCH-000043,59,Atlas Machine 43,Packaging Machine,2016-06-13,Operational
44,MCH-000044,73,Atlas Machine 44,Press Machine,2018-05-09,Inactive
45,MCH-000045,25,Atlas Machine 45,Assembly Machine,2018-08-03,Maintenance
46,MCH-000046,68,Atlas Machine 46,Assembly Machine,2017-01-19,Operational
47,MCH-000047,60,Atlas Machine 47,Packaging Machine,2018-10-26,Operational
48,MCH-000048,39,Atlas Machine 48,Cutting Machine,2018-04-28,Operational
49,MCH-000049,81,Atlas Machine 49,Press Machine,2017-05-14,Operational
50,MCH-000050,58,Atlas Machine 50,Assembly Machine,2016-12-08,Operational
51,MCH-000051,25,Atlas Machine 51,Assembly Machine,2018-08-25,Operational
52,MCH-000052,24,Atlas Machine 52,Packaging Machine,2016-04-25,Operational
53,MCH-000053,19,Atlas Machine 53,CNC Machine,2018-06-24,Operational
54,MCH-000054,97,Atlas Machine 54,Press Machine,2018-12-09,Operational
55,MCH-000055,2,Atlas Machine 55,Cutting Machine,2018-07-07,Operational
56,MCH-000056,60,Atlas Machine 56,Assembly Machine,2016-11-19,Operational
57,MCH-000057,71,Atlas Machine 57,CNC Machine,2017-03-07,Operational
58,MCH-000058,45,Atlas Machine 58,Packaging Machine,2018-05-30,Operational
59,MCH-000059,53,Atlas Machine 59,CNC Machine,2016-01-26,Maintenance
60,MCH-000060,85,Atlas Machine 60,Press Machine,2018-07-11,Operational
61,MCH-000061,16,Atlas Machine 61,Packaging Machine,2018-11-04,Maintenance
62,MCH-000062,67,Atlas Machine 62,Packaging Machine,2017-11-20,Operational
63,MCH-000063,5,Atlas Machine 63,Cutting Machine,2017-07-03,Operational
64,MCH-000064,66,Atlas Machine 64,Assembly Machine,2016-10-08,Operational
65,MCH-000065,54,Atlas Machine 65,Assembly Machine,2017-11-09,Operational
66,MCH-000066,48,Atlas Machine 66,Assembly Machine,2018-05-17,Operational
67,MCH-000067,92,Atlas Machine 67,Press Machine,2018-07-20,Maintenance
68,MCH-000068,77,Atlas Machine 68,Cutting Machine,2016-03-04,Operational
69,MCH-000069,56,Atlas Machine 69,Cutting Machine,2017-02-25,Operational
70,MCH-000070,14,Atlas Machine 70,CNC Machine,2016-06-02,Operational
71,MCH-000071,68,Atlas Machine 71,CNC Machine,2018-09-14,Operational
72,MCH-000072,56,Atlas Machine 72,Assembly Machine,2017-04-28,Operational
73,MCH-000073,89,Atlas Machine 73,Packaging Machine,2018-11-11,Operational
74,MCH-000074,69,Atlas Machine 74,Assembly Machine,2017-04-29,Operational
75,MCH-000075,10,Atlas Machine 75,Press Machine,2017-12-08,Operational
76,MCH-000076,3,Atlas Machine 76,Press Machine,2016-02-21,Operational
77,MCH-000077,58,Atlas Machine 77,Press Machine,2017-08-18,Operational
78,MCH-000078,37,Atlas Machine 78,Cutting Machine,2017-08-25,Operational
79,MCH-000079,27,Atlas Machine 79,Press Machine,2016-08-31,Operational
80,MCH-000080,8,Atlas Machine 80,Press Machine,2016-10-22,Operational
81,MCH-000081,59,Atlas Machine 81,CNC Machine,2018-07-09,Maintenance
82,MCH-000082,41,Atlas Machine 82,Press Machine,2017-12-07,Operational
83,MCH-000083,60,Atlas Machine 83,Assembly Machine,2017-09-10,Operational
84,MCH-000084,90,Atlas Machine 84,Cutting Machine,2018-11-01,Operational
85,MCH-000085,66,Atlas Machine 85,Press Machine,2016-04-13,Operational
86,MCH-000086,2,Atlas Machine 86,Press Machine,2018-11-28,Operational
87,MCH-000087,33,Atlas Machine 87,Cutting Machine,2018-09-04,Inactive
88,MCH-000088,94,Atlas Machine 88,Press Machine,2017-03-03,Inactive
89,MCH-000089,28,Atlas Machine 89,CNC Machine,2017-06-11,Operational
90,MCH-000090,89,Atlas Machine 90,Cutting Machine,2016-09-08,Operational
91,MCH-000091,42,Atlas Machine 91,CNC Machine,2018-10-04,Operational
92,MCH-000092,46,Atlas Machine 92,Assembly Machine,2018-06-29,Operational
93,MCH-000093,6,Atlas Machine 93,Cutting Machine,2017-07-13,Operational
94,MCH-000094,15,Atlas Machine 94,Packaging Machine,2017-08-25,Operational
95,MCH-000095,4,Atlas Machine 95,Cutting Machine,2017-11-26,Operational
96,MCH-000096,62,Atlas Machine 96,Packaging Machine,2018-05-22,Inactive
97,MCH-000097,42,Atlas Machine 97,Assembly Machine,2017-07-03,Operational
98,MCH-000098,37,Atlas Machine 98,Press Machine,2018-08-30,Operational
99,MCH-000099,87,Atlas Machine 99,Press Machine,2018-10-30,Operational
100,MCH-000100,99,Atlas Machine 100,Cutting Machine,2016-09-04,Operational
101,MCH-000101,6,Atlas Machine 101,Assembly Machine,2018-06-11,Operational
102,MCH-000102,49,Atlas Machine 102,CNC Machine,2017-02-25,Operational
103,MCH-000103,21,Atlas Machine 103,Packaging Machine,2018-08-01,Operational
104,MCH-000104,83,Atlas Machine 104,CNC Machine,2016-09-29,Operational
105,MCH-000105,48,Atlas Machine 105,Cutting Machine,2018-09-17,Operational
106,MCH-000106,44,Atlas Machine 106,Assembly Machine,2017-09-11,Operational
107,MCH-000107,27,Atlas Machine 107,Cutting Machine,2016-03-04,Operational
108,MCH-000108,95,Atlas Machine 108,Packaging Machine,2017-12-01,Operational
109,MCH-000109,47,Atlas Machine 109,Press Machine,2018-09-02,Operational
110,MCH-000110,100,Atlas Machine 110,Cutting Machine,2018-03-29,Operational
111,MCH-000111,78,Atlas Machine 111,CNC Machine,2018-06-14,Operational
112,MCH-000112,47,Atlas Machine 112,Press Machine,2017-10-26,Operational
113,MCH-000113,24,Atlas Machine 113,Packaging Machine,2017-07-15,Operational
114,MCH-000114,14,Atlas Machine 114,Assembly Machine,2017-12-18,Operational
115,MCH-000115,45,Atlas Machine 115,Press Machine,2016-01-19,Operational
116,MCH-000116,43,Atlas Machine 116,Press Machine,2016-04-13,Operational
117,MCH-000117,71,Atlas Machine 117,Press Machine,2017-01-31,Operational
118,MCH-000118,77,Atlas Machine 118,Press Machine,2017-10-19,Operational
119,MCH-000119,7,Atlas Machine 119,Press Machine,2016-07-04,Maintenance
120,MCH-000120,83,Atlas Machine 120,CNC Machine,2016-12-12,Operational
121,MCH-000121,6,Atlas Machine 121,CNC Machine,2018-07-13,Operational
122,MCH-000122,97,Atlas Machine 122,Assembly Machine,2016-09-16,Operational
123,MCH-000123,21,Atlas Machine 123,Cutting Machine,2018-07-16,Maintenance
124,MCH-000124,79,Atlas Machine 124,Packaging Machine,2017-05-29,Operational
125,MCH-000125,85,Atlas Machine 125,CNC Machine,2018-11-02,Operational
126,MCH-000126,72,Atlas Machine 126,CNC Machine,2018-08-31,Operational
127,MCH-000127,24,Atlas Machine 127,Packaging Machine,2018-02-23,Inactive
128,MCH-000128,35,Atlas Machine 128,Assembly Machine,2018-05-13,Operational
129,MCH-000129,57,Atlas Machine 129,Press Machine,2018-10-11,Maintenance
130,MCH-000130,60,Atlas Machine 130,Cutting Machine,2018-01-10,Operational
131,MCH-000131,98,Atlas Machine 131,Assembly Machine,2016-06-24,Operational
132,MCH-000132,28,Atlas Machine 132,CNC Machine,2018-09-03,Operational
133,MCH-000133,49,Atlas Machine 133,Assembly Machine,2017-10-30,Operational
134,MCH-000134,94,Atlas Machine 134,Press Machine,2018-06-27,Operational
135,MCH-000135,18,Atlas Machine 135,CNC Machine,2017-04-29,Operational
136,MCH-000136,21,Atlas Machine 136,Press Machine,2018-01-28,Operational
137,MCH-000137,5,Atlas Machine 137,CNC Machine,2016-03-29,Operational
138,MCH-000138,62,Atlas Machine 138,CNC Machine,2018-06-20,Operational
139,MCH-000139,68,Atlas Machine 139,CNC Machine,2018-06-14,Operational
140,MCH-000140,52,Atlas Machine 140,Packaging Machine,2017-07-21,Operational
141,MCH-000141,33,Atlas Machine 141,Press Machine,2018-05-16,Maintenance
142,MCH-000142,77,Atlas Machine 142,Assembly Machine,2017-01-21,Operational
143,MCH-000143,46,Atlas Machine 143,Packaging Machine,2016-03-27,Maintenance
144,MCH-000144,38,Atlas Machine 144,CNC Machine,2017-11-12,Operational
145,MCH-000145,63,Atlas Machine 145,CNC Machine,2018-09-04,Operational
146,MCH-000146,33,Atlas Machine 146,Press Machine,2018-03-05,Operational
147,MCH-000147,6,Atlas Machine 147,Cutting Machine,2016-09-22,Operational
148,MCH-000148,20,Atlas Machine 148,CNC Machine,2018-07-30,Maintenance
149,MCH-000149,58,Atlas Machine 149,Packaging Machine,2016-11-21,Operational
150,MCH-000150,45,Atlas Machine 150,Assembly Machine,2018-11-21,Operational
151,MCH-000151,91,Atlas Machine 151,Packaging Machine,2017-01-10,Operational
152,MCH-000152,98,Atlas Machine 152,Assembly Machine,2017-05-27,Operational
153,MCH-000153,26,Atlas Machine 153,CNC Machine,2018-02-14,Operational
154,MCH-000154,35,Atlas Machine 154,Press Machine,2016-03-14,Operational
155,MCH-000155,74,Atlas Machine 155,Packaging Machine,2016-09-12,Operational
156,MCH-000156,81,Atlas Machine 156,Cutting Machine,2018-12-26,Operational
157,MCH-000157,60,Atlas Machine 157,Assembly Machine,2017-02-06,Operational
158,MCH-000158,13,Atlas Machine 158,Press Machine,2018-08-01,Operational
159,MCH-000159,57,Atlas Machine 159,CNC Machine,2016-08-27,Operational
160,MCH-000160,86,Atlas Machine 160,CNC Machine,2017-12-05,Operational
161,MCH-000161,17,Atlas Machine 161,Packaging Machine,2017-04-30,Operational
162,MCH-000162,52,Atlas Machine 162,Packaging Machine,2017-04-24,Maintenance
163,MCH-000163,24,Atlas Machine 163,Press Machine,2017-08-21,Operational
164,MCH-000164,66,Atlas Machine 164,Press Machine,2018-05-31,Operational
165,MCH-000165,18,Atlas Machine 165,Packaging Machine,2018-09-02,Operational
166,MCH-000166,24,Atlas Machine 166,CNC Machine,2017-08-29,Operational
167,MCH-000167,82,Atlas Machine 167,Packaging Machine,2017-04-29,Operational
168,MCH-000168,95,Atlas Machine 168,Cutting Machine,2016-08-03,Operational
169,MCH-000169,95,Atlas Machine 169,Packaging Machine,2016-12-13,Operational
170,MCH-000170,26,Atlas Machine 170,Press Machine,2016-08-11,Inactive
171,MCH-000171,63,Atlas Machine 171,Press Machine,2016-02-15,Maintenance
172,MCH-000172,58,Atlas Machine 172,Packaging Machine,2017-12-30,Unknown
173,MCH-000173,24,Atlas Machine 173,Cutting Machine,2017-04-27,Operational
174,MCH-000174,42,Atlas Machine 174,CNC Machine,2018-01-25,Operational
175,MCH-000175,98,Atlas Machine 175,Press Machine,2018-01-31,Operational
176,MCH-000176,25,Atlas Machine 176,Packaging Machine,2017-08-27,Operational
177,MCH-000177,87,Atlas Machine 177,Press Machine,2018-11-21,Operational
178,MCH-000178,11,Atlas Machine 178,CNC Machine,2017-12-07,Operational
179,MCH-000179,84,Atlas Machine 179,CNC Machine,2018-08-25,Operational
180,MCH-000180,19,Atlas Machine 180,Assembly Machine,2018-06-28,Operational
181,MCH-000181,75,Atlas Machine 181,Cutting Machine,2016-06-17,Unknown
182,MCH-000182,84,Atlas Machine 182,Cutting Machine,2018-06-25,Operational
183,MCH-000183,3,Atlas Machine 183,Cutting Machine,2016-10-19,Operational
184,MCH-000184,90,Atlas Machine 184,Press Machine,2018-05-13,Operational
185,MCH-000185,72,Atlas Machine 185,Assembly Machine,2017-05-30,Operational
186,MCH-000186,54,Atlas Machine 186,Packaging Machine,2017-12-26,Operational
187,MCH-000187,63,Atlas Machine 187,Packaging Machine,2018-04-07,Operational
188,MCH-000188,8,Atlas Machine 188,Cutting Machine,2016-06-14,Operational
189,MCH-000189,8,Atlas Machine 189,Assembly Machine,2016-10-16,Operational
190,MCH-000190,50,Atlas Machine 190,CNC Machine,2016-02-22,Operational
191,MCH-000191,42,Atlas Machine 191,Packaging Machine,2016-12-01,Operational
192,MCH-000192,100,Atlas Machine 192,CNC Machine,2017-09-22,Operational
193,MCH-000193,74,Atlas Machine 193,Assembly Machine,2017-08-17,Operational
194,MCH-000194,58,Atlas Machine 194,CNC Machine,2017-08-08,Operational
195,MCH-000195,47,Atlas Machine 195,CNC Machine,2017-06-16,Operational
196,MCH-000196,1,Atlas Machine 196,Assembly Machine,2018-07-03,Maintenance
197,MCH-000197,16,Atlas Machine 197,Packaging Machine,2018-04-02,Operational
198,MCH-000198,16,Atlas Machine 198,Assembly Machine,2016-05-16,Operational
199,MCH-000199,93,Atlas Machine 199,Packaging Machine,2017-01-23,Operational
200,MCH-000200,21,Atlas Machine 200,Packaging Machine,2016-07-22,Operational
201,MCH-000201,39,Atlas Machine 201,CNC Machine,2017-04-01,Operational
202,MCH-000202,52,Atlas Machine 202,CNC Machine,2016-06-15,Operational
203,MCH-000203,98,Atlas Machine 203,Assembly Machine,2018-12-08,Operational
204,MCH-000204,38,Atlas Machine 204,Assembly Machine,2018-11-20,Operational
205,MCH-000205,49,Atlas Machine 205,Packaging Machine,2016-10-10,Operational
206,MCH-000206,56,Atlas Machine 206,Press Machine,2017-03-02,Operational
207,MCH-000207,35,Atlas Machine 207,Press Machine,2017-05-02,Inactive
208,MCH-000208,86,Atlas Machine 208,Assembly Machine,2017-01-19,Operational
209,MCH-000209,41,Atlas Machine 209,Assembly Machine,2018-08-28,Inactive
210,MCH-000210,79,Atlas Machine 210,Packaging Machine,2016-08-20,Operational
211,MCH-000211,87,Atlas Machine 211,Assembly Machine,2017-11-09,Operational
212,MCH-000212,52,Atlas Machine 212,Assembly Machine,2018-07-13,Operational
213,MCH-000213,61,Atlas Machine 213,CNC Machine,2016-12-03,Operational
214,MCH-000214,32,Atlas Machine 214,Cutting Machine,2018-08-01,Operational
215,MCH-000215,11,Atlas Machine 215,Packaging Machine,2018-05-09,Operational
216,MCH-000216,6,Atlas Machine 216,Cutting Machine,2016-07-13,Operational
217,MCH-000217,57,Atlas Machine 217,Press Machine,2016-11-02,Operational
218,MCH-000218,100,Atlas Machine 218,CNC Machine,2017-02-18,Operational
219,MCH-000219,69,Atlas Machine 219,CNC Machine,2018-10-04,Maintenance
220,MCH-000220,46,Atlas Machine 220,CNC Machine,2017-11-10,Maintenance
221,MCH-000221,98,Atlas Machine 221,Cutting Machine,2017-03-03,Operational
222,MCH-000222,87,Atlas Machine 222,Press Machine,2017-01-31,Operational
223,MCH-000223,78,Atlas Machine 223,Cutting Machine,2018-07-17,Operational
224,MCH-000224,41,Atlas Machine 224,CNC Machine,2017-03-03,Operational
225,MCH-000225,35,Atlas Machine 225,Assembly Machine,2016-01-27,Operational
226,MCH-000226,40,Atlas Machine 226,Press Machine,2018-04-25,Operational
227,MCH-000227,81,Atlas Machine 227,Cutting Machine,2016-01-31,Operational
228,MCH-000228,40,Atlas Machine 228,CNC Machine,2018-04-08,Inactive
229,MCH-000229,73,Atlas Machine 229,Press Machine,2016-09-21,Operational
230,MCH-000230,50,Atlas Machine 230,Packaging Machine,2018-10-04,Operational
231,MCH-000231,39,Atlas Machine 231,Assembly Machine,2018-02-04,Operational
232,MCH-000232,65,Atlas Machine 232,Press Machine,2017-03-16,Operational
233,MCH-000233,72,Atlas Machine 233,Press Machine,2018-02-11,Operational
234,MCH-000234,53,Atlas Machine 234,Press Machine,2018-12-12,Operational
235,MCH-000235,51,Atlas Machine 235,CNC Machine,2016-04-04,Operational
236,MCH-000236,10,Atlas Machine 236,Press Machine,2016-11-10,Operational
237,MCH-000237,95,Atlas Machine 237,Cutting Machine,2017-06-23,Operational
238,MCH-000238,97,Atlas Machine 238,Press Machine,2017-08-14,Operational
239,MCH-000239,43,Atlas Machine 239,CNC Machine,2018-07-15,Operational
240,MCH-000240,60,Atlas Machine 240,Press Machine,2018-10-24,Operational
241,MCH-000241,83,Atlas Machine 241,Packaging Machine,2018-08-13,Operational
242,MCH-000242,62,Atlas Machine 242,Assembly Machine,2018-07-13,Maintenance
243,MCH-000243,80,Atlas Machine 243,Press Machine,2018-02-07,Operational
244,MCH-000244,59,Atlas Machine 244,CNC Machine,2017-11-27,Operational
245,MCH-000245,10,Atlas Machine 245,Cutting Machine,2016-04-01,Operational
246,MCH-000246,11,Atlas Machine 246,Cutting Machine,2017-01-07,Operational
247,MCH-000247,51,Atlas Machine 247,Cutting Machine,2018-02-14,Operational
248,MCH-000248,46,Atlas Machine 248,Assembly Machine,2017-07-20,Operational
249,MCH-000249,60,Atlas Machine 249,Press Machine,2018-09-19,Operational
250,MCH-000250,40,Atlas Machine 250,CNC Machine,2017-10-22,Maintenance
251,MCH-000251,3,Atlas Machine 251,CNC Machine,2018-09-02,Operational
252,MCH-000252,24,Atlas Machine 252,Press Machine,2018-05-17,Operational
253,MCH-000253,69,Atlas Machine 253,Cutting Machine,2016-06-11,Operational
254,MCH-000254,65,Atlas Machine 254,Packaging Machine,2017-09-25,Operational
255,MCH-000255,1,Atlas Machine 255,Assembly Machine,2016-05-03,Operational
256,MCH-000256,76,Atlas Machine 256,Press Machine,2018-10-22,Operational
257,MCH-000257,28,Atlas Machine 257,CNC Machine,2018-08-02,Operational
258,MCH-000258,12,Atlas Machine 258,Assembly Machine,2017-02-22,Operational
259,MCH-000259,9,Atlas Machine 259,CNC Machine,2017-05-10,Operational
260,MCH-000260,85,Atlas Machine 260,Cutting Machine,2017-07-31,Operational
261,MCH-000261,24,Atlas Machine 261,Packaging Machine,2016-12-30,Operational
262,MCH-000262,75,Atlas Machine 262,CNC Machine,2016-01-14,Operational
263,MCH-000263,15,Atlas Machine 263,Packaging Machine,2018-05-19,Maintenance
264,MCH-000264,98,Atlas Machine 264,Assembly Machine,2016-08-31,Inactive
265,MCH-000265,34,Atlas Machine 265,Packaging Machine,2016-12-18,Maintenance
266,MCH-000266,34,Atlas Machine 266,Cutting Machine,2017-05-12,Operational
267,MCH-000267,73,Atlas Machine 267,CNC Machine,2016-03-10,Maintenance
268,MCH-000268,64,Atlas Machine 268,CNC Machine,2018-01-22,Operational
269,MCH-000269,88,Atlas Machine 269,Press Machine,2016-01-09,Operational
270,MCH-000270,20,Atlas Machine 270,Press Machine,2016-07-05,Operational
271,MCH-000271,87,Atlas Machine 271,CNC Machine,2017-04-17,Maintenance
272,MCH-000272,75,Atlas Machine 272,CNC Machine,2016-04-21,Operational
273,MCH-000273,31,Atlas Machine 273,Cutting Machine,2018-11-07,Operational
274,MCH-000274,15,Atlas Machine 274,CNC Machine,2017-01-23,Operational
275,MCH-000275,100,Atlas Machine 275,CNC Machine,2017-08-09,Inactive
276,MCH-000276,74,Atlas Machine 276,Cutting Machine,2018-02-05,Operational
277,MCH-000277,57,Atlas Machine 277,Press Machine,2016-12-20,Operational
278,MCH-000278,83,Atlas Machine 278,CNC Machine,2017-12-31,Operational
279,MCH-000279,80,Atlas Machine 279,Press Machine,2016-07-04,Operational
280,MCH-000280,49,Atlas Machine 280,CNC Machine,2017-03-09,Operational
281,MCH-000281,31,Atlas Machine 281,Assembly Machine,2017-09-20,Maintenance
282,MCH-000282,35,Atlas Machine 282,Press Machine,2017-08-29,Operational
283,MCH-000283,88,Atlas Machine 283,Cutting Machine,2017-07-17,Operational
284,MCH-000284,98,Atlas Machine 284,CNC Machine,2017-10-26,Maintenance
285,MCH-000285,47,Atlas Machine 285,Press Machine,2018-01-13,Operational
286,MCH-000286,68,Atlas Machine 286,Assembly Machine,2018-07-04,Operational
287,MCH-000287,12,Atlas Machine 287,Cutting Machine,2016-11-05,Operational
288,MCH-000288,50,Atlas Machine 288,Press Machine,2017-08-20,Operational
289,MCH-000289,84,Atlas Machine 289,Assembly Machine,2018-08-09,Operational
290,MCH-000290,57,Atlas Machine 290,Assembly Machine,2016-12-18,Operational
291,MCH-000291,81,Atlas Machine 291,CNC Machine,2018-03-12,Maintenance
292,MCH-000292,31,Atlas Machine 292,CNC Machine,2016-12-29,Operational
293,MCH-000293,25,Atlas Machine 293,Assembly Machine,2018-03-29,Maintenance
294,MCH-000294,77,Atlas Machine 294,CNC Machine,2017-03-17,Operational
295,MCH-000295,65,Atlas Machine 295,Cutting Machine,2018-12-14,Operational
296,MCH-000296,22,Atlas Machine 296,CNC Machine,2018-08-24,Operational
297,MCH-000297,19,Atlas Machine 297,Cutting Machine,2018-04-14,Operational
298,MCH-000298,10,Atlas Machine 298,Cutting Machine,2017-10-09,Operational
299,MCH-000299,12,Atlas Machine 299,Press Machine,2018-10-01,Operational
300,MCH-000300,39,Atlas Machine 300,Press Machine,2016-11-17,Operational
301,MCH-000301,94,Atlas Machine 301,Packaging Machine,2017-11-03,Operational
302,MCH-000302,23,Atlas Machine 302,Packaging Machine,2018-09-19,Maintenance
303,MCH-000303,26,Atlas Machine 303,Packaging Machine,2017-08-30,Operational
304,MCH-000304,68,Atlas Machine 304,CNC Machine,2017-07-08,Operational
305,MCH-000305,51,Atlas Machine 305,Cutting Machine,2017-10-15,Operational
306,MCH-000306,1,Atlas Machine 306,Cutting Machine,2017-03-27,Operational
307,MCH-000307,74,Atlas Machine 307,Assembly Machine,2016-12-04,Operational
308,MCH-000308,45,Atlas Machine 308,Packaging Machine,2017-10-29,Operational
309,MCH-000309,72,Atlas Machine 309,Packaging Machine,2018-03-25,Operational
310,MCH-000310,71,Atlas Machine 310,Assembly Machine,2018-05-21,Operational
311,MCH-000311,56,Atlas Machine 311,Assembly Machine,2017-03-13,Operational
312,MCH-000312,63,Atlas Machine 312,CNC Machine,2017-04-01,Operational
313,MCH-000313,81,Atlas Machine 313,Press Machine,2018-05-15,Operational
314,MCH-000314,86,Atlas Machine 314,Press Machine,2018-11-07,Operational
315,MCH-000315,51,Atlas Machine 315,Packaging Machine,2018-09-15,Operational
316,MCH-000316,9,Atlas Machine 316,Cutting Machine,2018-11-02,Operational
317,MCH-000317,97,Atlas Machine 317,Assembly Machine,2016-04-23,Operational
318,MCH-000318,7,Atlas Machine 318,Assembly Machine,2016-12-27,Operational
319,MCH-000319,22,Atlas Machine 319,Press Machine,2016-09-08,Maintenance
320,MCH-000320,50,Atlas Machine 320,Assembly Machine,2016-11-14,Operational
321,MCH-000321,35,Atlas Machine 321,Cutting Machine,2016-11-22,Operational
322,MCH-000322,38,Atlas Machine 322,Assembly Machine,2016-10-08,Operational
323,MCH-000323,68,Atlas Machine 323,Packaging Machine,2016-04-14,Operational
324,MCH-000324,57,Atlas Machine 324,Cutting Machine,2016-09-14,Operational
325,MCH-000325,40,Atlas Machine 325,Packaging Machine,2016-08-22,Operational
326,MCH-000326,87,Atlas Machine 326,Packaging Machine,2018-06-03,Maintenance
327,MCH-000327,7,Atlas Machine 327,Press Machine,2016-07-25,Operational
328,MCH-000328,45,Atlas Machine 328,Packaging Machine,2017-06-23,Operational
329,MCH-000329,7,Atlas Machine 329,Assembly Machine,2018-11-12,Unknown
330,MCH-000330,57,Atlas Machine 330,Packaging Machine,2016-03-23,Maintenance
331,MCH-000331,24,Atlas Machine 331,CNC Machine,2017-10-01,Operational
332,MCH-000332,43,Atlas Machine 332,Assembly Machine,2016-06-08,Operational
333,MCH-000333,17,Atlas Machine 333,Packaging Machine,2016-06-13,Operational
334,MCH-000334,96,Atlas Machine 334,Assembly Machine,2017-01-17,Operational
335,MCH-000335,91,Atlas Machine 335,CNC Machine,2018-09-21,Inactive
336,MCH-000336,46,Atlas Machine 336,CNC Machine,2016-12-10,Operational
337,MCH-000337,59,Atlas Machine 337,Cutting Machine,2016-02-25,Operational
338,MCH-000338,23,Atlas Machine 338,Cutting Machine,2016-07-30,Operational
339,MCH-000339,56,Atlas Machine 339,CNC Machine,2018-09-11,Maintenance
340,MCH-000340,49,Atlas Machine 340,Press Machine,2018-01-18,Operational
341,MCH-000341,45,Atlas Machine 341,Packaging Machine,2016-07-27,Maintenance
342,MCH-000342,62,Atlas Machine 342,Assembly Machine,2018-08-25,Operational
343,MCH-000343,94,Atlas Machine 343,Packaging Machine,2018-11-11,Operational
344,MCH-000344,9,Atlas Machine 344,CNC Machine,2017-12-31,Operational
345,MCH-000345,83,Atlas Machine 345,Press Machine,2018-03-13,Inactive
346,MCH-000346,70,Atlas Machine 346,Assembly Machine,2018-02-19,Operational
347,MCH-000347,70,Atlas Machine 347,Packaging Machine,2018-01-31,Maintenance
348,MCH-000348,46,Atlas Machine 348,Press Machine,2017-09-28,Operational
349,MCH-000349,6,Atlas Machine 349,CNC Machine,2018-08-10,Operational
350,MCH-000350,98,Atlas Machine 350,Packaging Machine,2018-03-30,Operational
351,MCH-000351,79,Atlas Machine 351,CNC Machine,2017-09-01,Operational
352,MCH-000352,40,Atlas Machine 352,Packaging Machine,2018-05-09,Operational
353,MCH-000353,76,Atlas Machine 353,CNC Machine,2016-09-09,Operational
354,MCH-000354,12,Atlas Machine 354,CNC Machine,2018-06-15,Operational
355,MCH-000355,49,Atlas Machine 355,Cutting Machine,2017-11-08,Operational
356,MCH-000356,61,Atlas Machine 356,Cutting Machine,2016-01-24,Operational
357,MCH-000357,34,Atlas Machine 357,Assembly Machine,2016-10-27,Operational
358,MCH-000358,100,Atlas Machine 358,Press Machine,2016-02-02,Operational
359,MCH-000359,49,Atlas Machine 359,Assembly Machine,2017-05-03,Operational
360,MCH-000360,23,Atlas Machine 360,Press Machine,2017-11-22,Operational
361,MCH-000361,50,Atlas Machine 361,CNC Machine,2016-07-04,Maintenance
362,MCH-000362,32,Atlas Machine 362,Press Machine,2017-12-31,Operational
363,MCH-000363,29,Atlas Machine 363,Cutting Machine,2017-11-23,Operational
364,MCH-000364,35,Atlas Machine 364,Cutting Machine,2016-01-10,Operational
365,MCH-000365,95,Atlas Machine 365,Assembly Machine,2017-10-21,Maintenance
366,MCH-000366,12,Atlas Machine 366,Cutting Machine,2017-07-18,Operational
367,MCH-000367,93,Atlas Machine 367,Packaging Machine,2016-01-02,Maintenance
368,MCH-000368,89,Atlas Machine 368,Assembly Machine,2017-10-07,Operational
369,MCH-000369,93,Atlas Machine 369,CNC Machine,2017-09-23,Operational
370,MCH-000370,83,Atlas Machine 370,CNC Machine,2017-10-13,Operational
371,MCH-000371,20,Atlas Machine 371,Assembly Machine,2018-01-27,Operational
372,MCH-000372,95,Atlas Machine 372,Packaging Machine,2016-05-13,Operational
373,MCH-000373,83,Atlas Machine 373,CNC Machine,2018-07-14,Operational
374,MCH-000374,32,Atlas Machine 374,CNC Machine,2016-04-03,Operational
375,MCH-000375,22,Atlas Machine 375,CNC Machine,2017-02-28,Operational
376,MCH-000376,94,Atlas Machine 376,CNC Machine,2017-01-28,Operational
377,MCH-000377,73,Atlas Machine 377,Packaging Machine,2018-12-09,Operational
378,MCH-000378,13,Atlas Machine 378,Packaging Machine,2017-06-29,Maintenance
379,MCH-000379,95,Atlas Machine 379,Assembly Machine,2017-01-04,Inactive
380,MCH-000380,87,Atlas Machine 380,Packaging Machine,2018-11-22,Operational
381,MCH-000381,92,Atlas Machine 381,Cutting Machine,2016-09-19,Operational
382,MCH-000382,56,Atlas Machine 382,Packaging Machine,2016-04-20,Maintenance
383,MCH-000383,20,Atlas Machine 383,Cutting Machine,2017-04-05,Operational
384,MCH-000384,66,Atlas Machine 384,Press Machine,2018-08-12,Operational
385,MCH-000385,33,Atlas Machine 385,Packaging Machine,2018-12-15,Maintenance
386,MCH-000386,2,Atlas Machine 386,Press Machine,2016-02-15,Operational
387,MCH-000387,69,Atlas Machine 387,Cutting Machine,2017-11-18,Operational
388,MCH-000388,65,Atlas Machine 388,Packaging Machine,2018-09-03,Operational
389,MCH-000389,70,Atlas Machine 389,CNC Machine,2017-10-17,Operational
390,MCH-000390,19,Atlas Machine 390,Press Machine,2018-04-24,Operational
391,MCH-000391,64,Atlas Machine 391,Packaging Machine,2016-09-09,Operational
392,MCH-000392,54,Atlas Machine 392,CNC Machine,2017-11-17,Operational
393,MCH-000393,96,Atlas Machine 393,Packaging Machine,2018-07-20,Operational
394,MCH-000394,41,Atlas Machine 394,Press Machine,2017-09-26,Operational
395,MCH-000395,73,Atlas Machine 395,CNC Machine,2017-05-12,Operational
396,MCH-000396,2,Atlas Machine 396,CNC Machine,2018-10-13,Inactive
397,MCH-000397,91,Atlas Machine 397,CNC Machine,2016-01-29,Operational
398,MCH-000398,87,Atlas Machine 398,CNC Machine,2018-02-25,Operational
399,MCH-000399,62,Atlas Machine 399,Cutting Machine,2017-11-28,Operational
400,MCH-000400,81,Atlas Machine 400,Packaging Machine,2018-07-02,Maintenance
401,MCH-000401,36,Atlas Machine 401,Assembly Machine,2018-04-29,Operational
402,MCH-000402,49,Atlas Machine 402,Cutting Machine,2017-09-10,Operational
403,MCH-000403,26,Atlas Machine 403,Press Machine,2018-11-17,Operational
404,MCH-000404,69,Atlas Machine 404,Press Machine,2017-05-07,Operational
405,MCH-000405,29,Atlas Machine 405,Press Machine,2018-12-02,Operational
406,MCH-000406,96,Atlas Machine 406,Cutting Machine,2018-02-26,Operational
407,MCH-000407,49,Atlas Machine 407,Cutting Machine,2017-06-17,Operational
408,MCH-000408,54,Atlas Machine 408,CNC Machine,2016-01-18,Operational
409,MCH-000409,63,Atlas Machine 409,Assembly Machine,2017-05-03,Maintenance
410,MCH-000410,84,Atlas Machine 410,Packaging Machine,2018-06-14,Operational
411,MCH-000411,45,Atlas Machine 411,CNC Machine,2016-03-12,Operational
412,MCH-000412,32,Atlas Machine 412,Assembly Machine,2017-08-31,Operational
413,MCH-000413,8,Atlas Machine 413,Press Machine,2017-09-26,Operational
414,MCH-000414,95,Atlas Machine 414,Press Machine,2016-02-07,Operational
415,MCH-000415,79,Atlas Machine 415,CNC Machine,2016-07-21,Operational
416,MCH-000416,21,Atlas Machine 416,Assembly Machine,2018-08-25,Operational
417,MCH-000417,24,Atlas Machine 417,Press Machine,2017-03-18,Operational
418,MCH-000418,7,Atlas Machine 418,Cutting Machine,2017-07-07,Operational
419,MCH-000419,92,Atlas Machine 419,Cutting Machine,2018-10-24,Operational
420,MCH-000420,22,Atlas Machine 420,Cutting Machine,2018-08-04,Operational
421,MCH-000421,87,Atlas Machine 421,Packaging Machine,2017-05-25,Operational
422,MCH-000422,82,Atlas Machine 422,Assembly Machine,2017-08-12,Operational
423,MCH-000423,83,Atlas Machine 423,Press Machine,2018-02-12,Operational
424,MCH-000424,92,Atlas Machine 424,Packaging Machine,2018-06-20,Inactive
425,MCH-000425,90,Atlas Machine 425,Cutting Machine,2016-12-25,Operational
426,MCH-000426,38,Atlas Machine 426,Packaging Machine,2018-04-22,Maintenance
427,MCH-000427,34,Atlas Machine 427,Cutting Machine,2018-09-19,Operational
428,MCH-000428,17,Atlas Machine 428,Packaging Machine,2017-02-20,Operational
429,MCH-000429,10,Atlas Machine 429,Packaging Machine,2018-09-18,Operational
430,MCH-000430,6,Atlas Machine 430,CNC Machine,2017-11-20,Operational
431,MCH-000431,2,Atlas Machine 431,Packaging Machine,2017-05-21,Operational
432,MCH-000432,22,Atlas Machine 432,Cutting Machine,2018-09-12,Operational
433,MCH-000433,63,Atlas Machine 433,Assembly Machine,2017-01-15,Operational
434,MCH-000434,71,Atlas Machine 434,Assembly Machine,2018-10-10,Operational
435,MCH-000435,41,Atlas Machine 435,Assembly Machine,2018-04-04,Operational
436,MCH-000436,80,Atlas Machine 436,Packaging Machine,2016-12-12,Operational
437,MCH-000437,34,Atlas Machine 437,CNC Machine,2016-02-27,Maintenance
438,MCH-000438,22,Atlas Machine 438,Cutting Machine,2017-11-22,Operational
439,MCH-000439,47,Atlas Machine 439,CNC Machine,2017-04-26,Operational
440,MCH-000440,17,Atlas Machine 440,Packaging Machine,2016-07-03,Operational
441,MCH-000441,83,Atlas Machine 441,Press Machine,2016-04-26,Operational
442,MCH-000442,16,Atlas Machine 442,Packaging Machine,2018-04-26,Operational
443,MCH-000443,58,Atlas Machine 443,Cutting Machine,2017-06-22,Operational
444,MCH-000444,19,Atlas Machine 444,Packaging Machine,2018-08-05,Operational
445,MCH-000445,3,Atlas Machine 445,Packaging Machine,2018-04-06,Operational
446,MCH-000446,12,Atlas Machine 446,Press Machine,2017-06-27,Maintenance
447,MCH-000447,9,Atlas Machine 447,Press Machine,2017-05-26,Maintenance
448,MCH-000448,21,Atlas Machine 448,Press Machine,2017-01-06,Operational
449,MCH-000449,23,Atlas Machine 449,Packaging Machine,2016-09-06,Operational
450,MCH-000450,65,Atlas Machine 450,Assembly Machine,2018-07-26,Operational
451,MCH-000451,19,Atlas Machine 451,Cutting Machine,2018-04-08,Operational
452,MCH-000452,25,Atlas Machine 452,CNC Machine,2018-01-03,Operational
453,MCH-000453,47,Atlas Machine 453,CNC Machine,2017-07-29,Operational
454,MCH-000454,26,Atlas Machine 454,Assembly Machine,2016-02-17,Operational
455,MCH-000455,79,Atlas Machine 455,Packaging Machine,2016-10-07,Operational
456,MCH-000456,32,Atlas Machine 456,Assembly Machine,2018-11-16,Operational
457,MCH-000457,40,Atlas Machine 457,Assembly Machine,2018-04-04,Inactive
458,MCH-000458,59,Atlas Machine 458,Press Machine,2017-11-13,Operational
459,MCH-000459,27,Atlas Machine 459,Press Machine,2016-10-21,Operational
460,MCH-000460,55,Atlas Machine 460,Cutting Machine,2016-10-05,Operational
461,MCH-000461,67,Atlas Machine 461,Press Machine,2016-04-17,Maintenance
462,MCH-000462,95,Atlas Machine 462,CNC Machine,2017-03-17,Operational
463,MCH-000463,85,Atlas Machine 463,CNC Machine,2018-10-23,Operational
464,MCH-000464,63,Atlas Machine 464,Assembly Machine,2016-07-09,Operational
465,MCH-000465,73,Atlas Machine 465,CNC Machine,2016-12-05,Operational
466,MCH-000466,27,Atlas Machine 466,CNC Machine,2016-06-17,Operational
467,MCH-000467,32,Atlas Machine 467,Cutting Machine,2017-11-09,Operational
468,MCH-000468,21,Atlas Machine 468,Packaging Machine,2017-01-12,Maintenance
469,MCH-000469,60,Atlas Machine 469,CNC Machine,2018-11-10,Operational
470,MCH-000470,36,Atlas Machine 470,Packaging Machine,2018-08-22,Inactive
471,MCH-000471,31,Atlas Machine 471,CNC Machine,2016-09-26,Operational
472,MCH-000472,99,Atlas Machine 472,Press Machine,2018-01-30,Operational
473,MCH-000473,68,Atlas Machine 473,Packaging Machine,2016-07-27,Operational
474,MCH-000474,64,Atlas Machine 474,Cutting Machine,2018-12-24,Operational
475,MCH-000475,48,Atlas Machine 475,Assembly Machine,2018-07-16,Maintenance
476,MCH-000476,26,Atlas Machine 476,Cutting Machine,2017-08-17,Operational
477,MCH-000477,91,Atlas Machine 477,Packaging Machine,2017-08-11,Operational
478,MCH-000478,13,Atlas Machine 478,Cutting Machine,2016-02-07,Operational
479,MCH-000479,61,Atlas Machine 479,Packaging Machine,2018-05-11,Operational
480,MCH-000480,15,Atlas Machine 480,Press Machine,2017-01-09,Operational
481,MCH-000481,9,Atlas Machine 481,Assembly Machine,2018-09-23,Operational
482,MCH-000482,91,Atlas Machine 482,Cutting Machine,2017-01-01,Operational
483,MCH-000483,40,Atlas Machine 483,Assembly Machine,2017-08-22,Operational
484,MCH-000484,53,Atlas Machine 484,CNC Machine,2016-04-28,Operational
485,MCH-000485,57,Atlas Machine 485,Press Machine,2018-11-14,Operational
486,MCH-000486,41,Atlas Machine 486,Assembly Machine,2018-04-08,Inactive
487,MCH-000487,39,Atlas Machine 487,Press Machine,2017-05-02,Maintenance
488,MCH-000488,88,Atlas Machine 488,Cutting Machine,2017-03-30,Operational
489,MCH-000489,28,Atlas Machine 489,CNC Machine,2017-09-28,Operational
490,MCH-000490,75,Atlas Machine 490,Assembly Machine,2018-11-20,Operational
491,MCH-000491,93,Atlas Machine 491,CNC Machine,2017-04-29,Operational
492,MCH-000492,89,Atlas Machine 492,Press Machine,2017-12-07,Operational
493,MCH-000493,84,Atlas Machine 493,Cutting Machine,2017-01-15,Operational
494,MCH-000494,18,Atlas Machine 494,Press Machine,2016-09-30,Operational
495,MCH-000495,59,Atlas Machine 495,CNC Machine,2016-12-20,Operational
496,MCH-000496,51,Atlas Machine 496,Press Machine,2017-04-26,Operational
497,MCH-000497,22,Atlas Machine 497,Cutting Machine,2016-09-07,Operational
498,MCH-000498,30,Atlas Machine 498,CNC Machine,2017-05-25,Operational
499,MCH-000499,17,Atlas Machine 499,Packaging Machine,2016-09-24,Operational
500,MCH-000500,62,Atlas Machine 500,CNC Machine,2017-03-06,Operational
501,MCH-000501,70,Atlas Machine 501,Packaging Machine,2016-06-08,Operational
502,MCH-000502,68,Atlas Machine 502,Assembly Machine,2017-02-20,Operational
503,MCH-000503,57,Atlas Machine 503,Assembly Machine,2016-12-01,Operational
504,MCH-000504,61,Atlas Machine 504,CNC Machine,2017-12-26,Operational
505,MCH-000505,58,Atlas Machine 505,Packaging Machine,2016-02-18,Unknown
506,MCH-000506,61,Atlas Machine 506,Packaging Machine,2016-06-09,Operational
507,MCH-000507,68,Atlas Machine 507,CNC Machine,2018-11-28,Operational
508,MCH-000508,23,Atlas Machine 508,Assembly Machine,2017-11-22,Operational
509,MCH-000509,65,Atlas Machine 509,Press Machine,2017-10-17,Operational
510,MCH-000510,46,Atlas Machine 510,Cutting Machine,2018-08-12,Operational
511,MCH-000511,65,Atlas Machine 511,Press Machine,2018-11-12,Operational
512,MCH-000512,52,Atlas Machine 512,Cutting Machine,2016-07-06,Operational
513,MCH-000513,34,Atlas Machine 513,Packaging Machine,2017-06-08,Operational
514,MCH-000514,90,Atlas Machine 514,Cutting Machine,2017-10-26,Operational
515,MCH-000515,100,Atlas Machine 515,Packaging Machine,2017-09-28,Operational
516,MCH-000516,10,Atlas Machine 516,Packaging Machine,2017-08-21,Operational
517,MCH-000517,83,Atlas Machine 517,Assembly Machine,2016-07-16,Operational
518,MCH-000518,33,Atlas Machine 518,Packaging Machine,2018-01-06,Inactive
519,MCH-000519,46,Atlas Machine 519,CNC Machine,2016-01-22,Operational
520,MCH-000520,96,Atlas Machine 520,Packaging Machine,2016-06-29,Operational
521,MCH-000521,41,Atlas Machine 521,Packaging Machine,2018-11-18,Operational
522,MCH-000522,7,Atlas Machine 522,Packaging Machine,2017-10-25,Operational
523,MCH-000523,72,Atlas Machine 523,Packaging Machine,2016-07-14,Operational
524,MCH-000524,90,Atlas Machine 524,Assembly Machine,2017-12-18,Operational
525,MCH-000525,19,Atlas Machine 525,Packaging Machine,2017-01-30,Operational
526,MCH-000526,3,Atlas Machine 526,Cutting Machine,2016-08-06,Unknown
527,MCH-000527,100,Atlas Machine 527,Press Machine,2018-09-10,Operational
528,MCH-000528,2,Atlas Machine 528,Cutting Machine,2016-09-09,Operational
529,MCH-000529,57,Atlas Machine 529,Press Machine,2017-02-22,Operational
530,MCH-000530,79,Atlas Machine 530,Cutting Machine,2016-11-09,Operational
531,MCH-000531,20,Atlas Machine 531,Press Machine,2016-06-09,Inactive
532,MCH-000532,74,Atlas Machine 532,CNC Machine,2018-08-17,Operational
533,MCH-000533,66,Atlas Machine 533,Press Machine,2018-02-01,Operational
534,MCH-000534,62,Atlas Machine 534,CNC Machine,2017-05-09,Operational
535,MCH-000535,98,Atlas Machine 535,Press Machine,2016-07-15,Operational
536,MCH-000536,73,Atlas Machine 536,Cutting Machine,2016-12-19,Operational
537,MCH-000537,78,Atlas Machine 537,Cutting Machine,2018-05-14,Operational
538,MCH-000538,3,Atlas Machine 538,Cutting Machine,2016-02-15,Inactive
539,MCH-000539,27,Atlas Machine 539,Press Machine,2017-08-31,Operational
540,MCH-000540,14,Atlas Machine 540,Cutting Machine,2016-12-05,Operational
541,MCH-000541,86,Atlas Machine 541,Packaging Machine,2017-12-06,Operational
542,MCH-000542,53,Atlas Machine 542,Assembly Machine,2018-04-13,Operational
543,MCH-000543,15,Atlas Machine 543,Assembly Machine,2016-07-22,Maintenance
544,MCH-000544,57,Atlas Machine 544,Press Machine,2018-09-15,Operational
545,MCH-000545,34,Atlas Machine 545,Press Machine,2016-11-09,Operational
546,MCH-000546,87,Atlas Machine 546,Cutting Machine,2018-04-16,Operational
547,MCH-000547,49,Atlas Machine 547,Packaging Machine,2016-05-17,Operational
548,MCH-000548,15,Atlas Machine 548,Assembly Machine,2018-08-16,Operational
549,MCH-000549,89,Atlas Machine 549,Cutting Machine,2017-12-18,Operational
550,MCH-000550,85,Atlas Machine 550,Press Machine,2017-07-29,Operational
551,MCH-000551,87,Atlas Machine 551,Packaging Machine,2018-05-17,Maintenance
552,MCH-000552,87,Atlas Machine 552,Press Machine,2017-08-16,Operational
553,MCH-000553,57,Atlas Machine 553,Cutting Machine,2017-02-26,Operational
554,MCH-000554,34,Atlas Machine 554,Assembly Machine,2016-09-13,Operational
555,MCH-000555,42,Atlas Machine 555,Assembly Machine,2017-10-27,Operational
556,MCH-000556,39,Atlas Machine 556,Press Machine,2016-12-16,Operational
557,MCH-000557,34,Atlas Machine 557,Assembly Machine,2016-10-26,Maintenance
558,MCH-000558,91,Atlas Machine 558,Assembly Machine,2018-11-18,Operational
559,MCH-000559,82,Atlas Machine 559,Cutting Machine,2016-09-10,Operational
560,MCH-000560,62,Atlas Machine 560,Cutting Machine,2017-12-12,Operational
561,MCH-000561,99,Atlas Machine 561,CNC Machine,2016-09-29,Operational
562,MCH-000562,29,Atlas Machine 562,Assembly Machine,2016-11-23,Operational
563,MCH-000563,37,Atlas Machine 563,Press Machine,2018-05-28,Operational
564,MCH-000564,74,Atlas Machine 564,Packaging Machine,2018-03-21,Operational
565,MCH-000565,87,Atlas Machine 565,Press Machine,2016-01-15,Operational
566,MCH-000566,93,Atlas Machine 566,Cutting Machine,2016-01-12,Operational
567,MCH-000567,53,Atlas Machine 567,CNC Machine,2016-11-25,Operational
568,MCH-000568,44,Atlas Machine 568,Cutting Machine,2018-08-05,Operational
569,MCH-000569,81,Atlas Machine 569,Press Machine,2018-07-06,Operational
570,MCH-000570,28,Atlas Machine 570,Cutting Machine,2017-07-11,Unknown
571,MCH-000571,19,Atlas Machine 571,Packaging Machine,2018-12-10,Operational
572,MCH-000572,43,Atlas Machine 572,Packaging Machine,2016-04-23,Operational
573,MCH-000573,77,Atlas Machine 573,Packaging Machine,2017-08-02,Operational
574,MCH-000574,84,Atlas Machine 574,Press Machine,2016-06-29,Operational
575,MCH-000575,14,Atlas Machine 575,Cutting Machine,2017-06-27,Operational
576,MCH-000576,70,Atlas Machine 576,Packaging Machine,2018-06-06,Maintenance
577,MCH-000577,37,Atlas Machine 577,Press Machine,2016-03-01,Operational
578,MCH-000578,100,Atlas Machine 578,Assembly Machine,2017-01-14,Operational
579,MCH-000579,71,Atlas Machine 579,Assembly Machine,2016-01-05,Operational
580,MCH-000580,8,Atlas Machine 580,CNC Machine,2016-12-07,Operational
581,MCH-000581,76,Atlas Machine 581,Press Machine,2018-04-05,Operational
582,MCH-000582,80,Atlas Machine 582,Assembly Machine,2018-02-01,Operational
583,MCH-000583,7,Atlas Machine 583,Packaging Machine,2016-09-23,Operational
584,MCH-000584,100,Atlas Machine 584,Assembly Machine,2018-09-09,Operational
585,MCH-000585,12,Atlas Machine 585,Press Machine,2016-08-13,Operational
586,MCH-000586,27,Atlas Machine 586,Packaging Machine,2017-03-04,Operational
587,MCH-000587,57,Atlas Machine 587,CNC Machine,2016-01-09,Operational
588,MCH-000588,84,Atlas Machine 588,CNC Machine,2018-06-16,Operational
589,MCH-000589,45,Atlas Machine 589,Packaging Machine,2017-08-27,Operational
590,MCH-000590,96,Atlas Machine 590,Cutting Machine,2016-01-14,Operational
591,MCH-000591,72,Atlas Machine 591,Assembly Machine,2016-12-07,Operational
592,MCH-000592,51,Atlas Machine 592,Cutting Machine,2016-01-29,Operational
593,MCH-000593,45,Atlas Machine 593,Cutting Machine,2018-02-28,Operational
594,MCH-000594,1,Atlas Machine 594,CNC Machine,2016-11-16,Operational
595,MCH-000595,26,Atlas Machine 595,Press Machine,2018-01-31,Operational
596,MCH-000596,89,Atlas Machine 596,CNC Machine,2016-05-08,Operational
597,MCH-000597,67,Atlas Machine 597,CNC Machine,2017-05-30,Operational
598,MCH-000598,95,Atlas Machine 598,Packaging Machine,2016-07-18,Operational
599,MCH-000599,7,Atlas Machine 599,Press Machine,2018-11-07,Operational
600,MCH-000600,76,Atlas Machine 600,Cutting Machine,2018-10-29,Operational
601,MCH-000601,47,Atlas Machine 601,CNC Machine,2017-02-08,Operational
602,MCH-000602,31,Atlas Machine 602,Packaging Machine,2018-10-23,Operational
603,MCH-000603,57,Atlas Machine 603,Packaging Machine,2018-02-15,Operational
604,MCH-000604,86,Atlas Machine 604,Press Machine,2017-06-05,Operational
605,MCH-000605,8,Atlas Machine 605,CNC Machine,2017-09-18,Operational
606,MCH-000606,27,Atlas Machine 606,Cutting Machine,2018-09-18,Operational
607,MCH-000607,66,Atlas Machine 607,CNC Machine,2017-01-30,Inactive
608,MCH-000608,89,Atlas Machine 608,Assembly Machine,2018-02-17,Operational
609,MCH-000609,89,Atlas Machine 609,Packaging Machine,2018-04-16,Inactive
610,MCH-000610,57,Atlas Machine 610,Press Machine,2018-08-23,Operational
611,MCH-000611,2,Atlas Machine 611,Assembly Machine,2018-06-02,Operational
612,MCH-000612,80,Atlas Machine 612,Press Machine,2018-11-28,Operational
613,MCH-000613,36,Atlas Machine 613,Packaging Machine,2016-06-15,Operational
614,MCH-000614,70,Atlas Machine 614,Cutting Machine,2018-01-13,Operational
615,MCH-000615,78,Atlas Machine 615,Cutting Machine,2016-07-16,Operational
616,MCH-000616,48,Atlas Machine 616,Cutting Machine,2016-09-28,Operational
617,MCH-000617,57,Atlas Machine 617,Packaging Machine,2016-10-08,Operational
618,MCH-000618,49,Atlas Machine 618,CNC Machine,2018-08-11,Operational
619,MCH-000619,15,Atlas Machine 619,Cutting Machine,2017-01-11,Operational
620,MCH-000620,61,Atlas Machine 620,Cutting Machine,2018-08-27,Inactive
621,MCH-000621,55,Atlas Machine 621,Assembly Machine,2017-02-03,Operational
622,MCH-000622,43,Atlas Machine 622,Press Machine,2017-07-19,Operational
623,MCH-000623,22,Atlas Machine 623,Packaging Machine,2016-04-20,Operational
624,MCH-000624,25,Atlas Machine 624,Assembly Machine,2016-08-14,Operational
625,MCH-000625,16,Atlas Machine 625,Cutting Machine,2018-10-23,Operational
626,MCH-000626,3,Atlas Machine 626,Press Machine,2018-12-13,Operational
627,MCH-000627,36,Atlas Machine 627,Assembly Machine,2016-01-03,Inactive
628,MCH-000628,49,Atlas Machine 628,Cutting Machine,2016-06-05,Maintenance
629,MCH-000629,58,Atlas Machine 629,CNC Machine,2018-04-12,Operational
630,MCH-000630,4,Atlas Machine 630,Packaging Machine,2018-07-21,Operational
631,MCH-000631,75,Atlas Machine 631,Packaging Machine,2018-02-28,Operational
632,MCH-000632,49,Atlas Machine 632,Press Machine,2017-02-14,Operational
633,MCH-000633,89,Atlas Machine 633,Cutting Machine,2017-02-09,Operational
634,MCH-000634,10,Atlas Machine 634,Cutting Machine,2016-05-13,Operational
635,MCH-000635,34,Atlas Machine 635,Packaging Machine,2016-05-30,Operational
636,MCH-000636,29,Atlas Machine 636,Packaging Machine,2018-09-06,Inactive
637,MCH-000637,47,Atlas Machine 637,Assembly Machine,2016-04-04,Operational
638,MCH-000638,62,Atlas Machine 638,Press Machine,2018-12-10,Operational
639,MCH-000639,8,Atlas Machine 639,Cutting Machine,2017-10-19,Operational
640,MCH-000640,9,Atlas Machine 640,Packaging Machine,2018-05-17,Operational
641,MCH-000641,90,Atlas Machine 641,Assembly Machine,2018-08-09,Operational
642,MCH-000642,59,Atlas Machine 642,Cutting Machine,2018-01-04,Operational
643,MCH-000643,32,Atlas Machine 643,CNC Machine,2016-11-14,Operational
644,MCH-000644,55,Atlas Machine 644,CNC Machine,2016-04-02,Maintenance
645,MCH-000645,23,Atlas Machine 645,Packaging Machine,2017-07-04,Operational
646,MCH-000646,14,Atlas Machine 646,Press Machine,2017-03-01,Operational
647,MCH-000647,42,Atlas Machine 647,Press Machine,2018-05-29,Operational
648,MCH-000648,39,Atlas Machine 648,Assembly Machine,2016-06-24,Operational
649,MCH-000649,54,Atlas Machine 649,Assembly Machine,2018-03-09,Operational
650,MCH-000650,12,Atlas Machine 650,Packaging Machine,2017-07-21,Operational
651,MCH-000651,3,Atlas Machine 651,Packaging Machine,2016-08-09,Operational
652,MCH-000652,10,Atlas Machine 652,Packaging Machine,2017-05-17,Operational
653,MCH-000653,83,Atlas Machine 653,Press Machine,2018-05-13,Operational
654,MCH-000654,91,Atlas Machine 654,Assembly Machine,2016-05-04,Operational
655,MCH-000655,57,Atlas Machine 655,Assembly Machine,2016-10-19,Operational
656,MCH-000656,31,Atlas Machine 656,Assembly Machine,2016-08-09,Operational
657,MCH-000657,57,Atlas Machine 657,Assembly Machine,2017-09-15,Operational
658,MCH-000658,51,Atlas Machine 658,CNC Machine,2018-10-01,Operational
659,MCH-000659,91,Atlas Machine 659,Press Machine,2016-01-27,Operational
660,MCH-000660,45,Atlas Machine 660,CNC Machine,2017-09-25,Operational
661,MCH-000661,10,Atlas Machine 661,CNC Machine,2018-01-21,Operational
662,MCH-000662,52,Atlas Machine 662,Cutting Machine,2017-07-22,Operational
663,MCH-000663,86,Atlas Machine 663,CNC Machine,2018-03-15,Operational
664,MCH-000664,10,Atlas Machine 664,CNC Machine,2016-12-28,Operational
665,MCH-000665,11,Atlas Machine 665,Press Machine,2016-04-01,Operational
666,MCH-000666,24,Atlas Machine 666,Press Machine,2018-04-25,Maintenance
667,MCH-000667,47,Atlas Machine 667,Packaging Machine,2016-03-02,Maintenance
668,MCH-000668,21,Atlas Machine 668,Cutting Machine,2017-06-13,Operational
669,MCH-000669,92,Atlas Machine 669,Packaging Machine,2018-02-18,Operational
670,MCH-000670,87,Atlas Machine 670,Press Machine,2016-05-15,Operational
671,MCH-000671,77,Atlas Machine 671,Press Machine,2018-06-06,Maintenance
672,MCH-000672,17,Atlas Machine 672,Assembly Machine,2016-04-19,Operational
673,MCH-000673,47,Atlas Machine 673,Assembly Machine,2017-09-14,Operational
674,MCH-000674,46,Atlas Machine 674,Assembly Machine,2016-02-01,Operational
675,MCH-000675,13,Atlas Machine 675,Cutting Machine,2016-03-21,Operational
676,MCH-000676,18,Atlas Machine 676,Cutting Machine,2017-09-11,Operational
677,MCH-000677,4,Atlas Machine 677,Press Machine,2016-07-28,Unknown
678,MCH-000678,34,Atlas Machine 678,CNC Machine,2017-07-05,Operational
679,MCH-000679,77,Atlas Machine 679,Assembly Machine,2017-09-27,Operational
680,MCH-000680,64,Atlas Machine 680,Press Machine,2016-11-19,Operational
681,MCH-000681,82,Atlas Machine 681,Assembly Machine,2016-01-26,Operational
682,MCH-000682,2,Atlas Machine 682,Packaging Machine,2016-01-25,Operational
683,MCH-000683,11,Atlas Machine 683,Assembly Machine,2018-04-02,Operational
684,MCH-000684,39,Atlas Machine 684,Press Machine,2017-12-01,Operational
685,MCH-000685,90,Atlas Machine 685,Assembly Machine,2018-03-11,Operational
686,MCH-000686,49,Atlas Machine 686,CNC Machine,2017-07-04,Operational
687,MCH-000687,98,Atlas Machine 687,CNC Machine,2018-08-09,Operational
688,MCH-000688,76,Atlas Machine 688,CNC Machine,2017-04-19,Operational
689,MCH-000689,65,Atlas Machine 689,Press Machine,2016-08-25,Operational
690,MCH-000690,91,Atlas Machine 690,Cutting Machine,2018-08-06,Operational
691,MCH-000691,28,Atlas Machine 691,Cutting Machine,2017-04-11,Operational
692,MCH-000692,10,Atlas Machine 692,Cutting Machine,2018-04-04,Operational
693,MCH-000693,87,Atlas Machine 693,Cutting Machine,2017-12-16,Unknown
694,MCH-000694,71,Atlas Machine 694,Assembly Machine,2018-04-22,Operational
695,MCH-000695,1,Atlas Machine 695,Cutting Machine,2018-10-28,Operational
696,MCH-000696,18,Atlas Machine 696,Packaging Machine,2016-10-03,Operational
697,MCH-000697,67,Atlas Machine 697,Assembly Machine,2018-06-25,Operational
698,MCH-000698,86,Atlas Machine 698,Cutting Machine,2017-06-11,Operational
699,MCH-000699,60,Atlas Machine 699,Press Machine,2017-01-08,Operational
700,MCH-000700,35,Atlas Machine 700,Assembly Machine,2018-01-14,Operational
701,MCH-000701,62,Atlas Machine 701,Packaging Machine,2018-10-27,Operational
702,MCH-000702,32,Atlas Machine 702,Assembly Machine,2016-07-15,Maintenance
703,MCH-000703,5,Atlas Machine 703,Packaging Machine,2017-02-15,Operational
704,MCH-000704,29,Atlas Machine 704,Cutting Machine,2017-04-01,Inactive
705,MCH-000705,80,Atlas Machine 705,Cutting Machine,2018-11-17,Operational
706,MCH-000706,39,Atlas Machine 706,Packaging Machine,2017-08-12,Operational
707,MCH-000707,18,Atlas Machine 707,Packaging Machine,2018-04-06,Operational
708,MCH-000708,96,Atlas Machine 708,Packaging Machine,2016-03-07,Operational
709,MCH-000709,10,Atlas Machine 709,Assembly Machine,2017-07-20,Operational
710,MCH-000710,100,Atlas Machine 710,Press Machine,2017-01-14,Operational
711,MCH-000711,20,Atlas Machine 711,Assembly Machine,2016-02-23,Operational
712,MCH-000712,26,Atlas Machine 712,Assembly Machine,2018-04-09,Operational
713,MCH-000713,87,Atlas Machine 713,Assembly Machine,2018-11-10,Operational
714,MCH-000714,20,Atlas Machine 714,CNC Machine,2016-08-04,Operational
715,MCH-000715,19,Atlas Machine 715,Cutting Machine,2018-12-10,Operational
716,MCH-000716,16,Atlas Machine 716,Press Machine,2018-11-20,Operational
717,MCH-000717,65,Atlas Machine 717,Packaging Machine,2018-03-07,Operational
718,MCH-000718,53,Atlas Machine 718,Packaging Machine,2016-08-07,Operational
719,MCH-000719,14,Atlas Machine 719,Press Machine,2018-05-28,Operational
720,MCH-000720,37,Atlas Machine 720,Press Machine,2016-05-30,Maintenance
721,MCH-000721,63,Atlas Machine 721,Assembly Machine,2017-10-13,Operational
722,MCH-000722,79,Atlas Machine 722,Cutting Machine,2018-07-25,Operational
723,MCH-000723,15,Atlas Machine 723,Packaging Machine,2018-09-14,Operational
724,MCH-000724,22,Atlas Machine 724,CNC Machine,2016-02-28,Operational
725,MCH-000725,4,Atlas Machine 725,Cutting Machine,2018-09-21,Operational
726,MCH-000726,96,Atlas Machine 726,Cutting Machine,2018-08-01,Operational
727,MCH-000727,69,Atlas Machine 727,Cutting Machine,2017-12-16,Maintenance
728,MCH-000728,61,Atlas Machine 728,CNC Machine,2017-03-05,Operational
729,MCH-000729,6,Atlas Machine 729,Packaging Machine,2018-05-25,Inactive
730,MCH-000730,29,Atlas Machine 730,CNC Machine,2018-06-13,Maintenance
731,MCH-000731,10,Atlas Machine 731,Cutting Machine,2016-05-17,Operational
732,MCH-000732,22,Atlas Machine 732,CNC Machine,2018-06-14,Operational
733,MCH-000733,40,Atlas Machine 733,Assembly Machine,2017-05-03,Operational
734,MCH-000734,92,Atlas Machine 734,CNC Machine,2017-09-20,Operational
735,MCH-000735,25,Atlas Machine 735,Press Machine,2018-08-28,Operational
736,MCH-000736,59,Atlas Machine 736,Packaging Machine,2016-03-09,Operational
737,MCH-000737,24,Atlas Machine 737,Assembly Machine,2016-03-23,Operational
738,MCH-000738,97,Atlas Machine 738,CNC Machine,2017-06-29,Maintenance
739,MCH-000739,40,Atlas Machine 739,CNC Machine,2018-04-10,Operational
740,MCH-000740,97,Atlas Machine 740,Press Machine,2016-03-14,Operational
741,MCH-000741,85,Atlas Machine 741,Press Machine,2016-09-29,Operational
742,MCH-000742,79,Atlas Machine 742,Cutting Machine,2016-03-04,Operational
743,MCH-000743,8,Atlas Machine 743,CNC Machine,2017-09-27,Maintenance
744,MCH-000744,32,Atlas Machine 744,CNC Machine,2018-02-02,Operational
745,MCH-000745,40,Atlas Machine 745,Assembly Machine,2016-03-25,Operational
746,MCH-000746,70,Atlas Machine 746,Packaging Machine,2017-02-17,Operational
747,MCH-000747,9,Atlas Machine 747,Press Machine,2017-12-23,Operational
748,MCH-000748,79,Atlas Machine 748,Press Machine,2016-02-29,Operational
749,MCH-000749,32,Atlas Machine 749,Cutting Machine,2016-10-20,Operational
750,MCH-000750,92,Atlas Machine 750,CNC Machine,2017-04-09,Operational
751,MCH-000751,5,Atlas Machine 751,CNC Machine,2017-03-08,Operational
752,MCH-000752,21,Atlas Machine 752,Packaging Machine,2018-05-18,Operational
753,MCH-000753,37,Atlas Machine 753,Assembly Machine,2018-02-25,Maintenance
754,MCH-000754,53,Atlas Machine 754,Cutting Machine,2018-11-08,Operational
755,MCH-000755,34,Atlas Machine 755,CNC Machine,2017-04-01,Operational
756,MCH-000756,57,Atlas Machine 756,CNC Machine,2016-11-10,Operational
757,MCH-000757,68,Atlas Machine 757,Press Machine,2018-06-04,Operational
758,MCH-000758,77,Atlas Machine 758,Cutting Machine,2018-06-05,Operational
759,MCH-000759,70,Atlas Machine 759,Assembly Machine,2017-03-21,Operational
760,MCH-000760,46,Atlas Machine 760,Press Machine,2017-11-27,Operational
761,MCH-000761,86,Atlas Machine 761,Press Machine,2016-11-13,Operational
762,MCH-000762,12,Atlas Machine 762,Cutting Machine,2016-01-08,Operational
763,MCH-000763,7,Atlas Machine 763,Press Machine,2018-04-14,Operational
764,MCH-000764,2,Atlas Machine 764,CNC Machine,2017-09-28,Operational
765,MCH-000765,73,Atlas Machine 765,Assembly Machine,2016-03-10,Operational
766,MCH-000766,92,Atlas Machine 766,Packaging Machine,2016-03-23,Operational
767,MCH-000767,86,Atlas Machine 767,CNC Machine,2017-12-23,Maintenance
768,MCH-000768,18,Atlas Machine 768,CNC Machine,2018-07-28,Maintenance
769,MCH-000769,20,Atlas Machine 769,Press Machine,2016-11-16,Maintenance
770,MCH-000770,14,Atlas Machine 770,Press Machine,2017-05-17,Operational
771,MCH-000771,27,Atlas Machine 771,Assembly Machine,2018-08-14,Maintenance
772,MCH-000772,29,Atlas Machine 772,Packaging Machine,2018-05-30,Maintenance
773,MCH-000773,38,Atlas Machine 773,CNC Machine,2017-05-19,Operational
774,MCH-000774,33,Atlas Machine 774,Assembly Machine,2018-06-19,Operational
775,MCH-000775,63,Atlas Machine 775,Cutting Machine,2016-06-09,Operational
776,MCH-000776,32,Atlas Machine 776,Packaging Machine,2017-03-21,Inactive
777,MCH-000777,3,Atlas Machine 777,Press Machine,2018-12-12,Operational
778,MCH-000778,2,Atlas Machine 778,Assembly Machine,2016-10-07,Operational
779,MCH-000779,49,Atlas Machine 779,Cutting Machine,2016-04-29,Operational
780,MCH-000780,42,Atlas Machine 780,Press Machine,2016-12-12,Operational
781,MCH-000781,80,Atlas Machine 781,CNC Machine,2018-04-12,Operational
782,MCH-000782,90,Atlas Machine 782,Assembly Machine,2016-05-22,Operational
783,MCH-000783,76,Atlas Machine 783,Assembly Machine,2017-08-27,Operational
784,MCH-000784,97,Atlas Machine 784,Assembly Machine,2017-04-01,Operational
785,MCH-000785,22,Atlas Machine 785,Cutting Machine,2018-08-25,Operational
786,MCH-000786,72,Atlas Machine 786,Cutting Machine,2017-10-30,Operational
787,MCH-000787,2,Atlas Machine 787,Cutting Machine,2018-03-31,Operational
788,MCH-000788,60,Atlas Machine 788,CNC Machine,2018-09-06,Operational
789,MCH-000789,50,Atlas Machine 789,CNC Machine,2017-12-24,Operational
790,MCH-000790,17,Atlas Machine 790,Packaging Machine,2017-12-10,Operational
791,MCH-000791,9,Atlas Machine 791,Assembly Machine,2018-11-03,Operational
792,MCH-000792,19,Atlas Machine 792,Cutting Machine,2017-05-06,Operational
793,MCH-000793,32,Atlas Machine 793,Cutting Machine,2016-11-26,Inactive
794,MCH-000794,89,Atlas Machine 794,Press Machine,2016-08-31,Operational
795,MCH-000795,21,Atlas Machine 795,Packaging Machine,2017-04-09,Operational
796,MCH-000796,51,Atlas Machine 796,Packaging Machine,2017-05-04,Operational
797,MCH-000797,66,Atlas Machine 797,Packaging Machine,2016-11-30,Operational
798,MCH-000798,90,Atlas Machine 798,Press Machine,2018-08-11,Operational
799,MCH-000799,48,Atlas Machine 799,Assembly Machine,2016-06-28,Operational
800,MCH-000800,9,Atlas Machine 800,Assembly Machine,2016-11-04,Inactive
801,MCH-000801,27,Atlas Machine 801,CNC Machine,2018-11-30,Operational
802,MCH-000802,89,Atlas Machine 802,CNC Machine,2017-10-31,Operational
803,MCH-000803,8,Atlas Machine 803,CNC Machine,2016-06-26,Operational
804,MCH-000804,67,Atlas Machine 804,CNC Machine,2017-10-25,Operational
805,MCH-000805,1,Atlas Machine 805,Packaging Machine,2017-09-17,Unknown
806,MCH-000806,25,Atlas Machine 806,Assembly Machine,2017-11-04,Operational
807,MCH-000807,30,Atlas Machine 807,Cutting Machine,2016-01-09,Operational
808,MCH-000808,84,Atlas Machine 808,Press Machine,2017-04-07,Operational
809,MCH-000809,7,Atlas Machine 809,CNC Machine,2017-06-18,Operational
810,MCH-000810,12,Atlas Machine 810,Press Machine,2018-08-25,Operational
811,MCH-000811,51,Atlas Machine 811,Packaging Machine,2018-12-15,Operational
812,MCH-000812,75,Atlas Machine 812,CNC Machine,2018-04-09,Operational
813,MCH-000813,99,Atlas Machine 813,Press Machine,2016-03-28,Operational
814,MCH-000814,20,Atlas Machine 814,Assembly Machine,2017-10-05,Inactive
815,MCH-000815,70,Atlas Machine 815,Assembly Machine,2018-10-30,Operational
816,MCH-000816,3,Atlas Machine 816,CNC Machine,2016-10-31,Operational
817,MCH-000817,63,Atlas Machine 817,Packaging Machine,2018-03-02,Operational
818,MCH-000818,5,Atlas Machine 818,Press Machine,2016-08-05,Inactive
819,MCH-000819,82,Atlas Machine 819,Assembly Machine,2016-02-27,Operational
820,MCH-000820,13,Atlas Machine 820,Packaging Machine,2018-03-15,Operational
821,MCH-000821,77,Atlas Machine 821,Assembly Machine,2018-08-26,Operational
822,MCH-000822,6,Atlas Machine 822,Press Machine,2016-12-03,Maintenance
823,MCH-000823,95,Atlas Machine 823,Press Machine,2018-04-27,Operational
824,MCH-000824,13,Atlas Machine 824,Cutting Machine,2017-06-05,Operational
825,MCH-000825,11,Atlas Machine 825,Packaging Machine,2018-04-09,Operational
826,MCH-000826,5,Atlas Machine 826,Assembly Machine,2018-11-01,Maintenance
827,MCH-000827,76,Atlas Machine 827,Assembly Machine,2018-06-08,Operational
828,MCH-000828,36,Atlas Machine 828,Press Machine,2018-08-30,Operational
829,MCH-000829,93,Atlas Machine 829,Assembly Machine,2016-02-18,Operational
830,MCH-000830,57,Atlas Machine 830,Packaging Machine,2017-02-07,Operational
831,MCH-000831,4,Atlas Machine 831,Press Machine,2017-04-24,Maintenance
832,MCH-000832,54,Atlas Machine 832,Cutting Machine,2018-08-17,Operational
833,MCH-000833,1,Atlas Machine 833,Cutting Machine,2017-02-16,Operational
834,MCH-000834,43,Atlas Machine 834,Cutting Machine,2016-12-05,Operational
835,MCH-000835,21,Atlas Machine 835,Cutting Machine,2017-04-12,Operational
836,MCH-000836,47,Atlas Machine 836,Assembly Machine,2018-06-30,Operational
837,MCH-000837,92,Atlas Machine 837,CNC Machine,2017-10-29,Operational
838,MCH-000838,80,Atlas Machine 838,Press Machine,2016-01-30,Operational
839,MCH-000839,77,Atlas Machine 839,Assembly Machine,2016-08-04,Maintenance
840,MCH-000840,69,Atlas Machine 840,Press Machine,2017-08-28,Maintenance
841,MCH-000841,23,Atlas Machine 841,Press Machine,2016-12-08,Operational
842,MCH-000842,86,Atlas Machine 842,Press Machine,2017-09-13,Operational
843,MCH-000843,91,Atlas Machine 843,Assembly Machine,2017-04-23,Operational
844,MCH-000844,97,Atlas Machine 844,Cutting Machine,2016-05-16,Operational
845,MCH-000845,19,Atlas Machine 845,Cutting Machine,2018-05-11,Operational
846,MCH-000846,34,Atlas Machine 846,CNC Machine,2017-11-18,Operational
847,MCH-000847,4,Atlas Machine 847,Press Machine,2017-07-15,Operational
848,MCH-000848,10,Atlas Machine 848,Press Machine,2018-01-24,Operational
849,MCH-000849,46,Atlas Machine 849,CNC Machine,2017-09-22,Operational
850,MCH-000850,5,Atlas Machine 850,CNC Machine,2017-04-16,Operational
851,MCH-000851,16,Atlas Machine 851,CNC Machine,2018-07-26,Operational
852,MCH-000852,46,Atlas Machine 852,Press Machine,2017-05-31,Operational
853,MCH-000853,33,Atlas Machine 853,Press Machine,2018-07-23,Operational
854,MCH-000854,3,Atlas Machine 854,Assembly Machine,2018-03-12,Operational
855,MCH-000855,90,Atlas Machine 855,Assembly Machine,2017-10-11,Operational
856,MCH-000856,29,Atlas Machine 856,Packaging Machine,2016-06-12,Operational
857,MCH-000857,21,Atlas Machine 857,CNC Machine,2018-08-13,Operational
858,MCH-000858,12,Atlas Machine 858,Press Machine,2018-04-23,Operational
859,MCH-000859,28,Atlas Machine 859,Cutting Machine,2018-09-12,Operational
860,MCH-000860,18,Atlas Machine 860,Packaging Machine,2016-04-05,Operational
861,MCH-000861,6,Atlas Machine 861,Assembly Machine,2018-08-18,Operational
862,MCH-000862,21,Atlas Machine 862,CNC Machine,2016-06-30,Operational
863,MCH-000863,62,Atlas Machine 863,Assembly Machine,2018-06-17,Operational
864,MCH-000864,34,Atlas Machine 864,Assembly Machine,2018-03-02,Operational
865,MCH-000865,43,Atlas Machine 865,CNC Machine,2016-02-20,Inactive
866,MCH-000866,8,Atlas Machine 866,Press Machine,2018-09-11,Operational
867,MCH-000867,91,Atlas Machine 867,Packaging Machine,2016-07-24,Operational
868,MCH-000868,50,Atlas Machine 868,CNC Machine,2017-09-13,Operational
869,MCH-000869,82,Atlas Machine 869,CNC Machine,2017-04-21,Operational
870,MCH-000870,39,Atlas Machine 870,Packaging Machine,2016-10-26,Unknown
871,MCH-000871,60,Atlas Machine 871,CNC Machine,2018-03-19,Operational
872,MCH-000872,65,Atlas Machine 872,Press Machine,2017-01-11,Operational
873,MCH-000873,57,Atlas Machine 873,Press Machine,2018-12-16,Maintenance
874,MCH-000874,46,Atlas Machine 874,CNC Machine,2018-09-02,Operational
875,MCH-000875,93,Atlas Machine 875,Press Machine,2017-12-03,Operational
876,MCH-000876,25,Atlas Machine 876,Cutting Machine,2017-05-21,Operational
877,MCH-000877,4,Atlas Machine 877,Cutting Machine,2017-05-23,Operational
878,MCH-000878,91,Atlas Machine 878,Cutting Machine,2018-08-13,Operational
879,MCH-000879,45,Atlas Machine 879,Assembly Machine,2018-12-26,Maintenance
880,MCH-000880,21,Atlas Machine 880,Cutting Machine,2018-06-17,Operational
881,MCH-000881,87,Atlas Machine 881,Packaging Machine,2017-10-25,Operational
882,MCH-000882,50,Atlas Machine 882,Cutting Machine,2016-10-28,Operational
883,MCH-000883,67,Atlas Machine 883,CNC Machine,2016-07-14,Maintenance
884,MCH-000884,67,Atlas Machine 884,Assembly Machine,2016-04-09,Operational
885,MCH-000885,99,Atlas Machine 885,Packaging Machine,2017-05-03,Operational
886,MCH-000886,95,Atlas Machine 886,Press Machine,2017-12-31,Operational
887,MCH-000887,2,Atlas Machine 887,Cutting Machine,2016-08-10,Operational
888,MCH-000888,70,Atlas Machine 888,CNC Machine,2017-09-06,Operational
889,MCH-000889,19,Atlas Machine 889,Cutting Machine,2018-01-08,Operational
890,MCH-000890,42,Atlas Machine 890,Press Machine,2018-06-16,Operational
891,MCH-000891,38,Atlas Machine 891,Cutting Machine,2017-12-21,Operational
892,MCH-000892,61,Atlas Machine 892,Assembly Machine,2017-09-28,Operational
893,MCH-000893,41,Atlas Machine 893,Press Machine,2016-07-05,Operational
894,MCH-000894,25,Atlas Machine 894,Packaging Machine,2017-08-07,Operational
895,MCH-000895,73,Atlas Machine 895,Assembly Machine,2017-12-08,Operational
896,MCH-000896,54,Atlas Machine 896,Press Machine,2018-12-13,Operational
897,MCH-000897,28,Atlas Machine 897,Packaging Machine,2017-04-22,Operational
898,MCH-000898,45,Atlas Machine 898,Assembly Machine,2018-11-18,Operational
899,MCH-000899,95,Atlas Machine 899,Press Machine,2018-07-09,Operational
900,MCH-000900,56,Atlas Machine 900,Packaging Machine,2016-01-05,Inactive
901,MCH-000901,73,Atlas Machine 901,Cutting Machine,2016-03-08,Operational
902,MCH-000902,6,Atlas Machine 902,Cutting Machine,2017-03-26,Operational
903,MCH-000903,37,Atlas Machine 903,Cutting Machine,2018-10-18,Operational
904,MCH-000904,37,Atlas Machine 904,Assembly Machine,2017-05-20,Maintenance
905,MCH-000905,45,Atlas Machine 905,Packaging Machine,2016-04-30,Operational
906,MCH-000906,60,Atlas Machine 906,CNC Machine,2017-05-27,Maintenance
907,MCH-000907,97,Atlas Machine 907,Cutting Machine,2017-03-25,Operational
908,MCH-000908,57,Atlas Machine 908,Cutting Machine,2016-05-22,Operational
909,MCH-000909,15,Atlas Machine 909,Press Machine,2016-04-08,Operational
910,MCH-000910,62,Atlas Machine 910,CNC Machine,2017-02-19,Operational
911,MCH-000911,86,Atlas Machine 911,Packaging Machine,2018-06-09,Operational
912,MCH-000912,34,Atlas Machine 912,CNC Machine,2016-10-26,Operational
913,MCH-000913,94,Atlas Machine 913,CNC Machine,2016-11-13,Operational
914,MCH-000914,54,Atlas Machine 914,Packaging Machine,2017-03-13,Operational
915,MCH-000915,57,Atlas Machine 915,Press Machine,2017-03-31,Operational
916,MCH-000916,37,Atlas Machine 916,Press Machine,2018-09-14,Operational
917,MCH-000917,38,Atlas Machine 917,CNC Machine,2018-10-04,Maintenance
918,MCH-000918,89,Atlas Machine 918,Packaging Machine,2017-05-27,Operational
919,MCH-000919,24,Atlas Machine 919,CNC Machine,2018-05-09,Operational
920,MCH-000920,17,Atlas Machine 920,Assembly Machine,2018-05-03,Operational
921,MCH-000921,55,Atlas Machine 921,Cutting Machine,2016-04-17,Operational
922,MCH-000922,93,Atlas Machine 922,CNC Machine,2016-05-22,Operational
923,MCH-000923,35,Atlas Machine 923,Assembly Machine,2017-12-07,Maintenance
924,MCH-000924,31,Atlas Machine 924,Cutting Machine,2018-12-26,Operational
925,MCH-000925,69,Atlas Machine 925,CNC Machine,2017-02-09,Operational
926,MCH-000926,74,Atlas Machine 926,Assembly Machine,2018-07-03,Operational
927,MCH-000927,68,Atlas Machine 927,Press Machine,2018-05-28,Inactive
928,MCH-000928,69,Atlas Machine 928,CNC Machine,2017-09-13,Operational
929,MCH-000929,61,Atlas Machine 929,Press Machine,2018-05-15,Operational
930,MCH-000930,41,Atlas Machine 930,Packaging Machine,2016-04-23,Operational
931,MCH-000931,31,Atlas Machine 931,CNC Machine,2016-10-23,Operational
932,MCH-000932,44,Atlas Machine 932,CNC Machine,2017-12-23,Operational
933,MCH-000933,58,Atlas Machine 933,Assembly Machine,2016-11-26,Inactive
934,MCH-000934,20,Atlas Machine 934,Packaging Machine,2016-04-25,Operational
935,MCH-000935,75,Atlas Machine 935,Press Machine,2016-07-31,Operational
936,MCH-000936,32,Atlas Machine 936,Press Machine,2017-12-17,Operational
937,MCH-000937,48,Atlas Machine 937,CNC Machine,2017-10-28,Operational
938,MCH-000938,7,Atlas Machine 938,Press Machine,2018-03-07,Operational
939,MCH-000939,2,Atlas Machine 939,Cutting Machine,2016-08-21,Operational
940,MCH-000940,81,Atlas Machine 940,Press Machine,2018-07-22,Operational
941,MCH-000941,3,Atlas Machine 941,Packaging Machine,2017-12-24,Maintenance
942,MCH-000942,48,Atlas Machine 942,CNC Machine,2018-12-28,Inactive
943,MCH-000943,57,Atlas Machine 943,Press Machine,2016-04-14,Operational
944,MCH-000944,26,Atlas Machine 944,Packaging Machine,2018-01-11,Maintenance
945,MCH-000945,18,Atlas Machine 945,Press Machine,2016-09-25,Operational
946,MCH-000946,86,Atlas Machine 946,Press Machine,2017-02-27,Operational
947,MCH-000947,96,Atlas Machine 947,CNC Machine,2016-08-01,Maintenance
948,MCH-000948,56,Atlas Machine 948,Assembly Machine,2018-11-19,Maintenance
949,MCH-000949,34,Atlas Machine 949,Press Machine,2016-01-24,Operational
950,MCH-000950,72,Atlas Machine 950,Assembly Machine,2017-04-13,Operational
951,MCH-000951,59,Atlas Machine 951,Cutting Machine,2016-11-03,Operational
952,MCH-000952,85,Atlas Machine 952,CNC Machine,2018-06-18,Operational
953,MCH-000953,45,Atlas Machine 953,Assembly Machine,2016-10-15,Maintenance
954,MCH-000954,8,Atlas Machine 954,CNC Machine,2017-02-09,Operational
955,MCH-000955,93,Atlas Machine 955,Assembly Machine,2017-06-10,Inactive
956,MCH-000956,96,Atlas Machine 956,Press Machine,2018-05-15,Operational
957,MCH-000957,8,Atlas Machine 957,Assembly Machine,2016-03-13,Operational
958,MCH-000958,20,Atlas Machine 958,Assembly Machine,2018-02-11,Operational
959,MCH-000959,91,Atlas Machine 959,Packaging Machine,2016-05-26,Operational
960,MCH-000960,80,Atlas Machine 960,Cutting Machine,2017-01-29,Operational
961,MCH-000961,32,Atlas Machine 961,Cutting Machine,2018-08-29,Operational
962,MCH-000962,98,Atlas Machine 962,Assembly Machine,2016-03-02,Operational
963,MCH-000963,33,Atlas Machine 963,Cutting Machine,2017-04-11,Inactive
964,MCH-000964,9,Atlas Machine 964,Cutting Machine,2016-01-11,Operational
965,MCH-000965,57,Atlas Machine 965,Press Machine,2017-07-31,Operational
966,MCH-000966,57,Atlas Machine 966,Cutting Machine,2017-08-23,Operational
967,MCH-000967,37,Atlas Machine 967,Packaging Machine,2016-05-23,Operational
968,MCH-000968,71,Atlas Machine 968,Cutting Machine,2018-09-11,Operational
969,MCH-000969,53,Atlas Machine 969,Packaging Machine,2017-12-10,Operational
970,MCH-000970,6,Atlas Machine 970,Press Machine,2016-05-20,Operational
971,MCH-000971,9,Atlas Machine 971,Assembly Machine,2016-04-03,Operational
972,MCH-000972,81,Atlas Machine 972,CNC Machine,2016-11-10,Operational
973,MCH-000973,80,Atlas Machine 973,Packaging Machine,2017-04-09,Operational
974,MCH-000974,97,Atlas Machine 974,Assembly Machine,2018-09-28,Operational
975,MCH-000975,79,Atlas Machine 975,CNC Machine,2016-12-20,Inactive
976,MCH-000976,11,Atlas Machine 976,Packaging Machine,2018-04-16,Maintenance
977,MCH-000977,95,Atlas Machine 977,Cutting Machine,2016-01-08,Operational
978,MCH-000978,81,Atlas Machine 978,Press Machine,2017-11-04,Operational
979,MCH-000979,9,Atlas Machine 979,Assembly Machine,2018-05-16,Operational
980,MCH-000980,28,Atlas Machine 980,Packaging Machine,2017-10-16,Operational
981,MCH-000981,64,Atlas Machine 981,Packaging Machine,2017-06-29,Operational
982,MCH-000982,8,Atlas Machine 982,Packaging Machine,2017-06-02,Maintenance
983,MCH-000983,10,Atlas Machine 983,Press Machine,2016-12-31,Operational
984,MCH-000984,14,Atlas Machine 984,CNC Machine,2017-10-30,Operational
985,MCH-000985,86,Atlas Machine 985,Cutting Machine,2018-07-14,Operational
986,MCH-000986,68,Atlas Machine 986,Packaging Machine,2016-02-25,Maintenance
987,MCH-000987,43,Atlas Machine 987,Press Machine,2017-05-05,Operational
988,MCH-000988,97,Atlas Machine 988,Assembly Machine,2016-01-06,Operational
989,MCH-000989,69,Atlas Machine 989,CNC Machine,2017-04-06,Operational
990,MCH-000990,61,Atlas Machine 990,Assembly Machine,2017-05-17,Operational
991,MCH-000991,44,Atlas Machine 991,Cutting Machine,2016-06-10,Operational
992,MCH-000992,46,Atlas Machine 992,Assembly Machine,2016-06-01,Operational
993,MCH-000993,59,Atlas Machine 993,Press Machine,2016-04-27,Operational
994,MCH-000994,36,Atlas Machine 994,Packaging Machine,2017-09-25,Inactive
995,MCH-000995,18,Atlas Machine 995,Cutting Machine,2017-01-06,Operational
996,MCH-000996,67,Atlas Machine 996,Assembly Machine,2018-03-19,Operational
997,MCH-000997,1,Atlas Machine 997,Packaging Machine,2018-08-18,Operational
998,MCH-000998,73,Atlas Machine 998,Cutting Machine,2018-08-14,Operational
999,MCH-000999,40,Atlas Machine 999,Cutting Machine,2016-04-08,Operational
1000,MCH-001000,47,Atlas Machine 1000,CNC Machine,2017-07-22,Operational
1001,MCH-001001,45,Atlas Machine 1001,CNC Machine,2018-02-24,Operational
1002,MCH-001002,69,Atlas Machine 1002,Cutting Machine,2017-08-19,Operational
1003,MCH-001003,3,Atlas Machine 1003,Cutting Machine,2017-04-02,Maintenance
1004,MCH-001004,36,Atlas Machine 1004,Press Machine,2017-08-03,Operational
1005,MCH-001005,76,Atlas Machine 1005,CNC Machine,2016-05-14,Operational
1006,MCH-001006,46,Atlas Machine 1006,Assembly Machine,2016-01-11,Operational
1007,MCH-001007,77,Atlas Machine 1007,CNC Machine,2016-08-20,Operational
1008,MCH-001008,59,Atlas Machine 1008,Press Machine,2018-02-18,Inactive
1009,MCH-001009,25,Atlas Machine 1009,Press Machine,2016-12-23,Maintenance
1010,MCH-001010,85,Atlas Machine 1010,Press Machine,2017-06-26,Operational
1011,MCH-001011,33,Atlas Machine 1011,Cutting Machine,2017-05-21,Maintenance
1012,MCH-001012,19,Atlas Machine 1012,Press Machine,2016-04-10,Operational
1013,MCH-001013,55,Atlas Machine 1013,CNC Machine,2017-05-19,Operational
1014,MCH-001014,54,Atlas Machine 1014,Assembly Machine,2017-08-15,Maintenance
1015,MCH-001015,70,Atlas Machine 1015,Packaging Machine,2018-04-25,Operational
1016,MCH-001016,25,Atlas Machine 1016,CNC Machine,2018-01-03,Operational
1017,MCH-001017,55,Atlas Machine 1017,Press Machine,2017-05-14,Operational
1018,MCH-001018,63,Atlas Machine 1018,Assembly Machine,2017-11-06,Operational
1019,MCH-001019,73,Atlas Machine 1019,Press Machine,2016-08-08,Operational
1020,MCH-001020,53,Atlas Machine 1020,Assembly Machine,2017-02-09,Operational
1021,MCH-001021,25,Atlas Machine 1021,Packaging Machine,2017-01-08,Operational
1022,MCH-001022,18,Atlas Machine 1022,Assembly Machine,2018-07-29,Operational
1023,MCH-001023,75,Atlas Machine 1023,Assembly Machine,2017-07-12,Operational
1024,MCH-001024,20,Atlas Machine 1024,Press Machine,2016-12-07,Operational
1025,MCH-001025,31,Atlas Machine 1025,CNC Machine,2018-07-06,Operational
1026,MCH-001026,79,Atlas Machine 1026,Press Machine,2016-07-23,Operational
1027,MCH-001027,56,Atlas Machine 1027,Cutting Machine,2016-02-23,Operational
1028,MCH-001028,16,Atlas Machine 1028,Packaging Machine,2017-09-07,Operational
1029,MCH-001029,59,Atlas Machine 1029,Assembly Machine,2017-08-14,Operational
1030,MCH-001030,73,Atlas Machine 1030,Packaging Machine,2016-02-19,Operational
1031,MCH-001031,95,Atlas Machine 1031,CNC Machine,2017-06-21,Operational
1032,MCH-001032,5,Atlas Machine 1032,Press Machine,2016-04-21,Operational
1033,MCH-001033,5,Atlas Machine 1033,Packaging Machine,2017-03-07,Operational
1034,MCH-001034,43,Atlas Machine 1034,CNC Machine,2017-01-28,Operational
1035,MCH-001035,35,Atlas Machine 1035,Cutting Machine,2018-09-07,Maintenance
1036,MCH-001036,79,Atlas Machine 1036,Press Machine,2016-01-04,Operational
1037,MCH-001037,46,Atlas Machine 1037,CNC Machine,2016-08-06,Operational
1038,MCH-001038,51,Atlas Machine 1038,Cutting Machine,2016-05-30,Operational
1039,MCH-001039,51,Atlas Machine 1039,Packaging Machine,2017-11-04,Operational
1040,MCH-001040,94,Atlas Machine 1040,Assembly Machine,2017-09-06,Operational
1041,MCH-001041,100,Atlas Machine 1041,Packaging Machine,2018-09-21,Operational
1042,MCH-001042,13,Atlas Machine 1042,Cutting Machine,2016-03-18,Operational
1043,MCH-001043,32,Atlas Machine 1043,CNC Machine,2017-06-14,Operational
1044,MCH-001044,33,Atlas Machine 1044,Press Machine,2016-09-28,Operational
1045,MCH-001045,3,Atlas Machine 1045,Press Machine,2017-06-08,Operational
1046,MCH-001046,34,Atlas Machine 1046,Assembly Machine,2017-08-23,Maintenance
1047,MCH-001047,62,Atlas Machine 1047,CNC Machine,2018-08-16,Operational
1048,MCH-001048,48,Atlas Machine 1048,Press Machine,2017-12-14,Maintenance
1049,MCH-001049,59,Atlas Machine 1049,Cutting Machine,2016-11-09,Operational
1050,MCH-001050,2,Atlas Machine 1050,Cutting Machine,2018-03-12,Operational
1051,MCH-001051,43,Atlas Machine 1051,CNC Machine,2017-03-28,Operational
1052,MCH-001052,81,Atlas Machine 1052,Cutting Machine,2016-01-25,Maintenance
1053,MCH-001053,78,Atlas Machine 1053,Packaging Machine,2018-08-23,Operational
1054,MCH-001054,46,Atlas Machine 1054,Press Machine,2016-03-09,Operational
1055,MCH-001055,46,Atlas Machine 1055,CNC Machine,2018-10-21,Operational
1056,MCH-001056,27,Atlas Machine 1056,Cutting Machine,2017-02-13,Operational
1057,MCH-001057,52,Atlas Machine 1057,Press Machine,2018-07-06,Maintenance
1058,MCH-001058,67,Atlas Machine 1058,Packaging Machine,2017-02-22,Operational
1059,MCH-001059,86,Atlas Machine 1059,Press Machine,2016-02-29,Operational
1060,MCH-001060,40,Atlas Machine 1060,Packaging Machine,2018-03-14,Operational
1061,MCH-001061,44,Atlas Machine 1061,Packaging Machine,2016-05-18,Operational
1062,MCH-001062,59,Atlas Machine 1062,CNC Machine,2016-12-02,Operational
1063,MCH-001063,47,Atlas Machine 1063,Cutting Machine,2016-02-25,Operational
1064,MCH-001064,80,Atlas Machine 1064,Assembly Machine,2016-07-31,Operational
1065,MCH-001065,9,Atlas Machine 1065,CNC Machine,2017-02-19,Inactive
1066,MCH-001066,19,Atlas Machine 1066,Cutting Machine,2017-09-14,Operational
1067,MCH-001067,64,Atlas Machine 1067,Press Machine,2018-02-09,Operational
1068,MCH-001068,18,Atlas Machine 1068,Press Machine,2017-01-24,Operational
1069,MCH-001069,22,Atlas Machine 1069,Cutting Machine,2016-09-10,Operational
1070,MCH-001070,64,Atlas Machine 1070,Assembly Machine,2016-03-20,Operational
1071,MCH-001071,62,Atlas Machine 1071,Assembly Machine,2018-07-26,Operational
1072,MCH-001072,23,Atlas Machine 1072,CNC Machine,2018-06-27,Operational
1073,MCH-001073,24,Atlas Machine 1073,Press Machine,2017-09-20,Operational
1074,MCH-001074,4,Atlas Machine 1074,Assembly Machine,2016-10-29,Operational
1075,MCH-001075,25,Atlas Machine 1075,CNC Machine,2018-03-19,Operational
1076,MCH-001076,56,Atlas Machine 1076,Packaging Machine,2016-02-24,Operational
1077,MCH-001077,40,Atlas Machine 1077,Cutting Machine,2018-06-30,Operational
1078,MCH-001078,16,Atlas Machine 1078,CNC Machine,2017-12-23,Operational
1079,MCH-001079,57,Atlas Machine 1079,Assembly Machine,2018-05-21,Operational
1080,MCH-001080,95,Atlas Machine 1080,Packaging Machine,2016-08-31,Operational
1081,MCH-001081,28,Atlas Machine 1081,CNC Machine,2018-05-19,Inactive
1082,MCH-001082,23,Atlas Machine 1082,Cutting Machine,2016-05-06,Operational
1083,MCH-001083,38,Atlas Machine 1083,CNC Machine,2016-10-19,Operational
1084,MCH-001084,39,Atlas Machine 1084,Assembly Machine,2016-06-20,Operational
1085,MCH-001085,3,Atlas Machine 1085,CNC Machine,2018-02-19,Operational
1086,MCH-001086,74,Atlas Machine 1086,Press Machine,2018-11-21,Operational
1087,MCH-001087,23,Atlas Machine 1087,Cutting Machine,2017-02-06,Operational
1088,MCH-001088,22,Atlas Machine 1088,Assembly Machine,2017-02-07,Inactive
1089,MCH-001089,21,Atlas Machine 1089,Press Machine,2018-01-03,Operational
1090,MCH-001090,73,Atlas Machine 1090,Press Machine,2017-11-11,Operational
1091,MCH-001091,43,Atlas Machine 1091,CNC Machine,2017-06-15,Operational
1092,MCH-001092,43,Atlas Machine 1092,Assembly Machine,2017-09-09,Operational
1093,MCH-001093,61,Atlas Machine 1093,Press Machine,2017-03-18,Operational
1094,MCH-001094,63,Atlas Machine 1094,Press Machine,2017-03-24,Operational
1095,MCH-001095,79,Atlas Machine 1095,Assembly Machine,2018-04-02,Operational
1096,MCH-001096,12,Atlas Machine 1096,Press Machine,2017-06-17,Maintenance
1097,MCH-001097,5,Atlas Machine 1097,CNC Machine,2018-04-11,Operational
1098,MCH-001098,96,Atlas Machine 1098,Press Machine,2016-08-23,Inactive
1099,MCH-001099,33,Atlas Machine 1099,CNC Machine,2016-11-13,Operational
1100,MCH-001100,21,Atlas Machine 1100,Cutting Machine,2016-08-08,Operational
1101,MCH-001101,51,Atlas Machine 1101,Cutting Machine,2018-07-17,Operational
1102,MCH-001102,14,Atlas Machine 1102,Packaging Machine,2016-06-07,Operational
1103,MCH-001103,68,Atlas Machine 1103,CNC Machine,2016-11-09,Operational
1104,MCH-001104,18,Atlas Machine 1104,Assembly Machine,2017-09-21,Operational
1105,MCH-001105,57,Atlas Machine 1105,Press Machine,2017-04-12,Operational
1106,MCH-001106,25,Atlas Machine 1106,CNC Machine,2016-10-17,Inactive
1107,MCH-001107,74,Atlas Machine 1107,CNC Machine,2017-09-15,Operational
1108,MCH-001108,17,Atlas Machine 1108,CNC Machine,2016-10-24,Operational
1109,MCH-001109,7,Atlas Machine 1109,Press Machine,2016-04-20,Operational
1110,MCH-001110,79,Atlas Machine 1110,Assembly Machine,2018-06-30,Operational
1111,MCH-001111,29,Atlas Machine 1111,Packaging Machine,2018-09-26,Operational
1112,MCH-001112,87,Atlas Machine 1112,Cutting Machine,2017-10-24,Operational
1113,MCH-001113,86,Atlas Machine 1113,Press Machine,2016-03-29,Operational
1114,MCH-001114,47,Atlas Machine 1114,CNC Machine,2016-12-05,Operational
1115,MCH-001115,1,Atlas Machine 1115,Packaging Machine,2017-04-13,Operational
1116,MCH-001116,64,Atlas Machine 1116,Press Machine,2018-12-29,Operational
1117,MCH-001117,54,Atlas Machine 1117,Press Machine,2017-01-29,Operational
1118,MCH-001118,55,Atlas Machine 1118,Press Machine,2018-06-27,Operational
1119,MCH-001119,40,Atlas Machine 1119,Press Machine,2017-09-11,Inactive
1120,MCH-001120,24,Atlas Machine 1120,Assembly Machine,2016-09-16,Operational
1121,MCH-001121,43,Atlas Machine 1121,Packaging Machine,2016-07-01,Maintenance
1122,MCH-001122,79,Atlas Machine 1122,Packaging Machine,2018-07-04,Operational
1123,MCH-001123,88,Atlas Machine 1123,CNC Machine,2017-10-10,Operational
1124,MCH-001124,31,Atlas Machine 1124,Packaging Machine,2018-12-25,Operational
1125,MCH-001125,19,Atlas Machine 1125,CNC Machine,2017-03-05,Operational
1126,MCH-001126,4,Atlas Machine 1126,Assembly Machine,2018-08-12,Operational
1127,MCH-001127,57,Atlas Machine 1127,Packaging Machine,2016-04-05,Operational
1128,MCH-001128,84,Atlas Machine 1128,Cutting Machine,2016-07-09,Inactive
1129,MCH-001129,82,Atlas Machine 1129,Cutting Machine,2018-11-15,Operational
1130,MCH-001130,48,Atlas Machine 1130,Packaging Machine,2017-04-11,Operational
1131,MCH-001131,18,Atlas Machine 1131,Packaging Machine,2017-11-18,Maintenance
1132,MCH-001132,35,Atlas Machine 1132,Press Machine,2017-09-27,Operational
1133,MCH-001133,89,Atlas Machine 1133,Press Machine,2018-12-21,Operational
1134,MCH-001134,66,Atlas Machine 1134,Press Machine,2017-11-06,Operational
1135,MCH-001135,33,Atlas Machine 1135,Cutting Machine,2018-07-05,Operational
1136,MCH-001136,59,Atlas Machine 1136,Packaging Machine,2017-07-10,Operational
1137,MCH-001137,98,Atlas Machine 1137,Packaging Machine,2018-04-07,Operational
1138,MCH-001138,64,Atlas Machine 1138,Press Machine,2016-09-21,Operational
1139,MCH-001139,67,Atlas Machine 1139,Packaging Machine,2017-04-24,Operational
1140,MCH-001140,5,Atlas Machine 1140,Assembly Machine,2018-05-27,Operational
1141,MCH-001141,2,Atlas Machine 1141,Assembly Machine,2018-04-11,Maintenance
1142,MCH-001142,28,Atlas Machine 1142,Packaging Machine,2016-09-16,Operational
1143,MCH-001143,62,Atlas Machine 1143,Press Machine,2018-04-09,Operational
1144,MCH-001144,72,Atlas Machine 1144,Press Machine,2016-08-02,Operational
1145,MCH-001145,43,Atlas Machine 1145,CNC Machine,2018-05-30,Operational
1146,MCH-001146,70,Atlas Machine 1146,Press Machine,2017-07-25,Operational
1147,MCH-001147,85,Atlas Machine 1147,Assembly Machine,2018-02-01,Operational
1148,MCH-001148,56,Atlas Machine 1148,Packaging Machine,2018-12-07,Operational
1149,MCH-001149,92,Atlas Machine 1149,Press Machine,2018-08-24,Operational
1150,MCH-001150,10,Atlas Machine 1150,Cutting Machine,2018-11-10,Operational
1151,MCH-001151,40,Atlas Machine 1151,Press Machine,2017-08-26,Operational
1152,MCH-001152,22,Atlas Machine 1152,Packaging Machine,2016-03-02,Maintenance
1153,MCH-001153,11,Atlas Machine 1153,CNC Machine,2018-01-19,Operational
1154,MCH-001154,76,Atlas Machine 1154,Cutting Machine,2017-11-24,Operational
1155,MCH-001155,40,Atlas Machine 1155,Assembly Machine,2018-07-16,Operational
1156,MCH-001156,40,Atlas Machine 1156,CNC Machine,2017-12-14,Operational
1157,MCH-001157,4,Atlas Machine 1157,Cutting Machine,2018-09-04,Operational
1158,MCH-001158,78,Atlas Machine 1158,Press Machine,2018-12-29,Operational
1159,MCH-001159,13,Atlas Machine 1159,Packaging Machine,2017-03-05,Operational
1160,MCH-001160,69,Atlas Machine 1160,Press Machine,2017-07-17,Operational
1161,MCH-001161,15,Atlas Machine 1161,Assembly Machine,2016-04-26,Inactive
1162,MCH-001162,14,Atlas Machine 1162,Packaging Machine,2017-02-03,Operational
1163,MCH-001163,42,Atlas Machine 1163,Packaging Machine,2016-09-04,Maintenance
1164,MCH-001164,65,Atlas Machine 1164,CNC Machine,2018-09-25,Operational
1165,MCH-001165,84,Atlas Machine 1165,Press Machine,2017-02-20,Operational
1166,MCH-001166,19,Atlas Machine 1166,Packaging Machine,2016-03-21,Operational
1167,MCH-001167,52,Atlas Machine 1167,Assembly Machine,2016-10-04,Maintenance
1168,MCH-001168,34,Atlas Machine 1168,Cutting Machine,2016-06-15,Operational
1169,MCH-001169,36,Atlas Machine 1169,Packaging Machine,2018-07-05,Maintenance
1170,MCH-001170,44,Atlas Machine 1170,Press Machine,2018-06-24,Inactive
1171,MCH-001171,43,Atlas Machine 1171,Press Machine,2016-11-19,Operational
1172,MCH-001172,53,Atlas Machine 1172,Press Machine,2016-12-09,Operational
1173,MCH-001173,39,Atlas Machine 1173,CNC Machine,2016-03-30,Operational
1174,MCH-001174,32,Atlas Machine 1174,CNC Machine,2017-11-24,Operational
1175,MCH-001175,46,Atlas Machine 1175,Assembly Machine,2016-11-16,Operational
1176,MCH-001176,44,Atlas Machine 1176,Cutting Machine,2017-03-09,Operational
1177,MCH-001177,7,Atlas Machine 1177,Packaging Machine,2016-02-22,Operational
1178,MCH-001178,50,Atlas Machine 1178,Assembly Machine,2016-09-28,Operational
1179,MCH-001179,25,Atlas Machine 1179,Cutting Machine,2016-12-12,Inactive
1180,MCH-001180,7,Atlas Machine 1180,Packaging Machine,2018-01-28,Operational
1181,MCH-001181,62,Atlas Machine 1181,CNC Machine,2016-02-24,Operational
1182,MCH-001182,22,Atlas Machine 1182,Packaging Machine,2018-07-13,Operational
1183,MCH-001183,73,Atlas Machine 1183,Packaging Machine,2017-08-19,Operational
1184,MCH-001184,21,Atlas Machine 1184,Cutting Machine,2018-07-04,Operational
1185,MCH-001185,96,Atlas Machine 1185,Packaging Machine,2018-06-17,Operational
1186,MCH-001186,58,Atlas Machine 1186,Press Machine,2017-07-18,Operational
1187,MCH-001187,25,Atlas Machine 1187,Assembly Machine,2018-03-08,Operational
1188,MCH-001188,47,Atlas Machine 1188,Press Machine,2016-03-27,Operational
1189,MCH-001189,97,Atlas Machine 1189,CNC Machine,2017-05-16,Unknown
1190,MCH-001190,70,Atlas Machine 1190,Cutting Machine,2018-08-17,Operational
1191,MCH-001191,34,Atlas Machine 1191,Press Machine,2017-06-19,Inactive
1192,MCH-001192,68,Atlas Machine 1192,CNC Machine,2018-07-07,Operational
1193,MCH-001193,10,Atlas Machine 1193,Press Machine,2018-06-18,Operational
1194,MCH-001194,100,Atlas Machine 1194,Press Machine,2016-04-26,Operational
1195,MCH-001195,33,Atlas Machine 1195,Press Machine,2018-03-01,Operational
1196,MCH-001196,59,Atlas Machine 1196,Assembly Machine,2018-03-05,Operational
1197,MCH-001197,26,Atlas Machine 1197,Press Machine,2017-07-14,Operational
1198,MCH-001198,93,Atlas Machine 1198,Packaging Machine,2018-05-20,Operational
1199,MCH-001199,63,Atlas Machine 1199,Assembly Machine,2017-06-16,Operational
1200,MCH-001200,41,Atlas Machine 1200,Press Machine,2018-07-18,Operational
1201,MCH-001201,25,Atlas Machine 1201,Press Machine,2017-06-10,Operational
1202,MCH-001202,13,Atlas Machine 1202,Cutting Machine,2018-10-05,Operational
1203,MCH-001203,1,Atlas Machine 1203,Cutting Machine,2016-09-12,Maintenance
1204,MCH-001204,84,Atlas Machine 1204,CNC Machine,2018-11-12,Operational
1205,MCH-001205,25,Atlas Machine 1205,Packaging Machine,2017-11-13,Operational
1206,MCH-001206,20,Atlas Machine 1206,Cutting Machine,2017-11-18,Maintenance
1207,MCH-001207,13,Atlas Machine 1207,Cutting Machine,2018-05-03,Operational
1208,MCH-001208,45,Atlas Machine 1208,Cutting Machine,2017-11-03,Operational
1209,MCH-001209,18,Atlas Machine 1209,CNC Machine,2016-11-08,Operational
1210,MCH-001210,59,Atlas Machine 1210,Assembly Machine,2016-11-07,Operational
1211,MCH-001211,10,Atlas Machine 1211,Cutting Machine,2018-03-24,Operational
1212,MCH-001212,52,Atlas Machine 1212,Assembly Machine,2017-10-14,Operational
1213,MCH-001213,67,Atlas Machine 1213,Cutting Machine,2017-08-07,Operational
1214,MCH-001214,87,Atlas Machine 1214,Packaging Machine,2017-12-07,Operational
1215,MCH-001215,45,Atlas Machine 1215,Assembly Machine,2016-01-20,Operational
1216,MCH-001216,73,Atlas Machine 1216,Assembly Machine,2018-06-13,Operational
1217,MCH-001217,52,Atlas Machine 1217,Press Machine,2016-11-15,Inactive
1218,MCH-001218,68,Atlas Machine 1218,Packaging Machine,2017-12-29,Operational
1219,MCH-001219,85,Atlas Machine 1219,CNC Machine,2018-08-11,Operational
1220,MCH-001220,53,Atlas Machine 1220,Cutting Machine,2018-05-27,Operational
1221,MCH-001221,41,Atlas Machine 1221,Packaging Machine,2016-06-16,Operational
1222,MCH-001222,46,Atlas Machine 1222,CNC Machine,2016-09-13,Operational
1223,MCH-001223,67,Atlas Machine 1223,Press Machine,2016-07-31,Operational
1224,MCH-001224,87,Atlas Machine 1224,Assembly Machine,2017-12-12,Operational
1225,MCH-001225,12,Atlas Machine 1225,Assembly Machine,2016-01-31,Operational
1226,MCH-001226,82,Atlas Machine 1226,CNC Machine,2016-10-19,Operational
1227,MCH-001227,37,Atlas Machine 1227,Packaging Machine,2017-05-07,Operational
1228,MCH-001228,56,Atlas Machine 1228,Cutting Machine,2016-12-09,Operational
1229,MCH-001229,76,Atlas Machine 1229,Packaging Machine,2018-05-24,Maintenance
1230,MCH-001230,30,Atlas Machine 1230,Cutting Machine,2017-02-28,Operational
1231,MCH-001231,6,Atlas Machine 1231,Packaging Machine,2016-07-11,Operational
1232,MCH-001232,8,Atlas Machine 1232,Press Machine,2016-12-13,Inactive
1233,MCH-001233,48,Atlas Machine 1233,Assembly Machine,2016-08-01,Operational
1234,MCH-001234,39,Atlas Machine 1234,Assembly Machine,2016-07-11,Operational
1235,MCH-001235,66,Atlas Machine 1235,Packaging Machine,2018-10-10,Operational
1236,MCH-001236,8,Atlas Machine 1236,CNC Machine,2018-10-16,Operational
1237,MCH-001237,83,Atlas Machine 1237,CNC Machine,2018-06-25,Operational
1238,MCH-001238,61,Atlas Machine 1238,CNC Machine,2017-05-17,Maintenance
1239,MCH-001239,19,Atlas Machine 1239,CNC Machine,2017-12-19,Operational
1240,MCH-001240,85,Atlas Machine 1240,Press Machine,2018-08-22,Operational
1241,MCH-001241,34,Atlas Machine 1241,CNC Machine,2016-09-17,Operational
1242,MCH-001242,100,Atlas Machine 1242,Cutting Machine,2017-03-31,Operational
1243,MCH-001243,80,Atlas Machine 1243,Packaging Machine,2017-12-12,Operational
1244,MCH-001244,64,Atlas Machine 1244,CNC Machine,2017-02-12,Operational
1245,MCH-001245,10,Atlas Machine 1245,Cutting Machine,2016-08-14,Inactive
1246,MCH-001246,24,Atlas Machine 1246,Assembly Machine,2018-11-23,Operational
1247,MCH-001247,50,Atlas Machine 1247,Cutting Machine,2016-01-29,Inactive
1248,MCH-001248,5,Atlas Machine 1248,CNC Machine,2018-12-12,Inactive
1249,MCH-001249,34,Atlas Machine 1249,Assembly Machine,2018-04-24,Operational
1250,MCH-001250,63,Atlas Machine 1250,Packaging Machine,2016-06-24,Operational
1251,MCH-001251,42,Atlas Machine 1251,Packaging Machine,2018-02-02,Operational
1252,MCH-001252,19,Atlas Machine 1252,Cutting Machine,2016-02-19,Operational
1253,MCH-001253,51,Atlas Machine 1253,Packaging Machine,2018-02-14,Operational
1254,MCH-001254,34,Atlas Machine 1254,Packaging Machine,2018-02-23,Operational
1255,MCH-001255,41,Atlas Machine 1255,Press Machine,2017-10-01,Operational
1256,MCH-001256,4,Atlas Machine 1256,Assembly Machine,2016-10-20,Operational
1257,MCH-001257,39,Atlas Machine 1257,Packaging Machine,2017-02-19,Operational
1258,MCH-001258,59,Atlas Machine 1258,Assembly Machine,2018-03-23,Operational
1259,MCH-001259,16,Atlas Machine 1259,Packaging Machine,2018-02-03,Maintenance
1260,MCH-001260,1,Atlas Machine 1260,Packaging Machine,2017-07-08,Operational
1261,MCH-001261,82,Atlas Machine 1261,CNC Machine,2017-05-09,Maintenance
1262,MCH-001262,41,Atlas Machine 1262,Assembly Machine,2017-04-18,Operational
1263,MCH-001263,31,Atlas Machine 1263,Press Machine,2016-10-16,Operational
1264,MCH-001264,100,Atlas Machine 1264,Packaging Machine,2017-03-07,Operational
1265,MCH-001265,33,Atlas Machine 1265,Cutting Machine,2018-09-09,Operational
1266,MCH-001266,56,Atlas Machine 1266,Press Machine,2018-03-10,Maintenance
1267,MCH-001267,35,Atlas Machine 1267,CNC Machine,2018-04-30,Operational
1268,MCH-001268,42,Atlas Machine 1268,Cutting Machine,2018-06-08,Maintenance
1269,MCH-001269,24,Atlas Machine 1269,CNC Machine,2016-03-10,Operational
1270,MCH-001270,10,Atlas Machine 1270,Cutting Machine,2017-10-03,Operational
1271,MCH-001271,95,Atlas Machine 1271,Press Machine,2018-09-03,Operational
1272,MCH-001272,31,Atlas Machine 1272,Press Machine,2017-03-28,Operational
1273,MCH-001273,1,Atlas Machine 1273,Assembly Machine,2017-05-16,Operational
1274,MCH-001274,1,Atlas Machine 1274,Press Machine,2017-03-09,Operational
1275,MCH-001275,12,Atlas Machine 1275,Press Machine,2018-06-27,Operational
1276,MCH-001276,38,Atlas Machine 1276,Assembly Machine,2016-11-09,Operational
1277,MCH-001277,54,Atlas Machine 1277,CNC Machine,2017-06-28,Maintenance
1278,MCH-001278,22,Atlas Machine 1278,Packaging Machine,2017-04-09,Operational
1279,MCH-001279,66,Atlas Machine 1279,CNC Machine,2016-12-19,Inactive
1280,MCH-001280,39,Atlas Machine 1280,Cutting Machine,2018-01-12,Operational
1281,MCH-001281,32,Atlas Machine 1281,CNC Machine,2016-03-06,Operational
1282,MCH-001282,8,Atlas Machine 1282,Cutting Machine,2017-03-12,Operational
1283,MCH-001283,41,Atlas Machine 1283,Packaging Machine,2016-07-25,Operational
1284,MCH-001284,55,Atlas Machine 1284,Packaging Machine,2016-12-08,Maintenance
1285,MCH-001285,66,Atlas Machine 1285,Assembly Machine,2018-08-17,Operational
1286,MCH-001286,21,Atlas Machine 1286,Assembly Machine,2018-05-06,Operational
1287,MCH-001287,84,Atlas Machine 1287,CNC Machine,2017-08-25,Operational
1288,MCH-001288,96,Atlas Machine 1288,Cutting Machine,2018-06-18,Operational
1289,MCH-001289,26,Atlas Machine 1289,Packaging Machine,2017-02-13,Operational
1290,MCH-001290,18,Atlas Machine 1290,Packaging Machine,2017-04-30,Operational
1291,MCH-001291,8,Atlas Machine 1291,Press Machine,2018-07-30,Operational
1292,MCH-001292,98,Atlas Machine 1292,CNC Machine,2018-08-29,Operational
1293,MCH-001293,68,Atlas Machine 1293,Packaging Machine,2017-12-22,Operational
1294,MCH-001294,45,Atlas Machine 1294,Packaging Machine,2016-11-22,Operational
1295,MCH-001295,38,Atlas Machine 1295,Press Machine,2017-01-15,Operational
1296,MCH-001296,19,Atlas Machine 1296,CNC Machine,2016-03-17,Operational
1297,MCH-001297,51,Atlas Machine 1297,CNC Machine,2018-09-13,Operational
1298,MCH-001298,80,Atlas Machine 1298,Packaging Machine,2017-10-10,Operational
1299,MCH-001299,97,Atlas Machine 1299,Assembly Machine,2017-08-18,Operational
1300,MCH-001300,68,Atlas Machine 1300,Press Machine,2017-09-26,Operational
1301,MCH-001301,75,Atlas Machine 1301,Cutting Machine,2017-05-08,Operational
1302,MCH-001302,2,Atlas Machine 1302,CNC Machine,2016-05-18,Operational
1303,MCH-001303,77,Atlas Machine 1303,Cutting Machine,2017-09-08,Operational
1304,MCH-001304,72,Atlas Machine 1304,Press Machine,2017-06-17,Operational
1305,MCH-001305,17,Atlas Machine 1305,Cutting Machine,2018-02-17,Operational
1306,MCH-001306,96,Atlas Machine 1306,Cutting Machine,2016-10-28,Operational
1307,MCH-001307,60,Atlas Machine 1307,Cutting Machine,2018-07-06,Operational
1308,MCH-001308,72,Atlas Machine 1308,CNC Machine,2017-11-24,Unknown
1309,MCH-001309,93,Atlas Machine 1309,Press Machine,2018-01-26,Maintenance
1310,MCH-001310,1,Atlas Machine 1310,Cutting Machine,2017-11-27,Maintenance
1311,MCH-001311,25,Atlas Machine 1311,CNC Machine,2018-11-19,Operational
1312,MCH-001312,1,Atlas Machine 1312,Press Machine,2017-11-12,Operational
1313,MCH-001313,1,Atlas Machine 1313,Press Machine,2017-08-23,Operational
1314,MCH-001314,58,Atlas Machine 1314,Assembly Machine,2016-05-22,Operational
1315,MCH-001315,57,Atlas Machine 1315,Cutting Machine,2017-06-26,Operational
1316,MCH-001316,16,Atlas Machine 1316,Packaging Machine,2016-09-10,Operational
1317,MCH-001317,16,Atlas Machine 1317,Press Machine,2016-09-11,Maintenance
1318,MCH-001318,57,Atlas Machine 1318,Assembly Machine,2017-07-21,Operational
1319,MCH-001319,49,Atlas Machine 1319,Packaging Machine,2018-09-25,Operational
1320,MCH-001320,75,Atlas Machine 1320,Assembly Machine,2016-12-17,Operational
1321,MCH-001321,80,Atlas Machine 1321,Assembly Machine,2018-05-25,Operational
1322,MCH-001322,65,Atlas Machine 1322,Assembly Machine,2017-07-28,Operational
1323,MCH-001323,90,Atlas Machine 1323,CNC Machine,2016-09-12,Operational
1324,MCH-001324,30,Atlas Machine 1324,CNC Machine,2016-08-16,Inactive
1325,MCH-001325,6,Atlas Machine 1325,Assembly Machine,2017-12-01,Operational
1326,MCH-001326,28,Atlas Machine 1326,Press Machine,2017-03-25,Operational
1327,MCH-001327,52,Atlas Machine 1327,Cutting Machine,2018-06-16,Operational
1328,MCH-001328,49,Atlas Machine 1328,Assembly Machine,2018-05-21,Operational
1329,MCH-001329,65,Atlas Machine 1329,Press Machine,2017-09-08,Operational
1330,MCH-001330,21,Atlas Machine 1330,Press Machine,2017-11-07,Inactive
1331,MCH-001331,15,Atlas Machine 1331,Packaging Machine,2017-02-23,Operational
1332,MCH-001332,38,Atlas Machine 1332,Cutting Machine,2018-05-05,Operational
1333,MCH-001333,5,Atlas Machine 1333,CNC Machine,2016-09-25,Operational
1334,MCH-001334,92,Atlas Machine 1334,Press Machine,2018-05-06,Maintenance
1335,MCH-001335,16,Atlas Machine 1335,Assembly Machine,2016-08-23,Operational
1336,MCH-001336,97,Atlas Machine 1336,Packaging Machine,2016-04-21,Operational
1337,MCH-001337,86,Atlas Machine 1337,Cutting Machine,2017-07-31,Operational
1338,MCH-001338,66,Atlas Machine 1338,Press Machine,2016-09-27,Operational
1339,MCH-001339,56,Atlas Machine 1339,Cutting Machine,2016-02-07,Operational
1340,MCH-001340,70,Atlas Machine 1340,Packaging Machine,2017-11-06,Operational
1341,MCH-001341,30,Atlas Machine 1341,CNC Machine,2016-01-11,Operational
1342,MCH-001342,8,Atlas Machine 1342,Assembly Machine,2017-11-17,Maintenance
1343,MCH-001343,2,Atlas Machine 1343,Press Machine,2018-11-03,Operational
1344,MCH-001344,7,Atlas Machine 1344,Cutting Machine,2017-05-19,Operational
1345,MCH-001345,36,Atlas Machine 1345,Cutting Machine,2018-10-03,Operational
1346,MCH-001346,11,Atlas Machine 1346,Packaging Machine,2018-12-11,Operational
1347,MCH-001347,7,Atlas Machine 1347,Press Machine,2017-03-27,Operational
1348,MCH-001348,59,Atlas Machine 1348,Cutting Machine,2018-02-26,Operational
1349,MCH-001349,60,Atlas Machine 1349,CNC Machine,2017-10-21,Operational
1350,MCH-001350,7,Atlas Machine 1350,CNC Machine,2016-04-10,Operational
1351,MCH-001351,24,Atlas Machine 1351,Packaging Machine,2018-09-10,Operational
1352,MCH-001352,20,Atlas Machine 1352,CNC Machine,2018-03-30,Operational
1353,MCH-001353,87,Atlas Machine 1353,CNC Machine,2017-02-18,Maintenance
1354,MCH-001354,11,Atlas Machine 1354,CNC Machine,2016-12-11,Maintenance
1355,MCH-001355,87,Atlas Machine 1355,Press Machine,2018-12-03,Operational
1356,MCH-001356,66,Atlas Machine 1356,Cutting Machine,2016-06-26,Operational
1357,MCH-001357,79,Atlas Machine 1357,Packaging Machine,2018-08-22,Operational
1358,MCH-001358,22,Atlas Machine 1358,Packaging Machine,2016-07-29,Operational
1359,MCH-001359,97,Atlas Machine 1359,Press Machine,2018-07-10,Operational
1360,MCH-001360,33,Atlas Machine 1360,CNC Machine,2018-07-28,Maintenance
1361,MCH-001361,46,Atlas Machine 1361,Press Machine,2018-01-11,Operational
1362,MCH-001362,87,Atlas Machine 1362,Press Machine,2017-09-11,Inactive
1363,MCH-001363,20,Atlas Machine 1363,Packaging Machine,2018-12-03,Maintenance
1364,MCH-001364,100,Atlas Machine 1364,Packaging Machine,2017-04-05,Operational
1365,MCH-001365,94,Atlas Machine 1365,Assembly Machine,2017-08-29,Operational
1366,MCH-001366,44,Atlas Machine 1366,Cutting Machine,2017-08-09,Operational
1367,MCH-001367,12,Atlas Machine 1367,Assembly Machine,2017-03-02,Operational
1368,MCH-001368,50,Atlas Machine 1368,Press Machine,2018-11-19,Operational
1369,MCH-001369,67,Atlas Machine 1369,CNC Machine,2018-02-26,Operational
1370,MCH-001370,26,Atlas Machine 1370,Cutting Machine,2017-07-26,Operational
1371,MCH-001371,89,Atlas Machine 1371,Cutting Machine,2017-03-29,Inactive
1372,MCH-001372,12,Atlas Machine 1372,Cutting Machine,2016-05-09,Operational
1373,MCH-001373,41,Atlas Machine 1373,Cutting Machine,2016-01-16,Operational
1374,MCH-001374,64,Atlas Machine 1374,CNC Machine,2017-03-11,Maintenance
1375,MCH-001375,44,Atlas Machine 1375,Cutting Machine,2016-09-10,Operational
1376,MCH-001376,56,Atlas Machine 1376,Cutting Machine,2016-05-19,Operational
1377,MCH-001377,94,Atlas Machine 1377,CNC Machine,2016-08-19,Operational
1378,MCH-001378,25,Atlas Machine 1378,Press Machine,2016-11-28,Operational
1379,MCH-001379,62,Atlas Machine 1379,Packaging Machine,2018-08-30,Operational
1380,MCH-001380,37,Atlas Machine 1380,CNC Machine,2018-09-24,Operational
1381,MCH-001381,34,Atlas Machine 1381,Press Machine,2017-08-25,Operational
1382,MCH-001382,5,Atlas Machine 1382,Packaging Machine,2017-03-10,Operational
1383,MCH-001383,29,Atlas Machine 1383,Packaging Machine,2016-09-17,Inactive
1384,MCH-001384,79,Atlas Machine 1384,Assembly Machine,2018-08-29,Operational
1385,MCH-001385,92,Atlas Machine 1385,Cutting Machine,2017-08-02,Operational
1386,MCH-001386,1,Atlas Machine 1386,Assembly Machine,2017-07-15,Operational
1387,MCH-001387,13,Atlas Machine 1387,Cutting Machine,2018-09-13,Operational
1388,MCH-001388,16,Atlas Machine 1388,Cutting Machine,2016-05-31,Operational
1389,MCH-001389,92,Atlas Machine 1389,Cutting Machine,2017-12-11,Operational
1390,MCH-001390,81,Atlas Machine 1390,Assembly Machine,2016-03-13,Inactive
1391,MCH-001391,39,Atlas Machine 1391,Press Machine,2017-02-28,Operational
1392,MCH-001392,10,Atlas Machine 1392,Assembly Machine,2017-02-01,Inactive
1393,MCH-001393,86,Atlas Machine 1393,Cutting Machine,2018-09-26,Operational
1394,MCH-001394,87,Atlas Machine 1394,Packaging Machine,2017-08-11,Operational
1395,MCH-001395,10,Atlas Machine 1395,Packaging Machine,2017-04-25,Operational
1396,MCH-001396,34,Atlas Machine 1396,Cutting Machine,2017-07-10,Operational
1397,MCH-001397,53,Atlas Machine 1397,CNC Machine,2018-10-03,Operational
1398,MCH-001398,90,Atlas Machine 1398,Packaging Machine,2017-09-23,Maintenance
1399,MCH-001399,57,Atlas Machine 1399,CNC Machine,2018-11-21,Operational
1400,MCH-001400,25,Atlas Machine 1400,Press Machine,2017-12-18,Operational
1401,MCH-001401,68,Atlas Machine 1401,CNC Machine,2016-06-17,Operational
1402,MCH-001402,42,Atlas Machine 1402,Packaging Machine,2018-07-14,Operational
1403,MCH-001403,42,Atlas Machine 1403,CNC Machine,2016-09-28,Operational
1404,MCH-001404,83,Atlas Machine 1404,Assembly Machine,2017-09-05,Operational
1405,MCH-001405,82,Atlas Machine 1405,Press Machine,2017-02-16,Maintenance
1406,MCH-001406,31,Atlas Machine 1406,Cutting Machine,2018-04-14,Operational
1407,MCH-001407,51,Atlas Machine 1407,Packaging Machine,2018-07-31,Operational
1408,MCH-001408,90,Atlas Machine 1408,Cutting Machine,2016-08-02,Operational
1409,MCH-001409,76,Atlas Machine 1409,Cutting Machine,2017-09-21,Operational
1410,MCH-001410,29,Atlas Machine 1410,Assembly Machine,2018-08-12,Operational
1411,MCH-001411,60,Atlas Machine 1411,Cutting Machine,2016-07-15,Operational
1412,MCH-001412,38,Atlas Machine 1412,Cutting Machine,2016-04-04,Operational
1413,MCH-001413,82,Atlas Machine 1413,CNC Machine,2016-10-25,Operational
1414,MCH-001414,5,Atlas Machine 1414,Cutting Machine,2017-02-17,Operational
1415,MCH-001415,22,Atlas Machine 1415,Cutting Machine,2018-12-29,Maintenance
1416,MCH-001416,83,Atlas Machine 1416,Packaging Machine,2018-02-22,Operational
1417,MCH-001417,73,Atlas Machine 1417,Packaging Machine,2018-05-25,Operational
1418,MCH-001418,84,Atlas Machine 1418,Assembly Machine,2018-04-10,Operational
1419,MCH-001419,63,Atlas Machine 1419,Cutting Machine,2018-02-05,Operational
1420,MCH-001420,31,Atlas Machine 1420,CNC Machine,2017-04-10,Maintenance
1421,MCH-001421,53,Atlas Machine 1421,Packaging Machine,2016-02-17,Operational
1422,MCH-001422,73,Atlas Machine 1422,Cutting Machine,2016-12-12,Unknown
1423,MCH-001423,97,Atlas Machine 1423,CNC Machine,2018-10-30,Operational
1424,MCH-001424,79,Atlas Machine 1424,Press Machine,2018-11-09,Operational
1425,MCH-001425,68,Atlas Machine 1425,Press Machine,2016-10-17,Operational
1426,MCH-001426,37,Atlas Machine 1426,Press Machine,2017-04-11,Operational
1427,MCH-001427,72,Atlas Machine 1427,Packaging Machine,2018-10-04,Operational
1428,MCH-001428,63,Atlas Machine 1428,Assembly Machine,2016-04-21,Operational
1429,MCH-001429,41,Atlas Machine 1429,CNC Machine,2016-10-30,Operational
1430,MCH-001430,62,Atlas Machine 1430,Cutting Machine,2017-07-28,Operational
1431,MCH-001431,61,Atlas Machine 1431,Press Machine,2018-06-01,Operational
1432,MCH-001432,32,Atlas Machine 1432,CNC Machine,2017-02-15,Operational
1433,MCH-001433,44,Atlas Machine 1433,CNC Machine,2017-04-10,Operational
1434,MCH-001434,26,Atlas Machine 1434,Assembly Machine,2018-12-31,Operational
1435,MCH-001435,69,Atlas Machine 1435,CNC Machine,2016-10-18,Operational
1436,MCH-001436,21,Atlas Machine 1436,Packaging Machine,2018-10-24,Operational
1437,MCH-001437,58,Atlas Machine 1437,Packaging Machine,2018-03-10,Operational
1438,MCH-001438,31,Atlas Machine 1438,Packaging Machine,2018-08-15,Unknown
1439,MCH-001439,88,Atlas Machine 1439,Assembly Machine,2017-08-08,Operational
1440,MCH-001440,62,Atlas Machine 1440,Press Machine,2017-08-19,Operational
1441,MCH-001441,31,Atlas Machine 1441,CNC Machine,2016-12-19,Operational
1442,MCH-001442,79,Atlas Machine 1442,Press Machine,2017-04-07,Operational
1443,MCH-001443,21,Atlas Machine 1443,CNC Machine,2018-03-22,Operational
1444,MCH-001444,24,Atlas Machine 1444,Packaging Machine,2017-11-29,Operational
1445,MCH-001445,84,Atlas Machine 1445,Press Machine,2016-03-25,Operational
1446,MCH-001446,91,Atlas Machine 1446,Assembly Machine,2016-03-31,Maintenance
1447,MCH-001447,59,Atlas Machine 1447,Cutting Machine,2018-10-27,Maintenance
1448,MCH-001448,20,Atlas Machine 1448,CNC Machine,2018-12-26,Maintenance
1449,MCH-001449,76,Atlas Machine 1449,Packaging Machine,2018-07-02,Operational
1450,MCH-001450,10,Atlas Machine 1450,Packaging Machine,2017-03-24,Inactive
1451,MCH-001451,53,Atlas Machine 1451,Cutting Machine,2016-03-07,Operational
1452,MCH-001452,19,Atlas Machine 1452,Assembly Machine,2017-04-09,Operational
1453,MCH-001453,87,Atlas Machine 1453,Cutting Machine,2017-05-05,Operational
1454,MCH-001454,1,Atlas Machine 1454,Assembly Machine,2016-01-22,Unknown
1455,MCH-001455,42,Atlas Machine 1455,Assembly Machine,2016-03-15,Operational
1456,MCH-001456,44,Atlas Machine 1456,CNC Machine,2016-06-19,Operational
1457,MCH-001457,74,Atlas Machine 1457,Packaging Machine,2016-12-06,Operational
1458,MCH-001458,26,Atlas Machine 1458,Cutting Machine,2018-10-17,Operational
1459,MCH-001459,76,Atlas Machine 1459,Assembly Machine,2017-06-12,Inactive
1460,MCH-001460,81,Atlas Machine 1460,CNC Machine,2017-11-29,Operational
1461,MCH-001461,92,Atlas Machine 1461,Assembly Machine,2018-12-04,Operational
1462,MCH-001462,21,Atlas Machine 1462,Cutting Machine,2016-11-06,Maintenance
1463,MCH-001463,98,Atlas Machine 1463,CNC Machine,2017-12-17,Operational
1464,MCH-001464,85,Atlas Machine 1464,Assembly Machine,2018-03-18,Operational
1465,MCH-001465,71,Atlas Machine 1465,CNC Machine,2017-07-08,Operational
1466,MCH-001466,75,Atlas Machine 1466,Press Machine,2018-06-12,Operational
1467,MCH-001467,92,Atlas Machine 1467,CNC Machine,2017-09-07,Inactive
1468,MCH-001468,97,Atlas Machine 1468,Cutting Machine,2018-11-28,Inactive
1469,MCH-001469,16,Atlas Machine 1469,Cutting Machine,2017-08-23,Maintenance
1470,MCH-001470,41,Atlas Machine 1470,Cutting Machine,2018-12-04,Operational
1471,MCH-001471,91,Atlas Machine 1471,Packaging Machine,2017-02-28,Operational
1472,MCH-001472,52,Atlas Machine 1472,Assembly Machine,2018-01-08,Operational
1473,MCH-001473,77,Atlas Machine 1473,CNC Machine,2016-03-20,Operational
1474,MCH-001474,52,Atlas Machine 1474,CNC Machine,2016-10-12,Inactive
1475,MCH-001475,4,Atlas Machine 1475,Packaging Machine,2018-07-11,Operational
1476,MCH-001476,33,Atlas Machine 1476,Packaging Machine,2018-12-29,Operational
1477,MCH-001477,26,Atlas Machine 1477,Packaging Machine,2017-07-14,Operational
1478,MCH-001478,6,Atlas Machine 1478,Assembly Machine,2017-05-08,Operational
1479,MCH-001479,97,Atlas Machine 1479,Cutting Machine,2017-06-24,Maintenance
1480,MCH-001480,19,Atlas Machine 1480,Cutting Machine,2017-11-08,Operational
1481,MCH-001481,82,Atlas Machine 1481,Cutting Machine,2018-02-03,Maintenance
1482,MCH-001482,24,Atlas Machine 1482,Assembly Machine,2018-05-06,Unknown
1483,MCH-001483,48,Atlas Machine 1483,CNC Machine,2018-01-20,Operational
1484,MCH-001484,49,Atlas Machine 1484,Press Machine,2016-12-10,Operational
1485,MCH-001485,20,Atlas Machine 1485,Press Machine,2016-10-30,Operational
1486,MCH-001486,77,Atlas Machine 1486,Press Machine,2017-01-13,Operational
1487,MCH-001487,23,Atlas Machine 1487,Press Machine,2018-10-09,Operational
1488,MCH-001488,72,Atlas Machine 1488,CNC Machine,2017-01-29,Operational
1489,MCH-001489,69,Atlas Machine 1489,Press Machine,2018-11-05,Operational
1490,MCH-001490,35,Atlas Machine 1490,CNC Machine,2017-10-21,Operational
1491,MCH-001491,30,Atlas Machine 1491,Assembly Machine,2018-01-23,Operational
1492,MCH-001492,67,Atlas Machine 1492,Assembly Machine,2016-02-13,Operational
1493,MCH-001493,82,Atlas Machine 1493,CNC Machine,2017-01-31,Maintenance
1494,MCH-001494,7,Atlas Machine 1494,Packaging Machine,2016-12-15,Operational
1495,MCH-001495,87,Atlas Machine 1495,Cutting Machine,2018-08-03,Operational
1496,MCH-001496,4,Atlas Machine 1496,Packaging Machine,2016-10-17,Maintenance
1497,MCH-001497,59,Atlas Machine 1497,Press Machine,2018-08-10,Operational
1498,MCH-001498,61,Atlas Machine 1498,Cutting Machine,2018-10-08,Operational
1499,MCH-001499,64,Atlas Machine 1499,Press Machine,2016-04-05,Operational
1500,MCH-001500,90,Atlas Machine 1500,Cutting Machine,2017-07-29,Operational
1501,MCH-001501,77,Atlas Machine 1501,Press Machine,2016-02-19,Maintenance
1502,MCH-001502,51,Atlas Machine 1502,Assembly Machine,2018-12-21,Operational
1503,MCH-001503,78,Atlas Machine 1503,Packaging Machine,2018-05-21,Operational
1504,MCH-001504,50,Atlas Machine 1504,Press Machine,2016-08-17,Operational
1505,MCH-001505,41,Atlas Machine 1505,CNC Machine,2018-01-14,Operational
1506,MCH-001506,84,Atlas Machine 1506,Packaging Machine,2016-05-07,Operational
1507,MCH-001507,47,Atlas Machine 1507,CNC Machine,2017-07-09,Operational
1508,MCH-001508,61,Atlas Machine 1508,Packaging Machine,2016-04-28,Maintenance
1509,MCH-001509,81,Atlas Machine 1509,Cutting Machine,2016-02-02,Maintenance
1510,MCH-001510,91,Atlas Machine 1510,Cutting Machine,2017-07-09,Operational
1511,MCH-001511,38,Atlas Machine 1511,Cutting Machine,2018-01-17,Operational
1512,MCH-001512,7,Atlas Machine 1512,CNC Machine,2017-12-06,Operational
1513,MCH-001513,28,Atlas Machine 1513,Packaging Machine,2017-04-22,Operational
1514,MCH-001514,26,Atlas Machine 1514,Assembly Machine,2018-01-25,Operational
1515,MCH-001515,65,Atlas Machine 1515,Press Machine,2016-05-21,Operational
1516,MCH-001516,21,Atlas Machine 1516,CNC Machine,2017-01-13,Operational
1517,MCH-001517,35,Atlas Machine 1517,Press Machine,2016-01-09,Operational
1518,MCH-001518,41,Atlas Machine 1518,Assembly Machine,2016-12-20,Inactive
1519,MCH-001519,83,Atlas Machine 1519,Assembly Machine,2017-03-08,Operational
1520,MCH-001520,99,Atlas Machine 1520,Cutting Machine,2018-08-24,Operational
1521,MCH-001521,12,Atlas Machine 1521,Cutting Machine,2017-09-02,Operational
1522,MCH-001522,49,Atlas Machine 1522,Cutting Machine,2016-12-17,Operational
1523,MCH-001523,21,Atlas Machine 1523,Press Machine,2016-05-30,Operational
1524,MCH-001524,100,Atlas Machine 1524,CNC Machine,2017-12-03,Operational
1525,MCH-001525,22,Atlas Machine 1525,Packaging Machine,2016-05-06,Operational
1526,MCH-001526,41,Atlas Machine 1526,Packaging Machine,2016-05-27,Operational
1527,MCH-001527,76,Atlas Machine 1527,Press Machine,2018-11-03,Maintenance
1528,MCH-001528,77,Atlas Machine 1528,Cutting Machine,2016-11-29,Operational
1529,MCH-001529,45,Atlas Machine 1529,Press Machine,2018-01-09,Unknown
1530,MCH-001530,48,Atlas Machine 1530,Packaging Machine,2016-02-02,Operational
1531,MCH-001531,58,Atlas Machine 1531,Cutting Machine,2017-10-07,Operational
1532,MCH-001532,58,Atlas Machine 1532,CNC Machine,2017-09-09,Operational
1533,MCH-001533,60,Atlas Machine 1533,Assembly Machine,2017-03-26,Maintenance
1534,MCH-001534,72,Atlas Machine 1534,Cutting Machine,2016-06-15,Operational
1535,MCH-001535,56,Atlas Machine 1535,Cutting Machine,2018-12-16,Maintenance
1536,MCH-001536,61,Atlas Machine 1536,Packaging Machine,2017-03-28,Operational
1537,MCH-001537,86,Atlas Machine 1537,Assembly Machine,2017-06-21,Operational
1538,MCH-001538,17,Atlas Machine 1538,Cutting Machine,2018-04-24,Operational
1539,MCH-001539,94,Atlas Machine 1539,CNC Machine,2018-05-05,Inactive
1540,MCH-001540,92,Atlas Machine 1540,Press Machine,2018-11-07,Operational
1541,MCH-001541,97,Atlas Machine 1541,Cutting Machine,2016-02-06,Operational
1542,MCH-001542,19,Atlas Machine 1542,Assembly Machine,2018-03-10,Operational
1543,MCH-001543,42,Atlas Machine 1543,Press Machine,2016-08-20,Operational
1544,MCH-001544,71,Atlas Machine 1544,Cutting Machine,2016-12-10,Operational
1545,MCH-001545,68,Atlas Machine 1545,Press Machine,2018-08-29,Operational
1546,MCH-001546,86,Atlas Machine 1546,CNC Machine,2016-05-05,Operational
1547,MCH-001547,19,Atlas Machine 1547,Assembly Machine,2017-03-30,Maintenance
1548,MCH-001548,73,Atlas Machine 1548,Packaging Machine,2018-04-14,Inactive
1549,MCH-001549,65,Atlas Machine 1549,Cutting Machine,2018-11-13,Operational
1550,MCH-001550,57,Atlas Machine 1550,Press Machine,2017-09-09,Operational
1551,MCH-001551,54,Atlas Machine 1551,Packaging Machine,2017-11-23,Operational
1552,MCH-001552,53,Atlas Machine 1552,CNC Machine,2017-02-03,Operational
1553,MCH-001553,64,Atlas Machine 1553,Press Machine,2016-10-01,Operational
1554,MCH-001554,40,Atlas Machine 1554,Assembly Machine,2016-01-28,Operational
1555,MCH-001555,11,Atlas Machine 1555,CNC Machine,2017-09-04,Operational
1556,MCH-001556,3,Atlas Machine 1556,CNC Machine,2017-08-02,Operational
1557,MCH-001557,86,Atlas Machine 1557,Assembly Machine,2016-12-22,Operational
1558,MCH-001558,35,Atlas Machine 1558,Cutting Machine,2017-02-21,Operational
1559,MCH-001559,10,Atlas Machine 1559,Cutting Machine,2017-09-25,Operational
1560,MCH-001560,55,Atlas Machine 1560,Press Machine,2016-07-07,Operational
1561,MCH-001561,17,Atlas Machine 1561,Packaging Machine,2016-04-10,Operational
1562,MCH-001562,91,Atlas Machine 1562,Cutting Machine,2017-03-31,Operational
1563,MCH-001563,86,Atlas Machine 1563,Assembly Machine,2017-11-01,Unknown
1564,MCH-001564,8,Atlas Machine 1564,Assembly Machine,2016-02-26,Operational
1565,MCH-001565,38,Atlas Machine 1565,Press Machine,2016-05-13,Maintenance
1566,MCH-001566,71,Atlas Machine 1566,CNC Machine,2016-06-04,Operational
1567,MCH-001567,97,Atlas Machine 1567,CNC Machine,2018-04-03,Operational
1568,MCH-001568,17,Atlas Machine 1568,Assembly Machine,2016-09-16,Operational
1569,MCH-001569,83,Atlas Machine 1569,Cutting Machine,2018-11-17,Inactive
1570,MCH-001570,7,Atlas Machine 1570,Press Machine,2016-10-06,Operational
1571,MCH-001571,36,Atlas Machine 1571,Press Machine,2017-07-02,Operational
1572,MCH-001572,71,Atlas Machine 1572,Assembly Machine,2016-02-19,Operational
1573,MCH-001573,58,Atlas Machine 1573,CNC Machine,2017-04-30,Operational
1574,MCH-001574,17,Atlas Machine 1574,Assembly Machine,2017-05-31,Operational
1575,MCH-001575,78,Atlas Machine 1575,Assembly Machine,2018-08-17,Operational
1576,MCH-001576,47,Atlas Machine 1576,Assembly Machine,2018-06-17,Operational
1577,MCH-001577,87,Atlas Machine 1577,Press Machine,2017-05-25,Operational
1578,MCH-001578,80,Atlas Machine 1578,Assembly Machine,2016-03-22,Operational
1579,MCH-001579,95,Atlas Machine 1579,Assembly Machine,2016-07-07,Maintenance
1580,MCH-001580,27,Atlas Machine 1580,Cutting Machine,2016-01-24,Operational
1581,MCH-001581,3,Atlas Machine 1581,Packaging Machine,2018-12-28,Operational
1582,MCH-001582,25,Atlas Machine 1582,CNC Machine,2016-11-02,Maintenance
1583,MCH-001583,27,Atlas Machine 1583,CNC Machine,2018-05-03,Operational
1584,MCH-001584,65,Atlas Machine 1584,Assembly Machine,2018-05-17,Operational
1585,MCH-001585,56,Atlas Machine 1585,CNC Machine,2018-05-22,Operational
1586,MCH-001586,17,Atlas Machine 1586,Packaging Machine,2016-10-27,Operational
1587,MCH-001587,11,Atlas Machine 1587,Cutting Machine,2017-03-08,Operational
1588,MCH-001588,74,Atlas Machine 1588,Press Machine,2017-08-07,Operational
1589,MCH-001589,23,Atlas Machine 1589,CNC Machine,2016-05-15,Operational
1590,MCH-001590,97,Atlas Machine 1590,CNC Machine,2016-02-27,Operational
1591,MCH-001591,94,Atlas Machine 1591,CNC Machine,2017-11-21,Operational
1592,MCH-001592,17,Atlas Machine 1592,Press Machine,2016-09-01,Unknown
1593,MCH-001593,73,Atlas Machine 1593,Assembly Machine,2016-11-26,Operational
1594,MCH-001594,77,Atlas Machine 1594,Assembly Machine,2017-04-24,Operational
1595,MCH-001595,16,Atlas Machine 1595,Packaging Machine,2018-02-17,Operational
1596,MCH-001596,29,Atlas Machine 1596,Packaging Machine,2017-07-29,Operational
1597,MCH-001597,54,Atlas Machine 1597,CNC Machine,2018-11-16,Operational
1598,MCH-001598,49,Atlas Machine 1598,Cutting Machine,2017-09-09,Maintenance
1599,MCH-001599,10,Atlas Machine 1599,Press Machine,2017-05-21,Operational
1600,MCH-001600,16,Atlas Machine 1600,Packaging Machine,2017-09-22,Operational
1601,MCH-001601,100,Atlas Machine 1601,Cutting Machine,2018-09-20,Operational
1602,MCH-001602,88,Atlas Machine 1602,Cutting Machine,2017-04-22,Operational
1603,MCH-001603,84,Atlas Machine 1603,CNC Machine,2016-10-24,Operational
1604,MCH-001604,3,Atlas Machine 1604,Cutting Machine,2018-11-28,Operational
1605,MCH-001605,58,Atlas Machine 1605,Press Machine,2017-03-12,Operational
1606,MCH-001606,53,Atlas Machine 1606,Packaging Machine,2018-10-20,Maintenance
1607,MCH-001607,99,Atlas Machine 1607,CNC Machine,2017-06-29,Operational
1608,MCH-001608,79,Atlas Machine 1608,Press Machine,2018-10-31,Operational
1609,MCH-001609,22,Atlas Machine 1609,Assembly Machine,2018-02-25,Maintenance
1610,MCH-001610,98,Atlas Machine 1610,Cutting Machine,2017-08-20,Operational
1611,MCH-001611,86,Atlas Machine 1611,CNC Machine,2016-09-19,Operational
1612,MCH-001612,51,Atlas Machine 1612,CNC Machine,2017-04-02,Operational
1613,MCH-001613,94,Atlas Machine 1613,Assembly Machine,2018-06-18,Inactive
1614,MCH-001614,2,Atlas Machine 1614,Packaging Machine,2018-11-22,Operational
1615,MCH-001615,68,Atlas Machine 1615,Press Machine,2018-02-05,Inactive
1616,MCH-001616,25,Atlas Machine 1616,Press Machine,2018-03-29,Operational
1617,MCH-001617,87,Atlas Machine 1617,Press Machine,2018-02-16,Operational
1618,MCH-001618,15,Atlas Machine 1618,CNC Machine,2018-03-17,Operational
1619,MCH-001619,5,Atlas Machine 1619,Cutting Machine,2017-06-07,Inactive
1620,MCH-001620,7,Atlas Machine 1620,Cutting Machine,2018-09-20,Operational
1621,MCH-001621,88,Atlas Machine 1621,Press Machine,2016-01-05,Operational
1622,MCH-001622,63,Atlas Machine 1622,Packaging Machine,2018-08-30,Operational
1623,MCH-001623,39,Atlas Machine 1623,Packaging Machine,2018-12-10,Operational
1624,MCH-001624,60,Atlas Machine 1624,Packaging Machine,2016-01-28,Operational
1625,MCH-001625,60,Atlas Machine 1625,CNC Machine,2018-02-03,Operational
1626,MCH-001626,3,Atlas Machine 1626,Packaging Machine,2018-09-13,Operational
1627,MCH-001627,95,Atlas Machine 1627,Packaging Machine,2018-11-21,Inactive
1628,MCH-001628,79,Atlas Machine 1628,Packaging Machine,2018-02-19,Operational
1629,MCH-001629,19,Atlas Machine 1629,Assembly Machine,2018-05-21,Operational
1630,MCH-001630,30,Atlas Machine 1630,Press Machine,2017-09-01,Operational
1631,MCH-001631,67,Atlas Machine 1631,Packaging Machine,2017-01-16,Operational
1632,MCH-001632,24,Atlas Machine 1632,Press Machine,2017-07-08,Operational
1633,MCH-001633,75,Atlas Machine 1633,CNC Machine,2017-07-16,Operational
1634,MCH-001634,16,Atlas Machine 1634,Cutting Machine,2017-04-22,Inactive
1635,MCH-001635,85,Atlas Machine 1635,Cutting Machine,2018-08-16,Operational
1636,MCH-001636,75,Atlas Machine 1636,CNC Machine,2016-06-21,Operational
1637,MCH-001637,5,Atlas Machine 1637,Press Machine,2017-06-10,Operational
1638,MCH-001638,34,Atlas Machine 1638,Packaging Machine,2017-07-03,Operational
1639,MCH-001639,28,Atlas Machine 1639,CNC Machine,2018-05-09,Inactive
1640,MCH-001640,32,Atlas Machine 1640,CNC Machine,2016-03-17,Operational
1641,MCH-001641,36,Atlas Machine 1641,Assembly Machine,2016-11-01,Maintenance
1642,MCH-001642,20,Atlas Machine 1642,Assembly Machine,2017-02-14,Operational
1643,MCH-001643,24,Atlas Machine 1643,Press Machine,2017-01-31,Inactive
1644,MCH-001644,52,Atlas Machine 1644,CNC Machine,2017-03-10,Operational
1645,MCH-001645,87,Atlas Machine 1645,Cutting Machine,2016-09-08,Inactive
1646,MCH-001646,98,Atlas Machine 1646,Cutting Machine,2018-08-22,Operational
1647,MCH-001647,12,Atlas Machine 1647,Cutting Machine,2017-12-27,Operational
1648,MCH-001648,39,Atlas Machine 1648,CNC Machine,2018-01-05,Operational
1649,MCH-001649,69,Atlas Machine 1649,Packaging Machine,2016-08-17,Operational
1650,MCH-001650,30,Atlas Machine 1650,Assembly Machine,2017-07-18,Operational
1651,MCH-001651,94,Atlas Machine 1651,Assembly Machine,2016-06-22,Operational
1652,MCH-001652,53,Atlas Machine 1652,Cutting Machine,2016-09-13,Operational
1653,MCH-001653,46,Atlas Machine 1653,Cutting Machine,2016-01-16,Operational
1654,MCH-001654,83,Atlas Machine 1654,Cutting Machine,2016-08-09,Operational
1655,MCH-001655,31,Atlas Machine 1655,Packaging Machine,2017-02-03,Inactive
1656,MCH-001656,75,Atlas Machine 1656,Cutting Machine,2016-07-23,Operational
1657,MCH-001657,26,Atlas Machine 1657,CNC Machine,2018-11-14,Operational
1658,MCH-001658,60,Atlas Machine 1658,CNC Machine,2016-04-23,Operational
1659,MCH-001659,77,Atlas Machine 1659,Press Machine,2016-02-18,Maintenance
1660,MCH-001660,67,Atlas Machine 1660,CNC Machine,2018-04-05,Operational
1661,MCH-001661,91,Atlas Machine 1661,Packaging Machine,2016-01-28,Operational
1662,MCH-001662,52,Atlas Machine 1662,Packaging Machine,2017-05-15,Operational
1663,MCH-001663,61,Atlas Machine 1663,Assembly Machine,2016-12-26,Operational
1664,MCH-001664,52,Atlas Machine 1664,CNC Machine,2017-01-05,Operational
1665,MCH-001665,28,Atlas Machine 1665,Press Machine,2018-01-05,Operational
1666,MCH-001666,74,Atlas Machine 1666,Cutting Machine,2017-12-10,Operational
1667,MCH-001667,29,Atlas Machine 1667,Press Machine,2018-11-19,Maintenance
1668,MCH-001668,21,Atlas Machine 1668,Press Machine,2018-08-19,Maintenance
1669,MCH-001669,2,Atlas Machine 1669,CNC Machine,2017-03-22,Operational
1670,MCH-001670,2,Atlas Machine 1670,Packaging Machine,2017-04-30,Operational
1671,MCH-001671,50,Atlas Machine 1671,Cutting Machine,2017-05-22,Operational
1672,MCH-001672,6,Atlas Machine 1672,Assembly Machine,2017-10-18,Operational
1673,MCH-001673,87,Atlas Machine 1673,Press Machine,2018-08-10,Operational
1674,MCH-001674,56,Atlas Machine 1674,Press Machine,2016-07-22,Operational
1675,MCH-001675,66,Atlas Machine 1675,Assembly Machine,2017-05-07,Operational
1676,MCH-001676,32,Atlas Machine 1676,Assembly Machine,2016-08-03,Operational
1677,MCH-001677,88,Atlas Machine 1677,CNC Machine,2018-03-08,Operational
1678,MCH-001678,92,Atlas Machine 1678,Cutting Machine,2016-11-17,Operational
1679,MCH-001679,81,Atlas Machine 1679,Assembly Machine,2018-08-08,Operational
1680,MCH-001680,32,Atlas Machine 1680,Cutting Machine,2016-06-01,Operational
1681,MCH-001681,36,Atlas Machine 1681,Press Machine,2018-02-11,Operational
1682,MCH-001682,35,Atlas Machine 1682,Assembly Machine,2018-07-20,Inactive
1683,MCH-001683,20,Atlas Machine 1683,Assembly Machine,2017-03-26,Operational
1684,MCH-001684,5,Atlas Machine 1684,Press Machine,2018-01-27,Operational
1685,MCH-001685,44,Atlas Machine 1685,Packaging Machine,2017-07-14,Operational
1686,MCH-001686,8,Atlas Machine 1686,Packaging Machine,2016-10-08,Operational
1687,MCH-001687,46,Atlas Machine 1687,Assembly Machine,2017-12-05,Operational
1688,MCH-001688,7,Atlas Machine 1688,Assembly Machine,2018-09-29,Operational
1689,MCH-001689,67,Atlas Machine 1689,CNC Machine,2016-05-02,Operational
1690,MCH-001690,58,Atlas Machine 1690,Packaging Machine,2016-02-07,Operational
1691,MCH-001691,9,Atlas Machine 1691,CNC Machine,2016-05-29,Operational
1692,MCH-001692,37,Atlas Machine 1692,Cutting Machine,2017-08-18,Operational
1693,MCH-001693,9,Atlas Machine 1693,Packaging Machine,2018-07-02,Maintenance
1694,MCH-001694,58,Atlas Machine 1694,Assembly Machine,2018-12-25,Maintenance
1695,MCH-001695,100,Atlas Machine 1695,Press Machine,2016-08-27,Maintenance
1696,MCH-001696,37,Atlas Machine 1696,Cutting Machine,2016-06-16,Operational
1697,MCH-001697,14,Atlas Machine 1697,CNC Machine,2018-03-03,Operational
1698,MCH-001698,85,Atlas Machine 1698,Packaging Machine,2017-02-06,Maintenance
1699,MCH-001699,10,Atlas Machine 1699,Press Machine,2018-11-15,Operational
1700,MCH-001700,83,Atlas Machine 1700,CNC Machine,2016-01-07,Operational
1701,MCH-001701,67,Atlas Machine 1701,Assembly Machine,2017-03-20,Operational
1702,MCH-001702,10,Atlas Machine 1702,Press Machine,2018-05-12,Operational
1703,MCH-001703,31,Atlas Machine 1703,Assembly Machine,2016-03-19,Operational
1704,MCH-001704,79,Atlas Machine 1704,Cutting Machine,2016-12-06,Operational
1705,MCH-001705,25,Atlas Machine 1705,Cutting Machine,2016-06-03,Maintenance
1706,MCH-001706,75,Atlas Machine 1706,Assembly Machine,2017-04-04,Operational
1707,MCH-001707,3,Atlas Machine 1707,Assembly Machine,2017-02-16,Operational
1708,MCH-001708,100,Atlas Machine 1708,Packaging Machine,2016-05-18,Operational
1709,MCH-001709,43,Atlas Machine 1709,CNC Machine,2017-03-26,Operational
1710,MCH-001710,51,Atlas Machine 1710,Assembly Machine,2016-11-29,Operational
1711,MCH-001711,43,Atlas Machine 1711,CNC Machine,2017-06-08,Operational
1712,MCH-001712,87,Atlas Machine 1712,Press Machine,2016-05-09,Operational
1713,MCH-001713,36,Atlas Machine 1713,CNC Machine,2018-01-02,Operational
1714,MCH-001714,74,Atlas Machine 1714,Press Machine,2017-01-01,Operational
1715,MCH-001715,56,Atlas Machine 1715,Assembly Machine,2016-02-07,Operational
1716,MCH-001716,37,Atlas Machine 1716,Packaging Machine,2018-08-17,Operational
1717,MCH-001717,8,Atlas Machine 1717,Press Machine,2017-06-24,Operational
1718,MCH-001718,14,Atlas Machine 1718,Assembly Machine,2018-03-30,Operational
1719,MCH-001719,49,Atlas Machine 1719,Packaging Machine,2017-04-30,Operational
1720,MCH-001720,81,Atlas Machine 1720,CNC Machine,2017-08-04,Maintenance
1721,MCH-001721,57,Atlas Machine 1721,CNC Machine,2017-07-18,Operational
1722,MCH-001722,12,Atlas Machine 1722,Assembly Machine,2017-01-02,Operational
1723,MCH-001723,53,Atlas Machine 1723,CNC Machine,2018-09-19,Operational
1724,MCH-001724,69,Atlas Machine 1724,Assembly Machine,2017-09-06,Operational
1725,MCH-001725,16,Atlas Machine 1725,Cutting Machine,2017-02-15,Operational
1726,MCH-001726,84,Atlas Machine 1726,Press Machine,2017-10-04,Operational
1727,MCH-001727,26,Atlas Machine 1727,Press Machine,2017-03-13,Operational
1728,MCH-001728,32,Atlas Machine 1728,Assembly Machine,2018-12-24,Operational
1729,MCH-001729,21,Atlas Machine 1729,Assembly Machine,2017-10-27,Operational
1730,MCH-001730,54,Atlas Machine 1730,CNC Machine,2016-01-01,Inactive
1731,MCH-001731,4,Atlas Machine 1731,CNC Machine,2018-01-24,Inactive
1732,MCH-001732,44,Atlas Machine 1732,Cutting Machine,2017-05-20,Operational
1733,MCH-001733,22,Atlas Machine 1733,CNC Machine,2017-02-14,Operational
1734,MCH-001734,6,Atlas Machine 1734,CNC Machine,2018-11-05,Operational
1735,MCH-001735,36,Atlas Machine 1735,Assembly Machine,2017-05-06,Operational
1736,MCH-001736,25,Atlas Machine 1736,CNC Machine,2018-03-21,Inactive
1737,MCH-001737,43,Atlas Machine 1737,Press Machine,2017-08-12,Operational
1738,MCH-001738,18,Atlas Machine 1738,Press Machine,2016-12-18,Operational
1739,MCH-001739,4,Atlas Machine 1739,Packaging Machine,2017-12-03,Operational
1740,MCH-001740,74,Atlas Machine 1740,Packaging Machine,2017-04-19,Operational
1741,MCH-001741,15,Atlas Machine 1741,Press Machine,2018-08-09,Operational
1742,MCH-001742,1,Atlas Machine 1742,Cutting Machine,2017-02-17,Operational
1743,MCH-001743,27,Atlas Machine 1743,Packaging Machine,2017-06-02,Operational
1744,MCH-001744,16,Atlas Machine 1744,Cutting Machine,2018-02-01,Operational
1745,MCH-001745,51,Atlas Machine 1745,Packaging Machine,2018-05-09,Operational
1746,MCH-001746,5,Atlas Machine 1746,CNC Machine,2017-11-08,Operational
1747,MCH-001747,37,Atlas Machine 1747,Cutting Machine,2017-12-31,Operational
1748,MCH-001748,52,Atlas Machine 1748,Cutting Machine,2016-03-13,Operational
1749,MCH-001749,78,Atlas Machine 1749,Press Machine,2018-11-17,Operational
1750,MCH-001750,77,Atlas Machine 1750,CNC Machine,2016-07-10,Operational
1751,MCH-001751,83,Atlas Machine 1751,Assembly Machine,2016-11-25,Operational
1752,MCH-001752,16,Atlas Machine 1752,Press Machine,2017-08-12,Operational
1753,MCH-001753,7,Atlas Machine 1753,Packaging Machine,2017-03-26,Maintenance
1754,MCH-001754,32,Atlas Machine 1754,Press Machine,2018-04-04,Operational
1755,MCH-001755,71,Atlas Machine 1755,Packaging Machine,2017-10-03,Operational
1756,MCH-001756,29,Atlas Machine 1756,CNC Machine,2017-06-06,Operational
1757,MCH-001757,47,Atlas Machine 1757,Press Machine,2016-12-27,Operational
1758,MCH-001758,94,Atlas Machine 1758,CNC Machine,2017-01-28,Operational
1759,MCH-001759,89,Atlas Machine 1759,Packaging Machine,2017-12-17,Operational
1760,MCH-001760,8,Atlas Machine 1760,Assembly Machine,2017-01-18,Operational
1761,MCH-001761,30,Atlas Machine 1761,Assembly Machine,2018-09-14,Operational
1762,MCH-001762,92,Atlas Machine 1762,CNC Machine,2017-10-21,Operational
1763,MCH-001763,3,Atlas Machine 1763,Cutting Machine,2018-11-05,Operational
1764,MCH-001764,79,Atlas Machine 1764,CNC Machine,2017-11-13,Operational
1765,MCH-001765,32,Atlas Machine 1765,Assembly Machine,2018-11-18,Operational
1766,MCH-001766,33,Atlas Machine 1766,Press Machine,2018-03-12,Operational
1767,MCH-001767,28,Atlas Machine 1767,Cutting Machine,2016-12-07,Operational
1768,MCH-001768,64,Atlas Machine 1768,Packaging Machine,2017-06-05,Operational
1769,MCH-001769,5,Atlas Machine 1769,Packaging Machine,2017-12-16,Operational
1770,MCH-001770,57,Atlas Machine 1770,Assembly Machine,2017-04-13,Operational
1771,MCH-001771,83,Atlas Machine 1771,Packaging Machine,2018-08-17,Maintenance
1772,MCH-001772,24,Atlas Machine 1772,Packaging Machine,2017-10-12,Operational
1773,MCH-001773,90,Atlas Machine 1773,Packaging Machine,2017-04-09,Operational
1774,MCH-001774,87,Atlas Machine 1774,Assembly Machine,2017-03-24,Inactive
1775,MCH-001775,89,Atlas Machine 1775,CNC Machine,2017-04-12,Operational
1776,MCH-001776,76,Atlas Machine 1776,Cutting Machine,2018-01-07,Operational
1777,MCH-001777,100,Atlas Machine 1777,Assembly Machine,2016-07-20,Operational
1778,MCH-001778,48,Atlas Machine 1778,Assembly Machine,2017-12-05,Operational
1779,MCH-001779,46,Atlas Machine 1779,Cutting Machine,2018-08-28,Operational
1780,MCH-001780,30,Atlas Machine 1780,CNC Machine,2018-04-22,Operational
1781,MCH-001781,27,Atlas Machine 1781,Packaging Machine,2016-10-02,Operational
1782,MCH-001782,43,Atlas Machine 1782,Assembly Machine,2016-05-10,Maintenance
1783,MCH-001783,1,Atlas Machine 1783,Assembly Machine,2016-02-16,Operational
1784,MCH-001784,57,Atlas Machine 1784,Assembly Machine,2017-09-29,Operational
1785,MCH-001785,96,Atlas Machine 1785,Packaging Machine,2018-10-06,Operational
1786,MCH-001786,58,Atlas Machine 1786,Assembly Machine,2017-02-25,Operational
1787,MCH-001787,99,Atlas Machine 1787,Press Machine,2016-11-20,Operational
1788,MCH-001788,68,Atlas Machine 1788,CNC Machine,2018-09-09,Operational
1789,MCH-001789,59,Atlas Machine 1789,Packaging Machine,2018-03-28,Operational
1790,MCH-001790,93,Atlas Machine 1790,Cutting Machine,2018-04-10,Operational
1791,MCH-001791,27,Atlas Machine 1791,CNC Machine,2018-12-29,Operational
1792,MCH-001792,91,Atlas Machine 1792,Packaging Machine,2018-07-23,Operational
1793,MCH-001793,34,Atlas Machine 1793,Packaging Machine,2018-01-12,Operational
1794,MCH-001794,60,Atlas Machine 1794,CNC Machine,2018-11-28,Operational
1795,MCH-001795,20,Atlas Machine 1795,Press Machine,2018-06-06,Operational
1796,MCH-001796,52,Atlas Machine 1796,Assembly Machine,2017-04-22,Inactive
1797,MCH-001797,77,Atlas Machine 1797,Press Machine,2018-03-16,Operational
1798,MCH-001798,41,Atlas Machine 1798,Press Machine,2016-09-05,Operational
1799,MCH-001799,53,Atlas Machine 1799,Assembly Machine,2016-11-23,Operational
1800,MCH-001800,85,Atlas Machine 1800,Press Machine,2018-06-08,Operational
1801,MCH-001801,66,Atlas Machine 1801,Assembly Machine,2016-09-07,Operational
1802,MCH-001802,39,Atlas Machine 1802,Packaging Machine,2017-02-08,Operational
1803,MCH-001803,1,Atlas Machine 1803,Press Machine,2017-03-04,Operational
1804,MCH-001804,34,Atlas Machine 1804,Cutting Machine,2018-08-11,Operational
1805,MCH-001805,57,Atlas Machine 1805,Packaging Machine,2017-05-21,Inactive
1806,MCH-001806,6,Atlas Machine 1806,Packaging Machine,2017-02-19,Operational
1807,MCH-001807,77,Atlas Machine 1807,Packaging Machine,2017-05-16,Maintenance
1808,MCH-001808,49,Atlas Machine 1808,Packaging Machine,2018-04-18,Operational
1809,MCH-001809,72,Atlas Machine 1809,Cutting Machine,2017-02-22,Operational
1810,MCH-001810,50,Atlas Machine 1810,Assembly Machine,2017-01-28,Operational
1811,MCH-001811,83,Atlas Machine 1811,Cutting Machine,2017-09-13,Operational
1812,MCH-001812,9,Atlas Machine 1812,Cutting Machine,2017-11-03,Operational
1813,MCH-001813,74,Atlas Machine 1813,Press Machine,2018-06-13,Operational
1814,MCH-001814,100,Atlas Machine 1814,Packaging Machine,2016-06-12,Operational
1815,MCH-001815,93,Atlas Machine 1815,Assembly Machine,2018-03-09,Operational
1816,MCH-001816,8,Atlas Machine 1816,Packaging Machine,2016-07-24,Operational
1817,MCH-001817,33,Atlas Machine 1817,Press Machine,2018-01-19,Operational
1818,MCH-001818,23,Atlas Machine 1818,Cutting Machine,2017-04-15,Operational
1819,MCH-001819,47,Atlas Machine 1819,Press Machine,2017-12-04,Operational
1820,MCH-001820,24,Atlas Machine 1820,Press Machine,2016-08-25,Operational
1821,MCH-001821,45,Atlas Machine 1821,Packaging Machine,2018-06-14,Operational
1822,MCH-001822,1,Atlas Machine 1822,CNC Machine,2017-03-23,Inactive
1823,MCH-001823,68,Atlas Machine 1823,Press Machine,2018-03-01,Operational
1824,MCH-001824,65,Atlas Machine 1824,Press Machine,2017-02-01,Operational
1825,MCH-001825,6,Atlas Machine 1825,Press Machine,2016-10-26,Operational
1826,MCH-001826,13,Atlas Machine 1826,Assembly Machine,2018-09-06,Operational
1827,MCH-001827,67,Atlas Machine 1827,CNC Machine,2016-02-25,Operational
1828,MCH-001828,19,Atlas Machine 1828,Press Machine,2016-10-30,Operational
1829,MCH-001829,66,Atlas Machine 1829,CNC Machine,2016-11-07,Operational
1830,MCH-001830,44,Atlas Machine 1830,CNC Machine,2018-08-15,Operational
1831,MCH-001831,51,Atlas Machine 1831,Packaging Machine,2016-01-01,Maintenance
1832,MCH-001832,83,Atlas Machine 1832,Cutting Machine,2018-05-31,Maintenance
1833,MCH-001833,14,Atlas Machine 1833,Cutting Machine,2018-06-18,Operational
1834,MCH-001834,39,Atlas Machine 1834,CNC Machine,2018-07-26,Operational
1835,MCH-001835,39,Atlas Machine 1835,Cutting Machine,2018-08-16,Operational
1836,MCH-001836,74,Atlas Machine 1836,CNC Machine,2016-10-10,Operational
1837,MCH-001837,56,Atlas Machine 1837,Press Machine,2018-03-31,Operational
1838,MCH-001838,65,Atlas Machine 1838,CNC Machine,2018-07-23,Operational
1839,MCH-001839,56,Atlas Machine 1839,Packaging Machine,2018-08-11,Operational
1840,MCH-001840,68,Atlas Machine 1840,Assembly Machine,2018-05-22,Operational
1841,MCH-001841,55,Atlas Machine 1841,Assembly Machine,2018-03-15,Operational
1842,MCH-001842,94,Atlas Machine 1842,Press Machine,2018-12-03,Operational
1843,MCH-001843,36,Atlas Machine 1843,Packaging Machine,2018-05-10,Operational
1844,MCH-001844,88,Atlas Machine 1844,Packaging Machine,2016-03-03,Operational
1845,MCH-001845,22,Atlas Machine 1845,Assembly Machine,2018-03-17,Operational
1846,MCH-001846,9,Atlas Machine 1846,Cutting Machine,2018-07-17,Operational
1847,MCH-001847,42,Atlas Machine 1847,Press Machine,2018-09-28,Operational
1848,MCH-001848,64,Atlas Machine 1848,Cutting Machine,2018-06-25,Maintenance
1849,MCH-001849,46,Atlas Machine 1849,Packaging Machine,2016-09-30,Operational
1850,MCH-001850,21,Atlas Machine 1850,CNC Machine,2018-09-23,Operational
1851,MCH-001851,13,Atlas Machine 1851,Packaging Machine,2017-06-21,Operational
1852,MCH-001852,64,Atlas Machine 1852,Press Machine,2017-07-18,Operational
1853,MCH-001853,83,Atlas Machine 1853,CNC Machine,2018-10-05,Operational
1854,MCH-001854,5,Atlas Machine 1854,CNC Machine,2016-06-29,Operational
1855,MCH-001855,28,Atlas Machine 1855,Press Machine,2016-12-08,Operational
1856,MCH-001856,67,Atlas Machine 1856,Packaging Machine,2017-10-22,Operational
1857,MCH-001857,49,Atlas Machine 1857,Packaging Machine,2017-10-29,Operational
1858,MCH-001858,28,Atlas Machine 1858,Packaging Machine,2018-12-14,Operational
1859,MCH-001859,41,Atlas Machine 1859,Press Machine,2016-06-24,Operational
1860,MCH-001860,4,Atlas Machine 1860,Press Machine,2017-09-23,Operational
1861,MCH-001861,1,Atlas Machine 1861,Packaging Machine,2017-06-22,Operational
1862,MCH-001862,63,Atlas Machine 1862,Press Machine,2018-03-03,Operational
1863,MCH-001863,18,Atlas Machine 1863,CNC Machine,2018-07-18,Operational
1864,MCH-001864,27,Atlas Machine 1864,CNC Machine,2017-04-12,Maintenance
1865,MCH-001865,2,Atlas Machine 1865,CNC Machine,2018-06-08,Operational
1866,MCH-001866,98,Atlas Machine 1866,Packaging Machine,2017-12-29,Operational
1867,MCH-001867,94,Atlas Machine 1867,Packaging Machine,2016-01-13,Operational
1868,MCH-001868,18,Atlas Machine 1868,Assembly Machine,2016-09-11,Operational
1869,MCH-001869,96,Atlas Machine 1869,Assembly Machine,2016-03-17,Operational
1870,MCH-001870,51,Atlas Machine 1870,Press Machine,2016-11-09,Operational
1871,MCH-001871,17,Atlas Machine 1871,CNC Machine,2016-02-09,Operational
1872,MCH-001872,56,Atlas Machine 1872,Cutting Machine,2018-07-24,Operational
1873,MCH-001873,11,Atlas Machine 1873,Press Machine,2018-04-20,Unknown
1874,MCH-001874,69,Atlas Machine 1874,Packaging Machine,2016-06-11,Operational
1875,MCH-001875,38,Atlas Machine 1875,CNC Machine,2018-08-16,Maintenance
1876,MCH-001876,62,Atlas Machine 1876,Press Machine,2018-07-23,Operational
1877,MCH-001877,94,Atlas Machine 1877,Press Machine,2018-12-11,Maintenance
1878,MCH-001878,82,Atlas Machine 1878,Press Machine,2016-08-23,Operational
1879,MCH-001879,74,Atlas Machine 1879,Packaging Machine,2017-02-24,Operational
1880,MCH-001880,68,Atlas Machine 1880,CNC Machine,2016-06-04,Operational
1881,MCH-001881,98,Atlas Machine 1881,CNC Machine,2017-11-24,Operational
1882,MCH-001882,48,Atlas Machine 1882,Assembly Machine,2018-03-26,Operational
1883,MCH-001883,17,Atlas Machine 1883,CNC Machine,2016-08-25,Maintenance
1884,MCH-001884,14,Atlas Machine 1884,CNC Machine,2016-05-11,Operational
1885,MCH-001885,78,Atlas Machine 1885,Cutting Machine,2018-09-23,Operational
1886,MCH-001886,25,Atlas Machine 1886,Cutting Machine,2017-03-31,Operational
1887,MCH-001887,96,Atlas Machine 1887,Packaging Machine,2016-07-22,Operational
1888,MCH-001888,15,Atlas Machine 1888,Assembly Machine,2017-08-12,Operational
1889,MCH-001889,30,Atlas Machine 1889,Press Machine,2016-05-10,Operational
1890,MCH-001890,2,Atlas Machine 1890,Packaging Machine,2018-04-16,Operational
1891,MCH-001891,48,Atlas Machine 1891,Press Machine,2018-05-24,Operational
1892,MCH-001892,83,Atlas Machine 1892,Press Machine,2018-01-17,Operational
1893,MCH-001893,40,Atlas Machine 1893,Cutting Machine,2017-10-05,Operational
1894,MCH-001894,95,Atlas Machine 1894,CNC Machine,2018-07-18,Maintenance
1895,MCH-001895,78,Atlas Machine 1895,Cutting Machine,2016-06-06,Operational
1896,MCH-001896,86,Atlas Machine 1896,Press Machine,2016-05-26,Operational
1897,MCH-001897,32,Atlas Machine 1897,Press Machine,2017-09-12,Inactive
1898,MCH-001898,91,Atlas Machine 1898,Packaging Machine,2016-02-08,Operational
1899,MCH-001899,46,Atlas Machine 1899,CNC Machine,2018-02-07,Operational
1900,MCH-001900,2,Atlas Machine 1900,Press Machine,2017-12-04,Operational
1901,MCH-001901,15,Atlas Machine 1901,Assembly Machine,2016-01-22,Operational
1902,MCH-001902,91,Atlas Machine 1902,CNC Machine,2016-10-31,Operational
1903,MCH-001903,96,Atlas Machine 1903,CNC Machine,2016-01-17,Operational
1904,MCH-001904,50,Atlas Machine 1904,Assembly Machine,2016-08-20,Operational
1905,MCH-001905,9,Atlas Machine 1905,Assembly Machine,2016-07-02,Operational
1906,MCH-001906,15,Atlas Machine 1906,Cutting Machine,2018-04-04,Operational
1907,MCH-001907,29,Atlas Machine 1907,Cutting Machine,2016-03-21,Operational
1908,MCH-001908,96,Atlas Machine 1908,Cutting Machine,2016-07-10,Operational
1909,MCH-001909,43,Atlas Machine 1909,Packaging Machine,2017-03-02,Maintenance
1910,MCH-001910,53,Atlas Machine 1910,Packaging Machine,2016-06-19,Operational
1911,MCH-001911,60,Atlas Machine 1911,Packaging Machine,2017-06-24,Operational
1912,MCH-001912,73,Atlas Machine 1912,CNC Machine,2018-08-15,Operational
1913,MCH-001913,9,Atlas Machine 1913,Packaging Machine,2018-05-03,Inactive
1914,MCH-001914,54,Atlas Machine 1914,Press Machine,2018-02-24,Operational
1915,MCH-001915,83,Atlas Machine 1915,Cutting Machine,2017-12-15,Operational
1916,MCH-001916,63,Atlas Machine 1916,Cutting Machine,2016-04-13,Operational
1917,MCH-001917,75,Atlas Machine 1917,Assembly Machine,2017-07-15,Operational
1918,MCH-001918,52,Atlas Machine 1918,Press Machine,2018-12-01,Operational
1919,MCH-001919,23,Atlas Machine 1919,Packaging Machine,2017-10-01,Operational
1920,MCH-001920,93,Atlas Machine 1920,Press Machine,2017-07-26,Operational
1921,MCH-001921,93,Atlas Machine 1921,Packaging Machine,2017-08-13,Operational
1922,MCH-001922,61,Atlas Machine 1922,Press Machine,2016-07-06,Operational
1923,MCH-001923,2,Atlas Machine 1923,Packaging Machine,2018-01-15,Operational
1924,MCH-001924,44,Atlas Machine 1924,Press Machine,2016-11-27,Operational
1925,MCH-001925,65,Atlas Machine 1925,CNC Machine,2018-03-06,Operational
1926,MCH-001926,60,Atlas Machine 1926,Cutting Machine,2017-02-25,Operational
1927,MCH-001927,70,Atlas Machine 1927,Assembly Machine,2017-04-05,Maintenance
1928,MCH-001928,67,Atlas Machine 1928,Assembly Machine,2017-11-16,Operational
1929,MCH-001929,95,Atlas Machine 1929,CNC Machine,2017-10-07,Operational
1930,MCH-001930,91,Atlas Machine 1930,Cutting Machine,2017-11-30,Operational
1931,MCH-001931,66,Atlas Machine 1931,Packaging Machine,2018-07-02,Operational
1932,MCH-001932,12,Atlas Machine 1932,CNC Machine,2017-04-21,Operational
1933,MCH-001933,67,Atlas Machine 1933,CNC Machine,2017-04-12,Operational
1934,MCH-001934,53,Atlas Machine 1934,Cutting Machine,2016-01-03,Operational
1935,MCH-001935,35,Atlas Machine 1935,Press Machine,2018-02-11,Operational
1936,MCH-001936,56,Atlas Machine 1936,Press Machine,2017-11-21,Operational
1937,MCH-001937,96,Atlas Machine 1937,Assembly Machine,2018-11-12,Operational
1938,MCH-001938,9,Atlas Machine 1938,Assembly Machine,2016-09-09,Operational
1939,MCH-001939,87,Atlas Machine 1939,Press Machine,2017-09-26,Operational
1940,MCH-001940,68,Atlas Machine 1940,Cutting Machine,2018-02-09,Operational
1941,MCH-001941,75,Atlas Machine 1941,Packaging Machine,2016-08-25,Operational
1942,MCH-001942,54,Atlas Machine 1942,CNC Machine,2018-06-30,Operational
1943,MCH-001943,14,Atlas Machine 1943,Cutting Machine,2017-08-03,Operational
1944,MCH-001944,78,Atlas Machine 1944,Packaging Machine,2017-11-07,Maintenance
1945,MCH-001945,33,Atlas Machine 1945,Cutting Machine,2017-05-25,Operational
1946,MCH-001946,47,Atlas Machine 1946,Assembly Machine,2016-03-05,Operational
1947,MCH-001947,45,Atlas Machine 1947,Assembly Machine,2017-06-10,Operational
1948,MCH-001948,62,Atlas Machine 1948,Cutting Machine,2016-08-26,Maintenance
1949,MCH-001949,67,Atlas Machine 1949,Packaging Machine,2016-03-14,Operational
1950,MCH-001950,46,Atlas Machine 1950,Press Machine,2018-03-27,Operational
1951,MCH-001951,23,Atlas Machine 1951,Cutting Machine,2016-10-22,Operational
1952,MCH-001952,21,Atlas Machine 1952,Packaging Machine,2018-05-16,Operational
1953,MCH-001953,62,Atlas Machine 1953,Press Machine,2017-04-25,Operational
1954,MCH-001954,25,Atlas Machine 1954,Cutting Machine,2017-04-24,Maintenance
1955,MCH-001955,69,Atlas Machine 1955,Cutting Machine,2016-04-18,Operational
1956,MCH-001956,89,Atlas Machine 1956,CNC Machine,2018-09-05,Maintenance
1957,MCH-001957,10,Atlas Machine 1957,Press Machine,2016-07-28,Operational
1958,MCH-001958,38,Atlas Machine 1958,Press Machine,2016-06-25,Operational
1959,MCH-001959,50,Atlas Machine 1959,Packaging Machine,2018-02-03,Operational
1960,MCH-001960,87,Atlas Machine 1960,Assembly Machine,2016-08-29,Operational
1961,MCH-001961,11,Atlas Machine 1961,Assembly Machine,2018-08-28,Maintenance
1962,MCH-001962,32,Atlas Machine 1962,Press Machine,2018-05-01,Operational
1963,MCH-001963,20,Atlas Machine 1963,Assembly Machine,2016-05-25,Operational
1964,MCH-001964,58,Atlas Machine 1964,Cutting Machine,2017-10-17,Maintenance
1965,MCH-001965,11,Atlas Machine 1965,Assembly Machine,2018-09-12,Operational
1966,MCH-001966,89,Atlas Machine 1966,CNC Machine,2018-03-23,Operational
1967,MCH-001967,74,Atlas Machine 1967,Cutting Machine,2018-08-11,Maintenance
1968,MCH-001968,46,Atlas Machine 1968,CNC Machine,2018-12-24,Operational
1969,MCH-001969,13,Atlas Machine 1969,Packaging Machine,2016-08-20,Operational
1970,MCH-001970,44,Atlas Machine 1970,CNC Machine,2018-08-29,Operational
1971,MCH-001971,81,Atlas Machine 1971,Press Machine,2018-02-07,Operational
1972,MCH-001972,87,Atlas Machine 1972,Press Machine,2016-10-16,Operational
1973,MCH-001973,68,Atlas Machine 1973,CNC Machine,2018-08-04,Operational
1974,MCH-001974,77,Atlas Machine 1974,Cutting Machine,2017-11-28,Maintenance
1975,MCH-001975,29,Atlas Machine 1975,Assembly Machine,2017-12-13,Operational
1976,MCH-001976,21,Atlas Machine 1976,Cutting Machine,2016-06-07,Operational
1977,MCH-001977,4,Atlas Machine 1977,Press Machine,2017-04-15,Operational
1978,MCH-001978,9,Atlas Machine 1978,Press Machine,2016-01-02,Operational
1979,MCH-001979,98,Atlas Machine 1979,CNC Machine,2017-12-02,Operational
1980,MCH-001980,5,Atlas Machine 1980,CNC Machine,2017-01-21,Operational
1981,MCH-001981,66,Atlas Machine 1981,CNC Machine,2016-07-13,Operational
1982,MCH-001982,30,Atlas Machine 1982,Press Machine,2018-03-01,Inactive
1983,MCH-001983,36,Atlas Machine 1983,Press Machine,2017-12-02,Operational
1984,MCH-001984,63,Atlas Machine 1984,Cutting Machine,2017-05-09,Maintenance
1985,MCH-001985,99,Atlas Machine 1985,Cutting Machine,2018-10-27,Operational
1986,MCH-001986,97,Atlas Machine 1986,Assembly Machine,2018-03-25,Operational
1987,MCH-001987,5,Atlas Machine 1987,Packaging Machine,2018-08-03,Operational
1988,MCH-001988,3,Atlas Machine 1988,CNC Machine,2018-01-21,Operational
1989,MCH-001989,82,Atlas Machine 1989,Press Machine,2018-10-27,Maintenance
1990,MCH-001990,29,Atlas Machine 1990,CNC Machine,2018-09-10,Operational
1991,MCH-001991,38,Atlas Machine 1991,CNC Machine,2018-10-31,Operational
1992,MCH-001992,72,Atlas Machine 1992,CNC Machine,2017-08-23,Operational
1993,MCH-001993,20,Atlas Machine 1993,Packaging Machine,2017-08-14,Operational
1994,MCH-001994,93,Atlas Machine 1994,Packaging Machine,2017-03-09,Operational
1995,MCH-001995,19,Atlas Machine 1995,CNC Machine,2016-03-29,Maintenance
1996,MCH-001996,69,Atlas Machine 1996,Packaging Machine,2016-11-23,Operational
1997,MCH-001997,12,Atlas Machine 1997,CNC Machine,2018-04-28,Operational
1998,MCH-001998,96,Atlas Machine 1998,Cutting Machine,2017-08-11,Operational
1999,MCH-001999,78,Atlas Machine 1999,Assembly Machine,2016-06-04,Operational
2000,MCH-002000,6,Atlas Machine 2000,Press Machine,2018-09-16,Operational
