product_key,product_id,supplier_key,product_name,category,subcategory,unit_of_measure,unit_cost,unit_price,status
1,PROD-000001,996,Atlas Product 1,Packaging,Standard,Liter,478.67,629.38,Active
2,PROD-000002,216,Atlas Product 2,Raw Materials,Specialty,Each,79.39,119.88,Active
3,PROD-000003,96,Atlas Product 3,Industrial Equipment,Standard,Kg,445.2,632.21,Active
4,PROD-000004,315,Atlas Product 4,Industrial Equipment,Standard,Kg,282.84,451.36,Active
5,PROD-000005,103,Atlas Product 5,Raw Materials,Specialty,Liter,216.44,503.45,Active
6,PROD-000006,257,Atlas Product 6,Packaging,Specialty,Meter,317.54,544.59,Inactive
7,PROD-000007,218,Atlas Product 7,Industrial Equipment,Specialty,Meter,16.02,38.88,Active
8,PROD-000008,356,Atlas Product 8,Packaging,Standard,Kg,206.08,361.45,Active
9,PROD-000009,403,Atlas Product 9,Raw Materials,Standard,Each,364.28,871.4,Inactive
10,PROD-000010,706,Atlas Product 10,Components,Premium,Kg,161.82,233.62,Active
11,PROD-000011,925,Atlas Product 11,Industrial Equipment,Specialty,Meter,183.67,309.87,Active
12,PROD-000012,955,Atlas Product 12,Industrial Equipment,Standard,Kg,427.3,559.0,Inactive
13,PROD-000013,862,Atlas Product 13,Packaging,Specialty,Kg,488.92,948.65,Active
14,PROD-000014,978,Atlas Product 14,Industrial Equipment,Specialty,Meter,310.82,710.22,Active
15,PROD-000015,355,Atlas Product 15,Raw Materials,Specialty,Each,422.72,543.22,Active
16,PROD-000016,672,Atlas Product 16,Electronics,Premium,Kg,286.57,632.7,Active
17,PROD-000017,463,Atlas Product 17,Electronics,Standard,Meter,364.43,764.98,Active
18,PROD-000018,844,Atlas Product 18,Packaging,Standard,Kg,276.62,375.14,Active
19,PROD-000019,11,Atlas Product 19,Industrial Equipment,Standard,Kg,297.84,587.96,Active
20,PROD-000020,580,Atlas Product 20,Packaging,Premium,Liter,356.93,810.94,Active
21,PROD-000021,967,Atlas Product 21,Packaging,Standard,Kg,122.01,256.65,Active
22,PROD-000022,854,Atlas Product 22,Components,Specialty,Each,473.68,856.69,Active
23,PROD-000023,401,Atlas Product 23,Components,Specialty,Meter,447.64,772.22,Active
24,PROD-000024,307,Atlas Product 24,Raw Materials,Premium,Each,419.48,786.52,Active
25,PROD-000025,814,Atlas Product 25,Components,Specialty,Kg,195.54,280.67,Active
26,PROD-000026,276,Atlas Product 26,Electronics,Specialty,Kg,496.16,715.17,Active
27,PROD-000027,362,Atlas Product 27,Raw Materials,Premium,Liter,357.55,646.64,Inactive
28,PROD-000028,305,Atlas Product 28,Packaging,Standard,Each,58.35,130.17,Inactive
29,PROD-000029,834,Atlas Product 29,Components,Specialty,Each,157.45,293.41,Active
30,PROD-000030,529,Atlas Product 30,Raw Materials,Standard,Meter,196.91,491.11,Active
31,PROD-000031,593,Atlas Product 31,Raw Materials,Standard,Each,381.66,868.52,Active
32,PROD-000032,179,Atlas Product 32,Electronics,Premium,Meter,367.07,613.77,Active
33,PROD-000033,528,Atlas Product 33,Industrial Equipment,Premium,Liter,484.19,730.75,Active
34,PROD-000034,790,Atlas Product 34,Raw Materials,Specialty,Liter,258.94,391.83,Active
35,PROD-000035,821,Atlas Product 35,Components,Specialty,Each,479.44,1186.7,Active
36,PROD-000036,598,Atlas Product 36,Industrial Equipment,Specialty,Each,73.14,151.13,Active
37,PROD-000037,952,Atlas Product 37,Packaging,Specialty,Meter,464.34,1154.01,Active
38,PROD-000038,27,Atlas Product 38,Electronics,Specialty,Kg,44.69,89.87,Active
39,PROD-000039,513,Atlas Product 39,Raw Materials,Specialty,Each,120.08,290.4,Active
40,PROD-000040,87,Atlas Product 40,Raw Materials,Premium,Meter,413.52,704.39,Active
41,PROD-000041,62,Atlas Product 41,Components,Standard,Kg,44.94,57.22,Inactive
42,PROD-000042,965,Atlas Product 42,Components,Premium,Kg,167.22,307.48,Active
43,PROD-000043,250,Atlas Product 43,Components,Standard,Liter,46.15,99.35,Active
44,PROD-000044,11,Atlas Product 44,Industrial Equipment,Premium,Liter,497.66,1238.7,Active
45,PROD-000045,90,Atlas Product 45,Raw Materials,Specialty,Liter,290.64,719.34,Active
46,PROD-000046,669,Atlas Product 46,Electronics,Premium,Liter,411.52,881.35,Active
47,PROD-000047,539,Atlas Product 47,Packaging,Specialty,Each,447.72,659.24,Inactive
48,PROD-000048,591,Atlas Product 48,Components,Premium,Each,406.57,893.05,Inactive
49,PROD-000049,258,Atlas Product 49,Packaging,Standard,Liter,338.7,521.87,Active
50,PROD-000050,916,Atlas Product 50,Industrial Equipment,Specialty,Each,273.56,595.66,Active
51,PROD-000051,302,Atlas Product 51,Raw Materials,Premium,Meter,218.68,283.47,Active
52,PROD-000052,242,Atlas Product 52,Components,Specialty,Liter,474.02,995.17,Active
53,PROD-000053,8,Atlas Product 53,Industrial Equipment,Premium,Meter,453.46,762.55,Active
54,PROD-000054,40,Atlas Product 54,Components,Premium,Liter,161.06,267.17,Inactive
55,PROD-000055,350,Atlas Product 55,Packaging,Standard,Meter,245.9,556.03,Inactive
56,PROD-000056,879,Atlas Product 56,Components,Specialty,Kg,209.16,401.42,Active
57,PROD-000057,615,Atlas Product 57,Raw Materials,Premium,Meter,225.23,542.96,Active
58,PROD-000058,925,Atlas Product 58,Packaging,Standard,Each,480.31,1001.0,Active
59,PROD-000059,790,Atlas Product 59,Electronics,Specialty,Liter,452.86,590.89,Active
60,PROD-000060,807,Atlas Product 60,Packaging,Specialty,Meter,285.53,535.5,Active
61,PROD-000061,358,Atlas Product 61,Packaging,Premium,Each,230.26,430.18,Active
62,PROD-000062,164,Atlas Product 62,Components,Premium,Meter,55.02,129.31,Active
63,PROD-000063,613,Atlas Product 63,Raw Materials,Standard,Liter,172.46,260.95,Active
64,PROD-000064,490,Atlas Product 64,Industrial Equipment,Premium,Kg,483.02,633.4,Active
65,PROD-000065,320,Atlas Product 65,Industrial Equipment,Standard,Each,193.31,400.21,Active
66,PROD-000066,234,Atlas Product 66,Components,Specialty,Kg,134.62,281.11,Active
67,PROD-000067,343,Atlas Product 67,Packaging,Standard,Liter,467.13,975.97,Active
68,PROD-000068,570,Atlas Product 68,Packaging,Standard,Kg,174.01,257.16,Active
69,PROD-000069,520,Atlas Product 69,Packaging,Premium,Each,429.51,978.63,Active
70,PROD-000070,615,Atlas Product 70,Packaging,Standard,Each,208.52,262.35,Active
71,PROD-000071,738,Atlas Product 71,Raw Materials,Premium,Kg,248.94,355.97,Inactive
72,PROD-000072,857,Atlas Product 72,Components,Specialty,Kg,334.8,787.42,Active
73,PROD-000073,372,Atlas Product 73,Industrial Equipment,Premium,Kg,240.16,397.32,Active
74,PROD-000074,349,Atlas Product 74,Electronics,Specialty,Each,193.55,437.09,Active
75,PROD-000075,692,Atlas Product 75,Components,Specialty,Each,302.65,428.51,Active
76,PROD-000076,186,Atlas Product 76,Electronics,Standard,Each,232.31,299.46,Active
77,PROD-000077,125,Atlas Product 77,Electronics,Premium,Liter,92.57,140.39,Active
78,PROD-000078,812,Atlas Product 78,Packaging,Standard,Each,469.83,938.66,Active
79,PROD-000079,806,Atlas Product 79,Components,Specialty,Each,92.24,211.53,Active
80,PROD-000080,46,Atlas Product 80,Raw Materials,Standard,Liter,197.52,278.48,Active
81,PROD-000081,613,Atlas Product 81,Industrial Equipment,Specialty,Kg,124.6,291.03,Active
82,PROD-000082,272,Atlas Product 82,Raw Materials,Specialty,Liter,312.59,588.81,Active
83,PROD-000083,885,Atlas Product 83,Components,Premium,Meter,454.06,608.33,Active
84,PROD-000084,530,Atlas Product 84,Packaging,Standard,Meter,94.57,178.33,Active
85,PROD-000085,311,Atlas Product 85,Components,Standard,Meter,27.71,65.89,Active
86,PROD-000086,601,Atlas Product 86,Electronics,Premium,Kg,45.84,91.76,Active
87,PROD-000087,220,Atlas Product 87,Electronics,Standard,Kg,259.48,377.93,Active
88,PROD-000088,814,Atlas Product 88,Electronics,Standard,Meter,172.25,391.31,Active
89,PROD-000089,431,Atlas Product 89,Industrial Equipment,Premium,Liter,448.65,598.68,Inactive
90,PROD-000090,615,Atlas Product 90,Packaging,Specialty,Liter,365.4,591.23,Active
91,PROD-000091,797,Atlas Product 91,Components,Premium,Each,313.66,393.13,Active
92,PROD-000092,304,Atlas Product 92,Industrial Equipment,Premium,Each,418.94,952.05,Active
93,PROD-000093,360,Atlas Product 93,Raw Materials,Premium,Kg,256.14,518.1,Active
94,PROD-000094,323,Atlas Product 94,Industrial Equipment,Specialty,Each,82.46,130.87,Active
95,PROD-000095,555,Atlas Product 95,Industrial Equipment,Specialty,Liter,165.95,266.03,Active
96,PROD-000096,157,Atlas Product 96,Raw Materials,Specialty,Kg,122.95,259.6,Active
97,PROD-000097,602,Atlas Product 97,Raw Materials,Specialty,Liter,210.28,301.65,Active
98,PROD-000098,164,Atlas Product 98,Raw Materials,Standard,Liter,356.29,600.37,Active
99,PROD-000099,849,Atlas Product 99,Raw Materials,Standard,Each,247.36,313.59,Active
100,PROD-000100,833,Atlas Product 100,Packaging,Premium,Meter,448.26,875.86,Active
101,PROD-000101,647,Atlas Product 101,Industrial Equipment,Standard,Liter,235.06,367.92,Active
102,PROD-000102,513,Atlas Product 102,Raw Materials,Standard,Meter,271.17,643.54,Active
103,PROD-000103,93,Atlas Product 103,Components,Specialty,Kg,412.11,763.81,Active
104,PROD-000104,959,Atlas Product 104,Electronics,Premium,Each,260.46,363.71,Active
105,PROD-000105,377,Atlas Product 105,Packaging,Standard,Liter,349.17,635.3,Active
106,PROD-000106,346,Atlas Product 106,Electronics,Specialty,Each,17.28,42.26,Active
107,PROD-000107,65,Atlas Product 107,Packaging,Premium,Kg,330.64,526.79,Active
108,PROD-000108,468,Atlas Product 108,Components,Premium,Meter,290.85,652.23,Active
109,PROD-000109,191,Atlas Product 109,Components,Standard,Kg,99.5,144.37,Active
110,PROD-000110,992,Atlas Product 110,Industrial Equipment,Premium,Liter,445.61,559.7,Active
111,PROD-000111,804,Atlas Product 111,Packaging,Standard,Each,38.91,57.04,Active
112,PROD-000112,583,Atlas Product 112,Electronics,Premium,Kg,433.86,927.43,Active
113,PROD-000113,380,Atlas Product 113,Raw Materials,Standard,Kg,345.47,501.56,Active
114,PROD-000114,427,Atlas Product 114,Raw Materials,Standard,Meter,171.87,329.76,Active
115,PROD-000115,734,Atlas Product 115,Electronics,Specialty,Meter,35.38,81.46,Inactive
116,PROD-000116,136,Atlas Product 116,Components,Premium,Liter,438.94,640.73,Active
117,PROD-000117,19,Atlas Product 117,Packaging,Standard,Kg,197.75,306.15,Inactive
118,PROD-000118,113,Atlas Product 118,Industrial Equipment,Standard,Meter,51.64,80.59,Active
119,PROD-000119,3,Atlas Product 119,Industrial Equipment,Premium,Kg,195.46,475.11,Active
120,PROD-000120,518,Atlas Product 120,Packaging,Specialty,Liter,303.31,555.19,Active
121,PROD-000121,168,Atlas Product 121,Industrial Equipment,Premium,Kg,218.34,448.41,Active
122,PROD-000122,815,Atlas Product 122,Packaging,Specialty,Each,117.63,259.39,Active
123,PROD-000123,668,Atlas Product 123,Components,Premium,Meter,152.66,251.9,Active
124,PROD-000124,898,Atlas Product 124,Packaging,Standard,Liter,436.83,889.96,Active
125,PROD-000125,425,Atlas Product 125,Industrial Equipment,Specialty,Each,120.03,269.37,Active
126,PROD-000126,118,Atlas Product 126,Industrial Equipment,Premium,Kg,74.14,107.65,Active
127,PROD-000127,78,Atlas Product 127,Components,Standard,Liter,392.23,767.94,Active
128,PROD-000128,576,Atlas Product 128,Electronics,Specialty,Kg,87.6,215.51,Inactive
129,PROD-000129,792,Atlas Product 129,Components,Standard,Liter,484.8,966.53,Active
130,PROD-000130,434,Atlas Product 130,Components,Specialty,Each,426.36,567.3,Active
131,PROD-000131,604,Atlas Product 131,Packaging,Standard,Kg,30.0,38.87,Active
132,PROD-000132,451,Atlas Product 132,Raw Materials,Standard,Kg,419.19,808.98,Active
133,PROD-000133,575,Atlas Product 133,Components,Premium,Each,186.47,283.35,Active
134,PROD-000134,239,Atlas Product 134,Packaging,Premium,Meter,440.71,1056.41,Active
135,PROD-000135,529,Atlas Product 135,Industrial Equipment,Standard,Liter,346.42,586.66,Active
136,PROD-000136,751,Atlas Product 136,Electronics,Standard,Each,393.85,838.77,Active
137,PROD-000137,894,Atlas Product 137,Packaging,Specialty,Liter,263.28,497.83,Active
138,PROD-000138,482,Atlas Product 138,Raw Materials,Specialty,Each,427.23,791.42,Active
139,PROD-000139,94,Atlas Product 139,Industrial Equipment,Premium,Liter,119.3,151.95,Active
140,PROD-000140,31,Atlas Product 140,Electronics,Specialty,Meter,420.12,690.66,Active
141,PROD-000141,729,Atlas Product 141,Raw Materials,Standard,Kg,12.81,29.4,Active
142,PROD-000142,275,Atlas Product 142,Industrial Equipment,Specialty,Each,194.67,389.32,Active
143,PROD-000143,880,Atlas Product 143,Raw Materials,Specialty,Meter,392.49,628.44,Active
144,PROD-000144,871,Atlas Product 144,Components,Specialty,Kg,464.04,789.07,Active
145,PROD-000145,374,Atlas Product 145,Industrial Equipment,Specialty,Liter,44.61,60.28,Active
146,PROD-000146,672,Atlas Product 146,Packaging,Specialty,Meter,188.74,438.8,Active
147,PROD-000147,588,Atlas Product 147,Raw Materials,Premium,Each,167.31,240.89,Active
148,PROD-000148,729,Atlas Product 148,Raw Materials,Specialty,Liter,209.78,429.81,Active
149,PROD-000149,51,Atlas Product 149,Packaging,Specialty,Meter,180.18,343.49,Active
150,PROD-000150,796,Atlas Product 150,Components,Standard,Kg,400.39,761.77,Active
151,PROD-000151,562,Atlas Product 151,Packaging,Standard,Each,332.76,623.65,Active
152,PROD-000152,272,Atlas Product 152,Components,Specialty,Kg,184.97,435.16,Active
153,PROD-000153,51,Atlas Product 153,Industrial Equipment,Specialty,Liter,68.79,121.57,Active
154,PROD-000154,179,Atlas Product 154,Raw Materials,Standard,Each,190.65,304.57,Active
155,PROD-000155,364,Atlas Product 155,Components,Premium,Each,171.49,306.83,Active
156,PROD-000156,262,Atlas Product 156,Electronics,Specialty,Liter,232.32,468.02,Active
157,PROD-000157,890,Atlas Product 157,Electronics,Specialty,Each,106.6,219.06,Inactive
158,PROD-000158,56,Atlas Product 158,Industrial Equipment,Specialty,Kg,441.87,603.0,Active
159,PROD-000159,255,Atlas Product 159,Packaging,Specialty,Liter,48.68,61.26,Active
160,PROD-000160,948,Atlas Product 160,Industrial Equipment,Specialty,Each,343.06,461.71,Inactive
161,PROD-000161,60,Atlas Product 161,Components,Premium,Each,144.86,357.48,Active
162,PROD-000162,610,Atlas Product 162,Industrial Equipment,Premium,Each,24.46,42.18,Active
163,PROD-000163,107,Atlas Product 163,Raw Materials,Specialty,Liter,495.55,654.28,Active
164,PROD-000164,535,Atlas Product 164,Components,Premium,Each,385.9,950.14,Active
165,PROD-000165,81,Atlas Product 165,Raw Materials,Specialty,Each,159.38,381.63,Active
166,PROD-000166,921,Atlas Product 166,Electronics,Specialty,Kg,274.13,670.33,Active
167,PROD-000167,399,Atlas Product 167,Raw Materials,Standard,Each,250.14,566.21,Active
168,PROD-000168,425,Atlas Product 168,Raw Materials,Specialty,Liter,101.6,191.23,Active
169,PROD-000169,466,Atlas Product 169,Industrial Equipment,Specialty,Meter,75.54,135.11,Active
170,PROD-000170,350,Atlas Product 170,Raw Materials,Premium,Meter,266.32,461.73,Active
171,PROD-000171,824,Atlas Product 171,Industrial Equipment,Standard,Each,134.29,226.11,Active
172,PROD-000172,61,Atlas Product 172,Components,Standard,Meter,118.99,199.97,Active
173,PROD-000173,282,Atlas Product 173,Raw Materials,Specialty,Kg,68.58,151.25,Active
174,PROD-000174,891,Atlas Product 174,Raw Materials,Standard,Meter,178.18,237.4,Active
175,PROD-000175,620,Atlas Product 175,Raw Materials,Premium,Kg,272.28,450.92,Active
176,PROD-000176,836,Atlas Product 176,Industrial Equipment,Premium,Liter,25.06,59.39,Active
177,PROD-000177,342,Atlas Product 177,Components,Standard,Kg,386.55,860.76,Active
178,PROD-000178,84,Atlas Product 178,Packaging,Premium,Meter,20.85,26.49,Active
179,PROD-000179,532,Atlas Product 179,Packaging,Standard,Meter,487.84,686.34,Active
180,PROD-000180,66,Atlas Product 180,Industrial Equipment,Standard,Liter,497.19,639.67,Active
181,PROD-000181,706,Atlas Product 181,Electronics,Standard,Liter,296.3,396.83,Active
182,PROD-000182,517,Atlas Product 182,Packaging,Specialty,Each,189.47,340.88,Active
183,PROD-000183,363,Atlas Product 183,Packaging,Premium,Kg,169.62,372.49,Inactive
184,PROD-000184,620,Atlas Product 184,Components,Standard,Kg,24.0,31.22,Inactive
185,PROD-000185,746,Atlas Product 185,Packaging,Specialty,Liter,428.24,921.39,Active
186,PROD-000186,66,Atlas Product 186,Packaging,Premium,Kg,193.22,409.02,Active
187,PROD-000187,365,Atlas Product 187,Raw Materials,Premium,Each,151.84,340.91,Active
188,PROD-000188,667,Atlas Product 188,Raw Materials,Standard,Meter,464.98,871.99,Active
189,PROD-000189,440,Atlas Product 189,Packaging,Standard,Each,79.64,198.07,Active
190,PROD-000190,578,Atlas Product 190,Electronics,Premium,Liter,354.87,716.19,Active
191,PROD-000191,136,Atlas Product 191,Raw Materials,Premium,Kg,149.2,325.66,Active
192,PROD-000192,764,Atlas Product 192,Raw Materials,Premium,Each,28.04,58.86,Active
193,PROD-000193,857,Atlas Product 193,Components,Standard,Meter,308.99,456.71,Active
194,PROD-000194,928,Atlas Product 194,Industrial Equipment,Premium,Liter,497.5,923.35,Active
195,PROD-000195,530,Atlas Product 195,Components,Premium,Kg,451.81,873.27,Active
196,PROD-000196,179,Atlas Product 196,Components,Premium,Liter,491.46,1131.31,Active
197,PROD-000197,673,Atlas Product 197,Raw Materials,Premium,Each,150.66,243.46,Active
198,PROD-000198,781,Atlas Product 198,Raw Materials,Specialty,Meter,473.82,907.82,Active
199,PROD-000199,781,Atlas Product 199,Packaging,Premium,Meter,46.65,101.55,Active
200,PROD-000200,249,Atlas Product 200,Industrial Equipment,Specialty,Each,238.82,347.2,Active
201,PROD-000201,16,Atlas Product 201,Components,Standard,Liter,42.91,99.27,Active
202,PROD-000202,860,Atlas Product 202,Electronics,Premium,Liter,419.47,850.1,Active
203,PROD-000203,170,Atlas Product 203,Raw Materials,Premium,Meter,50.61,76.7,Active
204,PROD-000204,400,Atlas Product 204,Industrial Equipment,Standard,Each,65.74,110.82,Inactive
205,PROD-000205,978,Atlas Product 205,Packaging,Specialty,Each,186.77,456.19,Active
206,PROD-000206,920,Atlas Product 206,Raw Materials,Premium,Kg,55.66,116.61,Active
207,PROD-000207,311,Atlas Product 207,Raw Materials,Specialty,Liter,65.21,133.25,Inactive
208,PROD-000208,610,Atlas Product 208,Industrial Equipment,Standard,Meter,382.83,925.31,Active
209,PROD-000209,539,Atlas Product 209,Packaging,Premium,Kg,37.83,49.32,Active
210,PROD-000210,51,Atlas Product 210,Packaging,Premium,Kg,463.51,817.14,Active
211,PROD-000211,328,Atlas Product 211,Components,Standard,Each,180.71,371.89,Inactive
212,PROD-000212,862,Atlas Product 212,Electronics,Specialty,Meter,155.11,203.26,Active
213,PROD-000213,882,Atlas Product 213,Industrial Equipment,Premium,Meter,263.83,415.07,Active
214,PROD-000214,443,Atlas Product 214,Packaging,Specialty,Meter,302.99,494.78,Active
215,PROD-000215,40,Atlas Product 215,Industrial Equipment,Standard,Meter,92.91,149.48,Active
216,PROD-000216,633,Atlas Product 216,Components,Standard,Each,78.94,166.91,Active
217,PROD-000217,769,Atlas Product 217,Packaging,Specialty,Meter,108.11,257.16,Active
218,PROD-000218,963,Atlas Product 218,Electronics,Premium,Meter,374.37,870.79,Active
219,PROD-000219,60,Atlas Product 219,Raw Materials,Premium,Kg,467.25,984.93,Active
220,PROD-000220,439,Atlas Product 220,Packaging,Standard,Liter,112.41,280.15,Active
221,PROD-000221,772,Atlas Product 221,Raw Materials,Premium,Liter,68.75,141.86,Active
222,PROD-000222,389,Atlas Product 222,Industrial Equipment,Specialty,Kg,475.02,1155.27,Active
223,PROD-000223,699,Atlas Product 223,Industrial Equipment,Specialty,Meter,399.22,774.43,Active
224,PROD-000224,948,Atlas Product 224,Raw Materials,Specialty,Each,395.61,737.6,Active
225,PROD-000225,484,Atlas Product 225,Electronics,Premium,Meter,313.08,470.36,Active
226,PROD-000226,240,Atlas Product 226,Components,Specialty,Liter,352.56,695.92,Active
227,PROD-000227,797,Atlas Product 227,Electronics,Specialty,Meter,167.52,214.97,Active
228,PROD-000228,404,Atlas Product 228,Electronics,Premium,Meter,140.4,350.66,Active
229,PROD-000229,169,Atlas Product 229,Packaging,Standard,Each,270.26,518.38,Active
230,PROD-000230,758,Atlas Product 230,Packaging,Standard,Liter,457.07,603.9,Active
231,PROD-000231,30,Atlas Product 231,Electronics,Premium,Each,71.49,149.84,Inactive
232,PROD-000232,579,Atlas Product 232,Components,Standard,Each,239.88,314.6,Active
233,PROD-000233,969,Atlas Product 233,Raw Materials,Standard,Liter,251.19,526.78,Active
234,PROD-000234,300,Atlas Product 234,Industrial Equipment,Specialty,Liter,183.32,250.63,Active
235,PROD-000235,323,Atlas Product 235,Packaging,Specialty,Kg,315.24,667.37,Active
236,PROD-000236,423,Atlas Product 236,Electronics,Standard,Liter,316.59,732.92,Active
237,PROD-000237,819,Atlas Product 237,Raw Materials,Standard,Kg,99.09,234.79,Active
238,PROD-000238,997,Atlas Product 238,Raw Materials,Specialty,Each,435.47,814.52,Active
239,PROD-000239,303,Atlas Product 239,Industrial Equipment,Standard,Kg,29.94,52.99,Inactive
240,PROD-000240,748,Atlas Product 240,Electronics,Standard,Kg,51.33,127.14,Active
241,PROD-000241,144,Atlas Product 241,Components,Premium,Meter,152.85,231.64,Active
242,PROD-000242,966,Atlas Product 242,Packaging,Standard,Liter,108.38,146.08,Active
243,PROD-000243,831,Atlas Product 243,Raw Materials,Standard,Kg,81.6,117.79,Active
244,PROD-000244,91,Atlas Product 244,Packaging,Standard,Kg,278.68,617.64,Active
245,PROD-000245,880,Atlas Product 245,Raw Materials,Specialty,Meter,256.16,377.24,Active
246,PROD-000246,69,Atlas Product 246,Raw Materials,Premium,Each,418.69,715.45,Active
247,PROD-000247,381,Atlas Product 247,Raw Materials,Premium,Liter,283.27,394.23,Active
248,PROD-000248,38,Atlas Product 248,Raw Materials,Standard,Meter,424.86,1026.91,Active
249,PROD-000249,378,Atlas Product 249,Industrial Equipment,Specialty,Meter,482.59,870.64,Active
250,PROD-000250,905,Atlas Product 250,Electronics,Specialty,Liter,94.08,179.77,Active
251,PROD-000251,201,Atlas Product 251,Raw Materials,Specialty,Meter,201.12,303.68,Active
252,PROD-000252,680,Atlas Product 252,Components,Specialty,Kg,16.99,31.14,Inactive
253,PROD-000253,529,Atlas Product 253,Electronics,Specialty,Each,386.78,773.36,Active
254,PROD-000254,257,Atlas Product 254,Packaging,Specialty,Liter,477.57,617.2,Active
255,PROD-000255,954,Atlas Product 255,Industrial Equipment,Specialty,Kg,141.06,203.71,Active
256,PROD-000256,565,Atlas Product 256,Components,Specialty,Liter,420.73,883.88,Active
257,PROD-000257,413,Atlas Product 257,Industrial Equipment,Specialty,Each,481.64,868.66,Active
258,PROD-000258,203,Atlas Product 258,Electronics,Premium,Each,235.36,481.63,Active
259,PROD-000259,966,Atlas Product 259,Raw Materials,Standard,Each,122.54,201.58,Active
260,PROD-000260,604,Atlas Product 260,Industrial Equipment,Specialty,Kg,353.15,756.71,Active
261,PROD-000261,649,Atlas Product 261,Electronics,Specialty,Each,224.69,423.26,Active
262,PROD-000262,312,Atlas Product 262,Industrial Equipment,Premium,Liter,446.24,1034.03,Active
263,PROD-000263,149,Atlas Product 263,Electronics,Specialty,Liter,184.68,426.76,Active
264,PROD-000264,635,Atlas Product 264,Components,Standard,Each,242.62,495.64,Active
265,PROD-000265,530,Atlas Product 265,Packaging,Standard,Each,211.44,365.77,Inactive
266,PROD-000266,134,Atlas Product 266,Raw Materials,Premium,Meter,405.53,723.12,Active
267,PROD-000267,927,Atlas Product 267,Industrial Equipment,Specialty,Each,415.86,923.16,Active
268,PROD-000268,255,Atlas Product 268,Industrial Equipment,Premium,Liter,255.56,452.03,Active
269,PROD-000269,169,Atlas Product 269,Electronics,Standard,Liter,242.26,500.75,Active
270,PROD-000270,20,Atlas Product 270,Components,Premium,Meter,468.09,987.6,Active
271,PROD-000271,288,Atlas Product 271,Components,Specialty,Meter,14.43,33.1,Active
272,PROD-000272,823,Atlas Product 272,Components,Premium,Each,192.13,409.77,Active
273,PROD-000273,407,Atlas Product 273,Electronics,Standard,Each,326.13,650.19,Active
274,PROD-000274,804,Atlas Product 274,Raw Materials,Specialty,Each,355.08,818.94,Active
275,PROD-000275,650,Atlas Product 275,Raw Materials,Specialty,Each,352.12,472.58,Active
276,PROD-000276,339,Atlas Product 276,Electronics,Specialty,Each,486.12,903.44,Active
277,PROD-000277,752,Atlas Product 277,Electronics,Specialty,Kg,236.18,388.83,Inactive
278,PROD-000278,166,Atlas Product 278,Electronics,Specialty,Liter,251.43,620.0,Active
279,PROD-000279,511,Atlas Product 279,Packaging,Premium,Meter,292.06,546.03,Active
280,PROD-000280,61,Atlas Product 280,Components,Specialty,Meter,48.23,65.7,Active
281,PROD-000281,552,Atlas Product 281,Packaging,Specialty,Kg,159.37,211.69,Active
282,PROD-000282,694,Atlas Product 282,Electronics,Premium,Kg,466.65,911.82,Active
283,PROD-000283,604,Atlas Product 283,Electronics,Standard,Kg,120.47,284.68,Active
284,PROD-000284,143,Atlas Product 284,Components,Standard,Liter,245.58,493.96,Active
285,PROD-000285,65,Atlas Product 285,Packaging,Premium,Meter,203.41,261.68,Active
286,PROD-000286,315,Atlas Product 286,Raw Materials,Premium,Kg,409.35,843.6,Active
287,PROD-000287,459,Atlas Product 287,Raw Materials,Standard,Kg,64.05,107.33,Active
288,PROD-000288,846,Atlas Product 288,Industrial Equipment,Specialty,Each,119.64,260.7,Inactive
289,PROD-000289,977,Atlas Product 289,Components,Standard,Liter,493.96,1164.78,Active
290,PROD-000290,43,Atlas Product 290,Packaging,Specialty,Each,237.87,347.95,Active
291,PROD-000291,764,Atlas Product 291,Electronics,Standard,Liter,299.06,399.54,Active
292,PROD-000292,273,Atlas Product 292,Industrial Equipment,Standard,Meter,74.99,142.2,Active
293,PROD-000293,176,Atlas Product 293,Raw Materials,Specialty,Kg,46.01,111.08,Active
294,PROD-000294,967,Atlas Product 294,Components,Specialty,Each,341.88,787.49,Active
295,PROD-000295,40,Atlas Product 295,Packaging,Premium,Each,154.21,288.82,Active
296,PROD-000296,118,Atlas Product 296,Raw Materials,Specialty,Meter,213.54,297.05,Active
297,PROD-000297,559,Atlas Product 297,Components,Specialty,Kg,140.02,220.91,Active
298,PROD-000298,117,Atlas Product 298,Components,Specialty,Kg,59.68,92.07,Inactive
299,PROD-000299,192,Atlas Product 299,Industrial Equipment,Specialty,Kg,233.0,299.99,Active
300,PROD-000300,904,Atlas Product 300,Electronics,Standard,Meter,409.89,903.24,Active
301,PROD-000301,899,Atlas Product 301,Raw Materials,Standard,Liter,460.27,587.04,Active
302,PROD-000302,902,Atlas Product 302,Components,Standard,Kg,221.14,395.43,Active
303,PROD-000303,143,Atlas Product 303,Components,Standard,Kg,131.64,216.51,Active
304,PROD-000304,713,Atlas Product 304,Industrial Equipment,Standard,Each,475.64,1062.45,Active
305,PROD-000305,705,Atlas Product 305,Components,Standard,Each,283.8,676.5,Active
306,PROD-000306,695,Atlas Product 306,Packaging,Premium,Liter,348.22,840.62,Active
307,PROD-000307,456,Atlas Product 307,Packaging,Specialty,Each,430.24,1002.23,Active
308,PROD-000308,641,Atlas Product 308,Packaging,Premium,Liter,302.46,508.31,Inactive
309,PROD-000309,534,Atlas Product 309,Electronics,Standard,Each,499.4,769.59,Active
310,PROD-000310,619,Atlas Product 310,Packaging,Specialty,Each,81.06,118.63,Active
311,PROD-000311,623,Atlas Product 311,Raw Materials,Specialty,Each,479.32,984.76,Active
312,PROD-000312,571,Atlas Product 312,Packaging,Specialty,Meter,45.88,109.26,Active
313,PROD-000313,87,Atlas Product 313,Packaging,Premium,Kg,417.22,933.28,Active
314,PROD-000314,932,Atlas Product 314,Electronics,Premium,Each,73.6,146.27,Active
315,PROD-000315,374,Atlas Product 315,Packaging,Standard,Each,379.12,677.88,Active
316,PROD-000316,556,Atlas Product 316,Industrial Equipment,Premium,Each,456.58,1106.05,Active
317,PROD-000317,993,Atlas Product 317,Components,Specialty,Meter,156.83,303.36,Inactive
318,PROD-000318,704,Atlas Product 318,Packaging,Standard,Meter,350.98,789.06,Active
319,PROD-000319,290,Atlas Product 319,Raw Materials,Premium,Meter,236.45,462.93,Active
320,PROD-000320,542,Atlas Product 320,Electronics,Standard,Meter,452.87,937.48,Inactive
321,PROD-000321,238,Atlas Product 321,Industrial Equipment,Premium,Kg,285.74,417.11,Active
322,PROD-000322,448,Atlas Product 322,Industrial Equipment,Standard,Meter,240.95,305.55,Active
323,PROD-000323,553,Atlas Product 323,Electronics,Specialty,Liter,294.22,388.24,Active
324,PROD-000324,588,Atlas Product 324,Raw Materials,Standard,Each,90.4,169.29,Active
325,PROD-000325,794,Atlas Product 325,Packaging,Standard,Kg,249.22,589.89,Active
326,PROD-000326,441,Atlas Product 326,Electronics,Standard,Kg,32.73,43.9,Active
327,PROD-000327,864,Atlas Product 327,Industrial Equipment,Specialty,Each,421.99,712.33,Active
328,PROD-000328,412,Atlas Product 328,Electronics,Standard,Meter,212.88,450.7,Active
329,PROD-000329,391,Atlas Product 329,Industrial Equipment,Standard,Liter,176.72,345.36,Active
330,PROD-000330,13,Atlas Product 330,Raw Materials,Premium,Meter,117.35,234.1,Active
331,PROD-000331,417,Atlas Product 331,Raw Materials,Premium,Kg,417.47,934.02,Active
332,PROD-000332,544,Atlas Product 332,Electronics,Specialty,Liter,437.59,1093.58,Active
333,PROD-000333,457,Atlas Product 333,Raw Materials,Specialty,Liter,112.08,275.81,Active
334,PROD-000334,694,Atlas Product 334,Industrial Equipment,Premium,Kg,441.3,743.77,Active
335,PROD-000335,289,Atlas Product 335,Industrial Equipment,Standard,Each,250.98,507.7,Inactive
336,PROD-000336,681,Atlas Product 336,Components,Specialty,Kg,234.1,436.71,Active
337,PROD-000337,827,Atlas Product 337,Electronics,Specialty,Kg,41.42,63.57,Active
338,PROD-000338,348,Atlas Product 338,Electronics,Specialty,Kg,495.27,744.21,Inactive
339,PROD-000339,530,Atlas Product 339,Industrial Equipment,Specialty,Kg,456.86,803.59,Active
340,PROD-000340,859,Atlas Product 340,Packaging,Standard,Liter,446.39,788.55,Active
341,PROD-000341,392,Atlas Product 341,Components,Premium,Each,394.03,493.63,Active
342,PROD-000342,257,Atlas Product 342,Raw Materials,Standard,Meter,284.72,546.95,Active
343,PROD-000343,411,Atlas Product 343,Raw Materials,Premium,Kg,167.87,402.89,Active
344,PROD-000344,288,Atlas Product 344,Industrial Equipment,Specialty,Liter,305.37,400.36,Active
345,PROD-000345,380,Atlas Product 345,Electronics,Standard,Each,24.99,62.0,Inactive
346,PROD-000346,704,Atlas Product 346,Raw Materials,Standard,Each,350.6,842.12,Active
347,PROD-000347,710,Atlas Product 347,Industrial Equipment,Specialty,Kg,291.31,548.5,Inactive
348,PROD-000348,184,Atlas Product 348,Components,Premium,Kg,77.94,127.61,Active
349,PROD-000349,857,Atlas Product 349,Electronics,Premium,Meter,46.08,71.09,Active
350,PROD-000350,4,Atlas Product 350,Components,Standard,Meter,318.21,733.66,Active
351,PROD-000351,622,Atlas Product 351,Packaging,Specialty,Meter,30.42,61.78,Active
352,PROD-000352,746,Atlas Product 352,Industrial Equipment,Specialty,Kg,218.07,302.1,Active
353,PROD-000353,110,Atlas Product 353,Industrial Equipment,Standard,Meter,194.85,372.32,Active
354,PROD-000354,158,Atlas Product 354,Raw Materials,Standard,Meter,265.55,526.69,Active
355,PROD-000355,851,Atlas Product 355,Electronics,Specialty,Kg,254.98,394.71,Active
356,PROD-000356,433,Atlas Product 356,Electronics,Premium,Each,406.06,850.45,Active
357,PROD-000357,579,Atlas Product 357,Industrial Equipment,Premium,Liter,356.91,691.83,Inactive
358,PROD-000358,482,Atlas Product 358,Industrial Equipment,Standard,Liter,196.94,315.84,Active
359,PROD-000359,366,Atlas Product 359,Raw Materials,Specialty,Liter,153.46,225.95,Active
360,PROD-000360,600,Atlas Product 360,Raw Materials,Standard,Meter,115.39,182.15,Active
361,PROD-000361,313,Atlas Product 361,Components,Premium,Liter,261.31,508.47,Inactive
362,PROD-000362,435,Atlas Product 362,Electronics,Specialty,Each,56.26,101.35,Active
363,PROD-000363,578,Atlas Product 363,Raw Materials,Premium,Meter,134.43,271.41,Active
364,PROD-000364,230,Atlas Product 364,Packaging,Specialty,Kg,327.27,647.67,Active
365,PROD-000365,350,Atlas Product 365,Industrial Equipment,Premium,Each,112.34,225.95,Active
366,PROD-000366,775,Atlas Product 366,Raw Materials,Specialty,Kg,199.66,293.33,Active
367,PROD-000367,216,Atlas Product 367,Components,Standard,Meter,233.29,468.81,Inactive
368,PROD-000368,258,Atlas Product 368,Industrial Equipment,Standard,Each,453.17,895.59,Active
369,PROD-000369,693,Atlas Product 369,Electronics,Specialty,Each,206.1,295.85,Active
370,PROD-000370,462,Atlas Product 370,Industrial Equipment,Premium,Meter,494.62,1222.52,Active
371,PROD-000371,893,Atlas Product 371,Raw Materials,Standard,Liter,60.09,100.75,Active
372,PROD-000372,47,Atlas Product 372,Electronics,Standard,Kg,499.58,637.1,Active
373,PROD-000373,45,Atlas Product 373,Electronics,Standard,Liter,189.98,421.07,Inactive
374,PROD-000374,180,Atlas Product 374,Raw Materials,Specialty,Meter,435.04,982.13,Active
375,PROD-000375,808,Atlas Product 375,Industrial Equipment,Standard,Kg,429.91,1031.44,Active
376,PROD-000376,135,Atlas Product 376,Raw Materials,Standard,Each,183.43,429.49,Inactive
377,PROD-000377,131,Atlas Product 377,Electronics,Specialty,Liter,240.78,302.88,Active
378,PROD-000378,426,Atlas Product 378,Components,Standard,Kg,187.0,286.96,Active
379,PROD-000379,963,Atlas Product 379,Industrial Equipment,Premium,Liter,485.18,686.33,Inactive
380,PROD-000380,411,Atlas Product 380,Components,Premium,Liter,244.63,531.91,Active
381,PROD-000381,412,Atlas Product 381,Raw Materials,Unknown,Kg,467.62,1021.49,Active
382,PROD-000382,165,Atlas Product 382,Components,Standard,Each,211.16,280.24,Active
383,PROD-000383,422,Atlas Product 383,Electronics,Standard,Each,203.95,482.19,Active
384,PROD-000384,845,Atlas Product 384,Raw Materials,Standard,Each,147.63,338.04,Active
385,PROD-000385,910,Atlas Product 385,Raw Materials,Standard,Kg,315.91,526.35,Active
386,PROD-000386,496,Atlas Product 386,Raw Materials,Premium,Each,123.01,165.11,Active
387,PROD-000387,518,Atlas Product 387,Electronics,Specialty,Each,466.06,1037.18,Active
388,PROD-000388,788,Atlas Product 388,Raw Materials,Specialty,Each,355.0,808.71,Active
389,PROD-000389,901,Atlas Product 389,Raw Materials,Specialty,Liter,200.18,487.25,Active
390,PROD-000390,599,Atlas Product 390,Electronics,Standard,Meter,491.77,705.21,Active
391,PROD-000391,11,Atlas Product 391,Industrial Equipment,Standard,Kg,462.5,724.3,Active
392,PROD-000392,66,Atlas Product 392,Electronics,Premium,Meter,138.87,210.83,Active
393,PROD-000393,15,Atlas Product 393,Industrial Equipment,Premium,Kg,442.77,940.47,Active
394,PROD-000394,612,Atlas Product 394,Industrial Equipment,Specialty,Meter,98.58,219.68,Active
395,PROD-000395,404,Atlas Product 395,Components,Standard,Each,354.93,620.17,Active
396,PROD-000396,222,Atlas Product 396,Electronics,Specialty,Each,190.92,307.44,Active
397,PROD-000397,356,Atlas Product 397,Industrial Equipment,Standard,Kg,414.86,834.6,Inactive
398,PROD-000398,345,Atlas Product 398,Components,Standard,Kg,117.65,253.94,Active
399,PROD-000399,849,Atlas Product 399,Raw Materials,Specialty,Each,141.91,336.93,Active
400,PROD-000400,867,Atlas Product 400,Industrial Equipment,Specialty,Kg,455.03,645.9,Inactive
401,PROD-000401,993,Atlas Product 401,Electronics,Specialty,Kg,373.45,880.68,Active
402,PROD-000402,674,Atlas Product 402,Packaging,Specialty,Each,310.79,671.57,Active
403,PROD-000403,847,Atlas Product 403,Electronics,Specialty,Liter,255.54,500.24,Active
404,PROD-000404,535,Atlas Product 404,Electronics,Standard,Kg,390.24,941.0,Active
405,PROD-000405,207,Atlas Product 405,Industrial Equipment,Premium,Meter,315.29,583.21,Active
406,PROD-000406,143,Atlas Product 406,Electronics,Premium,Kg,368.63,612.19,Active
407,PROD-000407,709,Atlas Product 407,Raw Materials,Premium,Meter,155.33,245.81,Active
408,PROD-000408,83,Atlas Product 408,Packaging,Specialty,Meter,437.97,876.6,Active
409,PROD-000409,491,Atlas Product 409,Components,Standard,Kg,298.04,415.94,Active
410,PROD-000410,467,Atlas Product 410,Packaging,Specialty,Kg,259.28,461.97,Active
411,PROD-000411,473,Atlas Product 411,Industrial Equipment,Standard,Liter,155.34,194.77,Active
412,PROD-000412,359,Atlas Product 412,Raw Materials,Premium,Liter,102.25,246.93,Active
413,PROD-000413,254,Atlas Product 413,Raw Materials,Standard,Meter,455.75,609.1,Active
414,PROD-000414,792,Atlas Product 414,Raw Materials,Standard,Liter,479.93,680.77,Active
415,PROD-000415,701,Atlas Product 415,Components,Premium,Liter,385.0,608.21,Active
416,PROD-000416,135,Atlas Product 416,Packaging,Premium,Meter,160.8,348.32,Active
417,PROD-000417,488,Atlas Product 417,Packaging,Specialty,Meter,207.07,431.74,Inactive
418,PROD-000418,348,Atlas Product 418,Packaging,Premium,Meter,33.56,52.42,Inactive
419,PROD-000419,698,Atlas Product 419,Industrial Equipment,Premium,Each,76.89,174.08,Active
420,PROD-000420,642,Atlas Product 420,Electronics,Standard,Kg,39.24,80.11,Active
421,PROD-000421,534,Atlas Product 421,Raw Materials,Premium,Each,356.34,809.25,Active
422,PROD-000422,938,Atlas Product 422,Components,Specialty,Liter,316.15,716.17,Active
423,PROD-000423,559,Atlas Product 423,Industrial Equipment,Specialty,Kg,260.65,644.64,Active
424,PROD-000424,112,Atlas Product 424,Packaging,Standard,Each,18.18,24.38,Active
425,PROD-000425,99,Atlas Product 425,Packaging,Standard,Each,460.59,1062.35,Active
426,PROD-000426,856,Atlas Product 426,Electronics,Specialty,Each,494.31,888.79,Active
427,PROD-000427,643,Atlas Product 427,Components,Standard,Liter,164.01,284.14,Active
428,PROD-000428,789,Atlas Product 428,Raw Materials,Specialty,Each,386.95,791.85,Active
429,PROD-000429,809,Atlas Product 429,Industrial Equipment,Standard,Each,222.2,466.98,Active
430,PROD-000430,618,Atlas Product 430,Raw Materials,Standard,Meter,40.22,85.52,Active
431,PROD-000431,800,Atlas Product 431,Electronics,Premium,Meter,64.29,136.65,Active
432,PROD-000432,179,Atlas Product 432,Electronics,Specialty,Each,52.86,127.22,Active
433,PROD-000433,352,Atlas Product 433,Industrial Equipment,Specialty,Each,495.92,956.52,Inactive
434,PROD-000434,503,Atlas Product 434,Components,Specialty,Meter,13.15,29.3,Active
435,PROD-000435,706,Atlas Product 435,Packaging,Premium,Liter,102.81,254.56,Active
436,PROD-000436,656,Atlas Product 436,Packaging,Premium,Liter,447.71,979.11,Active
437,PROD-000437,991,Atlas Product 437,Packaging,Premium,Each,295.43,595.78,Active
438,PROD-000438,74,Atlas Product 438,Components,Premium,Meter,156.41,236.13,Active
439,PROD-000439,73,Atlas Product 439,Electronics,Specialty,Meter,73.61,141.28,Inactive
440,PROD-000440,783,Atlas Product 440,Components,Specialty,Meter,333.88,542.01,Active
441,PROD-000441,98,Atlas Product 441,Electronics,Standard,Kg,50.45,115.37,Active
442,PROD-000442,966,Atlas Product 442,Packaging,Standard,Each,298.63,529.91,Active
443,PROD-000443,533,Atlas Product 443,Packaging,Specialty,Kg,261.59,357.55,Active
444,PROD-000444,653,Atlas Product 444,Industrial Equipment,Standard,Liter,56.93,82.54,Active
445,PROD-000445,422,Atlas Product 445,Raw Materials,Premium,Kg,163.6,262.0,Active
446,PROD-000446,397,Atlas Product 446,Industrial Equipment,Specialty,Meter,179.94,394.26,Active
447,PROD-000447,61,Atlas Product 447,Components,Standard,Kg,458.82,903.32,Active
448,PROD-000448,742,Atlas Product 448,Packaging,Specialty,Kg,413.8,816.3,Active
449,PROD-000449,721,Atlas Product 449,Components,Standard,Kg,352.94,880.85,Active
450,PROD-000450,455,Atlas Product 450,Packaging,Standard,Kg,247.23,546.06,Active
451,PROD-000451,351,Atlas Product 451,Components,Specialty,Kg,397.26,977.52,Active
452,PROD-000452,576,Atlas Product 452,Electronics,Premium,Each,351.13,872.45,Active
453,PROD-000453,242,Atlas Product 453,Electronics,Premium,Meter,397.28,906.29,Active
454,PROD-000454,22,Atlas Product 454,Electronics,Specialty,Each,180.56,228.04,Active
455,PROD-000455,869,Atlas Product 455,Electronics,Standard,Meter,37.29,92.1,Active
456,PROD-000456,446,Atlas Product 456,Packaging,Specialty,Meter,118.42,251.5,Active
457,PROD-000457,387,Atlas Product 457,Packaging,Premium,Kg,261.13,552.63,Active
458,PROD-000458,993,Atlas Product 458,Packaging,Standard,Each,443.5,834.1,Inactive
459,PROD-000459,546,Atlas Product 459,Packaging,Standard,Liter,114.01,159.7,Active
460,PROD-000460,162,Atlas Product 460,Raw Materials,Premium,Each,299.67,468.76,Active
461,PROD-000461,17,Atlas Product 461,Packaging,Standard,Liter,498.89,924.15,Active
462,PROD-000462,823,Atlas Product 462,Components,Premium,Liter,325.08,474.79,Active
463,PROD-000463,200,Atlas Product 463,Electronics,Standard,Kg,90.62,203.59,Active
464,PROD-000464,374,Atlas Product 464,Components,Specialty,Liter,417.73,759.98,Active
465,PROD-000465,718,Atlas Product 465,Components,Premium,Meter,374.36,707.57,Active
466,PROD-000466,277,Atlas Product 466,Raw Materials,Specialty,Kg,247.29,577.21,Active
467,PROD-000467,886,Atlas Product 467,Electronics,Specialty,Liter,464.39,853.17,Active
468,PROD-000468,932,Atlas Product 468,Industrial Equipment,Specialty,Liter,50.02,89.29,Active
469,PROD-000469,500,Atlas Product 469,Industrial Equipment,Premium,Meter,176.0,335.11,Active
470,PROD-000470,461,Atlas Product 470,Components,Standard,Kg,35.31,44.5,Active
471,PROD-000471,924,Atlas Product 471,Industrial Equipment,Specialty,Kg,367.52,804.61,Active
472,PROD-000472,998,Atlas Product 472,Industrial Equipment,Premium,Each,25.17,57.47,Inactive
473,PROD-000473,429,Atlas Product 473,Electronics,Premium,Each,295.63,480.15,Active
474,PROD-000474,558,Atlas Product 474,Components,Premium,Liter,486.87,760.9,Active
475,PROD-000475,192,Atlas Product 475,Packaging,Standard,Liter,383.4,928.79,Active
476,PROD-000476,439,Atlas Product 476,Packaging,Premium,Liter,435.48,811.95,Active
477,PROD-000477,50,Atlas Product 477,Components,Premium,Liter,206.68,282.59,Active
478,PROD-000478,276,Atlas Product 478,Industrial Equipment,Standard,Meter,100.83,245.18,Inactive
479,PROD-000479,244,Atlas Product 479,Raw Materials,Specialty,Meter,119.25,156.99,Active
480,PROD-000480,33,Atlas Product 480,Industrial Equipment,Standard,Kg,143.06,314.56,Active
481,PROD-000481,251,Atlas Product 481,Packaging,Specialty,Liter,104.31,172.32,Active
482,PROD-000482,771,Atlas Product 482,Electronics,Specialty,Meter,114.4,280.35,Active
483,PROD-000483,27,Atlas Product 483,Electronics,Standard,Kg,269.58,383.96,Active
484,PROD-000484,351,Atlas Product 484,Electronics,Standard,Kg,259.12,572.26,Active
485,PROD-000485,522,Atlas Product 485,Packaging,Standard,Meter,207.02,516.99,Active
486,PROD-000486,753,Atlas Product 486,Electronics,Standard,Meter,308.98,566.58,Active
487,PROD-000487,858,Atlas Product 487,Raw Materials,Specialty,Meter,30.44,49.95,Active
488,PROD-000488,904,Atlas Product 488,Raw Materials,Standard,Kg,77.44,109.55,Active
489,PROD-000489,997,Atlas Product 489,Packaging,Specialty,Kg,326.18,613.74,Active
490,PROD-000490,296,Atlas Product 490,Industrial Equipment,Specialty,Meter,204.34,289.29,Active
491,PROD-000491,310,Atlas Product 491,Industrial Equipment,Standard,Kg,467.25,1129.18,Active
492,PROD-000492,320,Atlas Product 492,Industrial Equipment,Specialty,Each,28.06,47.21,Active
493,PROD-000493,669,Atlas Product 493,Raw Materials,Premium,Each,432.4,905.78,Active
494,PROD-000494,996,Atlas Product 494,Electronics,Standard,Liter,159.74,292.03,Active
495,PROD-000495,261,Atlas Product 495,Industrial Equipment,Specialty,Kg,301.6,567.08,Active
496,PROD-000496,403,Atlas Product 496,Electronics,Standard,Meter,212.74,300.64,Active
497,PROD-000497,221,Atlas Product 497,Packaging,Standard,Kg,309.81,612.46,Active
498,PROD-000498,816,Atlas Product 498,Packaging,Specialty,Liter,28.19,66.31,Active
499,PROD-000499,396,Atlas Product 499,Raw Materials,Specialty,Each,73.9,148.74,Active
500,PROD-000500,630,Atlas Product 500,Industrial Equipment,Standard,Liter,267.84,407.37,Active
501,PROD-000501,58,Atlas Product 501,Electronics,Premium,Each,374.6,720.9,Active
502,PROD-000502,47,Atlas Product 502,Industrial Equipment,Standard,Each,229.55,484.75,Active
503,PROD-000503,629,Atlas Product 503,Packaging,Premium,Kg,468.81,820.11,Active
504,PROD-000504,164,Atlas Product 504,Packaging,Premium,Meter,268.34,435.44,Active
505,PROD-000505,609,Atlas Product 505,Packaging,Premium,Meter,120.73,213.99,Active
506,PROD-000506,652,Atlas Product 506,Electronics,Specialty,Each,336.09,636.48,Inactive
507,PROD-000507,914,Atlas Product 507,Electronics,Premium,Meter,61.53,85.85,Active
508,PROD-000508,922,Atlas Product 508,Packaging,Premium,Each,412.6,800.6,Active
509,PROD-000509,881,Atlas Product 509,Electronics,Standard,Kg,126.14,304.36,Active
510,PROD-000510,28,Atlas Product 510,Packaging,Specialty,Kg,445.42,1104.15,Active
511,PROD-000511,876,Atlas Product 511,Industrial Equipment,Specialty,Liter,152.89,293.72,Inactive
512,PROD-000512,41,Atlas Product 512,Industrial Equipment,Premium,Meter,304.18,726.59,Active
513,PROD-000513,878,Atlas Product 513,Packaging,Premium,Kg,213.69,431.13,Active
514,PROD-000514,256,Atlas Product 514,Components,Standard,Each,93.15,119.56,Active
515,PROD-000515,841,Atlas Product 515,Electronics,Specialty,Liter,396.13,734.32,Active
516,PROD-000516,369,Atlas Product 516,Components,Specialty,Each,461.19,850.05,Active
517,PROD-000517,340,Atlas Product 517,Components,Specialty,Kg,127.52,266.61,Active
518,PROD-000518,209,Atlas Product 518,Raw Materials,Premium,Each,239.19,365.58,Active
519,PROD-000519,118,Atlas Product 519,Packaging,Specialty,Each,358.29,798.88,Active
520,PROD-000520,237,Atlas Product 520,Electronics,Premium,Each,104.08,168.82,Active
521,PROD-000521,343,Atlas Product 521,Electronics,Premium,Each,365.17,631.0,Active
522,PROD-000522,128,Atlas Product 522,Industrial Equipment,Premium,Each,255.13,404.47,Active
523,PROD-000523,79,Atlas Product 523,Industrial Equipment,Premium,Meter,433.0,652.9,Inactive
524,PROD-000524,328,Atlas Product 524,Industrial Equipment,Premium,Meter,85.31,211.31,Active
525,PROD-000525,997,Atlas Product 525,Raw Materials,Standard,Liter,489.62,1102.16,Active
526,PROD-000526,468,Atlas Product 526,Raw Materials,Specialty,Each,378.7,668.13,Active
527,PROD-000527,587,Atlas Product 527,Electronics,Standard,Each,452.43,950.82,Active
528,PROD-000528,882,Atlas Product 528,Raw Materials,Premium,Kg,266.55,386.48,Active
529,PROD-000529,38,Atlas Product 529,Electronics,Premium,Meter,31.07,42.98,Active
530,PROD-000530,413,Atlas Product 530,Raw Materials,Standard,Liter,89.83,126.51,Active
531,PROD-000531,572,Atlas Product 531,Packaging,Standard,Meter,266.25,425.07,Active
532,PROD-000532,931,Atlas Product 532,Raw Materials,Standard,Each,201.93,448.55,Active
533,PROD-000533,212,Atlas Product 533,Raw Materials,Standard,Liter,46.06,77.84,Inactive
534,PROD-000534,581,Atlas Product 534,Raw Materials,Specialty,Liter,292.9,564.07,Active
535,PROD-000535,83,Atlas Product 535,Electronics,Specialty,Liter,227.54,512.82,Active
536,PROD-000536,659,Atlas Product 536,Industrial Equipment,Specialty,Each,428.6,1051.75,Active
537,PROD-000537,812,Atlas Product 537,Packaging,Specialty,Liter,404.3,994.01,Active
538,PROD-000538,919,Atlas Product 538,Components,Specialty,Kg,361.16,657.08,Inactive
539,PROD-000539,935,Atlas Product 539,Components,Premium,Each,358.38,517.52,Inactive
540,PROD-000540,143,Atlas Product 540,Components,Standard,Each,460.31,1086.39,Active
541,PROD-000541,661,Atlas Product 541,Raw Materials,Premium,Meter,322.73,611.19,Active
542,PROD-000542,529,Atlas Product 542,Components,Premium,Meter,157.19,281.29,Inactive
543,PROD-000543,830,Atlas Product 543,Industrial Equipment,Specialty,Kg,15.72,33.45,Active
544,PROD-000544,308,Atlas Product 544,Components,Standard,Liter,204.81,455.26,Active
545,PROD-000545,194,Atlas Product 545,Components,Premium,Kg,465.12,598.83,Active
546,PROD-000546,957,Atlas Product 546,Packaging,Premium,Liter,326.34,631.06,Active
547,PROD-000547,174,Atlas Product 547,Components,Premium,Kg,68.27,145.32,Active
548,PROD-000548,906,Atlas Product 548,Packaging,Specialty,Kg,456.04,638.43,Inactive
549,PROD-000549,819,Atlas Product 549,Packaging,Specialty,Each,228.8,470.23,Active
550,PROD-000550,554,Atlas Product 550,Packaging,Specialty,Kg,38.54,58.52,Active
551,PROD-000551,768,Atlas Product 551,Electronics,Specialty,Kg,410.32,579.01,Active
552,PROD-000552,446,Atlas Product 552,Packaging,Premium,Meter,485.89,1028.47,Active
553,PROD-000553,147,Atlas Product 553,Electronics,Specialty,Liter,196.29,269.83,Active
554,PROD-000554,289,Atlas Product 554,Electronics,Specialty,Each,363.41,492.05,Active
555,PROD-000555,826,Atlas Product 555,Electronics,Specialty,Each,270.45,577.56,Active
556,PROD-000556,505,Atlas Product 556,Electronics,Premium,Kg,370.25,907.44,Active
557,PROD-000557,610,Atlas Product 557,Industrial Equipment,Specialty,Meter,148.17,294.02,Active
558,PROD-000558,671,Atlas Product 558,Components,Standard,Liter,207.28,315.0,Active
559,PROD-000559,346,Atlas Product 559,Components,Premium,Meter,31.15,77.83,Active
560,PROD-000560,550,Atlas Product 560,Raw Materials,Specialty,Meter,202.69,491.55,Active
561,PROD-000561,754,Atlas Product 561,Raw Materials,Standard,Kg,333.01,769.77,Active
562,PROD-000562,839,Atlas Product 562,Raw Materials,Standard,Each,116.03,178.01,Active
563,PROD-000563,940,Atlas Product 563,Raw Materials,Standard,Kg,213.53,307.85,Active
564,PROD-000564,342,Atlas Product 564,Raw Materials,Standard,Kg,418.99,984.67,Active
565,PROD-000565,935,Atlas Product 565,Electronics,Specialty,Kg,453.78,592.71,Active
566,PROD-000566,156,Atlas Product 566,Electronics,Specialty,Meter,123.46,241.73,Active
567,PROD-000567,780,Atlas Product 567,Raw Materials,Specialty,Each,300.86,400.74,Active
568,PROD-000568,866,Atlas Product 568,Components,Specialty,Each,120.26,174.1,Active
569,PROD-000569,4,Atlas Product 569,Industrial Equipment,Specialty,Liter,416.53,715.43,Active
570,PROD-000570,312,Atlas Product 570,Industrial Equipment,Standard,Kg,248.71,458.79,Active
571,PROD-000571,421,Atlas Product 571,Raw Materials,Premium,Each,236.42,493.33,Active
572,PROD-000572,725,Atlas Product 572,Components,Specialty,Liter,409.75,1023.88,Inactive
573,PROD-000573,828,Atlas Product 573,Industrial Equipment,Specialty,Meter,375.88,849.63,Active
574,PROD-000574,83,Atlas Product 574,Electronics,Premium,Each,284.77,608.83,Active
575,PROD-000575,552,Atlas Product 575,Packaging,Standard,Kg,376.67,520.41,Active
576,PROD-000576,766,Atlas Product 576,Electronics,Specialty,Liter,476.53,1152.73,Active
577,PROD-000577,225,Atlas Product 577,Raw Materials,Standard,Meter,274.3,452.48,Inactive
578,PROD-000578,3,Atlas Product 578,Industrial Equipment,Specialty,Each,230.85,369.66,Active
579,PROD-000579,401,Atlas Product 579,Electronics,Specialty,Each,208.37,403.45,Active
580,PROD-000580,89,Atlas Product 580,Raw Materials,Specialty,Liter,155.06,226.92,Active
581,PROD-000581,61,Atlas Product 581,Raw Materials,Premium,Liter,430.95,711.78,Active
582,PROD-000582,127,Atlas Product 582,Electronics,Standard,Liter,85.65,113.6,Active
583,PROD-000583,177,Atlas Product 583,Electronics,Specialty,Liter,401.49,927.87,Active
584,PROD-000584,496,Atlas Product 584,Raw Materials,Standard,Liter,102.24,204.28,Active
585,PROD-000585,900,Atlas Product 585,Packaging,Standard,Liter,458.33,781.52,Active
586,PROD-000586,188,Atlas Product 586,Electronics,Specialty,Meter,311.64,684.13,Active
587,PROD-000587,539,Atlas Product 587,Industrial Equipment,Standard,Meter,269.92,629.44,Active
588,PROD-000588,895,Atlas Product 588,Raw Materials,Premium,Each,125.43,217.68,Active
589,PROD-000589,670,Atlas Product 589,Components,Premium,Each,397.13,624.27,Active
590,PROD-000590,585,Atlas Product 590,Electronics,Premium,Liter,391.79,774.49,Active
591,PROD-000591,348,Atlas Product 591,Packaging,Standard,Meter,442.44,974.9,Inactive
592,PROD-000592,113,Atlas Product 592,Electronics,Standard,Kg,296.06,652.39,Active
593,PROD-000593,72,Atlas Product 593,Industrial Equipment,Standard,Meter,486.05,902.13,Active
594,PROD-000594,557,Atlas Product 594,Raw Materials,Premium,Kg,180.21,417.41,Active
595,PROD-000595,192,Atlas Product 595,Electronics,Specialty,Liter,114.89,145.68,Inactive
596,PROD-000596,458,Atlas Product 596,Industrial Equipment,Specialty,Each,448.04,666.97,Active
597,PROD-000597,119,Atlas Product 597,Components,Standard,Meter,328.68,809.72,Active
598,PROD-000598,851,Atlas Product 598,Industrial Equipment,Specialty,Kg,276.87,532.48,Active
599,PROD-000599,80,Atlas Product 599,Electronics,Premium,Kg,396.69,602.95,Active
600,PROD-000600,354,Atlas Product 600,Electronics,Premium,Kg,328.87,729.55,Inactive
601,PROD-000601,389,Atlas Product 601,Components,Standard,Meter,300.95,571.2,Active
602,PROD-000602,151,Atlas Product 602,Packaging,Standard,Kg,441.56,569.42,Active
603,PROD-000603,128,Atlas Product 603,Raw Materials,Premium,Liter,134.53,197.05,Active
604,PROD-000604,659,Atlas Product 604,Packaging,Premium,Liter,203.07,317.09,Active
605,PROD-000605,320,Atlas Product 605,Components,Premium,Each,85.42,156.56,Active
606,PROD-000606,909,Atlas Product 606,Packaging,Standard,Kg,320.87,719.81,Active
607,PROD-000607,534,Atlas Product 607,Electronics,Premium,Liter,321.01,569.37,Active
608,PROD-000608,627,Atlas Product 608,Industrial Equipment,Standard,Liter,119.12,206.94,Active
609,PROD-000609,308,Atlas Product 609,Industrial Equipment,Premium,Kg,118.46,282.26,Active
610,PROD-000610,830,Atlas Product 610,Raw Materials,Standard,Each,164.82,290.94,Active
611,PROD-000611,549,Atlas Product 611,Industrial Equipment,Specialty,Each,269.07,556.05,Active
612,PROD-000612,40,Atlas Product 612,Electronics,Standard,Each,147.65,342.09,Active
613,PROD-000613,160,Atlas Product 613,Packaging,Premium,Each,309.55,639.76,Inactive
614,PROD-000614,254,Atlas Product 614,Components,Specialty,Kg,58.65,136.66,Active
615,PROD-000615,73,Atlas Product 615,Electronics,Premium,Meter,280.01,677.17,Active
616,PROD-000616,787,Atlas Product 616,Industrial Equipment,Specialty,Liter,445.14,620.17,Active
617,PROD-000617,925,Atlas Product 617,Electronics,Premium,Liter,482.32,825.52,Active
618,PROD-000618,84,Atlas Product 618,Packaging,Specialty,Kg,470.78,954.41,Active
619,PROD-000619,222,Atlas Product 619,Packaging,Specialty,Meter,40.94,85.27,Active
620,PROD-000620,75,Atlas Product 620,Industrial Equipment,Specialty,Liter,478.01,900.27,Active
621,PROD-000621,316,Atlas Product 621,Industrial Equipment,Standard,Each,291.66,679.17,Active
622,PROD-000622,872,Atlas Product 622,Electronics,Specialty,Meter,419.0,848.0,Inactive
623,PROD-000623,141,Atlas Product 623,Packaging,Specialty,Meter,304.27,740.54,Active
624,PROD-000624,886,Atlas Product 624,Industrial Equipment,Standard,Each,361.18,573.79,Active
625,PROD-000625,573,Atlas Product 625,Industrial Equipment,Standard,Kg,498.49,1180.32,Inactive
626,PROD-000626,868,Atlas Product 626,Packaging,Standard,Liter,378.32,526.19,Active
627,PROD-000627,412,Atlas Product 627,Raw Materials,Premium,Kg,210.98,518.68,Active
628,PROD-000628,909,Atlas Product 628,Industrial Equipment,Premium,Each,83.69,193.37,Active
629,PROD-000629,600,Atlas Product 629,Components,Standard,Kg,55.16,83.13,Active
630,PROD-000630,291,Atlas Product 630,Electronics,Premium,Kg,412.04,769.04,Active
631,PROD-000631,140,Atlas Product 631,Raw Materials,Specialty,Meter,49.91,93.7,Active
632,PROD-000632,428,Atlas Product 632,Components,Specialty,Liter,477.9,1020.57,Active
633,PROD-000633,596,Atlas Product 633,Raw Materials,Premium,Kg,359.12,780.42,Active
634,PROD-000634,442,Atlas Product 634,Raw Materials,Standard,Liter,135.68,191.39,Active
635,PROD-000635,62,Atlas Product 635,Packaging,Premium,Kg,390.99,610.26,Inactive
636,PROD-000636,711,Atlas Product 636,Raw Materials,Premium,Liter,296.08,409.86,Active
637,PROD-000637,806,Atlas Product 637,Components,Standard,Kg,27.8,39.02,Active
638,PROD-000638,136,Atlas Product 638,Raw Materials,Specialty,Kg,487.12,1007.11,Active
639,PROD-000639,827,Atlas Product 639,Electronics,Premium,Kg,273.51,502.22,Inactive
640,PROD-000640,578,Atlas Product 640,Electronics,Specialty,Kg,135.65,263.9,Active
641,PROD-000641,639,Atlas Product 641,Raw Materials,Premium,Meter,376.25,834.08,Active
642,PROD-000642,493,Atlas Product 642,Components,Specialty,Meter,51.14,87.56,Active
643,PROD-000643,6,Atlas Product 643,Packaging,Standard,Each,484.15,1075.94,Inactive
644,PROD-000644,832,Atlas Product 644,Components,Specialty,Liter,94.55,160.94,Active
645,PROD-000645,462,Atlas Product 645,Raw Materials,Standard,Kg,457.16,1104.85,Active
646,PROD-000646,278,Atlas Product 646,Raw Materials,Specialty,Each,164.05,386.28,Active
647,PROD-000647,756,Atlas Product 647,Packaging,Premium,Kg,216.16,450.89,Active
648,PROD-000648,304,Atlas Product 648,Packaging,Standard,Liter,159.1,395.47,Active
649,PROD-000649,837,Atlas Product 649,Components,Standard,Liter,29.67,71.05,Active
650,PROD-000650,621,Atlas Product 650,Electronics,Standard,Liter,459.73,980.76,Active
651,PROD-000651,653,Atlas Product 651,Raw Materials,Specialty,Meter,15.71,26.21,Active
652,PROD-000652,352,Atlas Product 652,Packaging,Premium,Liter,385.43,609.89,Active
653,PROD-000653,930,Atlas Product 653,Electronics,Premium,Meter,227.61,442.76,Active
654,PROD-000654,607,Atlas Product 654,Components,Standard,Liter,326.88,610.06,Active
655,PROD-000655,333,Atlas Product 655,Packaging,Premium,Meter,160.99,297.41,Active
656,PROD-000656,522,Atlas Product 656,Packaging,Standard,Meter,361.28,732.69,Active
657,PROD-000657,70,Atlas Product 657,Components,Standard,Liter,166.04,293.5,Active
658,PROD-000658,1000,Atlas Product 658,Industrial Equipment,Premium,Meter,437.25,908.47,Active
659,PROD-000659,306,Atlas Product 659,Electronics,Specialty,Each,195.33,292.29,Active
660,PROD-000660,466,Atlas Product 660,Industrial Equipment,Standard,Meter,161.36,376.75,Active
661,PROD-000661,971,Atlas Product 661,Packaging,Premium,Liter,280.28,630.24,Inactive
662,PROD-000662,725,Atlas Product 662,Packaging,Specialty,Liter,425.81,743.64,Active
663,PROD-000663,944,Atlas Product 663,Components,Specialty,Meter,130.67,259.06,Active
664,PROD-000664,474,Atlas Product 664,Components,Specialty,Each,385.09,707.37,Active
665,PROD-000665,509,Atlas Product 665,Electronics,Specialty,Liter,213.24,368.72,Active
666,PROD-000666,454,Atlas Product 666,Electronics,Specialty,Kg,237.41,533.49,Active
667,PROD-000667,850,Atlas Product 667,Industrial Equipment,Specialty,Each,17.33,35.77,Active
668,PROD-000668,128,Atlas Product 668,Components,Specialty,Meter,329.73,614.52,Active
669,PROD-000669,429,Atlas Product 669,Components,Specialty,Each,203.36,483.79,Active
670,PROD-000670,739,Atlas Product 670,Components,Premium,Liter,329.69,519.76,Active
671,PROD-000671,112,Atlas Product 671,Components,Specialty,Kg,431.11,999.17,Active
672,PROD-000672,744,Atlas Product 672,Components,Standard,Meter,440.41,895.11,Inactive
673,PROD-000673,843,Atlas Product 673,Industrial Equipment,Premium,Liter,465.75,767.12,Active
674,PROD-000674,159,Atlas Product 674,Components,Premium,Meter,349.02,597.2,Active
675,PROD-000675,16,Atlas Product 675,Electronics,Premium,Liter,438.89,823.2,Active
676,PROD-000676,739,Atlas Product 676,Raw Materials,Premium,Meter,373.27,857.89,Active
677,PROD-000677,2,Atlas Product 677,Electronics,Specialty,Kg,375.46,626.86,Active
678,PROD-000678,52,Atlas Product 678,Industrial Equipment,Standard,Each,444.27,947.37,Active
679,PROD-000679,56,Atlas Product 679,Packaging,Specialty,Kg,28.24,45.06,Active
680,PROD-000680,224,Atlas Product 680,Packaging,Specialty,Each,154.93,249.73,Active
681,PROD-000681,840,Atlas Product 681,Electronics,Specialty,Liter,435.78,731.96,Inactive
682,PROD-000682,76,Atlas Product 682,Raw Materials,Standard,Liter,166.94,310.26,Active
683,PROD-000683,932,Atlas Product 683,Packaging,Specialty,Kg,391.08,490.72,Active
684,PROD-000684,13,Atlas Product 684,Packaging,Specialty,Each,178.96,420.65,Active
685,PROD-000685,364,Atlas Product 685,Raw Materials,Standard,Kg,151.78,216.81,Active
686,PROD-000686,216,Atlas Product 686,Components,Specialty,Kg,145.11,263.69,Active
687,PROD-000687,343,Atlas Product 687,Packaging,Premium,Kg,474.25,1012.9,Active
688,PROD-000688,375,Atlas Product 688,Components,Specialty,Meter,255.51,462.29,Active
689,PROD-000689,309,Atlas Product 689,Components,Standard,Each,94.54,125.65,Active
690,PROD-000690,798,Atlas Product 690,Industrial Equipment,Standard,Liter,398.09,671.0,Inactive
691,PROD-000691,680,Atlas Product 691,Raw Materials,Standard,Kg,368.83,748.53,Inactive
692,PROD-000692,141,Atlas Product 692,Packaging,Specialty,Each,393.07,953.24,Active
693,PROD-000693,350,Atlas Product 693,Components,Specialty,Kg,26.95,38.24,Active
694,PROD-000694,465,Atlas Product 694,Components,Specialty,Kg,360.91,563.81,Active
695,PROD-000695,926,Atlas Product 695,Electronics,Standard,Liter,495.32,1210.43,Active
696,PROD-000696,520,Atlas Product 696,Raw Materials,Standard,Meter,362.22,483.88,Active
697,PROD-000697,426,Atlas Product 697,Components,Specialty,Kg,193.79,484.05,Active
698,PROD-000698,626,Atlas Product 698,Raw Materials,Premium,Liter,20.43,42.84,Active
699,PROD-000699,884,Atlas Product 699,Packaging,Premium,Kg,485.13,735.28,Active
700,PROD-000700,142,Atlas Product 700,Electronics,Premium,Kg,222.72,473.53,Active
701,PROD-000701,172,Atlas Product 701,Components,Standard,Meter,480.85,769.23,Active
702,PROD-000702,585,Atlas Product 702,Electronics,Specialty,Each,242.71,520.96,Active
703,PROD-000703,609,Atlas Product 703,Packaging,Premium,Liter,391.76,609.58,Active
704,PROD-000704,205,Atlas Product 704,Components,Standard,Liter,290.71,423.13,Active
705,PROD-000705,929,Atlas Product 705,Electronics,Standard,Meter,465.99,710.15,Active
706,PROD-000706,585,Atlas Product 706,Packaging,Specialty,Meter,48.33,84.9,Active
707,PROD-000707,139,Atlas Product 707,Components,Premium,Liter,85.86,136.09,Active
708,PROD-000708,67,Atlas Product 708,Raw Materials,Standard,Each,72.46,170.42,Inactive
709,PROD-000709,907,Atlas Product 709,Components,Specialty,Kg,252.61,592.36,Active
710,PROD-000710,4,Atlas Product 710,Packaging,Premium,Liter,105.32,229.64,Active
711,PROD-000711,831,Atlas Product 711,Packaging,Standard,Liter,189.71,245.59,Active
712,PROD-000712,425,Atlas Product 712,Electronics,Premium,Liter,220.44,320.38,Active
713,PROD-000713,948,Atlas Product 713,Components,Standard,Kg,43.6,97.22,Active
714,PROD-000714,753,Atlas Product 714,Components,Specialty,Meter,210.28,507.32,Active
715,PROD-000715,488,Atlas Product 715,Industrial Equipment,Standard,Liter,66.5,91.43,Active
716,PROD-000716,602,Atlas Product 716,Raw Materials,Specialty,Kg,322.8,439.46,Active
717,PROD-000717,306,Atlas Product 717,Packaging,Premium,Liter,202.86,440.09,Inactive
718,PROD-000718,515,Atlas Product 718,Packaging,Specialty,Meter,140.66,233.45,Active
719,PROD-000719,935,Atlas Product 719,Industrial Equipment,Premium,Kg,57.58,107.22,Active
720,PROD-000720,976,Atlas Product 720,Packaging,Standard,Liter,110.84,155.24,Active
721,PROD-000721,791,Atlas Product 721,Components,Premium,Each,312.47,710.38,Active
722,PROD-000722,631,Atlas Product 722,Components,Premium,Liter,399.72,926.84,Active
723,PROD-000723,120,Atlas Product 723,Packaging,Standard,Meter,394.41,638.32,Active
724,PROD-000724,267,Atlas Product 724,Electronics,Standard,Kg,110.44,149.29,Active
725,PROD-000725,744,Atlas Product 725,Components,Specialty,Kg,206.11,448.24,Inactive
726,PROD-000726,407,Atlas Product 726,Industrial Equipment,Standard,Each,325.86,723.97,Active
727,PROD-000727,549,Atlas Product 727,Electronics,Standard,Liter,412.75,773.76,Active
728,PROD-000728,34,Atlas Product 728,Industrial Equipment,Premium,Meter,125.41,293.81,Active
729,PROD-000729,543,Atlas Product 729,Electronics,Specialty,Meter,484.15,1052.76,Inactive
730,PROD-000730,710,Atlas Product 730,Industrial Equipment,Specialty,Meter,92.84,199.41,Active
731,PROD-000731,64,Atlas Product 731,Components,Premium,Each,38.62,76.27,Active
732,PROD-000732,460,Atlas Product 732,Industrial Equipment,Specialty,Each,166.15,398.66,Active
733,PROD-000733,111,Atlas Product 733,Packaging,Premium,Kg,210.65,415.0,Active
734,PROD-000734,737,Atlas Product 734,Raw Materials,Premium,Each,410.47,893.76,Active
735,PROD-000735,189,Atlas Product 735,Electronics,Specialty,Kg,410.82,855.35,Active
736,PROD-000736,966,Atlas Product 736,Components,Specialty,Each,66.21,115.62,Active
737,PROD-000737,555,Atlas Product 737,Industrial Equipment,Premium,Each,46.85,90.96,Active
738,PROD-000738,85,Atlas Product 738,Packaging,Specialty,Kg,393.97,597.22,Active
739,PROD-000739,765,Atlas Product 739,Raw Materials,Standard,Liter,482.4,1183.74,Active
740,PROD-000740,899,Atlas Product 740,Packaging,Standard,Meter,285.41,402.15,Active
741,PROD-000741,33,Atlas Product 741,Industrial Equipment,Premium,Liter,129.64,234.24,Active
742,PROD-000742,272,Atlas Product 742,Packaging,Specialty,Kg,229.66,301.29,Active
743,PROD-000743,859,Atlas Product 743,Components,Premium,Liter,305.66,444.7,Inactive
744,PROD-000744,554,Atlas Product 744,Packaging,Premium,Each,121.64,231.46,Active
745,PROD-000745,967,Atlas Product 745,Components,Premium,Meter,375.33,686.91,Inactive
746,PROD-000746,791,Atlas Product 746,Components,Specialty,Meter,25.42,61.23,Active
747,PROD-000747,229,Atlas Product 747,Packaging,Specialty,Kg,119.46,235.17,Active
748,PROD-000748,557,Atlas Product 748,Industrial Equipment,Premium,Liter,28.05,52.86,Active
749,PROD-000749,853,Atlas Product 749,Electronics,Standard,Meter,403.37,646.95,Active
750,PROD-000750,535,Atlas Product 750,Packaging,Standard,Kg,41.72,81.79,Active
751,PROD-000751,33,Atlas Product 751,Components,Standard,Meter,94.09,185.05,Active
752,PROD-000752,664,Atlas Product 752,Components,Premium,Kg,263.5,621.6,Active
753,PROD-000753,622,Atlas Product 753,Raw Materials,Specialty,Each,437.94,1037.46,Active
754,PROD-000754,96,Atlas Product 754,Raw Materials,Premium,Each,185.56,328.23,Active
755,PROD-000755,857,Atlas Product 755,Raw Materials,Specialty,Kg,385.08,659.34,Active
756,PROD-000756,952,Atlas Product 756,Electronics,Specialty,Each,257.0,565.93,Active
757,PROD-000757,522,Atlas Product 757,Electronics,Standard,Meter,478.71,644.74,Inactive
758,PROD-000758,691,Atlas Product 758,Industrial Equipment,Specialty,Kg,368.41,564.65,Active
759,PROD-000759,228,Atlas Product 759,Components,Premium,Each,395.59,635.33,Active
760,PROD-000760,718,Atlas Product 760,Electronics,Specialty,Kg,237.66,457.23,Inactive
761,PROD-000761,357,Atlas Product 761,Raw Materials,Standard,Each,308.57,455.1,Active
762,PROD-000762,763,Atlas Product 762,Raw Materials,Standard,Kg,390.04,600.91,Active
763,PROD-000763,582,Atlas Product 763,Packaging,Specialty,Each,50.4,70.36,Active
764,PROD-000764,603,Atlas Product 764,Electronics,Specialty,Kg,221.11,409.69,Active
765,PROD-000765,559,Atlas Product 765,Industrial Equipment,Standard,Kg,154.73,302.44,Inactive
766,PROD-000766,872,Atlas Product 766,Components,Premium,Liter,347.86,448.98,Active
767,PROD-000767,513,Atlas Product 767,Components,Standard,Liter,430.17,590.25,Active
768,PROD-000768,934,Atlas Product 768,Industrial Equipment,Standard,Kg,322.39,753.83,Active
769,PROD-000769,37,Atlas Product 769,Industrial Equipment,Premium,Kg,30.2,62.16,Active
770,PROD-000770,840,Atlas Product 770,Components,Premium,Liter,238.17,593.92,Active
771,PROD-000771,690,Atlas Product 771,Electronics,Specialty,Each,342.02,617.4,Active
772,PROD-000772,159,Atlas Product 772,Components,Standard,Kg,225.91,337.82,Active
773,PROD-000773,52,Atlas Product 773,Raw Materials,Specialty,Liter,435.36,968.9,Active
774,PROD-000774,249,Atlas Product 774,Packaging,Specialty,Meter,381.63,592.64,Active
775,PROD-000775,938,Atlas Product 775,Raw Materials,Premium,Kg,26.22,48.1,Active
776,PROD-000776,629,Atlas Product 776,Raw Materials,Specialty,Each,145.08,266.42,Inactive
777,PROD-000777,886,Atlas Product 777,Components,Specialty,Liter,167.74,392.6,Active
778,PROD-000778,557,Atlas Product 778,Industrial Equipment,Premium,Kg,321.25,559.88,Active
779,PROD-000779,194,Atlas Product 779,Electronics,Specialty,Liter,234.5,520.58,Active
780,PROD-000780,708,Atlas Product 780,Industrial Equipment,Standard,Liter,254.34,548.84,Active
781,PROD-000781,115,Atlas Product 781,Electronics,Specialty,Each,359.2,837.11,Active
782,PROD-000782,296,Atlas Product 782,Industrial Equipment,Premium,Each,346.8,669.35,Active
783,PROD-000783,858,Atlas Product 783,Electronics,Standard,Liter,394.42,717.55,Active
784,PROD-000784,498,Atlas Product 784,Components,Standard,Kg,457.15,810.84,Active
785,PROD-000785,843,Atlas Product 785,Industrial Equipment,Specialty,Kg,466.52,760.65,Active
786,PROD-000786,978,Atlas Product 786,Components,Standard,Meter,29.52,70.37,Active
787,PROD-000787,264,Atlas Product 787,Raw Materials,Standard,Kg,347.1,722.32,Inactive
788,PROD-000788,813,Atlas Product 788,Packaging,Standard,Liter,253.2,463.05,Inactive
789,PROD-000789,702,Atlas Product 789,Industrial Equipment,Premium,Meter,348.41,524.69,Active
790,PROD-000790,727,Atlas Product 790,Electronics,Standard,Liter,396.02,657.07,Active
791,PROD-000791,503,Atlas Product 791,Industrial Equipment,Premium,Kg,403.67,904.05,Active
792,PROD-000792,742,Atlas Product 792,Industrial Equipment,Premium,Liter,333.15,738.3,Active
793,PROD-000793,69,Atlas Product 793,Electronics,Standard,Kg,236.38,512.13,Active
794,PROD-000794,40,Atlas Product 794,Packaging,Standard,Liter,174.65,419.38,Active
795,PROD-000795,162,Atlas Product 795,Raw Materials,Standard,Kg,184.65,308.87,Active
796,PROD-000796,177,Atlas Product 796,Industrial Equipment,Specialty,Meter,234.71,487.01,Active
797,PROD-000797,552,Atlas Product 797,Electronics,Premium,Meter,353.79,581.81,Active
798,PROD-000798,557,Atlas Product 798,Electronics,Standard,Each,14.3,34.85,Active
799,PROD-000799,815,Atlas Product 799,Packaging,Premium,Meter,180.02,367.59,Active
800,PROD-000800,482,Atlas Product 800,Electronics,Specialty,Liter,303.14,690.49,Active
801,PROD-000801,889,Atlas Product 801,Raw Materials,Premium,Each,326.73,431.84,Active
802,PROD-000802,229,Atlas Product 802,Packaging,Specialty,Kg,192.04,428.43,Active
803,PROD-000803,9,Atlas Product 803,Components,Standard,Kg,459.33,988.7,Inactive
804,PROD-000804,618,Atlas Product 804,Industrial Equipment,Premium,Liter,300.05,394.66,Active
805,PROD-000805,841,Atlas Product 805,Electronics,Premium,Kg,235.03,464.89,Active
806,PROD-000806,731,Atlas Product 806,Raw Materials,Standard,Liter,216.05,334.51,Active
807,PROD-000807,160,Atlas Product 807,Components,Specialty,Meter,114.13,281.78,Active
808,PROD-000808,62,Atlas Product 808,Industrial Equipment,Standard,Kg,279.17,669.26,Active
809,PROD-000809,741,Atlas Product 809,Raw Materials,Standard,Liter,457.46,743.28,Active
810,PROD-000810,560,Atlas Product 810,Raw Materials,Standard,Liter,41.21,70.83,Inactive
811,PROD-000811,975,Atlas Product 811,Electronics,Premium,Kg,498.35,776.34,Active
812,PROD-000812,520,Atlas Product 812,Components,Specialty,Kg,409.83,766.69,Inactive
813,PROD-000813,57,Atlas Product 813,Industrial Equipment,Specialty,Liter,216.46,540.25,Active
814,PROD-000814,157,Atlas Product 814,Packaging,Specialty,Liter,36.55,54.21,Active
815,PROD-000815,317,Atlas Product 815,Packaging,Premium,Meter,203.78,498.04,Active
816,PROD-000816,719,Atlas Product 816,Packaging,Premium,Each,496.18,643.52,Active
817,PROD-000817,362,Atlas Product 817,Raw Materials,Standard,Liter,354.05,785.51,Active
818,PROD-000818,79,Atlas Product 818,Components,Standard,Each,318.3,727.53,Active
819,PROD-000819,439,Atlas Product 819,Components,Specialty,Meter,466.41,742.02,Active
820,PROD-000820,986,Atlas Product 820,Packaging,Premium,Each,291.09,626.31,Active
821,PROD-000821,413,Atlas Product 821,Industrial Equipment,Standard,Liter,86.57,167.43,Active
822,PROD-000822,26,Atlas Product 822,Components,Specialty,Kg,420.61,917.83,Active
823,PROD-000823,35,Atlas Product 823,Electronics,Standard,Liter,196.22,349.9,Active
824,PROD-000824,662,Atlas Product 824,Electronics,Specialty,Each,434.75,1068.4,Active
825,PROD-000825,803,Atlas Product 825,Packaging,Premium,Kg,399.43,779.84,Active
826,PROD-000826,310,Atlas Product 826,Raw Materials,Specialty,Kg,69.41,170.25,Active
827,PROD-000827,22,Atlas Product 827,Electronics,Premium,Kg,343.88,847.66,Active
828,PROD-000828,520,Atlas Product 828,Packaging,Standard,Meter,433.2,845.03,Active
829,PROD-000829,349,Atlas Product 829,Packaging,Standard,Meter,190.81,437.4,Active
830,PROD-000830,306,Atlas Product 830,Packaging,Premium,Meter,457.74,1043.09,Active
831,PROD-000831,208,Atlas Product 831,Raw Materials,Standard,Kg,283.12,460.63,Active
832,PROD-000832,577,Atlas Product 832,Raw Materials,Standard,Meter,188.74,361.3,Active
833,PROD-000833,503,Atlas Product 833,Packaging,Standard,Kg,468.37,594.02,Inactive
834,PROD-000834,188,Atlas Product 834,Electronics,Specialty,Kg,480.04,792.68,Active
835,PROD-000835,598,Atlas Product 835,Industrial Equipment,Premium,Each,323.48,582.32,Active
836,PROD-000836,590,Atlas Product 836,Packaging,Premium,Each,411.96,915.57,Active
837,PROD-000837,361,Atlas Product 837,Electronics,Standard,Kg,163.47,305.08,Active
838,PROD-000838,981,Atlas Product 838,Industrial Equipment,Standard,Meter,302.3,667.32,Active
839,PROD-000839,104,Atlas Product 839,Packaging,Specialty,Each,244.19,367.78,Inactive
840,PROD-000840,171,Atlas Product 840,Packaging,Standard,Meter,318.92,686.61,Active
841,PROD-000841,610,Atlas Product 841,Electronics,Specialty,Meter,360.82,834.7,Active
842,PROD-000842,784,Atlas Product 842,Raw Materials,Premium,Kg,342.08,530.71,Inactive
843,PROD-000843,822,Atlas Product 843,Components,Premium,Liter,173.04,394.26,Active
844,PROD-000844,564,Atlas Product 844,Components,Standard,Liter,399.71,803.2,Active
845,PROD-000845,603,Atlas Product 845,Electronics,Specialty,Meter,175.39,321.85,Active
846,PROD-000846,402,Atlas Product 846,Industrial Equipment,Specialty,Each,284.48,599.2,Active
847,PROD-000847,360,Atlas Product 847,Electronics,Premium,Liter,138.86,298.28,Active
848,PROD-000848,586,Atlas Product 848,Components,Specialty,Meter,60.72,125.03,Active
849,PROD-000849,752,Atlas Product 849,Electronics,Specialty,Liter,207.7,422.39,Active
850,PROD-000850,623,Atlas Product 850,Industrial Equipment,Specialty,Meter,53.15,93.61,Active
851,PROD-000851,174,Atlas Product 851,Industrial Equipment,Specialty,Meter,425.59,909.89,Active
852,PROD-000852,737,Atlas Product 852,Packaging,Premium,Kg,345.69,534.85,Active
853,PROD-000853,11,Atlas Product 853,Industrial Equipment,Premium,Kg,420.5,579.33,Active
854,PROD-000854,182,Atlas Product 854,Electronics,Premium,Meter,404.78,971.28,Active
855,PROD-000855,394,Atlas Product 855,Packaging,Standard,Kg,112.51,250.27,Active
856,PROD-000856,752,Atlas Product 856,Industrial Equipment,Premium,Kg,395.85,764.47,Active
857,PROD-000857,310,Atlas Product 857,Components,Standard,Each,87.79,195.55,Active
858,PROD-000858,615,Atlas Product 858,Industrial Equipment,Standard,Meter,92.15,124.66,Active
859,PROD-000859,115,Atlas Product 859,Raw Materials,Standard,Each,54.47,95.7,Active
860,PROD-000860,848,Atlas Product 860,Components,Standard,Each,198.11,291.44,Active
861,PROD-000861,470,Atlas Product 861,Electronics,Standard,Meter,375.42,778.23,Active
862,PROD-000862,282,Atlas Product 862,Electronics,Specialty,Meter,346.0,761.79,Inactive
863,PROD-000863,52,Atlas Product 863,Raw Materials,Premium,Kg,340.39,591.51,Active
864,PROD-000864,755,Atlas Product 864,Electronics,Premium,Each,230.01,355.99,Active
865,PROD-000865,628,Atlas Product 865,Electronics,Specialty,Kg,433.54,710.63,Active
866,PROD-000866,252,Atlas Product 866,Industrial Equipment,Specialty,Each,453.19,887.01,Active
867,PROD-000867,603,Atlas Product 867,Packaging,Standard,Meter,251.63,328.75,Active
868,PROD-000868,650,Atlas Product 868,Electronics,Premium,Each,320.11,445.89,Active
869,PROD-000869,282,Atlas Product 869,Raw Materials,Standard,Kg,62.9,155.82,Active
870,PROD-000870,611,Atlas Product 870,Packaging,Specialty,Liter,128.26,192.16,Active
871,PROD-000871,834,Atlas Product 871,Industrial Equipment,Standard,Meter,435.06,836.84,Active
872,PROD-000872,248,Atlas Product 872,Industrial Equipment,Specialty,Each,106.4,252.1,Inactive
873,PROD-000873,674,Atlas Product 873,Raw Materials,Premium,Liter,29.9,70.17,Active
874,PROD-000874,977,Atlas Product 874,Electronics,Premium,Meter,58.6,74.99,Active
875,PROD-000875,402,Atlas Product 875,Industrial Equipment,Specialty,Liter,219.24,340.35,Active
876,PROD-000876,993,Atlas Product 876,Packaging,Specialty,Kg,86.4,131.03,Active
877,PROD-000877,871,Atlas Product 877,Components,Standard,Liter,446.65,979.59,Active
878,PROD-000878,957,Atlas Product 878,Packaging,Specialty,Meter,447.26,577.22,Active
879,PROD-000879,532,Atlas Product 879,Raw Materials,Premium,Liter,73.69,99.86,Active
880,PROD-000880,901,Atlas Product 880,Packaging,Specialty,Meter,96.56,168.83,Active
881,PROD-000881,916,Atlas Product 881,Raw Materials,Specialty,Liter,470.0,1023.35,Active
882,PROD-000882,782,Atlas Product 882,Raw Materials,Standard,Meter,290.51,673.79,Active
883,PROD-000883,354,Atlas Product 883,Electronics,Premium,Liter,159.3,216.57,Active
884,PROD-000884,23,Atlas Product 884,Components,Standard,Meter,197.99,446.76,Active
885,PROD-000885,980,Atlas Product 885,Components,Standard,Meter,320.57,402.73,Active
886,PROD-000886,287,Atlas Product 886,Industrial Equipment,Specialty,Liter,370.15,846.16,Active
887,PROD-000887,329,Atlas Product 887,Electronics,Standard,Kg,448.55,647.48,Active
888,PROD-000888,996,Atlas Product 888,Components,Specialty,Meter,148.94,265.13,Active
889,PROD-000889,545,Atlas Product 889,Industrial Equipment,Standard,Each,129.64,183.15,Active
890,PROD-000890,623,Atlas Product 890,Components,Specialty,Liter,57.0,85.69,Active
891,PROD-000891,590,Atlas Product 891,Raw Materials,Specialty,Liter,51.25,111.01,Active
892,PROD-000892,679,Atlas Product 892,Components,Standard,Kg,401.03,933.93,Active
893,PROD-000893,649,Atlas Product 893,Electronics,Standard,Meter,253.41,546.55,Active
894,PROD-000894,322,Atlas Product 894,Components,Standard,Kg,265.21,333.23,Active
895,PROD-000895,705,Atlas Product 895,Electronics,Specialty,Kg,106.73,151.93,Active
896,PROD-000896,686,Atlas Product 896,Industrial Equipment,Standard,Liter,372.26,561.84,Active
897,PROD-000897,838,Atlas Product 897,Electronics,Standard,Liter,214.26,294.29,Active
898,PROD-000898,336,Atlas Product 898,Components,Specialty,Meter,480.49,687.4,Active
899,PROD-000899,406,Atlas Product 899,Components,Standard,Meter,424.99,1057.51,Active
900,PROD-000900,727,Atlas Product 900,Industrial Equipment,Specialty,Kg,322.08,705.6,Active
901,PROD-000901,220,Atlas Product 901,Packaging,Premium,Kg,469.16,986.5,Active
902,PROD-000902,926,Atlas Product 902,Raw Materials,Standard,Meter,372.4,758.54,Active
903,PROD-000903,770,Atlas Product 903,Packaging,Specialty,Liter,207.34,463.68,Active
904,PROD-000904,461,Atlas Product 904,Electronics,Premium,Liter,328.7,458.48,Active
905,PROD-000905,886,Atlas Product 905,Industrial Equipment,Standard,Kg,128.74,305.99,Inactive
906,PROD-000906,817,Atlas Product 906,Industrial Equipment,Standard,Liter,270.57,597.67,Active
907,PROD-000907,143,Atlas Product 907,Packaging,Standard,Kg,139.68,219.6,Active
908,PROD-000908,915,Atlas Product 908,Components,Premium,Each,116.88,211.19,Active
909,PROD-000909,700,Atlas Product 909,Electronics,Premium,Kg,452.08,627.39,Active
910,PROD-000910,200,Atlas Product 910,Packaging,Standard,Each,216.54,426.69,Active
911,PROD-000911,929,Atlas Product 911,Raw Materials,Specialty,Liter,237.2,456.58,Active
912,PROD-000912,827,Atlas Product 912,Electronics,Standard,Liter,50.94,109.49,Active
913,PROD-000913,653,Atlas Product 913,Components,Specialty,Each,300.31,747.88,Active
914,PROD-000914,663,Atlas Product 914,Components,Premium,Each,467.08,716.0,Inactive
915,PROD-000915,343,Atlas Product 915,Electronics,Specialty,Each,214.38,420.87,Active
916,PROD-000916,529,Atlas Product 916,Raw Materials,Premium,Liter,149.47,206.55,Active
917,PROD-000917,631,Atlas Product 917,Industrial Equipment,Specialty,Kg,82.77,157.43,Active
918,PROD-000918,634,Atlas Product 918,Components,Standard,Meter,302.34,540.99,Active
919,PROD-000919,258,Atlas Product 919,Raw Materials,Standard,Each,419.77,707.67,Active
920,PROD-000920,119,Atlas Product 920,Electronics,Standard,Each,76.89,190.79,Active
921,PROD-000921,813,Atlas Product 921,Raw Materials,Premium,Liter,407.7,798.65,Inactive
922,PROD-000922,862,Atlas Product 922,Packaging,Premium,Liter,330.69,578.16,Active
923,PROD-000923,612,Atlas Product 923,Packaging,Standard,Liter,111.9,170.71,Active
924,PROD-000924,312,Atlas Product 924,Raw Materials,Standard,Meter,394.56,775.66,Active
925,PROD-000925,876,Atlas Product 925,Raw Materials,Standard,Kg,305.05,561.99,Active
926,PROD-000926,339,Atlas Product 926,Industrial Equipment,Standard,Meter,265.39,480.41,Active
927,PROD-000927,13,Atlas Product 927,Industrial Equipment,Standard,Kg,122.29,302.21,Active
928,PROD-000928,613,Atlas Product 928,Electronics,Standard,Meter,298.66,635.27,Active
929,PROD-000929,23,Atlas Product 929,Components,Specialty,Kg,360.4,806.56,Active
930,PROD-000930,167,Atlas Product 930,Industrial Equipment,Specialty,Meter,258.58,428.51,Active
931,PROD-000931,564,Atlas Product 931,Electronics,Premium,Kg,32.5,60.81,Active
932,PROD-000932,958,Atlas Product 932,Industrial Equipment,Specialty,Kg,437.62,1016.37,Active
933,PROD-000933,17,Atlas Product 933,Components,Specialty,Meter,100.02,203.33,Active
934,PROD-000934,279,Atlas Product 934,Components,Premium,Kg,301.45,475.43,Active
935,PROD-000935,560,Atlas Product 935,Industrial Equipment,Standard,Kg,359.19,486.08,Active
936,PROD-000936,326,Atlas Product 936,Packaging,Premium,Kg,157.02,383.61,Active
937,PROD-000937,308,Atlas Product 937,Industrial Equipment,Premium,Liter,191.35,326.48,Active
938,PROD-000938,618,Atlas Product 938,Industrial Equipment,Specialty,Meter,304.85,620.99,Active
939,PROD-000939,730,Atlas Product 939,Electronics,Specialty,Liter,369.62,630.9,Active
940,PROD-000940,421,Atlas Product 940,Electronics,Specialty,Each,328.62,475.33,Inactive
941,PROD-000941,410,Atlas Product 941,Raw Materials,Premium,Liter,445.56,586.49,Active
942,PROD-000942,616,Atlas Product 942,Packaging,Standard,Liter,334.67,454.38,Active
943,PROD-000943,170,Atlas Product 943,Industrial Equipment,Standard,Each,493.94,1011.19,Active
944,PROD-000944,768,Atlas Product 944,Raw Materials,Standard,Kg,287.7,473.08,Active
945,PROD-000945,112,Atlas Product 945,Components,Premium,Kg,170.16,396.82,Active
946,PROD-000946,183,Atlas Product 946,Components,Specialty,Liter,481.61,955.5,Active
947,PROD-000947,489,Atlas Product 947,Components,Standard,Meter,492.43,853.53,Active
948,PROD-000948,743,Atlas Product 948,Industrial Equipment,Premium,Meter,452.25,1105.33,Active
949,PROD-000949,851,Atlas Product 949,Components,Standard,Liter,336.54,702.26,Active
950,PROD-000950,262,Atlas Product 950,Packaging,Premium,Each,189.1,422.29,Active
951,PROD-000951,586,Atlas Product 951,Raw Materials,Premium,Liter,187.06,304.56,Inactive
952,PROD-000952,343,Atlas Product 952,Packaging,Standard,Kg,133.16,275.54,Active
953,PROD-000953,421,Atlas Product 953,Industrial Equipment,Premium,Kg,329.12,426.4,Active
954,PROD-000954,749,Atlas Product 954,Electronics,Premium,Each,119.59,174.24,Active
955,PROD-000955,273,Atlas Product 955,Components,Premium,Liter,439.85,831.95,Active
956,PROD-000956,632,Atlas Product 956,Packaging,Specialty,Kg,364.71,557.58,Active
957,PROD-000957,765,Atlas Product 957,Components,Specialty,Meter,247.14,464.97,Active
958,PROD-000958,568,Atlas Product 958,Raw Materials,Standard,Kg,216.0,328.93,Active
959,PROD-000959,319,Atlas Product 959,Components,Specialty,Each,213.07,399.98,Active
960,PROD-000960,345,Atlas Product 960,Packaging,Standard,Each,437.56,922.04,Active
961,PROD-000961,103,Atlas Product 961,Components,Premium,Liter,66.51,90.43,Active
962,PROD-000962,451,Atlas Product 962,Components,Standard,Liter,191.92,409.18,Active
963,PROD-000963,350,Atlas Product 963,Raw Materials,Standard,Each,334.56,768.67,Active
964,PROD-000964,696,Atlas Product 964,Electronics,Premium,Meter,316.14,747.86,Inactive
965,PROD-000965,281,Atlas Product 965,Electronics,Premium,Kg,26.01,40.21,Active
966,PROD-000966,717,Atlas Product 966,Raw Materials,Premium,Meter,359.75,576.85,Active
967,PROD-000967,423,Atlas Product 967,Raw Materials,Standard,Liter,115.9,152.59,Inactive
968,PROD-000968,937,Atlas Product 968,Components,Premium,Each,339.37,824.78,Active
969,PROD-000969,386,Atlas Product 969,Raw Materials,Premium,Liter,294.02,704.94,Inactive
970,PROD-000970,667,Atlas Product 970,Components,Standard,Meter,385.75,891.48,Active
971,PROD-000971,511,Atlas Product 971,Industrial Equipment,Specialty,Meter,90.12,188.61,Active
972,PROD-000972,700,Atlas Product 972,Raw Materials,Premium,Liter,361.47,617.44,Active
973,PROD-000973,685,Atlas Product 973,Packaging,Specialty,Meter,26.92,54.87,Active
974,PROD-000974,504,Atlas Product 974,Raw Materials,Specialty,Kg,195.51,396.5,Active
975,PROD-000975,784,Atlas Product 975,Components,Specialty,Liter,214.65,454.07,Inactive
976,PROD-000976,527,Atlas Product 976,Electronics,Standard,Kg,173.95,394.25,Active
977,PROD-000977,305,Atlas Product 977,Electronics,Premium,Meter,480.47,783.27,Active
978,PROD-000978,767,Atlas Product 978,Components,Premium,Liter,428.45,628.57,Active
979,PROD-000979,313,Atlas Product 979,Electronics,Specialty,Meter,60.04,108.31,Active
980,PROD-000980,814,Atlas Product 980,Electronics,Premium,Each,173.87,236.79,Active
981,PROD-000981,827,Atlas Product 981,Components,Specialty,Liter,276.31,445.41,Active
982,PROD-000982,195,Atlas Product 982,Raw Materials,Premium,Meter,490.21,1156.09,Active
983,PROD-000983,960,Atlas Product 983,Packaging,Standard,Kg,239.92,461.78,Active
984,PROD-000984,67,Atlas Product 984,Electronics,Premium,Liter,411.35,813.84,Active
985,PROD-000985,471,Atlas Product 985,Components,Standard,Kg,275.69,561.11,Active
986,PROD-000986,941,Atlas Product 986,Industrial Equipment,Standard,Liter,348.11,700.54,Active
987,PROD-000987,550,Atlas Product 987,Packaging,Specialty,Liter,354.34,624.56,Active
988,PROD-000988,74,Atlas Product 988,Raw Materials,Specialty,Each,102.36,201.74,Inactive
989,PROD-000989,660,Atlas Product 989,Raw Materials,Specialty,Meter,305.01,672.18,Active
990,PROD-000990,758,Atlas Product 990,Electronics,Standard,Liter,405.01,527.98,Active
991,PROD-000991,791,Atlas Product 991,Industrial Equipment,Standard,Liter,217.87,327.4,Active
992,PROD-000992,847,Atlas Product 992,Industrial Equipment,Specialty,Each,437.92,647.42,Active
993,PROD-000993,122,Atlas Product 993,Packaging,Specialty,Liter,138.03,176.0,Active
994,PROD-000994,349,Atlas Product 994,Components,Premium,Meter,143.15,272.44,Active
995,PROD-000995,233,Atlas Product 995,Raw Materials,Standard,Each,291.7,477.7,Active
996,PROD-000996,205,Atlas Product 996,Components,Standard,Each,420.23,681.66,Active
997,PROD-000997,315,Atlas Product 997,Industrial Equipment,Specialty,Meter,344.46,787.71,Active
998,PROD-000998,28,Atlas Product 998,Raw Materials,Specialty,Meter,466.66,1020.98,Inactive
999,PROD-000999,197,Atlas Product 999,Packaging,Standard,Liter,95.5,192.92,Active
1000,PROD-001000,813,Atlas Product 1000,Industrial Equipment,Specialty,Meter,487.05,749.45,Active
1001,PROD-001001,460,Atlas Product 1001,Electronics,Premium,Each,322.58,490.78,Active
1002,PROD-001002,480,Atlas Product 1002,Packaging,Standard,Each,282.26,506.85,Active
1003,PROD-001003,971,Atlas Product 1003,Industrial Equipment,Specialty,Liter,135.0,318.23,Active
1004,PROD-001004,231,Atlas Product 1004,Components,Specialty,Liter,200.84,315.28,Active
1005,PROD-001005,230,Atlas Product 1005,Packaging,Standard,Kg,132.16,282.57,Active
1006,PROD-001006,928,Atlas Product 1006,Components,Standard,Meter,432.85,1065.45,Active
1007,PROD-001007,665,Atlas Product 1007,Electronics,Standard,Kg,471.45,1153.59,Active
1008,PROD-001008,448,Atlas Product 1008,Industrial Equipment,Premium,Meter,415.16,650.1,Active
1009,PROD-001009,823,Atlas Product 1009,Components,Premium,Each,292.35,429.3,Inactive
1010,PROD-001010,259,Atlas Product 1010,Raw Materials,Specialty,Each,139.58,258.38,Active
1011,PROD-001011,199,Atlas Product 1011,Industrial Equipment,Specialty,Meter,111.04,254.43,Active
1012,PROD-001012,281,Atlas Product 1012,Components,Premium,Meter,50.04,67.64,Active
1013,PROD-001013,879,Atlas Product 1013,Components,Specialty,Kg,191.07,393.84,Active
1014,PROD-001014,492,Atlas Product 1014,Raw Materials,Standard,Kg,397.84,714.55,Active
1015,PROD-001015,327,Atlas Product 1015,Electronics,Specialty,Liter,430.5,567.81,Active
1016,PROD-001016,633,Atlas Product 1016,Raw Materials,Premium,Meter,452.47,673.99,Active
1017,PROD-001017,450,Atlas Product 1017,Industrial Equipment,Standard,Liter,301.19,643.82,Active
1018,PROD-001018,971,Atlas Product 1018,Electronics,Specialty,Kg,169.85,328.56,Active
1019,PROD-001019,5,Atlas Product 1019,Electronics,Premium,Each,421.79,710.74,Active
1020,PROD-001020,378,Atlas Product 1020,Electronics,Premium,Liter,332.69,500.1,Active
1021,PROD-001021,331,Atlas Product 1021,Electronics,Specialty,Kg,205.38,494.44,Active
1022,PROD-001022,649,Atlas Product 1022,Components,Premium,Each,418.8,762.54,Active
1023,PROD-001023,170,Atlas Product 1023,Packaging,Premium,Each,334.85,666.35,Active
1024,PROD-001024,479,Atlas Product 1024,Raw Materials,Specialty,Liter,205.02,360.73,Active
1025,PROD-001025,869,Atlas Product 1025,Packaging,Premium,Liter,339.97,479.59,Active
1026,PROD-001026,839,Atlas Product 1026,Industrial Equipment,Standard,Kg,72.76,173.98,Active
1027,PROD-001027,679,Atlas Product 1027,Electronics,Premium,Liter,414.25,757.54,Active
1028,PROD-001028,870,Atlas Product 1028,Raw Materials,Premium,Each,493.05,1075.63,Active
1029,PROD-001029,689,Atlas Product 1029,Packaging,Specialty,Kg,390.44,671.95,Active
1030,PROD-001030,21,Atlas Product 1030,Raw Materials,Standard,Kg,379.36,732.32,Active
1031,PROD-001031,965,Atlas Product 1031,Packaging,Premium,Liter,192.89,331.69,Inactive
1032,PROD-001032,78,Atlas Product 1032,Electronics,Specialty,Kg,152.11,221.21,Active
1033,PROD-001033,749,Atlas Product 1033,Electronics,Specialty,Each,471.07,821.08,Active
1034,PROD-001034,196,Atlas Product 1034,Packaging,Premium,Kg,480.77,1123.56,Active
1035,PROD-001035,729,Atlas Product 1035,Industrial Equipment,Premium,Meter,272.86,505.76,Active
1036,PROD-001036,122,Atlas Product 1036,Packaging,Standard,Kg,78.9,171.62,Active
1037,PROD-001037,121,Atlas Product 1037,Industrial Equipment,Specialty,Meter,90.21,148.23,Active
1038,PROD-001038,292,Atlas Product 1038,Industrial Equipment,Standard,Each,28.24,47.04,Active
1039,PROD-001039,204,Atlas Product 1039,Raw Materials,Premium,Liter,119.07,157.55,Inactive
1040,PROD-001040,977,Atlas Product 1040,Electronics,Premium,Liter,48.16,74.5,Active
1041,PROD-001041,219,Atlas Product 1041,Packaging,Specialty,Liter,287.26,510.65,Active
1042,PROD-001042,785,Atlas Product 1042,Raw Materials,Standard,Kg,106.6,160.0,Active
1043,PROD-001043,938,Atlas Product 1043,Components,Standard,Liter,254.93,605.47,Active
1044,PROD-001044,120,Atlas Product 1044,Raw Materials,Specialty,Liter,282.68,589.56,Inactive
1045,PROD-001045,365,Atlas Product 1045,Packaging,Specialty,Liter,434.71,761.77,Active
1046,PROD-001046,951,Atlas Product 1046,Components,Standard,Kg,60.6,119.97,Active
1047,PROD-001047,959,Atlas Product 1047,Industrial Equipment,Standard,Liter,473.82,1098.07,Active
1048,PROD-001048,755,Atlas Product 1048,Electronics,Specialty,Meter,111.09,185.82,Active
1049,PROD-001049,385,Atlas Product 1049,Electronics,Specialty,Liter,358.11,589.69,Active
1050,PROD-001050,168,Atlas Product 1050,Industrial Equipment,Premium,Kg,73.56,136.71,Active
1051,PROD-001051,688,Atlas Product 1051,Industrial Equipment,Premium,Each,374.75,841.94,Active
1052,PROD-001052,917,Atlas Product 1052,Electronics,Premium,Each,280.74,632.28,Active
1053,PROD-001053,65,Atlas Product 1053,Electronics,Standard,Kg,320.76,578.62,Active
1054,PROD-001054,563,Atlas Product 1054,Components,Standard,Kg,454.53,609.27,Active
1055,PROD-001055,596,Atlas Product 1055,Electronics,Premium,Kg,478.65,1046.09,Active
1056,PROD-001056,997,Atlas Product 1056,Packaging,Standard,Meter,421.49,932.36,Active
1057,PROD-001057,222,Atlas Product 1057,Electronics,Specialty,Each,308.92,388.3,Active
1058,PROD-001058,939,Atlas Product 1058,Components,Premium,Kg,238.15,455.88,Active
1059,PROD-001059,861,Atlas Product 1059,Electronics,Standard,Liter,461.63,722.45,Active
1060,PROD-001060,334,Atlas Product 1060,Packaging,Standard,Kg,222.19,292.85,Active
1061,PROD-001061,145,Atlas Product 1061,Industrial Equipment,Premium,Meter,124.05,281.23,Active
1062,PROD-001062,916,Atlas Product 1062,Raw Materials,Standard,Meter,198.33,436.3,Active
1063,PROD-001063,696,Atlas Product 1063,Electronics,Premium,Meter,335.36,430.36,Active
1064,PROD-001064,575,Atlas Product 1064,Industrial Equipment,Specialty,Meter,129.25,184.65,Active
1065,PROD-001065,995,Atlas Product 1065,Electronics,Standard,Meter,55.05,120.59,Inactive
1066,PROD-001066,258,Atlas Product 1066,Components,Standard,Each,265.78,472.64,Active
1067,PROD-001067,391,Atlas Product 1067,Components,Premium,Kg,274.31,408.74,Active
1068,PROD-001068,987,Atlas Product 1068,Components,Specialty,Each,382.55,840.57,Active
1069,PROD-001069,680,Atlas Product 1069,Packaging,Standard,Meter,395.93,499.98,Active
1070,PROD-001070,49,Atlas Product 1070,Raw Materials,Standard,Meter,129.45,176.08,Active
1071,PROD-001071,604,Atlas Product 1071,Industrial Equipment,Specialty,Kg,184.18,311.1,Active
1072,PROD-001072,858,Atlas Product 1072,Electronics,Standard,Meter,303.43,559.4,Active
1073,PROD-001073,849,Atlas Product 1073,Packaging,Specialty,Kg,151.05,286.87,Inactive
1074,PROD-001074,45,Atlas Product 1074,Industrial Equipment,Standard,Meter,408.13,902.62,Active
1075,PROD-001075,809,Atlas Product 1075,Electronics,Standard,Meter,277.96,663.54,Active
1076,PROD-001076,583,Atlas Product 1076,Industrial Equipment,Premium,Each,486.57,1208.3,Active
1077,PROD-001077,348,Atlas Product 1077,Components,Standard,Each,188.23,441.88,Active
1078,PROD-001078,565,Atlas Product 1078,Components,Specialty,Each,52.09,87.71,Active
1079,PROD-001079,371,Atlas Product 1079,Components,Standard,Meter,342.71,531.94,Active
1080,PROD-001080,17,Atlas Product 1080,Packaging,Standard,Meter,239.29,378.57,Active
1081,PROD-001081,920,Atlas Product 1081,Raw Materials,Standard,Meter,240.6,491.44,Active
1082,PROD-001082,35,Atlas Product 1082,Raw Materials,Premium,Liter,72.16,106.29,Active
1083,PROD-001083,782,Atlas Product 1083,Electronics,Standard,Liter,459.05,951.14,Active
1084,PROD-001084,482,Atlas Product 1084,Industrial Equipment,Standard,Each,64.38,96.38,Active
1085,PROD-001085,224,Atlas Product 1085,Electronics,Standard,Each,307.76,683.89,Active
1086,PROD-001086,359,Atlas Product 1086,Raw Materials,Standard,Kg,48.97,102.88,Active
1087,PROD-001087,836,Atlas Product 1087,Packaging,Standard,Kg,118.04,168.76,Active
1088,PROD-001088,937,Atlas Product 1088,Components,Specialty,Liter,113.02,166.57,Active
1089,PROD-001089,452,Atlas Product 1089,Packaging,Specialty,Meter,373.21,674.92,Active
1090,PROD-001090,724,Atlas Product 1090,Packaging,Premium,Liter,83.71,145.94,Inactive
1091,PROD-001091,939,Atlas Product 1091,Raw Materials,Specialty,Meter,262.38,506.31,Active
1092,PROD-001092,230,Atlas Product 1092,Raw Materials,Specialty,Each,449.66,889.27,Active
1093,PROD-001093,704,Atlas Product 1093,Raw Materials,Premium,Kg,165.83,279.99,Active
1094,PROD-001094,282,Atlas Product 1094,Electronics,Premium,Kg,146.32,247.74,Active
1095,PROD-001095,284,Atlas Product 1095,Components,Premium,Each,396.83,970.98,Inactive
1096,PROD-001096,813,Atlas Product 1096,Packaging,Standard,Each,143.79,245.87,Active
1097,PROD-001097,310,Atlas Product 1097,Electronics,Specialty,Each,272.77,635.88,Active
1098,PROD-001098,987,Atlas Product 1098,Components,Specialty,Liter,27.44,55.58,Active
1099,PROD-001099,146,Atlas Product 1099,Raw Materials,Specialty,Kg,290.57,565.58,Active
1100,PROD-001100,448,Atlas Product 1100,Raw Materials,Standard,Liter,110.42,212.95,Active
1101,PROD-001101,543,Atlas Product 1101,Electronics,Specialty,Each,44.12,64.82,Inactive
1102,PROD-001102,236,Atlas Product 1102,Packaging,Premium,Kg,341.0,659.68,Active
1103,PROD-001103,448,Atlas Product 1103,Industrial Equipment,Premium,Liter,142.92,335.41,Active
1104,PROD-001104,658,Atlas Product 1104,Raw Materials,Standard,Meter,85.17,171.57,Active
1105,PROD-001105,344,Atlas Product 1105,Industrial Equipment,Standard,Meter,302.97,614.85,Active
1106,PROD-001106,99,Atlas Product 1106,Raw Materials,Standard,Meter,225.15,320.15,Active
1107,PROD-001107,311,Atlas Product 1107,Industrial Equipment,Standard,Kg,247.11,546.42,Active
1108,PROD-001108,669,Atlas Product 1108,Packaging,Specialty,Liter,259.89,342.49,Active
1109,PROD-001109,63,Atlas Product 1109,Industrial Equipment,Standard,Kg,428.44,950.89,Active
1110,PROD-001110,17,Atlas Product 1110,Packaging,Premium,Liter,246.98,344.16,Active
1111,PROD-001111,565,Atlas Product 1111,Packaging,Standard,Meter,233.2,487.07,Active
1112,PROD-001112,961,Atlas Product 1112,Raw Materials,Specialty,Each,241.32,369.31,Active
1113,PROD-001113,199,Atlas Product 1113,Electronics,Premium,Meter,194.15,453.71,Active
1114,PROD-001114,36,Atlas Product 1114,Packaging,Standard,Kg,247.37,408.17,Inactive
1115,PROD-001115,346,Atlas Product 1115,Packaging,Premium,Kg,60.95,144.55,Active
1116,PROD-001116,450,Atlas Product 1116,Raw Materials,Premium,Kg,387.37,507.66,Inactive
1117,PROD-001117,256,Atlas Product 1117,Packaging,Standard,Each,15.12,23.65,Active
1118,PROD-001118,590,Atlas Product 1118,Industrial Equipment,Standard,Each,22.83,32.31,Active
1119,PROD-001119,174,Atlas Product 1119,Electronics,Premium,Each,196.11,442.87,Active
1120,PROD-001120,807,Atlas Product 1120,Components,Premium,Each,328.23,482.24,Inactive
1121,PROD-001121,369,Atlas Product 1121,Components,Specialty,Each,86.38,114.97,Active
1122,PROD-001122,169,Atlas Product 1122,Electronics,Premium,Each,32.0,52.87,Active
1123,PROD-001123,790,Atlas Product 1123,Raw Materials,Specialty,Liter,182.32,298.85,Active
1124,PROD-001124,617,Atlas Product 1124,Raw Materials,Specialty,Kg,147.79,328.67,Active
1125,PROD-001125,413,Atlas Product 1125,Industrial Equipment,Premium,Each,442.91,588.94,Active
1126,PROD-001126,194,Atlas Product 1126,Components,Standard,Meter,136.59,312.64,Inactive
1127,PROD-001127,526,Atlas Product 1127,Raw Materials,Specialty,Kg,80.15,114.32,Active
1128,PROD-001128,292,Atlas Product 1128,Components,Premium,Meter,207.66,337.98,Inactive
1129,PROD-001129,605,Atlas Product 1129,Industrial Equipment,Standard,Each,295.61,648.58,Active
1130,PROD-001130,643,Atlas Product 1130,Raw Materials,Standard,Liter,75.51,162.82,Active
1131,PROD-001131,610,Atlas Product 1131,Electronics,Standard,Liter,376.82,867.51,Active
1132,PROD-001132,34,Atlas Product 1132,Industrial Equipment,Premium,Kg,465.62,756.06,Active
1133,PROD-001133,424,Atlas Product 1133,Industrial Equipment,Standard,Each,423.01,1023.55,Active
1134,PROD-001134,227,Atlas Product 1134,Industrial Equipment,Premium,Meter,28.69,53.46,Active
1135,PROD-001135,75,Atlas Product 1135,Raw Materials,Specialty,Meter,23.29,31.77,Active
1136,PROD-001136,124,Atlas Product 1136,Components,Standard,Liter,373.82,534.84,Active
1137,PROD-001137,546,Atlas Product 1137,Industrial Equipment,Standard,Liter,148.63,212.38,Active
1138,PROD-001138,104,Atlas Product 1138,Raw Materials,Standard,Liter,18.7,34.56,Active
1139,PROD-001139,78,Atlas Product 1139,Industrial Equipment,Specialty,Liter,270.7,500.34,Active
1140,PROD-001140,905,Atlas Product 1140,Raw Materials,Premium,Meter,326.59,636.78,Active
1141,PROD-001141,208,Atlas Product 1141,Electronics,Standard,Liter,104.39,159.19,Active
1142,PROD-001142,730,Atlas Product 1142,Packaging,Specialty,Liter,214.95,368.51,Active
1143,PROD-001143,437,Atlas Product 1143,Raw Materials,Standard,Each,383.5,640.83,Active
1144,PROD-001144,128,Atlas Product 1144,Packaging,Specialty,Kg,310.98,612.28,Active
1145,PROD-001145,31,Atlas Product 1145,Raw Materials,Standard,Meter,257.12,531.67,Active
1146,PROD-001146,941,Atlas Product 1146,Packaging,Specialty,Kg,190.69,265.22,Active
1147,PROD-001147,900,Atlas Product 1147,Raw Materials,Specialty,Liter,334.94,746.5,Active
1148,PROD-001148,510,Atlas Product 1148,Electronics,Specialty,Each,330.15,560.44,Active
1149,PROD-001149,736,Atlas Product 1149,Components,Specialty,Liter,121.14,197.87,Active
1150,PROD-001150,707,Atlas Product 1150,Electronics,Standard,Kg,373.48,680.7,Inactive
1151,PROD-001151,969,Atlas Product 1151,Electronics,Specialty,Liter,175.03,229.96,Active
1152,PROD-001152,544,Atlas Product 1152,Electronics,Standard,Meter,219.89,321.09,Inactive
1153,PROD-001153,241,Atlas Product 1153,Components,Standard,Kg,379.0,762.68,Active
1154,PROD-001154,968,Atlas Product 1154,Components,Premium,Each,53.27,124.79,Active
1155,PROD-001155,705,Atlas Product 1155,Packaging,Standard,Each,436.57,761.21,Active
1156,PROD-001156,361,Atlas Product 1156,Industrial Equipment,Specialty,Each,218.41,331.95,Active
1157,PROD-001157,734,Atlas Product 1157,Industrial Equipment,Standard,Meter,356.39,820.01,Active
1158,PROD-001158,80,Atlas Product 1158,Raw Materials,Specialty,Meter,175.76,282.54,Active
1159,PROD-001159,787,Atlas Product 1159,Electronics,Standard,Liter,97.23,139.15,Active
1160,PROD-001160,757,Atlas Product 1160,Raw Materials,Specialty,Kg,257.22,554.09,Active
1161,PROD-001161,246,Atlas Product 1161,Raw Materials,Specialty,Kg,387.05,561.73,Active
1162,PROD-001162,707,Atlas Product 1162,Components,Premium,Kg,158.36,304.63,Active
1163,PROD-001163,520,Atlas Product 1163,Components,Standard,Meter,427.64,584.47,Active
1164,PROD-001164,95,Atlas Product 1164,Components,Specialty,Meter,475.31,706.56,Active
1165,PROD-001165,283,Atlas Product 1165,Industrial Equipment,Standard,Each,231.81,469.61,Active
1166,PROD-001166,133,Atlas Product 1166,Packaging,Premium,Meter,72.56,107.74,Active
1167,PROD-001167,184,Atlas Product 1167,Raw Materials,Premium,Liter,311.2,427.94,Active
1168,PROD-001168,897,Atlas Product 1168,Industrial Equipment,Specialty,Liter,100.1,153.08,Active
1169,PROD-001169,352,Atlas Product 1169,Raw Materials,Specialty,Liter,397.31,993.12,Inactive
1170,PROD-001170,55,Atlas Product 1170,Components,Specialty,Meter,132.14,277.21,Active
1171,PROD-001171,756,Atlas Product 1171,Raw Materials,Standard,Meter,384.85,499.44,Active
1172,PROD-001172,363,Atlas Product 1172,Industrial Equipment,Specialty,Meter,495.2,1108.5,Active
1173,PROD-001173,358,Atlas Product 1173,Components,Standard,Each,362.01,789.66,Inactive
1174,PROD-001174,711,Atlas Product 1174,Components,Premium,Meter,83.47,174.35,Active
1175,PROD-001175,618,Atlas Product 1175,Packaging,Premium,Each,63.29,111.99,Active
1176,PROD-001176,668,Atlas Product 1176,Components,Specialty,Meter,242.25,516.83,Active
1177,PROD-001177,848,Atlas Product 1177,Electronics,Specialty,Meter,460.7,837.87,Active
1178,PROD-001178,115,Atlas Product 1178,Raw Materials,Premium,Kg,327.11,503.26,Active
1179,PROD-001179,3,Atlas Product 1179,Industrial Equipment,Specialty,Liter,233.31,540.52,Active
1180,PROD-001180,257,Atlas Product 1180,Components,Standard,Meter,83.27,171.14,Inactive
1181,PROD-001181,181,Atlas Product 1181,Raw Materials,Premium,Kg,166.32,225.95,Active
1182,PROD-001182,959,Atlas Product 1182,Industrial Equipment,Premium,Liter,121.69,250.99,Active
1183,PROD-001183,25,Atlas Product 1183,Components,Specialty,Liter,197.35,270.34,Active
1184,PROD-001184,530,Atlas Product 1184,Packaging,Specialty,Each,68.94,149.47,Active
1185,PROD-001185,764,Atlas Product 1185,Components,Specialty,Kg,18.35,40.35,Active
1186,PROD-001186,605,Atlas Product 1186,Components,Premium,Each,51.11,103.16,Inactive
1187,PROD-001187,816,Atlas Product 1187,Industrial Equipment,Premium,Kg,89.06,127.25,Active
1188,PROD-001188,575,Atlas Product 1188,Raw Materials,Specialty,Each,377.03,869.5,Active
1189,PROD-001189,841,Atlas Product 1189,Industrial Equipment,Standard,Liter,154.71,256.87,Active
1190,PROD-001190,129,Atlas Product 1190,Packaging,Standard,Kg,155.12,195.83,Active
1191,PROD-001191,355,Atlas Product 1191,Raw Materials,Specialty,Each,278.3,660.06,Active
1192,PROD-001192,329,Atlas Product 1192,Industrial Equipment,Specialty,Each,473.71,933.15,Active
1193,PROD-001193,255,Atlas Product 1193,Industrial Equipment,Premium,Meter,340.68,716.6,Active
1194,PROD-001194,886,Atlas Product 1194,Components,Premium,Each,387.94,801.02,Active
1195,PROD-001195,464,Atlas Product 1195,Components,Premium,Kg,380.46,857.92,Active
1196,PROD-001196,612,Atlas Product 1196,Components,Specialty,Meter,31.28,53.62,Active
1197,PROD-001197,176,Atlas Product 1197,Packaging,Standard,Meter,299.59,705.15,Active
1198,PROD-001198,244,Atlas Product 1198,Raw Materials,Premium,Kg,34.91,84.46,Active
1199,PROD-001199,502,Atlas Product 1199,Industrial Equipment,Premium,Meter,305.33,425.57,Active
1200,PROD-001200,425,Atlas Product 1200,Industrial Equipment,Specialty,Meter,62.86,147.3,Active
1201,PROD-001201,731,Atlas Product 1201,Components,Specialty,Liter,127.9,184.87,Inactive
1202,PROD-001202,98,Atlas Product 1202,Raw Materials,Premium,Meter,452.43,832.79,Active
1203,PROD-001203,227,Atlas Product 1203,Industrial Equipment,Specialty,Liter,293.65,697.15,Active
1204,PROD-001204,647,Atlas Product 1204,Industrial Equipment,Premium,Each,94.78,210.65,Active
1205,PROD-001205,692,Atlas Product 1205,Raw Materials,Specialty,Meter,425.76,911.12,Active
1206,PROD-001206,169,Atlas Product 1206,Components,Standard,Meter,457.74,735.82,Active
1207,PROD-001207,211,Atlas Product 1207,Components,Premium,Liter,165.93,312.29,Active
1208,PROD-001208,30,Atlas Product 1208,Components,Specialty,Each,62.96,92.37,Active
1209,PROD-001209,183,Atlas Product 1209,Industrial Equipment,Specialty,Kg,86.11,214.7,Inactive
1210,PROD-001210,594,Atlas Product 1210,Components,Standard,Liter,153.49,205.19,Active
1211,PROD-001211,793,Atlas Product 1211,Packaging,Specialty,Meter,111.48,247.83,Active
1212,PROD-001212,673,Atlas Product 1212,Electronics,Premium,Liter,322.59,501.4,Active
1213,PROD-001213,845,Atlas Product 1213,Components,Specialty,Each,373.49,735.41,Active
1214,PROD-001214,84,Atlas Product 1214,Industrial Equipment,Specialty,Kg,225.48,502.32,Inactive
1215,PROD-001215,148,Atlas Product 1215,Packaging,Standard,Meter,176.9,250.58,Active
1216,PROD-001216,295,Atlas Product 1216,Industrial Equipment,Premium,Meter,306.75,588.84,Active
1217,PROD-001217,502,Atlas Product 1217,Industrial Equipment,Premium,Liter,75.43,176.63,Active
1218,PROD-001218,913,Atlas Product 1218,Packaging,Standard,Meter,468.37,766.28,Active
1219,PROD-001219,277,Atlas Product 1219,Raw Materials,Standard,Liter,298.89,471.89,Active
1220,PROD-001220,923,Atlas Product 1220,Components,Standard,Kg,234.93,451.07,Active
1221,PROD-001221,333,Atlas Product 1221,Electronics,Premium,Meter,138.93,332.62,Active
1222,PROD-001222,883,Atlas Product 1222,Industrial Equipment,Premium,Each,196.81,280.84,Inactive
1223,PROD-001223,91,Atlas Product 1223,Industrial Equipment,Premium,Liter,198.67,376.59,Active
1224,PROD-001224,902,Atlas Product 1224,Electronics,Standard,Meter,11.1,14.52,Active
1225,PROD-001225,862,Atlas Product 1225,Packaging,Specialty,Each,258.24,329.88,Active
1226,PROD-001226,259,Atlas Product 1226,Components,Standard,Kg,437.38,1034.55,Active
1227,PROD-001227,434,Atlas Product 1227,Industrial Equipment,Premium,Each,449.93,755.75,Active
1228,PROD-001228,462,Atlas Product 1228,Electronics,Specialty,Each,238.26,552.27,Inactive
1229,PROD-001229,895,Atlas Product 1229,Packaging,Specialty,Liter,76.86,113.91,Active
1230,PROD-001230,975,Atlas Product 1230,Components,Premium,Meter,70.66,106.0,Active
1231,PROD-001231,462,Atlas Product 1231,Packaging,Specialty,Liter,361.34,585.2,Active
1232,PROD-001232,407,Atlas Product 1232,Components,Specialty,Meter,495.01,1154.62,Active
1233,PROD-001233,815,Atlas Product 1233,Electronics,Specialty,Liter,90.22,193.33,Active
1234,PROD-001234,313,Atlas Product 1234,Electronics,Premium,Liter,471.03,964.47,Active
1235,PROD-001235,419,Atlas Product 1235,Industrial Equipment,Premium,Kg,397.86,631.95,Inactive
1236,PROD-001236,778,Atlas Product 1236,Components,Premium,Liter,221.81,371.75,Active
1237,PROD-001237,488,Atlas Product 1237,Industrial Equipment,Standard,Each,293.84,445.98,Active
1238,PROD-001238,603,Atlas Product 1238,Industrial Equipment,Standard,Liter,376.67,510.63,Active
1239,PROD-001239,292,Atlas Product 1239,Industrial Equipment,Premium,Meter,489.05,777.82,Active
1240,PROD-001240,234,Atlas Product 1240,Packaging,Specialty,Each,272.53,539.75,Active
1241,PROD-001241,928,Atlas Product 1241,Industrial Equipment,Standard,Each,286.54,687.12,Active
1242,PROD-001242,537,Atlas Product 1242,Packaging,Specialty,Kg,408.82,602.0,Active
1243,PROD-001243,438,Atlas Product 1243,Packaging,Premium,Each,384.6,674.96,Active
1244,PROD-001244,370,Atlas Product 1244,Electronics,Specialty,Each,464.16,1029.25,Active
1245,PROD-001245,749,Atlas Product 1245,Packaging,Standard,Each,203.4,381.28,Active
1246,PROD-001246,235,Atlas Product 1246,Packaging,Premium,Each,438.89,725.13,Active
1247,PROD-001247,1,Atlas Product 1247,Components,Standard,Liter,489.06,1107.07,Inactive
1248,PROD-001248,896,Atlas Product 1248,Industrial Equipment,Premium,Liter,15.74,21.36,Active
1249,PROD-001249,779,Atlas Product 1249,Components,Specialty,Liter,136.52,174.22,Active
1250,PROD-001250,522,Atlas Product 1250,Components,Standard,Kg,496.87,992.71,Active
1251,PROD-001251,310,Atlas Product 1251,Industrial Equipment,Specialty,Liter,250.53,432.98,Inactive
1252,PROD-001252,718,Atlas Product 1252,Industrial Equipment,Premium,Kg,238.99,491.25,Active
1253,PROD-001253,511,Atlas Product 1253,Packaging,Standard,Kg,175.05,238.66,Active
1254,PROD-001254,461,Atlas Product 1254,Packaging,Standard,Kg,63.53,121.32,Active
1255,PROD-001255,9,Atlas Product 1255,Industrial Equipment,Premium,Meter,441.88,855.16,Active
1256,PROD-001256,297,Atlas Product 1256,Components,Specialty,Liter,106.99,254.81,Active
1257,PROD-001257,195,Atlas Product 1257,Packaging,Premium,Liter,306.36,717.74,Active
1258,PROD-001258,836,Atlas Product 1258,Industrial Equipment,Specialty,Each,232.98,570.18,Active
1259,PROD-001259,731,Atlas Product 1259,Electronics,Specialty,Meter,423.91,955.86,Active
1260,PROD-001260,826,Atlas Product 1260,Electronics,Standard,Each,161.54,344.01,Active
1261,PROD-001261,560,Atlas Product 1261,Industrial Equipment,Specialty,Liter,30.79,57.74,Active
1262,PROD-001262,188,Atlas Product 1262,Packaging,Premium,Meter,342.07,679.99,Active
1263,PROD-001263,902,Atlas Product 1263,Raw Materials,Standard,Liter,37.32,69.89,Active
1264,PROD-001264,104,Atlas Product 1264,Industrial Equipment,Specialty,Each,67.56,98.68,Active
1265,PROD-001265,474,Atlas Product 1265,Components,Standard,Kg,435.28,1043.65,Active
1266,PROD-001266,548,Atlas Product 1266,Components,Premium,Each,92.93,144.72,Active
1267,PROD-001267,341,Atlas Product 1267,Electronics,Premium,Each,199.65,354.76,Active
1268,PROD-001268,516,Atlas Product 1268,Industrial Equipment,Premium,Liter,453.06,677.8,Active
1269,PROD-001269,234,Atlas Product 1269,Industrial Equipment,Standard,Kg,167.35,236.16,Active
1270,PROD-001270,123,Atlas Product 1270,Packaging,Specialty,Each,244.55,453.5,Inactive
1271,PROD-001271,899,Atlas Product 1271,Raw Materials,Premium,Liter,171.49,255.84,Active
1272,PROD-001272,598,Atlas Product 1272,Electronics,Specialty,Liter,390.44,919.47,Active
1273,PROD-001273,201,Atlas Product 1273,Packaging,Standard,Each,153.97,301.49,Active
1274,PROD-001274,884,Atlas Product 1274,Industrial Equipment,Standard,Kg,389.97,830.67,Active
1275,PROD-001275,728,Atlas Product 1275,Components,Premium,Liter,481.43,1068.47,Active
1276,PROD-001276,812,Atlas Product 1276,Industrial Equipment,Standard,Kg,407.81,806.12,Active
1277,PROD-001277,339,Atlas Product 1277,Components,Specialty,Each,347.65,492.79,Active
1278,PROD-001278,763,Atlas Product 1278,Packaging,Standard,Meter,123.17,282.49,Active
1279,PROD-001279,599,Atlas Product 1279,Electronics,Premium,Liter,453.54,1100.84,Active
1280,PROD-001280,853,Atlas Product 1280,Industrial Equipment,Premium,Each,445.0,674.47,Active
1281,PROD-001281,569,Atlas Product 1281,Packaging,Specialty,Kg,49.31,81.52,Active
1282,PROD-001282,118,Atlas Product 1282,Electronics,Standard,Meter,394.51,682.12,Active
1283,PROD-001283,605,Atlas Product 1283,Packaging,Premium,Meter,437.39,628.56,Active
1284,PROD-001284,421,Atlas Product 1284,Electronics,Standard,Liter,326.5,442.57,Active
1285,PROD-001285,930,Atlas Product 1285,Raw Materials,Premium,Meter,12.27,17.35,Active
1286,PROD-001286,200,Atlas Product 1286,Components,Specialty,Kg,476.41,772.83,Active
1287,PROD-001287,417,Atlas Product 1287,Raw Materials,Standard,Liter,476.91,714.2,Active
1288,PROD-001288,844,Atlas Product 1288,Raw Materials,Premium,Liter,29.98,58.69,Active
1289,PROD-001289,263,Atlas Product 1289,Raw Materials,Premium,Each,67.76,137.1,Active
1290,PROD-001290,135,Atlas Product 1290,Electronics,Specialty,Liter,467.09,957.28,Active
1291,PROD-001291,446,Atlas Product 1291,Electronics,Premium,Liter,170.54,417.39,Active
1292,PROD-001292,888,Atlas Product 1292,Raw Materials,Specialty,Each,206.33,428.11,Active
1293,PROD-001293,76,Atlas Product 1293,Components,Specialty,Liter,10.96,19.16,Active
1294,PROD-001294,978,Atlas Product 1294,Industrial Equipment,Specialty,Liter,237.59,383.03,Active
1295,PROD-001295,98,Atlas Product 1295,Components,Specialty,Each,432.65,559.18,Active
1296,PROD-001296,583,Atlas Product 1296,Industrial Equipment,Premium,Meter,89.47,144.74,Active
1297,PROD-001297,781,Atlas Product 1297,Packaging,Specialty,Kg,227.43,441.3,Active
1298,PROD-001298,721,Atlas Product 1298,Raw Materials,Standard,Each,330.0,507.02,Active
1299,PROD-001299,453,Atlas Product 1299,Electronics,Standard,Meter,413.87,977.77,Active
1300,PROD-001300,67,Atlas Product 1300,Electronics,Specialty,Each,27.33,50.19,Active
1301,PROD-001301,718,Atlas Product 1301,Industrial Equipment,Specialty,Each,465.55,1034.68,Active
1302,PROD-001302,287,Atlas Product 1302,Packaging,Premium,Each,119.97,258.8,Active
1303,PROD-001303,630,Atlas Product 1303,Packaging,Premium,Each,412.55,808.69,Active
1304,PROD-001304,823,Atlas Product 1304,Industrial Equipment,Standard,Meter,381.5,568.25,Active
1305,PROD-001305,834,Atlas Product 1305,Electronics,Premium,Meter,153.7,218.22,Active
1306,PROD-001306,859,Atlas Product 1306,Electronics,Premium,Kg,316.49,683.94,Active
1307,PROD-001307,408,Atlas Product 1307,Components,Premium,Meter,59.71,83.16,Active
1308,PROD-001308,635,Atlas Product 1308,Electronics,Specialty,Each,42.13,75.13,Active
1309,PROD-001309,179,Atlas Product 1309,Components,Specialty,Liter,281.29,553.62,Active
1310,PROD-001310,927,Atlas Product 1310,Raw Materials,Standard,Kg,347.75,456.03,Active
1311,PROD-001311,910,Atlas Product 1311,Raw Materials,Premium,Each,168.73,213.31,Active
1312,PROD-001312,35,Atlas Product 1312,Packaging,Premium,Kg,438.57,673.38,Active
1313,PROD-001313,114,Atlas Product 1313,Components,Specialty,Liter,469.58,1086.3,Active
1314,PROD-001314,867,Atlas Product 1314,Industrial Equipment,Premium,Liter,428.17,584.32,Active
1315,PROD-001315,682,Atlas Product 1315,Components,Premium,Kg,477.56,652.29,Active
1316,PROD-001316,968,Atlas Product 1316,Components,Specialty,Each,321.58,671.03,Active
1317,PROD-001317,836,Atlas Product 1317,Components,Standard,Each,104.76,197.56,Active
1318,PROD-001318,766,Atlas Product 1318,Packaging,Specialty,Meter,201.22,356.41,Active
1319,PROD-001319,425,Atlas Product 1319,Electronics,Specialty,Each,481.78,1012.27,Inactive
1320,PROD-001320,886,Atlas Product 1320,Packaging,Premium,Kg,279.05,421.55,Inactive
1321,PROD-001321,1000,Atlas Product 1321,Packaging,Premium,Liter,29.91,55.52,Active
1322,PROD-001322,401,Atlas Product 1322,Packaging,Premium,Kg,497.51,1092.97,Active
1323,PROD-001323,771,Atlas Product 1323,Raw Materials,Premium,Meter,171.23,331.98,Inactive
1324,PROD-001324,759,Atlas Product 1324,Packaging,Standard,Liter,356.31,832.99,Active
1325,PROD-001325,840,Atlas Product 1325,Industrial Equipment,Specialty,Each,64.89,118.68,Active
1326,PROD-001326,323,Atlas Product 1326,Industrial Equipment,Standard,Liter,132.34,262.33,Active
1327,PROD-001327,318,Atlas Product 1327,Raw Materials,Premium,Liter,326.69,736.37,Active
1328,PROD-001328,558,Atlas Product 1328,Industrial Equipment,Specialty,Liter,462.15,720.64,Active
1329,PROD-001329,28,Atlas Product 1329,Raw Materials,Specialty,Kg,61.02,124.5,Active
1330,PROD-001330,744,Atlas Product 1330,Raw Materials,Standard,Meter,182.48,390.51,Active
1331,PROD-001331,809,Atlas Product 1331,Electronics,Standard,Each,381.62,506.5,Active
1332,PROD-001332,110,Atlas Product 1332,Packaging,Standard,Liter,42.24,53.43,Inactive
1333,PROD-001333,797,Atlas Product 1333,Industrial Equipment,Standard,Meter,297.41,671.39,Active
1334,PROD-001334,318,Atlas Product 1334,Electronics,Standard,Meter,169.67,374.92,Active
1335,PROD-001335,270,Atlas Product 1335,Electronics,Specialty,Kg,34.06,68.69,Active
1336,PROD-001336,152,Atlas Product 1336,Electronics,Specialty,Each,312.8,530.63,Active
1337,PROD-001337,333,Atlas Product 1337,Packaging,Premium,Liter,183.86,358.91,Active
1338,PROD-001338,596,Atlas Product 1338,Industrial Equipment,Standard,Meter,340.25,597.74,Active
1339,PROD-001339,86,Atlas Product 1339,Components,Premium,Meter,311.41,585.23,Active
1340,PROD-001340,749,Atlas Product 1340,Raw Materials,Premium,Kg,220.82,327.18,Active
1341,PROD-001341,798,Atlas Product 1341,Packaging,Premium,Liter,442.42,723.44,Active
1342,PROD-001342,144,Atlas Product 1342,Electronics,Premium,Kg,113.67,147.09,Active
1343,PROD-001343,791,Atlas Product 1343,Industrial Equipment,Standard,Kg,490.44,738.28,Active
1344,PROD-001344,588,Atlas Product 1344,Components,Premium,Meter,80.02,158.25,Active
1345,PROD-001345,240,Atlas Product 1345,Industrial Equipment,Standard,Each,477.52,673.85,Active
1346,PROD-001346,52,Atlas Product 1346,Components,Standard,Kg,431.94,885.94,Active
1347,PROD-001347,126,Atlas Product 1347,Components,Premium,Kg,259.84,480.1,Active
1348,PROD-001348,215,Atlas Product 1348,Raw Materials,Standard,Meter,447.82,999.9,Active
1349,PROD-001349,736,Atlas Product 1349,Industrial Equipment,Standard,Each,286.71,447.44,Active
1350,PROD-001350,915,Atlas Product 1350,Packaging,Specialty,Meter,156.7,368.69,Active
1351,PROD-001351,976,Atlas Product 1351,Raw Materials,Standard,Kg,494.85,933.27,Inactive
1352,PROD-001352,226,Atlas Product 1352,Raw Materials,Specialty,Kg,70.74,88.44,Active
1353,PROD-001353,395,Atlas Product 1353,Components,Premium,Liter,181.97,308.47,Active
1354,PROD-001354,792,Atlas Product 1354,Components,Premium,Meter,379.5,702.54,Active
1355,PROD-001355,46,Atlas Product 1355,Industrial Equipment,Specialty,Each,100.11,192.02,Active
1356,PROD-001356,471,Atlas Product 1356,Raw Materials,Standard,Kg,288.77,396.67,Active
1357,PROD-001357,330,Atlas Product 1357,Raw Materials,Standard,Liter,45.26,60.26,Active
1358,PROD-001358,883,Atlas Product 1358,Packaging,Premium,Each,23.26,42.22,Active
1359,PROD-001359,374,Atlas Product 1359,Packaging,Premium,Kg,315.33,450.15,Active
1360,PROD-001360,759,Atlas Product 1360,Electronics,Standard,Liter,46.26,70.04,Active
1361,PROD-001361,936,Atlas Product 1361,Packaging,Premium,Each,477.49,1155.58,Active
1362,PROD-001362,227,Atlas Product 1362,Raw Materials,Premium,Meter,152.99,268.01,Active
1363,PROD-001363,246,Atlas Product 1363,Components,Premium,Liter,371.65,712.28,Active
1364,PROD-001364,17,Atlas Product 1364,Packaging,Standard,Kg,13.36,26.16,Active
1365,PROD-001365,493,Atlas Product 1365,Electronics,Specialty,Each,321.37,609.3,Active
1366,PROD-001366,907,Atlas Product 1366,Electronics,Premium,Meter,114.2,282.7,Active
1367,PROD-001367,959,Atlas Product 1367,Electronics,Standard,Each,209.26,384.32,Inactive
1368,PROD-001368,294,Atlas Product 1368,Electronics,Premium,Kg,292.29,507.0,Active
1369,PROD-001369,759,Atlas Product 1369,Packaging,Standard,Each,274.65,443.45,Active
1370,PROD-001370,649,Atlas Product 1370,Components,Specialty,Meter,119.09,255.74,Active
1371,PROD-001371,759,Atlas Product 1371,Industrial Equipment,Specialty,Meter,18.88,32.74,Inactive
1372,PROD-001372,240,Atlas Product 1372,Raw Materials,Specialty,Each,442.51,1004.92,Inactive
1373,PROD-001373,612,Atlas Product 1373,Packaging,Premium,Meter,96.31,145.19,Active
1374,PROD-001374,175,Atlas Product 1374,Industrial Equipment,Specialty,Meter,445.16,570.85,Active
1375,PROD-001375,72,Atlas Product 1375,Electronics,Premium,Kg,426.52,951.41,Active
1376,PROD-001376,647,Atlas Product 1376,Raw Materials,Specialty,Liter,19.91,25.03,Active
1377,PROD-001377,30,Atlas Product 1377,Packaging,Premium,Each,426.55,950.02,Active
1378,PROD-001378,567,Atlas Product 1378,Raw Materials,Specialty,Each,49.91,108.98,Active
1379,PROD-001379,398,Atlas Product 1379,Packaging,Standard,Kg,317.24,686.42,Inactive
1380,PROD-001380,355,Atlas Product 1380,Electronics,Specialty,Kg,199.29,322.66,Inactive
1381,PROD-001381,643,Atlas Product 1381,Raw Materials,Specialty,Meter,267.13,486.22,Active
1382,PROD-001382,18,Atlas Product 1382,Components,Premium,Each,20.14,41.23,Active
1383,PROD-001383,605,Atlas Product 1383,Raw Materials,Specialty,Meter,273.17,393.52,Active
1384,PROD-001384,489,Atlas Product 1384,Packaging,Specialty,Meter,437.83,958.61,Active
1385,PROD-001385,214,Atlas Product 1385,Electronics,Specialty,Meter,372.61,717.63,Active
1386,PROD-001386,973,Atlas Product 1386,Raw Materials,Standard,Meter,411.54,693.4,Active
1387,PROD-001387,769,Atlas Product 1387,Raw Materials,Specialty,Liter,433.76,600.33,Active
1388,PROD-001388,300,Atlas Product 1388,Electronics,Premium,Kg,240.13,330.38,Active
1389,PROD-001389,23,Atlas Product 1389,Electronics,Standard,Liter,272.31,414.64,Active
1390,PROD-001390,698,Atlas Product 1390,Packaging,Premium,Liter,461.98,1151.78,Active
1391,PROD-001391,164,Atlas Product 1391,Industrial Equipment,Specialty,Each,459.0,818.26,Active
1392,PROD-001392,86,Atlas Product 1392,Components,Premium,Kg,74.58,147.1,Active
1393,PROD-001393,511,Atlas Product 1393,Packaging,Premium,Liter,489.35,992.68,Inactive
1394,PROD-001394,918,Atlas Product 1394,Industrial Equipment,Standard,Kg,335.42,678.67,Active
1395,PROD-001395,221,Atlas Product 1395,Components,Standard,Kg,226.1,424.42,Active
1396,PROD-001396,256,Atlas Product 1396,Packaging,Premium,Each,29.09,63.26,Active
1397,PROD-001397,28,Atlas Product 1397,Components,Premium,Kg,469.07,1038.87,Inactive
1398,PROD-001398,201,Atlas Product 1398,Packaging,Premium,Meter,160.81,334.17,Active
1399,PROD-001399,752,Atlas Product 1399,Packaging,Standard,Meter,422.2,631.25,Active
1400,PROD-001400,124,Atlas Product 1400,Raw Materials,Premium,Kg,285.91,608.72,Active
1401,PROD-001401,289,Atlas Product 1401,Industrial Equipment,Standard,Liter,316.62,634.48,Active
1402,PROD-001402,920,Atlas Product 1402,Raw Materials,Standard,Meter,263.17,394.61,Inactive
1403,PROD-001403,713,Atlas Product 1403,Electronics,Standard,Each,90.03,185.24,Active
1404,PROD-001404,174,Atlas Product 1404,Components,Specialty,Meter,58.69,79.66,Active
1405,PROD-001405,929,Atlas Product 1405,Raw Materials,Standard,Liter,105.35,194.76,Active
1406,PROD-001406,214,Atlas Product 1406,Electronics,Standard,Liter,446.63,816.09,Active
1407,PROD-001407,927,Atlas Product 1407,Raw Materials,Standard,Each,342.88,650.25,Active
1408,PROD-001408,949,Atlas Product 1408,Electronics,Standard,Each,313.8,705.51,Active
1409,PROD-001409,507,Atlas Product 1409,Industrial Equipment,Standard,Meter,64.95,106.26,Inactive
1410,PROD-001410,6,Atlas Product 1410,Raw Materials,Premium,Liter,170.45,325.13,Active
1411,PROD-001411,931,Atlas Product 1411,Raw Materials,Standard,Kg,214.19,426.29,Active
1412,PROD-001412,815,Atlas Product 1412,Components,Standard,Meter,194.73,348.19,Active
1413,PROD-001413,402,Atlas Product 1413,Packaging,Standard,Kg,252.54,628.08,Active
1414,PROD-001414,239,Atlas Product 1414,Industrial Equipment,Specialty,Meter,166.14,377.52,Active
1415,PROD-001415,721,Atlas Product 1415,Industrial Equipment,Standard,Meter,479.5,1138.35,Active
1416,PROD-001416,189,Atlas Product 1416,Raw Materials,Specialty,Liter,202.73,278.82,Active
1417,PROD-001417,177,Atlas Product 1417,Packaging,Specialty,Liter,361.74,631.33,Active
1418,PROD-001418,112,Atlas Product 1418,Components,Standard,Kg,98.46,210.73,Inactive
1419,PROD-001419,543,Atlas Product 1419,Industrial Equipment,Premium,Kg,210.36,447.04,Active
1420,PROD-001420,462,Atlas Product 1420,Industrial Equipment,Premium,Meter,236.39,478.06,Inactive
1421,PROD-001421,50,Atlas Product 1421,Packaging,Specialty,Each,382.5,732.17,Active
1422,PROD-001422,323,Atlas Product 1422,Raw Materials,Premium,Kg,156.98,367.4,Active
1423,PROD-001423,365,Atlas Product 1423,Packaging,Standard,Liter,309.16,721.11,Active
1424,PROD-001424,229,Atlas Product 1424,Components,Premium,Liter,211.09,446.05,Active
1425,PROD-001425,523,Atlas Product 1425,Components,Specialty,Meter,416.92,854.82,Inactive
1426,PROD-001426,211,Atlas Product 1426,Components,Premium,Liter,396.73,762.7,Active
1427,PROD-001427,260,Atlas Product 1427,Raw Materials,Premium,Each,272.43,393.17,Inactive
1428,PROD-001428,396,Atlas Product 1428,Components,Premium,Kg,93.41,123.06,Active
1429,PROD-001429,187,Atlas Product 1429,Packaging,Specialty,Meter,498.85,694.08,Active
1430,PROD-001430,863,Atlas Product 1430,Packaging,Standard,Meter,300.87,646.04,Active
1431,PROD-001431,713,Atlas Product 1431,Industrial Equipment,Standard,Liter,141.54,198.72,Active
1432,PROD-001432,957,Atlas Product 1432,Components,Standard,Meter,94.32,222.87,Active
1433,PROD-001433,631,Atlas Product 1433,Raw Materials,Premium,Kg,334.52,663.47,Active
1434,PROD-001434,103,Atlas Product 1434,Components,Premium,Meter,318.07,662.31,Active
1435,PROD-001435,417,Atlas Product 1435,Raw Materials,Specialty,Meter,368.81,602.48,Active
1436,PROD-001436,280,Atlas Product 1436,Components,Premium,Meter,227.06,371.67,Active
1437,PROD-001437,174,Atlas Product 1437,Packaging,Premium,Liter,327.55,738.13,Active
1438,PROD-001438,107,Atlas Product 1438,Raw Materials,Premium,Kg,398.76,981.09,Active
1439,PROD-001439,919,Atlas Product 1439,Components,Premium,Each,46.0,79.76,Active
1440,PROD-001440,669,Atlas Product 1440,Packaging,Standard,Meter,155.68,362.29,Active
1441,PROD-001441,420,Atlas Product 1441,Industrial Equipment,Premium,Each,134.07,319.35,Active
1442,PROD-001442,846,Atlas Product 1442,Packaging,Specialty,Kg,150.1,212.76,Active
1443,PROD-001443,263,Atlas Product 1443,Packaging,Standard,Each,382.35,770.58,Active
1444,PROD-001444,11,Atlas Product 1444,Components,Standard,Meter,29.78,50.19,Inactive
1445,PROD-001445,178,Atlas Product 1445,Electronics,Standard,Meter,310.43,400.04,Active
1446,PROD-001446,495,Atlas Product 1446,Industrial Equipment,Specialty,Liter,22.42,46.86,Inactive
1447,PROD-001447,264,Atlas Product 1447,Raw Materials,Specialty,Liter,208.73,454.51,Active
1448,PROD-001448,64,Atlas Product 1448,Electronics,Premium,Liter,311.1,622.51,Active
1449,PROD-001449,400,Atlas Product 1449,Industrial Equipment,Standard,Liter,250.89,473.69,Active
1450,PROD-001450,937,Atlas Product 1450,Raw Materials,Specialty,Liter,201.45,488.54,Active
1451,PROD-001451,390,Atlas Product 1451,Packaging,Specialty,Kg,248.12,360.82,Active
1452,PROD-001452,205,Atlas Product 1452,Electronics,Specialty,Kg,180.21,442.33,Active
1453,PROD-001453,427,Atlas Product 1453,Industrial Equipment,Premium,Kg,183.26,359.89,Active
1454,PROD-001454,639,Atlas Product 1454,Components,Standard,Liter,437.86,1045.01,Active
1455,PROD-001455,217,Atlas Product 1455,Electronics,Premium,Meter,272.25,643.65,Active
1456,PROD-001456,370,Atlas Product 1456,Electronics,Premium,Each,61.21,81.16,Active
1457,PROD-001457,628,Atlas Product 1457,Electronics,Specialty,Each,37.47,77.54,Active
1458,PROD-001458,396,Atlas Product 1458,Electronics,Standard,Each,150.71,306.84,Active
1459,PROD-001459,941,Atlas Product 1459,Components,Premium,Meter,405.88,694.57,Active
1460,PROD-001460,338,Atlas Product 1460,Raw Materials,Specialty,Meter,115.19,193.95,Active
1461,PROD-001461,760,Atlas Product 1461,Electronics,Standard,Kg,292.84,571.09,Active
1462,PROD-001462,392,Atlas Product 1462,Raw Materials,Premium,Kg,198.6,406.07,Active
1463,PROD-001463,776,Atlas Product 1463,Packaging,Specialty,Liter,40.33,58.46,Active
1464,PROD-001464,501,Atlas Product 1464,Components,Premium,Meter,323.94,755.5,Inactive
1465,PROD-001465,712,Atlas Product 1465,Industrial Equipment,Specialty,Meter,426.21,801.77,Active
1466,PROD-001466,545,Atlas Product 1466,Packaging,Standard,Liter,61.36,104.77,Active
1467,PROD-001467,489,Atlas Product 1467,Electronics,Specialty,Liter,178.13,408.18,Active
1468,PROD-001468,799,Atlas Product 1468,Industrial Equipment,Premium,Kg,303.31,708.53,Active
1469,PROD-001469,44,Atlas Product 1469,Raw Materials,Standard,Meter,240.12,317.11,Active
1470,PROD-001470,671,Atlas Product 1470,Packaging,Standard,Kg,18.84,34.89,Active
1471,PROD-001471,77,Atlas Product 1471,Components,Standard,Kg,363.73,772.73,Active
1472,PROD-001472,682,Atlas Product 1472,Industrial Equipment,Premium,Meter,352.06,583.28,Active
1473,PROD-001473,287,Atlas Product 1473,Electronics,Premium,Each,451.08,924.61,Active
1474,PROD-001474,825,Atlas Product 1474,Components,Standard,Meter,119.46,179.6,Active
1475,PROD-001475,574,Atlas Product 1475,Packaging,Premium,Liter,485.14,760.66,Active
1476,PROD-001476,361,Atlas Product 1476,Packaging,Specialty,Kg,294.31,601.66,Active
1477,PROD-001477,832,Atlas Product 1477,Packaging,Standard,Kg,81.77,138.04,Active
1478,PROD-001478,952,Atlas Product 1478,Components,Specialty,Meter,485.9,993.66,Active
1479,PROD-001479,317,Atlas Product 1479,Components,Specialty,Liter,306.72,520.86,Active
1480,PROD-001480,516,Atlas Product 1480,Industrial Equipment,Standard,Meter,393.19,601.13,Active
1481,PROD-001481,791,Atlas Product 1481,Components,Standard,Meter,465.25,633.31,Active
1482,PROD-001482,244,Atlas Product 1482,Industrial Equipment,Standard,Kg,218.47,533.8,Active
1483,PROD-001483,224,Atlas Product 1483,Packaging,Premium,Each,497.95,1177.06,Active
1484,PROD-001484,53,Atlas Product 1484,Packaging,Premium,Meter,373.63,802.97,Active
1485,PROD-001485,101,Atlas Product 1485,Electronics,Premium,Each,494.28,879.24,Active
1486,PROD-001486,864,Atlas Product 1486,Raw Materials,Standard,Each,237.77,469.34,Active
1487,PROD-001487,948,Atlas Product 1487,Industrial Equipment,Specialty,Liter,403.7,724.68,Active
1488,PROD-001488,438,Atlas Product 1488,Packaging,Standard,Kg,400.72,966.05,Active
1489,PROD-001489,372,Atlas Product 1489,Components,Premium,Kg,402.83,678.17,Active
1490,PROD-001490,507,Atlas Product 1490,Industrial Equipment,Standard,Liter,140.63,267.39,Active
1491,PROD-001491,949,Atlas Product 1491,Electronics,Premium,Meter,178.92,319.49,Active
1492,PROD-001492,197,Atlas Product 1492,Components,Premium,Liter,299.84,642.69,Inactive
1493,PROD-001493,160,Atlas Product 1493,Packaging,Premium,Meter,389.54,630.92,Active
1494,PROD-001494,572,Atlas Product 1494,Electronics,Standard,Liter,400.12,926.32,Active
1495,PROD-001495,109,Atlas Product 1495,Packaging,Premium,Liter,277.94,425.87,Active
1496,PROD-001496,400,Atlas Product 1496,Electronics,Specialty,Kg,281.06,605.55,Inactive
1497,PROD-001497,300,Atlas Product 1497,Raw Materials,Specialty,Kg,91.52,176.01,Active
1498,PROD-001498,326,Atlas Product 1498,Electronics,Premium,Each,442.65,821.23,Active
1499,PROD-001499,673,Atlas Product 1499,Electronics,Specialty,Each,358.59,777.57,Active
1500,PROD-001500,719,Atlas Product 1500,Electronics,Standard,Liter,234.68,565.98,Active
1501,PROD-001501,724,Atlas Product 1501,Electronics,Premium,Liter,432.55,791.62,Active
1502,PROD-001502,420,Atlas Product 1502,Components,Premium,Kg,480.42,753.64,Active
1503,PROD-001503,350,Atlas Product 1503,Components,Premium,Each,139.39,212.7,Active
1504,PROD-001504,641,Atlas Product 1504,Industrial Equipment,Premium,Meter,135.25,175.24,Active
1505,PROD-001505,701,Atlas Product 1505,Packaging,Specialty,Kg,384.58,568.18,Active
1506,PROD-001506,456,Atlas Product 1506,Electronics,Standard,Meter,323.02,745.77,Active
1507,PROD-001507,392,Atlas Product 1507,Industrial Equipment,Specialty,Kg,153.13,254.69,Active
1508,PROD-001508,814,Atlas Product 1508,Raw Materials,Standard,Kg,185.35,405.93,Active
1509,PROD-001509,770,Atlas Product 1509,Electronics,Specialty,Meter,155.47,310.31,Active
1510,PROD-001510,611,Atlas Product 1510,Packaging,Standard,Meter,256.54,564.41,Active
1511,PROD-001511,398,Atlas Product 1511,Components,Standard,Liter,11.99,19.87,Active
1512,PROD-001512,439,Atlas Product 1512,Packaging,Premium,Liter,278.68,661.28,Active
1513,PROD-001513,282,Atlas Product 1513,Industrial Equipment,Premium,Kg,406.1,649.55,Active
1514,PROD-001514,291,Atlas Product 1514,Raw Materials,Specialty,Meter,10.87,17.7,Active
1515,PROD-001515,522,Atlas Product 1515,Raw Materials,Standard,Kg,453.39,1003.33,Active
1516,PROD-001516,437,Atlas Product 1516,Raw Materials,Specialty,Kg,117.26,179.62,Active
1517,PROD-001517,820,Atlas Product 1517,Packaging,Premium,Each,36.27,80.16,Active
1518,PROD-001518,994,Atlas Product 1518,Components,Standard,Kg,308.61,631.01,Active
1519,PROD-001519,645,Atlas Product 1519,Raw Materials,Standard,Meter,237.12,507.88,Active
1520,PROD-001520,341,Atlas Product 1520,Packaging,Specialty,Liter,116.4,225.63,Active
1521,PROD-001521,952,Atlas Product 1521,Packaging,Standard,Liter,70.46,141.28,Active
1522,PROD-001522,25,Atlas Product 1522,Raw Materials,Specialty,Liter,228.57,434.38,Active
1523,PROD-001523,244,Atlas Product 1523,Raw Materials,Premium,Meter,353.32,660.59,Active
1524,PROD-001524,19,Atlas Product 1524,Electronics,Premium,Meter,47.09,63.61,Active
1525,PROD-001525,507,Atlas Product 1525,Industrial Equipment,Premium,Liter,166.02,221.51,Inactive
1526,PROD-001526,630,Atlas Product 1526,Electronics,Standard,Kg,227.91,287.01,Active
1527,PROD-001527,677,Atlas Product 1527,Electronics,Premium,Each,350.52,613.97,Active
1528,PROD-001528,30,Atlas Product 1528,Packaging,Premium,Liter,325.06,774.64,Active
1529,PROD-001529,207,Atlas Product 1529,Components,Specialty,Each,124.93,273.63,Active
1530,PROD-001530,47,Atlas Product 1530,Packaging,Premium,Meter,317.56,399.13,Active
1531,PROD-001531,541,Atlas Product 1531,Packaging,Specialty,Kg,440.66,601.6,Active
1532,PROD-001532,675,Atlas Product 1532,Industrial Equipment,Premium,Meter,83.97,156.21,Active
1533,PROD-001533,851,Atlas Product 1533,Components,Specialty,Kg,444.42,627.05,Active
1534,PROD-001534,633,Atlas Product 1534,Packaging,Premium,Kg,234.18,449.19,Active
1535,PROD-001535,972,Atlas Product 1535,Industrial Equipment,Premium,Kg,115.28,146.8,Active
1536,PROD-001536,725,Atlas Product 1536,Industrial Equipment,Specialty,Each,331.81,734.77,Active
1537,PROD-001537,978,Atlas Product 1537,Raw Materials,Specialty,Kg,168.99,363.15,Active
1538,PROD-001538,925,Atlas Product 1538,Packaging,Standard,Each,173.2,432.12,Active
1539,PROD-001539,544,Atlas Product 1539,Components,Standard,Meter,174.59,313.36,Active
1540,PROD-001540,478,Atlas Product 1540,Industrial Equipment,Premium,Each,399.14,509.74,Active
1541,PROD-001541,329,Atlas Product 1541,Raw Materials,Premium,Each,407.15,853.66,Active
1542,PROD-001542,893,Atlas Product 1542,Components,Specialty,Liter,217.85,468.75,Active
1543,PROD-001543,493,Atlas Product 1543,Industrial Equipment,Standard,Meter,469.92,977.57,Active
1544,PROD-001544,585,Atlas Product 1544,Packaging,Standard,Meter,300.2,652.02,Active
1545,PROD-001545,753,Atlas Product 1545,Raw Materials,Specialty,Liter,397.17,982.28,Active
1546,PROD-001546,880,Atlas Product 1546,Components,Specialty,Each,162.71,230.0,Active
1547,PROD-001547,732,Atlas Product 1547,Components,Standard,Kg,267.91,410.49,Active
1548,PROD-001548,990,Atlas Product 1548,Industrial Equipment,Premium,Each,471.56,968.61,Active
1549,PROD-001549,350,Atlas Product 1549,Raw Materials,Standard,Kg,358.9,523.65,Active
1550,PROD-001550,232,Atlas Product 1550,Industrial Equipment,Premium,Each,497.5,771.88,Active
1551,PROD-001551,536,Atlas Product 1551,Electronics,Standard,Each,159.64,277.46,Active
1552,PROD-001552,727,Atlas Product 1552,Electronics,Premium,Each,69.49,128.94,Inactive
1553,PROD-001553,74,Atlas Product 1553,Industrial Equipment,Premium,Kg,306.79,409.26,Active
1554,PROD-001554,882,Atlas Product 1554,Electronics,Specialty,Liter,451.11,993.35,Active
1555,PROD-001555,394,Atlas Product 1555,Components,Specialty,Each,350.7,834.61,Active
1556,PROD-001556,28,Atlas Product 1556,Components,Standard,Kg,439.1,678.15,Active
1557,PROD-001557,468,Atlas Product 1557,Components,Specialty,Meter,275.68,562.73,Active
1558,PROD-001558,14,Atlas Product 1558,Raw Materials,Premium,Each,151.46,359.26,Active
1559,PROD-001559,727,Atlas Product 1559,Raw Materials,Specialty,Liter,309.66,480.83,Active
1560,PROD-001560,213,Atlas Product 1560,Packaging,Specialty,Meter,49.41,99.03,Inactive
1561,PROD-001561,483,Atlas Product 1561,Components,Premium,Kg,355.87,544.46,Active
1562,PROD-001562,164,Atlas Product 1562,Components,Premium,Meter,246.18,318.92,Active
1563,PROD-001563,48,Atlas Product 1563,Components,Specialty,Kg,96.35,239.99,Inactive
1564,PROD-001564,454,Atlas Product 1564,Electronics,Standard,Meter,125.02,279.73,Active
1565,PROD-001565,283,Atlas Product 1565,Components,Specialty,Liter,122.28,271.33,Active
1566,PROD-001566,902,Atlas Product 1566,Packaging,Specialty,Meter,41.98,61.15,Active
1567,PROD-001567,593,Atlas Product 1567,Electronics,Specialty,Meter,22.06,38.53,Active
1568,PROD-001568,892,Atlas Product 1568,Electronics,Standard,Meter,402.79,880.81,Active
1569,PROD-001569,619,Atlas Product 1569,Electronics,Standard,Kg,265.23,438.32,Active
1570,PROD-001570,114,Atlas Product 1570,Industrial Equipment,Specialty,Each,476.85,732.16,Active
1571,PROD-001571,800,Atlas Product 1571,Raw Materials,Standard,Meter,323.01,476.43,Active
1572,PROD-001572,863,Atlas Product 1572,Packaging,Specialty,Meter,17.82,29.46,Active
1573,PROD-001573,54,Atlas Product 1573,Electronics,Specialty,Each,263.55,403.97,Active
1574,PROD-001574,155,Atlas Product 1574,Packaging,Standard,Kg,455.41,850.83,Active
1575,PROD-001575,789,Atlas Product 1575,Components,Specialty,Each,324.54,695.63,Active
1576,PROD-001576,349,Atlas Product 1576,Components,Premium,Liter,342.1,779.85,Active
1577,PROD-001577,54,Atlas Product 1577,Raw Materials,Specialty,Liter,342.13,576.78,Active
1578,PROD-001578,611,Atlas Product 1578,Electronics,Specialty,Liter,130.51,258.13,Active
1579,PROD-001579,733,Atlas Product 1579,Packaging,Standard,Kg,262.71,474.6,Active
1580,PROD-001580,280,Atlas Product 1580,Packaging,Standard,Each,111.72,221.54,Active
1581,PROD-001581,802,Atlas Product 1581,Industrial Equipment,Premium,Kg,366.05,677.77,Active
1582,PROD-001582,286,Atlas Product 1582,Raw Materials,Premium,Meter,220.75,298.29,Active
1583,PROD-001583,498,Atlas Product 1583,Raw Materials,Premium,Meter,30.42,40.11,Active
1584,PROD-001584,291,Atlas Product 1584,Raw Materials,Specialty,Each,198.7,269.0,Active
1585,PROD-001585,342,Atlas Product 1585,Electronics,Specialty,Liter,56.67,98.93,Active
1586,PROD-001586,449,Atlas Product 1586,Packaging,Premium,Each,43.59,75.23,Active
1587,PROD-001587,555,Atlas Product 1587,Packaging,Standard,Kg,312.26,762.05,Active
1588,PROD-001588,46,Atlas Product 1588,Industrial Equipment,Standard,Liter,448.76,564.28,Active
1589,PROD-001589,454,Atlas Product 1589,Raw Materials,Specialty,Each,252.61,329.12,Inactive
1590,PROD-001590,612,Atlas Product 1590,Packaging,Specialty,Kg,363.35,719.5,Active
1591,PROD-001591,845,Atlas Product 1591,Raw Materials,Premium,Kg,328.62,789.79,Active
1592,PROD-001592,377,Atlas Product 1592,Industrial Equipment,Premium,Meter,488.77,829.3,Active
1593,PROD-001593,1,Atlas Product 1593,Components,Standard,Each,41.61,81.41,Active
1594,PROD-001594,618,Atlas Product 1594,Raw Materials,Standard,Meter,154.02,327.69,Active
1595,PROD-001595,152,Atlas Product 1595,Industrial Equipment,Specialty,Kg,364.78,767.27,Active
1596,PROD-001596,143,Atlas Product 1596,Packaging,Standard,Kg,222.93,430.28,Active
1597,PROD-001597,974,Atlas Product 1597,Electronics,Premium,Meter,476.02,1122.74,Active
1598,PROD-001598,723,Atlas Product 1598,Raw Materials,Standard,Meter,56.06,135.49,Active
1599,PROD-001599,315,Atlas Product 1599,Packaging,Premium,Meter,74.44,168.78,Active
1600,PROD-001600,481,Atlas Product 1600,Electronics,Standard,Meter,321.27,781.56,Active
1601,PROD-001601,925,Atlas Product 1601,Raw Materials,Premium,Kg,136.58,232.25,Active
1602,PROD-001602,106,Atlas Product 1602,Electronics,Standard,Liter,281.02,533.96,Active
1603,PROD-001603,694,Atlas Product 1603,Industrial Equipment,Specialty,Liter,233.72,488.84,Active
1604,PROD-001604,663,Atlas Product 1604,Components,Standard,Each,355.53,533.04,Active
1605,PROD-001605,34,Atlas Product 1605,Electronics,Standard,Meter,202.74,267.8,Active
1606,PROD-001606,629,Atlas Product 1606,Components,Specialty,Meter,317.36,467.44,Active
1607,PROD-001607,341,Atlas Product 1607,Raw Materials,Standard,Meter,170.99,244.91,Active
1608,PROD-001608,810,Atlas Product 1608,Industrial Equipment,Premium,Liter,330.4,692.52,Active
1609,PROD-001609,766,Atlas Product 1609,Electronics,Specialty,Liter,466.11,930.42,Inactive
1610,PROD-001610,905,Atlas Product 1610,Raw Materials,Standard,Kg,13.59,33.79,Active
1611,PROD-001611,601,Atlas Product 1611,Packaging,Standard,Kg,234.75,494.0,Active
1612,PROD-001612,629,Atlas Product 1612,Industrial Equipment,Specialty,Each,49.86,84.12,Active
1613,PROD-001613,884,Atlas Product 1613,Components,Specialty,Meter,103.34,243.52,Active
1614,PROD-001614,416,Atlas Product 1614,Industrial Equipment,Premium,Kg,421.06,916.02,Active
1615,PROD-001615,183,Atlas Product 1615,Packaging,Premium,Kg,118.13,169.54,Active
1616,PROD-001616,776,Atlas Product 1616,Raw Materials,Specialty,Kg,147.85,252.09,Active
1617,PROD-001617,486,Atlas Product 1617,Packaging,Premium,Each,186.43,405.26,Active
1618,PROD-001618,759,Atlas Product 1618,Packaging,Standard,Each,390.7,962.09,Active
1619,PROD-001619,728,Atlas Product 1619,Electronics,Specialty,Each,393.48,605.85,Active
1620,PROD-001620,893,Atlas Product 1620,Industrial Equipment,Premium,Kg,293.09,730.15,Active
1621,PROD-001621,858,Atlas Product 1621,Electronics,Specialty,Meter,205.38,330.66,Active
1622,PROD-001622,766,Atlas Product 1622,Packaging,Standard,Kg,205.61,404.01,Active
1623,PROD-001623,927,Atlas Product 1623,Industrial Equipment,Specialty,Liter,472.4,817.8,Active
1624,PROD-001624,608,Atlas Product 1624,Packaging,Premium,Liter,473.73,987.15,Active
1625,PROD-001625,417,Atlas Product 1625,Electronics,Premium,Meter,448.01,805.92,Active
1626,PROD-001626,570,Atlas Product 1626,Electronics,Standard,Meter,361.98,566.56,Active
1627,PROD-001627,947,Atlas Product 1627,Raw Materials,Premium,Liter,368.71,560.66,Active
1628,PROD-001628,577,Atlas Product 1628,Packaging,Standard,Kg,458.89,734.28,Active
1629,PROD-001629,359,Atlas Product 1629,Raw Materials,Premium,Each,129.54,314.37,Active
1630,PROD-001630,474,Atlas Product 1630,Electronics,Standard,Kg,270.66,467.1,Active
1631,PROD-001631,166,Atlas Product 1631,Raw Materials,Premium,Meter,482.0,1120.02,Inactive
1632,PROD-001632,691,Atlas Product 1632,Industrial Equipment,Standard,Kg,14.88,25.31,Active
1633,PROD-001633,748,Atlas Product 1633,Electronics,Specialty,Kg,131.53,283.05,Active
1634,PROD-001634,868,Atlas Product 1634,Components,Standard,Each,281.62,435.2,Active
1635,PROD-001635,984,Atlas Product 1635,Packaging,Standard,Meter,262.42,461.94,Active
1636,PROD-001636,212,Atlas Product 1636,Electronics,Standard,Meter,432.41,917.55,Active
1637,PROD-001637,517,Atlas Product 1637,Components,Premium,Meter,423.19,831.05,Inactive
1638,PROD-001638,621,Atlas Product 1638,Industrial Equipment,Standard,Meter,278.09,539.2,Active
1639,PROD-001639,696,Atlas Product 1639,Packaging,Specialty,Liter,47.72,96.99,Active
1640,PROD-001640,640,Atlas Product 1640,Packaging,Premium,Each,66.41,123.54,Active
1641,PROD-001641,718,Atlas Product 1641,Components,Standard,Meter,94.83,197.55,Active
1642,PROD-001642,755,Atlas Product 1642,Raw Materials,Standard,Liter,188.67,292.55,Active
1643,PROD-001643,260,Atlas Product 1643,Industrial Equipment,Premium,Each,40.07,77.13,Active
1644,PROD-001644,620,Atlas Product 1644,Components,Premium,Meter,157.02,351.44,Inactive
1645,PROD-001645,683,Atlas Product 1645,Raw Materials,Premium,Meter,419.63,672.12,Active
1646,PROD-001646,306,Atlas Product 1646,Components,Standard,Liter,49.19,114.1,Active
1647,PROD-001647,122,Atlas Product 1647,Raw Materials,Standard,Kg,486.64,613.03,Active
1648,PROD-001648,65,Atlas Product 1648,Components,Standard,Liter,402.55,747.01,Active
1649,PROD-001649,5,Atlas Product 1649,Components,Specialty,Kg,110.85,226.57,Active
1650,PROD-001650,343,Atlas Product 1650,Packaging,Premium,Kg,179.41,301.8,Inactive
1651,PROD-001651,612,Atlas Product 1651,Electronics,Premium,Kg,489.09,823.9,Active
1652,PROD-001652,351,Atlas Product 1652,Components,Premium,Each,331.83,444.17,Active
1653,PROD-001653,815,Atlas Product 1653,Electronics,Specialty,Kg,381.5,699.82,Active
1654,PROD-001654,594,Atlas Product 1654,Industrial Equipment,Premium,Kg,175.65,419.52,Active
1655,PROD-001655,38,Atlas Product 1655,Raw Materials,Standard,Meter,467.85,921.14,Active
1656,PROD-001656,722,Atlas Product 1656,Components,Specialty,Liter,150.88,348.15,Active
1657,PROD-001657,458,Atlas Product 1657,Industrial Equipment,Premium,Liter,369.82,847.32,Active
1658,PROD-001658,877,Atlas Product 1658,Industrial Equipment,Premium,Kg,11.28,25.01,Active
1659,PROD-001659,870,Atlas Product 1659,Packaging,Specialty,Each,408.38,840.21,Active
1660,PROD-001660,295,Atlas Product 1660,Industrial Equipment,Specialty,Meter,319.82,426.55,Active
1661,PROD-001661,710,Atlas Product 1661,Raw Materials,Premium,Each,27.4,59.48,Active
1662,PROD-001662,674,Atlas Product 1662,Industrial Equipment,Specialty,Each,156.85,362.81,Active
1663,PROD-001663,435,Atlas Product 1663,Components,Specialty,Kg,229.29,405.14,Active
1664,PROD-001664,201,Atlas Product 1664,Components,Specialty,Meter,32.46,70.65,Active
1665,PROD-001665,588,Atlas Product 1665,Electronics,Premium,Meter,109.13,170.81,Inactive
1666,PROD-001666,16,Atlas Product 1666,Packaging,Premium,Kg,406.05,666.43,Active
1667,PROD-001667,647,Atlas Product 1667,Components,Specialty,Each,440.03,659.87,Active
1668,PROD-001668,698,Atlas Product 1668,Packaging,Standard,Liter,203.4,256.04,Active
1669,PROD-001669,290,Atlas Product 1669,Electronics,Standard,Liter,431.82,859.77,Active
1670,PROD-001670,562,Atlas Product 1670,Packaging,Standard,Kg,102.67,237.88,Active
1671,PROD-001671,397,Atlas Product 1671,Packaging,Premium,Meter,291.59,495.32,Inactive
1672,PROD-001672,904,Atlas Product 1672,Electronics,Specialty,Meter,433.84,820.68,Active
1673,PROD-001673,73,Atlas Product 1673,Raw Materials,Standard,Liter,462.12,958.78,Active
1674,PROD-001674,612,Atlas Product 1674,Industrial Equipment,Standard,Kg,413.27,713.75,Inactive
1675,PROD-001675,449,Atlas Product 1675,Industrial Equipment,Standard,Liter,105.58,201.67,Active
1676,PROD-001676,856,Atlas Product 1676,Packaging,Specialty,Meter,331.76,827.65,Active
1677,PROD-001677,991,Atlas Product 1677,Industrial Equipment,Premium,Kg,436.05,857.44,Active
1678,PROD-001678,995,Atlas Product 1678,Electronics,Specialty,Meter,290.21,563.74,Active
1679,PROD-001679,405,Atlas Product 1679,Components,Specialty,Meter,219.85,374.65,Inactive
1680,PROD-001680,436,Atlas Product 1680,Components,Standard,Kg,192.57,354.77,Active
1681,PROD-001681,755,Atlas Product 1681,Components,Premium,Each,154.55,296.31,Active
1682,PROD-001682,371,Atlas Product 1682,Packaging,Standard,Kg,103.01,171.09,Active
1683,PROD-001683,480,Atlas Product 1683,Industrial Equipment,Specialty,Liter,294.23,700.39,Active
1684,PROD-001684,87,Atlas Product 1684,Industrial Equipment,Premium,Kg,312.88,519.51,Inactive
1685,PROD-001685,893,Atlas Product 1685,Packaging,Premium,Each,365.31,701.1,Active
1686,PROD-001686,887,Atlas Product 1686,Packaging,Premium,Each,166.19,220.33,Active
1687,PROD-001687,989,Atlas Product 1687,Components,Standard,Each,286.23,652.24,Active
1688,PROD-001688,962,Atlas Product 1688,Packaging,Specialty,Liter,365.07,754.97,Active
1689,PROD-001689,361,Atlas Product 1689,Electronics,Premium,Meter,17.41,26.77,Active
1690,PROD-001690,1000,Atlas Product 1690,Components,Standard,Liter,273.15,538.55,Active
1691,PROD-001691,677,Atlas Product 1691,Industrial Equipment,Standard,Liter,382.71,516.52,Active
1692,PROD-001692,334,Atlas Product 1692,Components,Standard,Liter,317.14,506.21,Active
1693,PROD-001693,872,Atlas Product 1693,Components,Standard,Liter,498.99,931.12,Inactive
1694,PROD-001694,455,Atlas Product 1694,Electronics,Specialty,Meter,489.44,711.54,Active
1695,PROD-001695,401,Atlas Product 1695,Raw Materials,Standard,Meter,270.75,533.46,Active
1696,PROD-001696,177,Atlas Product 1696,Packaging,Premium,Meter,161.58,324.94,Active
1697,PROD-001697,94,Atlas Product 1697,Components,Specialty,Each,237.6,325.05,Active
1698,PROD-001698,535,Atlas Product 1698,Components,Standard,Kg,476.85,846.68,Active
1699,PROD-001699,574,Atlas Product 1699,Components,Specialty,Liter,87.77,174.34,Active
1700,PROD-001700,206,Atlas Product 1700,Electronics,Standard,Liter,102.89,189.78,Active
1701,PROD-001701,19,Atlas Product 1701,Components,Premium,Meter,84.66,203.31,Active
1702,PROD-001702,112,Atlas Product 1702,Electronics,Premium,Kg,457.59,1100.52,Active
1703,PROD-001703,344,Atlas Product 1703,Components,Premium,Liter,334.3,580.46,Active
1704,PROD-001704,90,Atlas Product 1704,Packaging,Standard,Each,442.44,718.73,Active
1705,PROD-001705,627,Atlas Product 1705,Raw Materials,Premium,Meter,262.64,556.01,Active
1706,PROD-001706,158,Atlas Product 1706,Components,Premium,Each,417.65,888.68,Active
1707,PROD-001707,515,Atlas Product 1707,Components,Premium,Each,321.51,478.21,Active
1708,PROD-001708,461,Atlas Product 1708,Raw Materials,Specialty,Kg,88.21,179.5,Inactive
1709,PROD-001709,286,Atlas Product 1709,Electronics,Specialty,Meter,58.26,143.94,Active
1710,PROD-001710,309,Atlas Product 1710,Industrial Equipment,Standard,Meter,100.11,227.85,Inactive
1711,PROD-001711,84,Atlas Product 1711,Industrial Equipment,Specialty,Liter,130.26,179.36,Active
1712,PROD-001712,574,Atlas Product 1712,Industrial Equipment,Premium,Meter,271.78,403.26,Inactive
1713,PROD-001713,379,Atlas Product 1713,Raw Materials,Specialty,Each,160.1,287.04,Inactive
1714,PROD-001714,488,Atlas Product 1714,Components,Standard,Kg,283.51,535.44,Active
1715,PROD-001715,852,Atlas Product 1715,Components,Standard,Each,89.86,138.39,Active
1716,PROD-001716,557,Atlas Product 1716,Electronics,Standard,Each,259.95,526.4,Active
1717,PROD-001717,82,Atlas Product 1717,Electronics,Premium,Meter,150.78,240.41,Active
1718,PROD-001718,398,Atlas Product 1718,Components,Specialty,Each,80.37,147.55,Active
1719,PROD-001719,502,Atlas Product 1719,Components,Standard,Meter,31.72,65.28,Active
1720,PROD-001720,49,Atlas Product 1720,Electronics,Standard,Liter,271.85,472.88,Active
1721,PROD-001721,53,Atlas Product 1721,Industrial Equipment,Standard,Liter,298.6,567.53,Inactive
1722,PROD-001722,351,Atlas Product 1722,Packaging,Specialty,Meter,415.83,664.5,Active
1723,PROD-001723,316,Atlas Product 1723,Electronics,Specialty,Each,318.16,436.91,Active
1724,PROD-001724,583,Atlas Product 1724,Components,Premium,Kg,195.14,373.01,Active
1725,PROD-001725,314,Atlas Product 1725,Industrial Equipment,Premium,Liter,364.82,809.85,Active
1726,PROD-001726,381,Atlas Product 1726,Industrial Equipment,Standard,Kg,272.22,457.68,Active
1727,PROD-001727,656,Atlas Product 1727,Electronics,Premium,Kg,375.07,567.51,Active
1728,PROD-001728,151,Atlas Product 1728,Raw Materials,Specialty,Kg,391.5,559.5,Active
1729,PROD-001729,15,Atlas Product 1729,Packaging,Standard,Meter,397.7,728.43,Active
1730,PROD-001730,343,Atlas Product 1730,Industrial Equipment,Standard,Kg,16.87,28.63,Active
1731,PROD-001731,833,Atlas Product 1731,Industrial Equipment,Standard,Liter,183.37,412.52,Active
1732,PROD-001732,140,Atlas Product 1732,Raw Materials,Specialty,Liter,301.12,624.85,Active
1733,PROD-001733,730,Atlas Product 1733,Packaging,Specialty,Kg,370.86,926.62,Active
1734,PROD-001734,983,Atlas Product 1734,Raw Materials,Premium,Each,59.32,139.44,Active
1735,PROD-001735,585,Atlas Product 1735,Industrial Equipment,Standard,Meter,446.58,732.03,Active
1736,PROD-001736,480,Atlas Product 1736,Industrial Equipment,Premium,Liter,461.16,926.05,Active
1737,PROD-001737,882,Atlas Product 1737,Electronics,Premium,Kg,53.08,117.04,Active
1738,PROD-001738,911,Atlas Product 1738,Raw Materials,Standard,Liter,417.37,837.93,Active
1739,PROD-001739,57,Atlas Product 1739,Electronics,Standard,Meter,308.85,589.62,Active
1740,PROD-001740,157,Atlas Product 1740,Electronics,Specialty,Each,359.47,738.94,Inactive
1741,PROD-001741,526,Atlas Product 1741,Raw Materials,Standard,Meter,147.15,214.68,Active
1742,PROD-001742,420,Atlas Product 1742,Raw Materials,Standard,Kg,345.39,624.1,Active
1743,PROD-001743,702,Atlas Product 1743,Electronics,Specialty,Meter,491.68,904.14,Active
1744,PROD-001744,464,Atlas Product 1744,Components,Standard,Each,25.67,32.36,Active
1745,PROD-001745,8,Atlas Product 1745,Components,Specialty,Meter,451.61,735.41,Active
1746,PROD-001746,384,Atlas Product 1746,Components,Specialty,Meter,314.4,427.33,Active
1747,PROD-001747,263,Atlas Product 1747,Industrial Equipment,Premium,Each,270.12,600.3,Active
1748,PROD-001748,306,Atlas Product 1748,Components,Specialty,Meter,439.68,1081.0,Inactive
1749,PROD-001749,870,Atlas Product 1749,Industrial Equipment,Premium,Meter,287.58,664.13,Active
1750,PROD-001750,627,Atlas Product 1750,Electronics,Premium,Meter,263.94,440.85,Active
1751,PROD-001751,800,Atlas Product 1751,Components,Specialty,Kg,22.08,33.63,Active
1752,PROD-001752,946,Atlas Product 1752,Raw Materials,Specialty,Liter,480.91,907.6,Inactive
1753,PROD-001753,289,Atlas Product 1753,Electronics,Specialty,Each,499.99,1238.68,Active
1754,PROD-001754,870,Atlas Product 1754,Components,Specialty,Liter,235.99,439.11,Inactive
1755,PROD-001755,502,Atlas Product 1755,Components,Standard,Each,273.64,359.41,Active
1756,PROD-001756,690,Atlas Product 1756,Electronics,Premium,Meter,247.67,381.73,Active
1757,PROD-001757,502,Atlas Product 1757,Industrial Equipment,Premium,Liter,164.64,260.59,Inactive
1758,PROD-001758,603,Atlas Product 1758,Components,Standard,Liter,322.89,662.1,Active
1759,PROD-001759,869,Atlas Product 1759,Industrial Equipment,Specialty,Liter,196.69,453.2,Active
1760,PROD-001760,370,Atlas Product 1760,Electronics,Specialty,Kg,72.14,111.1,Active
1761,PROD-001761,106,Atlas Product 1761,Raw Materials,Standard,Each,237.09,437.66,Active
1762,PROD-001762,559,Atlas Product 1762,Packaging,Specialty,Each,156.84,359.94,Active
1763,PROD-001763,293,Atlas Product 1763,Industrial Equipment,Premium,Liter,123.45,187.8,Active
1764,PROD-001764,877,Atlas Product 1764,Components,Standard,Each,367.72,589.71,Active
1765,PROD-001765,583,Atlas Product 1765,Raw Materials,Premium,Kg,209.02,512.69,Active
1766,PROD-001766,916,Atlas Product 1766,Packaging,Standard,Kg,211.61,419.92,Active
1767,PROD-001767,920,Atlas Product 1767,Electronics,Specialty,Liter,481.55,1103.7,Active
1768,PROD-001768,497,Atlas Product 1768,Packaging,Standard,Each,496.68,901.66,Active
1769,PROD-001769,237,Atlas Product 1769,Components,Standard,Each,31.64,43.84,Active
1770,PROD-001770,698,Atlas Product 1770,Industrial Equipment,Standard,Meter,291.35,711.97,Active
1771,PROD-001771,903,Atlas Product 1771,Components,Premium,Liter,19.75,35.84,Active
1772,PROD-001772,566,Atlas Product 1772,Components,Premium,Meter,471.31,985.54,Active
1773,PROD-001773,992,Atlas Product 1773,Raw Materials,Standard,Meter,316.75,762.21,Active
1774,PROD-001774,3,Atlas Product 1774,Electronics,Specialty,Each,374.5,792.13,Active
1775,PROD-001775,881,Atlas Product 1775,Electronics,Standard,Each,353.88,627.53,Active
1776,PROD-001776,658,Atlas Product 1776,Industrial Equipment,Specialty,Liter,326.51,411.99,Active
1777,PROD-001777,141,Atlas Product 1777,Industrial Equipment,Specialty,Each,236.34,403.3,Active
1778,PROD-001778,115,Atlas Product 1778,Raw Materials,Standard,Each,39.85,80.03,Active
1779,PROD-001779,760,Atlas Product 1779,Electronics,Specialty,Liter,209.07,378.19,Active
1780,PROD-001780,136,Atlas Product 1780,Packaging,Standard,Liter,262.64,548.26,Active
1781,PROD-001781,929,Atlas Product 1781,Industrial Equipment,Specialty,Each,264.47,385.42,Active
1782,PROD-001782,417,Atlas Product 1782,Packaging,Specialty,Meter,83.69,122.75,Active
1783,PROD-001783,5,Atlas Product 1783,Packaging,Premium,Each,190.66,293.32,Active
1784,PROD-001784,814,Atlas Product 1784,Industrial Equipment,Specialty,Meter,357.42,755.05,Active
1785,PROD-001785,876,Atlas Product 1785,Raw Materials,Standard,Each,205.9,311.52,Active
1786,PROD-001786,345,Atlas Product 1786,Industrial Equipment,Standard,Kg,164.63,408.35,Active
1787,PROD-001787,841,Atlas Product 1787,Raw Materials,Standard,Each,284.21,444.17,Active
1788,PROD-001788,640,Atlas Product 1788,Raw Materials,Specialty,Meter,56.28,101.05,Active
1789,PROD-001789,987,Atlas Product 1789,Electronics,Specialty,Meter,70.9,138.44,Active
1790,PROD-001790,164,Atlas Product 1790,Components,Premium,Each,122.27,268.71,Active
1791,PROD-001791,522,Atlas Product 1791,Components,Standard,Liter,389.52,756.57,Inactive
1792,PROD-001792,963,Atlas Product 1792,Components,Standard,Kg,454.06,848.66,Active
1793,PROD-001793,25,Atlas Product 1793,Industrial Equipment,Premium,Meter,162.42,290.19,Active
1794,PROD-001794,91,Atlas Product 1794,Components,Specialty,Liter,198.64,261.82,Active
1795,PROD-001795,273,Atlas Product 1795,Industrial Equipment,Standard,Meter,92.22,126.9,Active
1796,PROD-001796,203,Atlas Product 1796,Electronics,Standard,Kg,10.51,23.73,Active
1797,PROD-001797,790,Atlas Product 1797,Industrial Equipment,Premium,Meter,197.92,329.75,Active
1798,PROD-001798,477,Atlas Product 1798,Packaging,Standard,Each,223.98,404.06,Inactive
1799,PROD-001799,400,Atlas Product 1799,Electronics,Specialty,Meter,103.25,206.59,Active
1800,PROD-001800,998,Atlas Product 1800,Components,Specialty,Meter,219.2,274.52,Active
1801,PROD-001801,496,Atlas Product 1801,Electronics,Standard,Liter,176.34,409.46,Active
1802,PROD-001802,68,Atlas Product 1802,Electronics,Standard,Meter,393.18,758.22,Active
1803,PROD-001803,241,Atlas Product 1803,Raw Materials,Premium,Liter,177.12,313.18,Active
1804,PROD-001804,413,Atlas Product 1804,Components,Premium,Liter,459.31,596.21,Inactive
1805,PROD-001805,266,Atlas Product 1805,Components,Premium,Each,449.08,1002.97,Active
1806,PROD-001806,633,Atlas Product 1806,Components,Standard,Kg,453.73,645.47,Active
1807,PROD-001807,127,Atlas Product 1807,Electronics,Specialty,Liter,408.81,939.8,Active
1808,PROD-001808,23,Atlas Product 1808,Electronics,Premium,Kg,103.07,187.54,Active
1809,PROD-001809,734,Atlas Product 1809,Raw Materials,Standard,Kg,484.59,706.23,Active
1810,PROD-001810,606,Atlas Product 1810,Industrial Equipment,Premium,Each,172.12,234.05,Active
1811,PROD-001811,879,Atlas Product 1811,Components,Standard,Each,33.35,56.7,Active
1812,PROD-001812,112,Atlas Product 1812,Components,Specialty,Liter,45.19,85.39,Active
1813,PROD-001813,419,Atlas Product 1813,Packaging,Specialty,Meter,64.86,157.88,Active
1814,PROD-001814,455,Atlas Product 1814,Industrial Equipment,Specialty,Each,315.03,465.84,Active
1815,PROD-001815,327,Atlas Product 1815,Packaging,Standard,Meter,462.25,732.64,Active
1816,PROD-001816,283,Atlas Product 1816,Industrial Equipment,Premium,Each,385.66,603.87,Active
1817,PROD-001817,905,Atlas Product 1817,Industrial Equipment,Premium,Kg,171.58,258.59,Active
1818,PROD-001818,800,Atlas Product 1818,Industrial Equipment,Standard,Kg,245.42,313.15,Active
1819,PROD-001819,307,Atlas Product 1819,Packaging,Specialty,Liter,112.6,260.57,Active
1820,PROD-001820,524,Atlas Product 1820,Raw Materials,Standard,Kg,53.61,93.15,Inactive
1821,PROD-001821,169,Atlas Product 1821,Electronics,Premium,Kg,276.65,470.6,Active
1822,PROD-001822,604,Atlas Product 1822,Packaging,Premium,Liter,391.8,822.79,Active
1823,PROD-001823,819,Atlas Product 1823,Raw Materials,Standard,Liter,65.74,109.15,Active
1824,PROD-001824,327,Atlas Product 1824,Components,Specialty,Meter,413.18,938.25,Active
1825,PROD-001825,16,Atlas Product 1825,Industrial Equipment,Premium,Meter,378.85,597.79,Active
1826,PROD-001826,215,Atlas Product 1826,Electronics,Standard,Liter,268.92,485.91,Active
1827,PROD-001827,101,Atlas Product 1827,Components,Standard,Liter,403.69,615.23,Active
1828,PROD-001828,651,Atlas Product 1828,Components,Premium,Liter,430.39,1003.5,Active
1829,PROD-001829,580,Atlas Product 1829,Raw Materials,Premium,Each,497.43,1084.78,Active
1830,PROD-001830,264,Atlas Product 1830,Industrial Equipment,Standard,Liter,94.48,187.31,Active
1831,PROD-001831,575,Atlas Product 1831,Electronics,Specialty,Each,414.33,798.71,Active
1832,PROD-001832,106,Atlas Product 1832,Electronics,Specialty,Meter,181.84,303.19,Active
1833,PROD-001833,548,Atlas Product 1833,Raw Materials,Standard,Each,270.71,557.84,Active
1834,PROD-001834,129,Atlas Product 1834,Industrial Equipment,Standard,Liter,445.96,732.21,Active
1835,PROD-001835,254,Atlas Product 1835,Raw Materials,Premium,Kg,240.43,342.1,Active
1836,PROD-001836,398,Atlas Product 1836,Electronics,Premium,Liter,201.75,328.28,Active
1837,PROD-001837,655,Atlas Product 1837,Components,Premium,Meter,114.06,213.07,Active
1838,PROD-001838,778,Atlas Product 1838,Components,Standard,Liter,432.38,662.47,Active
1839,PROD-001839,206,Atlas Product 1839,Raw Materials,Standard,Each,96.62,218.47,Active
1840,PROD-001840,474,Atlas Product 1840,Packaging,Specialty,Meter,422.7,820.59,Active
1841,PROD-001841,668,Atlas Product 1841,Raw Materials,Standard,Liter,355.16,765.54,Inactive
1842,PROD-001842,990,Atlas Product 1842,Electronics,Premium,Meter,438.62,938.18,Active
1843,PROD-001843,209,Atlas Product 1843,Industrial Equipment,Standard,Each,242.26,381.15,Active
1844,PROD-001844,78,Atlas Product 1844,Electronics,Premium,Kg,430.79,840.25,Active
1845,PROD-001845,224,Atlas Product 1845,Packaging,Specialty,Meter,92.16,217.36,Inactive
1846,PROD-001846,168,Atlas Product 1846,Components,Standard,Kg,390.06,500.79,Active
1847,PROD-001847,107,Atlas Product 1847,Electronics,Standard,Meter,185.12,276.43,Inactive
1848,PROD-001848,91,Atlas Product 1848,Components,Standard,Meter,416.4,570.05,Active
1849,PROD-001849,435,Atlas Product 1849,Electronics,Specialty,Meter,413.39,563.39,Active
1850,PROD-001850,371,Atlas Product 1850,Raw Materials,Specialty,Meter,231.07,334.98,Active
1851,PROD-001851,629,Atlas Product 1851,Components,Standard,Liter,158.48,389.39,Inactive
1852,PROD-001852,134,Atlas Product 1852,Components,Standard,Each,124.32,221.51,Active
1853,PROD-001853,308,Atlas Product 1853,Raw Materials,Standard,Each,469.59,1103.79,Active
1854,PROD-001854,821,Atlas Product 1854,Industrial Equipment,Standard,Each,16.89,34.1,Active
1855,PROD-001855,61,Atlas Product 1855,Packaging,Standard,Meter,96.31,156.09,Active
1856,PROD-001856,263,Atlas Product 1856,Electronics,Specialty,Liter,385.54,921.51,Active
1857,PROD-001857,599,Atlas Product 1857,Electronics,Premium,Each,45.57,100.72,Active
1858,PROD-001858,113,Atlas Product 1858,Packaging,Specialty,Each,291.48,566.61,Inactive
1859,PROD-001859,352,Atlas Product 1859,Industrial Equipment,Premium,Liter,301.24,531.02,Active
1860,PROD-001860,275,Atlas Product 1860,Industrial Equipment,Standard,Liter,279.36,424.05,Inactive
1861,PROD-001861,240,Atlas Product 1861,Packaging,Specialty,Liter,233.0,486.13,Active
1862,PROD-001862,978,Atlas Product 1862,Components,Premium,Meter,255.39,637.66,Active
1863,PROD-001863,803,Atlas Product 1863,Raw Materials,Premium,Kg,172.8,246.21,Active
1864,PROD-001864,734,Atlas Product 1864,Raw Materials,Specialty,Kg,263.48,555.6,Active
1865,PROD-001865,668,Atlas Product 1865,Packaging,Standard,Liter,136.37,290.61,Active
1866,PROD-001866,802,Atlas Product 1866,Raw Materials,Specialty,Meter,121.15,251.74,Active
1867,PROD-001867,775,Atlas Product 1867,Raw Materials,Standard,Meter,380.94,510.5,Inactive
1868,PROD-001868,117,Atlas Product 1868,Packaging,Premium,Each,466.11,795.21,Active
1869,PROD-001869,418,Atlas Product 1869,Electronics,Premium,Kg,74.2,149.24,Active
1870,PROD-001870,848,Atlas Product 1870,Raw Materials,Standard,Liter,330.87,543.54,Active
1871,PROD-001871,472,Atlas Product 1871,Industrial Equipment,Standard,Kg,28.72,64.4,Active
1872,PROD-001872,694,Atlas Product 1872,Industrial Equipment,Premium,Liter,150.77,349.26,Active
1873,PROD-001873,607,Atlas Product 1873,Raw Materials,Premium,Liter,446.37,1079.0,Active
1874,PROD-001874,179,Atlas Product 1874,Packaging,Standard,Liter,203.37,397.36,Active
1875,PROD-001875,421,Atlas Product 1875,Raw Materials,Standard,Each,161.76,339.07,Active
1876,PROD-001876,540,Atlas Product 1876,Raw Materials,Standard,Each,299.32,690.5,Active
1877,PROD-001877,598,Atlas Product 1877,Raw Materials,Premium,Kg,45.26,107.65,Inactive
1878,PROD-001878,624,Atlas Product 1878,Packaging,Specialty,Liter,199.49,355.76,Active
1879,PROD-001879,99,Atlas Product 1879,Electronics,Unknown,Meter,352.39,735.65,Active
1880,PROD-001880,463,Atlas Product 1880,Raw Materials,Unknown,Liter,470.69,710.21,Inactive
1881,PROD-001881,101,Atlas Product 1881,Components,Specialty,Liter,349.69,781.25,Active
1882,PROD-001882,94,Atlas Product 1882,Packaging,Standard,Liter,123.74,299.47,Active
1883,PROD-001883,563,Atlas Product 1883,Packaging,Standard,Liter,455.5,715.72,Active
1884,PROD-001884,466,Atlas Product 1884,Packaging,Specialty,Liter,428.9,863.79,Active
1885,PROD-001885,202,Atlas Product 1885,Industrial Equipment,Premium,Meter,353.75,494.33,Active
1886,PROD-001886,511,Atlas Product 1886,Packaging,Standard,Liter,252.17,614.31,Active
1887,PROD-001887,189,Atlas Product 1887,Packaging,Premium,Liter,139.33,245.55,Inactive
1888,PROD-001888,752,Atlas Product 1888,Electronics,Specialty,Meter,354.18,550.49,Active
1889,PROD-001889,744,Atlas Product 1889,Components,Specialty,Kg,294.66,706.78,Active
1890,PROD-001890,476,Atlas Product 1890,Components,Standard,Meter,285.14,411.86,Active
1891,PROD-001891,53,Atlas Product 1891,Components,Premium,Meter,74.31,111.66,Active
1892,PROD-001892,484,Atlas Product 1892,Industrial Equipment,Standard,Each,447.69,845.94,Active
1893,PROD-001893,485,Atlas Product 1893,Components,Premium,Kg,481.42,970.46,Active
1894,PROD-001894,318,Atlas Product 1894,Raw Materials,Specialty,Kg,245.28,372.02,Active
1895,PROD-001895,542,Atlas Product 1895,Components,Premium,Meter,267.93,391.14,Inactive
1896,PROD-001896,828,Atlas Product 1896,Industrial Equipment,Standard,Each,450.18,1114.1,Active
1897,PROD-001897,835,Atlas Product 1897,Industrial Equipment,Standard,Meter,234.1,321.82,Active
1898,PROD-001898,362,Atlas Product 1898,Raw Materials,Specialty,Each,80.75,101.66,Active
1899,PROD-001899,46,Atlas Product 1899,Raw Materials,Premium,Liter,29.48,39.55,Active
1900,PROD-001900,616,Atlas Product 1900,Industrial Equipment,Standard,Each,255.1,485.91,Active
1901,PROD-001901,127,Atlas Product 1901,Packaging,Specialty,Each,235.38,453.42,Active
1902,PROD-001902,991,Atlas Product 1902,Raw Materials,Specialty,Liter,85.88,184.79,Active
1903,PROD-001903,80,Atlas Product 1903,Components,Premium,Each,422.74,650.0,Active
1904,PROD-001904,475,Atlas Product 1904,Components,Standard,Meter,283.55,441.31,Active
1905,PROD-001905,368,Atlas Product 1905,Packaging,Specialty,Liter,264.92,529.69,Active
1906,PROD-001906,752,Atlas Product 1906,Raw Materials,Specialty,Kg,88.56,161.86,Active
1907,PROD-001907,175,Atlas Product 1907,Raw Materials,Standard,Each,157.52,230.76,Active
1908,PROD-001908,548,Atlas Product 1908,Electronics,Specialty,Kg,12.72,19.58,Active
1909,PROD-001909,845,Atlas Product 1909,Packaging,Specialty,Each,481.37,853.44,Active
1910,PROD-001910,905,Atlas Product 1910,Components,Standard,Liter,36.48,74.39,Active
1911,PROD-001911,608,Atlas Product 1911,Electronics,Premium,Meter,82.4,129.23,Active
1912,PROD-001912,754,Atlas Product 1912,Industrial Equipment,Premium,Kg,407.37,774.69,Active
1913,PROD-001913,291,Atlas Product 1913,Raw Materials,Standard,Liter,323.97,809.39,Active
1914,PROD-001914,238,Atlas Product 1914,Packaging,Specialty,Each,400.33,842.01,Active
1915,PROD-001915,589,Atlas Product 1915,Electronics,Standard,Each,350.78,706.42,Active
1916,PROD-001916,885,Atlas Product 1916,Packaging,Standard,Each,458.58,872.25,Active
1917,PROD-001917,988,Atlas Product 1917,Raw Materials,Specialty,Liter,199.57,494.66,Active
1918,PROD-001918,305,Atlas Product 1918,Electronics,Premium,Each,473.73,799.15,Inactive
1919,PROD-001919,814,Atlas Product 1919,Packaging,Premium,Meter,184.75,347.19,Active
1920,PROD-001920,1,Atlas Product 1920,Electronics,Specialty,Liter,467.6,804.1,Active
1921,PROD-001921,60,Atlas Product 1921,Raw Materials,Premium,Kg,34.96,49.96,Active
1922,PROD-001922,282,Atlas Product 1922,Components,Standard,Each,228.12,530.49,Active
1923,PROD-001923,133,Atlas Product 1923,Components,Specialty,Kg,417.45,635.23,Active
1924,PROD-001924,899,Atlas Product 1924,Packaging,Standard,Liter,495.49,1076.68,Active
1925,PROD-001925,716,Atlas Product 1925,Electronics,Premium,Liter,458.7,721.46,Active
1926,PROD-001926,387,Atlas Product 1926,Electronics,Specialty,Each,353.41,875.94,Active
1927,PROD-001927,564,Atlas Product 1927,Electronics,Standard,Kg,29.11,38.46,Inactive
1928,PROD-001928,111,Atlas Product 1928,Industrial Equipment,Specialty,Meter,223.17,485.6,Active
1929,PROD-001929,647,Atlas Product 1929,Components,Specialty,Liter,271.22,528.2,Active
1930,PROD-001930,63,Atlas Product 1930,Raw Materials,Premium,Each,359.82,790.59,Active
1931,PROD-001931,341,Atlas Product 1931,Electronics,Standard,Meter,391.79,654.6,Active
1932,PROD-001932,149,Atlas Product 1932,Electronics,Specialty,Kg,397.87,942.08,Active
1933,PROD-001933,422,Atlas Product 1933,Raw Materials,Specialty,Each,196.37,343.2,Active
1934,PROD-001934,561,Atlas Product 1934,Raw Materials,Premium,Meter,285.35,607.34,Active
1935,PROD-001935,60,Atlas Product 1935,Raw Materials,Standard,Liter,472.32,906.29,Active
1936,PROD-001936,58,Atlas Product 1936,Electronics,Specialty,Kg,196.45,310.13,Active
1937,PROD-001937,625,Atlas Product 1937,Components,Standard,Kg,225.21,513.35,Active
1938,PROD-001938,341,Atlas Product 1938,Raw Materials,Specialty,Meter,117.32,241.31,Active
1939,PROD-001939,926,Atlas Product 1939,Components,Premium,Each,232.67,386.54,Active
1940,PROD-001940,541,Atlas Product 1940,Packaging,Premium,Kg,440.03,770.49,Active
1941,PROD-001941,275,Atlas Product 1941,Electronics,Specialty,Each,453.95,577.5,Active
1942,PROD-001942,866,Atlas Product 1942,Components,Standard,Meter,244.18,373.29,Inactive
1943,PROD-001943,156,Atlas Product 1943,Components,Specialty,Liter,124.63,282.78,Active
1944,PROD-001944,393,Atlas Product 1944,Raw Materials,Standard,Meter,307.34,745.61,Active
1945,PROD-001945,125,Atlas Product 1945,Packaging,Specialty,Each,89.11,179.56,Active
1946,PROD-001946,591,Atlas Product 1946,Industrial Equipment,Standard,Meter,288.76,411.65,Active
1947,PROD-001947,635,Atlas Product 1947,Components,Premium,Kg,375.64,805.56,Active
1948,PROD-001948,492,Atlas Product 1948,Electronics,Specialty,Each,433.09,820.44,Active
1949,PROD-001949,810,Atlas Product 1949,Industrial Equipment,Premium,Each,36.17,61.47,Active
1950,PROD-001950,261,Atlas Product 1950,Raw Materials,Standard,Each,41.7,81.67,Active
1951,PROD-001951,108,Atlas Product 1951,Raw Materials,Specialty,Meter,153.9,271.12,Active
1952,PROD-001952,788,Atlas Product 1952,Components,Standard,Meter,260.94,402.33,Active
1953,PROD-001953,911,Atlas Product 1953,Components,Specialty,Each,495.0,791.04,Active
1954,PROD-001954,538,Atlas Product 1954,Industrial Equipment,Specialty,Meter,359.09,501.49,Inactive
1955,PROD-001955,972,Atlas Product 1955,Electronics,Specialty,Meter,274.51,519.65,Active
1956,PROD-001956,77,Atlas Product 1956,Industrial Equipment,Specialty,Each,457.49,723.86,Inactive
1957,PROD-001957,273,Atlas Product 1957,Raw Materials,Standard,Meter,314.55,646.44,Active
1958,PROD-001958,167,Atlas Product 1958,Components,Specialty,Kg,159.2,272.41,Active
1959,PROD-001959,223,Atlas Product 1959,Electronics,Premium,Each,414.54,922.04,Active
1960,PROD-001960,425,Atlas Product 1960,Industrial Equipment,Standard,Meter,18.12,30.54,Inactive
1961,PROD-001961,471,Atlas Product 1961,Components,Premium,Each,74.81,179.96,Active
1962,PROD-001962,324,Atlas Product 1962,Electronics,Premium,Liter,201.77,391.27,Active
1963,PROD-001963,287,Atlas Product 1963,Electronics,Premium,Kg,292.49,577.6,Active
1964,PROD-001964,639,Atlas Product 1964,Components,Specialty,Meter,56.52,106.81,Active
1965,PROD-001965,848,Atlas Product 1965,Industrial Equipment,Premium,Each,436.31,992.13,Active
1966,PROD-001966,694,Atlas Product 1966,Components,Standard,Kg,470.36,1111.15,Active
1967,PROD-001967,978,Atlas Product 1967,Electronics,Standard,Liter,391.98,649.91,Inactive
1968,PROD-001968,390,Atlas Product 1968,Electronics,Premium,Liter,126.45,252.39,Active
1969,PROD-001969,712,Atlas Product 1969,Packaging,Premium,Kg,308.13,487.44,Active
1970,PROD-001970,209,Atlas Product 1970,Electronics,Specialty,Each,427.86,958.61,Active
1971,PROD-001971,288,Atlas Product 1971,Packaging,Premium,Kg,353.65,489.3,Active
1972,PROD-001972,45,Atlas Product 1972,Raw Materials,Standard,Meter,71.61,173.43,Active
1973,PROD-001973,785,Atlas Product 1973,Electronics,Specialty,Meter,192.76,317.63,Active
1974,PROD-001974,736,Atlas Product 1974,Components,Standard,Each,350.29,720.89,Active
1975,PROD-001975,77,Atlas Product 1975,Components,Premium,Liter,101.81,248.06,Active
1976,PROD-001976,145,Atlas Product 1976,Components,Standard,Meter,127.29,159.3,Active
1977,PROD-001977,720,Atlas Product 1977,Industrial Equipment,Premium,Liter,174.6,250.48,Active
1978,PROD-001978,915,Atlas Product 1978,Components,Standard,Kg,309.35,475.24,Active
1979,PROD-001979,642,Atlas Product 1979,Raw Materials,Unknown,Meter,432.52,580.92,Active
1980,PROD-001980,506,Atlas Product 1980,Industrial Equipment,Specialty,Kg,266.33,611.34,Inactive
1981,PROD-001981,192,Atlas Product 1981,Raw Materials,Premium,Kg,468.93,966.23,Active
1982,PROD-001982,190,Atlas Product 1982,Electronics,Standard,Meter,328.33,585.14,Active
1983,PROD-001983,26,Atlas Product 1983,Electronics,Premium,Each,222.25,328.24,Active
1984,PROD-001984,966,Atlas Product 1984,Components,Standard,Each,375.06,924.03,Active
1985,PROD-001985,966,Atlas Product 1985,Components,Specialty,Liter,124.86,213.87,Inactive
1986,PROD-001986,242,Atlas Product 1986,Electronics,Premium,Meter,209.82,286.33,Inactive
1987,PROD-001987,150,Atlas Product 1987,Raw Materials,Premium,Kg,159.65,315.0,Active
1988,PROD-001988,855,Atlas Product 1988,Components,Premium,Meter,75.71,104.92,Active
1989,PROD-001989,137,Atlas Product 1989,Industrial Equipment,Premium,Meter,208.71,316.32,Active
1990,PROD-001990,677,Atlas Product 1990,Raw Materials,Standard,Each,38.67,68.65,Active
1991,PROD-001991,62,Atlas Product 1991,Raw Materials,Premium,Liter,340.32,432.69,Active
1992,PROD-001992,137,Atlas Product 1992,Electronics,Standard,Each,309.76,645.96,Active
1993,PROD-001993,301,Atlas Product 1993,Raw Materials,Standard,Liter,41.06,90.83,Active
1994,PROD-001994,828,Atlas Product 1994,Raw Materials,Premium,Kg,352.52,740.53,Active
1995,PROD-001995,740,Atlas Product 1995,Raw Materials,Specialty,Kg,278.77,671.29,Active
1996,PROD-001996,855,Atlas Product 1996,Components,Premium,Kg,293.8,443.4,Active
1997,PROD-001997,822,Atlas Product 1997,Raw Materials,Standard,Liter,104.27,254.44,Active
1998,PROD-001998,899,Atlas Product 1998,Components,Premium,Kg,79.86,103.03,Active
1999,PROD-001999,807,Atlas Product 1999,Components,Standard,Each,316.83,547.68,Active
2000,PROD-002000,27,Atlas Product 2000,Industrial Equipment,Specialty,Each,154.01,276.76,Active
2001,PROD-002001,907,Atlas Product 2001,Components,Specialty,Liter,306.25,536.66,Active
2002,PROD-002002,688,Atlas Product 2002,Raw Materials,Premium,Each,365.28,830.24,Active
2003,PROD-002003,133,Atlas Product 2003,Raw Materials,Specialty,Liter,481.53,1019.65,Active
2004,PROD-002004,769,Atlas Product 2004,Components,Standard,Kg,308.37,559.03,Active
2005,PROD-002005,674,Atlas Product 2005,Components,Premium,Each,82.48,166.19,Active
2006,PROD-002006,637,Atlas Product 2006,Packaging,Premium,Liter,359.22,466.26,Active
2007,PROD-002007,217,Atlas Product 2007,Electronics,Standard,Each,490.7,717.5,Active
2008,PROD-002008,843,Atlas Product 2008,Industrial Equipment,Premium,Meter,203.32,313.53,Active
2009,PROD-002009,897,Atlas Product 2009,Components,Specialty,Meter,12.45,26.69,Active
2010,PROD-002010,505,Atlas Product 2010,Components,Premium,Liter,346.58,710.33,Active
2011,PROD-002011,548,Atlas Product 2011,Electronics,Standard,Kg,109.86,203.58,Inactive
2012,PROD-002012,627,Atlas Product 2012,Packaging,Specialty,Liter,28.38,62.17,Active
2013,PROD-002013,168,Atlas Product 2013,Packaging,Premium,Each,58.48,123.09,Active
2014,PROD-002014,587,Atlas Product 2014,Packaging,Standard,Kg,465.32,1025.59,Active
2015,PROD-002015,757,Atlas Product 2015,Packaging,Standard,Kg,411.01,651.1,Active
2016,PROD-002016,760,Atlas Product 2016,Raw Materials,Standard,Each,446.33,792.79,Active
2017,PROD-002017,817,Atlas Product 2017,Industrial Equipment,Specialty,Each,325.73,516.9,Active
2018,PROD-002018,27,Atlas Product 2018,Electronics,Specialty,Each,372.55,863.09,Inactive
2019,PROD-002019,25,Atlas Product 2019,Electronics,Specialty,Kg,185.41,274.61,Active
2020,PROD-002020,372,Atlas Product 2020,Components,Premium,Meter,218.89,287.32,Active
2021,PROD-002021,42,Atlas Product 2021,Raw Materials,Premium,Liter,499.79,1202.41,Active
2022,PROD-002022,242,Atlas Product 2022,Raw Materials,Standard,Liter,319.81,517.6,Active
2023,PROD-002023,344,Atlas Product 2023,Components,Standard,Liter,113.14,213.43,Active
2024,PROD-002024,364,Atlas Product 2024,Components,Premium,Liter,274.33,589.57,Active
2025,PROD-002025,674,Atlas Product 2025,Electronics,Premium,Liter,216.27,489.87,Active
2026,PROD-002026,746,Atlas Product 2026,Industrial Equipment,Specialty,Meter,283.23,678.92,Active
2027,PROD-002027,345,Atlas Product 2027,Raw Materials,Specialty,Meter,139.31,200.51,Active
2028,PROD-002028,994,Atlas Product 2028,Industrial Equipment,Specialty,Each,457.15,914.99,Active
2029,PROD-002029,178,Atlas Product 2029,Packaging,Specialty,Kg,30.19,71.85,Active
2030,PROD-002030,771,Atlas Product 2030,Packaging,Standard,Meter,37.04,83.53,Active
2031,PROD-002031,142,Atlas Product 2031,Electronics,Specialty,Meter,31.72,56.76,Active
2032,PROD-002032,224,Atlas Product 2032,Industrial Equipment,Standard,Meter,242.6,513.04,Active
2033,PROD-002033,853,Atlas Product 2033,Raw Materials,Standard,Kg,91.25,198.86,Active
2034,PROD-002034,130,Atlas Product 2034,Industrial Equipment,Premium,Each,237.62,496.65,Active
2035,PROD-002035,842,Atlas Product 2035,Raw Materials,Specialty,Liter,488.24,864.64,Inactive
2036,PROD-002036,181,Atlas Product 2036,Industrial Equipment,Standard,Kg,299.53,413.69,Active
2037,PROD-002037,288,Atlas Product 2037,Raw Materials,Standard,Liter,178.91,309.38,Inactive
2038,PROD-002038,192,Atlas Product 2038,Packaging,Standard,Liter,261.83,464.36,Active
2039,PROD-002039,106,Atlas Product 2039,Industrial Equipment,Specialty,Kg,83.03,169.73,Active
2040,PROD-002040,756,Atlas Product 2040,Components,Premium,Meter,185.01,410.79,Active
2041,PROD-002041,426,Atlas Product 2041,Raw Materials,Premium,Kg,138.51,206.12,Active
2042,PROD-002042,20,Atlas Product 2042,Components,Specialty,Liter,173.44,401.13,Active
2043,PROD-002043,989,Atlas Product 2043,Components,Standard,Kg,192.64,394.19,Active
2044,PROD-002044,733,Atlas Product 2044,Industrial Equipment,Standard,Kg,46.4,70.7,Active
2045,PROD-002045,589,Atlas Product 2045,Raw Materials,Premium,Kg,145.4,188.44,Active
2046,PROD-002046,90,Atlas Product 2046,Raw Materials,Premium,Liter,167.58,219.01,Inactive
2047,PROD-002047,959,Atlas Product 2047,Packaging,Standard,Liter,212.42,388.94,Active
2048,PROD-002048,455,Atlas Product 2048,Industrial Equipment,Premium,Kg,126.75,285.16,Active
2049,PROD-002049,111,Atlas Product 2049,Raw Materials,Premium,Meter,155.41,282.83,Active
2050,PROD-002050,772,Atlas Product 2050,Packaging,Premium,Liter,193.45,350.75,Active
2051,PROD-002051,846,Atlas Product 2051,Packaging,Specialty,Meter,274.56,518.93,Active
2052,PROD-002052,826,Atlas Product 2052,Industrial Equipment,Specialty,Kg,24.3,38.59,Active
2053,PROD-002053,449,Atlas Product 2053,Components,Specialty,Each,285.45,586.46,Active
2054,PROD-002054,977,Atlas Product 2054,Electronics,Specialty,Each,462.86,882.2,Active
2055,PROD-002055,776,Atlas Product 2055,Packaging,Premium,Meter,444.38,862.52,Active
2056,PROD-002056,277,Atlas Product 2056,Components,Specialty,Liter,217.96,483.01,Active
2057,PROD-002057,696,Atlas Product 2057,Components,Standard,Liter,321.75,628.99,Active
2058,PROD-002058,405,Atlas Product 2058,Industrial Equipment,Specialty,Each,67.52,168.59,Active
2059,PROD-002059,624,Atlas Product 2059,Raw Materials,Premium,Liter,155.04,273.74,Active
2060,PROD-002060,760,Atlas Product 2060,Raw Materials,Specialty,Liter,133.46,297.29,Active
2061,PROD-002061,72,Atlas Product 2061,Packaging,Standard,Each,347.25,649.41,Active
2062,PROD-002062,781,Atlas Product 2062,Electronics,Specialty,Kg,468.68,965.08,Active
2063,PROD-002063,415,Atlas Product 2063,Electronics,Specialty,Liter,118.24,266.15,Active
2064,PROD-002064,784,Atlas Product 2064,Industrial Equipment,Premium,Meter,30.22,64.3,Active
2065,PROD-002065,811,Atlas Product 2065,Industrial Equipment,Standard,Each,157.8,271.23,Active
2066,PROD-002066,539,Atlas Product 2066,Components,Standard,Meter,321.96,678.65,Active
2067,PROD-002067,187,Atlas Product 2067,Raw Materials,Premium,Each,409.4,768.59,Active
2068,PROD-002068,913,Atlas Product 2068,Electronics,Standard,Liter,398.75,792.83,Active
2069,PROD-002069,739,Atlas Product 2069,Packaging,Premium,Meter,78.94,140.44,Active
2070,PROD-002070,523,Atlas Product 2070,Packaging,Premium,Meter,87.5,157.4,Inactive
2071,PROD-002071,471,Atlas Product 2071,Raw Materials,Premium,Kg,323.69,790.65,Active
2072,PROD-002072,307,Atlas Product 2072,Packaging,Premium,Liter,109.89,268.27,Active
2073,PROD-002073,601,Atlas Product 2073,Electronics,Premium,Kg,241.51,313.07,Active
2074,PROD-002074,98,Atlas Product 2074,Industrial Equipment,Premium,Liter,247.64,490.37,Active
2075,PROD-002075,599,Atlas Product 2075,Electronics,Specialty,Meter,384.31,749.01,Active
2076,PROD-002076,947,Atlas Product 2076,Industrial Equipment,Standard,Meter,484.09,1000.25,Active
2077,PROD-002077,172,Atlas Product 2077,Industrial Equipment,Standard,Each,176.09,436.9,Active
2078,PROD-002078,331,Atlas Product 2078,Industrial Equipment,Specialty,Each,433.69,616.66,Inactive
2079,PROD-002079,230,Atlas Product 2079,Components,Premium,Meter,323.52,560.67,Active
2080,PROD-002080,889,Atlas Product 2080,Industrial Equipment,Specialty,Liter,489.81,1078.34,Inactive
2081,PROD-002081,955,Atlas Product 2081,Packaging,Specialty,Meter,355.11,822.04,Active
2082,PROD-002082,630,Atlas Product 2082,Components,Premium,Kg,91.36,114.51,Active
2083,PROD-002083,23,Atlas Product 2083,Industrial Equipment,Premium,Meter,303.7,385.71,Active
2084,PROD-002084,262,Atlas Product 2084,Industrial Equipment,Specialty,Meter,452.31,637.74,Active
2085,PROD-002085,469,Atlas Product 2085,Packaging,Specialty,Each,50.35,80.92,Active
2086,PROD-002086,761,Atlas Product 2086,Electronics,Premium,Meter,13.03,18.92,Active
2087,PROD-002087,498,Atlas Product 2087,Raw Materials,Specialty,Liter,424.25,734.1,Active
2088,PROD-002088,684,Atlas Product 2088,Packaging,Premium,Liter,465.68,881.16,Active
2089,PROD-002089,694,Atlas Product 2089,Electronics,Specialty,Meter,164.6,227.31,Active
2090,PROD-002090,926,Atlas Product 2090,Raw Materials,Standard,Kg,17.46,27.13,Active
2091,PROD-002091,832,Atlas Product 2091,Electronics,Premium,Each,458.62,1079.83,Active
2092,PROD-002092,197,Atlas Product 2092,Raw Materials,Standard,Liter,70.79,112.46,Active
2093,PROD-002093,642,Atlas Product 2093,Electronics,Standard,Liter,302.28,627.39,Active
2094,PROD-002094,425,Atlas Product 2094,Electronics,Standard,Liter,126.87,260.99,Inactive
2095,PROD-002095,761,Atlas Product 2095,Electronics,Standard,Meter,53.47,102.81,Active
2096,PROD-002096,180,Atlas Product 2096,Electronics,Premium,Each,201.46,295.71,Active
2097,PROD-002097,945,Atlas Product 2097,Components,Specialty,Kg,297.72,590.51,Active
2098,PROD-002098,624,Atlas Product 2098,Industrial Equipment,Standard,Meter,325.53,589.6,Inactive
2099,PROD-002099,68,Atlas Product 2099,Raw Materials,Premium,Each,105.33,256.88,Active
2100,PROD-002100,810,Atlas Product 2100,Packaging,Specialty,Kg,485.55,800.54,Active
2101,PROD-002101,165,Atlas Product 2101,Electronics,Premium,Liter,401.88,881.39,Active
2102,PROD-002102,235,Atlas Product 2102,Electronics,Specialty,Each,393.96,773.83,Active
2103,PROD-002103,834,Atlas Product 2103,Packaging,Premium,Liter,266.48,575.41,Active
2104,PROD-002104,576,Atlas Product 2104,Electronics,Premium,Liter,232.51,369.42,Active
2105,PROD-002105,608,Atlas Product 2105,Raw Materials,Specialty,Liter,25.58,60.32,Active
2106,PROD-002106,289,Atlas Product 2106,Components,Standard,Meter,336.98,662.64,Inactive
2107,PROD-002107,629,Atlas Product 2107,Industrial Equipment,Specialty,Kg,321.05,463.74,Active
2108,PROD-002108,536,Atlas Product 2108,Electronics,Standard,Each,87.65,164.69,Active
2109,PROD-002109,737,Atlas Product 2109,Electronics,Premium,Liter,430.78,651.07,Inactive
2110,PROD-002110,937,Atlas Product 2110,Components,Standard,Each,264.51,503.04,Active
2111,PROD-002111,700,Atlas Product 2111,Raw Materials,Premium,Meter,108.49,155.6,Active
2112,PROD-002112,769,Atlas Product 2112,Packaging,Standard,Each,318.04,423.72,Active
2113,PROD-002113,406,Atlas Product 2113,Electronics,Premium,Meter,99.89,218.67,Active
2114,PROD-002114,545,Atlas Product 2114,Raw Materials,Standard,Liter,47.78,67.28,Active
2115,PROD-002115,691,Atlas Product 2115,Raw Materials,Specialty,Kg,38.87,70.22,Active
2116,PROD-002116,527,Atlas Product 2116,Industrial Equipment,Standard,Kg,363.13,734.49,Active
2117,PROD-002117,23,Atlas Product 2117,Electronics,Premium,Kg,118.62,272.7,Active
2118,PROD-002118,26,Atlas Product 2118,Industrial Equipment,Specialty,Liter,497.83,1079.63,Active
2119,PROD-002119,734,Atlas Product 2119,Components,Premium,Each,198.42,302.86,Active
2120,PROD-002120,892,Atlas Product 2120,Industrial Equipment,Standard,Kg,90.45,224.73,Active
2121,PROD-002121,709,Atlas Product 2121,Packaging,Premium,Liter,350.63,745.29,Active
2122,PROD-002122,911,Atlas Product 2122,Electronics,Premium,Kg,491.12,966.16,Active
2123,PROD-002123,664,Atlas Product 2123,Components,Standard,Kg,56.3,120.45,Active
2124,PROD-002124,382,Atlas Product 2124,Components,Standard,Each,424.04,1040.2,Active
2125,PROD-002125,100,Atlas Product 2125,Raw Materials,Premium,Each,353.36,523.72,Inactive
2126,PROD-002126,783,Atlas Product 2126,Components,Standard,Kg,175.71,235.83,Active
2127,PROD-002127,704,Atlas Product 2127,Raw Materials,Premium,Liter,171.18,387.04,Active
2128,PROD-002128,932,Atlas Product 2128,Industrial Equipment,Specialty,Each,111.72,188.41,Inactive
2129,PROD-002129,316,Atlas Product 2129,Components,Premium,Meter,251.76,342.23,Active
2130,PROD-002130,983,Atlas Product 2130,Electronics,Specialty,Kg,373.82,612.97,Inactive
2131,PROD-002131,982,Atlas Product 2131,Packaging,Specialty,Meter,298.44,618.97,Active
2132,PROD-002132,706,Atlas Product 2132,Components,Specialty,Meter,15.77,21.93,Active
2133,PROD-002133,418,Atlas Product 2133,Industrial Equipment,Premium,Liter,376.27,570.75,Active
2134,PROD-002134,334,Atlas Product 2134,Raw Materials,Specialty,Liter,484.63,945.93,Active
2135,PROD-002135,911,Atlas Product 2135,Packaging,Premium,Kg,11.37,23.0,Active
2136,PROD-002136,46,Atlas Product 2136,Industrial Equipment,Specialty,Kg,74.74,172.93,Active
2137,PROD-002137,354,Atlas Product 2137,Raw Materials,Premium,Kg,150.45,231.24,Active
2138,PROD-002138,102,Atlas Product 2138,Components,Standard,Liter,346.08,776.01,Active
2139,PROD-002139,145,Atlas Product 2139,Raw Materials,Premium,Kg,335.74,681.04,Active
2140,PROD-002140,600,Atlas Product 2140,Packaging,Premium,Liter,461.45,1038.64,Active
2141,PROD-002141,627,Atlas Product 2141,Components,Specialty,Liter,413.76,714.6,Active
2142,PROD-002142,39,Atlas Product 2142,Electronics,Premium,Liter,27.53,47.5,Active
2143,PROD-002143,687,Atlas Product 2143,Industrial Equipment,Premium,Kg,265.36,660.07,Active
2144,PROD-002144,866,Atlas Product 2144,Packaging,Specialty,Each,464.49,1097.75,Active
2145,PROD-002145,757,Atlas Product 2145,Electronics,Premium,Kg,128.84,262.71,Active
2146,PROD-002146,268,Atlas Product 2146,Electronics,Standard,Meter,64.35,84.74,Active
2147,PROD-002147,929,Atlas Product 2147,Components,Standard,Liter,231.99,312.22,Active
2148,PROD-002148,728,Atlas Product 2148,Industrial Equipment,Standard,Meter,146.05,356.6,Active
2149,PROD-002149,416,Atlas Product 2149,Industrial Equipment,Standard,Liter,67.85,112.84,Inactive
2150,PROD-002150,824,Atlas Product 2150,Electronics,Specialty,Kg,497.53,999.7,Active
2151,PROD-002151,7,Atlas Product 2151,Raw Materials,Premium,Kg,99.03,140.19,Active
2152,PROD-002152,641,Atlas Product 2152,Packaging,Specialty,Liter,109.74,183.72,Inactive
2153,PROD-002153,409,Atlas Product 2153,Components,Premium,Meter,477.6,1125.15,Active
2154,PROD-002154,242,Atlas Product 2154,Industrial Equipment,Standard,Liter,269.36,390.45,Active
2155,PROD-002155,457,Atlas Product 2155,Raw Materials,Specialty,Kg,234.89,343.37,Active
2156,PROD-002156,576,Atlas Product 2156,Industrial Equipment,Standard,Liter,492.25,1131.4,Active
2157,PROD-002157,331,Atlas Product 2157,Components,Standard,Kg,291.88,394.05,Active
2158,PROD-002158,202,Atlas Product 2158,Components,Standard,Meter,165.81,404.56,Active
2159,PROD-002159,62,Atlas Product 2159,Industrial Equipment,Standard,Meter,48.95,104.68,Active
2160,PROD-002160,627,Atlas Product 2160,Components,Specialty,Liter,307.58,699.01,Active
2161,PROD-002161,676,Atlas Product 2161,Raw Materials,Specialty,Meter,296.16,483.76,Active
2162,PROD-002162,74,Atlas Product 2162,Industrial Equipment,Premium,Each,248.43,413.41,Inactive
2163,PROD-002163,821,Atlas Product 2163,Components,Specialty,Each,468.59,979.99,Active
2164,PROD-002164,219,Atlas Product 2164,Raw Materials,Standard,Meter,303.77,480.94,Active
2165,PROD-002165,622,Atlas Product 2165,Industrial Equipment,Premium,Each,372.82,719.49,Active
2166,PROD-002166,935,Atlas Product 2166,Electronics,Standard,Meter,168.39,238.3,Active
2167,PROD-002167,606,Atlas Product 2167,Components,Specialty,Kg,262.2,610.2,Active
2168,PROD-002168,223,Atlas Product 2168,Raw Materials,Standard,Liter,436.98,925.56,Active
2169,PROD-002169,116,Atlas Product 2169,Packaging,Standard,Each,268.92,413.99,Active
2170,PROD-002170,850,Atlas Product 2170,Electronics,Premium,Each,338.86,617.23,Active
2171,PROD-002171,513,Atlas Product 2171,Components,Specialty,Kg,444.89,1061.88,Active
2172,PROD-002172,806,Atlas Product 2172,Raw Materials,Standard,Kg,404.43,882.54,Active
2173,PROD-002173,140,Atlas Product 2173,Industrial Equipment,Premium,Kg,382.51,838.46,Active
2174,PROD-002174,116,Atlas Product 2174,Electronics,Specialty,Meter,164.13,306.37,Active
2175,PROD-002175,4,Atlas Product 2175,Packaging,Standard,Each,372.82,868.44,Active
2176,PROD-002176,896,Atlas Product 2176,Electronics,Standard,Liter,178.5,242.55,Active
2177,PROD-002177,614,Atlas Product 2177,Components,Premium,Kg,34.79,50.41,Active
2178,PROD-002178,434,Atlas Product 2178,Components,Standard,Each,430.6,675.03,Active
2179,PROD-002179,794,Atlas Product 2179,Components,Standard,Each,255.96,421.67,Active
2180,PROD-002180,757,Atlas Product 2180,Raw Materials,Standard,Meter,126.2,162.54,Inactive
2181,PROD-002181,197,Atlas Product 2181,Raw Materials,Specialty,Kg,88.47,171.27,Active
2182,PROD-002182,462,Atlas Product 2182,Raw Materials,Premium,Liter,330.63,712.81,Active
2183,PROD-002183,593,Atlas Product 2183,Electronics,Specialty,Kg,388.71,858.11,Active
2184,PROD-002184,26,Atlas Product 2184,Industrial Equipment,Standard,Each,343.76,688.41,Inactive
2185,PROD-002185,88,Atlas Product 2185,Electronics,Standard,Each,454.88,584.19,Active
2186,PROD-002186,988,Atlas Product 2186,Industrial Equipment,Premium,Kg,237.87,299.07,Active
2187,PROD-002187,277,Atlas Product 2187,Raw Materials,Premium,Kg,226.22,422.52,Active
2188,PROD-002188,154,Atlas Product 2188,Packaging,Standard,Each,474.92,694.96,Active
2189,PROD-002189,539,Atlas Product 2189,Packaging,Standard,Kg,245.76,390.59,Active
2190,PROD-002190,102,Atlas Product 2190,Raw Materials,Standard,Kg,187.11,433.28,Active
2191,PROD-002191,512,Atlas Product 2191,Components,Premium,Kg,485.43,1028.41,Active
2192,PROD-002192,76,Atlas Product 2192,Industrial Equipment,Standard,Meter,120.6,223.01,Active
2193,PROD-002193,403,Atlas Product 2193,Industrial Equipment,Premium,Meter,379.68,940.1,Active
2194,PROD-002194,770,Atlas Product 2194,Components,Premium,Kg,144.26,310.33,Active
2195,PROD-002195,9,Atlas Product 2195,Electronics,Premium,Kg,307.2,420.41,Active
2196,PROD-002196,209,Atlas Product 2196,Industrial Equipment,Standard,Kg,484.7,1139.09,Active
2197,PROD-002197,637,Atlas Product 2197,Components,Standard,Meter,85.86,154.82,Active
2198,PROD-002198,94,Atlas Product 2198,Electronics,Standard,Meter,158.24,253.65,Active
2199,PROD-002199,151,Atlas Product 2199,Components,Specialty,Kg,386.44,740.96,Active
2200,PROD-002200,296,Atlas Product 2200,Industrial Equipment,Standard,Meter,413.33,563.9,Inactive
2201,PROD-002201,185,Atlas Product 2201,Packaging,Premium,Liter,462.06,1145.16,Active
2202,PROD-002202,952,Atlas Product 2202,Components,Standard,Liter,387.41,516.05,Active
2203,PROD-002203,619,Atlas Product 2203,Electronics,Standard,Kg,311.1,396.27,Active
2204,PROD-002204,402,Atlas Product 2204,Raw Materials,Premium,Meter,188.67,402.22,Active
2205,PROD-002205,926,Atlas Product 2205,Raw Materials,Premium,Each,468.51,597.38,Active
2206,PROD-002206,647,Atlas Product 2206,Raw Materials,Specialty,Liter,454.53,845.5,Active
2207,PROD-002207,683,Atlas Product 2207,Components,Standard,Kg,41.43,60.2,Active
2208,PROD-002208,403,Atlas Product 2208,Raw Materials,Specialty,Kg,387.05,626.12,Active
2209,PROD-002209,413,Atlas Product 2209,Packaging,Premium,Meter,336.57,599.14,Active
2210,PROD-002210,383,Atlas Product 2210,Industrial Equipment,Standard,Meter,17.45,39.8,Active
2211,PROD-002211,827,Atlas Product 2211,Components,Premium,Meter,435.73,731.68,Inactive
2212,PROD-002212,884,Atlas Product 2212,Industrial Equipment,Premium,Kg,390.21,627.83,Active
2213,PROD-002213,434,Atlas Product 2213,Industrial Equipment,Specialty,Liter,409.99,959.98,Active
2214,PROD-002214,170,Atlas Product 2214,Industrial Equipment,Specialty,Kg,229.6,519.56,Active
2215,PROD-002215,540,Atlas Product 2215,Industrial Equipment,Standard,Kg,197.03,452.72,Active
2216,PROD-002216,569,Atlas Product 2216,Packaging,Premium,Liter,474.02,778.5,Active
2217,PROD-002217,481,Atlas Product 2217,Raw Materials,Premium,Liter,210.44,421.71,Inactive
2218,PROD-002218,914,Atlas Product 2218,Packaging,Premium,Liter,473.47,998.07,Active
2219,PROD-002219,790,Atlas Product 2219,Raw Materials,Specialty,Meter,423.71,1050.31,Active
2220,PROD-002220,112,Atlas Product 2220,Raw Materials,Standard,Meter,62.42,135.52,Active
2221,PROD-002221,396,Atlas Product 2221,Raw Materials,Standard,Meter,165.95,329.25,Active
2222,PROD-002222,858,Atlas Product 2222,Electronics,Premium,Liter,421.6,589.27,Active
2223,PROD-002223,412,Atlas Product 2223,Packaging,Premium,Meter,338.13,602.13,Active
2224,PROD-002224,452,Atlas Product 2224,Packaging,Premium,Liter,125.78,241.83,Active
2225,PROD-002225,528,Atlas Product 2225,Raw Materials,Premium,Kg,33.17,77.42,Active
2226,PROD-002226,774,Atlas Product 2226,Industrial Equipment,Specialty,Liter,397.15,680.12,Inactive
2227,PROD-002227,558,Atlas Product 2227,Electronics,Standard,Meter,370.7,534.6,Active
2228,PROD-002228,498,Atlas Product 2228,Electronics,Premium,Meter,314.79,480.94,Active
2229,PROD-002229,693,Atlas Product 2229,Raw Materials,Specialty,Liter,446.32,921.41,Inactive
2230,PROD-002230,296,Atlas Product 2230,Packaging,Premium,Kg,192.93,277.77,Active
2231,PROD-002231,588,Atlas Product 2231,Electronics,Specialty,Liter,436.68,929.47,Inactive
2232,PROD-002232,200,Atlas Product 2232,Packaging,Standard,Kg,259.32,330.07,Active
2233,PROD-002233,322,Atlas Product 2233,Industrial Equipment,Premium,Each,439.06,937.92,Active
2234,PROD-002234,50,Atlas Product 2234,Components,Premium,Liter,168.34,261.17,Active
2235,PROD-002235,136,Atlas Product 2235,Raw Materials,Specialty,Kg,50.59,122.19,Active
2236,PROD-002236,824,Atlas Product 2236,Components,Specialty,Meter,418.28,839.55,Active
2237,PROD-002237,169,Atlas Product 2237,Industrial Equipment,Premium,Kg,346.36,811.45,Active
2238,PROD-002238,748,Atlas Product 2238,Packaging,Standard,Meter,395.88,903.13,Active
2239,PROD-002239,687,Atlas Product 2239,Industrial Equipment,Premium,Kg,19.36,36.46,Active
2240,PROD-002240,383,Atlas Product 2240,Electronics,Specialty,Kg,186.4,376.18,Active
2241,PROD-002241,346,Atlas Product 2241,Electronics,Premium,Kg,24.8,60.7,Active
2242,PROD-002242,363,Atlas Product 2242,Raw Materials,Standard,Meter,384.49,526.1,Active
2243,PROD-002243,401,Atlas Product 2243,Electronics,Premium,Each,121.69,245.53,Active
2244,PROD-002244,647,Atlas Product 2244,Packaging,Premium,Meter,38.27,69.0,Active
2245,PROD-002245,144,Atlas Product 2245,Industrial Equipment,Standard,Kg,173.56,372.74,Active
2246,PROD-002246,791,Atlas Product 2246,Components,Specialty,Liter,83.06,130.8,Active
2247,PROD-002247,269,Atlas Product 2247,Electronics,Specialty,Liter,160.13,265.94,Active
2248,PROD-002248,70,Atlas Product 2248,Industrial Equipment,Standard,Each,114.53,285.28,Active
2249,PROD-002249,504,Atlas Product 2249,Electronics,Premium,Each,157.93,255.76,Active
2250,PROD-002250,831,Atlas Product 2250,Packaging,Specialty,Kg,269.51,425.71,Active
2251,PROD-002251,817,Atlas Product 2251,Industrial Equipment,Specialty,Meter,159.81,388.93,Active
2252,PROD-002252,166,Atlas Product 2252,Raw Materials,Specialty,Liter,63.12,89.88,Active
2253,PROD-002253,385,Atlas Product 2253,Industrial Equipment,Standard,Meter,19.23,40.27,Active
2254,PROD-002254,161,Atlas Product 2254,Components,Specialty,Kg,52.47,77.68,Active
2255,PROD-002255,849,Atlas Product 2255,Packaging,Standard,Each,37.55,65.12,Active
2256,PROD-002256,747,Atlas Product 2256,Raw Materials,Specialty,Liter,44.91,77.05,Active
2257,PROD-002257,305,Atlas Product 2257,Raw Materials,Specialty,Liter,477.8,988.69,Active
2258,PROD-002258,923,Atlas Product 2258,Packaging,Standard,Liter,11.96,27.84,Active
2259,PROD-002259,106,Atlas Product 2259,Raw Materials,Specialty,Kg,358.53,538.06,Active
2260,PROD-002260,456,Atlas Product 2260,Raw Materials,Specialty,Meter,242.26,410.97,Active
2261,PROD-002261,259,Atlas Product 2261,Electronics,Standard,Liter,37.56,73.69,Active
2262,PROD-002262,514,Atlas Product 2262,Electronics,Standard,Liter,323.21,806.44,Active
2263,PROD-002263,286,Atlas Product 2263,Industrial Equipment,Specialty,Kg,17.69,23.57,Active
2264,PROD-002264,265,Atlas Product 2264,Electronics,Premium,Kg,177.11,311.57,Active
2265,PROD-002265,243,Atlas Product 2265,Packaging,Premium,Kg,68.66,137.15,Active
2266,PROD-002266,281,Atlas Product 2266,Electronics,Standard,Kg,318.7,408.25,Inactive
2267,PROD-002267,587,Atlas Product 2267,Electronics,Premium,Liter,244.31,549.07,Active
2268,PROD-002268,456,Atlas Product 2268,Packaging,Premium,Liter,208.24,267.68,Active
2269,PROD-002269,754,Atlas Product 2269,Packaging,Specialty,Each,37.28,82.6,Inactive
2270,PROD-002270,450,Atlas Product 2270,Components,Specialty,Liter,298.39,478.16,Active
2271,PROD-002271,507,Atlas Product 2271,Electronics,Standard,Liter,222.97,402.2,Active
2272,PROD-002272,24,Atlas Product 2272,Packaging,Specialty,Each,497.17,761.06,Active
2273,PROD-002273,360,Atlas Product 2273,Packaging,Premium,Liter,93.89,192.29,Active
2274,PROD-002274,52,Atlas Product 2274,Industrial Equipment,Specialty,Meter,326.2,451.79,Active
2275,PROD-002275,289,Atlas Product 2275,Industrial Equipment,Specialty,Kg,183.19,293.6,Inactive
2276,PROD-002276,498,Atlas Product 2276,Raw Materials,Premium,Liter,50.61,81.27,Active
2277,PROD-002277,552,Atlas Product 2277,Industrial Equipment,Specialty,Liter,149.45,207.8,Active
2278,PROD-002278,366,Atlas Product 2278,Electronics,Standard,Meter,82.69,160.02,Active
2279,PROD-002279,664,Atlas Product 2279,Packaging,Specialty,Liter,44.68,85.1,Active
2280,PROD-002280,722,Atlas Product 2280,Components,Standard,Each,364.95,834.13,Active
2281,PROD-002281,912,Atlas Product 2281,Packaging,Specialty,Meter,177.35,349.79,Active
2282,PROD-002282,287,Atlas Product 2282,Electronics,Premium,Liter,359.14,813.09,Active
2283,PROD-002283,821,Atlas Product 2283,Components,Premium,Liter,265.31,487.27,Active
2284,PROD-002284,507,Atlas Product 2284,Raw Materials,Standard,Kg,26.77,37.01,Active
2285,PROD-002285,601,Atlas Product 2285,Electronics,Premium,Meter,59.24,103.1,Active
2286,PROD-002286,350,Atlas Product 2286,Components,Standard,Meter,332.37,524.32,Active
2287,PROD-002287,492,Atlas Product 2287,Packaging,Standard,Meter,137.31,328.08,Active
2288,PROD-002288,140,Atlas Product 2288,Raw Materials,Specialty,Meter,282.64,454.66,Active
2289,PROD-002289,902,Atlas Product 2289,Electronics,Standard,Liter,372.15,848.41,Active
2290,PROD-002290,532,Atlas Product 2290,Packaging,Specialty,Kg,193.03,377.01,Active
2291,PROD-002291,690,Atlas Product 2291,Industrial Equipment,Premium,Liter,19.15,45.62,Active
2292,PROD-002292,800,Atlas Product 2292,Components,Premium,Each,370.46,584.24,Active
2293,PROD-002293,310,Atlas Product 2293,Components,Premium,Kg,440.54,758.33,Active
2294,PROD-002294,901,Atlas Product 2294,Packaging,Specialty,Liter,200.3,316.32,Active
2295,PROD-002295,364,Atlas Product 2295,Electronics,Specialty,Kg,391.03,752.18,Active
2296,PROD-002296,687,Atlas Product 2296,Raw Materials,Premium,Meter,287.42,700.16,Active
2297,PROD-002297,77,Atlas Product 2297,Components,Specialty,Liter,328.97,438.1,Active
2298,PROD-002298,4,Atlas Product 2298,Components,Specialty,Kg,396.09,724.1,Active
2299,PROD-002299,209,Atlas Product 2299,Raw Materials,Specialty,Kg,97.95,217.13,Active
2300,PROD-002300,235,Atlas Product 2300,Packaging,Premium,Kg,338.78,562.09,Active
2301,PROD-002301,329,Atlas Product 2301,Electronics,Specialty,Kg,30.52,43.07,Active
2302,PROD-002302,249,Atlas Product 2302,Packaging,Premium,Kg,34.48,69.57,Active
2303,PROD-002303,307,Atlas Product 2303,Components,Premium,Kg,267.06,446.11,Active
2304,PROD-002304,865,Atlas Product 2304,Components,Premium,Kg,480.38,1189.78,Active
2305,PROD-002305,122,Atlas Product 2305,Packaging,Specialty,Liter,243.29,415.43,Active
2306,PROD-002306,829,Atlas Product 2306,Packaging,Standard,Each,88.33,156.41,Inactive
2307,PROD-002307,61,Atlas Product 2307,Industrial Equipment,Standard,Liter,152.52,327.26,Active
2308,PROD-002308,695,Atlas Product 2308,Electronics,Specialty,Meter,84.48,110.46,Active
2309,PROD-002309,96,Atlas Product 2309,Packaging,Premium,Kg,486.59,897.38,Active
2310,PROD-002310,183,Atlas Product 2310,Electronics,Premium,Liter,190.04,320.86,Active
2311,PROD-002311,85,Atlas Product 2311,Industrial Equipment,Premium,Meter,439.67,734.03,Inactive
2312,PROD-002312,945,Atlas Product 2312,Industrial Equipment,Premium,Meter,350.5,515.21,Active
2313,PROD-002313,707,Atlas Product 2313,Industrial Equipment,Premium,Meter,313.05,547.0,Active
2314,PROD-002314,842,Atlas Product 2314,Electronics,Premium,Liter,346.46,856.57,Active
2315,PROD-002315,197,Atlas Product 2315,Electronics,Premium,Meter,201.51,363.51,Active
2316,PROD-002316,748,Atlas Product 2316,Components,Premium,Liter,208.28,307.65,Active
2317,PROD-002317,479,Atlas Product 2317,Industrial Equipment,Standard,Kg,107.1,200.99,Active
2318,PROD-002318,823,Atlas Product 2318,Electronics,Specialty,Each,83.88,113.47,Inactive
2319,PROD-002319,202,Atlas Product 2319,Components,Standard,Kg,106.2,215.09,Active
2320,PROD-002320,307,Atlas Product 2320,Components,Standard,Liter,220.31,512.13,Active
2321,PROD-002321,506,Atlas Product 2321,Electronics,Standard,Kg,468.51,655.95,Active
2322,PROD-002322,887,Atlas Product 2322,Packaging,Specialty,Liter,415.99,769.91,Active
2323,PROD-002323,473,Atlas Product 2323,Electronics,Specialty,Kg,131.97,291.58,Active
2324,PROD-002324,214,Atlas Product 2324,Packaging,Standard,Kg,174.81,284.94,Active
2325,PROD-002325,366,Atlas Product 2325,Components,Premium,Liter,151.44,260.24,Active
2326,PROD-002326,531,Atlas Product 2326,Packaging,Premium,Kg,445.03,851.42,Active
2327,PROD-002327,109,Atlas Product 2327,Industrial Equipment,Specialty,Liter,366.57,638.27,Active
2328,PROD-002328,875,Atlas Product 2328,Components,Premium,Each,94.6,223.15,Active
2329,PROD-002329,84,Atlas Product 2329,Raw Materials,Specialty,Meter,143.64,275.22,Inactive
2330,PROD-002330,301,Atlas Product 2330,Industrial Equipment,Standard,Liter,463.57,1148.87,Active
2331,PROD-002331,341,Atlas Product 2331,Electronics,Standard,Kg,191.72,349.42,Active
2332,PROD-002332,691,Atlas Product 2332,Components,Premium,Liter,403.32,719.0,Active
2333,PROD-002333,409,Atlas Product 2333,Packaging,Standard,Kg,435.48,964.8,Inactive
2334,PROD-002334,225,Atlas Product 2334,Electronics,Specialty,Each,323.78,674.01,Active
2335,PROD-002335,540,Atlas Product 2335,Industrial Equipment,Unknown,Each,487.19,1216.64,Active
2336,PROD-002336,163,Atlas Product 2336,Packaging,Standard,Kg,34.1,72.28,Active
2337,PROD-002337,744,Atlas Product 2337,Raw Materials,Specialty,Meter,248.6,332.83,Active
2338,PROD-002338,136,Atlas Product 2338,Electronics,Standard,Meter,204.91,338.32,Active
2339,PROD-002339,31,Atlas Product 2339,Packaging,Premium,Meter,185.4,441.25,Active
2340,PROD-002340,75,Atlas Product 2340,Packaging,Specialty,Liter,143.37,262.5,Active
2341,PROD-002341,965,Atlas Product 2341,Industrial Equipment,Specialty,Meter,185.24,249.79,Active
2342,PROD-002342,746,Atlas Product 2342,Electronics,Specialty,Meter,404.78,613.14,Active
2343,PROD-002343,973,Atlas Product 2343,Components,Specialty,Kg,335.94,727.38,Active
2344,PROD-002344,711,Atlas Product 2344,Components,Specialty,Kg,250.69,375.83,Active
2345,PROD-002345,650,Atlas Product 2345,Packaging,Premium,Kg,179.27,390.42,Active
2346,PROD-002346,273,Atlas Product 2346,Packaging,Premium,Liter,368.12,756.5,Active
2347,PROD-002347,252,Atlas Product 2347,Electronics,Premium,Kg,317.5,622.77,Inactive
2348,PROD-002348,416,Atlas Product 2348,Packaging,Standard,Kg,407.92,839.41,Active
2349,PROD-002349,468,Atlas Product 2349,Industrial Equipment,Standard,Liter,496.27,1199.94,Active
2350,PROD-002350,872,Atlas Product 2350,Industrial Equipment,Premium,Kg,295.15,509.65,Active
2351,PROD-002351,484,Atlas Product 2351,Packaging,Premium,Meter,335.0,702.3,Active
2352,PROD-002352,14,Atlas Product 2352,Electronics,Specialty,Each,119.5,174.28,Active
2353,PROD-002353,389,Atlas Product 2353,Components,Premium,Liter,497.98,935.45,Active
2354,PROD-002354,341,Atlas Product 2354,Industrial Equipment,Premium,Meter,35.03,54.77,Active
2355,PROD-002355,553,Atlas Product 2355,Packaging,Specialty,Kg,45.02,59.35,Active
2356,PROD-002356,921,Atlas Product 2356,Components,Standard,Kg,243.69,537.06,Active
2357,PROD-002357,479,Atlas Product 2357,Packaging,Standard,Meter,105.53,191.4,Active
2358,PROD-002358,698,Atlas Product 2358,Industrial Equipment,Specialty,Meter,104.12,225.93,Active
2359,PROD-002359,733,Atlas Product 2359,Electronics,Specialty,Each,419.0,622.72,Active
2360,PROD-002360,484,Atlas Product 2360,Components,Specialty,Each,80.43,112.78,Active
2361,PROD-002361,149,Atlas Product 2361,Components,Specialty,Meter,332.17,451.62,Active
2362,PROD-002362,694,Atlas Product 2362,Components,Specialty,Liter,324.92,769.35,Active
2363,PROD-002363,345,Atlas Product 2363,Raw Materials,Premium,Meter,490.36,672.16,Active
2364,PROD-002364,538,Atlas Product 2364,Raw Materials,Premium,Liter,174.79,261.79,Active
2365,PROD-002365,930,Atlas Product 2365,Raw Materials,Specialty,Each,32.99,48.49,Active
2366,PROD-002366,76,Atlas Product 2366,Electronics,Standard,Meter,401.13,896.68,Active
2367,PROD-002367,353,Atlas Product 2367,Components,Premium,Liter,279.83,642.96,Active
2368,PROD-002368,196,Atlas Product 2368,Components,Specialty,Kg,335.05,573.79,Active
2369,PROD-002369,312,Atlas Product 2369,Packaging,Premium,Meter,37.98,66.02,Active
2370,PROD-002370,354,Atlas Product 2370,Components,Specialty,Liter,38.16,79.3,Inactive
2371,PROD-002371,661,Atlas Product 2371,Packaging,Standard,Meter,242.34,601.37,Active
2372,PROD-002372,117,Atlas Product 2372,Electronics,Standard,Liter,12.88,18.73,Active
2373,PROD-002373,631,Atlas Product 2373,Electronics,Premium,Meter,480.9,713.35,Active
2374,PROD-002374,218,Atlas Product 2374,Packaging,Specialty,Meter,428.09,825.48,Active
2375,PROD-002375,830,Atlas Product 2375,Electronics,Standard,Kg,73.31,146.33,Active
2376,PROD-002376,877,Atlas Product 2376,Electronics,Standard,Kg,168.69,247.39,Active
2377,PROD-002377,620,Atlas Product 2377,Raw Materials,Standard,Liter,478.08,821.3,Active
2378,PROD-002378,423,Atlas Product 2378,Raw Materials,Premium,Liter,208.43,277.45,Active
2379,PROD-002379,738,Atlas Product 2379,Components,Standard,Liter,220.37,472.04,Active
2380,PROD-002380,252,Atlas Product 2380,Packaging,Premium,Liter,334.39,819.93,Inactive
2381,PROD-002381,82,Atlas Product 2381,Components,Premium,Liter,29.0,66.7,Active
2382,PROD-002382,326,Atlas Product 2382,Packaging,Specialty,Meter,496.1,657.11,Active
2383,PROD-002383,611,Atlas Product 2383,Raw Materials,Specialty,Each,201.87,342.49,Active
2384,PROD-002384,630,Atlas Product 2384,Industrial Equipment,Standard,Each,32.16,68.33,Active
2385,PROD-002385,806,Atlas Product 2385,Components,Specialty,Meter,97.21,135.87,Active
2386,PROD-002386,39,Atlas Product 2386,Packaging,Specialty,Meter,156.85,338.22,Active
2387,PROD-002387,214,Atlas Product 2387,Components,Standard,Liter,215.37,377.02,Active
2388,PROD-002388,639,Atlas Product 2388,Components,Specialty,Liter,351.5,793.98,Active
2389,PROD-002389,498,Atlas Product 2389,Raw Materials,Standard,Kg,212.39,340.76,Active
2390,PROD-002390,10,Atlas Product 2390,Industrial Equipment,Standard,Liter,120.33,243.31,Active
2391,PROD-002391,210,Atlas Product 2391,Components,Specialty,Each,270.26,578.48,Active
2392,PROD-002392,47,Atlas Product 2392,Industrial Equipment,Standard,Meter,155.27,341.14,Active
2393,PROD-002393,813,Atlas Product 2393,Raw Materials,Specialty,Each,159.84,315.27,Active
2394,PROD-002394,66,Atlas Product 2394,Raw Materials,Specialty,Each,39.86,54.81,Active
2395,PROD-002395,170,Atlas Product 2395,Electronics,Standard,Kg,87.02,147.19,Active
2396,PROD-002396,68,Atlas Product 2396,Packaging,Standard,Kg,76.59,173.19,Active
2397,PROD-002397,682,Atlas Product 2397,Industrial Equipment,Specialty,Each,195.1,438.28,Active
2398,PROD-002398,218,Atlas Product 2398,Packaging,Specialty,Meter,325.72,593.24,Active
2399,PROD-002399,451,Atlas Product 2399,Industrial Equipment,Specialty,Meter,393.38,950.47,Active
2400,PROD-002400,83,Atlas Product 2400,Electronics,Specialty,Meter,333.66,639.71,Active
2401,PROD-002401,101,Atlas Product 2401,Raw Materials,Specialty,Liter,217.87,507.45,Active
2402,PROD-002402,589,Atlas Product 2402,Raw Materials,Specialty,Meter,179.31,238.06,Active
2403,PROD-002403,181,Atlas Product 2403,Raw Materials,Specialty,Liter,258.25,328.0,Active
2404,PROD-002404,706,Atlas Product 2404,Raw Materials,Specialty,Meter,116.52,222.76,Active
2405,PROD-002405,953,Atlas Product 2405,Components,Standard,Each,195.7,473.61,Inactive
2406,PROD-002406,193,Atlas Product 2406,Packaging,Premium,Each,214.68,344.4,Inactive
2407,PROD-002407,331,Atlas Product 2407,Electronics,Standard,Meter,215.04,513.15,Inactive
2408,PROD-002408,992,Atlas Product 2408,Raw Materials,Premium,Each,474.71,1051.73,Active
2409,PROD-002409,158,Atlas Product 2409,Raw Materials,Standard,Each,299.05,503.87,Active
2410,PROD-002410,946,Atlas Product 2410,Raw Materials,Premium,Meter,359.75,708.14,Active
2411,PROD-002411,361,Atlas Product 2411,Packaging,Premium,Meter,399.29,965.06,Active
2412,PROD-002412,403,Atlas Product 2412,Industrial Equipment,Premium,Meter,466.6,667.65,Active
2413,PROD-002413,705,Atlas Product 2413,Raw Materials,Specialty,Liter,371.44,851.41,Active
2414,PROD-002414,967,Atlas Product 2414,Electronics,Standard,Kg,271.96,515.64,Active
2415,PROD-002415,679,Atlas Product 2415,Industrial Equipment,Standard,Kg,392.78,917.58,Active
2416,PROD-002416,276,Atlas Product 2416,Packaging,Specialty,Meter,466.55,938.67,Active
2417,PROD-002417,82,Atlas Product 2417,Components,Specialty,Liter,103.25,148.2,Active
2418,PROD-002418,489,Atlas Product 2418,Components,Premium,Each,317.73,771.88,Active
2419,PROD-002419,447,Atlas Product 2419,Packaging,Specialty,Each,374.8,927.14,Inactive
2420,PROD-002420,994,Atlas Product 2420,Electronics,Standard,Each,104.16,151.64,Inactive
2421,PROD-002421,405,Atlas Product 2421,Industrial Equipment,Specialty,Kg,495.73,725.93,Active
2422,PROD-002422,688,Atlas Product 2422,Components,Standard,Meter,163.41,376.18,Active
2423,PROD-002423,253,Atlas Product 2423,Industrial Equipment,Specialty,Meter,342.12,485.13,Active
2424,PROD-002424,924,Atlas Product 2424,Packaging,Standard,Meter,250.11,330.06,Active
2425,PROD-002425,440,Atlas Product 2425,Components,Specialty,Each,47.17,69.88,Active
2426,PROD-002426,510,Atlas Product 2426,Components,Specialty,Meter,177.82,336.7,Active
2427,PROD-002427,317,Atlas Product 2427,Raw Materials,Specialty,Each,259.99,566.36,Active
2428,PROD-002428,241,Atlas Product 2428,Electronics,Specialty,Each,330.46,569.49,Active
2429,PROD-002429,346,Atlas Product 2429,Packaging,Specialty,Kg,433.82,817.06,Active
2430,PROD-002430,350,Atlas Product 2430,Raw Materials,Standard,Liter,22.64,39.23,Active
2431,PROD-002431,748,Atlas Product 2431,Components,Standard,Liter,367.45,567.14,Active
2432,PROD-002432,988,Atlas Product 2432,Raw Materials,Standard,Kg,173.86,254.13,Active
2433,PROD-002433,141,Atlas Product 2433,Packaging,Premium,Liter,155.2,214.35,Active
2434,PROD-002434,77,Atlas Product 2434,Components,Premium,Kg,449.22,662.36,Active
2435,PROD-002435,176,Atlas Product 2435,Raw Materials,Standard,Liter,239.7,382.86,Active
2436,PROD-002436,682,Atlas Product 2436,Components,Standard,Liter,233.39,374.12,Active
2437,PROD-002437,666,Atlas Product 2437,Electronics,Standard,Each,16.44,22.11,Inactive
2438,PROD-002438,962,Atlas Product 2438,Industrial Equipment,Premium,Meter,175.18,400.17,Active
2439,PROD-002439,973,Atlas Product 2439,Packaging,Specialty,Each,96.94,181.28,Active
2440,PROD-002440,899,Atlas Product 2440,Electronics,Standard,Meter,182.09,368.64,Active
2441,PROD-002441,512,Atlas Product 2441,Industrial Equipment,Specialty,Meter,54.94,132.86,Active
2442,PROD-002442,854,Atlas Product 2442,Raw Materials,Standard,Liter,408.98,730.98,Active
2443,PROD-002443,673,Atlas Product 2443,Components,Specialty,Kg,439.54,950.15,Active
2444,PROD-002444,106,Atlas Product 2444,Industrial Equipment,Specialty,Liter,122.21,209.51,Active
2445,PROD-002445,703,Atlas Product 2445,Electronics,Specialty,Each,345.19,839.06,Active
2446,PROD-002446,959,Atlas Product 2446,Electronics,Specialty,Liter,420.92,832.71,Active
2447,PROD-002447,18,Atlas Product 2447,Electronics,Standard,Kg,345.58,467.16,Active
2448,PROD-002448,34,Atlas Product 2448,Raw Materials,Standard,Liter,127.91,177.63,Active
2449,PROD-002449,806,Atlas Product 2449,Components,Premium,Liter,333.03,473.32,Active
2450,PROD-002450,310,Atlas Product 2450,Electronics,Specialty,Meter,399.22,723.52,Inactive
2451,PROD-002451,32,Atlas Product 2451,Electronics,Premium,Kg,452.23,1027.95,Active
2452,PROD-002452,953,Atlas Product 2452,Electronics,Specialty,Each,455.07,643.68,Active
2453,PROD-002453,269,Atlas Product 2453,Industrial Equipment,Standard,Meter,271.3,613.59,Active
2454,PROD-002454,767,Atlas Product 2454,Raw Materials,Specialty,Liter,381.32,842.15,Inactive
2455,PROD-002455,748,Atlas Product 2455,Raw Materials,Specialty,Kg,165.47,275.55,Active
2456,PROD-002456,961,Atlas Product 2456,Raw Materials,Standard,Liter,188.18,440.82,Inactive
2457,PROD-002457,267,Atlas Product 2457,Electronics,Standard,Each,167.72,231.08,Active
2458,PROD-002458,240,Atlas Product 2458,Packaging,Specialty,Each,420.54,885.59,Inactive
2459,PROD-002459,957,Atlas Product 2459,Electronics,Standard,Kg,197.16,457.8,Active
2460,PROD-002460,720,Atlas Product 2460,Electronics,Standard,Liter,413.33,749.92,Active
2461,PROD-002461,23,Atlas Product 2461,Electronics,Specialty,Each,388.12,579.41,Active
2462,PROD-002462,764,Atlas Product 2462,Components,Standard,Each,381.78,919.39,Active
2463,PROD-002463,499,Atlas Product 2463,Industrial Equipment,Specialty,Kg,100.92,238.8,Active
2464,PROD-002464,836,Atlas Product 2464,Packaging,Premium,Liter,93.28,174.55,Inactive
2465,PROD-002465,473,Atlas Product 2465,Electronics,Premium,Liter,262.44,505.86,Active
2466,PROD-002466,791,Atlas Product 2466,Electronics,Standard,Kg,294.73,627.85,Active
2467,PROD-002467,383,Atlas Product 2467,Raw Materials,Premium,Each,211.41,275.18,Active
2468,PROD-002468,501,Atlas Product 2468,Raw Materials,Standard,Liter,256.53,420.73,Active
2469,PROD-002469,74,Atlas Product 2469,Industrial Equipment,Standard,Each,313.38,751.63,Active
2470,PROD-002470,16,Atlas Product 2470,Electronics,Specialty,Kg,341.71,697.19,Active
2471,PROD-002471,221,Atlas Product 2471,Packaging,Specialty,Kg,48.07,87.34,Active
2472,PROD-002472,577,Atlas Product 2472,Raw Materials,Standard,Kg,157.98,197.5,Active
2473,PROD-002473,642,Atlas Product 2473,Components,Specialty,Liter,108.35,237.83,Active
2474,PROD-002474,833,Atlas Product 2474,Raw Materials,Specialty,Each,496.28,973.44,Active
2475,PROD-002475,352,Atlas Product 2475,Raw Materials,Standard,Meter,245.46,545.87,Active
2476,PROD-002476,421,Atlas Product 2476,Raw Materials,Specialty,Kg,44.87,65.14,Active
2477,PROD-002477,777,Atlas Product 2477,Electronics,Premium,Meter,350.56,552.16,Active
2478,PROD-002478,320,Atlas Product 2478,Electronics,Premium,Each,277.11,570.39,Active
2479,PROD-002479,558,Atlas Product 2479,Raw Materials,Specialty,Each,103.78,170.69,Active
2480,PROD-002480,355,Atlas Product 2480,Electronics,Specialty,Meter,55.54,75.23,Active
2481,PROD-002481,776,Atlas Product 2481,Electronics,Specialty,Meter,485.18,660.81,Active
2482,PROD-002482,652,Atlas Product 2482,Components,Specialty,Kg,468.87,1054.05,Active
2483,PROD-002483,869,Atlas Product 2483,Components,Premium,Liter,95.45,189.68,Active
2484,PROD-002484,409,Atlas Product 2484,Industrial Equipment,Premium,Each,18.16,36.07,Active
2485,PROD-002485,985,Atlas Product 2485,Packaging,Premium,Each,330.87,675.07,Active
2486,PROD-002486,460,Atlas Product 2486,Electronics,Standard,Meter,397.93,553.35,Active
2487,PROD-002487,471,Atlas Product 2487,Industrial Equipment,Specialty,Liter,229.24,559.44,Inactive
2488,PROD-002488,740,Atlas Product 2488,Electronics,Standard,Meter,229.71,297.17,Active
2489,PROD-002489,71,Atlas Product 2489,Industrial Equipment,Specialty,Each,283.94,522.49,Active
2490,PROD-002490,581,Atlas Product 2490,Electronics,Standard,Liter,224.53,525.69,Inactive
2491,PROD-002491,585,Atlas Product 2491,Electronics,Standard,Each,80.21,167.31,Active
2492,PROD-002492,592,Atlas Product 2492,Packaging,Standard,Kg,41.6,75.86,Active
2493,PROD-002493,470,Atlas Product 2493,Industrial Equipment,Standard,Each,331.66,469.88,Active
2494,PROD-002494,698,Atlas Product 2494,Industrial Equipment,Standard,Meter,314.0,538.66,Active
2495,PROD-002495,273,Atlas Product 2495,Industrial Equipment,Specialty,Liter,355.33,504.54,Active
2496,PROD-002496,887,Atlas Product 2496,Packaging,Premium,Meter,257.54,411.94,Inactive
2497,PROD-002497,254,Atlas Product 2497,Raw Materials,Specialty,Meter,356.17,665.3,Active
2498,PROD-002498,462,Atlas Product 2498,Industrial Equipment,Premium,Liter,376.82,680.91,Active
2499,PROD-002499,991,Atlas Product 2499,Industrial Equipment,Standard,Meter,422.6,696.42,Active
2500,PROD-002500,136,Atlas Product 2500,Packaging,Premium,Liter,68.87,93.95,Active
2501,PROD-002501,96,Atlas Product 2501,Packaging,Standard,Each,91.6,146.49,Active
2502,PROD-002502,851,Atlas Product 2502,Industrial Equipment,Specialty,Liter,241.23,307.25,Active
2503,PROD-002503,47,Atlas Product 2503,Industrial Equipment,Specialty,Liter,134.16,208.28,Active
2504,PROD-002504,455,Atlas Product 2504,Raw Materials,Premium,Kg,23.53,42.93,Inactive
2505,PROD-002505,782,Atlas Product 2505,Packaging,Specialty,Liter,470.77,695.1,Inactive
2506,PROD-002506,799,Atlas Product 2506,Raw Materials,Standard,Meter,422.2,599.9,Active
2507,PROD-002507,298,Atlas Product 2507,Electronics,Specialty,Kg,161.74,218.17,Active
2508,PROD-002508,768,Atlas Product 2508,Raw Materials,Premium,Meter,243.6,590.45,Active
2509,PROD-002509,259,Atlas Product 2509,Electronics,Standard,Each,312.73,585.73,Active
2510,PROD-002510,328,Atlas Product 2510,Components,Standard,Each,103.41,219.41,Active
2511,PROD-002511,840,Atlas Product 2511,Components,Premium,Liter,243.19,606.46,Active
2512,PROD-002512,440,Atlas Product 2512,Components,Standard,Kg,10.88,20.81,Active
2513,PROD-002513,275,Atlas Product 2513,Raw Materials,Standard,Kg,88.39,178.72,Active
2514,PROD-002514,987,Atlas Product 2514,Raw Materials,Standard,Meter,167.58,213.97,Active
2515,PROD-002515,364,Atlas Product 2515,Industrial Equipment,Premium,Meter,330.96,755.87,Active
2516,PROD-002516,556,Atlas Product 2516,Industrial Equipment,Standard,Each,295.47,403.78,Active
2517,PROD-002517,615,Atlas Product 2517,Electronics,Specialty,Liter,243.8,307.74,Active
2518,PROD-002518,361,Atlas Product 2518,Packaging,Premium,Liter,250.77,462.27,Inactive
2519,PROD-002519,227,Atlas Product 2519,Packaging,Specialty,Kg,382.39,865.79,Active
2520,PROD-002520,989,Atlas Product 2520,Industrial Equipment,Standard,Liter,274.79,649.9,Active
2521,PROD-002521,406,Atlas Product 2521,Electronics,Standard,Each,281.93,552.46,Active
2522,PROD-002522,785,Atlas Product 2522,Industrial Equipment,Specialty,Liter,483.22,965.58,Active
2523,PROD-002523,34,Atlas Product 2523,Electronics,Premium,Meter,303.89,511.16,Active
2524,PROD-002524,37,Atlas Product 2524,Components,Specialty,Kg,19.03,39.94,Active
2525,PROD-002525,729,Atlas Product 2525,Raw Materials,Specialty,Each,388.53,830.53,Active
2526,PROD-002526,318,Atlas Product 2526,Packaging,Specialty,Each,134.06,225.49,Active
2527,PROD-002527,558,Atlas Product 2527,Industrial Equipment,Premium,Meter,95.21,173.06,Active
2528,PROD-002528,704,Atlas Product 2528,Components,Premium,Liter,433.97,955.54,Active
2529,PROD-002529,274,Atlas Product 2529,Electronics,Standard,Meter,358.68,793.65,Active
2530,PROD-002530,558,Atlas Product 2530,Components,Standard,Meter,357.52,590.77,Active
2531,PROD-002531,244,Atlas Product 2531,Packaging,Specialty,Meter,121.69,200.58,Active
2532,PROD-002532,776,Atlas Product 2532,Packaging,Standard,Kg,300.67,377.61,Active
2533,PROD-002533,113,Atlas Product 2533,Electronics,Specialty,Meter,375.68,652.97,Active
2534,PROD-002534,710,Atlas Product 2534,Industrial Equipment,Standard,Meter,175.52,384.17,Active
2535,PROD-002535,281,Atlas Product 2535,Components,Specialty,Meter,59.5,96.19,Active
2536,PROD-002536,636,Atlas Product 2536,Raw Materials,Premium,Each,310.51,754.54,Active
2537,PROD-002537,814,Atlas Product 2537,Industrial Equipment,Standard,Kg,264.69,477.46,Active
2538,PROD-002538,897,Atlas Product 2538,Raw Materials,Premium,Kg,445.93,731.15,Active
2539,PROD-002539,646,Atlas Product 2539,Industrial Equipment,Standard,Meter,150.88,309.15,Active
2540,PROD-002540,671,Atlas Product 2540,Industrial Equipment,Specialty,Liter,247.22,474.14,Active
2541,PROD-002541,906,Atlas Product 2541,Industrial Equipment,Premium,Each,62.58,141.33,Active
2542,PROD-002542,691,Atlas Product 2542,Components,Premium,Each,332.56,641.34,Active
2543,PROD-002543,950,Atlas Product 2543,Industrial Equipment,Specialty,Meter,221.27,352.58,Active
2544,PROD-002544,203,Atlas Product 2544,Packaging,Standard,Kg,175.2,395.16,Active
2545,PROD-002545,831,Atlas Product 2545,Packaging,Standard,Kg,54.63,104.09,Active
2546,PROD-002546,308,Atlas Product 2546,Industrial Equipment,Standard,Liter,285.11,426.93,Active
2547,PROD-002547,14,Atlas Product 2547,Components,Premium,Kg,392.44,848.88,Active
2548,PROD-002548,295,Atlas Product 2548,Industrial Equipment,Standard,Meter,459.39,993.05,Active
2549,PROD-002549,902,Atlas Product 2549,Electronics,Specialty,Liter,499.29,648.19,Active
2550,PROD-002550,607,Atlas Product 2550,Raw Materials,Specialty,Kg,10.76,21.05,Active
2551,PROD-002551,12,Atlas Product 2551,Packaging,Standard,Each,215.83,308.38,Active
2552,PROD-002552,171,Atlas Product 2552,Raw Materials,Premium,Kg,185.03,416.16,Active
2553,PROD-002553,716,Atlas Product 2553,Electronics,Specialty,Liter,58.36,110.98,Inactive
2554,PROD-002554,177,Atlas Product 2554,Industrial Equipment,Standard,Kg,447.22,1030.92,Active
2555,PROD-002555,734,Atlas Product 2555,Industrial Equipment,Specialty,Each,459.3,585.87,Active
2556,PROD-002556,675,Atlas Product 2556,Packaging,Standard,Meter,266.86,408.13,Active
2557,PROD-002557,221,Atlas Product 2557,Industrial Equipment,Premium,Kg,471.08,1124.05,Active
2558,PROD-002558,54,Atlas Product 2558,Components,Specialty,Meter,302.01,418.91,Inactive
2559,PROD-002559,926,Atlas Product 2559,Components,Standard,Meter,324.46,542.15,Active
2560,PROD-002560,208,Atlas Product 2560,Packaging,Specialty,Liter,110.04,243.96,Active
2561,PROD-002561,771,Atlas Product 2561,Electronics,Standard,Meter,489.72,612.98,Active
2562,PROD-002562,134,Atlas Product 2562,Components,Premium,Meter,113.24,242.1,Active
2563,PROD-002563,514,Atlas Product 2563,Components,Specialty,Meter,457.24,846.86,Active
2564,PROD-002564,776,Atlas Product 2564,Components,Premium,Meter,464.7,951.11,Active
2565,PROD-002565,381,Atlas Product 2565,Electronics,Specialty,Liter,368.57,915.04,Active
2566,PROD-002566,208,Atlas Product 2566,Electronics,Unknown,Meter,91.38,128.04,Active
2567,PROD-002567,329,Atlas Product 2567,Raw Materials,Specialty,Meter,364.11,793.09,Active
2568,PROD-002568,579,Atlas Product 2568,Packaging,Standard,Meter,356.48,780.55,Inactive
2569,PROD-002569,834,Atlas Product 2569,Industrial Equipment,Standard,Kg,263.98,640.02,Active
2570,PROD-002570,219,Atlas Product 2570,Components,Premium,Kg,153.18,316.49,Inactive
2571,PROD-002571,191,Atlas Product 2571,Packaging,Standard,Kg,194.2,358.52,Active
2572,PROD-002572,590,Atlas Product 2572,Electronics,Standard,Each,395.77,722.3,Active
2573,PROD-002573,610,Atlas Product 2573,Packaging,Premium,Liter,247.2,403.95,Inactive
2574,PROD-002574,384,Atlas Product 2574,Industrial Equipment,Specialty,Each,136.43,258.68,Active
2575,PROD-002575,306,Atlas Product 2575,Industrial Equipment,Standard,Each,442.61,934.64,Active
2576,PROD-002576,471,Atlas Product 2576,Raw Materials,Specialty,Each,335.19,818.72,Active
2577,PROD-002577,529,Atlas Product 2577,Raw Materials,Standard,Meter,47.26,61.87,Active
2578,PROD-002578,419,Atlas Product 2578,Components,Premium,Kg,363.96,527.52,Active
2579,PROD-002579,457,Atlas Product 2579,Industrial Equipment,Standard,Kg,141.98,206.93,Active
2580,PROD-002580,456,Atlas Product 2580,Components,Specialty,Liter,25.43,63.14,Active
2581,PROD-002581,868,Atlas Product 2581,Electronics,Specialty,Liter,162.86,401.21,Active
2582,PROD-002582,294,Atlas Product 2582,Packaging,Premium,Kg,470.87,855.78,Active
2583,PROD-002583,953,Atlas Product 2583,Electronics,Standard,Each,316.07,483.96,Active
2584,PROD-002584,965,Atlas Product 2584,Packaging,Premium,Meter,410.26,545.25,Active
2585,PROD-002585,217,Atlas Product 2585,Packaging,Premium,Meter,341.17,501.34,Active
2586,PROD-002586,484,Atlas Product 2586,Components,Standard,Liter,341.69,529.26,Inactive
2587,PROD-002587,991,Atlas Product 2587,Electronics,Specialty,Liter,377.77,902.29,Active
2588,PROD-002588,347,Atlas Product 2588,Raw Materials,Premium,Each,337.59,595.88,Active
2589,PROD-002589,270,Atlas Product 2589,Packaging,Premium,Kg,275.43,524.96,Active
2590,PROD-002590,103,Atlas Product 2590,Industrial Equipment,Standard,Liter,181.06,299.14,Active
2591,PROD-002591,554,Atlas Product 2591,Electronics,Standard,Meter,12.0,21.46,Active
2592,PROD-002592,171,Atlas Product 2592,Components,Premium,Each,161.64,284.62,Active
2593,PROD-002593,284,Atlas Product 2593,Electronics,Specialty,Kg,31.41,40.26,Active
2594,PROD-002594,293,Atlas Product 2594,Industrial Equipment,Standard,Kg,166.65,332.38,Active
2595,PROD-002595,919,Atlas Product 2595,Components,Standard,Meter,378.06,814.11,Active
2596,PROD-002596,756,Atlas Product 2596,Packaging,Specialty,Meter,110.6,259.08,Active
2597,PROD-002597,386,Atlas Product 2597,Raw Materials,Premium,Each,82.14,187.02,Active
2598,PROD-002598,96,Atlas Product 2598,Raw Materials,Standard,Liter,329.39,513.02,Active
2599,PROD-002599,708,Atlas Product 2599,Electronics,Specialty,Liter,161.01,383.33,Inactive
2600,PROD-002600,71,Atlas Product 2600,Packaging,Standard,Liter,471.1,1161.38,Active
2601,PROD-002601,77,Atlas Product 2601,Packaging,Premium,Meter,12.5,18.18,Active
2602,PROD-002602,942,Atlas Product 2602,Raw Materials,Standard,Liter,411.61,527.71,Active
2603,PROD-002603,932,Atlas Product 2603,Packaging,Premium,Meter,178.54,367.49,Active
2604,PROD-002604,598,Atlas Product 2604,Packaging,Standard,Liter,363.93,548.48,Active
2605,PROD-002605,261,Atlas Product 2605,Packaging,Premium,Kg,476.84,1079.37,Inactive
2606,PROD-002606,762,Atlas Product 2606,Industrial Equipment,Specialty,Each,158.12,362.98,Inactive
2607,PROD-002607,153,Atlas Product 2607,Industrial Equipment,Specialty,Meter,493.75,742.21,Active
2608,PROD-002608,413,Atlas Product 2608,Electronics,Premium,Each,351.22,740.68,Active
2609,PROD-002609,141,Atlas Product 2609,Raw Materials,Premium,Each,299.67,427.49,Active
2610,PROD-002610,686,Atlas Product 2610,Components,Specialty,Each,217.21,505.33,Active
2611,PROD-002611,452,Atlas Product 2611,Components,Specialty,Liter,297.65,406.17,Active
2612,PROD-002612,988,Atlas Product 2612,Raw Materials,Specialty,Meter,150.05,218.9,Active
2613,PROD-002613,27,Atlas Product 2613,Electronics,Standard,Kg,284.6,364.02,Active
2614,PROD-002614,730,Atlas Product 2614,Packaging,Specialty,Liter,235.82,529.03,Inactive
2615,PROD-002615,709,Atlas Product 2615,Industrial Equipment,Standard,Liter,90.05,157.95,Active
2616,PROD-002616,30,Atlas Product 2616,Raw Materials,Standard,Liter,415.48,567.13,Active
2617,PROD-002617,801,Atlas Product 2617,Components,Specialty,Liter,265.05,413.82,Active
2618,PROD-002618,745,Atlas Product 2618,Packaging,Premium,Each,109.53,196.53,Active
2619,PROD-002619,419,Atlas Product 2619,Electronics,Specialty,Meter,204.76,261.03,Active
2620,PROD-002620,47,Atlas Product 2620,Components,Standard,Kg,136.79,261.08,Active
2621,PROD-002621,540,Atlas Product 2621,Packaging,Standard,Liter,369.81,636.35,Active
2622,PROD-002622,818,Atlas Product 2622,Raw Materials,Standard,Meter,292.3,630.0,Active
2623,PROD-002623,237,Atlas Product 2623,Packaging,Standard,Each,47.85,74.2,Active
2624,PROD-002624,538,Atlas Product 2624,Raw Materials,Premium,Each,16.51,24.16,Active
2625,PROD-002625,927,Atlas Product 2625,Packaging,Standard,Liter,301.01,556.43,Active
2626,PROD-002626,16,Atlas Product 2626,Components,Standard,Kg,292.83,421.74,Active
2627,PROD-002627,202,Atlas Product 2627,Electronics,Premium,Each,323.56,411.65,Active
2628,PROD-002628,610,Atlas Product 2628,Raw Materials,Specialty,Each,327.99,577.61,Active
2629,PROD-002629,605,Atlas Product 2629,Packaging,Premium,Kg,289.46,562.83,Active
2630,PROD-002630,370,Atlas Product 2630,Components,Specialty,Meter,156.23,280.04,Active
2631,PROD-002631,745,Atlas Product 2631,Electronics,Standard,Liter,145.95,348.71,Active
2632,PROD-002632,698,Atlas Product 2632,Packaging,Standard,Meter,436.34,643.19,Active
2633,PROD-002633,571,Atlas Product 2633,Electronics,Specialty,Kg,390.73,803.5,Active
2634,PROD-002634,394,Atlas Product 2634,Packaging,Standard,Kg,373.24,784.81,Active
2635,PROD-002635,607,Atlas Product 2635,Packaging,Specialty,Each,450.22,640.58,Active
2636,PROD-002636,645,Atlas Product 2636,Components,Specialty,Each,154.36,235.32,Active
2637,PROD-002637,926,Atlas Product 2637,Industrial Equipment,Premium,Each,15.8,32.66,Active
2638,PROD-002638,156,Atlas Product 2638,Raw Materials,Premium,Each,168.67,362.51,Inactive
2639,PROD-002639,925,Atlas Product 2639,Raw Materials,Premium,Meter,209.94,365.0,Active
2640,PROD-002640,19,Atlas Product 2640,Packaging,Premium,Each,358.01,719.9,Inactive
2641,PROD-002641,870,Atlas Product 2641,Components,Premium,Meter,227.39,337.98,Active
2642,PROD-002642,913,Atlas Product 2642,Raw Materials,Standard,Kg,323.19,645.56,Active
2643,PROD-002643,137,Atlas Product 2643,Electronics,Standard,Kg,216.97,395.45,Inactive
2644,PROD-002644,755,Atlas Product 2644,Components,Standard,Kg,70.33,105.11,Active
2645,PROD-002645,941,Atlas Product 2645,Packaging,Standard,Meter,198.29,432.68,Active
2646,PROD-002646,130,Atlas Product 2646,Raw Materials,Specialty,Meter,182.34,384.59,Active
2647,PROD-002647,318,Atlas Product 2647,Raw Materials,Premium,Kg,78.89,121.24,Active
2648,PROD-002648,440,Atlas Product 2648,Electronics,Specialty,Kg,159.53,319.49,Inactive
2649,PROD-002649,252,Atlas Product 2649,Components,Specialty,Each,398.31,795.64,Active
2650,PROD-002650,33,Atlas Product 2650,Components,Standard,Liter,343.53,718.94,Active
2651,PROD-002651,942,Atlas Product 2651,Electronics,Specialty,Meter,168.39,291.72,Active
2652,PROD-002652,1000,Atlas Product 2652,Components,Specialty,Liter,11.74,16.07,Active
2653,PROD-002653,961,Atlas Product 2653,Electronics,Standard,Meter,231.76,429.41,Active
2654,PROD-002654,849,Atlas Product 2654,Electronics,Premium,Liter,435.08,748.41,Active
2655,PROD-002655,65,Atlas Product 2655,Industrial Equipment,Specialty,Kg,208.67,446.13,Active
2656,PROD-002656,464,Atlas Product 2656,Packaging,Specialty,Kg,109.19,203.64,Active
2657,PROD-002657,903,Atlas Product 2657,Raw Materials,Premium,Each,211.72,513.88,Active
2658,PROD-002658,9,Atlas Product 2658,Raw Materials,Specialty,Meter,371.6,765.83,Active
2659,PROD-002659,137,Atlas Product 2659,Components,Premium,Each,297.12,712.81,Active
2660,PROD-002660,772,Atlas Product 2660,Electronics,Premium,Meter,260.92,465.51,Active
2661,PROD-002661,398,Atlas Product 2661,Industrial Equipment,Standard,Liter,98.29,169.81,Active
2662,PROD-002662,178,Atlas Product 2662,Components,Standard,Kg,404.31,959.96,Inactive
2663,PROD-002663,79,Atlas Product 2663,Packaging,Specialty,Each,335.5,495.26,Active
2664,PROD-002664,633,Atlas Product 2664,Industrial Equipment,Premium,Liter,319.01,772.84,Active
2665,PROD-002665,105,Atlas Product 2665,Electronics,Premium,Kg,229.91,333.08,Active
2666,PROD-002666,567,Atlas Product 2666,Raw Materials,Standard,Kg,483.03,643.84,Active
2667,PROD-002667,645,Atlas Product 2667,Packaging,Specialty,Each,306.28,498.71,Active
2668,PROD-002668,523,Atlas Product 2668,Industrial Equipment,Premium,Kg,232.79,396.07,Active
2669,PROD-002669,361,Atlas Product 2669,Electronics,Premium,Meter,354.81,623.51,Active
2670,PROD-002670,397,Atlas Product 2670,Components,Premium,Meter,412.09,627.42,Active
2671,PROD-002671,818,Atlas Product 2671,Industrial Equipment,Specialty,Meter,432.5,942.16,Active
2672,PROD-002672,771,Atlas Product 2672,Industrial Equipment,Premium,Each,451.27,929.25,Active
2673,PROD-002673,256,Atlas Product 2673,Components,Premium,Each,275.69,430.1,Active
2674,PROD-002674,647,Atlas Product 2674,Electronics,Premium,Each,160.55,267.17,Active
2675,PROD-002675,719,Atlas Product 2675,Raw Materials,Premium,Meter,372.43,679.26,Active
2676,PROD-002676,106,Atlas Product 2676,Raw Materials,Standard,Kg,431.97,852.71,Active
2677,PROD-002677,389,Atlas Product 2677,Raw Materials,Specialty,Meter,370.65,522.24,Active
2678,PROD-002678,588,Atlas Product 2678,Raw Materials,Premium,Liter,246.23,365.96,Active
2679,PROD-002679,457,Atlas Product 2679,Industrial Equipment,Standard,Each,465.94,973.98,Active
2680,PROD-002680,425,Atlas Product 2680,Electronics,Premium,Meter,496.34,896.95,Active
2681,PROD-002681,614,Atlas Product 2681,Components,Premium,Liter,45.79,94.05,Active
2682,PROD-002682,371,Atlas Product 2682,Packaging,Specialty,Meter,297.63,707.12,Active
2683,PROD-002683,31,Atlas Product 2683,Components,Standard,Liter,431.06,691.09,Inactive
2684,PROD-002684,359,Atlas Product 2684,Components,Specialty,Liter,314.2,754.95,Active
2685,PROD-002685,358,Atlas Product 2685,Components,Standard,Liter,426.05,578.19,Active
2686,PROD-002686,438,Atlas Product 2686,Raw Materials,Specialty,Meter,142.02,306.79,Active
2687,PROD-002687,275,Atlas Product 2687,Raw Materials,Specialty,Kg,403.6,761.9,Active
2688,PROD-002688,277,Atlas Product 2688,Industrial Equipment,Specialty,Kg,61.06,137.63,Inactive
2689,PROD-002689,789,Atlas Product 2689,Industrial Equipment,Standard,Kg,490.46,751.26,Active
2690,PROD-002690,396,Atlas Product 2690,Packaging,Specialty,Liter,436.92,940.07,Active
2691,PROD-002691,904,Atlas Product 2691,Components,Standard,Liter,16.63,39.87,Active
2692,PROD-002692,274,Atlas Product 2692,Industrial Equipment,Specialty,Liter,431.26,915.8,Active
2693,PROD-002693,718,Atlas Product 2693,Electronics,Specialty,Kg,293.99,545.24,Active
2694,PROD-002694,795,Atlas Product 2694,Electronics,Specialty,Each,178.31,289.57,Active
2695,PROD-002695,212,Atlas Product 2695,Raw Materials,Specialty,Kg,32.75,58.49,Active
2696,PROD-002696,86,Atlas Product 2696,Components,Standard,Kg,471.71,1077.78,Active
2697,PROD-002697,770,Atlas Product 2697,Packaging,Specialty,Kg,420.69,952.09,Active
2698,PROD-002698,650,Atlas Product 2698,Packaging,Standard,Liter,280.28,481.1,Active
2699,PROD-002699,219,Atlas Product 2699,Industrial Equipment,Specialty,Liter,111.66,202.56,Active
2700,PROD-002700,581,Atlas Product 2700,Raw Materials,Standard,Meter,428.32,841.96,Active
2701,PROD-002701,552,Atlas Product 2701,Components,Specialty,Meter,119.25,288.5,Active
2702,PROD-002702,937,Atlas Product 2702,Components,Standard,Each,92.12,135.29,Active
2703,PROD-002703,737,Atlas Product 2703,Components,Standard,Kg,82.74,120.32,Active
2704,PROD-002704,623,Atlas Product 2704,Raw Materials,Premium,Each,434.64,1003.37,Active
2705,PROD-002705,129,Atlas Product 2705,Raw Materials,Specialty,Each,430.58,843.45,Inactive
2706,PROD-002706,947,Atlas Product 2706,Packaging,Specialty,Kg,246.65,571.98,Active
2707,PROD-002707,939,Atlas Product 2707,Packaging,Specialty,Meter,299.85,726.21,Active
2708,PROD-002708,647,Atlas Product 2708,Raw Materials,Standard,Liter,178.42,363.52,Active
2709,PROD-002709,333,Atlas Product 2709,Electronics,Standard,Kg,396.89,525.14,Active
2710,PROD-002710,945,Atlas Product 2710,Components,Specialty,Kg,372.98,534.65,Inactive
2711,PROD-002711,404,Atlas Product 2711,Components,Standard,Meter,351.2,785.01,Active
2712,PROD-002712,55,Atlas Product 2712,Electronics,Standard,Kg,351.71,790.0,Inactive
2713,PROD-002713,475,Atlas Product 2713,Packaging,Specialty,Meter,125.24,191.2,Active
2714,PROD-002714,734,Atlas Product 2714,Industrial Equipment,Premium,Liter,431.1,905.41,Inactive
2715,PROD-002715,153,Atlas Product 2715,Components,Specialty,Liter,231.5,503.21,Active
2716,PROD-002716,455,Atlas Product 2716,Components,Standard,Each,343.01,474.91,Active
2717,PROD-002717,30,Atlas Product 2717,Industrial Equipment,Specialty,Kg,149.85,189.57,Active
2718,PROD-002718,336,Atlas Product 2718,Industrial Equipment,Specialty,Meter,240.11,326.76,Active
2719,PROD-002719,398,Atlas Product 2719,Components,Standard,Meter,118.61,241.78,Active
2720,PROD-002720,772,Atlas Product 2720,Electronics,Premium,Meter,463.86,755.71,Active
2721,PROD-002721,41,Atlas Product 2721,Packaging,Premium,Kg,276.92,558.87,Active
2722,PROD-002722,77,Atlas Product 2722,Components,Premium,Kg,53.63,104.62,Active
2723,PROD-002723,149,Atlas Product 2723,Packaging,Standard,Liter,450.58,780.85,Active
2724,PROD-002724,638,Atlas Product 2724,Raw Materials,Specialty,Meter,376.88,876.21,Active
2725,PROD-002725,821,Atlas Product 2725,Packaging,Premium,Each,216.2,377.7,Active
2726,PROD-002726,963,Atlas Product 2726,Electronics,Standard,Liter,145.55,244.92,Active
2727,PROD-002727,145,Atlas Product 2727,Components,Specialty,Meter,300.5,429.62,Active
2728,PROD-002728,123,Atlas Product 2728,Components,Specialty,Each,431.36,930.72,Active
2729,PROD-002729,191,Atlas Product 2729,Components,Premium,Kg,300.07,516.58,Active
2730,PROD-002730,653,Atlas Product 2730,Industrial Equipment,Specialty,Meter,13.75,32.6,Active
2731,PROD-002731,713,Atlas Product 2731,Raw Materials,Standard,Liter,161.84,284.41,Active
2732,PROD-002732,656,Atlas Product 2732,Electronics,Premium,Meter,320.47,484.16,Active
2733,PROD-002733,543,Atlas Product 2733,Components,Premium,Liter,228.75,457.35,Active
2734,PROD-002734,388,Atlas Product 2734,Electronics,Standard,Liter,277.29,559.16,Active
2735,PROD-002735,798,Atlas Product 2735,Components,Specialty,Liter,182.69,341.42,Active
2736,PROD-002736,709,Atlas Product 2736,Industrial Equipment,Specialty,Each,32.62,66.01,Active
2737,PROD-002737,750,Atlas Product 2737,Electronics,Standard,Kg,480.44,1089.82,Active
2738,PROD-002738,438,Atlas Product 2738,Raw Materials,Standard,Meter,258.28,363.96,Active
2739,PROD-002739,338,Atlas Product 2739,Industrial Equipment,Premium,Kg,113.38,202.82,Active
2740,PROD-002740,348,Atlas Product 2740,Industrial Equipment,Standard,Kg,104.74,259.11,Active
2741,PROD-002741,458,Atlas Product 2741,Packaging,Premium,Each,478.25,880.49,Active
2742,PROD-002742,845,Atlas Product 2742,Industrial Equipment,Specialty,Liter,134.35,218.56,Active
2743,PROD-002743,514,Atlas Product 2743,Components,Specialty,Liter,309.71,508.62,Active
2744,PROD-002744,276,Atlas Product 2744,Electronics,Specialty,Meter,387.44,758.05,Active
2745,PROD-002745,542,Atlas Product 2745,Components,Standard,Kg,292.18,540.47,Active
2746,PROD-002746,859,Atlas Product 2746,Raw Materials,Premium,Each,475.43,847.66,Active
2747,PROD-002747,269,Atlas Product 2747,Industrial Equipment,Standard,Meter,267.6,502.99,Active
2748,PROD-002748,509,Atlas Product 2748,Industrial Equipment,Premium,Kg,59.18,103.35,Active
2749,PROD-002749,529,Atlas Product 2749,Industrial Equipment,Premium,Liter,128.46,268.94,Active
2750,PROD-002750,256,Atlas Product 2750,Packaging,Premium,Each,221.24,330.68,Active
2751,PROD-002751,707,Atlas Product 2751,Electronics,Standard,Each,313.18,501.05,Inactive
2752,PROD-002752,391,Atlas Product 2752,Industrial Equipment,Standard,Meter,206.42,452.76,Active
2753,PROD-002753,286,Atlas Product 2753,Industrial Equipment,Specialty,Liter,245.58,480.49,Inactive
2754,PROD-002754,39,Atlas Product 2754,Electronics,Specialty,Meter,131.64,242.48,Inactive
2755,PROD-002755,415,Atlas Product 2755,Components,Specialty,Liter,266.93,665.7,Active
2756,PROD-002756,228,Atlas Product 2756,Electronics,Premium,Liter,475.26,852.95,Active
2757,PROD-002757,718,Atlas Product 2757,Components,Specialty,Liter,442.57,1056.04,Active
2758,PROD-002758,798,Atlas Product 2758,Components,Standard,Meter,360.19,627.95,Active
2759,PROD-002759,463,Atlas Product 2759,Packaging,Premium,Liter,45.2,109.7,Active
2760,PROD-002760,298,Atlas Product 2760,Industrial Equipment,Specialty,Each,245.07,307.33,Active
2761,PROD-002761,802,Atlas Product 2761,Industrial Equipment,Specialty,Liter,330.97,825.82,Inactive
2762,PROD-002762,508,Atlas Product 2762,Raw Materials,Premium,Each,251.86,347.47,Active
2763,PROD-002763,319,Atlas Product 2763,Raw Materials,Specialty,Meter,317.99,786.78,Active
2764,PROD-002764,661,Atlas Product 2764,Packaging,Specialty,Liter,31.8,59.49,Active
2765,PROD-002765,207,Atlas Product 2765,Electronics,Standard,Liter,21.74,53.83,Active
2766,PROD-002766,769,Atlas Product 2766,Electronics,Premium,Each,318.74,411.83,Active
2767,PROD-002767,340,Atlas Product 2767,Industrial Equipment,Premium,Meter,74.22,148.41,Active
2768,PROD-002768,7,Atlas Product 2768,Components,Standard,Each,193.71,263.13,Active
2769,PROD-002769,712,Atlas Product 2769,Industrial Equipment,Premium,Kg,452.23,1074.55,Active
2770,PROD-002770,930,Atlas Product 2770,Raw Materials,Specialty,Liter,269.34,361.53,Active
2771,PROD-002771,552,Atlas Product 2771,Electronics,Standard,Each,198.72,312.5,Active
2772,PROD-002772,376,Atlas Product 2772,Electronics,Premium,Each,142.34,227.41,Active
2773,PROD-002773,182,Atlas Product 2773,Electronics,Specialty,Each,395.83,576.13,Active
2774,PROD-002774,390,Atlas Product 2774,Electronics,Standard,Each,386.34,534.1,Active
2775,PROD-002775,617,Atlas Product 2775,Packaging,Standard,Kg,31.22,54.69,Active
2776,PROD-002776,899,Atlas Product 2776,Raw Materials,Standard,Meter,133.05,319.14,Active
2777,PROD-002777,480,Atlas Product 2777,Packaging,Premium,Kg,421.91,752.2,Active
2778,PROD-002778,943,Atlas Product 2778,Raw Materials,Standard,Meter,290.91,633.24,Active
2779,PROD-002779,918,Atlas Product 2779,Raw Materials,Premium,Each,105.54,168.36,Inactive
2780,PROD-002780,334,Atlas Product 2780,Packaging,Premium,Each,485.33,827.99,Active
2781,PROD-002781,146,Atlas Product 2781,Components,Specialty,Each,178.71,240.51,Active
2782,PROD-002782,324,Atlas Product 2782,Components,Premium,Kg,180.68,415.44,Active
2783,PROD-002783,452,Atlas Product 2783,Raw Materials,Specialty,Each,24.97,43.47,Active
2784,PROD-002784,182,Atlas Product 2784,Electronics,Premium,Liter,419.01,796.24,Active
2785,PROD-002785,321,Atlas Product 2785,Packaging,Premium,Each,205.8,297.08,Active
2786,PROD-002786,775,Atlas Product 2786,Components,Standard,Each,145.05,287.85,Active
2787,PROD-002787,24,Atlas Product 2787,Components,Specialty,Each,131.05,179.49,Active
2788,PROD-002788,82,Atlas Product 2788,Packaging,Specialty,Each,196.86,366.6,Active
2789,PROD-002789,156,Atlas Product 2789,Electronics,Specialty,Each,356.0,844.04,Active
2790,PROD-002790,894,Atlas Product 2790,Electronics,Premium,Kg,74.96,182.29,Active
2791,PROD-002791,732,Atlas Product 2791,Components,Standard,Each,477.99,1152.86,Active
2792,PROD-002792,542,Atlas Product 2792,Industrial Equipment,Premium,Kg,358.87,860.1,Active
2793,PROD-002793,758,Atlas Product 2793,Components,Specialty,Kg,270.37,535.99,Active
2794,PROD-002794,653,Atlas Product 2794,Industrial Equipment,Specialty,Kg,73.79,115.2,Active
2795,PROD-002795,580,Atlas Product 2795,Raw Materials,Standard,Each,102.77,230.74,Inactive
2796,PROD-002796,842,Atlas Product 2796,Components,Standard,Kg,69.29,92.33,Active
2797,PROD-002797,34,Atlas Product 2797,Raw Materials,Specialty,Each,228.61,564.13,Active
2798,PROD-002798,422,Atlas Product 2798,Components,Premium,Each,287.36,636.49,Active
2799,PROD-002799,290,Atlas Product 2799,Raw Materials,Specialty,Kg,156.05,294.57,Active
2800,PROD-002800,69,Atlas Product 2800,Industrial Equipment,Specialty,Liter,204.31,503.04,Active
2801,PROD-002801,947,Atlas Product 2801,Industrial Equipment,Standard,Liter,255.84,514.34,Active
2802,PROD-002802,799,Atlas Product 2802,Industrial Equipment,Specialty,Kg,319.17,411.28,Active
2803,PROD-002803,352,Atlas Product 2803,Raw Materials,Premium,Kg,87.01,179.43,Active
2804,PROD-002804,116,Atlas Product 2804,Raw Materials,Specialty,Liter,474.18,987.13,Active
2805,PROD-002805,722,Atlas Product 2805,Packaging,Specialty,Each,153.92,202.2,Active
2806,PROD-002806,993,Atlas Product 2806,Industrial Equipment,Specialty,Kg,109.63,199.19,Active
2807,PROD-002807,282,Atlas Product 2807,Raw Materials,Specialty,Kg,416.51,882.88,Active
2808,PROD-002808,366,Atlas Product 2808,Packaging,Specialty,Liter,291.73,668.04,Active
2809,PROD-002809,194,Atlas Product 2809,Raw Materials,Premium,Each,252.98,365.1,Active
2810,PROD-002810,473,Atlas Product 2810,Packaging,Specialty,Kg,376.12,504.35,Active
2811,PROD-002811,264,Atlas Product 2811,Raw Materials,Premium,Meter,226.81,341.96,Active
2812,PROD-002812,701,Atlas Product 2812,Electronics,Standard,Kg,134.58,243.09,Active
2813,PROD-002813,51,Atlas Product 2813,Electronics,Standard,Liter,17.89,28.42,Active
2814,PROD-002814,537,Atlas Product 2814,Industrial Equipment,Specialty,Meter,79.75,170.33,Active
2815,PROD-002815,867,Atlas Product 2815,Packaging,Premium,Liter,136.37,281.55,Active
2816,PROD-002816,402,Atlas Product 2816,Components,Standard,Each,274.23,514.81,Active
2817,PROD-002817,670,Atlas Product 2817,Raw Materials,Premium,Meter,435.19,1063.97,Active
2818,PROD-002818,238,Atlas Product 2818,Packaging,Premium,Kg,34.51,83.75,Active
2819,PROD-002819,973,Atlas Product 2819,Packaging,Premium,Each,165.66,289.62,Active
2820,PROD-002820,937,Atlas Product 2820,Packaging,Premium,Meter,408.67,649.26,Active
2821,PROD-002821,679,Atlas Product 2821,Raw Materials,Standard,Liter,138.07,284.0,Active
2822,PROD-002822,310,Atlas Product 2822,Raw Materials,Specialty,Meter,472.54,937.31,Inactive
2823,PROD-002823,774,Atlas Product 2823,Packaging,Specialty,Liter,85.47,179.6,Active
2824,PROD-002824,775,Atlas Product 2824,Industrial Equipment,Standard,Each,167.93,236.82,Active
2825,PROD-002825,549,Atlas Product 2825,Components,Specialty,Kg,215.29,386.2,Inactive
2826,PROD-002826,657,Atlas Product 2826,Electronics,Specialty,Each,274.89,671.38,Active
2827,PROD-002827,760,Atlas Product 2827,Components,Standard,Kg,168.18,381.3,Active
2828,PROD-002828,56,Atlas Product 2828,Electronics,Specialty,Meter,44.08,102.52,Active
2829,PROD-002829,225,Atlas Product 2829,Electronics,Standard,Liter,165.92,373.31,Active
2830,PROD-002830,42,Atlas Product 2830,Raw Materials,Premium,Liter,287.53,426.2,Active
2831,PROD-002831,515,Atlas Product 2831,Components,Specialty,Kg,453.29,1029.69,Active
2832,PROD-002832,441,Atlas Product 2832,Packaging,Specialty,Liter,419.51,588.76,Active
2833,PROD-002833,863,Atlas Product 2833,Electronics,Standard,Liter,392.05,603.94,Active
2834,PROD-002834,641,Atlas Product 2834,Packaging,Premium,Kg,489.27,898.44,Active
2835,PROD-002835,896,Atlas Product 2835,Electronics,Specialty,Each,75.1,134.27,Active
2836,PROD-002836,792,Atlas Product 2836,Components,Premium,Liter,367.46,839.58,Inactive
2837,PROD-002837,93,Atlas Product 2837,Electronics,Premium,Each,251.66,471.41,Active
2838,PROD-002838,587,Atlas Product 2838,Electronics,Standard,Each,466.88,601.77,Active
2839,PROD-002839,590,Atlas Product 2839,Industrial Equipment,Premium,Meter,471.63,1059.78,Active
2840,PROD-002840,200,Atlas Product 2840,Packaging,Specialty,Kg,250.58,458.44,Active
2841,PROD-002841,273,Atlas Product 2841,Industrial Equipment,Specialty,Kg,433.26,639.03,Active
2842,PROD-002842,441,Atlas Product 2842,Packaging,Standard,Liter,273.0,371.61,Active
2843,PROD-002843,937,Atlas Product 2843,Electronics,Standard,Kg,417.89,1032.22,Active
2844,PROD-002844,105,Atlas Product 2844,Electronics,Premium,Each,489.32,842.36,Inactive
2845,PROD-002845,12,Atlas Product 2845,Packaging,Standard,Liter,255.75,479.87,Active
2846,PROD-002846,216,Atlas Product 2846,Electronics,Premium,Each,381.32,826.58,Active
2847,PROD-002847,76,Atlas Product 2847,Electronics,Premium,Kg,316.17,747.86,Active
2848,PROD-002848,452,Atlas Product 2848,Components,Standard,Meter,337.57,485.1,Inactive
2849,PROD-002849,355,Atlas Product 2849,Packaging,Premium,Each,336.12,551.42,Active
2850,PROD-002850,400,Atlas Product 2850,Electronics,Specialty,Liter,389.06,669.79,Active
2851,PROD-002851,353,Atlas Product 2851,Components,Specialty,Each,129.19,239.01,Active
2852,PROD-002852,922,Atlas Product 2852,Electronics,Specialty,Meter,244.9,479.42,Active
2853,PROD-002853,276,Atlas Product 2853,Packaging,Premium,Meter,132.72,201.2,Active
2854,PROD-002854,20,Atlas Product 2854,Packaging,Standard,Kg,415.0,823.52,Active
2855,PROD-002855,971,Atlas Product 2855,Raw Materials,Specialty,Liter,415.78,538.56,Active
2856,PROD-002856,96,Atlas Product 2856,Components,Standard,Each,192.38,468.25,Active
2857,PROD-002857,466,Atlas Product 2857,Packaging,Premium,Meter,225.76,530.99,Active
2858,PROD-002858,943,Atlas Product 2858,Electronics,Premium,Each,91.57,132.15,Active
2859,PROD-002859,571,Atlas Product 2859,Electronics,Premium,Liter,36.11,48.37,Active
2860,PROD-002860,324,Atlas Product 2860,Raw Materials,Premium,Liter,264.18,569.98,Active
2861,PROD-002861,923,Atlas Product 2861,Electronics,Premium,Liter,473.34,866.62,Active
2862,PROD-002862,287,Atlas Product 2862,Components,Specialty,Each,162.75,362.39,Active
2863,PROD-002863,855,Atlas Product 2863,Components,Specialty,Kg,331.45,423.27,Active
2864,PROD-002864,983,Atlas Product 2864,Components,Premium,Kg,184.62,393.03,Active
2865,PROD-002865,990,Atlas Product 2865,Raw Materials,Specialty,Kg,63.99,126.97,Inactive
2866,PROD-002866,264,Atlas Product 2866,Packaging,Specialty,Each,60.89,130.17,Active
2867,PROD-002867,994,Atlas Product 2867,Raw Materials,Premium,Each,126.0,275.0,Active
2868,PROD-002868,226,Atlas Product 2868,Electronics,Specialty,Meter,12.59,29.39,Inactive
2869,PROD-002869,774,Atlas Product 2869,Raw Materials,Standard,Kg,437.03,640.5,Active
2870,PROD-002870,177,Atlas Product 2870,Electronics,Premium,Liter,109.85,264.12,Active
2871,PROD-002871,296,Atlas Product 2871,Components,Premium,Kg,45.56,90.39,Active
2872,PROD-002872,619,Atlas Product 2872,Packaging,Standard,Kg,205.38,358.05,Active
2873,PROD-002873,435,Atlas Product 2873,Industrial Equipment,Standard,Meter,479.53,805.56,Active
2874,PROD-002874,601,Atlas Product 2874,Electronics,Specialty,Meter,106.4,265.93,Active
2875,PROD-002875,801,Atlas Product 2875,Electronics,Specialty,Each,27.34,50.82,Inactive
2876,PROD-002876,344,Atlas Product 2876,Packaging,Specialty,Kg,69.31,125.9,Active
2877,PROD-002877,153,Atlas Product 2877,Industrial Equipment,Standard,Liter,111.51,201.56,Active
2878,PROD-002878,480,Atlas Product 2878,Packaging,Standard,Meter,399.6,986.59,Active
2879,PROD-002879,822,Atlas Product 2879,Raw Materials,Premium,Kg,393.59,927.42,Active
2880,PROD-002880,709,Atlas Product 2880,Industrial Equipment,Standard,Kg,355.62,509.05,Active
2881,PROD-002881,442,Atlas Product 2881,Raw Materials,Specialty,Meter,409.14,1009.92,Active
2882,PROD-002882,482,Atlas Product 2882,Raw Materials,Premium,Kg,74.44,133.35,Active
2883,PROD-002883,720,Atlas Product 2883,Raw Materials,Specialty,Kg,490.19,860.79,Active
2884,PROD-002884,804,Atlas Product 2884,Packaging,Standard,Liter,112.64,163.51,Active
2885,PROD-002885,904,Atlas Product 2885,Raw Materials,Premium,Each,172.41,247.13,Active
2886,PROD-002886,332,Atlas Product 2886,Electronics,Specialty,Meter,466.65,761.32,Active
2887,PROD-002887,965,Atlas Product 2887,Industrial Equipment,Premium,Meter,458.41,665.42,Active
2888,PROD-002888,16,Atlas Product 2888,Packaging,Standard,Kg,419.09,695.51,Inactive
2889,PROD-002889,842,Atlas Product 2889,Components,Specialty,Kg,447.85,822.23,Active
2890,PROD-002890,143,Atlas Product 2890,Packaging,Premium,Meter,225.24,383.08,Active
2891,PROD-002891,747,Atlas Product 2891,Electronics,Standard,Each,107.53,236.4,Active
2892,PROD-002892,617,Atlas Product 2892,Industrial Equipment,Standard,Liter,158.88,239.34,Active
2893,PROD-002893,955,Atlas Product 2893,Components,Standard,Liter,149.16,222.92,Active
2894,PROD-002894,448,Atlas Product 2894,Packaging,Specialty,Liter,328.91,615.87,Active
2895,PROD-002895,89,Atlas Product 2895,Raw Materials,Standard,Kg,352.4,815.17,Inactive
2896,PROD-002896,929,Atlas Product 2896,Packaging,Standard,Liter,184.89,336.58,Active
2897,PROD-002897,794,Atlas Product 2897,Packaging,Specialty,Kg,273.05,632.13,Active
2898,PROD-002898,199,Atlas Product 2898,Raw Materials,Premium,Liter,179.42,333.4,Inactive
2899,PROD-002899,120,Atlas Product 2899,Components,Specialty,Liter,380.93,780.43,Active
2900,PROD-002900,150,Atlas Product 2900,Electronics,Premium,Kg,46.11,89.3,Active
2901,PROD-002901,465,Atlas Product 2901,Industrial Equipment,Specialty,Kg,112.94,281.68,Inactive
2902,PROD-002902,603,Atlas Product 2902,Components,Standard,Kg,205.77,379.21,Active
2903,PROD-002903,861,Atlas Product 2903,Components,Premium,Kg,440.72,929.77,Active
2904,PROD-002904,794,Atlas Product 2904,Raw Materials,Premium,Meter,468.8,1012.48,Active
2905,PROD-002905,936,Atlas Product 2905,Raw Materials,Premium,Kg,481.51,1109.11,Active
2906,PROD-002906,538,Atlas Product 2906,Components,Standard,Meter,478.08,1002.06,Active
2907,PROD-002907,540,Atlas Product 2907,Components,Standard,Kg,79.44,192.82,Active
2908,PROD-002908,360,Atlas Product 2908,Components,Specialty,Liter,173.09,398.5,Active
2909,PROD-002909,370,Atlas Product 2909,Industrial Equipment,Premium,Liter,368.34,857.66,Active
2910,PROD-002910,401,Atlas Product 2910,Raw Materials,Specialty,Kg,23.72,58.21,Active
2911,PROD-002911,770,Atlas Product 2911,Components,Standard,Kg,30.51,50.26,Active
2912,PROD-002912,463,Atlas Product 2912,Components,Premium,Liter,337.17,673.88,Active
2913,PROD-002913,524,Atlas Product 2913,Raw Materials,Premium,Meter,379.5,515.0,Active
2914,PROD-002914,945,Atlas Product 2914,Components,Standard,Each,90.24,180.47,Active
2915,PROD-002915,751,Atlas Product 2915,Industrial Equipment,Standard,Liter,262.59,383.48,Active
2916,PROD-002916,221,Atlas Product 2916,Components,Standard,Meter,497.19,945.91,Active
2917,PROD-002917,856,Atlas Product 2917,Electronics,Premium,Kg,487.12,753.84,Active
2918,PROD-002918,110,Atlas Product 2918,Raw Materials,Specialty,Meter,488.29,1171.58,Active
2919,PROD-002919,499,Atlas Product 2919,Packaging,Premium,Kg,450.55,623.82,Active
2920,PROD-002920,542,Atlas Product 2920,Electronics,Premium,Each,429.75,794.5,Active
2921,PROD-002921,297,Atlas Product 2921,Electronics,Premium,Meter,22.55,50.14,Active
2922,PROD-002922,604,Atlas Product 2922,Industrial Equipment,Premium,Kg,309.23,545.9,Active
2923,PROD-002923,695,Atlas Product 2923,Electronics,Premium,Meter,461.74,842.81,Inactive
2924,PROD-002924,809,Atlas Product 2924,Components,Specialty,Liter,404.23,925.39,Active
2925,PROD-002925,341,Atlas Product 2925,Industrial Equipment,Premium,Meter,29.31,55.77,Active
2926,PROD-002926,808,Atlas Product 2926,Electronics,Premium,Kg,68.08,142.61,Active
2927,PROD-002927,627,Atlas Product 2927,Packaging,Specialty,Liter,215.92,317.44,Active
2928,PROD-002928,343,Atlas Product 2928,Raw Materials,Specialty,Each,387.75,931.77,Active
2929,PROD-002929,974,Atlas Product 2929,Electronics,Specialty,Each,350.66,742.98,Active
2930,PROD-002930,713,Atlas Product 2930,Raw Materials,Premium,Kg,59.65,147.31,Active
2931,PROD-002931,817,Atlas Product 2931,Industrial Equipment,Standard,Each,216.14,498.43,Active
2932,PROD-002932,603,Atlas Product 2932,Components,Premium,Liter,168.5,395.78,Active
2933,PROD-002933,651,Atlas Product 2933,Components,Specialty,Liter,76.52,150.38,Active
2934,PROD-002934,969,Atlas Product 2934,Electronics,Specialty,Meter,392.03,811.23,Active
2935,PROD-002935,915,Atlas Product 2935,Components,Specialty,Kg,468.84,977.83,Active
2936,PROD-002936,314,Atlas Product 2936,Electronics,Premium,Meter,27.61,52.22,Inactive
2937,PROD-002937,935,Atlas Product 2937,Packaging,Standard,Liter,112.79,213.39,Active
2938,PROD-002938,994,Atlas Product 2938,Raw Materials,Standard,Each,317.22,741.91,Active
2939,PROD-002939,815,Atlas Product 2939,Industrial Equipment,Standard,Each,125.42,234.27,Active
2940,PROD-002940,351,Atlas Product 2940,Packaging,Specialty,Kg,184.71,308.05,Active
2941,PROD-002941,12,Atlas Product 2941,Industrial Equipment,Premium,Kg,268.56,501.83,Active
2942,PROD-002942,447,Atlas Product 2942,Raw Materials,Standard,Kg,25.53,58.27,Active
2943,PROD-002943,992,Atlas Product 2943,Packaging,Standard,Kg,439.86,933.67,Active
2944,PROD-002944,89,Atlas Product 2944,Raw Materials,Standard,Meter,413.61,534.09,Active
2945,PROD-002945,750,Atlas Product 2945,Industrial Equipment,Premium,Liter,151.14,304.71,Active
2946,PROD-002946,435,Atlas Product 2946,Industrial Equipment,Premium,Kg,214.35,469.58,Active
2947,PROD-002947,831,Atlas Product 2947,Components,Specialty,Liter,100.35,222.3,Active
2948,PROD-002948,17,Atlas Product 2948,Raw Materials,Premium,Liter,68.45,94.05,Active
2949,PROD-002949,790,Atlas Product 2949,Electronics,Standard,Kg,275.42,589.5,Active
2950,PROD-002950,454,Atlas Product 2950,Industrial Equipment,Standard,Kg,468.67,655.04,Active
2951,PROD-002951,247,Atlas Product 2951,Packaging,Premium,Meter,375.57,662.91,Active
2952,PROD-002952,118,Atlas Product 2952,Electronics,Specialty,Kg,497.54,1121.27,Active
2953,PROD-002953,794,Atlas Product 2953,Industrial Equipment,Specialty,Liter,312.49,587.06,Active
2954,PROD-002954,362,Atlas Product 2954,Raw Materials,Premium,Kg,439.17,772.5,Active
2955,PROD-002955,91,Atlas Product 2955,Industrial Equipment,Premium,Meter,291.29,519.85,Active
2956,PROD-002956,402,Atlas Product 2956,Packaging,Premium,Each,89.73,183.96,Inactive
2957,PROD-002957,371,Atlas Product 2957,Raw Materials,Specialty,Kg,414.37,564.3,Active
2958,PROD-002958,879,Atlas Product 2958,Industrial Equipment,Standard,Kg,292.99,614.08,Active
2959,PROD-002959,821,Atlas Product 2959,Raw Materials,Standard,Liter,351.85,864.23,Active
2960,PROD-002960,889,Atlas Product 2960,Industrial Equipment,Standard,Kg,203.9,318.75,Active
2961,PROD-002961,375,Atlas Product 2961,Industrial Equipment,Standard,Liter,384.3,624.96,Active
2962,PROD-002962,2,Atlas Product 2962,Raw Materials,Specialty,Kg,151.2,349.04,Active
2963,PROD-002963,934,Atlas Product 2963,Electronics,Standard,Meter,282.18,617.82,Active
2964,PROD-002964,401,Atlas Product 2964,Packaging,Standard,Each,106.23,216.99,Inactive
2965,PROD-002965,483,Atlas Product 2965,Packaging,Specialty,Liter,154.81,255.6,Active
2966,PROD-002966,465,Atlas Product 2966,Packaging,Premium,Liter,140.2,229.42,Active
2967,PROD-002967,966,Atlas Product 2967,Raw Materials,Specialty,Meter,336.45,687.23,Active
2968,PROD-002968,862,Atlas Product 2968,Packaging,Premium,Meter,237.21,563.72,Active
2969,PROD-002969,826,Atlas Product 2969,Components,Premium,Meter,467.89,873.38,Active
2970,PROD-002970,649,Atlas Product 2970,Industrial Equipment,Premium,Liter,420.6,1037.79,Active
2971,PROD-002971,555,Atlas Product 2971,Raw Materials,Specialty,Liter,248.83,470.87,Inactive
2972,PROD-002972,482,Atlas Product 2972,Components,Standard,Meter,480.99,830.47,Active
2973,PROD-002973,757,Atlas Product 2973,Raw Materials,Standard,Kg,429.82,1008.07,Active
2974,PROD-002974,395,Atlas Product 2974,Components,Specialty,Each,69.8,136.58,Active
2975,PROD-002975,864,Atlas Product 2975,Components,Specialty,Liter,29.19,51.87,Active
2976,PROD-002976,582,Atlas Product 2976,Components,Specialty,Meter,419.28,528.49,Active
2977,PROD-002977,135,Atlas Product 2977,Industrial Equipment,Premium,Each,291.83,526.17,Active
2978,PROD-002978,472,Atlas Product 2978,Raw Materials,Specialty,Each,141.61,178.44,Active
2979,PROD-002979,133,Atlas Product 2979,Packaging,Premium,Each,238.23,585.43,Active
2980,PROD-002980,457,Atlas Product 2980,Components,Standard,Meter,208.12,469.96,Active
2981,PROD-002981,290,Atlas Product 2981,Components,Standard,Each,259.84,604.68,Active
2982,PROD-002982,425,Atlas Product 2982,Packaging,Premium,Kg,156.48,329.19,Active
2983,PROD-002983,675,Atlas Product 2983,Components,Standard,Meter,254.48,420.79,Active
2984,PROD-002984,828,Atlas Product 2984,Packaging,Standard,Kg,217.5,404.83,Active
2985,PROD-002985,973,Atlas Product 2985,Packaging,Standard,Kg,131.27,214.5,Active
2986,PROD-002986,123,Atlas Product 2986,Industrial Equipment,Specialty,Each,71.98,173.67,Active
2987,PROD-002987,171,Atlas Product 2987,Packaging,Premium,Meter,54.58,77.52,Inactive
2988,PROD-002988,364,Atlas Product 2988,Industrial Equipment,Premium,Each,395.45,899.33,Active
2989,PROD-002989,755,Atlas Product 2989,Electronics,Premium,Kg,92.64,166.91,Active
2990,PROD-002990,912,Atlas Product 2990,Packaging,Specialty,Kg,230.94,551.46,Active
2991,PROD-002991,315,Atlas Product 2991,Raw Materials,Premium,Liter,377.84,559.53,Inactive
2992,PROD-002992,959,Atlas Product 2992,Electronics,Specialty,Liter,270.43,342.46,Active
2993,PROD-002993,126,Atlas Product 2993,Industrial Equipment,Premium,Each,60.7,129.88,Active
2994,PROD-002994,749,Atlas Product 2994,Packaging,Specialty,Meter,73.31,141.48,Active
2995,PROD-002995,354,Atlas Product 2995,Packaging,Specialty,Meter,425.67,677.42,Active
2996,PROD-002996,155,Atlas Product 2996,Packaging,Premium,Each,151.43,356.8,Active
2997,PROD-002997,64,Atlas Product 2997,Components,Standard,Kg,261.55,573.7,Active
2998,PROD-002998,15,Atlas Product 2998,Components,Specialty,Meter,186.82,460.11,Active
2999,PROD-002999,28,Atlas Product 2999,Industrial Equipment,Standard,Each,476.52,595.69,Active
3000,PROD-003000,958,Atlas Product 3000,Packaging,Specialty,Kg,227.59,293.33,Active
3001,PROD-003001,121,Atlas Product 3001,Packaging,Standard,Each,272.51,522.39,Active
3002,PROD-003002,593,Atlas Product 3002,Electronics,Specialty,Meter,122.04,212.28,Active
3003,PROD-003003,629,Atlas Product 3003,Electronics,Standard,Kg,283.71,437.41,Active
3004,PROD-003004,820,Atlas Product 3004,Electronics,Standard,Meter,430.84,1019.56,Active
3005,PROD-003005,5,Atlas Product 3005,Industrial Equipment,Specialty,Each,106.24,153.27,Active
3006,PROD-003006,719,Atlas Product 3006,Raw Materials,Specialty,Each,153.76,358.4,Active
3007,PROD-003007,71,Atlas Product 3007,Industrial Equipment,Standard,Liter,73.09,106.65,Active
3008,PROD-003008,930,Atlas Product 3008,Components,Specialty,Kg,128.35,290.61,Active
3009,PROD-003009,657,Atlas Product 3009,Industrial Equipment,Specialty,Meter,407.21,557.4,Inactive
3010,PROD-003010,989,Atlas Product 3010,Industrial Equipment,Standard,Liter,90.71,125.47,Inactive
3011,PROD-003011,908,Atlas Product 3011,Industrial Equipment,Specialty,Meter,22.71,56.49,Active
3012,PROD-003012,277,Atlas Product 3012,Packaging,Specialty,Liter,391.98,905.1,Active
3013,PROD-003013,217,Atlas Product 3013,Raw Materials,Standard,Kg,232.31,293.07,Active
3014,PROD-003014,904,Atlas Product 3014,Packaging,Standard,Liter,263.47,530.91,Active
3015,PROD-003015,304,Atlas Product 3015,Electronics,Premium,Meter,134.3,297.87,Active
3016,PROD-003016,267,Atlas Product 3016,Packaging,Standard,Each,348.73,474.69,Active
3017,PROD-003017,171,Atlas Product 3017,Electronics,Standard,Meter,324.42,541.66,Active
3018,PROD-003018,707,Atlas Product 3018,Industrial Equipment,Standard,Each,230.24,305.73,Active
3019,PROD-003019,159,Atlas Product 3019,Industrial Equipment,Specialty,Kg,279.5,453.03,Active
3020,PROD-003020,563,Atlas Product 3020,Industrial Equipment,Standard,Liter,398.82,691.33,Active
3021,PROD-003021,584,Atlas Product 3021,Components,Standard,Meter,347.38,851.06,Active
3022,PROD-003022,277,Atlas Product 3022,Components,Standard,Liter,67.15,159.78,Active
3023,PROD-003023,183,Atlas Product 3023,Electronics,Standard,Each,280.5,355.9,Active
3024,PROD-003024,15,Atlas Product 3024,Industrial Equipment,Premium,Meter,468.34,850.2,Active
3025,PROD-003025,839,Atlas Product 3025,Packaging,Standard,Liter,10.8,26.52,Active
3026,PROD-003026,300,Atlas Product 3026,Industrial Equipment,Specialty,Liter,12.12,25.71,Active
3027,PROD-003027,782,Atlas Product 3027,Packaging,Specialty,Kg,387.46,599.16,Active
3028,PROD-003028,643,Atlas Product 3028,Components,Premium,Kg,59.5,80.97,Active
3029,PROD-003029,420,Atlas Product 3029,Packaging,Standard,Meter,191.72,404.66,Active
3030,PROD-003030,532,Atlas Product 3030,Industrial Equipment,Specialty,Meter,312.69,757.18,Active
3031,PROD-003031,71,Atlas Product 3031,Raw Materials,Standard,Each,72.79,152.07,Active
3032,PROD-003032,738,Atlas Product 3032,Electronics,Specialty,Each,158.07,331.56,Active
3033,PROD-003033,884,Atlas Product 3033,Industrial Equipment,Specialty,Kg,482.68,1090.95,Active
3034,PROD-003034,526,Atlas Product 3034,Components,Specialty,Meter,127.96,195.94,Active
3035,PROD-003035,821,Atlas Product 3035,Components,Specialty,Liter,72.15,99.75,Active
3036,PROD-003036,416,Atlas Product 3036,Packaging,Specialty,Liter,74.44,130.73,Active
3037,PROD-003037,701,Atlas Product 3037,Packaging,Specialty,Kg,165.35,362.96,Active
3038,PROD-003038,869,Atlas Product 3038,Components,Standard,Meter,71.98,121.49,Active
3039,PROD-003039,863,Atlas Product 3039,Components,Premium,Meter,241.05,449.28,Active
3040,PROD-003040,836,Atlas Product 3040,Raw Materials,Specialty,Liter,318.9,549.4,Inactive
3041,PROD-003041,485,Atlas Product 3041,Electronics,Standard,Meter,491.21,929.0,Active
3042,PROD-003042,430,Atlas Product 3042,Electronics,Premium,Each,277.98,652.46,Active
3043,PROD-003043,1,Atlas Product 3043,Industrial Equipment,Specialty,Meter,420.7,532.83,Active
3044,PROD-003044,744,Atlas Product 3044,Industrial Equipment,Premium,Meter,300.27,713.75,Active
3045,PROD-003045,260,Atlas Product 3045,Components,Specialty,Kg,429.34,624.41,Active
3046,PROD-003046,607,Atlas Product 3046,Packaging,Specialty,Liter,458.1,646.42,Active
3047,PROD-003047,395,Atlas Product 3047,Components,Specialty,Kg,340.83,847.49,Active
3048,PROD-003048,695,Atlas Product 3048,Industrial Equipment,Standard,Each,155.19,304.1,Inactive
3049,PROD-003049,483,Atlas Product 3049,Packaging,Standard,Meter,454.41,764.31,Active
3050,PROD-003050,382,Atlas Product 3050,Raw Materials,Specialty,Each,143.77,326.63,Active
3051,PROD-003051,319,Atlas Product 3051,Industrial Equipment,Specialty,Liter,491.02,921.22,Active
3052,PROD-003052,780,Atlas Product 3052,Industrial Equipment,Standard,Each,143.35,348.54,Active
3053,PROD-003053,353,Atlas Product 3053,Industrial Equipment,Standard,Liter,343.86,853.45,Active
3054,PROD-003054,528,Atlas Product 3054,Packaging,Standard,Kg,326.06,512.74,Active
3055,PROD-003055,434,Atlas Product 3055,Electronics,Premium,Meter,176.72,429.25,Active
3056,PROD-003056,946,Atlas Product 3056,Electronics,Premium,Each,221.03,294.35,Active
3057,PROD-003057,734,Atlas Product 3057,Electronics,Specialty,Meter,349.12,702.74,Active
3058,PROD-003058,151,Atlas Product 3058,Components,Standard,Meter,457.05,831.81,Active
3059,PROD-003059,66,Atlas Product 3059,Raw Materials,Standard,Liter,448.13,920.01,Active
3060,PROD-003060,12,Atlas Product 3060,Packaging,Specialty,Each,462.44,726.58,Active
3061,PROD-003061,66,Atlas Product 3061,Packaging,Premium,Meter,319.66,748.99,Active
3062,PROD-003062,930,Atlas Product 3062,Industrial Equipment,Specialty,Liter,398.33,771.32,Active
3063,PROD-003063,644,Atlas Product 3063,Industrial Equipment,Standard,Kg,183.46,453.12,Active
3064,PROD-003064,745,Atlas Product 3064,Components,Standard,Each,344.57,712.61,Inactive
3065,PROD-003065,380,Atlas Product 3065,Components,Premium,Liter,368.96,627.03,Active
3066,PROD-003066,871,Atlas Product 3066,Components,Specialty,Liter,195.59,315.24,Active
3067,PROD-003067,390,Atlas Product 3067,Electronics,Premium,Each,61.4,115.06,Active
3068,PROD-003068,147,Atlas Product 3068,Industrial Equipment,Premium,Each,214.69,379.11,Active
3069,PROD-003069,573,Atlas Product 3069,Industrial Equipment,Standard,Liter,142.61,275.64,Active
3070,PROD-003070,581,Atlas Product 3070,Industrial Equipment,Specialty,Each,157.36,231.87,Active
3071,PROD-003071,759,Atlas Product 3071,Packaging,Premium,Kg,403.81,531.62,Active
3072,PROD-003072,862,Atlas Product 3072,Packaging,Premium,Each,469.87,1134.78,Active
3073,PROD-003073,506,Atlas Product 3073,Industrial Equipment,Specialty,Liter,291.95,516.96,Active
3074,PROD-003074,674,Atlas Product 3074,Components,Specialty,Meter,306.15,512.27,Active
3075,PROD-003075,869,Atlas Product 3075,Industrial Equipment,Specialty,Each,493.1,736.59,Active
3076,PROD-003076,992,Atlas Product 3076,Industrial Equipment,Premium,Kg,475.67,1104.25,Active
3077,PROD-003077,909,Atlas Product 3077,Raw Materials,Premium,Liter,168.99,352.26,Active
3078,PROD-003078,887,Atlas Product 3078,Raw Materials,Premium,Kg,196.4,331.6,Active
3079,PROD-003079,930,Atlas Product 3079,Industrial Equipment,Premium,Meter,47.03,89.06,Active
3080,PROD-003080,981,Atlas Product 3080,Packaging,Premium,Meter,277.28,507.49,Active
3081,PROD-003081,422,Atlas Product 3081,Packaging,Specialty,Liter,471.96,604.73,Active
3082,PROD-003082,775,Atlas Product 3082,Industrial Equipment,Standard,Each,297.19,525.39,Active
3083,PROD-003083,611,Atlas Product 3083,Industrial Equipment,Standard,Liter,89.89,184.5,Active
3084,PROD-003084,38,Atlas Product 3084,Raw Materials,Premium,Kg,17.54,30.6,Active
3085,PROD-003085,690,Atlas Product 3085,Raw Materials,Premium,Meter,481.34,1166.47,Active
3086,PROD-003086,240,Atlas Product 3086,Components,Premium,Each,226.5,396.0,Active
3087,PROD-003087,68,Atlas Product 3087,Industrial Equipment,Specialty,Liter,289.77,714.71,Active
3088,PROD-003088,596,Atlas Product 3088,Raw Materials,Standard,Meter,409.21,697.19,Active
3089,PROD-003089,401,Atlas Product 3089,Packaging,Premium,Meter,224.44,310.79,Active
3090,PROD-003090,381,Atlas Product 3090,Industrial Equipment,Premium,Kg,153.36,192.77,Active
3091,PROD-003091,398,Atlas Product 3091,Industrial Equipment,Specialty,Meter,24.7,49.19,Active
3092,PROD-003092,695,Atlas Product 3092,Industrial Equipment,Specialty,Meter,233.37,499.05,Active
3093,PROD-003093,25,Atlas Product 3093,Packaging,Specialty,Each,342.89,646.27,Active
3094,PROD-003094,896,Atlas Product 3094,Components,Specialty,Liter,33.44,45.06,Inactive
3095,PROD-003095,927,Atlas Product 3095,Packaging,Standard,Each,208.31,283.0,Inactive
3096,PROD-003096,21,Atlas Product 3096,Components,Specialty,Kg,336.19,646.69,Inactive
3097,PROD-003097,583,Atlas Product 3097,Packaging,Premium,Kg,298.61,743.87,Active
3098,PROD-003098,111,Atlas Product 3098,Components,Standard,Liter,496.17,702.54,Active
3099,PROD-003099,2,Atlas Product 3099,Raw Materials,Standard,Each,375.12,534.57,Active
3100,PROD-003100,239,Atlas Product 3100,Components,Premium,Each,368.15,548.26,Active
3101,PROD-003101,773,Atlas Product 3101,Raw Materials,Specialty,Meter,227.01,515.07,Active
3102,PROD-003102,80,Atlas Product 3102,Industrial Equipment,Premium,Kg,170.01,375.98,Active
3103,PROD-003103,653,Atlas Product 3103,Components,Standard,Liter,445.91,685.45,Active
3104,PROD-003104,237,Atlas Product 3104,Industrial Equipment,Standard,Kg,265.07,408.52,Active
3105,PROD-003105,639,Atlas Product 3105,Raw Materials,Premium,Liter,121.63,244.76,Active
3106,PROD-003106,190,Atlas Product 3106,Raw Materials,Standard,Each,259.17,590.98,Inactive
3107,PROD-003107,953,Atlas Product 3107,Raw Materials,Standard,Kg,386.11,516.51,Inactive
3108,PROD-003108,703,Atlas Product 3108,Packaging,Specialty,Liter,479.78,866.92,Active
3109,PROD-003109,53,Atlas Product 3109,Industrial Equipment,Premium,Liter,99.62,248.49,Active
3110,PROD-003110,239,Atlas Product 3110,Components,Specialty,Each,477.67,1081.68,Active
3111,PROD-003111,313,Atlas Product 3111,Packaging,Premium,Meter,475.56,628.78,Active
3112,PROD-003112,584,Atlas Product 3112,Industrial Equipment,Standard,Each,130.21,275.99,Active
3113,PROD-003113,279,Atlas Product 3113,Raw Materials,Premium,Kg,442.47,1096.3,Active
3114,PROD-003114,781,Atlas Product 3114,Industrial Equipment,Unknown,Liter,116.27,213.85,Active
3115,PROD-003115,496,Atlas Product 3115,Electronics,Premium,Each,434.54,1074.36,Active
3116,PROD-003116,289,Atlas Product 3116,Electronics,Specialty,Meter,427.9,966.61,Active
3117,PROD-003117,881,Atlas Product 3117,Raw Materials,Premium,Kg,494.99,639.02,Active
3118,PROD-003118,993,Atlas Product 3118,Raw Materials,Specialty,Each,315.72,620.89,Inactive
3119,PROD-003119,67,Atlas Product 3119,Components,Standard,Each,160.31,316.55,Inactive
3120,PROD-003120,232,Atlas Product 3120,Raw Materials,Specialty,Liter,88.3,195.19,Inactive
3121,PROD-003121,399,Atlas Product 3121,Industrial Equipment,Specialty,Each,364.78,903.2,Active
3122,PROD-003122,389,Atlas Product 3122,Components,Specialty,Each,379.35,826.69,Active
3123,PROD-003123,427,Atlas Product 3123,Industrial Equipment,Standard,Each,335.57,437.6,Active
3124,PROD-003124,683,Atlas Product 3124,Electronics,Specialty,Liter,429.88,665.13,Active
3125,PROD-003125,856,Atlas Product 3125,Components,Standard,Each,445.95,601.39,Inactive
3126,PROD-003126,166,Atlas Product 3126,Industrial Equipment,Premium,Meter,354.55,791.73,Active
3127,PROD-003127,856,Atlas Product 3127,Components,Specialty,Each,360.24,717.81,Active
3128,PROD-003128,326,Atlas Product 3128,Raw Materials,Premium,Kg,408.65,662.88,Active
3129,PROD-003129,149,Atlas Product 3129,Packaging,Premium,Liter,267.28,422.05,Active
3130,PROD-003130,643,Atlas Product 3130,Raw Materials,Standard,Liter,10.26,18.4,Inactive
3131,PROD-003131,84,Atlas Product 3131,Industrial Equipment,Standard,Each,314.65,777.62,Active
3132,PROD-003132,792,Atlas Product 3132,Components,Premium,Liter,450.29,1087.18,Active
3133,PROD-003133,817,Atlas Product 3133,Packaging,Specialty,Liter,488.45,751.69,Active
3134,PROD-003134,876,Atlas Product 3134,Components,Specialty,Liter,414.8,1022.21,Active
3135,PROD-003135,145,Atlas Product 3135,Raw Materials,Standard,Liter,368.9,814.87,Active
3136,PROD-003136,262,Atlas Product 3136,Packaging,Specialty,Kg,120.59,160.22,Active
3137,PROD-003137,751,Atlas Product 3137,Raw Materials,Specialty,Kg,286.58,515.43,Active
3138,PROD-003138,86,Atlas Product 3138,Raw Materials,Specialty,Kg,422.98,821.0,Active
3139,PROD-003139,238,Atlas Product 3139,Raw Materials,Standard,Kg,388.16,499.73,Active
3140,PROD-003140,811,Atlas Product 3140,Raw Materials,Standard,Meter,416.3,868.05,Active
3141,PROD-003141,974,Atlas Product 3141,Raw Materials,Premium,Meter,363.99,559.38,Active
3142,PROD-003142,618,Atlas Product 3142,Industrial Equipment,Premium,Meter,467.22,845.46,Active
3143,PROD-003143,103,Atlas Product 3143,Electronics,Specialty,Each,492.49,908.58,Inactive
3144,PROD-003144,743,Atlas Product 3144,Packaging,Standard,Liter,390.97,738.51,Inactive
3145,PROD-003145,781,Atlas Product 3145,Packaging,Premium,Each,30.87,41.6,Active
3146,PROD-003146,39,Atlas Product 3146,Components,Specialty,Liter,119.2,194.29,Active
3147,PROD-003147,442,Atlas Product 3147,Raw Materials,Specialty,Kg,38.18,81.15,Active
3148,PROD-003148,780,Atlas Product 3148,Components,Premium,Meter,123.2,241.0,Active
3149,PROD-003149,299,Atlas Product 3149,Electronics,Standard,Liter,267.48,337.66,Active
3150,PROD-003150,959,Atlas Product 3150,Components,Premium,Liter,471.39,1157.25,Active
3151,PROD-003151,884,Atlas Product 3151,Components,Premium,Liter,347.04,614.7,Active
3152,PROD-003152,943,Atlas Product 3152,Raw Materials,Standard,Meter,15.02,26.72,Active
3153,PROD-003153,474,Atlas Product 3153,Raw Materials,Premium,Each,468.79,1156.23,Active
3154,PROD-003154,191,Atlas Product 3154,Electronics,Specialty,Meter,177.83,222.79,Active
3155,PROD-003155,935,Atlas Product 3155,Components,Standard,Kg,430.56,654.81,Active
3156,PROD-003156,984,Atlas Product 3156,Components,Specialty,Each,329.92,637.75,Active
3157,PROD-003157,127,Atlas Product 3157,Electronics,Standard,Kg,467.04,732.29,Active
3158,PROD-003158,364,Atlas Product 3158,Components,Specialty,Kg,315.82,581.92,Active
3159,PROD-003159,331,Atlas Product 3159,Raw Materials,Specialty,Liter,407.73,836.85,Active
3160,PROD-003160,745,Atlas Product 3160,Industrial Equipment,Standard,Kg,451.3,986.83,Active
3161,PROD-003161,430,Atlas Product 3161,Raw Materials,Standard,Liter,108.46,230.09,Active
3162,PROD-003162,709,Atlas Product 3162,Components,Specialty,Each,134.9,286.58,Active
3163,PROD-003163,576,Atlas Product 3163,Electronics,Premium,Kg,97.15,238.56,Active
3164,PROD-003164,299,Atlas Product 3164,Electronics,Specialty,Liter,101.72,193.17,Active
3165,PROD-003165,403,Atlas Product 3165,Electronics,Specialty,Kg,374.18,493.97,Active
3166,PROD-003166,710,Atlas Product 3166,Raw Materials,Premium,Kg,426.06,618.37,Active
3167,PROD-003167,674,Atlas Product 3167,Packaging,Premium,Meter,331.93,672.16,Active
3168,PROD-003168,747,Atlas Product 3168,Industrial Equipment,Premium,Kg,271.45,405.62,Active
3169,PROD-003169,580,Atlas Product 3169,Raw Materials,Specialty,Kg,14.33,31.4,Active
3170,PROD-003170,999,Atlas Product 3170,Electronics,Specialty,Liter,482.93,608.63,Active
3171,PROD-003171,493,Atlas Product 3171,Packaging,Premium,Meter,448.86,1075.05,Active
3172,PROD-003172,198,Atlas Product 3172,Electronics,Standard,Each,189.22,285.37,Active
3173,PROD-003173,860,Atlas Product 3173,Industrial Equipment,Standard,Kg,186.76,436.74,Active
3174,PROD-003174,938,Atlas Product 3174,Industrial Equipment,Specialty,Kg,363.51,627.68,Active
3175,PROD-003175,165,Atlas Product 3175,Electronics,Specialty,Liter,352.58,647.92,Active
3176,PROD-003176,773,Atlas Product 3176,Industrial Equipment,Specialty,Kg,346.12,807.1,Active
3177,PROD-003177,342,Atlas Product 3177,Industrial Equipment,Premium,Meter,435.51,953.65,Active
3178,PROD-003178,39,Atlas Product 3178,Industrial Equipment,Premium,Liter,44.36,81.81,Active
3179,PROD-003179,542,Atlas Product 3179,Electronics,Standard,Each,292.51,590.6,Inactive
3180,PROD-003180,643,Atlas Product 3180,Raw Materials,Premium,Each,461.68,580.27,Active
3181,PROD-003181,288,Atlas Product 3181,Industrial Equipment,Specialty,Kg,345.0,540.15,Active
3182,PROD-003182,597,Atlas Product 3182,Electronics,Premium,Kg,43.47,78.68,Active
3183,PROD-003183,904,Atlas Product 3183,Raw Materials,Specialty,Liter,125.89,228.22,Active
3184,PROD-003184,192,Atlas Product 3184,Raw Materials,Premium,Liter,471.45,1160.81,Active
3185,PROD-003185,601,Atlas Product 3185,Industrial Equipment,Specialty,Kg,241.86,344.06,Active
3186,PROD-003186,977,Atlas Product 3186,Electronics,Specialty,Each,410.26,748.69,Active
3187,PROD-003187,460,Atlas Product 3187,Components,Specialty,Kg,209.72,296.63,Active
3188,PROD-003188,857,Atlas Product 3188,Electronics,Standard,Each,390.35,911.94,Active
3189,PROD-003189,373,Atlas Product 3189,Industrial Equipment,Standard,Each,313.18,517.53,Active
3190,PROD-003190,375,Atlas Product 3190,Components,Standard,Kg,105.94,183.75,Inactive
3191,PROD-003191,145,Atlas Product 3191,Raw Materials,Premium,Meter,361.73,778.95,Active
3192,PROD-003192,851,Atlas Product 3192,Electronics,Specialty,Liter,422.05,671.91,Active
3193,PROD-003193,490,Atlas Product 3193,Raw Materials,Specialty,Each,161.95,400.06,Active
3194,PROD-003194,469,Atlas Product 3194,Packaging,Specialty,Kg,348.86,486.71,Active
3195,PROD-003195,521,Atlas Product 3195,Raw Materials,Standard,Each,324.42,495.52,Active
3196,PROD-003196,354,Atlas Product 3196,Components,Specialty,Meter,243.55,365.93,Active
3197,PROD-003197,923,Atlas Product 3197,Electronics,Premium,Meter,413.26,751.39,Active
3198,PROD-003198,50,Atlas Product 3198,Raw Materials,Premium,Kg,373.89,793.87,Active
3199,PROD-003199,937,Atlas Product 3199,Components,Standard,Kg,404.74,706.58,Active
3200,PROD-003200,671,Atlas Product 3200,Industrial Equipment,Premium,Meter,154.25,198.41,Active
3201,PROD-003201,621,Atlas Product 3201,Components,Premium,Each,317.71,434.74,Active
3202,PROD-003202,630,Atlas Product 3202,Raw Materials,Specialty,Liter,22.17,30.93,Active
3203,PROD-003203,457,Atlas Product 3203,Electronics,Specialty,Liter,147.78,257.61,Inactive
3204,PROD-003204,890,Atlas Product 3204,Raw Materials,Specialty,Meter,362.59,644.77,Active
3205,PROD-003205,451,Atlas Product 3205,Industrial Equipment,Specialty,Each,61.0,138.54,Inactive
3206,PROD-003206,373,Atlas Product 3206,Raw Materials,Specialty,Meter,344.99,787.55,Inactive
3207,PROD-003207,246,Atlas Product 3207,Raw Materials,Specialty,Liter,473.84,992.27,Active
3208,PROD-003208,483,Atlas Product 3208,Raw Materials,Standard,Kg,336.71,620.28,Active
3209,PROD-003209,717,Atlas Product 3209,Electronics,Standard,Liter,330.11,539.81,Active
3210,PROD-003210,422,Atlas Product 3210,Packaging,Standard,Kg,393.96,715.99,Active
3211,PROD-003211,775,Atlas Product 3211,Packaging,Specialty,Each,152.7,324.72,Active
3212,PROD-003212,598,Atlas Product 3212,Packaging,Specialty,Each,338.97,826.11,Active
3213,PROD-003213,57,Atlas Product 3213,Packaging,Premium,Kg,468.29,1099.86,Active
3214,PROD-003214,547,Atlas Product 3214,Raw Materials,Premium,Kg,293.61,499.37,Active
3215,PROD-003215,136,Atlas Product 3215,Electronics,Specialty,Meter,141.63,317.11,Active
3216,PROD-003216,460,Atlas Product 3216,Raw Materials,Specialty,Kg,329.34,546.01,Active
3217,PROD-003217,328,Atlas Product 3217,Packaging,Premium,Liter,493.64,673.08,Active
3218,PROD-003218,364,Atlas Product 3218,Industrial Equipment,Premium,Meter,12.75,19.09,Active
3219,PROD-003219,163,Atlas Product 3219,Electronics,Standard,Kg,108.82,201.59,Active
3220,PROD-003220,353,Atlas Product 3220,Packaging,Premium,Each,455.55,980.15,Inactive
3221,PROD-003221,897,Atlas Product 3221,Components,Specialty,Kg,79.72,168.74,Active
3222,PROD-003222,245,Atlas Product 3222,Industrial Equipment,Premium,Each,59.53,122.96,Active
3223,PROD-003223,761,Atlas Product 3223,Packaging,Specialty,Meter,372.45,829.97,Inactive
3224,PROD-003224,351,Atlas Product 3224,Components,Premium,Each,84.68,173.53,Active
3225,PROD-003225,730,Atlas Product 3225,Electronics,Specialty,Liter,44.11,60.98,Active
3226,PROD-003226,689,Atlas Product 3226,Electronics,Premium,Liter,405.25,931.4,Active
3227,PROD-003227,414,Atlas Product 3227,Packaging,Specialty,Meter,200.28,382.08,Active
3228,PROD-003228,566,Atlas Product 3228,Raw Materials,Specialty,Meter,398.66,728.91,Active
3229,PROD-003229,71,Atlas Product 3229,Raw Materials,Specialty,Liter,160.61,265.67,Active
3230,PROD-003230,100,Atlas Product 3230,Raw Materials,Standard,Kg,388.89,865.96,Active
3231,PROD-003231,170,Atlas Product 3231,Industrial Equipment,Premium,Liter,290.08,643.78,Active
3232,PROD-003232,980,Atlas Product 3232,Electronics,Premium,Kg,332.34,725.22,Active
3233,PROD-003233,143,Atlas Product 3233,Raw Materials,Premium,Each,230.79,342.64,Active
3234,PROD-003234,680,Atlas Product 3234,Industrial Equipment,Standard,Each,403.94,628.85,Active
3235,PROD-003235,205,Atlas Product 3235,Raw Materials,Standard,Each,11.23,22.78,Active
3236,PROD-003236,546,Atlas Product 3236,Raw Materials,Specialty,Each,56.87,98.68,Active
3237,PROD-003237,829,Atlas Product 3237,Industrial Equipment,Standard,Liter,425.7,539.13,Active
3238,PROD-003238,76,Atlas Product 3238,Components,Standard,Liter,459.52,609.89,Active
3239,PROD-003239,47,Atlas Product 3239,Components,Specialty,Each,325.52,543.6,Active
3240,PROD-003240,897,Atlas Product 3240,Industrial Equipment,Standard,Kg,199.79,313.84,Active
3241,PROD-003241,656,Atlas Product 3241,Raw Materials,Premium,Each,450.27,627.32,Active
3242,PROD-003242,705,Atlas Product 3242,Raw Materials,Premium,Liter,102.72,256.36,Active
3243,PROD-003243,75,Atlas Product 3243,Packaging,Specialty,Liter,442.89,592.51,Active
3244,PROD-003244,799,Atlas Product 3244,Industrial Equipment,Premium,Kg,34.15,66.07,Active
3245,PROD-003245,374,Atlas Product 3245,Packaging,Specialty,Liter,320.45,563.37,Active
3246,PROD-003246,226,Atlas Product 3246,Industrial Equipment,Premium,Liter,440.2,1047.51,Active
3247,PROD-003247,24,Atlas Product 3247,Components,Standard,Meter,165.47,350.09,Active
3248,PROD-003248,142,Atlas Product 3248,Electronics,Premium,Meter,275.98,385.07,Active
3249,PROD-003249,223,Atlas Product 3249,Packaging,Standard,Liter,421.8,984.84,Active
3250,PROD-003250,806,Atlas Product 3250,Electronics,Standard,Each,389.73,669.55,Active
3251,PROD-003251,602,Atlas Product 3251,Raw Materials,Specialty,Meter,139.9,182.6,Active
3252,PROD-003252,253,Atlas Product 3252,Components,Standard,Kg,201.32,387.2,Active
3253,PROD-003253,291,Atlas Product 3253,Industrial Equipment,Standard,Each,481.1,823.1,Active
3254,PROD-003254,243,Atlas Product 3254,Components,Specialty,Liter,120.96,200.19,Active
3255,PROD-003255,47,Atlas Product 3255,Raw Materials,Specialty,Each,118.95,255.59,Active
3256,PROD-003256,572,Atlas Product 3256,Raw Materials,Specialty,Kg,225.01,369.17,Active
3257,PROD-003257,673,Atlas Product 3257,Raw Materials,Standard,Kg,59.45,110.63,Active
3258,PROD-003258,625,Atlas Product 3258,Components,Standard,Meter,186.39,422.64,Active
3259,PROD-003259,912,Atlas Product 3259,Raw Materials,Premium,Meter,288.02,560.72,Active
3260,PROD-003260,606,Atlas Product 3260,Packaging,Standard,Each,479.16,1076.26,Active
3261,PROD-003261,683,Atlas Product 3261,Components,Standard,Liter,367.29,812.98,Active
3262,PROD-003262,856,Atlas Product 3262,Packaging,Specialty,Liter,158.76,322.96,Active
3263,PROD-003263,143,Atlas Product 3263,Components,Specialty,Each,185.07,384.63,Active
3264,PROD-003264,826,Atlas Product 3264,Industrial Equipment,Standard,Each,452.67,1114.18,Active
3265,PROD-003265,131,Atlas Product 3265,Components,Specialty,Kg,406.04,1007.88,Active
3266,PROD-003266,999,Atlas Product 3266,Components,Premium,Each,15.01,35.36,Active
3267,PROD-003267,752,Atlas Product 3267,Packaging,Standard,Meter,443.38,1102.42,Active
3268,PROD-003268,625,Atlas Product 3268,Electronics,Standard,Meter,29.35,50.8,Active
3269,PROD-003269,321,Atlas Product 3269,Components,Standard,Liter,53.65,80.02,Active
3270,PROD-003270,490,Atlas Product 3270,Packaging,Premium,Kg,165.44,267.27,Active
3271,PROD-003271,575,Atlas Product 3271,Packaging,Standard,Meter,310.63,420.4,Active
3272,PROD-003272,239,Atlas Product 3272,Raw Materials,Specialty,Kg,201.47,359.19,Active
3273,PROD-003273,37,Atlas Product 3273,Raw Materials,Premium,Meter,27.07,36.87,Active
3274,PROD-003274,595,Atlas Product 3274,Packaging,Standard,Meter,61.83,126.58,Active
3275,PROD-003275,503,Atlas Product 3275,Electronics,Premium,Kg,292.38,437.69,Active
3276,PROD-003276,450,Atlas Product 3276,Electronics,Specialty,Each,255.94,636.54,Active
3277,PROD-003277,271,Atlas Product 3277,Industrial Equipment,Specialty,Meter,38.13,82.93,Active
3278,PROD-003278,26,Atlas Product 3278,Raw Materials,Standard,Each,31.59,54.04,Active
3279,PROD-003279,491,Atlas Product 3279,Components,Standard,Kg,480.19,1058.59,Active
3280,PROD-003280,109,Atlas Product 3280,Industrial Equipment,Premium,Meter,165.58,293.71,Active
3281,PROD-003281,366,Atlas Product 3281,Raw Materials,Premium,Each,20.68,30.2,Active
3282,PROD-003282,403,Atlas Product 3282,Packaging,Standard,Kg,495.48,725.02,Active
3283,PROD-003283,263,Atlas Product 3283,Packaging,Premium,Liter,403.0,698.5,Active
3284,PROD-003284,764,Atlas Product 3284,Electronics,Specialty,Liter,101.65,192.01,Active
3285,PROD-003285,910,Atlas Product 3285,Industrial Equipment,Specialty,Kg,28.41,67.55,Active
3286,PROD-003286,463,Atlas Product 3286,Raw Materials,Specialty,Meter,60.29,102.01,Active
3287,PROD-003287,637,Atlas Product 3287,Packaging,Standard,Kg,70.63,159.9,Active
3288,PROD-003288,120,Atlas Product 3288,Raw Materials,Premium,Meter,328.24,459.39,Active
3289,PROD-003289,301,Atlas Product 3289,Electronics,Premium,Each,59.9,132.74,Active
3290,PROD-003290,869,Atlas Product 3290,Industrial Equipment,Specialty,Kg,40.92,71.19,Active
3291,PROD-003291,133,Atlas Product 3291,Components,Standard,Meter,31.01,50.76,Active
3292,PROD-003292,856,Atlas Product 3292,Raw Materials,Premium,Kg,108.25,206.61,Active
3293,PROD-003293,533,Atlas Product 3293,Packaging,Standard,Meter,269.35,600.25,Inactive
3294,PROD-003294,778,Atlas Product 3294,Raw Materials,Standard,Meter,370.03,686.17,Inactive
3295,PROD-003295,738,Atlas Product 3295,Raw Materials,Premium,Meter,20.89,37.23,Active
3296,PROD-003296,748,Atlas Product 3296,Packaging,Specialty,Liter,422.42,947.4,Active
3297,PROD-003297,340,Atlas Product 3297,Electronics,Specialty,Each,428.9,954.43,Active
3298,PROD-003298,922,Atlas Product 3298,Components,Premium,Kg,307.14,612.43,Active
3299,PROD-003299,356,Atlas Product 3299,Packaging,Premium,Kg,136.31,260.82,Active
3300,PROD-003300,613,Atlas Product 3300,Industrial Equipment,Standard,Liter,109.8,159.96,Active
3301,PROD-003301,311,Atlas Product 3301,Industrial Equipment,Specialty,Liter,175.17,335.17,Inactive
3302,PROD-003302,395,Atlas Product 3302,Components,Premium,Liter,457.37,624.94,Active
3303,PROD-003303,159,Atlas Product 3303,Electronics,Specialty,Liter,347.41,825.02,Active
3304,PROD-003304,914,Atlas Product 3304,Components,Specialty,Liter,400.62,689.76,Active
3305,PROD-003305,152,Atlas Product 3305,Packaging,Specialty,Each,73.06,135.36,Active
3306,PROD-003306,321,Atlas Product 3306,Electronics,Specialty,Liter,487.01,846.0,Active
3307,PROD-003307,305,Atlas Product 3307,Electronics,Standard,Meter,405.9,876.37,Active
3308,PROD-003308,397,Atlas Product 3308,Electronics,Standard,Meter,417.01,753.06,Active
3309,PROD-003309,314,Atlas Product 3309,Electronics,Standard,Kg,64.2,146.51,Active
3310,PROD-003310,742,Atlas Product 3310,Electronics,Premium,Meter,57.54,113.6,Active
3311,PROD-003311,244,Atlas Product 3311,Components,Premium,Each,151.03,202.63,Active
3312,PROD-003312,684,Atlas Product 3312,Industrial Equipment,Specialty,Liter,213.85,342.55,Active
3313,PROD-003313,124,Atlas Product 3313,Electronics,Standard,Kg,398.24,948.4,Active
3314,PROD-003314,95,Atlas Product 3314,Electronics,Premium,Each,269.42,359.23,Inactive
3315,PROD-003315,177,Atlas Product 3315,Electronics,Standard,Meter,356.24,872.35,Active
3316,PROD-003316,341,Atlas Product 3316,Components,Standard,Liter,394.27,908.92,Active
3317,PROD-003317,127,Atlas Product 3317,Electronics,Specialty,Liter,456.31,1023.82,Active
3318,PROD-003318,787,Atlas Product 3318,Components,Specialty,Kg,201.61,462.26,Active
3319,PROD-003319,762,Atlas Product 3319,Industrial Equipment,Premium,Liter,271.64,562.9,Active
3320,PROD-003320,543,Atlas Product 3320,Components,Specialty,Kg,44.06,60.56,Active
3321,PROD-003321,900,Atlas Product 3321,Packaging,Standard,Meter,270.56,517.39,Active
3322,PROD-003322,231,Atlas Product 3322,Components,Specialty,Meter,423.67,824.95,Active
3323,PROD-003323,17,Atlas Product 3323,Components,Premium,Meter,48.34,72.31,Active
3324,PROD-003324,701,Atlas Product 3324,Electronics,Specialty,Kg,102.15,245.19,Active
3325,PROD-003325,732,Atlas Product 3325,Industrial Equipment,Specialty,Kg,339.55,750.11,Active
3326,PROD-003326,51,Atlas Product 3326,Packaging,Premium,Liter,73.86,155.71,Active
3327,PROD-003327,974,Atlas Product 3327,Packaging,Standard,Liter,447.18,835.1,Inactive
3328,PROD-003328,597,Atlas Product 3328,Electronics,Specialty,Each,268.49,668.0,Active
3329,PROD-003329,320,Atlas Product 3329,Components,Standard,Each,484.56,723.78,Active
3330,PROD-003330,417,Atlas Product 3330,Industrial Equipment,Standard,Meter,87.09,168.74,Active
3331,PROD-003331,379,Atlas Product 3331,Components,Premium,Liter,148.9,234.17,Active
3332,PROD-003332,775,Atlas Product 3332,Raw Materials,Standard,Liter,423.31,542.14,Active
3333,PROD-003333,269,Atlas Product 3333,Electronics,Standard,Meter,200.95,254.31,Active
3334,PROD-003334,897,Atlas Product 3334,Packaging,Standard,Meter,143.49,352.09,Active
3335,PROD-003335,743,Atlas Product 3335,Components,Standard,Kg,45.49,87.13,Inactive
3336,PROD-003336,452,Atlas Product 3336,Electronics,Specialty,Kg,341.81,761.84,Active
3337,PROD-003337,3,Atlas Product 3337,Industrial Equipment,Standard,Each,347.8,779.97,Active
3338,PROD-003338,26,Atlas Product 3338,Raw Materials,Specialty,Liter,340.13,447.93,Active
3339,PROD-003339,631,Atlas Product 3339,Raw Materials,Standard,Liter,157.7,356.7,Inactive
3340,PROD-003340,400,Atlas Product 3340,Industrial Equipment,Standard,Liter,140.99,260.54,Active
3341,PROD-003341,454,Atlas Product 3341,Electronics,Specialty,Each,245.2,434.42,Active
3342,PROD-003342,484,Atlas Product 3342,Electronics,Premium,Liter,135.02,317.25,Active
3343,PROD-003343,774,Atlas Product 3343,Industrial Equipment,Standard,Meter,281.61,661.59,Active
3344,PROD-003344,295,Atlas Product 3344,Raw Materials,Specialty,Kg,441.66,978.25,Active
3345,PROD-003345,514,Atlas Product 3345,Components,Premium,Liter,24.61,45.54,Inactive
3346,PROD-003346,877,Atlas Product 3346,Packaging,Standard,Kg,370.92,638.43,Active
3347,PROD-003347,675,Atlas Product 3347,Electronics,Specialty,Kg,74.3,106.07,Active
3348,PROD-003348,481,Atlas Product 3348,Industrial Equipment,Specialty,Meter,71.21,175.59,Active
3349,PROD-003349,479,Atlas Product 3349,Industrial Equipment,Premium,Each,367.42,459.78,Active
3350,PROD-003350,309,Atlas Product 3350,Electronics,Specialty,Each,464.69,1045.97,Active
3351,PROD-003351,469,Atlas Product 3351,Electronics,Premium,Each,171.65,285.21,Active
3352,PROD-003352,392,Atlas Product 3352,Industrial Equipment,Premium,Liter,278.58,386.74,Inactive
3353,PROD-003353,565,Atlas Product 3353,Electronics,Premium,Kg,417.57,545.07,Active
3354,PROD-003354,128,Atlas Product 3354,Industrial Equipment,Specialty,Kg,369.86,526.2,Active
3355,PROD-003355,869,Atlas Product 3355,Electronics,Premium,Each,413.77,567.22,Inactive
3356,PROD-003356,409,Atlas Product 3356,Raw Materials,Specialty,Kg,378.4,776.14,Active
3357,PROD-003357,630,Atlas Product 3357,Industrial Equipment,Specialty,Liter,436.64,974.32,Active
3358,PROD-003358,102,Atlas Product 3358,Raw Materials,Premium,Each,149.73,199.06,Active
3359,PROD-003359,469,Atlas Product 3359,Components,Standard,Each,496.3,873.38,Active
3360,PROD-003360,398,Atlas Product 3360,Electronics,Standard,Liter,241.26,336.94,Active
3361,PROD-003361,759,Atlas Product 3361,Raw Materials,Standard,Each,418.2,654.09,Active
3362,PROD-003362,681,Atlas Product 3362,Electronics,Premium,Each,164.59,333.17,Active
3363,PROD-003363,995,Atlas Product 3363,Raw Materials,Specialty,Kg,278.14,624.5,Active
3364,PROD-003364,118,Atlas Product 3364,Raw Materials,Standard,Kg,52.32,73.31,Active
3365,PROD-003365,274,Atlas Product 3365,Components,Premium,Meter,302.02,435.24,Active
3366,PROD-003366,438,Atlas Product 3366,Components,Premium,Kg,291.02,368.14,Active
3367,PROD-003367,127,Atlas Product 3367,Raw Materials,Standard,Liter,147.34,238.82,Active
3368,PROD-003368,759,Atlas Product 3368,Raw Materials,Specialty,Liter,80.52,187.77,Active
3369,PROD-003369,290,Atlas Product 3369,Electronics,Premium,Kg,445.96,792.55,Active
3370,PROD-003370,148,Atlas Product 3370,Raw Materials,Premium,Liter,211.06,466.76,Active
3371,PROD-003371,469,Atlas Product 3371,Components,Standard,Liter,87.91,139.16,Active
3372,PROD-003372,877,Atlas Product 3372,Packaging,Standard,Liter,264.86,370.38,Active
3373,PROD-003373,863,Atlas Product 3373,Packaging,Standard,Kg,256.02,400.35,Active
3374,PROD-003374,850,Atlas Product 3374,Packaging,Premium,Kg,275.32,346.05,Active
3375,PROD-003375,708,Atlas Product 3375,Components,Standard,Kg,382.95,922.96,Inactive
3376,PROD-003376,836,Atlas Product 3376,Industrial Equipment,Specialty,Liter,492.9,1111.06,Active
3377,PROD-003377,635,Atlas Product 3377,Industrial Equipment,Premium,Meter,266.98,424.35,Active
3378,PROD-003378,919,Atlas Product 3378,Components,Premium,Each,277.09,681.49,Active
3379,PROD-003379,666,Atlas Product 3379,Components,Standard,Liter,376.39,923.0,Active
3380,PROD-003380,834,Atlas Product 3380,Components,Standard,Liter,465.77,830.41,Active
3381,PROD-003381,838,Atlas Product 3381,Electronics,Standard,Each,493.13,725.62,Active
3382,PROD-003382,572,Atlas Product 3382,Industrial Equipment,Premium,Each,380.12,930.65,Active
3383,PROD-003383,398,Atlas Product 3383,Electronics,Standard,Meter,449.47,952.71,Active
3384,PROD-003384,157,Atlas Product 3384,Industrial Equipment,Standard,Meter,213.65,306.69,Active
3385,PROD-003385,47,Atlas Product 3385,Electronics,Specialty,Liter,254.19,598.38,Inactive
3386,PROD-003386,936,Atlas Product 3386,Packaging,Standard,Kg,206.73,382.28,Active
3387,PROD-003387,377,Atlas Product 3387,Raw Materials,Specialty,Meter,470.38,799.4,Active
3388,PROD-003388,61,Atlas Product 3388,Packaging,Standard,Liter,498.51,753.16,Active
3389,PROD-003389,649,Atlas Product 3389,Packaging,Standard,Kg,465.22,755.79,Active
3390,PROD-003390,361,Atlas Product 3390,Packaging,Specialty,Meter,29.29,46.41,Active
3391,PROD-003391,230,Atlas Product 3391,Electronics,Premium,Each,89.41,157.31,Inactive
3392,PROD-003392,941,Atlas Product 3392,Components,Premium,Meter,482.11,1196.63,Active
3393,PROD-003393,304,Atlas Product 3393,Packaging,Standard,Liter,359.12,504.83,Active
3394,PROD-003394,827,Atlas Product 3394,Components,Standard,Meter,75.02,182.86,Active
3395,PROD-003395,647,Atlas Product 3395,Industrial Equipment,Standard,Each,313.2,448.84,Active
3396,PROD-003396,482,Atlas Product 3396,Raw Materials,Standard,Meter,455.84,849.89,Active
3397,PROD-003397,550,Atlas Product 3397,Electronics,Standard,Liter,420.41,527.62,Active
3398,PROD-003398,204,Atlas Product 3398,Electronics,Standard,Meter,139.33,193.05,Active
3399,PROD-003399,873,Atlas Product 3399,Industrial Equipment,Standard,Meter,164.1,207.52,Active
3400,PROD-003400,723,Atlas Product 3400,Packaging,Premium,Kg,438.63,595.02,Active
3401,PROD-003401,583,Atlas Product 3401,Components,Specialty,Kg,77.8,175.55,Active
3402,PROD-003402,899,Atlas Product 3402,Packaging,Specialty,Meter,164.44,272.45,Active
3403,PROD-003403,760,Atlas Product 3403,Packaging,Premium,Each,422.39,652.41,Active
3404,PROD-003404,367,Atlas Product 3404,Industrial Equipment,Premium,Kg,398.01,723.3,Active
3405,PROD-003405,973,Atlas Product 3405,Electronics,Premium,Each,240.23,377.87,Active
3406,PROD-003406,743,Atlas Product 3406,Raw Materials,Premium,Each,493.63,1059.59,Active
3407,PROD-003407,233,Atlas Product 3407,Industrial Equipment,Specialty,Liter,244.14,503.63,Active
3408,PROD-003408,18,Atlas Product 3408,Industrial Equipment,Standard,Meter,231.26,341.2,Active
3409,PROD-003409,729,Atlas Product 3409,Packaging,Premium,Kg,149.32,233.06,Active
3410,PROD-003410,428,Atlas Product 3410,Packaging,Standard,Each,308.31,543.99,Active
3411,PROD-003411,675,Atlas Product 3411,Components,Specialty,Liter,41.77,97.91,Active
3412,PROD-003412,599,Atlas Product 3412,Electronics,Standard,Liter,470.85,841.88,Active
3413,PROD-003413,880,Atlas Product 3413,Industrial Equipment,Standard,Each,341.35,447.11,Active
3414,PROD-003414,325,Atlas Product 3414,Industrial Equipment,Premium,Kg,133.71,169.72,Active
3415,PROD-003415,236,Atlas Product 3415,Electronics,Specialty,Liter,394.24,713.86,Active
3416,PROD-003416,368,Atlas Product 3416,Packaging,Premium,Kg,266.2,664.46,Active
3417,PROD-003417,527,Atlas Product 3417,Packaging,Premium,Meter,297.84,559.39,Active
3418,PROD-003418,513,Atlas Product 3418,Electronics,Standard,Meter,340.69,707.59,Active
3419,PROD-003419,413,Atlas Product 3419,Raw Materials,Standard,Meter,289.34,671.87,Active
3420,PROD-003420,834,Atlas Product 3420,Industrial Equipment,Specialty,Each,346.45,543.49,Active
3421,PROD-003421,715,Atlas Product 3421,Industrial Equipment,Standard,Liter,218.21,275.65,Inactive
3422,PROD-003422,861,Atlas Product 3422,Components,Premium,Liter,362.23,605.81,Active
3423,PROD-003423,841,Atlas Product 3423,Components,Premium,Kg,267.05,367.27,Active
3424,PROD-003424,307,Atlas Product 3424,Electronics,Premium,Liter,166.01,266.75,Inactive
3425,PROD-003425,28,Atlas Product 3425,Packaging,Standard,Kg,254.76,427.31,Active
3426,PROD-003426,568,Atlas Product 3426,Industrial Equipment,Premium,Each,477.93,635.47,Active
3427,PROD-003427,719,Atlas Product 3427,Raw Materials,Premium,Each,313.19,511.17,Active
3428,PROD-003428,980,Atlas Product 3428,Packaging,Specialty,Each,60.26,131.08,Active
3429,PROD-003429,485,Atlas Product 3429,Industrial Equipment,Specialty,Kg,161.32,335.7,Active
3430,PROD-003430,771,Atlas Product 3430,Electronics,Premium,Liter,443.54,685.4,Active
3431,PROD-003431,772,Atlas Product 3431,Industrial Equipment,Premium,Each,386.04,504.05,Active
3432,PROD-003432,82,Atlas Product 3432,Raw Materials,Specialty,Kg,209.73,367.11,Active
3433,PROD-003433,476,Atlas Product 3433,Industrial Equipment,Specialty,Liter,283.59,542.35,Active
3434,PROD-003434,138,Atlas Product 3434,Components,Premium,Kg,208.52,269.73,Active
3435,PROD-003435,900,Atlas Product 3435,Raw Materials,Premium,Kg,236.65,380.8,Active
3436,PROD-003436,669,Atlas Product 3436,Electronics,Premium,Liter,405.75,824.24,Active
3437,PROD-003437,522,Atlas Product 3437,Electronics,Premium,Kg,195.41,343.37,Active
3438,PROD-003438,24,Atlas Product 3438,Industrial Equipment,Specialty,Meter,177.39,355.07,Active
3439,PROD-003439,466,Atlas Product 3439,Industrial Equipment,Premium,Meter,434.1,959.11,Active
3440,PROD-003440,525,Atlas Product 3440,Components,Standard,Kg,430.87,717.34,Active
3441,PROD-003441,384,Atlas Product 3441,Packaging,Standard,Meter,499.35,978.61,Active
3442,PROD-003442,628,Atlas Product 3442,Electronics,Specialty,Each,99.74,247.23,Active
3443,PROD-003443,320,Atlas Product 3443,Raw Materials,Standard,Meter,94.98,197.68,Active
3444,PROD-003444,175,Atlas Product 3444,Industrial Equipment,Standard,Liter,276.99,657.64,Inactive
3445,PROD-003445,904,Atlas Product 3445,Raw Materials,Specialty,Each,378.74,818.99,Active
3446,PROD-003446,998,Atlas Product 3446,Packaging,Specialty,Kg,48.29,117.52,Active
3447,PROD-003447,803,Atlas Product 3447,Components,Standard,Liter,64.3,131.02,Active
3448,PROD-003448,928,Atlas Product 3448,Components,Specialty,Liter,358.19,895.01,Active
3449,PROD-003449,482,Atlas Product 3449,Electronics,Standard,Each,369.76,465.06,Active
3450,PROD-003450,503,Atlas Product 3450,Components,Standard,Meter,107.46,266.58,Active
3451,PROD-003451,181,Atlas Product 3451,Industrial Equipment,Premium,Each,332.67,826.14,Active
3452,PROD-003452,832,Atlas Product 3452,Raw Materials,Premium,Each,132.75,188.27,Active
3453,PROD-003453,855,Atlas Product 3453,Electronics,Standard,Meter,226.25,543.91,Active
3454,PROD-003454,665,Atlas Product 3454,Industrial Equipment,Specialty,Meter,54.41,79.37,Active
3455,PROD-003455,262,Atlas Product 3455,Industrial Equipment,Premium,Liter,278.23,685.26,Inactive
3456,PROD-003456,345,Atlas Product 3456,Electronics,Specialty,Kg,194.54,352.61,Active
3457,PROD-003457,720,Atlas Product 3457,Electronics,Standard,Liter,127.54,255.7,Active
3458,PROD-003458,214,Atlas Product 3458,Components,Standard,Each,306.27,522.81,Active
3459,PROD-003459,780,Atlas Product 3459,Packaging,Specialty,Each,357.13,867.26,Inactive
3460,PROD-003460,69,Atlas Product 3460,Raw Materials,Premium,Each,300.68,599.69,Active
3461,PROD-003461,69,Atlas Product 3461,Packaging,Standard,Each,149.13,361.19,Active
3462,PROD-003462,661,Atlas Product 3462,Raw Materials,Standard,Liter,258.93,388.29,Inactive
3463,PROD-003463,819,Atlas Product 3463,Raw Materials,Premium,Each,45.69,83.64,Active
3464,PROD-003464,630,Atlas Product 3464,Raw Materials,Specialty,Meter,324.78,684.12,Active
3465,PROD-003465,117,Atlas Product 3465,Electronics,Premium,Liter,33.42,52.63,Active
3466,PROD-003466,836,Atlas Product 3466,Packaging,Standard,Meter,210.49,451.99,Active
3467,PROD-003467,880,Atlas Product 3467,Industrial Equipment,Standard,Each,198.75,265.34,Active
3468,PROD-003468,503,Atlas Product 3468,Industrial Equipment,Specialty,Meter,230.9,289.24,Active
3469,PROD-003469,200,Atlas Product 3469,Electronics,Specialty,Meter,467.15,585.44,Active
3470,PROD-003470,501,Atlas Product 3470,Components,Specialty,Meter,53.23,111.07,Active
3471,PROD-003471,857,Atlas Product 3471,Packaging,Premium,Each,85.15,176.79,Active
3472,PROD-003472,777,Atlas Product 3472,Electronics,Premium,Each,371.91,468.72,Active
3473,PROD-003473,62,Atlas Product 3473,Industrial Equipment,Standard,Each,282.11,503.87,Active
3474,PROD-003474,227,Atlas Product 3474,Electronics,Premium,Each,473.91,937.2,Active
3475,PROD-003475,941,Atlas Product 3475,Raw Materials,Standard,Kg,311.59,506.87,Active
3476,PROD-003476,916,Atlas Product 3476,Industrial Equipment,Premium,Each,487.39,1018.87,Active
3477,PROD-003477,426,Atlas Product 3477,Electronics,Premium,Kg,243.16,480.8,Active
3478,PROD-003478,204,Atlas Product 3478,Electronics,Standard,Kg,122.1,174.54,Active
3479,PROD-003479,444,Atlas Product 3479,Industrial Equipment,Premium,Each,373.05,717.81,Active
3480,PROD-003480,850,Atlas Product 3480,Components,Premium,Each,128.79,293.17,Active
3481,PROD-003481,436,Atlas Product 3481,Industrial Equipment,Specialty,Each,257.04,573.46,Active
3482,PROD-003482,757,Atlas Product 3482,Industrial Equipment,Premium,Kg,430.05,593.43,Active
3483,PROD-003483,810,Atlas Product 3483,Electronics,Standard,Each,450.46,1109.51,Inactive
3484,PROD-003484,148,Atlas Product 3484,Raw Materials,Standard,Each,341.27,593.9,Active
3485,PROD-003485,818,Atlas Product 3485,Industrial Equipment,Standard,Meter,495.42,810.93,Active
3486,PROD-003486,723,Atlas Product 3486,Packaging,Standard,Kg,301.38,639.12,Active
3487,PROD-003487,165,Atlas Product 3487,Electronics,Specialty,Each,403.58,860.01,Active
3488,PROD-003488,72,Atlas Product 3488,Components,Standard,Liter,451.31,1010.84,Active
3489,PROD-003489,364,Atlas Product 3489,Packaging,Premium,Kg,83.91,159.77,Active
3490,PROD-003490,613,Atlas Product 3490,Raw Materials,Specialty,Meter,29.55,67.18,Active
3491,PROD-003491,832,Atlas Product 3491,Raw Materials,Premium,Kg,374.45,729.37,Active
3492,PROD-003492,450,Atlas Product 3492,Components,Standard,Kg,464.71,693.78,Active
3493,PROD-003493,347,Atlas Product 3493,Electronics,Standard,Meter,118.8,174.33,Active
3494,PROD-003494,820,Atlas Product 3494,Industrial Equipment,Premium,Liter,22.62,29.36,Active
3495,PROD-003495,92,Atlas Product 3495,Raw Materials,Specialty,Each,132.58,267.47,Active
3496,PROD-003496,903,Atlas Product 3496,Packaging,Specialty,Meter,283.44,456.41,Inactive
3497,PROD-003497,271,Atlas Product 3497,Electronics,Premium,Meter,234.56,351.3,Inactive
3498,PROD-003498,370,Atlas Product 3498,Industrial Equipment,Standard,Meter,146.11,257.96,Active
3499,PROD-003499,783,Atlas Product 3499,Raw Materials,Premium,Each,326.93,524.75,Active
3500,PROD-003500,942,Atlas Product 3500,Packaging,Specialty,Meter,180.13,294.41,Active
3501,PROD-003501,561,Atlas Product 3501,Raw Materials,Standard,Kg,497.59,790.91,Active
3502,PROD-003502,848,Atlas Product 3502,Packaging,Premium,Each,148.92,363.07,Active
3503,PROD-003503,259,Atlas Product 3503,Industrial Equipment,Premium,Liter,313.44,580.52,Active
3504,PROD-003504,782,Atlas Product 3504,Components,Specialty,Meter,11.64,20.59,Active
3505,PROD-003505,392,Atlas Product 3505,Raw Materials,Premium,Kg,494.9,1054.94,Active
3506,PROD-003506,119,Atlas Product 3506,Components,Premium,Meter,388.62,598.23,Active
3507,PROD-003507,188,Atlas Product 3507,Raw Materials,Specialty,Each,473.76,939.43,Active
3508,PROD-003508,456,Atlas Product 3508,Components,Standard,Meter,215.45,432.12,Active
3509,PROD-003509,913,Atlas Product 3509,Industrial Equipment,Specialty,Meter,229.06,454.05,Active
3510,PROD-003510,805,Atlas Product 3510,Components,Specialty,Kg,23.35,30.44,Active
3511,PROD-003511,152,Atlas Product 3511,Industrial Equipment,Standard,Liter,494.1,908.58,Active
3512,PROD-003512,429,Atlas Product 3512,Electronics,Specialty,Kg,450.56,624.57,Active
3513,PROD-003513,944,Atlas Product 3513,Electronics,Premium,Liter,252.31,590.97,Active
3514,PROD-003514,856,Atlas Product 3514,Raw Materials,Standard,Kg,15.95,30.29,Active
3515,PROD-003515,668,Atlas Product 3515,Packaging,Specialty,Each,468.63,1144.99,Active
3516,PROD-003516,905,Atlas Product 3516,Raw Materials,Premium,Liter,339.22,847.98,Active
3517,PROD-003517,231,Atlas Product 3517,Packaging,Standard,Each,453.87,886.43,Active
3518,PROD-003518,612,Atlas Product 3518,Industrial Equipment,Premium,Liter,136.96,304.69,Active
3519,PROD-003519,578,Atlas Product 3519,Packaging,Premium,Meter,470.73,981.41,Active
3520,PROD-003520,37,Atlas Product 3520,Packaging,Standard,Each,21.19,38.45,Active
3521,PROD-003521,259,Atlas Product 3521,Components,Standard,Meter,438.31,681.11,Active
3522,PROD-003522,466,Atlas Product 3522,Industrial Equipment,Premium,Each,155.01,218.75,Active
3523,PROD-003523,542,Atlas Product 3523,Electronics,Premium,Meter,164.9,222.19,Active
3524,PROD-003524,255,Atlas Product 3524,Electronics,Standard,Liter,247.33,435.2,Active
3525,PROD-003525,933,Atlas Product 3525,Electronics,Specialty,Kg,413.76,812.2,Active
3526,PROD-003526,527,Atlas Product 3526,Raw Materials,Premium,Each,87.05,216.82,Active
3527,PROD-003527,128,Atlas Product 3527,Components,Specialty,Kg,97.08,202.96,Active
3528,PROD-003528,502,Atlas Product 3528,Components,Premium,Each,279.51,604.21,Active
3529,PROD-003529,379,Atlas Product 3529,Components,Standard,Liter,218.55,491.13,Active
3530,PROD-003530,789,Atlas Product 3530,Components,Premium,Each,207.67,422.76,Active
3531,PROD-003531,25,Atlas Product 3531,Components,Premium,Each,62.8,120.67,Active
3532,PROD-003532,49,Atlas Product 3532,Packaging,Premium,Each,146.81,192.65,Active
3533,PROD-003533,150,Atlas Product 3533,Electronics,Premium,Liter,188.34,244.4,Inactive
3534,PROD-003534,12,Atlas Product 3534,Electronics,Specialty,Kg,214.29,331.22,Active
3535,PROD-003535,175,Atlas Product 3535,Industrial Equipment,Premium,Meter,302.38,556.81,Active
3536,PROD-003536,763,Atlas Product 3536,Raw Materials,Premium,Liter,98.51,173.65,Active
3537,PROD-003537,828,Atlas Product 3537,Components,Specialty,Kg,423.32,1039.53,Active
3538,PROD-003538,909,Atlas Product 3538,Electronics,Specialty,Each,65.84,115.08,Active
3539,PROD-003539,628,Atlas Product 3539,Raw Materials,Standard,Liter,173.14,293.01,Active
3540,PROD-003540,227,Atlas Product 3540,Components,Specialty,Meter,219.15,489.49,Active
3541,PROD-003541,962,Atlas Product 3541,Raw Materials,Specialty,Meter,78.59,144.48,Active
3542,PROD-003542,345,Atlas Product 3542,Electronics,Standard,Each,338.32,715.54,Active
3543,PROD-003543,896,Atlas Product 3543,Industrial Equipment,Specialty,Each,76.22,146.14,Active
3544,PROD-003544,767,Atlas Product 3544,Industrial Equipment,Standard,Meter,359.0,721.75,Inactive
3545,PROD-003545,724,Atlas Product 3545,Industrial Equipment,Specialty,Meter,170.04,338.9,Active
3546,PROD-003546,509,Atlas Product 3546,Industrial Equipment,Premium,Each,54.98,74.83,Active
3547,PROD-003547,278,Atlas Product 3547,Raw Materials,Standard,Meter,472.38,751.99,Active
3548,PROD-003548,610,Atlas Product 3548,Industrial Equipment,Premium,Meter,447.2,950.08,Active
3549,PROD-003549,153,Atlas Product 3549,Packaging,Standard,Liter,53.7,73.65,Active
3550,PROD-003550,29,Atlas Product 3550,Packaging,Standard,Liter,279.37,401.53,Active
3551,PROD-003551,836,Atlas Product 3551,Packaging,Standard,Kg,20.14,33.32,Active
3552,PROD-003552,875,Atlas Product 3552,Raw Materials,Specialty,Meter,422.85,596.58,Active
3553,PROD-003553,827,Atlas Product 3553,Components,Standard,Kg,12.63,29.15,Active
3554,PROD-003554,159,Atlas Product 3554,Packaging,Specialty,Kg,499.78,729.83,Active
3555,PROD-003555,14,Atlas Product 3555,Electronics,Specialty,Each,46.63,64.9,Active
3556,PROD-003556,737,Atlas Product 3556,Electronics,Premium,Kg,96.51,192.76,Active
3557,PROD-003557,714,Atlas Product 3557,Raw Materials,Standard,Liter,477.56,1008.29,Active
3558,PROD-003558,66,Atlas Product 3558,Raw Materials,Standard,Meter,343.18,745.94,Active
3559,PROD-003559,359,Atlas Product 3559,Raw Materials,Premium,Meter,165.61,264.68,Inactive
3560,PROD-003560,996,Atlas Product 3560,Components,Premium,Each,467.67,631.19,Active
3561,PROD-003561,68,Atlas Product 3561,Electronics,Standard,Each,137.8,341.63,Active
3562,PROD-003562,904,Atlas Product 3562,Raw Materials,Standard,Each,22.14,34.42,Active
3563,PROD-003563,340,Atlas Product 3563,Packaging,Specialty,Meter,252.66,431.04,Active
3564,PROD-003564,893,Atlas Product 3564,Raw Materials,Premium,Meter,262.25,388.25,Inactive
3565,PROD-003565,295,Atlas Product 3565,Industrial Equipment,Specialty,Each,429.97,595.55,Active
3566,PROD-003566,28,Atlas Product 3566,Industrial Equipment,Standard,Liter,18.53,40.67,Inactive
3567,PROD-003567,540,Atlas Product 3567,Components,Specialty,Liter,332.79,712.72,Active
3568,PROD-003568,255,Atlas Product 3568,Raw Materials,Specialty,Meter,339.26,809.24,Inactive
3569,PROD-003569,467,Atlas Product 3569,Raw Materials,Standard,Liter,161.33,273.12,Active
3570,PROD-003570,989,Atlas Product 3570,Raw Materials,Specialty,Liter,187.11,350.39,Active
3571,PROD-003571,748,Atlas Product 3571,Components,Standard,Kg,82.99,140.74,Active
3572,PROD-003572,629,Atlas Product 3572,Industrial Equipment,Standard,Kg,304.52,722.95,Active
3573,PROD-003573,985,Atlas Product 3573,Packaging,Specialty,Kg,15.92,21.92,Active
3574,PROD-003574,141,Atlas Product 3574,Industrial Equipment,Premium,Kg,129.94,322.3,Active
3575,PROD-003575,467,Atlas Product 3575,Raw Materials,Specialty,Kg,223.86,342.51,Inactive
3576,PROD-003576,557,Atlas Product 3576,Packaging,Specialty,Kg,229.25,322.09,Active
3577,PROD-003577,819,Atlas Product 3577,Packaging,Standard,Each,19.07,24.87,Active
3578,PROD-003578,929,Atlas Product 3578,Packaging,Standard,Meter,494.87,1110.8,Active
3579,PROD-003579,669,Atlas Product 3579,Components,Specialty,Liter,344.59,743.33,Active
3580,PROD-003580,927,Atlas Product 3580,Raw Materials,Specialty,Each,391.99,886.08,Active
3581,PROD-003581,537,Atlas Product 3581,Industrial Equipment,Specialty,Kg,75.09,172.58,Active
3582,PROD-003582,213,Atlas Product 3582,Industrial Equipment,Premium,Kg,164.91,333.17,Active
3583,PROD-003583,458,Atlas Product 3583,Electronics,Specialty,Each,396.0,516.4,Active
3584,PROD-003584,415,Atlas Product 3584,Raw Materials,Premium,Each,144.16,189.44,Active
3585,PROD-003585,615,Atlas Product 3585,Industrial Equipment,Specialty,Each,441.65,1069.27,Active
3586,PROD-003586,302,Atlas Product 3586,Components,Premium,Liter,232.64,559.63,Active
3587,PROD-003587,271,Atlas Product 3587,Packaging,Specialty,Each,62.85,124.35,Active
3588,PROD-003588,54,Atlas Product 3588,Components,Standard,Kg,350.0,801.39,Active
3589,PROD-003589,774,Atlas Product 3589,Raw Materials,Premium,Each,480.37,1142.04,Active
3590,PROD-003590,942,Atlas Product 3590,Electronics,Premium,Kg,280.19,375.68,Active
3591,PROD-003591,205,Atlas Product 3591,Raw Materials,Premium,Kg,454.85,624.44,Active
3592,PROD-003592,683,Atlas Product 3592,Raw Materials,Premium,Liter,103.77,238.56,Active
3593,PROD-003593,971,Atlas Product 3593,Components,Specialty,Liter,161.25,207.4,Active
3594,PROD-003594,727,Atlas Product 3594,Electronics,Premium,Each,422.61,659.51,Active
3595,PROD-003595,509,Atlas Product 3595,Raw Materials,Standard,Each,493.94,759.97,Active
3596,PROD-003596,122,Atlas Product 3596,Components,Specialty,Meter,238.81,361.81,Active
3597,PROD-003597,55,Atlas Product 3597,Components,Standard,Each,414.61,861.28,Active
3598,PROD-003598,307,Atlas Product 3598,Components,Specialty,Kg,126.31,268.28,Active
3599,PROD-003599,557,Atlas Product 3599,Electronics,Premium,Liter,287.51,487.05,Active
3600,PROD-003600,546,Atlas Product 3600,Electronics,Standard,Each,54.04,75.41,Active
3601,PROD-003601,271,Atlas Product 3601,Packaging,Standard,Kg,335.77,736.6,Active
3602,PROD-003602,390,Atlas Product 3602,Components,Specialty,Kg,66.37,118.74,Active
3603,PROD-003603,878,Atlas Product 3603,Electronics,Standard,Liter,251.73,435.49,Inactive
3604,PROD-003604,942,Atlas Product 3604,Raw Materials,Specialty,Kg,199.38,298.44,Active
3605,PROD-003605,209,Atlas Product 3605,Packaging,Standard,Meter,379.9,633.56,Active
3606,PROD-003606,774,Atlas Product 3606,Raw Materials,Specialty,Each,53.32,114.23,Active
3607,PROD-003607,658,Atlas Product 3607,Industrial Equipment,Premium,Meter,32.12,54.19,Active
3608,PROD-003608,383,Atlas Product 3608,Components,Specialty,Kg,194.82,416.24,Inactive
3609,PROD-003609,900,Atlas Product 3609,Components,Premium,Each,296.41,598.69,Active
3610,PROD-003610,805,Atlas Product 3610,Industrial Equipment,Standard,Kg,212.2,291.15,Active
3611,PROD-003611,681,Atlas Product 3611,Industrial Equipment,Specialty,Each,338.0,805.99,Active
3612,PROD-003612,635,Atlas Product 3612,Components,Specialty,Liter,62.67,132.19,Active
3613,PROD-003613,638,Atlas Product 3613,Industrial Equipment,Premium,Meter,51.24,78.5,Active
3614,PROD-003614,937,Atlas Product 3614,Electronics,Specialty,Meter,166.07,414.22,Inactive
3615,PROD-003615,352,Atlas Product 3615,Raw Materials,Premium,Each,122.32,224.66,Active
3616,PROD-003616,435,Atlas Product 3616,Components,Standard,Liter,43.06,106.73,Active
3617,PROD-003617,966,Atlas Product 3617,Raw Materials,Specialty,Each,255.74,336.05,Active
3618,PROD-003618,652,Atlas Product 3618,Raw Materials,Standard,Kg,269.3,455.58,Active
3619,PROD-003619,851,Atlas Product 3619,Components,Standard,Meter,358.07,506.49,Active
3620,PROD-003620,922,Atlas Product 3620,Packaging,Standard,Meter,371.45,796.69,Active
3621,PROD-003621,629,Atlas Product 3621,Raw Materials,Premium,Kg,183.82,398.88,Active
3622,PROD-003622,888,Atlas Product 3622,Industrial Equipment,Premium,Each,115.61,147.39,Active
3623,PROD-003623,942,Atlas Product 3623,Raw Materials,Specialty,Each,490.94,987.94,Inactive
3624,PROD-003624,682,Atlas Product 3624,Electronics,Specialty,Meter,216.09,315.37,Active
3625,PROD-003625,151,Atlas Product 3625,Raw Materials,Specialty,Liter,427.18,637.9,Active
3626,PROD-003626,926,Atlas Product 3626,Packaging,Standard,Meter,391.2,819.83,Active
3627,PROD-003627,102,Atlas Product 3627,Raw Materials,Standard,Meter,272.38,644.2,Active
3628,PROD-003628,635,Atlas Product 3628,Raw Materials,Standard,Meter,401.49,546.36,Active
3629,PROD-003629,103,Atlas Product 3629,Industrial Equipment,Specialty,Kg,73.38,118.03,Active
3630,PROD-003630,203,Atlas Product 3630,Raw Materials,Specialty,Meter,60.52,90.8,Active
3631,PROD-003631,401,Atlas Product 3631,Electronics,Specialty,Each,338.65,432.91,Active
3632,PROD-003632,73,Atlas Product 3632,Components,Premium,Kg,441.79,963.48,Active
3633,PROD-003633,960,Atlas Product 3633,Industrial Equipment,Standard,Meter,376.89,636.22,Active
3634,PROD-003634,111,Atlas Product 3634,Raw Materials,Premium,Each,349.42,455.81,Active
3635,PROD-003635,415,Atlas Product 3635,Packaging,Specialty,Meter,109.49,158.24,Active
3636,PROD-003636,183,Atlas Product 3636,Components,Premium,Meter,212.96,310.37,Inactive
3637,PROD-003637,392,Atlas Product 3637,Components,Specialty,Liter,54.84,107.13,Active
3638,PROD-003638,679,Atlas Product 3638,Electronics,Standard,Meter,396.92,988.74,Active
3639,PROD-003639,118,Atlas Product 3639,Electronics,Specialty,Each,146.91,203.2,Active
3640,PROD-003640,238,Atlas Product 3640,Industrial Equipment,Premium,Kg,403.68,569.33,Inactive
3641,PROD-003641,745,Atlas Product 3641,Electronics,Standard,Each,247.95,440.57,Active
3642,PROD-003642,52,Atlas Product 3642,Electronics,Specialty,Kg,303.83,725.74,Active
3643,PROD-003643,48,Atlas Product 3643,Raw Materials,Specialty,Meter,225.56,500.67,Active
3644,PROD-003644,96,Atlas Product 3644,Industrial Equipment,Specialty,Liter,290.61,512.74,Active
3645,PROD-003645,140,Atlas Product 3645,Industrial Equipment,Premium,Each,474.15,1153.93,Active
3646,PROD-003646,600,Atlas Product 3646,Electronics,Premium,Each,22.32,44.22,Active
3647,PROD-003647,975,Atlas Product 3647,Raw Materials,Standard,Each,216.14,437.22,Active
3648,PROD-003648,554,Atlas Product 3648,Raw Materials,Standard,Meter,363.45,618.03,Inactive
3649,PROD-003649,50,Atlas Product 3649,Packaging,Premium,Each,202.67,454.21,Active
3650,PROD-003650,344,Atlas Product 3650,Electronics,Specialty,Meter,79.59,191.38,Active
3651,PROD-003651,653,Atlas Product 3651,Packaging,Specialty,Kg,295.28,645.34,Active
3652,PROD-003652,884,Atlas Product 3652,Industrial Equipment,Standard,Meter,490.82,852.09,Active
3653,PROD-003653,393,Atlas Product 3653,Industrial Equipment,Premium,Kg,496.74,646.71,Active
3654,PROD-003654,388,Atlas Product 3654,Components,Specialty,Kg,59.07,81.54,Active
3655,PROD-003655,613,Atlas Product 3655,Packaging,Premium,Liter,250.52,421.66,Active
3656,PROD-003656,844,Atlas Product 3656,Packaging,Standard,Kg,320.84,732.92,Active
3657,PROD-003657,614,Atlas Product 3657,Industrial Equipment,Specialty,Kg,446.4,1036.64,Active
3658,PROD-003658,965,Atlas Product 3658,Packaging,Premium,Meter,191.99,476.06,Active
3659,PROD-003659,885,Atlas Product 3659,Components,Standard,Liter,274.5,361.61,Active
3660,PROD-003660,790,Atlas Product 3660,Electronics,Standard,Kg,265.62,517.86,Inactive
3661,PROD-003661,535,Atlas Product 3661,Packaging,Standard,Meter,441.57,839.54,Active
3662,PROD-003662,967,Atlas Product 3662,Raw Materials,Premium,Kg,287.73,715.06,Active
3663,PROD-003663,112,Atlas Product 3663,Packaging,Specialty,Kg,279.88,485.94,Active
3664,PROD-003664,571,Atlas Product 3664,Components,Standard,Each,23.45,55.48,Active
3665,PROD-003665,858,Atlas Product 3665,Packaging,Premium,Meter,476.06,1168.88,Inactive
3666,PROD-003666,902,Atlas Product 3666,Components,Standard,Kg,425.63,801.75,Active
3667,PROD-003667,180,Atlas Product 3667,Industrial Equipment,Standard,Liter,86.67,207.12,Active
3668,PROD-003668,110,Atlas Product 3668,Packaging,Premium,Liter,69.13,118.63,Active
3669,PROD-003669,796,Atlas Product 3669,Components,Premium,Kg,77.8,128.84,Active
3670,PROD-003670,407,Atlas Product 3670,Packaging,Specialty,Each,182.39,242.61,Active
3671,PROD-003671,271,Atlas Product 3671,Electronics,Specialty,Each,410.44,623.85,Active
3672,PROD-003672,730,Atlas Product 3672,Electronics,Specialty,Kg,357.72,865.69,Active
3673,PROD-003673,391,Atlas Product 3673,Components,Premium,Liter,259.23,388.38,Active
3674,PROD-003674,690,Atlas Product 3674,Electronics,Premium,Each,424.12,955.15,Active
3675,PROD-003675,458,Atlas Product 3675,Raw Materials,Specialty,Meter,162.58,333.61,Active
3676,PROD-003676,230,Atlas Product 3676,Industrial Equipment,Premium,Kg,318.11,620.73,Active
3677,PROD-003677,768,Atlas Product 3677,Raw Materials,Premium,Kg,272.85,627.47,Inactive
3678,PROD-003678,907,Atlas Product 3678,Raw Materials,Premium,Each,464.34,828.61,Active
3679,PROD-003679,297,Atlas Product 3679,Raw Materials,Specialty,Kg,107.14,193.67,Active
3680,PROD-003680,309,Atlas Product 3680,Packaging,Standard,Kg,79.2,138.23,Active
3681,PROD-003681,797,Atlas Product 3681,Raw Materials,Specialty,Meter,455.24,859.73,Active
3682,PROD-003682,246,Atlas Product 3682,Packaging,Standard,Each,31.48,65.52,Active
3683,PROD-003683,890,Atlas Product 3683,Components,Specialty,Meter,211.62,297.35,Inactive
3684,PROD-003684,895,Atlas Product 3684,Raw Materials,Specialty,Each,482.25,976.33,Active
3685,PROD-003685,938,Atlas Product 3685,Industrial Equipment,Standard,Kg,495.34,708.13,Active
3686,PROD-003686,935,Atlas Product 3686,Components,Standard,Kg,446.72,1046.39,Active
3687,PROD-003687,838,Atlas Product 3687,Electronics,Specialty,Each,16.43,30.97,Active
3688,PROD-003688,254,Atlas Product 3688,Industrial Equipment,Premium,Meter,276.61,376.87,Active
3689,PROD-003689,48,Atlas Product 3689,Packaging,Specialty,Each,269.73,452.37,Inactive
3690,PROD-003690,690,Atlas Product 3690,Industrial Equipment,Standard,Liter,390.9,718.29,Active
3691,PROD-003691,472,Atlas Product 3691,Components,Standard,Meter,431.66,607.32,Active
3692,PROD-003692,703,Atlas Product 3692,Packaging,Specialty,Meter,455.01,1009.94,Active
3693,PROD-003693,152,Atlas Product 3693,Electronics,Specialty,Kg,334.05,510.41,Active
3694,PROD-003694,222,Atlas Product 3694,Packaging,Specialty,Liter,91.23,168.43,Active
3695,PROD-003695,435,Atlas Product 3695,Components,Specialty,Liter,239.46,528.72,Active
3696,PROD-003696,510,Atlas Product 3696,Raw Materials,Specialty,Liter,345.53,579.73,Active
3697,PROD-003697,887,Atlas Product 3697,Components,Premium,Meter,44.75,109.74,Active
3698,PROD-003698,961,Atlas Product 3698,Industrial Equipment,Specialty,Meter,110.62,273.96,Active
3699,PROD-003699,936,Atlas Product 3699,Components,Premium,Liter,66.11,124.24,Active
3700,PROD-003700,259,Atlas Product 3700,Packaging,Specialty,Each,140.23,241.98,Active
3701,PROD-003701,193,Atlas Product 3701,Electronics,Specialty,Meter,175.44,285.47,Active
3702,PROD-003702,797,Atlas Product 3702,Industrial Equipment,Standard,Meter,206.51,427.94,Active
3703,PROD-003703,169,Atlas Product 3703,Components,Premium,Kg,490.99,808.17,Active
3704,PROD-003704,1000,Atlas Product 3704,Industrial Equipment,Standard,Liter,409.92,832.43,Inactive
3705,PROD-003705,812,Atlas Product 3705,Packaging,Premium,Liter,403.75,578.87,Active
3706,PROD-003706,796,Atlas Product 3706,Electronics,Standard,Each,231.8,332.85,Active
3707,PROD-003707,683,Atlas Product 3707,Industrial Equipment,Standard,Each,411.32,592.76,Inactive
3708,PROD-003708,356,Atlas Product 3708,Raw Materials,Specialty,Each,414.26,783.65,Active
3709,PROD-003709,764,Atlas Product 3709,Packaging,Specialty,Meter,136.29,244.77,Active
3710,PROD-003710,199,Atlas Product 3710,Packaging,Standard,Kg,126.43,223.25,Active
3711,PROD-003711,820,Atlas Product 3711,Industrial Equipment,Premium,Each,382.49,594.31,Active
3712,PROD-003712,190,Atlas Product 3712,Electronics,Specialty,Kg,356.24,831.67,Active
3713,PROD-003713,93,Atlas Product 3713,Electronics,Premium,Meter,140.79,286.3,Active
3714,PROD-003714,965,Atlas Product 3714,Packaging,Specialty,Kg,236.31,336.74,Active
3715,PROD-003715,798,Atlas Product 3715,Packaging,Standard,Each,123.43,285.08,Active
3716,PROD-003716,872,Atlas Product 3716,Raw Materials,Standard,Kg,381.79,503.29,Inactive
3717,PROD-003717,32,Atlas Product 3717,Electronics,Specialty,Liter,116.0,283.23,Active
3718,PROD-003718,248,Atlas Product 3718,Components,Premium,Liter,485.49,996.57,Active
3719,PROD-003719,630,Atlas Product 3719,Packaging,Standard,Liter,474.72,754.86,Active
3720,PROD-003720,463,Atlas Product 3720,Electronics,Standard,Liter,271.33,434.93,Active
3721,PROD-003721,173,Atlas Product 3721,Raw Materials,Premium,Meter,180.83,431.48,Active
3722,PROD-003722,731,Atlas Product 3722,Packaging,Standard,Kg,308.17,457.67,Active
3723,PROD-003723,431,Atlas Product 3723,Packaging,Specialty,Each,233.56,297.9,Active
3724,PROD-003724,846,Atlas Product 3724,Raw Materials,Premium,Meter,414.55,710.67,Active
3725,PROD-003725,518,Atlas Product 3725,Electronics,Specialty,Liter,444.01,914.8,Active
3726,PROD-003726,913,Atlas Product 3726,Industrial Equipment,Premium,Kg,401.07,954.26,Active
3727,PROD-003727,653,Atlas Product 3727,Electronics,Premium,Liter,117.78,227.69,Active
3728,PROD-003728,870,Atlas Product 3728,Industrial Equipment,Standard,Kg,289.84,682.81,Active
3729,PROD-003729,875,Atlas Product 3729,Raw Materials,Premium,Meter,476.92,1112.44,Active
3730,PROD-003730,851,Atlas Product 3730,Packaging,Premium,Kg,152.28,276.2,Active
3731,PROD-003731,633,Atlas Product 3731,Components,Specialty,Kg,495.78,1093.87,Active
3732,PROD-003732,314,Atlas Product 3732,Raw Materials,Standard,Kg,482.68,893.8,Active
3733,PROD-003733,701,Atlas Product 3733,Raw Materials,Standard,Liter,422.1,592.99,Active
3734,PROD-003734,983,Atlas Product 3734,Components,Premium,Each,95.86,137.03,Active
3735,PROD-003735,715,Atlas Product 3735,Packaging,Standard,Meter,142.57,344.31,Active
3736,PROD-003736,429,Atlas Product 3736,Electronics,Specialty,Kg,108.49,212.79,Active
3737,PROD-003737,169,Atlas Product 3737,Packaging,Specialty,Liter,414.05,868.65,Active
3738,PROD-003738,719,Atlas Product 3738,Electronics,Premium,Each,267.52,477.88,Active
3739,PROD-003739,320,Atlas Product 3739,Industrial Equipment,Premium,Each,111.68,199.96,Active
3740,PROD-003740,127,Atlas Product 3740,Electronics,Premium,Liter,277.75,678.25,Active
3741,PROD-003741,361,Atlas Product 3741,Packaging,Premium,Liter,248.52,576.24,Inactive
3742,PROD-003742,19,Atlas Product 3742,Industrial Equipment,Premium,Kg,174.54,383.65,Active
3743,PROD-003743,168,Atlas Product 3743,Packaging,Standard,Meter,200.32,393.1,Active
3744,PROD-003744,156,Atlas Product 3744,Raw Materials,Standard,Liter,438.59,803.81,Active
3745,PROD-003745,419,Atlas Product 3745,Packaging,Standard,Kg,443.1,1067.03,Active
3746,PROD-003746,490,Atlas Product 3746,Packaging,Premium,Kg,299.8,388.13,Active
3747,PROD-003747,634,Atlas Product 3747,Packaging,Specialty,Meter,332.86,463.92,Active
3748,PROD-003748,57,Atlas Product 3748,Components,Standard,Meter,498.97,1066.54,Active
3749,PROD-003749,99,Atlas Product 3749,Industrial Equipment,Premium,Kg,369.03,477.04,Active
3750,PROD-003750,690,Atlas Product 3750,Packaging,Premium,Kg,459.94,910.81,Active
3751,PROD-003751,743,Atlas Product 3751,Raw Materials,Standard,Kg,365.53,534.94,Active
3752,PROD-003752,614,Atlas Product 3752,Components,Specialty,Liter,258.24,401.99,Active
3753,PROD-003753,76,Atlas Product 3753,Components,Specialty,Each,192.47,276.59,Active
3754,PROD-003754,448,Atlas Product 3754,Raw Materials,Standard,Each,328.8,678.37,Active
3755,PROD-003755,194,Atlas Product 3755,Components,Specialty,Kg,415.52,774.56,Active
3756,PROD-003756,398,Atlas Product 3756,Packaging,Standard,Meter,438.24,594.56,Inactive
3757,PROD-003757,728,Atlas Product 3757,Industrial Equipment,Standard,Kg,148.27,212.34,Active
3758,PROD-003758,643,Atlas Product 3758,Packaging,Specialty,Liter,198.04,381.37,Active
3759,PROD-003759,336,Atlas Product 3759,Raw Materials,Specialty,Each,203.78,328.84,Active
3760,PROD-003760,32,Atlas Product 3760,Electronics,Standard,Kg,404.71,731.68,Active
3761,PROD-003761,871,Atlas Product 3761,Raw Materials,Premium,Meter,425.16,709.03,Active
3762,PROD-003762,100,Atlas Product 3762,Industrial Equipment,Premium,Kg,415.59,1003.65,Active
3763,PROD-003763,862,Atlas Product 3763,Components,Standard,Liter,104.08,203.51,Active
3764,PROD-003764,44,Atlas Product 3764,Electronics,Standard,Each,91.3,127.73,Active
3765,PROD-003765,534,Atlas Product 3765,Raw Materials,Standard,Each,288.78,718.06,Active
3766,PROD-003766,978,Atlas Product 3766,Electronics,Specialty,Meter,134.71,226.96,Active
3767,PROD-003767,261,Atlas Product 3767,Electronics,Standard,Each,50.79,67.99,Active
3768,PROD-003768,977,Atlas Product 3768,Raw Materials,Premium,Liter,462.71,1042.72,Active
3769,PROD-003769,626,Atlas Product 3769,Packaging,Specialty,Liter,55.41,87.34,Active
3770,PROD-003770,322,Atlas Product 3770,Components,Specialty,Liter,217.2,505.77,Active
3771,PROD-003771,901,Atlas Product 3771,Packaging,Specialty,Liter,421.05,1040.09,Active
3772,PROD-003772,145,Atlas Product 3772,Packaging,Standard,Liter,482.37,1020.08,Active
3773,PROD-003773,954,Atlas Product 3773,Packaging,Specialty,Meter,104.19,228.97,Active
3774,PROD-003774,596,Atlas Product 3774,Industrial Equipment,Specialty,Meter,150.18,337.01,Active
3775,PROD-003775,485,Atlas Product 3775,Packaging,Premium,Liter,280.24,622.03,Active
3776,PROD-003776,616,Atlas Product 3776,Packaging,Premium,Each,90.6,214.75,Active
3777,PROD-003777,260,Atlas Product 3777,Packaging,Standard,Liter,450.05,614.29,Active
3778,PROD-003778,727,Atlas Product 3778,Electronics,Standard,Meter,289.69,537.79,Active
3779,PROD-003779,817,Atlas Product 3779,Electronics,Standard,Liter,143.61,239.59,Active
3780,PROD-003780,410,Atlas Product 3780,Packaging,Premium,Liter,18.06,31.95,Active
3781,PROD-003781,179,Atlas Product 3781,Industrial Equipment,Specialty,Meter,356.75,513.55,Active
3782,PROD-003782,587,Atlas Product 3782,Packaging,Premium,Each,240.81,489.57,Active
3783,PROD-003783,457,Atlas Product 3783,Industrial Equipment,Standard,Kg,198.84,399.37,Active
3784,PROD-003784,330,Atlas Product 3784,Raw Materials,Premium,Each,355.39,463.64,Inactive
3785,PROD-003785,683,Atlas Product 3785,Raw Materials,Specialty,Kg,165.89,285.17,Active
3786,PROD-003786,36,Atlas Product 3786,Components,Premium,Kg,93.62,153.68,Active
3787,PROD-003787,109,Atlas Product 3787,Raw Materials,Specialty,Meter,466.84,717.44,Active
3788,PROD-003788,174,Atlas Product 3788,Components,Standard,Kg,231.45,339.87,Active
3789,PROD-003789,377,Atlas Product 3789,Electronics,Specialty,Each,43.28,94.57,Inactive
3790,PROD-003790,38,Atlas Product 3790,Electronics,Standard,Meter,280.28,459.22,Active
3791,PROD-003791,840,Atlas Product 3791,Electronics,Specialty,Meter,257.77,430.01,Active
3792,PROD-003792,89,Atlas Product 3792,Industrial Equipment,Standard,Each,486.05,635.61,Active
3793,PROD-003793,252,Atlas Product 3793,Electronics,Specialty,Each,260.0,344.36,Active
3794,PROD-003794,189,Atlas Product 3794,Electronics,Specialty,Each,375.69,717.14,Active
3795,PROD-003795,354,Atlas Product 3795,Electronics,Specialty,Each,319.1,447.49,Inactive
3796,PROD-003796,163,Atlas Product 3796,Packaging,Premium,Meter,168.35,293.95,Active
3797,PROD-003797,246,Atlas Product 3797,Packaging,Specialty,Meter,154.39,325.95,Active
3798,PROD-003798,183,Atlas Product 3798,Raw Materials,Premium,Kg,211.67,348.05,Inactive
3799,PROD-003799,542,Atlas Product 3799,Electronics,Premium,Kg,468.02,1115.31,Inactive
3800,PROD-003800,742,Atlas Product 3800,Raw Materials,Premium,Kg,64.37,126.15,Active
3801,PROD-003801,462,Atlas Product 3801,Packaging,Specialty,Meter,427.72,553.08,Active
3802,PROD-003802,999,Atlas Product 3802,Packaging,Standard,Each,408.05,780.55,Active
3803,PROD-003803,516,Atlas Product 3803,Electronics,Premium,Kg,350.9,615.78,Active
3804,PROD-003804,970,Atlas Product 3804,Packaging,Specialty,Kg,352.36,556.45,Active
3805,PROD-003805,620,Atlas Product 3805,Components,Specialty,Meter,112.44,149.33,Active
3806,PROD-003806,172,Atlas Product 3806,Industrial Equipment,Standard,Liter,478.03,1172.33,Active
3807,PROD-003807,966,Atlas Product 3807,Components,Standard,Meter,221.55,351.92,Inactive
3808,PROD-003808,867,Atlas Product 3808,Industrial Equipment,Specialty,Each,175.65,390.77,Active
3809,PROD-003809,385,Atlas Product 3809,Components,Standard,Each,381.29,626.85,Active
3810,PROD-003810,792,Atlas Product 3810,Electronics,Premium,Liter,397.94,792.97,Active
3811,PROD-003811,256,Atlas Product 3811,Industrial Equipment,Premium,Kg,124.26,296.54,Active
3812,PROD-003812,362,Atlas Product 3812,Industrial Equipment,Specialty,Meter,456.73,954.78,Inactive
3813,PROD-003813,560,Atlas Product 3813,Industrial Equipment,Standard,Each,176.78,303.05,Inactive
3814,PROD-003814,725,Atlas Product 3814,Packaging,Premium,Each,237.38,429.44,Active
3815,PROD-003815,870,Atlas Product 3815,Industrial Equipment,Specialty,Liter,100.89,235.32,Active
3816,PROD-003816,57,Atlas Product 3816,Industrial Equipment,Specialty,Kg,224.07,408.3,Active
3817,PROD-003817,665,Atlas Product 3817,Components,Specialty,Kg,369.08,676.64,Active
3818,PROD-003818,162,Atlas Product 3818,Industrial Equipment,Premium,Kg,35.56,47.02,Active
3819,PROD-003819,225,Atlas Product 3819,Raw Materials,Premium,Liter,117.69,277.94,Active
3820,PROD-003820,137,Atlas Product 3820,Components,Standard,Meter,364.46,517.75,Active
3821,PROD-003821,740,Atlas Product 3821,Packaging,Specialty,Meter,178.84,341.68,Inactive
3822,PROD-003822,227,Atlas Product 3822,Components,Standard,Kg,105.31,202.02,Active
3823,PROD-003823,109,Atlas Product 3823,Components,Standard,Meter,41.06,55.06,Active
3824,PROD-003824,658,Atlas Product 3824,Raw Materials,Premium,Kg,269.96,436.49,Inactive
3825,PROD-003825,433,Atlas Product 3825,Electronics,Premium,Liter,53.31,99.6,Active
3826,PROD-003826,556,Atlas Product 3826,Raw Materials,Premium,Kg,123.74,252.1,Active
3827,PROD-003827,710,Atlas Product 3827,Electronics,Standard,Each,252.78,468.19,Active
3828,PROD-003828,451,Atlas Product 3828,Raw Materials,Specialty,Meter,20.87,34.64,Active
3829,PROD-003829,295,Atlas Product 3829,Packaging,Standard,Kg,187.7,326.58,Active
3830,PROD-003830,483,Atlas Product 3830,Industrial Equipment,Specialty,Meter,18.21,40.6,Active
3831,PROD-003831,484,Atlas Product 3831,Raw Materials,Specialty,Kg,219.88,547.18,Active
3832,PROD-003832,855,Atlas Product 3832,Components,Premium,Each,68.41,97.56,Active
3833,PROD-003833,272,Atlas Product 3833,Components,Standard,Each,314.51,754.22,Inactive
3834,PROD-003834,153,Atlas Product 3834,Components,Specialty,Each,289.67,554.24,Active
3835,PROD-003835,801,Atlas Product 3835,Industrial Equipment,Premium,Meter,209.48,503.65,Active
3836,PROD-003836,694,Atlas Product 3836,Electronics,Specialty,Meter,289.91,632.93,Active
3837,PROD-003837,45,Atlas Product 3837,Electronics,Premium,Liter,166.2,369.51,Active
3838,PROD-003838,170,Atlas Product 3838,Industrial Equipment,Specialty,Each,79.79,112.99,Active
3839,PROD-003839,812,Atlas Product 3839,Components,Standard,Liter,319.47,769.5,Active
3840,PROD-003840,551,Atlas Product 3840,Packaging,Standard,Kg,275.8,458.72,Active
3841,PROD-003841,550,Atlas Product 3841,Packaging,Standard,Meter,408.11,947.29,Active
3842,PROD-003842,185,Atlas Product 3842,Industrial Equipment,Standard,Liter,80.12,172.16,Active
3843,PROD-003843,59,Atlas Product 3843,Raw Materials,Premium,Each,36.7,67.43,Inactive
3844,PROD-003844,512,Atlas Product 3844,Industrial Equipment,Premium,Kg,316.18,536.3,Active
3845,PROD-003845,127,Atlas Product 3845,Industrial Equipment,Premium,Kg,160.33,274.15,Active
3846,PROD-003846,43,Atlas Product 3846,Packaging,Specialty,Liter,311.72,469.4,Active
3847,PROD-003847,596,Atlas Product 3847,Electronics,Standard,Each,11.23,20.15,Inactive
3848,PROD-003848,662,Atlas Product 3848,Components,Specialty,Liter,320.15,574.13,Active
3849,PROD-003849,729,Atlas Product 3849,Industrial Equipment,Premium,Each,76.52,122.17,Active
3850,PROD-003850,511,Atlas Product 3850,Components,Specialty,Kg,240.07,490.14,Active
3851,PROD-003851,108,Atlas Product 3851,Components,Premium,Each,116.43,151.25,Active
3852,PROD-003852,61,Atlas Product 3852,Raw Materials,Premium,Each,224.68,377.01,Active
3853,PROD-003853,819,Atlas Product 3853,Components,Specialty,Meter,367.66,769.75,Active
3854,PROD-003854,48,Atlas Product 3854,Components,Standard,Each,308.06,602.16,Active
3855,PROD-003855,154,Atlas Product 3855,Industrial Equipment,Premium,Liter,159.46,392.61,Active
3856,PROD-003856,665,Atlas Product 3856,Components,Specialty,Liter,351.38,543.65,Active
3857,PROD-003857,945,Atlas Product 3857,Components,Specialty,Each,339.57,762.75,Active
3858,PROD-003858,158,Atlas Product 3858,Electronics,Specialty,Kg,403.6,677.77,Inactive
3859,PROD-003859,436,Atlas Product 3859,Industrial Equipment,Premium,Meter,222.41,386.26,Inactive
3860,PROD-003860,288,Atlas Product 3860,Components,Standard,Each,318.49,668.1,Active
3861,PROD-003861,281,Atlas Product 3861,Raw Materials,Premium,Liter,491.76,723.16,Active
3862,PROD-003862,866,Atlas Product 3862,Electronics,Standard,Liter,152.99,238.51,Active
3863,PROD-003863,929,Atlas Product 3863,Industrial Equipment,Premium,Liter,157.25,332.86,Active
3864,PROD-003864,776,Atlas Product 3864,Packaging,Specialty,Each,363.9,683.79,Active
3865,PROD-003865,630,Atlas Product 3865,Industrial Equipment,Standard,Liter,477.75,973.9,Active
3866,PROD-003866,612,Atlas Product 3866,Components,Specialty,Liter,189.36,342.46,Active
3867,PROD-003867,780,Atlas Product 3867,Packaging,Standard,Each,440.8,553.85,Active
3868,PROD-003868,915,Atlas Product 3868,Packaging,Specialty,Kg,146.29,186.56,Active
3869,PROD-003869,639,Atlas Product 3869,Components,Specialty,Each,182.15,440.61,Active
3870,PROD-003870,584,Atlas Product 3870,Raw Materials,Specialty,Each,489.98,702.42,Active
3871,PROD-003871,293,Atlas Product 3871,Industrial Equipment,Premium,Liter,162.31,209.84,Active
3872,PROD-003872,120,Atlas Product 3872,Industrial Equipment,Specialty,Kg,354.4,732.13,Inactive
3873,PROD-003873,633,Atlas Product 3873,Packaging,Standard,Liter,239.24,572.78,Active
3874,PROD-003874,499,Atlas Product 3874,Components,Premium,Each,123.0,249.93,Active
3875,PROD-003875,39,Atlas Product 3875,Industrial Equipment,Specialty,Kg,19.75,34.26,Active
3876,PROD-003876,113,Atlas Product 3876,Electronics,Standard,Meter,331.25,682.3,Active
3877,PROD-003877,151,Atlas Product 3877,Industrial Equipment,Premium,Meter,480.15,943.08,Active
3878,PROD-003878,862,Atlas Product 3878,Packaging,Premium,Each,21.14,33.44,Active
3879,PROD-003879,422,Atlas Product 3879,Electronics,Specialty,Kg,376.52,883.94,Active
3880,PROD-003880,985,Atlas Product 3880,Components,Specialty,Liter,104.64,203.32,Active
3881,PROD-003881,732,Atlas Product 3881,Packaging,Premium,Kg,430.19,989.93,Active
3882,PROD-003882,476,Atlas Product 3882,Raw Materials,Specialty,Liter,240.4,499.97,Active
3883,PROD-003883,808,Atlas Product 3883,Raw Materials,Premium,Each,176.27,371.68,Active
3884,PROD-003884,953,Atlas Product 3884,Industrial Equipment,Specialty,Each,74.4,94.05,Active
3885,PROD-003885,411,Atlas Product 3885,Raw Materials,Specialty,Liter,176.04,395.39,Active
3886,PROD-003886,974,Atlas Product 3886,Packaging,Specialty,Liter,441.29,911.28,Active
3887,PROD-003887,870,Atlas Product 3887,Raw Materials,Specialty,Liter,205.57,428.91,Active
3888,PROD-003888,304,Atlas Product 3888,Packaging,Specialty,Liter,90.18,197.12,Active
3889,PROD-003889,451,Atlas Product 3889,Packaging,Premium,Kg,475.01,1171.88,Active
3890,PROD-003890,492,Atlas Product 3890,Electronics,Standard,Meter,109.2,226.33,Inactive
3891,PROD-003891,409,Atlas Product 3891,Packaging,Standard,Liter,334.72,789.43,Active
3892,PROD-003892,219,Atlas Product 3892,Packaging,Premium,Meter,207.16,356.72,Active
3893,PROD-003893,877,Atlas Product 3893,Packaging,Standard,Kg,95.89,150.55,Active
3894,PROD-003894,906,Atlas Product 3894,Packaging,Specialty,Each,145.38,282.52,Active
3895,PROD-003895,743,Atlas Product 3895,Components,Premium,Meter,292.93,428.07,Active
3896,PROD-003896,772,Atlas Product 3896,Raw Materials,Specialty,Kg,430.96,805.11,Active
3897,PROD-003897,520,Atlas Product 3897,Components,Standard,Each,318.25,399.43,Active
3898,PROD-003898,447,Atlas Product 3898,Electronics,Specialty,Kg,195.02,442.38,Inactive
3899,PROD-003899,44,Atlas Product 3899,Raw Materials,Premium,Each,400.16,846.68,Active
3900,PROD-003900,851,Atlas Product 3900,Electronics,Standard,Liter,32.99,42.69,Active
3901,PROD-003901,892,Atlas Product 3901,Industrial Equipment,Standard,Liter,202.67,360.88,Active
3902,PROD-003902,650,Atlas Product 3902,Raw Materials,Specialty,Meter,394.51,959.32,Active
3903,PROD-003903,571,Atlas Product 3903,Industrial Equipment,Standard,Kg,480.22,1085.89,Active
3904,PROD-003904,72,Atlas Product 3904,Electronics,Standard,Each,479.66,752.73,Inactive
3905,PROD-003905,375,Atlas Product 3905,Electronics,Unknown,Each,163.93,319.37,Active
3906,PROD-003906,428,Atlas Product 3906,Electronics,Premium,Meter,319.09,720.28,Active
3907,PROD-003907,321,Atlas Product 3907,Industrial Equipment,Premium,Kg,297.37,496.08,Active
3908,PROD-003908,353,Atlas Product 3908,Raw Materials,Premium,Each,65.59,163.78,Active
3909,PROD-003909,729,Atlas Product 3909,Components,Specialty,Meter,101.47,235.53,Active
3910,PROD-003910,295,Atlas Product 3910,Industrial Equipment,Specialty,Liter,496.43,870.21,Active
3911,PROD-003911,460,Atlas Product 3911,Packaging,Specialty,Liter,204.38,426.63,Active
3912,PROD-003912,746,Atlas Product 3912,Electronics,Standard,Kg,246.61,585.13,Active
3913,PROD-003913,603,Atlas Product 3913,Electronics,Premium,Liter,444.98,870.35,Active
3914,PROD-003914,890,Atlas Product 3914,Components,Premium,Meter,359.57,866.22,Inactive
3915,PROD-003915,93,Atlas Product 3915,Electronics,Specialty,Each,430.87,1064.74,Active
3916,PROD-003916,455,Atlas Product 3916,Raw Materials,Standard,Each,143.68,254.86,Active
3917,PROD-003917,735,Atlas Product 3917,Packaging,Specialty,Each,134.73,282.42,Active
3918,PROD-003918,603,Atlas Product 3918,Raw Materials,Standard,Each,410.02,647.31,Active
3919,PROD-003919,23,Atlas Product 3919,Packaging,Standard,Kg,463.5,741.53,Active
3920,PROD-003920,44,Atlas Product 3920,Raw Materials,Standard,Kg,342.11,659.97,Active
3921,PROD-003921,420,Atlas Product 3921,Industrial Equipment,Specialty,Each,163.31,355.08,Active
3922,PROD-003922,109,Atlas Product 3922,Electronics,Specialty,Kg,205.06,432.89,Active
3923,PROD-003923,369,Atlas Product 3923,Packaging,Premium,Liter,251.51,441.99,Active
3924,PROD-003924,534,Atlas Product 3924,Raw Materials,Standard,Meter,327.66,460.9,Active
3925,PROD-003925,149,Atlas Product 3925,Components,Premium,Liter,153.72,380.0,Inactive
3926,PROD-003926,428,Atlas Product 3926,Electronics,Premium,Liter,158.95,229.38,Active
3927,PROD-003927,860,Atlas Product 3927,Components,Specialty,Liter,486.82,818.58,Active
3928,PROD-003928,297,Atlas Product 3928,Packaging,Specialty,Meter,379.57,772.19,Active
3929,PROD-003929,741,Atlas Product 3929,Packaging,Specialty,Meter,227.1,300.27,Active
3930,PROD-003930,669,Atlas Product 3930,Packaging,Standard,Each,217.73,383.54,Active
3931,PROD-003931,810,Atlas Product 3931,Raw Materials,Standard,Liter,31.42,61.71,Active
3932,PROD-003932,107,Atlas Product 3932,Packaging,Premium,Meter,494.07,834.52,Active
3933,PROD-003933,66,Atlas Product 3933,Raw Materials,Standard,Each,246.54,568.81,Active
3934,PROD-003934,836,Atlas Product 3934,Industrial Equipment,Premium,Meter,245.48,378.26,Active
3935,PROD-003935,861,Atlas Product 3935,Packaging,Premium,Liter,104.9,259.39,Active
3936,PROD-003936,916,Atlas Product 3936,Packaging,Specialty,Each,312.31,492.42,Active
3937,PROD-003937,300,Atlas Product 3937,Raw Materials,Premium,Each,498.33,1031.45,Active
3938,PROD-003938,492,Atlas Product 3938,Industrial Equipment,Standard,Meter,334.04,596.03,Active
3939,PROD-003939,887,Atlas Product 3939,Electronics,Premium,Each,480.92,1164.27,Inactive
3940,PROD-003940,595,Atlas Product 3940,Components,Standard,Meter,406.69,827.57,Inactive
3941,PROD-003941,335,Atlas Product 3941,Packaging,Specialty,Liter,489.04,959.09,Active
3942,PROD-003942,641,Atlas Product 3942,Components,Specialty,Meter,67.73,159.49,Active
3943,PROD-003943,459,Atlas Product 3943,Industrial Equipment,Standard,Kg,222.96,440.3,Inactive
3944,PROD-003944,925,Atlas Product 3944,Electronics,Specialty,Each,419.37,830.56,Active
3945,PROD-003945,7,Atlas Product 3945,Packaging,Premium,Meter,117.85,190.5,Active
3946,PROD-003946,197,Atlas Product 3946,Packaging,Standard,Each,306.47,403.54,Active
3947,PROD-003947,653,Atlas Product 3947,Components,Standard,Kg,102.5,241.36,Active
3948,PROD-003948,334,Atlas Product 3948,Raw Materials,Standard,Liter,249.71,320.87,Active
3949,PROD-003949,940,Atlas Product 3949,Raw Materials,Specialty,Kg,258.3,620.3,Active
3950,PROD-003950,783,Atlas Product 3950,Packaging,Premium,Each,137.61,309.88,Active
3951,PROD-003951,81,Atlas Product 3951,Electronics,Standard,Liter,331.74,528.0,Active
3952,PROD-003952,268,Atlas Product 3952,Packaging,Specialty,Liter,33.11,45.1,Active
3953,PROD-003953,181,Atlas Product 3953,Industrial Equipment,Premium,Liter,349.44,860.93,Inactive
3954,PROD-003954,887,Atlas Product 3954,Packaging,Specialty,Liter,266.39,657.31,Active
3955,PROD-003955,936,Atlas Product 3955,Electronics,Specialty,Each,79.67,128.05,Active
3956,PROD-003956,971,Atlas Product 3956,Electronics,Specialty,Each,113.08,262.86,Active
3957,PROD-003957,248,Atlas Product 3957,Industrial Equipment,Premium,Each,68.13,134.63,Active
3958,PROD-003958,828,Atlas Product 3958,Electronics,Standard,Kg,433.5,743.29,Active
3959,PROD-003959,321,Atlas Product 3959,Packaging,Premium,Each,415.97,759.81,Active
3960,PROD-003960,862,Atlas Product 3960,Electronics,Standard,Each,333.57,553.07,Active
3961,PROD-003961,588,Atlas Product 3961,Industrial Equipment,Standard,Liter,333.08,465.24,Active
3962,PROD-003962,899,Atlas Product 3962,Electronics,Premium,Kg,440.34,885.81,Active
3963,PROD-003963,659,Atlas Product 3963,Packaging,Premium,Each,282.51,680.75,Active
3964,PROD-003964,597,Atlas Product 3964,Industrial Equipment,Specialty,Each,18.07,34.77,Active
3965,PROD-003965,165,Atlas Product 3965,Components,Premium,Liter,424.61,893.65,Active
3966,PROD-003966,425,Atlas Product 3966,Industrial Equipment,Premium,Kg,85.59,146.77,Active
3967,PROD-003967,522,Atlas Product 3967,Raw Materials,Premium,Meter,82.61,157.19,Active
3968,PROD-003968,183,Atlas Product 3968,Industrial Equipment,Specialty,Meter,433.29,788.07,Active
3969,PROD-003969,217,Atlas Product 3969,Components,Premium,Kg,477.56,777.79,Active
3970,PROD-003970,741,Atlas Product 3970,Electronics,Specialty,Liter,55.96,118.46,Active
3971,PROD-003971,441,Atlas Product 3971,Electronics,Premium,Liter,122.21,169.88,Inactive
3972,PROD-003972,808,Atlas Product 3972,Components,Standard,Meter,385.52,500.34,Active
3973,PROD-003973,4,Atlas Product 3973,Electronics,Premium,Kg,312.96,775.69,Active
3974,PROD-003974,221,Atlas Product 3974,Packaging,Premium,Each,312.66,750.58,Active
3975,PROD-003975,913,Atlas Product 3975,Electronics,Premium,Kg,100.65,127.63,Active
3976,PROD-003976,366,Atlas Product 3976,Packaging,Specialty,Kg,34.86,54.53,Active
3977,PROD-003977,894,Atlas Product 3977,Electronics,Standard,Liter,106.28,182.63,Active
3978,PROD-003978,355,Atlas Product 3978,Electronics,Specialty,Kg,114.6,275.88,Active
3979,PROD-003979,126,Atlas Product 3979,Components,Standard,Liter,433.06,755.47,Active
3980,PROD-003980,158,Atlas Product 3980,Packaging,Specialty,Meter,206.82,445.01,Active
3981,PROD-003981,862,Atlas Product 3981,Raw Materials,Standard,Meter,136.38,340.94,Active
3982,PROD-003982,478,Atlas Product 3982,Raw Materials,Specialty,Kg,493.7,1126.08,Active
3983,PROD-003983,19,Atlas Product 3983,Raw Materials,Premium,Each,303.89,679.17,Active
3984,PROD-003984,983,Atlas Product 3984,Components,Standard,Liter,300.55,622.8,Active
3985,PROD-003985,108,Atlas Product 3985,Components,Specialty,Meter,492.32,1027.08,Active
3986,PROD-003986,848,Atlas Product 3986,Packaging,Premium,Each,46.59,77.84,Active
3987,PROD-003987,463,Atlas Product 3987,Components,Standard,Meter,121.59,157.66,Active
3988,PROD-003988,85,Atlas Product 3988,Raw Materials,Specialty,Meter,179.01,260.99,Active
3989,PROD-003989,567,Atlas Product 3989,Industrial Equipment,Premium,Each,204.67,268.41,Active
3990,PROD-003990,403,Atlas Product 3990,Packaging,Premium,Each,39.84,65.2,Active
3991,PROD-003991,488,Atlas Product 3991,Industrial Equipment,Standard,Each,425.2,770.89,Active
3992,PROD-003992,910,Atlas Product 3992,Raw Materials,Standard,Each,400.0,807.12,Inactive
3993,PROD-003993,417,Atlas Product 3993,Components,Specialty,Liter,360.99,452.65,Active
3994,PROD-003994,109,Atlas Product 3994,Industrial Equipment,Standard,Meter,434.35,1067.44,Active
3995,PROD-003995,778,Atlas Product 3995,Packaging,Premium,Each,167.46,374.55,Active
3996,PROD-003996,9,Atlas Product 3996,Components,Standard,Meter,38.21,64.14,Active
3997,PROD-003997,909,Atlas Product 3997,Electronics,Standard,Kg,252.42,622.54,Active
3998,PROD-003998,669,Atlas Product 3998,Raw Materials,Specialty,Each,42.14,85.15,Active
3999,PROD-003999,75,Atlas Product 3999,Industrial Equipment,Specialty,Each,83.75,200.68,Active
4000,PROD-004000,734,Atlas Product 4000,Components,Standard,Kg,407.5,639.5,Active
4001,PROD-004001,693,Atlas Product 4001,Packaging,Specialty,Meter,71.85,139.25,Active
4002,PROD-004002,663,Atlas Product 4002,Industrial Equipment,Specialty,Kg,141.51,236.82,Active
4003,PROD-004003,668,Atlas Product 4003,Electronics,Standard,Meter,282.27,658.0,Active
4004,PROD-004004,758,Atlas Product 4004,Industrial Equipment,Standard,Each,438.53,768.51,Active
4005,PROD-004005,353,Atlas Product 4005,Electronics,Standard,Kg,450.29,881.66,Active
4006,PROD-004006,514,Atlas Product 4006,Components,Standard,Meter,491.67,712.65,Active
4007,PROD-004007,587,Atlas Product 4007,Electronics,Premium,Meter,39.07,85.63,Active
4008,PROD-004008,273,Atlas Product 4008,Electronics,Premium,Each,438.85,550.02,Inactive
4009,PROD-004009,318,Atlas Product 4009,Components,Premium,Each,200.21,500.31,Inactive
4010,PROD-004010,292,Atlas Product 4010,Packaging,Specialty,Each,53.08,89.29,Active
4011,PROD-004011,333,Atlas Product 4011,Electronics,Premium,Kg,82.79,104.13,Active
4012,PROD-004012,282,Atlas Product 4012,Industrial Equipment,Specialty,Kg,395.2,582.8,Active
4013,PROD-004013,724,Atlas Product 4013,Components,Specialty,Kg,275.9,527.32,Active
4014,PROD-004014,398,Atlas Product 4014,Electronics,Premium,Liter,260.7,634.91,Active
4015,PROD-004015,186,Atlas Product 4015,Electronics,Specialty,Meter,171.63,313.43,Active
4016,PROD-004016,225,Atlas Product 4016,Electronics,Standard,Liter,432.96,790.66,Active
4017,PROD-004017,455,Atlas Product 4017,Raw Materials,Premium,Meter,51.92,91.78,Active
4018,PROD-004018,330,Atlas Product 4018,Raw Materials,Specialty,Each,109.94,166.18,Active
4019,PROD-004019,959,Atlas Product 4019,Raw Materials,Specialty,Each,205.88,293.73,Active
4020,PROD-004020,338,Atlas Product 4020,Electronics,Specialty,Kg,371.95,747.89,Active
4021,PROD-004021,938,Atlas Product 4021,Packaging,Premium,Kg,376.55,799.67,Active
4022,PROD-004022,704,Atlas Product 4022,Electronics,Premium,Liter,112.31,248.55,Active
4023,PROD-004023,512,Atlas Product 4023,Industrial Equipment,Premium,Liter,21.77,46.75,Active
4024,PROD-004024,250,Atlas Product 4024,Raw Materials,Standard,Liter,162.77,208.82,Active
4025,PROD-004025,841,Atlas Product 4025,Industrial Equipment,Specialty,Each,151.11,279.84,Active
4026,PROD-004026,928,Atlas Product 4026,Packaging,Standard,Liter,345.46,802.01,Active
4027,PROD-004027,752,Atlas Product 4027,Raw Materials,Specialty,Each,152.88,207.26,Active
4028,PROD-004028,974,Atlas Product 4028,Electronics,Standard,Each,221.57,454.9,Active
4029,PROD-004029,356,Atlas Product 4029,Raw Materials,Specialty,Each,398.06,777.91,Active
4030,PROD-004030,860,Atlas Product 4030,Electronics,Premium,Kg,258.61,577.93,Active
4031,PROD-004031,790,Atlas Product 4031,Raw Materials,Specialty,Liter,247.36,444.69,Active
4032,PROD-004032,525,Atlas Product 4032,Raw Materials,Standard,Meter,32.33,69.93,Active
4033,PROD-004033,991,Atlas Product 4033,Raw Materials,Specialty,Each,307.48,384.74,Active
4034,PROD-004034,500,Atlas Product 4034,Industrial Equipment,Premium,Liter,122.58,213.55,Active
4035,PROD-004035,424,Atlas Product 4035,Electronics,Specialty,Meter,146.81,215.4,Active
4036,PROD-004036,317,Atlas Product 4036,Packaging,Premium,Kg,57.65,81.04,Active
4037,PROD-004037,411,Atlas Product 4037,Components,Standard,Kg,332.04,680.66,Active
4038,PROD-004038,569,Atlas Product 4038,Raw Materials,Premium,Liter,262.38,587.57,Active
4039,PROD-004039,910,Atlas Product 4039,Components,Standard,Each,361.89,856.42,Active
4040,PROD-004040,304,Atlas Product 4040,Raw Materials,Specialty,Liter,307.12,427.91,Active
4041,PROD-004041,618,Atlas Product 4041,Components,Specialty,Each,449.57,1055.75,Inactive
4042,PROD-004042,523,Atlas Product 4042,Raw Materials,Specialty,Kg,242.49,428.54,Active
4043,PROD-004043,39,Atlas Product 4043,Electronics,Standard,Each,321.35,542.15,Inactive
4044,PROD-004044,627,Atlas Product 4044,Industrial Equipment,Standard,Meter,443.56,604.67,Active
4045,PROD-004045,453,Atlas Product 4045,Components,Specialty,Meter,349.87,496.84,Active
4046,PROD-004046,880,Atlas Product 4046,Components,Specialty,Meter,237.26,515.68,Active
4047,PROD-004047,314,Atlas Product 4047,Industrial Equipment,Standard,Liter,478.29,829.01,Active
4048,PROD-004048,833,Atlas Product 4048,Packaging,Standard,Kg,436.69,593.44,Active
4049,PROD-004049,116,Atlas Product 4049,Packaging,Standard,Kg,288.14,418.26,Active
4050,PROD-004050,815,Atlas Product 4050,Industrial Equipment,Premium,Meter,496.77,839.75,Active
4051,PROD-004051,932,Atlas Product 4051,Components,Standard,Liter,279.43,389.81,Active
4052,PROD-004052,947,Atlas Product 4052,Packaging,Specialty,Meter,119.16,269.04,Active
4053,PROD-004053,110,Atlas Product 4053,Electronics,Premium,Each,282.84,653.13,Active
4054,PROD-004054,670,Atlas Product 4054,Raw Materials,Specialty,Meter,481.52,1121.29,Active
4055,PROD-004055,922,Atlas Product 4055,Electronics,Specialty,Meter,20.5,43.3,Active
4056,PROD-004056,707,Atlas Product 4056,Components,Standard,Liter,140.24,208.16,Inactive
4057,PROD-004057,340,Atlas Product 4057,Industrial Equipment,Premium,Kg,360.8,726.81,Active
4058,PROD-004058,644,Atlas Product 4058,Packaging,Premium,Meter,496.46,1121.83,Active
4059,PROD-004059,761,Atlas Product 4059,Packaging,Standard,Kg,414.12,940.54,Active
4060,PROD-004060,555,Atlas Product 4060,Industrial Equipment,Specialty,Each,90.67,155.25,Active
4061,PROD-004061,543,Atlas Product 4061,Industrial Equipment,Premium,Liter,24.59,59.03,Inactive
4062,PROD-004062,115,Atlas Product 4062,Electronics,Standard,Liter,13.41,26.32,Active
4063,PROD-004063,424,Atlas Product 4063,Industrial Equipment,Premium,Meter,182.71,289.92,Inactive
4064,PROD-004064,362,Atlas Product 4064,Electronics,Specialty,Each,185.14,237.68,Active
4065,PROD-004065,676,Atlas Product 4065,Packaging,Premium,Each,345.15,692.14,Active
4066,PROD-004066,117,Atlas Product 4066,Industrial Equipment,Premium,Meter,174.85,416.9,Active
4067,PROD-004067,228,Atlas Product 4067,Industrial Equipment,Specialty,Meter,470.89,625.49,Active
4068,PROD-004068,609,Atlas Product 4068,Electronics,Standard,Meter,200.11,395.4,Active
4069,PROD-004069,19,Atlas Product 4069,Packaging,Specialty,Liter,100.25,176.95,Active
4070,PROD-004070,221,Atlas Product 4070,Packaging,Premium,Liter,386.36,722.02,Active
4071,PROD-004071,613,Atlas Product 4071,Industrial Equipment,Standard,Kg,10.25,19.35,Active
4072,PROD-004072,724,Atlas Product 4072,Raw Materials,Standard,Kg,302.64,527.31,Active
4073,PROD-004073,445,Atlas Product 4073,Components,Premium,Meter,430.05,808.95,Active
4074,PROD-004074,287,Atlas Product 4074,Components,Standard,Meter,211.9,354.52,Active
4075,PROD-004075,271,Atlas Product 4075,Packaging,Specialty,Meter,483.43,906.02,Active
4076,PROD-004076,180,Atlas Product 4076,Electronics,Standard,Kg,319.57,578.69,Active
4077,PROD-004077,153,Atlas Product 4077,Raw Materials,Specialty,Liter,294.06,511.41,Active
4078,PROD-004078,284,Atlas Product 4078,Raw Materials,Specialty,Liter,217.06,448.02,Active
4079,PROD-004079,805,Atlas Product 4079,Electronics,Premium,Meter,100.24,167.28,Active
4080,PROD-004080,566,Atlas Product 4080,Packaging,Specialty,Liter,53.9,119.46,Active
4081,PROD-004081,445,Atlas Product 4081,Industrial Equipment,Standard,Meter,441.83,697.87,Active
4082,PROD-004082,476,Atlas Product 4082,Packaging,Specialty,Meter,56.92,141.36,Active
4083,PROD-004083,950,Atlas Product 4083,Components,Premium,Each,297.24,723.6,Active
4084,PROD-004084,980,Atlas Product 4084,Electronics,Premium,Kg,16.64,27.16,Active
4085,PROD-004085,836,Atlas Product 4085,Electronics,Specialty,Liter,449.28,590.19,Active
4086,PROD-004086,17,Atlas Product 4086,Industrial Equipment,Standard,Liter,211.8,292.97,Active
4087,PROD-004087,992,Atlas Product 4087,Industrial Equipment,Standard,Liter,328.2,744.01,Active
4088,PROD-004088,964,Atlas Product 4088,Electronics,Standard,Meter,141.07,207.86,Active
4089,PROD-004089,317,Atlas Product 4089,Industrial Equipment,Standard,Meter,35.38,81.28,Active
4090,PROD-004090,164,Atlas Product 4090,Components,Standard,Kg,68.1,148.72,Active
4091,PROD-004091,814,Atlas Product 4091,Electronics,Specialty,Kg,463.13,658.95,Active
4092,PROD-004092,198,Atlas Product 4092,Components,Standard,Liter,30.87,57.33,Inactive
4093,PROD-004093,606,Atlas Product 4093,Components,Premium,Meter,340.52,716.13,Active
4094,PROD-004094,3,Atlas Product 4094,Electronics,Specialty,Liter,447.14,803.53,Active
4095,PROD-004095,202,Atlas Product 4095,Packaging,Standard,Kg,163.48,277.08,Active
4096,PROD-004096,478,Atlas Product 4096,Electronics,Specialty,Kg,424.75,1039.86,Active
4097,PROD-004097,887,Atlas Product 4097,Raw Materials,Standard,Kg,95.12,170.1,Active
4098,PROD-004098,671,Atlas Product 4098,Electronics,Specialty,Each,17.64,22.91,Active
4099,PROD-004099,770,Atlas Product 4099,Industrial Equipment,Premium,Meter,375.0,787.75,Active
4100,PROD-004100,172,Atlas Product 4100,Raw Materials,Specialty,Liter,263.66,340.93,Active
4101,PROD-004101,213,Atlas Product 4101,Packaging,Specialty,Liter,323.38,646.2,Active
4102,PROD-004102,269,Atlas Product 4102,Industrial Equipment,Specialty,Each,163.61,378.78,Active
4103,PROD-004103,676,Atlas Product 4103,Packaging,Specialty,Each,303.8,568.92,Active
4104,PROD-004104,805,Atlas Product 4104,Industrial Equipment,Standard,Meter,40.67,77.59,Inactive
4105,PROD-004105,463,Atlas Product 4105,Industrial Equipment,Standard,Meter,303.65,634.25,Active
4106,PROD-004106,982,Atlas Product 4106,Electronics,Premium,Liter,284.66,649.69,Active
4107,PROD-004107,781,Atlas Product 4107,Industrial Equipment,Premium,Each,255.63,499.9,Active
4108,PROD-004108,152,Atlas Product 4108,Packaging,Specialty,Kg,53.12,95.91,Active
4109,PROD-004109,181,Atlas Product 4109,Electronics,Premium,Liter,17.21,27.99,Active
4110,PROD-004110,38,Atlas Product 4110,Packaging,Specialty,Meter,158.75,272.87,Active
4111,PROD-004111,25,Atlas Product 4111,Industrial Equipment,Premium,Liter,268.07,639.38,Active
4112,PROD-004112,831,Atlas Product 4112,Raw Materials,Standard,Each,388.66,888.28,Active
4113,PROD-004113,335,Atlas Product 4113,Raw Materials,Standard,Each,70.57,94.62,Active
4114,PROD-004114,67,Atlas Product 4114,Electronics,Specialty,Kg,388.24,815.53,Active
4115,PROD-004115,841,Atlas Product 4115,Raw Materials,Premium,Liter,203.47,461.65,Active
4116,PROD-004116,88,Atlas Product 4116,Industrial Equipment,Standard,Each,114.97,171.0,Active
4117,PROD-004117,689,Atlas Product 4117,Packaging,Premium,Kg,219.19,464.02,Active
4118,PROD-004118,628,Atlas Product 4118,Raw Materials,Premium,Kg,292.63,436.12,Active
4119,PROD-004119,19,Atlas Product 4119,Raw Materials,Specialty,Liter,360.76,605.89,Active
4120,PROD-004120,625,Atlas Product 4120,Electronics,Premium,Kg,237.18,529.65,Active
4121,PROD-004121,188,Atlas Product 4121,Raw Materials,Specialty,Kg,361.8,456.43,Active
4122,PROD-004122,948,Atlas Product 4122,Raw Materials,Premium,Kg,346.94,560.54,Active
4123,PROD-004123,744,Atlas Product 4123,Components,Premium,Liter,447.7,639.23,Active
4124,PROD-004124,591,Atlas Product 4124,Electronics,Premium,Kg,237.7,464.86,Active
4125,PROD-004125,18,Atlas Product 4125,Electronics,Premium,Kg,319.77,723.04,Active
4126,PROD-004126,644,Atlas Product 4126,Raw Materials,Specialty,Meter,202.67,416.5,Active
4127,PROD-004127,132,Atlas Product 4127,Components,Specialty,Meter,316.92,644.45,Active
4128,PROD-004128,28,Atlas Product 4128,Components,Standard,Liter,307.28,488.57,Active
4129,PROD-004129,929,Atlas Product 4129,Electronics,Specialty,Meter,89.26,216.14,Active
4130,PROD-004130,309,Atlas Product 4130,Components,Premium,Liter,226.55,501.41,Active
4131,PROD-004131,551,Atlas Product 4131,Electronics,Specialty,Liter,439.76,1069.27,Active
4132,PROD-004132,589,Atlas Product 4132,Raw Materials,Premium,Liter,127.46,294.19,Active
4133,PROD-004133,278,Atlas Product 4133,Packaging,Standard,Kg,300.05,726.18,Active
4134,PROD-004134,493,Atlas Product 4134,Components,Premium,Meter,235.51,567.34,Active
4135,PROD-004135,526,Atlas Product 4135,Components,Specialty,Kg,403.28,773.42,Active
4136,PROD-004136,142,Atlas Product 4136,Electronics,Premium,Liter,408.79,803.81,Active
4137,PROD-004137,258,Atlas Product 4137,Components,Standard,Each,228.71,311.66,Active
4138,PROD-004138,167,Atlas Product 4138,Electronics,Specialty,Each,150.94,206.08,Active
4139,PROD-004139,919,Atlas Product 4139,Components,Premium,Meter,159.71,321.38,Active
4140,PROD-004140,418,Atlas Product 4140,Electronics,Premium,Meter,342.28,683.25,Active
4141,PROD-004141,122,Atlas Product 4141,Raw Materials,Standard,Kg,274.32,454.71,Active
4142,PROD-004142,560,Atlas Product 4142,Industrial Equipment,Standard,Each,476.21,1019.71,Active
4143,PROD-004143,737,Atlas Product 4143,Industrial Equipment,Standard,Meter,448.59,879.33,Active
4144,PROD-004144,136,Atlas Product 4144,Packaging,Standard,Kg,239.74,413.63,Active
4145,PROD-004145,274,Atlas Product 4145,Components,Premium,Meter,27.76,55.32,Active
4146,PROD-004146,207,Atlas Product 4146,Industrial Equipment,Specialty,Liter,169.29,287.63,Active
4147,PROD-004147,330,Atlas Product 4147,Raw Materials,Premium,Kg,283.11,661.91,Active
4148,PROD-004148,963,Atlas Product 4148,Industrial Equipment,Standard,Kg,324.67,536.08,Active
4149,PROD-004149,55,Atlas Product 4149,Raw Materials,Premium,Meter,418.02,947.46,Active
4150,PROD-004150,149,Atlas Product 4150,Packaging,Premium,Meter,281.65,461.51,Active
4151,PROD-004151,932,Atlas Product 4151,Industrial Equipment,Standard,Each,271.39,344.67,Active
4152,PROD-004152,562,Atlas Product 4152,Packaging,Specialty,Liter,435.85,821.58,Active
4153,PROD-004153,374,Atlas Product 4153,Industrial Equipment,Specialty,Liter,470.9,938.15,Active
4154,PROD-004154,15,Atlas Product 4154,Packaging,Standard,Each,155.97,247.43,Inactive
4155,PROD-004155,989,Atlas Product 4155,Industrial Equipment,Premium,Each,288.45,373.49,Active
4156,PROD-004156,3,Atlas Product 4156,Electronics,Specialty,Liter,371.76,701.99,Active
4157,PROD-004157,601,Atlas Product 4157,Raw Materials,Premium,Each,200.25,394.05,Active
4158,PROD-004158,620,Atlas Product 4158,Components,Premium,Each,471.3,647.9,Active
4159,PROD-004159,641,Atlas Product 4159,Raw Materials,Premium,Meter,196.66,340.47,Active
4160,PROD-004160,803,Atlas Product 4160,Industrial Equipment,Specialty,Meter,284.18,539.72,Active
4161,PROD-004161,321,Atlas Product 4161,Packaging,Premium,Kg,20.18,39.63,Active
4162,PROD-004162,166,Atlas Product 4162,Components,Specialty,Kg,258.77,539.77,Active
4163,PROD-004163,177,Atlas Product 4163,Electronics,Standard,Kg,210.19,294.12,Inactive
4164,PROD-004164,327,Atlas Product 4164,Components,Specialty,Meter,25.67,53.96,Active
4165,PROD-004165,327,Atlas Product 4165,Industrial Equipment,Specialty,Liter,114.35,223.95,Active
4166,PROD-004166,676,Atlas Product 4166,Industrial Equipment,Specialty,Kg,455.06,687.39,Active
4167,PROD-004167,422,Atlas Product 4167,Electronics,Standard,Each,319.63,529.35,Active
4168,PROD-004168,112,Atlas Product 4168,Electronics,Standard,Meter,246.64,308.31,Active
4169,PROD-004169,29,Atlas Product 4169,Packaging,Specialty,Meter,397.11,907.9,Active
4170,PROD-004170,115,Atlas Product 4170,Packaging,Standard,Kg,217.12,487.37,Active
4171,PROD-004171,723,Atlas Product 4171,Industrial Equipment,Premium,Each,118.29,246.14,Inactive
4172,PROD-004172,826,Atlas Product 4172,Electronics,Standard,Meter,364.11,533.26,Inactive
4173,PROD-004173,497,Atlas Product 4173,Components,Specialty,Liter,234.73,508.05,Active
4174,PROD-004174,880,Atlas Product 4174,Packaging,Premium,Each,83.56,107.11,Inactive
4175,PROD-004175,612,Atlas Product 4175,Packaging,Premium,Each,56.84,129.39,Active
4176,PROD-004176,203,Atlas Product 4176,Industrial Equipment,Specialty,Kg,411.6,659.95,Active
4177,PROD-004177,295,Atlas Product 4177,Packaging,Standard,Each,289.11,467.3,Active
4178,PROD-004178,672,Atlas Product 4178,Raw Materials,Standard,Meter,400.78,893.62,Active
4179,PROD-004179,8,Atlas Product 4179,Packaging,Premium,Kg,107.25,220.91,Active
4180,PROD-004180,636,Atlas Product 4180,Raw Materials,Standard,Each,284.41,464.09,Active
4181,PROD-004181,601,Atlas Product 4181,Industrial Equipment,Premium,Each,14.08,24.75,Active
4182,PROD-004182,841,Atlas Product 4182,Raw Materials,Standard,Liter,354.92,449.54,Active
4183,PROD-004183,918,Atlas Product 4183,Industrial Equipment,Premium,Kg,280.64,634.77,Active
4184,PROD-004184,439,Atlas Product 4184,Electronics,Specialty,Each,422.75,592.62,Active
4185,PROD-004185,456,Atlas Product 4185,Electronics,Premium,Each,339.61,440.64,Active
4186,PROD-004186,525,Atlas Product 4186,Raw Materials,Premium,Each,474.97,1070.03,Active
4187,PROD-004187,480,Atlas Product 4187,Electronics,Specialty,Meter,74.21,126.24,Active
4188,PROD-004188,267,Atlas Product 4188,Industrial Equipment,Standard,Meter,145.18,183.03,Active
4189,PROD-004189,648,Atlas Product 4189,Industrial Equipment,Specialty,Kg,174.94,405.04,Active
4190,PROD-004190,781,Atlas Product 4190,Raw Materials,Premium,Liter,335.35,754.8,Active
4191,PROD-004191,62,Atlas Product 4191,Components,Premium,Each,333.69,722.79,Active
4192,PROD-004192,979,Atlas Product 4192,Electronics,Standard,Kg,411.03,977.76,Active
4193,PROD-004193,344,Atlas Product 4193,Components,Premium,Each,347.26,761.68,Active
4194,PROD-004194,329,Atlas Product 4194,Industrial Equipment,Specialty,Each,200.51,437.48,Active
4195,PROD-004195,981,Atlas Product 4195,Components,Premium,Liter,56.23,125.11,Active
4196,PROD-004196,102,Atlas Product 4196,Electronics,Specialty,Meter,254.61,452.72,Active
4197,PROD-004197,599,Atlas Product 4197,Electronics,Premium,Meter,98.29,207.77,Active
4198,PROD-004198,446,Atlas Product 4198,Raw Materials,Standard,Meter,103.14,246.93,Active
4199,PROD-004199,849,Atlas Product 4199,Industrial Equipment,Standard,Liter,497.15,979.6,Active
4200,PROD-004200,7,Atlas Product 4200,Industrial Equipment,Standard,Kg,446.3,623.11,Active
4201,PROD-004201,395,Atlas Product 4201,Raw Materials,Specialty,Liter,42.96,101.8,Active
4202,PROD-004202,713,Atlas Product 4202,Industrial Equipment,Premium,Liter,397.55,558.72,Active
4203,PROD-004203,360,Atlas Product 4203,Components,Specialty,Liter,350.52,641.98,Active
4204,PROD-004204,619,Atlas Product 4204,Components,Premium,Kg,98.31,210.24,Active
4205,PROD-004205,892,Atlas Product 4205,Packaging,Standard,Kg,290.32,447.68,Active
4206,PROD-004206,272,Atlas Product 4206,Industrial Equipment,Standard,Meter,169.13,343.51,Active
4207,PROD-004207,886,Atlas Product 4207,Raw Materials,Premium,Liter,44.76,84.31,Active
4208,PROD-004208,768,Atlas Product 4208,Packaging,Standard,Each,33.28,60.04,Active
4209,PROD-004209,242,Atlas Product 4209,Packaging,Standard,Kg,87.15,150.5,Active
4210,PROD-004210,745,Atlas Product 4210,Packaging,Specialty,Each,133.96,287.36,Active
4211,PROD-004211,787,Atlas Product 4211,Raw Materials,Specialty,Liter,247.67,470.84,Active
4212,PROD-004212,480,Atlas Product 4212,Components,Premium,Meter,103.75,225.41,Active
4213,PROD-004213,704,Atlas Product 4213,Electronics,Premium,Each,68.97,117.31,Active
4214,PROD-004214,493,Atlas Product 4214,Packaging,Standard,Liter,491.69,1196.34,Active
4215,PROD-004215,142,Atlas Product 4215,Electronics,Standard,Liter,333.51,527.18,Active
4216,PROD-004216,628,Atlas Product 4216,Components,Specialty,Each,423.82,939.55,Active
4217,PROD-004217,174,Atlas Product 4217,Raw Materials,Specialty,Each,361.53,885.32,Active
4218,PROD-004218,939,Atlas Product 4218,Industrial Equipment,Premium,Kg,391.07,942.94,Active
4219,PROD-004219,533,Atlas Product 4219,Electronics,Standard,Liter,302.37,586.84,Active
4220,PROD-004220,89,Atlas Product 4220,Electronics,Specialty,Liter,249.91,336.65,Active
4221,PROD-004221,585,Atlas Product 4221,Electronics,Specialty,Each,413.7,692.4,Active
4222,PROD-004222,840,Atlas Product 4222,Raw Materials,Standard,Kg,488.53,904.34,Inactive
4223,PROD-004223,830,Atlas Product 4223,Raw Materials,Standard,Kg,42.91,100.98,Active
4224,PROD-004224,311,Atlas Product 4224,Packaging,Premium,Kg,386.46,572.08,Active
4225,PROD-004225,532,Atlas Product 4225,Packaging,Standard,Each,105.52,150.07,Active
4226,PROD-004226,559,Atlas Product 4226,Industrial Equipment,Specialty,Each,125.68,279.03,Active
4227,PROD-004227,306,Atlas Product 4227,Packaging,Standard,Each,27.91,35.78,Active
4228,PROD-004228,425,Atlas Product 4228,Components,Standard,Meter,420.33,530.31,Active
4229,PROD-004229,340,Atlas Product 4229,Packaging,Specialty,Kg,496.3,756.89,Active
4230,PROD-004230,1,Atlas Product 4230,Electronics,Premium,Liter,83.46,110.15,Active
4231,PROD-004231,196,Atlas Product 4231,Components,Standard,Kg,306.89,574.68,Active
4232,PROD-004232,361,Atlas Product 4232,Electronics,Specialty,Meter,305.87,592.85,Active
4233,PROD-004233,881,Atlas Product 4233,Raw Materials,Premium,Liter,110.03,197.43,Active
4234,PROD-004234,945,Atlas Product 4234,Electronics,Specialty,Each,46.67,82.82,Active
4235,PROD-004235,637,Atlas Product 4235,Components,Standard,Each,348.44,556.89,Active
4236,PROD-004236,237,Atlas Product 4236,Raw Materials,Standard,Liter,488.22,1148.46,Active
4237,PROD-004237,695,Atlas Product 4237,Raw Materials,Standard,Each,62.57,114.62,Inactive
4238,PROD-004238,733,Atlas Product 4238,Packaging,Premium,Meter,125.57,273.85,Active
4239,PROD-004239,103,Atlas Product 4239,Packaging,Premium,Kg,341.88,726.78,Active
4240,PROD-004240,23,Atlas Product 4240,Industrial Equipment,Specialty,Kg,296.02,392.14,Active
4241,PROD-004241,497,Atlas Product 4241,Electronics,Standard,Each,497.46,1186.4,Active
4242,PROD-004242,235,Atlas Product 4242,Electronics,Specialty,Kg,161.55,282.63,Active
4243,PROD-004243,645,Atlas Product 4243,Industrial Equipment,Premium,Liter,135.27,294.3,Inactive
4244,PROD-004244,499,Atlas Product 4244,Components,Specialty,Kg,157.23,298.32,Active
4245,PROD-004245,113,Atlas Product 4245,Industrial Equipment,Standard,Kg,221.09,279.83,Active
4246,PROD-004246,488,Atlas Product 4246,Industrial Equipment,Standard,Each,158.59,384.51,Active
4247,PROD-004247,486,Atlas Product 4247,Components,Premium,Each,210.46,295.57,Active
4248,PROD-004248,1000,Atlas Product 4248,Industrial Equipment,Standard,Liter,353.06,785.69,Active
4249,PROD-004249,809,Atlas Product 4249,Packaging,Standard,Meter,20.93,50.92,Inactive
4250,PROD-004250,674,Atlas Product 4250,Packaging,Standard,Liter,310.96,671.89,Active
4251,PROD-004251,925,Atlas Product 4251,Industrial Equipment,Premium,Liter,216.54,415.15,Active
4252,PROD-004252,578,Atlas Product 4252,Raw Materials,Specialty,Meter,264.77,423.7,Active
4253,PROD-004253,285,Atlas Product 4253,Components,Premium,Meter,397.17,805.01,Active
4254,PROD-004254,713,Atlas Product 4254,Components,Premium,Kg,316.37,517.22,Active
4255,PROD-004255,178,Atlas Product 4255,Electronics,Standard,Each,357.08,545.63,Active
4256,PROD-004256,984,Atlas Product 4256,Raw Materials,Specialty,Liter,499.33,966.04,Active
4257,PROD-004257,160,Atlas Product 4257,Electronics,Premium,Kg,411.54,631.15,Active
4258,PROD-004258,418,Atlas Product 4258,Industrial Equipment,Premium,Meter,462.12,928.43,Active
4259,PROD-004259,435,Atlas Product 4259,Raw Materials,Premium,Kg,189.8,382.6,Active
4260,PROD-004260,724,Atlas Product 4260,Electronics,Standard,Meter,210.34,379.34,Active
4261,PROD-004261,502,Atlas Product 4261,Packaging,Specialty,Each,28.38,63.22,Active
4262,PROD-004262,516,Atlas Product 4262,Packaging,Standard,Meter,163.88,337.51,Active
4263,PROD-004263,647,Atlas Product 4263,Packaging,Premium,Kg,227.05,546.13,Active
4264,PROD-004264,642,Atlas Product 4264,Electronics,Specialty,Kg,44.44,71.16,Inactive
4265,PROD-004265,697,Atlas Product 4265,Industrial Equipment,Specialty,Meter,301.01,695.5,Active
4266,PROD-004266,243,Atlas Product 4266,Electronics,Premium,Liter,144.68,216.91,Active
4267,PROD-004267,110,Atlas Product 4267,Components,Specialty,Liter,185.51,233.66,Active
4268,PROD-004268,810,Atlas Product 4268,Electronics,Specialty,Each,152.74,215.65,Inactive
4269,PROD-004269,595,Atlas Product 4269,Packaging,Specialty,Each,418.88,967.86,Active
4270,PROD-004270,469,Atlas Product 4270,Packaging,Specialty,Meter,288.26,621.76,Active
4271,PROD-004271,25,Atlas Product 4271,Electronics,Premium,Liter,314.77,464.1,Active
4272,PROD-004272,501,Atlas Product 4272,Raw Materials,Standard,Kg,328.79,810.98,Active
4273,PROD-004273,263,Atlas Product 4273,Components,Specialty,Each,416.31,814.55,Active
4274,PROD-004274,848,Atlas Product 4274,Components,Premium,Kg,53.37,92.92,Active
4275,PROD-004275,258,Atlas Product 4275,Raw Materials,Specialty,Meter,256.08,437.47,Active
4276,PROD-004276,162,Atlas Product 4276,Packaging,Premium,Kg,71.24,148.09,Active
4277,PROD-004277,879,Atlas Product 4277,Packaging,Standard,Each,231.1,575.22,Active
4278,PROD-004278,626,Atlas Product 4278,Electronics,Specialty,Meter,66.87,153.82,Active
4279,PROD-004279,55,Atlas Product 4279,Electronics,Standard,Meter,317.88,408.42,Active
4280,PROD-004280,67,Atlas Product 4280,Industrial Equipment,Specialty,Liter,122.19,281.6,Active
4281,PROD-004281,187,Atlas Product 4281,Components,Standard,Kg,31.41,74.51,Inactive
4282,PROD-004282,136,Atlas Product 4282,Raw Materials,Premium,Liter,161.49,217.0,Active
4283,PROD-004283,176,Atlas Product 4283,Components,Premium,Each,241.27,577.21,Active
4284,PROD-004284,114,Atlas Product 4284,Raw Materials,Specialty,Liter,480.56,1142.67,Active
4285,PROD-004285,359,Atlas Product 4285,Industrial Equipment,Standard,Liter,178.02,407.04,Active
4286,PROD-004286,716,Atlas Product 4286,Components,Premium,Liter,475.64,878.81,Active
4287,PROD-004287,920,Atlas Product 4287,Industrial Equipment,Premium,Liter,99.87,157.25,Active
4288,PROD-004288,348,Atlas Product 4288,Components,Premium,Liter,399.68,583.81,Active
4289,PROD-004289,698,Atlas Product 4289,Packaging,Premium,Each,90.98,133.51,Active
4290,PROD-004290,994,Atlas Product 4290,Components,Standard,Liter,184.63,455.95,Active
4291,PROD-004291,612,Atlas Product 4291,Industrial Equipment,Standard,Meter,367.5,743.89,Active
4292,PROD-004292,59,Atlas Product 4292,Raw Materials,Standard,Kg,311.52,608.29,Active
4293,PROD-004293,204,Atlas Product 4293,Electronics,Standard,Each,469.79,621.55,Active
4294,PROD-004294,8,Atlas Product 4294,Raw Materials,Premium,Meter,208.43,357.32,Active
4295,PROD-004295,189,Atlas Product 4295,Packaging,Premium,Meter,222.35,446.86,Active
4296,PROD-004296,816,Atlas Product 4296,Raw Materials,Premium,Liter,115.71,274.7,Active
4297,PROD-004297,126,Atlas Product 4297,Packaging,Standard,Meter,85.18,167.61,Active
4298,PROD-004298,516,Atlas Product 4298,Electronics,Specialty,Meter,355.52,678.84,Active
4299,PROD-004299,161,Atlas Product 4299,Raw Materials,Standard,Each,423.36,648.01,Inactive
4300,PROD-004300,738,Atlas Product 4300,Electronics,Specialty,Kg,315.07,428.22,Active
4301,PROD-004301,47,Atlas Product 4301,Packaging,Specialty,Each,73.11,135.25,Active
4302,PROD-004302,815,Atlas Product 4302,Raw Materials,Standard,Meter,131.65,243.07,Active
4303,PROD-004303,774,Atlas Product 4303,Industrial Equipment,Specialty,Liter,148.55,332.32,Active
4304,PROD-004304,767,Atlas Product 4304,Industrial Equipment,Premium,Each,346.82,456.78,Active
4305,PROD-004305,110,Atlas Product 4305,Raw Materials,Standard,Each,417.99,1026.41,Active
4306,PROD-004306,745,Atlas Product 4306,Electronics,Specialty,Each,375.83,558.93,Inactive
4307,PROD-004307,586,Atlas Product 4307,Raw Materials,Standard,Each,290.96,669.43,Active
4308,PROD-004308,344,Atlas Product 4308,Raw Materials,Standard,Liter,246.44,437.02,Inactive
4309,PROD-004309,843,Atlas Product 4309,Electronics,Premium,Kg,365.26,889.08,Active
4310,PROD-004310,617,Atlas Product 4310,Raw Materials,Standard,Liter,169.42,364.58,Active
4311,PROD-004311,114,Atlas Product 4311,Packaging,Premium,Each,279.15,490.06,Active
4312,PROD-004312,497,Atlas Product 4312,Industrial Equipment,Premium,Liter,490.35,1220.14,Active
4313,PROD-004313,205,Atlas Product 4313,Packaging,Premium,Kg,99.64,166.28,Active
4314,PROD-004314,976,Atlas Product 4314,Industrial Equipment,Premium,Liter,332.65,432.4,Active
4315,PROD-004315,918,Atlas Product 4315,Industrial Equipment,Specialty,Liter,117.92,152.98,Active
4316,PROD-004316,151,Atlas Product 4316,Industrial Equipment,Specialty,Each,22.97,39.58,Active
4317,PROD-004317,144,Atlas Product 4317,Packaging,Standard,Meter,396.67,935.73,Active
4318,PROD-004318,248,Atlas Product 4318,Electronics,Premium,Liter,19.29,26.3,Active
4319,PROD-004319,446,Atlas Product 4319,Raw Materials,Premium,Each,105.07,206.67,Active
4320,PROD-004320,443,Atlas Product 4320,Electronics,Specialty,Each,341.51,636.02,Active
4321,PROD-004321,745,Atlas Product 4321,Components,Premium,Meter,357.0,739.82,Active
4322,PROD-004322,181,Atlas Product 4322,Components,Specialty,Liter,442.53,1025.52,Active
4323,PROD-004323,285,Atlas Product 4323,Components,Premium,Each,170.94,356.32,Active
4324,PROD-004324,680,Atlas Product 4324,Components,Specialty,Kg,475.02,660.06,Active
4325,PROD-004325,823,Atlas Product 4325,Industrial Equipment,Standard,Each,251.14,429.15,Active
4326,PROD-004326,47,Atlas Product 4326,Components,Specialty,Meter,83.63,164.0,Inactive
4327,PROD-004327,599,Atlas Product 4327,Raw Materials,Premium,Kg,21.18,40.14,Inactive
4328,PROD-004328,581,Atlas Product 4328,Raw Materials,Standard,Liter,128.82,292.64,Active
4329,PROD-004329,158,Atlas Product 4329,Electronics,Premium,Each,282.45,483.6,Active
4330,PROD-004330,623,Atlas Product 4330,Raw Materials,Specialty,Kg,447.77,716.22,Active
4331,PROD-004331,269,Atlas Product 4331,Industrial Equipment,Standard,Each,255.82,629.21,Inactive
4332,PROD-004332,248,Atlas Product 4332,Components,Premium,Liter,369.0,672.28,Active
4333,PROD-004333,935,Atlas Product 4333,Packaging,Premium,Kg,166.32,344.64,Active
4334,PROD-004334,188,Atlas Product 4334,Industrial Equipment,Premium,Liter,392.53,576.34,Active
4335,PROD-004335,170,Atlas Product 4335,Packaging,Premium,Each,425.28,815.82,Active
4336,PROD-004336,359,Atlas Product 4336,Packaging,Premium,Kg,148.46,325.87,Active
4337,PROD-004337,178,Atlas Product 4337,Raw Materials,Standard,Each,163.39,357.39,Active
4338,PROD-004338,151,Atlas Product 4338,Electronics,Standard,Liter,150.24,359.88,Active
4339,PROD-004339,257,Atlas Product 4339,Industrial Equipment,Standard,Kg,16.91,40.44,Active
4340,PROD-004340,328,Atlas Product 4340,Industrial Equipment,Standard,Each,425.5,961.7,Active
4341,PROD-004341,89,Atlas Product 4341,Components,Premium,Kg,432.11,641.22,Inactive
4342,PROD-004342,985,Atlas Product 4342,Electronics,Standard,Meter,87.11,139.84,Inactive
4343,PROD-004343,237,Atlas Product 4343,Industrial Equipment,Premium,Liter,256.71,571.85,Active
4344,PROD-004344,536,Atlas Product 4344,Industrial Equipment,Standard,Meter,318.11,434.75,Active
4345,PROD-004345,775,Atlas Product 4345,Industrial Equipment,Premium,Meter,399.64,566.62,Active
4346,PROD-004346,201,Atlas Product 4346,Industrial Equipment,Premium,Liter,244.26,440.82,Active
4347,PROD-004347,31,Atlas Product 4347,Industrial Equipment,Specialty,Liter,449.78,932.53,Active
4348,PROD-004348,44,Atlas Product 4348,Packaging,Standard,Each,232.37,468.31,Active
4349,PROD-004349,337,Atlas Product 4349,Packaging,Standard,Meter,73.5,106.41,Inactive
4350,PROD-004350,418,Atlas Product 4350,Electronics,Standard,Each,488.49,1030.81,Active
4351,PROD-004351,29,Atlas Product 4351,Raw Materials,Premium,Kg,192.75,373.38,Active
4352,PROD-004352,839,Atlas Product 4352,Electronics,Premium,Meter,25.33,59.22,Active
4353,PROD-004353,85,Atlas Product 4353,Packaging,Premium,Kg,493.84,802.45,Active
4354,PROD-004354,195,Atlas Product 4354,Packaging,Specialty,Liter,340.85,499.17,Active
4355,PROD-004355,972,Atlas Product 4355,Industrial Equipment,Specialty,Liter,411.56,703.12,Active
4356,PROD-004356,258,Atlas Product 4356,Industrial Equipment,Standard,Kg,215.66,467.55,Active
4357,PROD-004357,137,Atlas Product 4357,Packaging,Standard,Kg,238.87,393.09,Active
4358,PROD-004358,461,Atlas Product 4358,Packaging,Specialty,Kg,66.83,147.2,Active
4359,PROD-004359,993,Atlas Product 4359,Packaging,Premium,Kg,137.33,221.87,Active
4360,PROD-004360,26,Atlas Product 4360,Components,Standard,Each,139.58,263.27,Active
4361,PROD-004361,599,Atlas Product 4361,Industrial Equipment,Standard,Kg,94.07,149.73,Active
4362,PROD-004362,642,Atlas Product 4362,Packaging,Standard,Meter,91.4,136.42,Active
4363,PROD-004363,917,Atlas Product 4363,Electronics,Specialty,Meter,387.79,602.93,Active
4364,PROD-004364,606,Atlas Product 4364,Components,Specialty,Each,231.17,557.97,Active
4365,PROD-004365,875,Atlas Product 4365,Packaging,Specialty,Meter,63.31,155.74,Active
4366,PROD-004366,465,Atlas Product 4366,Components,Specialty,Meter,351.6,700.76,Active
4367,PROD-004367,218,Atlas Product 4367,Electronics,Standard,Meter,376.95,549.91,Active
4368,PROD-004368,158,Atlas Product 4368,Components,Standard,Each,49.8,68.97,Active
4369,PROD-004369,365,Atlas Product 4369,Packaging,Premium,Meter,275.5,458.99,Active
4370,PROD-004370,396,Atlas Product 4370,Industrial Equipment,Specialty,Each,405.93,966.11,Active
4371,PROD-004371,97,Atlas Product 4371,Packaging,Standard,Liter,232.61,337.94,Active
4372,PROD-004372,941,Atlas Product 4372,Components,Premium,Kg,291.84,517.56,Active
4373,PROD-004373,703,Atlas Product 4373,Components,Specialty,Kg,379.37,698.43,Active
4374,PROD-004374,92,Atlas Product 4374,Components,Premium,Kg,341.14,802.73,Active
4375,PROD-004375,985,Atlas Product 4375,Raw Materials,Standard,Each,118.55,280.88,Active
4376,PROD-004376,537,Atlas Product 4376,Packaging,Standard,Liter,483.32,733.19,Active
4377,PROD-004377,849,Atlas Product 4377,Packaging,Premium,Liter,102.05,147.16,Active
4378,PROD-004378,613,Atlas Product 4378,Packaging,Premium,Liter,134.56,194.33,Active
4379,PROD-004379,748,Atlas Product 4379,Industrial Equipment,Specialty,Meter,262.33,491.36,Active
4380,PROD-004380,440,Atlas Product 4380,Components,Specialty,Kg,278.86,538.06,Inactive
4381,PROD-004381,140,Atlas Product 4381,Industrial Equipment,Standard,Kg,14.01,23.01,Active
4382,PROD-004382,490,Atlas Product 4382,Components,Specialty,Liter,327.1,747.48,Active
4383,PROD-004383,436,Atlas Product 4383,Industrial Equipment,Standard,Kg,337.6,636.55,Active
4384,PROD-004384,821,Atlas Product 4384,Raw Materials,Specialty,Kg,110.62,243.31,Active
4385,PROD-004385,806,Atlas Product 4385,Components,Premium,Liter,228.88,288.48,Active
4386,PROD-004386,411,Atlas Product 4386,Industrial Equipment,Standard,Kg,387.37,659.38,Active
4387,PROD-004387,464,Atlas Product 4387,Components,Premium,Meter,408.34,900.65,Inactive
4388,PROD-004388,53,Atlas Product 4388,Industrial Equipment,Premium,Meter,210.52,352.5,Active
4389,PROD-004389,264,Atlas Product 4389,Packaging,Premium,Meter,429.36,542.9,Active
4390,PROD-004390,781,Atlas Product 4390,Electronics,Standard,Liter,40.96,63.61,Active
4391,PROD-004391,562,Atlas Product 4391,Packaging,Standard,Liter,405.99,812.0,Active
4392,PROD-004392,53,Atlas Product 4392,Industrial Equipment,Specialty,Each,403.16,766.33,Active
4393,PROD-004393,566,Atlas Product 4393,Electronics,Standard,Liter,400.05,521.08,Active
4394,PROD-004394,499,Atlas Product 4394,Industrial Equipment,Premium,Each,436.48,970.06,Active
4395,PROD-004395,273,Atlas Product 4395,Components,Standard,Kg,193.43,258.94,Active
4396,PROD-004396,605,Atlas Product 4396,Electronics,Specialty,Each,34.34,43.47,Inactive
4397,PROD-004397,946,Atlas Product 4397,Electronics,Premium,Kg,469.81,1098.92,Active
4398,PROD-004398,19,Atlas Product 4398,Industrial Equipment,Premium,Liter,381.81,926.04,Active
4399,PROD-004399,811,Atlas Product 4399,Electronics,Specialty,Kg,437.36,1049.84,Active
4400,PROD-004400,139,Atlas Product 4400,Raw Materials,Specialty,Liter,73.85,109.53,Active
4401,PROD-004401,662,Atlas Product 4401,Raw Materials,Specialty,Each,449.76,1049.95,Active
4402,PROD-004402,250,Atlas Product 4402,Electronics,Premium,Liter,204.95,274.34,Active
4403,PROD-004403,830,Atlas Product 4403,Industrial Equipment,Specialty,Liter,209.48,275.85,Active
4404,PROD-004404,999,Atlas Product 4404,Industrial Equipment,Standard,Kg,242.85,581.13,Active
4405,PROD-004405,870,Atlas Product 4405,Electronics,Premium,Liter,478.6,1013.11,Active
4406,PROD-004406,156,Atlas Product 4406,Components,Standard,Each,31.76,54.99,Active
4407,PROD-004407,978,Atlas Product 4407,Electronics,Premium,Kg,309.14,643.45,Active
4408,PROD-004408,896,Atlas Product 4408,Packaging,Standard,Meter,13.48,29.45,Active
4409,PROD-004409,408,Atlas Product 4409,Components,Premium,Liter,436.27,1014.1,Active
4410,PROD-004410,902,Atlas Product 4410,Packaging,Premium,Each,178.08,322.28,Active
4411,PROD-004411,587,Atlas Product 4411,Industrial Equipment,Premium,Liter,257.79,574.44,Active
4412,PROD-004412,894,Atlas Product 4412,Components,Premium,Liter,344.84,735.49,Active
4413,PROD-004413,962,Atlas Product 4413,Industrial Equipment,Specialty,Kg,317.9,480.89,Active
4414,PROD-004414,427,Atlas Product 4414,Components,Premium,Each,264.63,644.73,Active
4415,PROD-004415,805,Atlas Product 4415,Raw Materials,Specialty,Liter,181.3,296.38,Active
4416,PROD-004416,296,Atlas Product 4416,Raw Materials,Specialty,Kg,80.19,166.43,Active
4417,PROD-004417,899,Atlas Product 4417,Packaging,Premium,Kg,345.89,642.46,Active
4418,PROD-004418,589,Atlas Product 4418,Packaging,Specialty,Liter,315.74,590.07,Active
4419,PROD-004419,105,Atlas Product 4419,Raw Materials,Unknown,Meter,316.98,773.87,Active
4420,PROD-004420,847,Atlas Product 4420,Industrial Equipment,Premium,Each,21.84,33.49,Active
4421,PROD-004421,445,Atlas Product 4421,Packaging,Specialty,Meter,116.14,230.0,Active
4422,PROD-004422,904,Atlas Product 4422,Electronics,Premium,Meter,157.16,366.73,Active
4423,PROD-004423,117,Atlas Product 4423,Packaging,Premium,Liter,486.86,764.94,Active
4424,PROD-004424,529,Atlas Product 4424,Industrial Equipment,Premium,Liter,152.54,297.05,Active
4425,PROD-004425,280,Atlas Product 4425,Electronics,Standard,Meter,314.88,681.04,Active
4426,PROD-004426,721,Atlas Product 4426,Components,Standard,Kg,95.5,202.47,Active
4427,PROD-004427,578,Atlas Product 4427,Electronics,Standard,Each,201.41,399.63,Active
4428,PROD-004428,884,Atlas Product 4428,Electronics,Premium,Each,75.07,123.81,Inactive
4429,PROD-004429,394,Atlas Product 4429,Raw Materials,Standard,Kg,192.59,405.86,Active
4430,PROD-004430,641,Atlas Product 4430,Components,Specialty,Liter,94.37,213.54,Active
4431,PROD-004431,393,Atlas Product 4431,Industrial Equipment,Specialty,Kg,48.11,99.77,Active
4432,PROD-004432,504,Atlas Product 4432,Electronics,Standard,Liter,78.12,167.26,Active
4433,PROD-004433,331,Atlas Product 4433,Electronics,Standard,Meter,166.99,380.46,Active
4434,PROD-004434,220,Atlas Product 4434,Electronics,Premium,Each,154.72,201.46,Active
4435,PROD-004435,806,Atlas Product 4435,Packaging,Premium,Meter,444.61,588.33,Active
4436,PROD-004436,792,Atlas Product 4436,Raw Materials,Premium,Kg,444.73,632.03,Active
4437,PROD-004437,923,Atlas Product 4437,Industrial Equipment,Specialty,Meter,289.38,558.21,Active
4438,PROD-004438,987,Atlas Product 4438,Industrial Equipment,Standard,Liter,243.44,541.05,Active
4439,PROD-004439,180,Atlas Product 4439,Components,Standard,Liter,79.79,145.29,Active
4440,PROD-004440,954,Atlas Product 4440,Raw Materials,Standard,Meter,412.85,769.39,Active
4441,PROD-004441,896,Atlas Product 4441,Electronics,Standard,Each,488.53,659.68,Active
4442,PROD-004442,201,Atlas Product 4442,Packaging,Standard,Meter,136.57,229.68,Active
4443,PROD-004443,991,Atlas Product 4443,Industrial Equipment,Premium,Each,87.89,141.19,Active
4444,PROD-004444,797,Atlas Product 4444,Raw Materials,Specialty,Meter,374.43,852.4,Active
4445,PROD-004445,280,Atlas Product 4445,Industrial Equipment,Specialty,Liter,383.85,857.73,Inactive
4446,PROD-004446,193,Atlas Product 4446,Raw Materials,Standard,Kg,333.69,472.25,Active
4447,PROD-004447,698,Atlas Product 4447,Packaging,Standard,Meter,316.71,767.92,Active
4448,PROD-004448,872,Atlas Product 4448,Packaging,Premium,Meter,137.67,267.33,Active
4449,PROD-004449,74,Atlas Product 4449,Packaging,Standard,Each,474.16,962.93,Active
4450,PROD-004450,785,Atlas Product 4450,Electronics,Standard,Kg,415.24,686.79,Active
4451,PROD-004451,130,Atlas Product 4451,Electronics,Standard,Meter,322.96,552.14,Active
4452,PROD-004452,893,Atlas Product 4452,Industrial Equipment,Standard,Each,368.24,654.47,Active
4453,PROD-004453,897,Atlas Product 4453,Electronics,Standard,Meter,404.23,593.55,Active
4454,PROD-004454,1,Atlas Product 4454,Industrial Equipment,Premium,Each,449.74,943.99,Active
4455,PROD-004455,359,Atlas Product 4455,Electronics,Premium,Each,134.28,236.86,Active
4456,PROD-004456,301,Atlas Product 4456,Packaging,Standard,Liter,211.05,388.04,Active
4457,PROD-004457,407,Atlas Product 4457,Raw Materials,Specialty,Each,458.81,914.06,Active
4458,PROD-004458,896,Atlas Product 4458,Electronics,Premium,Liter,139.78,288.57,Active
4459,PROD-004459,787,Atlas Product 4459,Components,Specialty,Meter,268.34,434.93,Active
4460,PROD-004460,262,Atlas Product 4460,Packaging,Specialty,Kg,319.6,738.48,Inactive
4461,PROD-004461,665,Atlas Product 4461,Electronics,Premium,Meter,230.32,360.9,Active
4462,PROD-004462,303,Atlas Product 4462,Industrial Equipment,Standard,Meter,257.24,480.39,Active
4463,PROD-004463,708,Atlas Product 4463,Raw Materials,Specialty,Liter,50.48,69.62,Active
4464,PROD-004464,239,Atlas Product 4464,Packaging,Specialty,Each,141.35,218.84,Active
4465,PROD-004465,243,Atlas Product 4465,Packaging,Standard,Kg,201.83,442.22,Active
4466,PROD-004466,333,Atlas Product 4466,Industrial Equipment,Premium,Meter,245.39,468.59,Active
4467,PROD-004467,137,Atlas Product 4467,Raw Materials,Premium,Liter,328.03,530.81,Active
4468,PROD-004468,692,Atlas Product 4468,Raw Materials,Standard,Meter,297.72,406.61,Active
4469,PROD-004469,805,Atlas Product 4469,Packaging,Specialty,Liter,22.87,50.45,Active
4470,PROD-004470,806,Atlas Product 4470,Raw Materials,Premium,Liter,331.29,601.19,Active
4471,PROD-004471,142,Atlas Product 4471,Raw Materials,Premium,Liter,323.95,786.75,Active
4472,PROD-004472,667,Atlas Product 4472,Industrial Equipment,Standard,Each,39.9,75.78,Active
4473,PROD-004473,110,Atlas Product 4473,Packaging,Standard,Liter,318.28,510.69,Active
4474,PROD-004474,779,Atlas Product 4474,Components,Standard,Meter,433.73,766.09,Active
4475,PROD-004475,111,Atlas Product 4475,Components,Premium,Kg,441.53,978.68,Active
4476,PROD-004476,175,Atlas Product 4476,Electronics,Specialty,Meter,303.86,475.13,Active
4477,PROD-004477,984,Atlas Product 4477,Industrial Equipment,Premium,Kg,238.97,431.25,Active
4478,PROD-004478,682,Atlas Product 4478,Raw Materials,Premium,Each,387.29,809.91,Active
4479,PROD-004479,791,Atlas Product 4479,Industrial Equipment,Standard,Meter,246.8,605.31,Active
4480,PROD-004480,401,Atlas Product 4480,Components,Premium,Each,46.8,116.1,Active
4481,PROD-004481,613,Atlas Product 4481,Industrial Equipment,Specialty,Each,356.01,525.17,Active
4482,PROD-004482,253,Atlas Product 4482,Components,Premium,Each,195.71,319.62,Active
4483,PROD-004483,787,Atlas Product 4483,Electronics,Standard,Liter,361.57,852.5,Active
4484,PROD-004484,762,Atlas Product 4484,Industrial Equipment,Standard,Kg,453.22,685.44,Active
4485,PROD-004485,849,Atlas Product 4485,Industrial Equipment,Specialty,Liter,378.89,685.45,Active
4486,PROD-004486,416,Atlas Product 4486,Raw Materials,Specialty,Each,498.73,693.08,Active
4487,PROD-004487,776,Atlas Product 4487,Industrial Equipment,Specialty,Liter,66.22,144.3,Active
4488,PROD-004488,664,Atlas Product 4488,Components,Premium,Meter,381.23,668.98,Active
4489,PROD-004489,62,Atlas Product 4489,Packaging,Specialty,Each,231.24,577.94,Active
4490,PROD-004490,348,Atlas Product 4490,Electronics,Standard,Each,367.15,712.29,Active
4491,PROD-004491,760,Atlas Product 4491,Electronics,Standard,Meter,32.72,60.16,Active
4492,PROD-004492,729,Atlas Product 4492,Packaging,Specialty,Each,171.3,296.49,Active
4493,PROD-004493,872,Atlas Product 4493,Electronics,Standard,Liter,179.21,350.15,Active
4494,PROD-004494,560,Atlas Product 4494,Industrial Equipment,Specialty,Liter,453.61,873.33,Inactive
4495,PROD-004495,399,Atlas Product 4495,Raw Materials,Premium,Kg,376.88,616.4,Active
4496,PROD-004496,392,Atlas Product 4496,Industrial Equipment,Standard,Meter,308.88,747.94,Active
4497,PROD-004497,806,Atlas Product 4497,Raw Materials,Specialty,Meter,42.34,98.27,Active
4498,PROD-004498,83,Atlas Product 4498,Electronics,Specialty,Meter,129.4,175.53,Active
4499,PROD-004499,848,Atlas Product 4499,Components,Standard,Liter,384.87,625.67,Active
4500,PROD-004500,686,Atlas Product 4500,Industrial Equipment,Premium,Kg,228.15,314.22,Active
4501,PROD-004501,514,Atlas Product 4501,Electronics,Standard,Meter,193.28,357.6,Active
4502,PROD-004502,535,Atlas Product 4502,Raw Materials,Premium,Liter,464.11,1045.2,Active
4503,PROD-004503,457,Atlas Product 4503,Raw Materials,Premium,Each,166.74,374.94,Active
4504,PROD-004504,662,Atlas Product 4504,Raw Materials,Premium,Meter,252.94,576.04,Active
4505,PROD-004505,146,Atlas Product 4505,Industrial Equipment,Specialty,Each,304.01,474.26,Active
4506,PROD-004506,922,Atlas Product 4506,Raw Materials,Premium,Liter,63.16,152.68,Active
4507,PROD-004507,759,Atlas Product 4507,Packaging,Premium,Each,28.43,69.0,Inactive
4508,PROD-004508,244,Atlas Product 4508,Raw Materials,Specialty,Meter,68.6,110.88,Active
4509,PROD-004509,566,Atlas Product 4509,Electronics,Specialty,Liter,296.76,522.06,Active
4510,PROD-004510,786,Atlas Product 4510,Packaging,Specialty,Meter,483.53,1101.38,Active
4511,PROD-004511,478,Atlas Product 4511,Electronics,Standard,Kg,404.78,690.35,Active
4512,PROD-004512,588,Atlas Product 4512,Raw Materials,Standard,Liter,369.98,621.24,Active
4513,PROD-004513,327,Atlas Product 4513,Packaging,Standard,Each,317.27,629.2,Active
4514,PROD-004514,622,Atlas Product 4514,Raw Materials,Specialty,Liter,109.79,251.88,Active
4515,PROD-004515,846,Atlas Product 4515,Electronics,Premium,Liter,352.44,523.69,Active
4516,PROD-004516,443,Atlas Product 4516,Electronics,Standard,Each,232.71,530.71,Active
4517,PROD-004517,702,Atlas Product 4517,Packaging,Specialty,Kg,88.89,200.21,Active
4518,PROD-004518,665,Atlas Product 4518,Raw Materials,Standard,Meter,434.82,1051.31,Active
4519,PROD-004519,119,Atlas Product 4519,Raw Materials,Standard,Each,203.92,299.64,Active
4520,PROD-004520,395,Atlas Product 4520,Electronics,Standard,Kg,243.8,513.17,Active
4521,PROD-004521,363,Atlas Product 4521,Packaging,Specialty,Liter,93.05,201.14,Active
4522,PROD-004522,551,Atlas Product 4522,Electronics,Specialty,Kg,20.51,26.42,Active
4523,PROD-004523,842,Atlas Product 4523,Raw Materials,Specialty,Meter,314.79,506.93,Inactive
4524,PROD-004524,230,Atlas Product 4524,Packaging,Specialty,Liter,275.63,652.76,Active
4525,PROD-004525,11,Atlas Product 4525,Industrial Equipment,Standard,Liter,194.95,291.8,Active
4526,PROD-004526,340,Atlas Product 4526,Components,Standard,Kg,130.57,317.67,Active
4527,PROD-004527,490,Atlas Product 4527,Packaging,Premium,Each,166.36,308.99,Active
4528,PROD-004528,547,Atlas Product 4528,Raw Materials,Standard,Kg,480.74,658.64,Active
4529,PROD-004529,305,Atlas Product 4529,Components,Standard,Each,21.3,41.73,Active
4530,PROD-004530,388,Atlas Product 4530,Raw Materials,Premium,Liter,339.14,540.92,Active
4531,PROD-004531,348,Atlas Product 4531,Packaging,Specialty,Kg,42.35,94.44,Active
4532,PROD-004532,554,Atlas Product 4532,Industrial Equipment,Premium,Kg,343.16,461.29,Active
4533,PROD-004533,292,Atlas Product 4533,Raw Materials,Standard,Each,334.05,503.99,Active
4534,PROD-004534,94,Atlas Product 4534,Components,Specialty,Kg,271.22,654.13,Active
4535,PROD-004535,729,Atlas Product 4535,Industrial Equipment,Standard,Each,349.49,442.87,Active
4536,PROD-004536,504,Atlas Product 4536,Industrial Equipment,Standard,Kg,194.7,393.57,Active
4537,PROD-004537,190,Atlas Product 4537,Packaging,Premium,Liter,305.65,635.63,Active
4538,PROD-004538,483,Atlas Product 4538,Electronics,Specialty,Meter,448.95,938.19,Active
4539,PROD-004539,938,Atlas Product 4539,Electronics,Specialty,Each,408.48,681.73,Inactive
4540,PROD-004540,447,Atlas Product 4540,Industrial Equipment,Specialty,Meter,482.45,764.61,Active
4541,PROD-004541,870,Atlas Product 4541,Packaging,Standard,Liter,294.23,705.98,Active
4542,PROD-004542,577,Atlas Product 4542,Industrial Equipment,Premium,Liter,69.37,163.59,Active
4543,PROD-004543,132,Atlas Product 4543,Packaging,Standard,Meter,399.7,777.4,Active
4544,PROD-004544,752,Atlas Product 4544,Industrial Equipment,Standard,Liter,355.25,883.71,Inactive
4545,PROD-004545,58,Atlas Product 4545,Electronics,Premium,Each,240.52,380.06,Inactive
4546,PROD-004546,994,Atlas Product 4546,Electronics,Premium,Liter,179.15,345.16,Active
4547,PROD-004547,877,Atlas Product 4547,Raw Materials,Standard,Each,197.07,473.18,Active
4548,PROD-004548,371,Atlas Product 4548,Industrial Equipment,Specialty,Each,395.02,605.79,Active
4549,PROD-004549,521,Atlas Product 4549,Components,Premium,Liter,23.93,42.09,Active
4550,PROD-004550,952,Atlas Product 4550,Components,Premium,Kg,414.0,950.4,Active
4551,PROD-004551,360,Atlas Product 4551,Components,Specialty,Liter,462.08,1126.97,Inactive
4552,PROD-004552,965,Atlas Product 4552,Packaging,Premium,Meter,222.1,277.9,Active
4553,PROD-004553,824,Atlas Product 4553,Packaging,Premium,Kg,436.42,687.72,Active
4554,PROD-004554,27,Atlas Product 4554,Electronics,Premium,Liter,409.87,526.83,Active
4555,PROD-004555,786,Atlas Product 4555,Packaging,Specialty,Liter,438.13,862.94,Inactive
4556,PROD-004556,832,Atlas Product 4556,Industrial Equipment,Standard,Each,291.76,430.42,Active
4557,PROD-004557,652,Atlas Product 4557,Electronics,Standard,Meter,346.73,710.03,Active
4558,PROD-004558,348,Atlas Product 4558,Electronics,Specialty,Liter,90.78,198.28,Active
4559,PROD-004559,743,Atlas Product 4559,Raw Materials,Standard,Liter,440.09,669.42,Active
4560,PROD-004560,435,Atlas Product 4560,Components,Specialty,Meter,267.46,515.08,Active
4561,PROD-004561,623,Atlas Product 4561,Industrial Equipment,Specialty,Kg,248.61,334.7,Inactive
4562,PROD-004562,246,Atlas Product 4562,Industrial Equipment,Premium,Liter,213.38,521.0,Active
4563,PROD-004563,51,Atlas Product 4563,Components,Specialty,Meter,435.09,913.38,Active
4564,PROD-004564,969,Atlas Product 4564,Industrial Equipment,Specialty,Meter,273.93,561.89,Active
4565,PROD-004565,587,Atlas Product 4565,Electronics,Specialty,Each,319.04,721.9,Active
4566,PROD-004566,455,Atlas Product 4566,Packaging,Specialty,Liter,259.09,590.62,Active
4567,PROD-004567,557,Atlas Product 4567,Components,Standard,Meter,91.3,142.09,Active
4568,PROD-004568,848,Atlas Product 4568,Raw Materials,Standard,Meter,495.23,970.43,Active
4569,PROD-004569,752,Atlas Product 4569,Packaging,Specialty,Liter,178.05,289.4,Active
4570,PROD-004570,239,Atlas Product 4570,Electronics,Standard,Each,487.7,986.75,Active
4571,PROD-004571,896,Atlas Product 4571,Raw Materials,Standard,Each,234.77,379.78,Active
4572,PROD-004572,357,Atlas Product 4572,Packaging,Specialty,Meter,94.88,194.74,Active
4573,PROD-004573,175,Atlas Product 4573,Raw Materials,Specialty,Kg,401.52,872.49,Active
4574,PROD-004574,527,Atlas Product 4574,Electronics,Premium,Meter,311.0,480.22,Active
4575,PROD-004575,956,Atlas Product 4575,Industrial Equipment,Standard,Meter,313.03,710.23,Active
4576,PROD-004576,837,Atlas Product 4576,Components,Specialty,Each,70.04,103.43,Active
4577,PROD-004577,215,Atlas Product 4577,Electronics,Standard,Each,398.75,686.39,Active
4578,PROD-004578,694,Atlas Product 4578,Raw Materials,Specialty,Each,402.15,537.14,Inactive
4579,PROD-004579,837,Atlas Product 4579,Electronics,Premium,Kg,467.81,746.47,Active
4580,PROD-004580,693,Atlas Product 4580,Packaging,Specialty,Kg,197.63,442.06,Active
4581,PROD-004581,881,Atlas Product 4581,Electronics,Standard,Liter,447.04,611.84,Active
4582,PROD-004582,180,Atlas Product 4582,Components,Premium,Liter,473.19,636.09,Active
4583,PROD-004583,263,Atlas Product 4583,Components,Standard,Meter,443.63,671.99,Active
4584,PROD-004584,315,Atlas Product 4584,Raw Materials,Premium,Liter,467.34,1138.56,Active
4585,PROD-004585,145,Atlas Product 4585,Raw Materials,Premium,Each,45.75,76.7,Active
4586,PROD-004586,402,Atlas Product 4586,Industrial Equipment,Standard,Each,288.47,707.8,Active
4587,PROD-004587,187,Atlas Product 4587,Electronics,Standard,Liter,53.72,99.5,Active
4588,PROD-004588,700,Atlas Product 4588,Components,Standard,Liter,416.75,700.13,Active
4589,PROD-004589,605,Atlas Product 4589,Electronics,Specialty,Each,440.02,1072.52,Active
4590,PROD-004590,779,Atlas Product 4590,Packaging,Premium,Liter,135.25,327.08,Active
4591,PROD-004591,432,Atlas Product 4591,Raw Materials,Premium,Liter,214.19,528.51,Active
4592,PROD-004592,507,Atlas Product 4592,Industrial Equipment,Standard,Liter,120.97,173.74,Active
4593,PROD-004593,920,Atlas Product 4593,Components,Premium,Liter,207.63,335.42,Active
4594,PROD-004594,580,Atlas Product 4594,Industrial Equipment,Standard,Liter,135.46,273.76,Active
4595,PROD-004595,583,Atlas Product 4595,Components,Standard,Meter,45.36,60.24,Active
4596,PROD-004596,37,Atlas Product 4596,Electronics,Standard,Kg,203.97,486.69,Active
4597,PROD-004597,166,Atlas Product 4597,Packaging,Standard,Kg,212.97,350.42,Active
4598,PROD-004598,824,Atlas Product 4598,Packaging,Premium,Kg,297.2,650.36,Active
4599,PROD-004599,655,Atlas Product 4599,Packaging,Specialty,Each,163.29,285.84,Active
4600,PROD-004600,954,Atlas Product 4600,Electronics,Premium,Kg,391.22,560.16,Active
4601,PROD-004601,835,Atlas Product 4601,Raw Materials,Premium,Each,468.22,976.94,Active
4602,PROD-004602,687,Atlas Product 4602,Industrial Equipment,Specialty,Kg,48.88,94.2,Active
4603,PROD-004603,106,Atlas Product 4603,Industrial Equipment,Standard,Meter,64.84,140.71,Active
4604,PROD-004604,316,Atlas Product 4604,Raw Materials,Specialty,Each,453.3,787.06,Active
4605,PROD-004605,198,Atlas Product 4605,Industrial Equipment,Premium,Each,381.32,805.12,Active
4606,PROD-004606,451,Atlas Product 4606,Raw Materials,Premium,Each,279.21,677.25,Active
4607,PROD-004607,541,Atlas Product 4607,Industrial Equipment,Premium,Meter,58.3,74.13,Active
4608,PROD-004608,856,Atlas Product 4608,Electronics,Standard,Liter,268.22,637.73,Active
4609,PROD-004609,827,Atlas Product 4609,Raw Materials,Standard,Liter,206.34,507.81,Active
4610,PROD-004610,297,Atlas Product 4610,Raw Materials,Specialty,Liter,414.88,899.93,Active
4611,PROD-004611,219,Atlas Product 4611,Packaging,Standard,Meter,440.29,743.34,Active
4612,PROD-004612,489,Atlas Product 4612,Industrial Equipment,Premium,Meter,441.85,920.36,Active
4613,PROD-004613,987,Atlas Product 4613,Packaging,Premium,Meter,19.75,37.79,Active
4614,PROD-004614,199,Atlas Product 4614,Industrial Equipment,Premium,Liter,293.43,566.72,Active
4615,PROD-004615,245,Atlas Product 4615,Components,Specialty,Kg,474.5,876.15,Active
4616,PROD-004616,210,Atlas Product 4616,Packaging,Specialty,Liter,324.41,721.49,Active
4617,PROD-004617,24,Atlas Product 4617,Packaging,Specialty,Kg,183.25,339.74,Active
4618,PROD-004618,6,Atlas Product 4618,Industrial Equipment,Standard,Meter,408.47,867.48,Active
4619,PROD-004619,247,Atlas Product 4619,Raw Materials,Specialty,Kg,148.58,192.22,Active
4620,PROD-004620,341,Atlas Product 4620,Components,Premium,Liter,321.88,444.68,Active
4621,PROD-004621,962,Atlas Product 4621,Electronics,Standard,Each,270.75,618.51,Inactive
4622,PROD-004622,784,Atlas Product 4622,Electronics,Standard,Kg,30.91,70.76,Inactive
4623,PROD-004623,128,Atlas Product 4623,Raw Materials,Premium,Each,391.58,832.9,Active
4624,PROD-004624,688,Atlas Product 4624,Industrial Equipment,Standard,Liter,115.25,199.42,Active
4625,PROD-004625,852,Atlas Product 4625,Industrial Equipment,Standard,Meter,497.24,1190.13,Active
4626,PROD-004626,701,Atlas Product 4626,Components,Standard,Liter,363.95,590.52,Active
4627,PROD-004627,737,Atlas Product 4627,Electronics,Specialty,Kg,386.28,641.06,Active
4628,PROD-004628,45,Atlas Product 4628,Components,Standard,Each,401.63,703.21,Active
4629,PROD-004629,896,Atlas Product 4629,Industrial Equipment,Premium,Kg,25.08,32.58,Active
4630,PROD-004630,416,Atlas Product 4630,Industrial Equipment,Specialty,Liter,486.61,742.83,Active
4631,PROD-004631,796,Atlas Product 4631,Industrial Equipment,Premium,Meter,403.22,541.16,Active
4632,PROD-004632,500,Atlas Product 4632,Electronics,Standard,Each,447.71,856.99,Active
4633,PROD-004633,291,Atlas Product 4633,Electronics,Specialty,Each,328.63,696.37,Active
4634,PROD-004634,41,Atlas Product 4634,Packaging,Specialty,Each,382.11,759.5,Active
4635,PROD-004635,244,Atlas Product 4635,Raw Materials,Premium,Kg,489.69,1019.38,Active
4636,PROD-004636,658,Atlas Product 4636,Industrial Equipment,Standard,Meter,161.32,366.99,Inactive
4637,PROD-004637,166,Atlas Product 4637,Packaging,Premium,Meter,427.9,1059.34,Active
4638,PROD-004638,329,Atlas Product 4638,Electronics,Premium,Kg,125.48,176.61,Active
4639,PROD-004639,458,Atlas Product 4639,Components,Specialty,Liter,219.76,315.39,Active
4640,PROD-004640,518,Atlas Product 4640,Components,Standard,Liter,327.76,755.69,Active
4641,PROD-004641,472,Atlas Product 4641,Raw Materials,Premium,Kg,48.53,95.17,Active
4642,PROD-004642,66,Atlas Product 4642,Components,Specialty,Kg,442.26,1080.7,Inactive
4643,PROD-004643,10,Atlas Product 4643,Packaging,Specialty,Kg,164.69,288.11,Active
4644,PROD-004644,649,Atlas Product 4644,Packaging,Premium,Meter,327.52,711.12,Active
4645,PROD-004645,661,Atlas Product 4645,Packaging,Specialty,Kg,152.77,255.79,Active
4646,PROD-004646,551,Atlas Product 4646,Electronics,Standard,Each,40.81,85.65,Active
4647,PROD-004647,550,Atlas Product 4647,Industrial Equipment,Premium,Each,211.92,429.68,Active
4648,PROD-004648,836,Atlas Product 4648,Components,Premium,Kg,354.56,686.73,Active
4649,PROD-004649,39,Atlas Product 4649,Components,Specialty,Each,433.52,699.72,Active
4650,PROD-004650,261,Atlas Product 4650,Industrial Equipment,Standard,Each,345.6,801.89,Inactive
4651,PROD-004651,846,Atlas Product 4651,Electronics,Standard,Each,213.31,297.02,Active
4652,PROD-004652,285,Atlas Product 4652,Raw Materials,Specialty,Meter,422.77,982.65,Active
4653,PROD-004653,953,Atlas Product 4653,Electronics,Standard,Each,124.46,195.92,Active
4654,PROD-004654,896,Atlas Product 4654,Components,Standard,Each,76.5,172.04,Active
4655,PROD-004655,923,Atlas Product 4655,Electronics,Standard,Kg,39.96,97.77,Active
4656,PROD-004656,136,Atlas Product 4656,Industrial Equipment,Specialty,Meter,198.71,267.33,Active
4657,PROD-004657,954,Atlas Product 4657,Raw Materials,Premium,Kg,432.8,805.31,Active
4658,PROD-004658,172,Atlas Product 4658,Components,Standard,Meter,359.68,884.67,Active
4659,PROD-004659,982,Atlas Product 4659,Raw Materials,Specialty,Each,231.04,294.41,Active
4660,PROD-004660,57,Atlas Product 4660,Raw Materials,Standard,Liter,19.88,25.38,Active
4661,PROD-004661,260,Atlas Product 4661,Packaging,Premium,Kg,286.24,529.24,Inactive
4662,PROD-004662,127,Atlas Product 4662,Electronics,Specialty,Meter,237.07,451.44,Active
4663,PROD-004663,84,Atlas Product 4663,Packaging,Standard,Each,441.25,901.01,Active
4664,PROD-004664,570,Atlas Product 4664,Industrial Equipment,Standard,Kg,408.47,872.72,Active
4665,PROD-004665,835,Atlas Product 4665,Packaging,Specialty,Meter,75.04,109.19,Active
4666,PROD-004666,414,Atlas Product 4666,Packaging,Standard,Kg,228.36,347.24,Active
4667,PROD-004667,805,Atlas Product 4667,Raw Materials,Standard,Each,365.48,484.55,Active
4668,PROD-004668,496,Atlas Product 4668,Packaging,Premium,Each,485.19,626.19,Active
4669,PROD-004669,938,Atlas Product 4669,Packaging,Standard,Kg,346.02,596.05,Active
4670,PROD-004670,229,Atlas Product 4670,Industrial Equipment,Specialty,Liter,114.74,267.47,Active
4671,PROD-004671,792,Atlas Product 4671,Raw Materials,Specialty,Meter,428.81,845.29,Active
4672,PROD-004672,44,Atlas Product 4672,Industrial Equipment,Premium,Kg,364.34,641.82,Active
4673,PROD-004673,451,Atlas Product 4673,Components,Specialty,Liter,33.13,45.11,Active
4674,PROD-004674,216,Atlas Product 4674,Components,Specialty,Meter,155.5,336.86,Active
4675,PROD-004675,764,Atlas Product 4675,Components,Standard,Kg,431.16,1022.34,Active
4676,PROD-004676,365,Atlas Product 4676,Electronics,Standard,Meter,116.36,155.33,Active
4677,PROD-004677,451,Atlas Product 4677,Components,Specialty,Each,362.5,764.0,Active
4678,PROD-004678,759,Atlas Product 4678,Raw Materials,Standard,Kg,263.4,540.23,Active
4679,PROD-004679,254,Atlas Product 4679,Raw Materials,Specialty,Liter,191.87,456.83,Active
4680,PROD-004680,118,Atlas Product 4680,Packaging,Premium,Each,91.4,175.74,Active
4681,PROD-004681,689,Atlas Product 4681,Electronics,Specialty,Liter,382.28,542.32,Active
4682,PROD-004682,35,Atlas Product 4682,Packaging,Specialty,Each,381.34,696.31,Active
4683,PROD-004683,704,Atlas Product 4683,Industrial Equipment,Premium,Kg,149.52,367.07,Active
4684,PROD-004684,930,Atlas Product 4684,Packaging,Premium,Each,293.87,599.59,Active
4685,PROD-004685,703,Atlas Product 4685,Components,Specialty,Meter,404.47,549.47,Active
4686,PROD-004686,253,Atlas Product 4686,Raw Materials,Premium,Each,77.2,145.2,Active
4687,PROD-004687,732,Atlas Product 4687,Electronics,Standard,Liter,491.56,992.91,Active
4688,PROD-004688,700,Atlas Product 4688,Raw Materials,Standard,Each,409.34,600.39,Active
4689,PROD-004689,165,Atlas Product 4689,Electronics,Standard,Kg,486.11,1103.78,Active
4690,PROD-004690,451,Atlas Product 4690,Industrial Equipment,Premium,Each,242.09,316.87,Active
4691,PROD-004691,862,Atlas Product 4691,Components,Specialty,Each,338.9,732.6,Active
4692,PROD-004692,393,Atlas Product 4692,Components,Standard,Meter,280.62,511.45,Active
4693,PROD-004693,136,Atlas Product 4693,Raw Materials,Specialty,Each,273.85,526.15,Active
4694,PROD-004694,491,Atlas Product 4694,Components,Standard,Kg,126.1,229.49,Active
4695,PROD-004695,752,Atlas Product 4695,Raw Materials,Specialty,Kg,376.48,558.57,Active
4696,PROD-004696,84,Atlas Product 4696,Industrial Equipment,Standard,Liter,377.4,714.35,Active
4697,PROD-004697,446,Atlas Product 4697,Components,Premium,Liter,487.58,618.81,Active
4698,PROD-004698,958,Atlas Product 4698,Industrial Equipment,Standard,Kg,81.6,201.1,Active
4699,PROD-004699,528,Atlas Product 4699,Industrial Equipment,Premium,Each,353.93,539.05,Active
4700,PROD-004700,422,Atlas Product 4700,Components,Specialty,Meter,34.34,72.39,Active
4701,PROD-004701,778,Atlas Product 4701,Components,Specialty,Liter,460.71,868.89,Active
4702,PROD-004702,437,Atlas Product 4702,Raw Materials,Specialty,Each,115.58,174.98,Active
4703,PROD-004703,35,Atlas Product 4703,Components,Standard,Each,76.03,124.38,Active
4704,PROD-004704,31,Atlas Product 4704,Packaging,Standard,Each,238.87,364.19,Active
4705,PROD-004705,499,Atlas Product 4705,Raw Materials,Specialty,Liter,45.87,107.64,Active
4706,PROD-004706,925,Atlas Product 4706,Industrial Equipment,Premium,Liter,129.71,188.09,Active
4707,PROD-004707,942,Atlas Product 4707,Packaging,Premium,Each,277.65,370.29,Active
4708,PROD-004708,706,Atlas Product 4708,Components,Standard,Each,122.84,245.87,Active
4709,PROD-004709,779,Atlas Product 4709,Raw Materials,Specialty,Meter,150.58,254.69,Active
4710,PROD-004710,24,Atlas Product 4710,Components,Standard,Kg,236.98,423.09,Active
4711,PROD-004711,785,Atlas Product 4711,Electronics,Specialty,Liter,390.39,719.71,Active
4712,PROD-004712,601,Atlas Product 4712,Packaging,Premium,Liter,246.37,605.46,Active
4713,PROD-004713,251,Atlas Product 4713,Raw Materials,Standard,Each,455.42,636.63,Active
4714,PROD-004714,604,Atlas Product 4714,Packaging,Specialty,Meter,292.2,379.78,Active
4715,PROD-004715,310,Atlas Product 4715,Industrial Equipment,Specialty,Liter,374.7,863.03,Active
4716,PROD-004716,503,Atlas Product 4716,Industrial Equipment,Specialty,Each,384.06,823.41,Active
4717,PROD-004717,407,Atlas Product 4717,Raw Materials,Specialty,Each,454.46,672.92,Active
4718,PROD-004718,395,Atlas Product 4718,Electronics,Premium,Liter,412.94,783.26,Active
4719,PROD-004719,688,Atlas Product 4719,Industrial Equipment,Premium,Kg,285.4,382.52,Active
4720,PROD-004720,298,Atlas Product 4720,Industrial Equipment,Premium,Each,327.63,663.21,Active
4721,PROD-004721,430,Atlas Product 4721,Packaging,Specialty,Liter,227.7,458.91,Active
4722,PROD-004722,680,Atlas Product 4722,Electronics,Premium,Liter,379.08,780.85,Active
4723,PROD-004723,733,Atlas Product 4723,Electronics,Standard,Liter,493.92,791.42,Active
4724,PROD-004724,712,Atlas Product 4724,Packaging,Premium,Liter,442.43,855.4,Active
4725,PROD-004725,796,Atlas Product 4725,Raw Materials,Specialty,Meter,422.25,845.48,Inactive
4726,PROD-004726,20,Atlas Product 4726,Packaging,Standard,Meter,493.55,699.94,Active
4727,PROD-004727,492,Atlas Product 4727,Electronics,Standard,Each,25.95,63.57,Active
4728,PROD-004728,799,Atlas Product 4728,Industrial Equipment,Standard,Meter,356.63,823.18,Active
4729,PROD-004729,597,Atlas Product 4729,Raw Materials,Specialty,Meter,214.69,505.79,Active
4730,PROD-004730,592,Atlas Product 4730,Packaging,Unknown,Each,164.42,362.03,Active
4731,PROD-004731,408,Atlas Product 4731,Industrial Equipment,Standard,Each,144.79,324.2,Active
4732,PROD-004732,749,Atlas Product 4732,Electronics,Premium,Each,306.7,562.93,Active
4733,PROD-004733,164,Atlas Product 4733,Components,Standard,Meter,273.46,510.15,Inactive
4734,PROD-004734,382,Atlas Product 4734,Electronics,Specialty,Liter,233.89,539.05,Active
4735,PROD-004735,163,Atlas Product 4735,Raw Materials,Premium,Kg,317.84,432.47,Active
4736,PROD-004736,501,Atlas Product 4736,Packaging,Specialty,Kg,417.23,620.2,Active
4737,PROD-004737,68,Atlas Product 4737,Raw Materials,Standard,Liter,24.55,41.98,Active
4738,PROD-004738,244,Atlas Product 4738,Packaging,Premium,Kg,239.77,429.63,Active
4739,PROD-004739,786,Atlas Product 4739,Electronics,Premium,Each,478.87,1098.79,Active
4740,PROD-004740,758,Atlas Product 4740,Industrial Equipment,Premium,Meter,264.57,655.26,Active
4741,PROD-004741,476,Atlas Product 4741,Raw Materials,Premium,Liter,481.33,1087.19,Inactive
4742,PROD-004742,327,Atlas Product 4742,Components,Specialty,Kg,42.67,58.61,Active
4743,PROD-004743,166,Atlas Product 4743,Components,Standard,Liter,368.09,711.43,Active
4744,PROD-004744,337,Atlas Product 4744,Electronics,Standard,Kg,60.07,129.01,Inactive
4745,PROD-004745,982,Atlas Product 4745,Raw Materials,Specialty,Liter,97.32,189.23,Active
4746,PROD-004746,656,Atlas Product 4746,Raw Materials,Standard,Each,24.46,44.14,Active
4747,PROD-004747,944,Atlas Product 4747,Components,Standard,Kg,214.5,382.21,Inactive
4748,PROD-004748,609,Atlas Product 4748,Electronics,Standard,Meter,312.62,635.18,Inactive
4749,PROD-004749,32,Atlas Product 4749,Industrial Equipment,Standard,Liter,398.25,813.82,Active
4750,PROD-004750,434,Atlas Product 4750,Electronics,Premium,Kg,217.4,355.2,Active
4751,PROD-004751,121,Atlas Product 4751,Electronics,Specialty,Liter,158.17,280.05,Active
4752,PROD-004752,736,Atlas Product 4752,Raw Materials,Premium,Meter,477.01,687.43,Active
4753,PROD-004753,249,Atlas Product 4753,Raw Materials,Standard,Each,499.36,1175.75,Active
4754,PROD-004754,857,Atlas Product 4754,Raw Materials,Premium,Meter,328.92,768.56,Active
4755,PROD-004755,588,Atlas Product 4755,Electronics,Specialty,Liter,25.97,53.89,Active
4756,PROD-004756,345,Atlas Product 4756,Components,Specialty,Liter,291.33,719.12,Active
4757,PROD-004757,777,Atlas Product 4757,Electronics,Specialty,Each,217.06,403.58,Active
4758,PROD-004758,274,Atlas Product 4758,Electronics,Standard,Kg,180.92,424.98,Active
4759,PROD-004759,740,Atlas Product 4759,Packaging,Premium,Kg,20.0,43.61,Active
4760,PROD-004760,380,Atlas Product 4760,Packaging,Specialty,Kg,287.41,423.02,Active
4761,PROD-004761,402,Atlas Product 4761,Industrial Equipment,Standard,Liter,395.26,922.52,Active
4762,PROD-004762,350,Atlas Product 4762,Raw Materials,Standard,Meter,455.14,664.77,Active
4763,PROD-004763,759,Atlas Product 4763,Raw Materials,Specialty,Each,349.99,709.36,Active
4764,PROD-004764,760,Atlas Product 4764,Packaging,Specialty,Liter,95.41,139.89,Active
4765,PROD-004765,434,Atlas Product 4765,Electronics,Standard,Liter,41.24,100.71,Active
4766,PROD-004766,465,Atlas Product 4766,Packaging,Specialty,Each,380.06,789.98,Inactive
4767,PROD-004767,796,Atlas Product 4767,Industrial Equipment,Premium,Kg,51.77,72.99,Active
4768,PROD-004768,111,Atlas Product 4768,Components,Premium,Kg,189.27,262.44,Active
4769,PROD-004769,924,Atlas Product 4769,Electronics,Standard,Each,160.21,238.48,Active
4770,PROD-004770,123,Atlas Product 4770,Electronics,Standard,Each,472.31,911.48,Active
4771,PROD-004771,884,Atlas Product 4771,Packaging,Premium,Each,272.08,357.33,Active
4772,PROD-004772,149,Atlas Product 4772,Raw Materials,Premium,Each,416.42,1007.62,Inactive
4773,PROD-004773,294,Atlas Product 4773,Components,Premium,Each,308.8,463.46,Active
4774,PROD-004774,297,Atlas Product 4774,Raw Materials,Premium,Liter,372.58,697.21,Active
4775,PROD-004775,1000,Atlas Product 4775,Raw Materials,Specialty,Each,262.81,559.79,Active
4776,PROD-004776,616,Atlas Product 4776,Electronics,Premium,Each,269.84,589.76,Active
4777,PROD-004777,64,Atlas Product 4777,Components,Specialty,Each,91.75,172.2,Inactive
4778,PROD-004778,366,Atlas Product 4778,Raw Materials,Specialty,Kg,199.09,276.53,Active
4779,PROD-004779,884,Atlas Product 4779,Raw Materials,Premium,Meter,452.78,671.85,Active
4780,PROD-004780,412,Atlas Product 4780,Raw Materials,Premium,Each,46.34,108.99,Active
4781,PROD-004781,380,Atlas Product 4781,Raw Materials,Standard,Kg,130.34,169.02,Active
4782,PROD-004782,604,Atlas Product 4782,Components,Standard,Each,166.94,293.45,Active
4783,PROD-004783,867,Atlas Product 4783,Components,Standard,Kg,356.85,639.98,Active
4784,PROD-004784,681,Atlas Product 4784,Electronics,Standard,Kg,465.32,1143.7,Active
4785,PROD-004785,917,Atlas Product 4785,Raw Materials,Specialty,Liter,111.12,251.07,Active
4786,PROD-004786,531,Atlas Product 4786,Electronics,Premium,Kg,314.34,678.72,Active
4787,PROD-004787,343,Atlas Product 4787,Components,Premium,Liter,124.01,230.15,Inactive
4788,PROD-004788,888,Atlas Product 4788,Packaging,Specialty,Kg,291.32,610.41,Active
4789,PROD-004789,962,Atlas Product 4789,Electronics,Specialty,Each,259.82,405.18,Active
4790,PROD-004790,316,Atlas Product 4790,Electronics,Specialty,Liter,238.37,366.71,Active
4791,PROD-004791,569,Atlas Product 4791,Components,Premium,Liter,71.01,149.94,Active
4792,PROD-004792,376,Atlas Product 4792,Raw Materials,Specialty,Liter,208.61,357.96,Active
4793,PROD-004793,769,Atlas Product 4793,Raw Materials,Standard,Each,465.2,877.47,Active
4794,PROD-004794,542,Atlas Product 4794,Packaging,Specialty,Kg,419.12,669.08,Active
4795,PROD-004795,123,Atlas Product 4795,Packaging,Standard,Meter,269.36,383.24,Inactive
4796,PROD-004796,217,Atlas Product 4796,Electronics,Premium,Kg,138.03,249.13,Active
4797,PROD-004797,143,Atlas Product 4797,Packaging,Standard,Meter,439.74,1093.49,Active
4798,PROD-004798,580,Atlas Product 4798,Components,Standard,Each,481.8,662.3,Active
4799,PROD-004799,947,Atlas Product 4799,Packaging,Specialty,Kg,96.78,182.72,Active
4800,PROD-004800,214,Atlas Product 4800,Electronics,Specialty,Each,126.31,204.15,Active
4801,PROD-004801,306,Atlas Product 4801,Electronics,Specialty,Liter,231.88,409.9,Active
4802,PROD-004802,186,Atlas Product 4802,Packaging,Specialty,Meter,338.11,670.2,Active
4803,PROD-004803,172,Atlas Product 4803,Electronics,Standard,Meter,206.83,361.24,Active
4804,PROD-004804,39,Atlas Product 4804,Electronics,Premium,Meter,118.58,169.53,Active
4805,PROD-004805,799,Atlas Product 4805,Industrial Equipment,Specialty,Each,164.06,277.16,Active
4806,PROD-004806,265,Atlas Product 4806,Components,Standard,Each,429.62,829.62,Active
4807,PROD-004807,915,Atlas Product 4807,Components,Premium,Meter,360.13,783.15,Active
4808,PROD-004808,937,Atlas Product 4808,Packaging,Standard,Liter,296.2,441.11,Active
4809,PROD-004809,460,Atlas Product 4809,Electronics,Premium,Meter,35.21,67.96,Active
4810,PROD-004810,151,Atlas Product 4810,Electronics,Specialty,Each,159.31,375.07,Active
4811,PROD-004811,153,Atlas Product 4811,Raw Materials,Premium,Meter,463.68,1149.68,Active
4812,PROD-004812,419,Atlas Product 4812,Electronics,Specialty,Each,458.96,751.69,Active
4813,PROD-004813,213,Atlas Product 4813,Industrial Equipment,Specialty,Meter,189.92,290.36,Active
4814,PROD-004814,444,Atlas Product 4814,Electronics,Standard,Meter,46.25,106.16,Active
4815,PROD-004815,71,Atlas Product 4815,Packaging,Specialty,Kg,334.57,818.48,Active
4816,PROD-004816,292,Atlas Product 4816,Components,Standard,Liter,302.83,719.26,Active
4817,PROD-004817,871,Atlas Product 4817,Electronics,Premium,Meter,145.54,250.61,Active
4818,PROD-004818,791,Atlas Product 4818,Raw Materials,Standard,Liter,404.25,870.27,Active
4819,PROD-004819,112,Atlas Product 4819,Components,Standard,Each,351.84,554.66,Active
4820,PROD-004820,378,Atlas Product 4820,Packaging,Specialty,Each,439.53,873.47,Active
4821,PROD-004821,736,Atlas Product 4821,Electronics,Standard,Meter,342.06,698.78,Active
4822,PROD-004822,461,Atlas Product 4822,Raw Materials,Standard,Kg,17.49,38.1,Active
4823,PROD-004823,583,Atlas Product 4823,Raw Materials,Premium,Meter,431.34,1069.63,Active
4824,PROD-004824,753,Atlas Product 4824,Industrial Equipment,Standard,Kg,475.12,1041.17,Inactive
4825,PROD-004825,616,Atlas Product 4825,Electronics,Specialty,Liter,55.09,68.95,Active
4826,PROD-004826,941,Atlas Product 4826,Packaging,Standard,Liter,211.94,383.63,Active
4827,PROD-004827,596,Atlas Product 4827,Components,Specialty,Liter,157.0,338.5,Active
4828,PROD-004828,449,Atlas Product 4828,Industrial Equipment,Specialty,Liter,295.33,704.32,Active
4829,PROD-004829,709,Atlas Product 4829,Industrial Equipment,Specialty,Each,109.31,159.65,Active
4830,PROD-004830,579,Atlas Product 4830,Electronics,Premium,Kg,204.19,279.79,Active
4831,PROD-004831,451,Atlas Product 4831,Raw Materials,Specialty,Liter,488.7,842.25,Active
4832,PROD-004832,352,Atlas Product 4832,Raw Materials,Standard,Meter,84.15,176.27,Inactive
4833,PROD-004833,993,Atlas Product 4833,Packaging,Specialty,Meter,497.1,1010.25,Active
4834,PROD-004834,181,Atlas Product 4834,Electronics,Premium,Each,70.62,108.86,Inactive
4835,PROD-004835,748,Atlas Product 4835,Components,Specialty,Liter,407.83,712.59,Active
4836,PROD-004836,98,Atlas Product 4836,Components,Standard,Each,279.96,596.17,Inactive
4837,PROD-004837,99,Atlas Product 4837,Raw Materials,Standard,Each,172.84,342.15,Active
4838,PROD-004838,765,Atlas Product 4838,Raw Materials,Specialty,Each,363.24,803.63,Active
4839,PROD-004839,687,Atlas Product 4839,Raw Materials,Premium,Liter,269.43,375.16,Active
4840,PROD-004840,845,Atlas Product 4840,Raw Materials,Specialty,Meter,369.55,917.53,Active
4841,PROD-004841,387,Atlas Product 4841,Components,Premium,Each,318.33,632.31,Active
4842,PROD-004842,833,Atlas Product 4842,Industrial Equipment,Specialty,Each,161.74,202.24,Inactive
4843,PROD-004843,72,Atlas Product 4843,Raw Materials,Specialty,Kg,64.91,139.28,Active
4844,PROD-004844,814,Atlas Product 4844,Components,Premium,Liter,41.02,54.11,Active
4845,PROD-004845,912,Atlas Product 4845,Packaging,Standard,Kg,309.34,463.65,Active
4846,PROD-004846,291,Atlas Product 4846,Components,Specialty,Liter,337.67,693.13,Active
4847,PROD-004847,106,Atlas Product 4847,Electronics,Standard,Each,10.52,17.36,Active
4848,PROD-004848,929,Atlas Product 4848,Industrial Equipment,Standard,Meter,171.28,397.61,Active
4849,PROD-004849,130,Atlas Product 4849,Components,Premium,Kg,101.87,240.44,Active
4850,PROD-004850,549,Atlas Product 4850,Components,Premium,Liter,78.3,165.57,Active
4851,PROD-004851,838,Atlas Product 4851,Raw Materials,Specialty,Liter,21.39,51.05,Inactive
4852,PROD-004852,640,Atlas Product 4852,Electronics,Specialty,Kg,183.89,240.58,Active
4853,PROD-004853,554,Atlas Product 4853,Electronics,Premium,Each,286.06,504.49,Active
4854,PROD-004854,717,Atlas Product 4854,Components,Premium,Kg,207.4,385.13,Active
4855,PROD-004855,477,Atlas Product 4855,Raw Materials,Standard,Liter,44.6,74.4,Active
4856,PROD-004856,32,Atlas Product 4856,Components,Standard,Liter,255.08,412.98,Active
4857,PROD-004857,29,Atlas Product 4857,Raw Materials,Premium,Liter,334.96,532.32,Active
4858,PROD-004858,266,Atlas Product 4858,Raw Materials,Premium,Each,221.93,442.02,Active
4859,PROD-004859,898,Atlas Product 4859,Electronics,Standard,Meter,11.49,21.04,Inactive
4860,PROD-004860,270,Atlas Product 4860,Industrial Equipment,Specialty,Each,306.76,690.95,Active
4861,PROD-004861,258,Atlas Product 4861,Raw Materials,Standard,Kg,397.77,730.53,Active
4862,PROD-004862,586,Atlas Product 4862,Industrial Equipment,Standard,Meter,194.43,280.92,Active
4863,PROD-004863,761,Atlas Product 4863,Packaging,Specialty,Each,242.11,529.83,Active
4864,PROD-004864,576,Atlas Product 4864,Raw Materials,Specialty,Meter,475.76,634.94,Active
4865,PROD-004865,678,Atlas Product 4865,Packaging,Specialty,Liter,468.26,872.49,Active
4866,PROD-004866,774,Atlas Product 4866,Packaging,Specialty,Kg,109.18,172.85,Active
4867,PROD-004867,717,Atlas Product 4867,Electronics,Standard,Meter,242.0,494.5,Active
4868,PROD-004868,635,Atlas Product 4868,Industrial Equipment,Standard,Meter,359.98,710.92,Active
4869,PROD-004869,709,Atlas Product 4869,Raw Materials,Standard,Meter,147.17,236.8,Active
4870,PROD-004870,681,Atlas Product 4870,Industrial Equipment,Specialty,Liter,246.73,541.68,Active
4871,PROD-004871,754,Atlas Product 4871,Industrial Equipment,Standard,Kg,190.29,312.57,Active
4872,PROD-004872,5,Atlas Product 4872,Packaging,Premium,Liter,125.67,268.59,Active
4873,PROD-004873,800,Atlas Product 4873,Industrial Equipment,Premium,Liter,274.6,371.9,Active
4874,PROD-004874,328,Atlas Product 4874,Electronics,Standard,Liter,92.03,209.97,Active
4875,PROD-004875,675,Atlas Product 4875,Electronics,Specialty,Meter,427.9,1023.63,Active
4876,PROD-004876,94,Atlas Product 4876,Industrial Equipment,Standard,Meter,365.37,466.44,Active
4877,PROD-004877,619,Atlas Product 4877,Components,Standard,Liter,110.36,268.03,Inactive
4878,PROD-004878,959,Atlas Product 4878,Raw Materials,Standard,Kg,155.13,251.9,Active
4879,PROD-004879,15,Atlas Product 4879,Industrial Equipment,Specialty,Liter,463.53,829.82,Active
4880,PROD-004880,148,Atlas Product 4880,Components,Premium,Kg,395.4,742.3,Inactive
4881,PROD-004881,804,Atlas Product 4881,Raw Materials,Standard,Liter,332.35,751.98,Active
4882,PROD-004882,88,Atlas Product 4882,Components,Standard,Meter,369.46,596.1,Active
4883,PROD-004883,269,Atlas Product 4883,Raw Materials,Specialty,Meter,356.62,691.21,Active
4884,PROD-004884,853,Atlas Product 4884,Packaging,Specialty,Kg,46.52,67.77,Active
4885,PROD-004885,886,Atlas Product 4885,Packaging,Specialty,Meter,58.27,126.26,Active
4886,PROD-004886,79,Atlas Product 4886,Industrial Equipment,Standard,Meter,194.0,405.18,Active
4887,PROD-004887,659,Atlas Product 4887,Components,Specialty,Kg,393.92,733.12,Active
4888,PROD-004888,913,Atlas Product 4888,Components,Standard,Kg,108.99,268.81,Active
4889,PROD-004889,473,Atlas Product 4889,Raw Materials,Standard,Each,311.18,531.48,Active
4890,PROD-004890,841,Atlas Product 4890,Components,Specialty,Meter,268.89,352.94,Active
4891,PROD-004891,52,Atlas Product 4891,Electronics,Specialty,Liter,496.51,1170.25,Active
4892,PROD-004892,104,Atlas Product 4892,Components,Specialty,Meter,320.06,632.14,Active
4893,PROD-004893,745,Atlas Product 4893,Components,Premium,Each,146.4,347.91,Active
4894,PROD-004894,285,Atlas Product 4894,Packaging,Standard,Meter,268.93,634.92,Active
4895,PROD-004895,621,Atlas Product 4895,Components,Specialty,Kg,421.11,948.66,Active
4896,PROD-004896,495,Atlas Product 4896,Industrial Equipment,Standard,Liter,131.58,177.2,Active
4897,PROD-004897,104,Atlas Product 4897,Components,Standard,Meter,186.56,427.89,Active
4898,PROD-004898,113,Atlas Product 4898,Industrial Equipment,Specialty,Meter,388.77,971.56,Active
4899,PROD-004899,921,Atlas Product 4899,Industrial Equipment,Premium,Kg,282.07,575.94,Active
4900,PROD-004900,61,Atlas Product 4900,Packaging,Premium,Kg,128.26,320.32,Inactive
4901,PROD-004901,310,Atlas Product 4901,Industrial Equipment,Standard,Each,284.82,549.69,Active
4902,PROD-004902,713,Atlas Product 4902,Electronics,Premium,Liter,140.1,182.27,Active
4903,PROD-004903,61,Atlas Product 4903,Electronics,Standard,Each,16.12,28.34,Inactive
4904,PROD-004904,645,Atlas Product 4904,Electronics,Premium,Liter,120.86,191.86,Inactive
4905,PROD-004905,737,Atlas Product 4905,Industrial Equipment,Standard,Meter,199.85,269.34,Active
4906,PROD-004906,339,Atlas Product 4906,Packaging,Specialty,Meter,307.4,525.57,Inactive
4907,PROD-004907,96,Atlas Product 4907,Components,Premium,Meter,67.4,94.27,Active
4908,PROD-004908,318,Atlas Product 4908,Raw Materials,Standard,Liter,225.63,436.32,Active
4909,PROD-004909,90,Atlas Product 4909,Components,Standard,Meter,254.38,535.05,Active
4910,PROD-004910,303,Atlas Product 4910,Industrial Equipment,Premium,Meter,435.87,574.28,Active
4911,PROD-004911,387,Atlas Product 4911,Components,Standard,Each,200.43,384.5,Active
4912,PROD-004912,212,Atlas Product 4912,Packaging,Premium,Liter,49.44,105.63,Active
4913,PROD-004913,594,Atlas Product 4913,Industrial Equipment,Premium,Meter,452.66,654.82,Active
4914,PROD-004914,725,Atlas Product 4914,Raw Materials,Premium,Each,228.15,556.17,Active
4915,PROD-004915,367,Atlas Product 4915,Components,Specialty,Each,122.52,296.18,Active
4916,PROD-004916,79,Atlas Product 4916,Industrial Equipment,Specialty,Kg,57.89,133.61,Active
4917,PROD-004917,240,Atlas Product 4917,Components,Standard,Kg,81.75,171.87,Active
4918,PROD-004918,77,Atlas Product 4918,Electronics,Standard,Each,461.66,769.27,Active
4919,PROD-004919,144,Atlas Product 4919,Components,Specialty,Kg,420.27,747.31,Active
4920,PROD-004920,484,Atlas Product 4920,Packaging,Standard,Each,193.6,457.33,Inactive
4921,PROD-004921,10,Atlas Product 4921,Packaging,Specialty,Liter,419.37,749.85,Active
4922,PROD-004922,368,Atlas Product 4922,Components,Premium,Liter,344.86,576.21,Active
4923,PROD-004923,359,Atlas Product 4923,Industrial Equipment,Specialty,Meter,59.72,113.56,Active
4924,PROD-004924,619,Atlas Product 4924,Components,Specialty,Liter,93.43,176.78,Active
4925,PROD-004925,587,Atlas Product 4925,Raw Materials,Standard,Meter,324.98,727.34,Active
4926,PROD-004926,276,Atlas Product 4926,Industrial Equipment,Specialty,Kg,241.31,418.81,Active
4927,PROD-004927,474,Atlas Product 4927,Industrial Equipment,Premium,Meter,386.21,634.14,Active
4928,PROD-004928,747,Atlas Product 4928,Electronics,Premium,Liter,471.48,861.63,Inactive
4929,PROD-004929,217,Atlas Product 4929,Electronics,Specialty,Meter,254.01,575.01,Active
4930,PROD-004930,646,Atlas Product 4930,Packaging,Standard,Each,64.07,153.54,Active
4931,PROD-004931,481,Atlas Product 4931,Electronics,Standard,Meter,372.52,662.54,Active
4932,PROD-004932,956,Atlas Product 4932,Components,Premium,Each,361.23,682.38,Active
4933,PROD-004933,21,Atlas Product 4933,Industrial Equipment,Standard,Meter,325.74,725.48,Active
4934,PROD-004934,826,Atlas Product 4934,Packaging,Standard,Liter,82.02,134.0,Active
4935,PROD-004935,746,Atlas Product 4935,Electronics,Premium,Liter,442.53,663.53,Inactive
4936,PROD-004936,25,Atlas Product 4936,Industrial Equipment,Premium,Kg,450.24,972.71,Active
4937,PROD-004937,972,Atlas Product 4937,Packaging,Standard,Each,51.76,92.68,Active
4938,PROD-004938,14,Atlas Product 4938,Raw Materials,Premium,Kg,414.97,668.68,Active
4939,PROD-004939,887,Atlas Product 4939,Raw Materials,Premium,Each,452.8,704.31,Active
4940,PROD-004940,116,Atlas Product 4940,Components,Standard,Kg,461.58,878.05,Active
4941,PROD-004941,205,Atlas Product 4941,Packaging,Standard,Liter,138.31,245.27,Active
4942,PROD-004942,136,Atlas Product 4942,Electronics,Standard,Each,428.98,1064.39,Active
4943,PROD-004943,280,Atlas Product 4943,Electronics,Specialty,Meter,225.19,519.5,Active
4944,PROD-004944,506,Atlas Product 4944,Electronics,Premium,Liter,101.89,239.25,Inactive
4945,PROD-004945,482,Atlas Product 4945,Raw Materials,Specialty,Each,142.09,344.65,Active
4946,PROD-004946,208,Atlas Product 4946,Packaging,Premium,Liter,383.25,487.21,Active
4947,PROD-004947,246,Atlas Product 4947,Electronics,Premium,Meter,337.12,615.19,Inactive
4948,PROD-004948,676,Atlas Product 4948,Industrial Equipment,Premium,Liter,313.77,450.02,Inactive
4949,PROD-004949,839,Atlas Product 4949,Electronics,Specialty,Each,354.08,754.83,Active
4950,PROD-004950,897,Atlas Product 4950,Electronics,Standard,Each,416.46,929.35,Active
4951,PROD-004951,363,Atlas Product 4951,Industrial Equipment,Premium,Kg,105.7,145.44,Active
4952,PROD-004952,371,Atlas Product 4952,Electronics,Specialty,Liter,159.07,302.38,Active
4953,PROD-004953,248,Atlas Product 4953,Raw Materials,Standard,Liter,237.78,493.44,Active
4954,PROD-004954,117,Atlas Product 4954,Packaging,Specialty,Liter,268.59,517.26,Active
4955,PROD-004955,269,Atlas Product 4955,Electronics,Standard,Kg,380.86,499.85,Active
4956,PROD-004956,168,Atlas Product 4956,Electronics,Standard,Liter,395.31,666.53,Active
4957,PROD-004957,995,Atlas Product 4957,Components,Specialty,Meter,192.31,420.92,Active
4958,PROD-004958,909,Atlas Product 4958,Packaging,Standard,Kg,314.5,475.85,Active
4959,PROD-004959,689,Atlas Product 4959,Packaging,Specialty,Liter,188.33,280.48,Active
4960,PROD-004960,729,Atlas Product 4960,Components,Standard,Each,192.07,374.44,Inactive
4961,PROD-004961,810,Atlas Product 4961,Industrial Equipment,Premium,Meter,83.02,189.72,Inactive
4962,PROD-004962,458,Atlas Product 4962,Industrial Equipment,Specialty,Each,338.55,736.21,Active
4963,PROD-004963,211,Atlas Product 4963,Packaging,Standard,Liter,43.78,92.08,Active
4964,PROD-004964,641,Atlas Product 4964,Packaging,Premium,Liter,176.46,410.35,Inactive
4965,PROD-004965,125,Atlas Product 4965,Industrial Equipment,Premium,Kg,496.22,998.56,Active
4966,PROD-004966,593,Atlas Product 4966,Components,Specialty,Liter,396.24,712.67,Active
4967,PROD-004967,580,Atlas Product 4967,Electronics,Premium,Each,162.12,327.65,Active
4968,PROD-004968,311,Atlas Product 4968,Industrial Equipment,Standard,Each,142.42,291.31,Active
4969,PROD-004969,220,Atlas Product 4969,Electronics,Premium,Kg,419.65,862.52,Inactive
4970,PROD-004970,113,Atlas Product 4970,Components,Premium,Kg,252.54,599.71,Active
4971,PROD-004971,245,Atlas Product 4971,Raw Materials,Premium,Meter,107.06,264.63,Active
4972,PROD-004972,279,Atlas Product 4972,Components,Standard,Liter,305.96,603.19,Active
4973,PROD-004973,913,Atlas Product 4973,Industrial Equipment,Specialty,Meter,125.62,258.88,Active
4974,PROD-004974,604,Atlas Product 4974,Packaging,Standard,Each,158.07,238.76,Active
4975,PROD-004975,299,Atlas Product 4975,Packaging,Standard,Meter,247.63,548.07,Active
4976,PROD-004976,532,Atlas Product 4976,Industrial Equipment,Specialty,Each,233.48,333.77,Active
4977,PROD-004977,213,Atlas Product 4977,Electronics,Standard,Meter,476.79,892.17,Inactive
4978,PROD-004978,562,Atlas Product 4978,Electronics,Specialty,Each,341.08,488.58,Active
4979,PROD-004979,638,Atlas Product 4979,Components,Standard,Each,121.02,234.3,Active
4980,PROD-004980,137,Atlas Product 4980,Packaging,Premium,Liter,485.09,932.16,Active
4981,PROD-004981,844,Atlas Product 4981,Components,Standard,Kg,117.06,223.91,Active
4982,PROD-004982,277,Atlas Product 4982,Industrial Equipment,Premium,Each,149.97,226.52,Active
4983,PROD-004983,311,Atlas Product 4983,Electronics,Premium,Liter,293.99,567.04,Active
4984,PROD-004984,400,Atlas Product 4984,Raw Materials,Premium,Meter,471.05,1048.21,Active
4985,PROD-004985,101,Atlas Product 4985,Industrial Equipment,Standard,Each,462.3,730.13,Active
4986,PROD-004986,78,Atlas Product 4986,Industrial Equipment,Standard,Kg,73.37,138.52,Active
4987,PROD-004987,803,Atlas Product 4987,Components,Specialty,Meter,436.29,921.94,Active
4988,PROD-004988,966,Atlas Product 4988,Components,Premium,Each,37.86,84.82,Active
4989,PROD-004989,418,Atlas Product 4989,Components,Specialty,Kg,373.93,765.03,Inactive
4990,PROD-004990,125,Atlas Product 4990,Components,Premium,Meter,70.21,156.08,Active
4991,PROD-004991,676,Atlas Product 4991,Packaging,Specialty,Each,311.85,496.99,Active
4992,PROD-004992,138,Atlas Product 4992,Raw Materials,Specialty,Meter,462.65,754.57,Active
4993,PROD-004993,819,Atlas Product 4993,Packaging,Standard,Each,456.85,770.04,Active
4994,PROD-004994,644,Atlas Product 4994,Packaging,Premium,Each,333.42,786.97,Active
4995,PROD-004995,981,Atlas Product 4995,Electronics,Standard,Kg,102.73,216.17,Active
4996,PROD-004996,565,Atlas Product 4996,Industrial Equipment,Specialty,Kg,155.22,376.96,Active
4997,PROD-004997,195,Atlas Product 4997,Raw Materials,Standard,Kg,335.46,572.35,Active
4998,PROD-004998,528,Atlas Product 4998,Packaging,Standard,Liter,435.19,776.11,Active
4999,PROD-004999,837,Atlas Product 4999,Electronics,Specialty,Liter,26.52,54.75,Active
5000,PROD-005000,488,Atlas Product 5000,Electronics,Premium,Each,74.33,181.87,Active
