product_id,supplier_id,product_name,category,unit_cost,unit_price,status
PROD-0000001,SUP-000940,Raw Materials Product 00001,Raw Materials,69.51,105.53,Active
PROD-0000002,SUP-000526,Raw Materials Product 00002,Raw Materials,30.39,50.33,Active
PROD-0000003,SUP-000869,Finished Goods Product 00003,Finished Goods,8.35,17.49,Active
PROD-0000004,SUP-000562,Finished Goods Product 00004,Finished Goods,38.39,74.3,Inactive
PROD-0000005,SUP-000823,Packaging Product 00005,Packaging,17.34,23.05,Active
PROD-0000006,SUP-000563,Industrial Parts Product 00006,Industrial Parts,96.58,238.82,Active
PROD-0000007,SUP-000855,Finished Goods Product 00007,Finished Goods,8.2,17.08,Active
PROD-0000008,SUP-000874,Finished Goods Product 00008,Finished Goods,32.58,62.22,Active
PROD-0000009,SUP-000880,Finished Goods Product 00009,Finished Goods,9.82,12.75,Active
PROD-0000010,SUP-000257,Industrial Parts Product 00010,Industrial Parts,35.66,84.35,Active
PROD-0000011,SUP-000377,Components Product 00011,Components,13.62,28.82,Active
PROD-0000012,SUP-000425,Industrial Parts Product 00012,Industrial Parts,29.33,65.65,Active
PROD-0000013,SUP-000595,Raw Materials Product 00013,Raw Materials,21.1,31.51,Active
PROD-0000014,SUP-000188,Components Product 00014,Components,21.26,29.42,Active
PROD-0000015,SUP-000213,Raw Materials Product 00015,Raw Materials,36.67,82.38,Active
PROD-0000016,SUP-000768,Components Product 00016,Components,59.77,91.34,Active
PROD-0000017,SUP-000172,Components Product 00017,Components,36.66,55.54,Active
PROD-0000018,SUP-000170,Industrial Parts Product 00018,Industrial Parts,29.61,57.52,Active
PROD-0000019,SUP-000828,Finished Goods Product 00019,Finished Goods,86.52,174.08,Active
PROD-0000020,SUP-000087,Components Product 00020,Components,16.95,33.68,Active
PROD-0000021,SUP-000452,Components Product 00021,Components,51.91,120.01,Active
PROD-0000022,SUP-000437,Finished Goods Product 00022,Finished Goods,25.71,58.44,Active
PROD-0000023,SUP-000818,Packaging Product 00023,Packaging,193.56,483.44,Active
PROD-0000024,SUP-000462,Components Product 00024,Components,17.28,34.77,Inactive
PROD-0000025,SUP-000931,Finished Goods Product 00025,Finished Goods,14.57,26.75,Active
PROD-0000026,SUP-000408,Finished Goods Product 00026,Finished Goods,30.23,45.65,Active
PROD-0000028,SUP-000382,Industrial Parts Product 00028,Industrial Parts,38.13,68.02,Active
PROD-0000029,SUP-000020,Components Product 00029,Components,33.48,41.29,Active
PROD-0000030,SUP-000118,Industrial Parts Product 00030,Industrial Parts,30.71,41.17,Active
PROD-0000031,SUP-000851,Raw Materials Product 00031,Raw Materials,97.05,167.29,Active
PROD-0000032,SUP-000049,Components Product 00032,Components,96.87,212.43,Active
PROD-0000033,SUP-000088,Raw Materials Product 00033,Raw Materials,34.04,61.34,Active
PROD-0000034,SUP-000770,Finished Goods Product 00034,Finished Goods,30.48,41.33,Inactive
PROD-0000035,SUP-000804,Components Product 00035,Components,36.77,85.66,Active
PROD-0000036,SUP-000853,Industrial Parts Product 00036,Industrial Parts,47.77,110.43,Active
PROD-0000037,SUP-000128,Finished Goods Product 00037,Finished Goods,8.74,19.32,Active
PROD-0000038,SUP-000225,Finished Goods Product 00038,Finished Goods,99.49,216.1,Active
PROD-0000039,SUP-000511,Finished Goods Product 00039,Finished Goods,68.38,163.97,Active
PROD-0000040,SUP-000214,Packaging Product 00040,Packaging,25.61,51.14,Active
PROD-0000041,SUP-000235,Raw Materials Product 00041,Raw Materials,18.54,31.76,Active
PROD-0000042,SUP-000692,Finished Goods Product 00042,Finished Goods,12.21,29.16,Active
PROD-0000043,SUP-000854,Raw Materials Product 00043,Raw Materials,51.34,83.01,Active
PROD-0000044,SUP-000326,Industrial Parts Product 00044,Industrial Parts,147.5,252.98,Active
PROD-0000045,SUP-000711,Packaging Product 00045,Packaging,4.29,9.29,Active
PROD-0000046,SUP-000357,Finished Goods Product 00046,Finished Goods,31.44,65.65,Active
PROD-0000047,SUP-000308,Industrial Parts Product 00047,Industrial Parts,8.25,10.91,Active
PROD-0000048,SUP-000171,Raw Materials Product 00048,Raw Materials,22.73,37.35,Active
PROD-0000049,SUP-000081,Packaging Product 00049,Packaging,23.26,51.71,Active
PROD-0000050,SUP-000658,Raw Materials Product 00050,Raw Materials,100.16,190.87,Active
PROD-0000051,SUP-000023,Finished Goods Product 00051,Finished Goods,38.02,57.01,Active
PROD-0000052,SUP-000988,Components Product 00052,Components,61.46,129.7,Active
PROD-0000053,SUP-000442,Industrial Parts Product 00053,Industrial Parts,21.58,27.31,Active
PROD-0000054,SUP-000052,Raw Materials Product 00054,Raw Materials,40.56,80.11,Active
PROD-0000055,SUP-000518,Industrial Parts Product 00055,Industrial Parts,38.27,66.63,Active
PROD-0000056,SUP-000737,Raw Materials Product 00056,Raw Materials,160.97,355.33,Active
PROD-0000057,SUP-000896,Industrial Parts Product 00057,Industrial Parts,29.77,70.42,Active
PROD-0000058,SUP-000030,Finished Goods Product 00058,Finished Goods,39.77,71.07,Active
PROD-0000059,SUP-000200,Industrial Parts Product 00059,Industrial Parts,83.01,102.36,Active
PROD-0000060,SUP-000545,Components Product 00060,Components,18.93,32.55,Active
PROD-0000061,SUP-000415,Packaging Product 00061,Packaging,9.72,60.46,Active
PROD-0000062,SUP-000133,Finished Goods Product 00062,Finished Goods,23.86,37.78,Active
PROD-0000063,SUP-000344,Components Product 00063,Components,55.03,128.76,Active
PROD-0000064,SUP-000731,Components Product 00064,Components,25.21,46.01,Active
PROD-0000065,SUP-000675,Components Product 00065,Components,37.28,59.67,Active
PROD-0000066,SUP-000913,Components Product 00066,Components,21.36,36.51,Active
PROD-0000067,SUP-000326,Components Product 00067,Components,29.18,39.84,Active
PROD-0000068,SUP-000618,Raw Materials Product 00068,Raw Materials,33.14,33.14,Active
PROD-0000069,SUP-000442,Industrial Parts Product 00069,Industrial Parts,57.89,77.09,Active
PROD-0000070,SUP-000863,Raw Materials Product 00070,Raw Materials,56.71,97.38,Active
PROD-0000071,SUP-000152,Industrial Parts Product 00071,Industrial Parts,116.47,242.74,Active
PROD-0000072,SUP-000658,Components Product 00072,Components,14.01,60.46,Active
PROD-0000073,SUP-000189,Industrial Parts Product 00073,Industrial Parts,163.18,288.6,Active
PROD-0000074,SUP-000265,Raw Materials Product 00074,Raw Materials,23.45,51.26,Active
PROD-0000075,SUP-000504,Industrial Parts Product 00075,Industrial Parts,6.51,9.06,Active
PROD-0000076,SUP-000874,Industrial Parts Product 00076,Industrial Parts,81.6,190.87,Active
PROD-0000077,SUP-000917,Industrial Parts Product 00077,Industrial Parts,82.14,189.31,Active
PROD-0000078,SUP-000410,Components Product 00078,Components,22.65,60.46,Active
PROD-0000079,SUP-000504,Industrial Parts Product 00079,Industrial Parts,14.01,33.53,Active
PROD-0000080,SUP-000274,Components Product 00080,Components,3.7,8.45,Active
PROD-0000081,SUP-000721,Packaging Product 00081,Packaging,10.77,20.93,Active
PROD-0000082,SUP-000538,Finished Goods Product 00082,Finished Goods,16.41,23.02,Inactive
PROD-0000083,SUP-000989,Components Product 00083,Components,59.06,142.73,Active
PROD-0000084,SUP-000812,Finished Goods Product 00084,Finished Goods,41.63,53.26,Active
PROD-0000085,SUP-000758,Components Product 00085,Components,37.31,62.23,Active
PROD-0000086,SUP-000987,Components Product 00086,Components,22.73,55.06,Active
PROD-0000087,SUP-000151,Industrial Parts Product 00087,Industrial Parts,31.84,72.4,Active
PROD-0000088,SUP-000308,Raw Materials Product 00088,Raw Materials,57.6,105.21,Active
PROD-0000089,SUP-000142,Finished Goods Product 00089,Finished Goods,51.62,75.58,Inactive
PROD-0000090,SUP-000518,Packaging Product 00090,Packaging,41.62,89.02,Active
PROD-0000091,SUP-000546,Industrial Parts Product 00091,Industrial Parts,73.58,174.25,Inactive
PROD-0000092,SUP-000997,Raw Materials Product 00092,Raw Materials,12.33,20.68,Active
PROD-0000093,SUP-000024,Components Product 00093,Components,13.68,29.62,Active
PROD-0000094,SUP-000512,Finished Goods Product 00094,Finished Goods,63.12,77.15,Active
PROD-0000095,SUP-000319,Packaging Product 00095,Packaging,21.76,38.2,Active
PROD-0000096,SUP-000026,Finished Goods Product 00096,Finished Goods,25.91,51.26,Active
PROD-0000097,SUP-000914,Raw Materials Product 00097,Raw Materials,17.85,28.94,Active
PROD-0000098,SUP-000680,Components Product 00098,Components,20.71,34.74,Active
PROD-0000099,SUP-000501,Components Product 00099,Components,19.26,35.95,Active
PROD-0000100,SUP-000739,Industrial Parts Product 00100,Industrial Parts,114.94,262.53,Active
PROD-0000101,SUP-000333,Finished Goods Product 00101,Finished Goods,33.14,82.21,Active
PROD-0000102,SUP-000841,Industrial Parts Product 00102,Industrial Parts,43.11,68.89,Active
PROD-0000103,SUP-000583,Finished Goods Product 00103,Finished Goods,9.74,18.87,Active
PROD-0000104,SUP-000854,Packaging Product 00104,Packaging,16.94,41.9,Active
PROD-0000105,SUP-000817,Finished Goods Product 00105,Finished Goods,17.1,37.64,Active
PROD-0000106,SUP-000536,Industrial Parts Product 00106,Industrial Parts,45.69,59.65,Active
PROD-0000107,SUP-000200,Finished Goods Product 00107,Finished Goods,17.62,24.28,Active
PROD-0000108,SUP-000763,Industrial Parts Product 00108,Industrial Parts,48.08,99.51,Active
PROD-0000109,SUP-000120,Raw Materials Product 00109,Raw Materials,8.49,10.44,Active
PROD-0000110,SUP-000237,Components Product 00110,Components,14.15,26.62,Active
PROD-0000111,SUP-000462,Finished Goods Product 00111,Finished Goods,9.46,19.07,Active
PROD-0000112,SUP-000008,Components Product 00112,Components,31.17,44.48,Active
PROD-0000113,SUP-000332,Components Product 00113,Components,13.68,34.15,Active
PROD-0000114,SUP-000135,Raw Materials Product 00114,Raw Materials,27.21,65.45,Active
PROD-0000115,SUP-000027,Components Product 00115,Components,9.91,18.37,Active
PROD-0000116,SUP-000916,Finished Goods Product 00116,Finished Goods,9.01,20.55,Active
PROD-0000117,SUP-000082,Finished Goods Product 00117,Finished Goods,17.91,36.95,Inactive
PROD-0000118,SUP-000846,Packaging Product 00118,Packaging,112.67,185.66,Active
PROD-0000119,SUP-000274,Packaging Product 00119,Packaging,9.76,14.43,Active
PROD-0000120,SUP-000091,Industrial Parts Product 00120,Industrial Parts,26.16,33.72,Active
PROD-0000121,SUP-000802,Finished Goods Product 00121,Finished Goods,44.6,91.82,Active
PROD-0000122,SUP-000475,Finished Goods Product 00122,Finished Goods,36.15,72.95,Active
PROD-0000123,SUP-000121,Raw Materials Product 00123,Raw Materials,16.5,37.73,Active
PROD-0000125,SUP-000599,Raw Materials Product 00125,Raw Materials,32.5,60.15,Active
PROD-0000126,SUP-000038,Packaging Product 00126,Packaging,76.7,169.48,Active
PROD-0000127,SUP-000829,Packaging Product 00127,Packaging,22.81,34.08,Active
PROD-0000128,SUP-000841,Raw Materials Product 00128,Raw Materials,41.48,99.13,Active
PROD-0000129,SUP-000412,Components Product 00129,Components,30.93,45.29,Active
PROD-0000130,SUP-000751,Industrial Parts Product 00130,Industrial Parts,111.93,257.94,Active
PROD-0000131,SUP-000616,Raw Materials Product 00131,Raw Materials,13.47,29.41,Active
PROD-0000132,SUP-000440,Components Product 00132,Components,75.23,104.7,Active
PROD-0000133,SUP-000609,Components Product 00133,Components,13.5,28.89,Active
PROD-0000134,SUP-000689,Industrial Parts Product 00134,Industrial Parts,33.14,33.14,Active
PROD-0000135,SUP-000482,Industrial Parts Product 00135,Industrial Parts,75.82,151.32,Active
PROD-0000136,SUP-000765,Raw Materials Product 00136,Raw Materials,65.33,116.55,Active
PROD-0000137,SUP-000714,Raw Materials Product 00137,Raw Materials,33.14,33.14,Active
PROD-0000138,SUP-000649,Industrial Parts Product 00138,Industrial Parts,32.9,78.07,Active
PROD-0000139,SUP-000254,Components Product 00139,Components,76.87,129.18,Active
PROD-0000140,SUP-000186,Components Product 00140,Components,50.71,122.95,Active
PROD-0000141,SUP-000123,Components Product 00141,Components,12.67,29.17,Active
PROD-0000142,SUP-000524,Finished Goods Product 00142,Finished Goods,26.31,58.31,Active
PROD-0000143,SUP-000912,Components Product 00143,Components,46.81,63.39,Active
PROD-0000144,SUP-000069,Finished Goods Product 00144,Finished Goods,26.54,47.58,Active
PROD-0000145,SUP-000602,Raw Materials Product 00145,Raw Materials,12.67,28.45,Active
PROD-0000146,SUP-000647,Components Product 00146,Components,35.88,63.02,Active
PROD-0000147,SUP-000223,Raw Materials Product 00147,Raw Materials,157.43,363.94,Active
PROD-0000148,SUP-000718,Raw Materials Product 00148,Raw Materials,34.39,81.72,Active
PROD-0000149,SUP-000334,Components Product 00149,Components,8.23,60.46,Active
PROD-0000150,SUP-000338,Finished Goods Product 00150,Finished Goods,11.74,5967.0,Active
PROD-0000151,SUP-000232,Raw Materials Product 00151,Raw Materials,70.27,126.83,Active
PROD-0000152,SUP-000268,Industrial Parts Product 00152,Industrial Parts,46.81,71.68,Active
PROD-0000153,SUP-000055,Packaging Product 00153,Packaging,44.09,83.09,Active
PROD-0000154,SUP-000586,Finished Goods Product 00154,Finished Goods,49.22,91.18,Active
PROD-0000155,SUP-000069,Raw Materials Product 00155,Raw Materials,122.89,273.5,Active
PROD-0000156,SUP-000818,Finished Goods Product 00156,Finished Goods,53.93,68.09,Active
PROD-0000157,SUP-000582,Packaging Product 00157,Packaging,26.28,31.93,Active
PROD-0000158,SUP-000581,Components Product 00011,Components,27.72,60.73,Active
PROD-0000159,SUP-000192,Raw Materials Product 00159,Raw Materials,45.66,108.69,Active
PROD-0000160,SUP-000170,Industrial Parts Product 00160,Industrial Parts,6.35,9.49,Inactive
PROD-0000161,SUP-000262,Components Product 00161,Components,170.67,281.15,Active
PROD-0000162,SUP-000378,Finished Goods Product 00162,Finished Goods,25.8,56.67,Active
PROD-0000163,SUP-000323,Finished Goods Product 00163,Finished Goods,14.04,26.13,Active
PROD-0000164,SUP-000140,Components Product 00164,Components,31.99,63.73,Active
PROD-0000165,SUP-000728,Components Product 00165,Components,20.55,25.42,Active
PROD-0000166,SUP-000055,Raw Materials Product 00166,Raw Materials,161.9,378.26,Active
PROD-0000167,SUP-000943,Raw Materials Product 00167,Raw Materials,34.0,47.83,Active
PROD-0000168,SUP-000116,Finished Goods Product 00168,Finished Goods,42.21,91.07,Active
PROD-0000169,SUP-000108,Raw Materials Product 00169,Raw Materials,59.45,76.37,Active
PROD-0000170,SUP-000899,Components Product 00170,Components,20.59,51.35,Active
PROD-0000171,SUP-000352,Industrial Parts Product 00171,Industrial Parts,30.83,73.19,Active
PROD-0000172,SUP-000507,Raw Materials Product 00172,Raw Materials,41.27,97.42,Inactive
PROD-0000173,SUP-000202,Raw Materials Product 00173,Raw Materials,51.34,63.44,Active
PROD-0000174,SUP-000308,Raw Materials Product 00174,Raw Materials,13.11,20.07,Active
PROD-0000175,SUP-000281,Components Product 00175,Components,18.01,44.75,Active
PROD-0000176,SUP-000317,Industrial Parts Product 00176,Industrial Parts,3.38,6.82,Active
PROD-0000178,SUP-000106,Industrial Parts Product 00178,Industrial Parts,38.2,73.49,Active
PROD-0000179,SUP-000166,Finished Goods Product 00179,Finished Goods,74.07,178.33,Active
PROD-0000180,SUP-000493,Finished Goods Product 00180,Finished Goods,55.93,134.51,Active
PROD-0000181,SUP-000945,Finished Goods Product 00181,Finished Goods,17.31,25.55,Active
PROD-0000182,SUP-000917,Components Product 00182,Components,23.61,41.05,Active
PROD-0000183,SUP-000491,Industrial Parts Product 00183,Industrial Parts,65.41,104.11,Active
PROD-0000185,SUP-000584,Packaging Product 00185,Packaging,27.14,65.78,Active
PROD-0000186,SUP-000500,Finished Goods Product 00186,Finished Goods,93.98,196.11,Active
PROD-0000187,SUP-000844,Industrial Parts Product 00187,Industrial Parts,61.75,132.44,Active
PROD-0000188,SUP-000026,Packaging Product 00188,Packaging,15.13,20.55,Active
PROD-0000189,SUP-000461,Components Product 00189,Components,20.86,33.35,Active
PROD-0000190,SUP-000098,Industrial Parts Product 00190,Industrial Parts,128.58,245.55,Active
PROD-0000191,SUP-000819,Packaging Product 00191,Packaging,44.01,75.12,Active
PROD-0000192,SUP-000063,Industrial Parts Product 00192,Industrial Parts,90.23,218.75,Active
PROD-0000193,SUP-000302,Raw Materials Product 00193,Raw Materials,13.26,29.24,Active
PROD-0000195,SUP-000893,Industrial Parts Product 00195,Industrial Parts,55.4,124.44,Active
PROD-0000196,SUP-000449,Finished Goods Product 00196,Finished Goods,88.13,178.43,Active
PROD-0000197,SUP-000608,Finished Goods Product 00197,Finished Goods,91.76,221.83,Active
PROD-0000198,SUP-000003,Raw Materials Product 00198,Raw Materials,23.96,42.3,Active
PROD-0000199,SUP-000268,Components Product 00199,Components,42.62,87.27,Active
PROD-0000200,SUP-000907,Components Product 00200,Components,27.7,66.42,Active
PROD-0000201,SUP-000242,Components Product 00201,Components,56.07,60.46,Active
PROD-0000202,SUP-000623,Raw Materials Product 00202,Raw Materials,10.09,21.05,Active
PROD-0000203,SUP-000548,Industrial Parts Product 00203,Industrial Parts,6.99,16.8,Active
PROD-0000204,SUP-000347,Raw Materials Product 00204,Raw Materials,41.6,84.25,Active
PROD-0000205,SUP-000035,Industrial Parts Product 00205,Industrial Parts,32.85,48.06,Active
PROD-0000206,SUP-000439,Raw Materials Product 00206,Raw Materials,41.18,53.32,Active
PROD-0000207,SUP-000560,Industrial Parts Product 00207,Industrial Parts,25.61,34.4,Active
PROD-0000208,SUP-001000,Components Product 00208,Components,78.83,113.33,Active
PROD-0000209,SUP-000732,Components Product 00209,Components,49.94,104.01,Active
PROD-0000210,SUP-000478,Components Product 00210,Components,22.7,34.25,Active
PROD-0000211,SUP-000367,Components Product 00211,Components,29.48,37.34,Active
PROD-0000212,SUP-000785,Industrial Parts Product 00212,Industrial Parts,7.68,10.17,Active
PROD-0000213,SUP-000948,Finished Goods Product 00213,Finished Goods,206.1,408.04,Active
PROD-0000214,SUP-000416,Industrial Parts Product 00214,Industrial Parts,26.81,51.47,Active
PROD-0000215,SUP-000413,Components Product 00215,Components,53.96,88.87,Active
PROD-0000216,SUP-000518,Industrial Parts Product 00216,Industrial Parts,41.05,96.41,Active
PROD-0000217,SUP-000364,Finished Goods Product 00217,Finished Goods,32.37,55.16,Active
PROD-0000218,SUP-000709,Components Product 00218,Components,38.75,89.0,Active
PROD-0000219,SUP-000591,Components Product 00219,Components,5.69,13.96,Active
PROD-0000220,SUP-000278,Industrial Parts Product 00220,Industrial Parts,56.12,124.97,Active
PROD-0000221,SUP-000275,Industrial Parts Product 00221,Industrial Parts,22.1,54.28,Active
PROD-0000222,SUP-000862,Raw Materials Product 00222,Raw Materials,58.84,114.22,Active
PROD-0000223,SUP-000235,Industrial Parts Product 00223,Industrial Parts,54.47,129.22,Active
PROD-0000224,SUP-000284,Finished Goods Product 00224,Finished Goods,30.7,41.23,Active
PROD-0000225,SUP-000863,Packaging Product 00225,Packaging,86.77,149.97,Active
PROD-0000226,SUP-000759,Industrial Parts Product 00226,Industrial Parts,150.54,323.37,Active
PROD-0000227,SUP-000131,Packaging Product 00227,Packaging,17.11,35.88,Active
PROD-0000228,SUP-000773,Packaging Product 00228,Packaging,21.57,32.31,Active
PROD-0000229,SUP-000125,Packaging Product 00229,Packaging,7.66,18.22,Active
PROD-0000230,SUP-000037,Components Product 00230,Components,31.01,49.63,Active
PROD-0000231,SUP-000652,Finished Goods Product 00231,Finished Goods,42.44,64.45,Active
PROD-0000232,SUP-000449,Industrial Parts Product 00232,Industrial Parts,16.62,39.27,Active
PROD-0000233,SUP-000008,Packaging Product 00233,Packaging,27.51,66.42,Active
PROD-0000234,SUP-000876,Components Product 00234,Components,168.51,257.75,Active
PROD-0000235,SUP-000566,Raw Materials Product 00235,Raw Materials,42.98,90.09,Active
PROD-0000236,SUP-000903,Raw Materials Product 00236,Raw Materials,30.44,64.33,Inactive
PROD-0000238,SUP-000231,Raw Materials Product 00238,Raw Materials,43.75,81.49,Active
PROD-0000239,SUP-000944,Industrial Parts Product 00239,Industrial Parts,6.27,15.36,Inactive
PROD-0000240,SUP-000593,Packaging Product 00240,Packaging,28.9,44.4,Active
PROD-0000241,SUP-000163,Finished Goods Product 00241,Finished Goods,23.29,52.08,Active
PROD-0000242,SUP-000156,Industrial Parts Product 00242,Industrial Parts,91.34,228.34,Active
PROD-0000243,SUP-000474,Raw Materials Product 00243,Raw Materials,25.88,57.84,Active
PROD-0000244,SUP-000786,Components Product 00244,Components,127.9,212.55,Active
PROD-0000245,SUP-000455,Raw Materials Product 00245,Raw Materials,66.54,97.0,Active
PROD-0000246,SUP-000109,Industrial Parts Product 00246,Industrial Parts,100.23,144.94,Active
PROD-0000247,SUP-000275,Industrial Parts Product 00247,Industrial Parts,18.19,44.63,Active
PROD-0000248,SUP-000887,Raw Materials Product 00248,Raw Materials,37.67,87.86,Active
PROD-0000249,SUP-000769,Industrial Parts Product 00249,Industrial Parts,155.47,236.66,Active
PROD-0000250,SUP-000762,Industrial Parts Product 00250,Industrial Parts,9.81,17.67,Active
PROD-0000251,SUP-000361,Components Product 00251,Components,53.23,114.4,Active
PROD-0000252,SUP-000467,Raw Materials Product 00252,Raw Materials,82.14,188.88,Inactive
PROD-0000253,SUP-000295,Raw Materials Product 00253,Raw Materials,29.97,71.52,Active
PROD-0000254,SUP-000561,Finished Goods Product 00254,Finished Goods,41.6,96.94,Active
PROD-0000255,SUP-000242,Industrial Parts Product 00255,Industrial Parts,97.89,225.71,Active
PROD-0000256,SUP-000510,Finished Goods Product 00256,Finished Goods,128.68,206.81,Active
PROD-0000257,SUP-000547,Finished Goods Product 00257,Finished Goods,9.38,23.23,Active
PROD-0000258,SUP-000197,Industrial Parts Product 00258,Industrial Parts,83.49,146.75,Active
PROD-0000259,SUP-000382,Finished Goods Product 00259,Finished Goods,13.2,28.17,Active
PROD-0000260,SUP-000422,Components Product 00260,Components,56.24,76.71,Active
PROD-0000261,SUP-000846,Finished Goods Product 00261,Finished Goods,9.04,11.07,Active
PROD-0000262,SUP-000539,Finished Goods Product 00262,Finished Goods,9.84,13.79,Active
PROD-0000263,SUP-000276,Components Product 00263,Components,209.56,384.87,Active
PROD-0000264,SUP-000103,Packaging Product 00264,Packaging,67.56,86.01,Active
PROD-0000265,SUP-000258,Finished Goods Product 00265,Finished Goods,5.78,12.12,Active
PROD-0000266,SUP-000038,Finished Goods Product 00266,Finished Goods,14.06,28.09,Active
PROD-0000267,SUP-000698,Raw Materials Product 00267,Raw Materials,16.18,28.83,Active
PROD-0000268,SUP-000196,Raw Materials Product 00268,Raw Materials,23.51,40.35,Active
PROD-0000269,SUP-000503,Components Product 00269,Components,16.12,32.82,Active
PROD-0000270,SUP-000894,Industrial Parts Product 00270,Industrial Parts,10.47,12.99,Active
PROD-0000271,SUP-000411,Components Product 00271,Components,20.04,26.65,Active
PROD-0000272,SUP-000259,Raw Materials Product 00272,Raw Materials,28.17,35.38,Active
PROD-0000273,SUP-000278,Industrial Parts Product 00273,Industrial Parts,15.27,37.74,Active
PROD-0000274,SUP-000647,Packaging Product 00274,Packaging,68.15,168.28,Active
PROD-0000275,SUP-000759,Packaging Product 00275,Packaging,13.49,21.82,Active
PROD-0000276,SUP-000867,Industrial Parts Product 00276,Industrial Parts,49.47,68.66,Active
PROD-0000277,SUP-000563,Finished Goods Product 00277,Finished Goods,43.85,86.58,Active
PROD-0000278,SUP-000211,Components Product 00278,Components,21.68,43.36,Active
PROD-0000279,SUP-000427,Finished Goods Product 00279,Finished Goods,19.95,42.79,Active
PROD-0000280,SUP-000734,Industrial Parts Product 00280,Industrial Parts,71.85,124.47,Active
PROD-0000281,SUP-000276,Industrial Parts Product 00281,Industrial Parts,16.96,33.28,Active
PROD-0000282,SUP-000589,Components Product 00282,Components,76.15,123.95,Active
PROD-0000283,SUP-000634,Finished Goods Product 00283,Finished Goods,33.02,41.16,Active
PROD-0000284,SUP-000909,Packaging Product 00284,Packaging,89.52,127.6,Active
PROD-0000285,SUP-000406,Finished Goods Product 00285,Finished Goods,9.48,11.84,Inactive
PROD-0000286,SUP-000392,Finished Goods Product 00286,Finished Goods,29.02,38.16,Active
PROD-0000287,SUP-000810,Industrial Parts Product 00287,Industrial Parts,18.6,26.89,Active
PROD-0000288,SUP-000051,Components Product 00288,Components,120.07,169.51,Active
PROD-0000289,SUP-000876,Components Product 00289,Components,38.17,54.85,Active
PROD-0000290,SUP-000905,Components Product 00290,Components,21.46,46.45,Active
PROD-0000291,SUP-000211,Packaging Product 00291,Packaging,13.35,33.35,Active
PROD-0000292,SUP-000922,Raw Materials Product 00292,Raw Materials,15.74,38.72,Active
PROD-0000293,SUP-000477,Finished Goods Product 00293,Finished Goods,46.3,65.91,Active
PROD-0000294,SUP-000265,Finished Goods Product 00294,Finished Goods,56.01,130.34,Active
PROD-0000295,SUP-000742,Components Product 00011,Components,122.89,273.88,Active
PROD-0000296,SUP-000421,Components Product 00296,Components,33.84,56.5,Active
PROD-0000297,SUP-000110,Finished Goods Product 00297,Finished Goods,6.62,14.18,Active
PROD-0000298,SUP-000451,Finished Goods Product 00298,Finished Goods,45.6,58.07,Active
PROD-0000299,SUP-000597,Components Product 00299,Components,49.26,69.48,Active
PROD-0000300,SUP-000053,Finished Goods Product 00300,Finished Goods,23.31,32.11,Active
PROD-0000301,SUP-000140,Finished Goods Product 00301,Finished Goods,53.78,80.38,Active
PROD-0000302,SUP-000434,Packaging Product 00302,Packaging,37.76,77.58,Active
PROD-0000303,SUP-000334,Finished Goods Product 00303,Finished Goods,3285.0,3285.0,Active
PROD-0000304,SUP-000166,Raw Materials Product 00304,Raw Materials,10.82,19.31,Active
PROD-0000305,SUP-000943,Raw Materials Product 00305,Raw Materials,46.88,85.63,Active
PROD-0000306,SUP-000411,Raw Materials Product 00306,Raw Materials,10.6,24.49,Active
PROD-0000307,SUP-000919,Raw Materials Product 00307,Raw Materials,14.52,20.31,Active
PROD-0000308,SUP-000436,Components Product 00308,Components,35.72,75.06,Active
PROD-0000309,SUP-000093,Raw Materials Product 00309,Raw Materials,20.81,29.57,Active
PROD-0000310,SUP-000420,Finished Goods Product 00310,Finished Goods,20.91,40.05,Active
PROD-0000311,SUP-000418,Components Product 00311,Components,34.93,50.28,Active
PROD-0000312,SUP-000601,Components Product 00312,Components,32.49,60.6,Active
PROD-0000313,SUP-000360,Components Product 00313,Components,10.11,12.69,Active
PROD-0000314,SUP-000732,Industrial Parts Product 00314,Industrial Parts,27.02,55.65,Active
PROD-0000315,SUP-000540,Raw Materials Product 00315,Raw Materials,66.73,124.36,Active
PROD-0000316,SUP-000374,Packaging Product 00316,Packaging,40.48,60.46,Active
PROD-0000317,SUP-000750,Finished Goods Product 00317,Finished Goods,170.63,215.22,Active
PROD-0000318,SUP-000776,Finished Goods Product 00318,Finished Goods,49.35,101.87,Active
PROD-0000319,SUP-000176,Components Product 00319,Components,115.46,162.18,Active
PROD-0000320,SUP-000837,Components Product 00320,Components,11.52,18.13,Active
PROD-0000321,SUP-000935,Industrial Parts Product 00321,Industrial Parts,30.6,71.17,Active
PROD-0000322,SUP-000328,Packaging Product 00322,Packaging,13.44,29.68,Active
PROD-0000323,SUP-000846,Components Product 00011,Components,17.5,34.91,Active
PROD-0000324,SUP-000181,Raw Materials Product 00324,Raw Materials,131.6,314.39,Active
PROD-0000325,SUP-000669,Packaging Product 00325,Packaging,7.96,60.46,Active
PROD-0000326,SUP-000457,Industrial Parts Product 00326,Industrial Parts,70.59,95.67,Active
PROD-0000327,SUP-000236,Raw Materials Product 00327,Raw Materials,48.68,89.97,Active
PROD-0000328,SUP-000354,Raw Materials Product 00328,Raw Materials,56.25,75.7,Active
PROD-0000329,SUP-000221,Raw Materials Product 00329,Raw Materials,25.66,59.53,Active
PROD-0000330,SUP-000284,Components Product 00330,Components,101.7,252.16,Active
PROD-0000331,SUP-000082,Raw Materials Product 00331,Raw Materials,38.2,69.44,Active
PROD-0000332,SUP-000806,Finished Goods Product 00332,Finished Goods,52.77,128.66,Active
PROD-0000333,SUP-000213,Industrial Parts Product 00333,Industrial Parts,6.58,16.22,Active
PROD-0000334,SUP-000942,Raw Materials Product 00334,Raw Materials,13.14,20.95,Active
PROD-0000335,SUP-000934,Finished Goods Product 00335,Finished Goods,23.5,43.22,Active
PROD-0000336,SUP-000455,Components Product 00011,Finished Goods,51.61,76.57,Active
PROD-0000337,SUP-000280,Components Product 00337,Components,11.73,27.89,Active
PROD-0000338,SUP-000071,Raw Materials Product 00338,Raw Materials,8.03,17.69,Active
PROD-0000339,SUP-000482,Components Product 00339,Components,34.1,60.71,Active
PROD-0000340,SUP-000427,Raw Materials Product 00340,Raw Materials,14.51,33.45,Active
PROD-0000341,SUP-000101,Packaging Product 00341,Packaging,38.77,79.26,Inactive
PROD-0000342,SUP-000331,Raw Materials Product 00342,Raw Materials,33.14,33.14,Active
PROD-0000343,SUP-000761,Finished Goods Product 00343,Finished Goods,50.26,88.25,Active
PROD-0000344,SUP-000576,Raw Materials Product 00344,Raw Materials,33.14,33.14,Active
PROD-0000345,SUP-000889,Components Product 00345,Components,19.68,31.15,Active
PROD-0000346,SUP-000238,Packaging Product 00346,Packaging,23.93,51.9,Active
PROD-0000347,SUP-000966,Finished Goods Product 00347,Finished Goods,66.05,155.64,Active
PROD-0000348,SUP-000700,Raw Materials Product 00348,Raw Materials,20.76,37.17,Active
PROD-0000349,SUP-000299,Raw Materials Product 00349,Raw Materials,31.65,62.76,Active
PROD-0000350,SUP-000964,Finished Goods Product 00350,Finished Goods,13.44,16.89,Active
PROD-0000351,SUP-000258,Finished Goods Product 00351,Finished Goods,47.91,64.25,Active
PROD-0000352,SUP-000212,Components Product 00352,Components,53.13,100.63,Active
PROD-0000353,SUP-000791,Raw Materials Product 00353,Raw Materials,28.55,50.13,Active
PROD-0000354,SUP-000432,Components Product 00354,Components,19.08,30.26,Active
PROD-0000355,SUP-000836,Components Product 00355,Components,19.55,40.44,Active
PROD-0000356,SUP-000748,Packaging Product 00356,Packaging,24.75,33.12,Active
PROD-0000357,SUP-000202,Components Product 00357,Components,3285.0,3285.0,Active
PROD-0000358,SUP-000275,Industrial Parts Product 00358,Industrial Parts,24.08,57.55,Active
PROD-0000359,SUP-000870,Industrial Parts Product 00359,Industrial Parts,80.52,148.09,Active
PROD-0000360,SUP-000716,Industrial Parts Product 00360,Industrial Parts,28.1,55.44,Active
PROD-0000361,SUP-000977,Finished Goods Product 00361,Finished Goods,12.89,26.2,Active
PROD-0000362,SUP-000535,Industrial Parts Product 00362,Industrial Parts,127.88,307.18,Active
PROD-0000363,SUP-000748,Finished Goods Product 00363,Finished Goods,18.36,26.71,Active
PROD-0000364,SUP-000584,Industrial Parts Product 00364,Industrial Parts,15.41,25.18,Active
PROD-0000365,SUP-000961,Finished Goods Product 00365,Finished Goods,23.22,51.48,Active
PROD-0000366,SUP-000344,Components Product 00366,Components,81.35,125.86,Active
PROD-0000367,SUP-000930,Packaging Product 00367,Packaging,66.35,156.11,Active
PROD-0000368,SUP-000161,Raw Materials Product 00368,Raw Materials,49.33,121.46,Active
PROD-0000369,SUP-000527,Components Product 00369,Components,44.53,101.37,Active
PROD-0000370,SUP-000574,Industrial Parts Product 00370,Industrial Parts,41.65,96.61,Active
PROD-0000371,SUP-000410,Components Product 00371,Components,33.14,95.9,Active
PROD-0000372,SUP-000488,Finished Goods Product 00372,Finished Goods,45.27,89.43,Active
PROD-0000373,SUP-000685,Raw Materials Product 00373,Raw Materials,23.64,41.42,Active
PROD-0000374,SUP-000362,Finished Goods Product 00374,Finished Goods,16.37,23.52,Active
PROD-0000375,SUP-000166,Finished Goods Product 00375,Finished Goods,58.05,125.56,Active
PROD-0000376,SUP-000899,Industrial Parts Product 00376,Industrial Parts,13.94,31.35,Inactive
PROD-0000377,SUP-000314,Components Product 00377,Components,31.88,47.4,Active
PROD-0000378,SUP-000792,Finished Goods Product 00378,Finished Goods,18.55,31.08,Active
PROD-0000379,SUP-000582,Industrial Parts Product 00379,Industrial Parts,16.66,27.68,Active
PROD-0000380,SUP-000101,Raw Materials Product 00380,Raw Materials,52.4,73.63,Active
PROD-0000381,SUP-000233,Industrial Parts Product 00381,Industrial Parts,39.53,71.97,Active
PROD-0000382,SUP-000754,Components Product 00382,Components,83.79,207.57,Active
PROD-0000383,SUP-000193,Raw Materials Product 00383,Raw Materials,23.52,54.14,Active
PROD-0000384,SUP-000721,Raw Materials Product 00384,Raw Materials,47.72,62.49,Active
PROD-0000385,SUP-000233,Packaging Product 00385,Packaging,17.1,29.46,Active
PROD-0000386,SUP-000764,Finished Goods Product 00386,Finished Goods,40.05,95.43,Active
PROD-0000387,SUP-000581,Finished Goods Product 00387,Finished Goods,12.66,16.97,Inactive
PROD-0000388,SUP-000816,Packaging Product 00388,Packaging,17.03,20.62,Active
PROD-0000389,SUP-000633,Industrial Parts Product 00389,Industrial Parts,44.0,91.06,Active
PROD-0000390,SUP-000081,Industrial Parts Product 00390,Industrial Parts,8.45,18.19,Active
PROD-0000391,SUP-000780,Components Product 00391,Components,81.36,167.67,Active
PROD-0000392,SUP-000999,Raw Materials Product 00392,Raw Materials,35.81,78.25,Active
PROD-0000394,SUP-000908,Finished Goods Product 00394,Finished Goods,40.26,62.58,Active
PROD-0000395,SUP-000395,Industrial Parts Product 00395,Industrial Parts,53.47,84.45,Active
PROD-0000396,SUP-000227,Raw Materials Product 00396,Raw Materials,150.91,150.91,Active
PROD-0000397,SUP-000856,Finished Goods Product 00397,Finished Goods,10.08,17.3,Active
PROD-0000398,SUP-000309,Components Product 00398,Components,19.52,29.12,Active
PROD-0000399,SUP-000216,Components Product 00399,Components,83.3,135.68,Active
PROD-0000400,SUP-000315,Industrial Parts Product 00400,Industrial Parts,27.46,45.01,Active
PROD-0000401,SUP-000561,Finished Goods Product 00401,Finished Goods,44.11,93.29,Active
PROD-0000402,SUP-000667,Components Product 00402,Components,6.71,10.23,Active
PROD-0000403,SUP-000865,Raw Materials Product 00403,Raw Materials,45.98,110.63,Active
PROD-0000404,SUP-000689,Industrial Parts Product 00404,Industrial Parts,30.73,75.78,Active
PROD-0000405,SUP-000767,Industrial Parts Product 00405,Industrial Parts,33.89,78.53,Active
PROD-0000406,SUP-000074,Components Product 00406,Components,37.59,70.74,Inactive
PROD-0000407,SUP-000121,Finished Goods Product 00407,Finished Goods,13.43,24.84,Active
PROD-0000408,SUP-000227,Components Product 00408,Components,16.66,26.84,Active
PROD-0000409,SUP-000686,Raw Materials Product 00409,Raw Materials,93.58,181.49,Active
PROD-0000410,SUP-000710,Components Product 00410,Components,25.38,40.47,Active
PROD-0000411,SUP-000705,Components Product 00411,Components,155.07,291.51,Active
PROD-0000412,SUP-000372,Raw Materials Product 00412,Raw Materials,33.14,160.14,Active
PROD-0000413,SUP-000026,Industrial Parts Product 00413,Industrial Parts,35.2,82.5,Active
PROD-0000414,SUP-000433,Packaging Product 00414,Packaging,32.84,74.95,Active
PROD-0000415,SUP-000931,Industrial Parts Product 00415,Industrial Parts,29.05,65.64,Active
PROD-0000416,SUP-000534,Raw Materials Product 00416,Raw Materials,24.82,60.31,Active
PROD-0000417,SUP-000675,Finished Goods Product 00417,Finished Goods,33.14,53.84,Active
PROD-0000418,SUP-000011,Raw Materials Product 00418,Raw Materials,204.84,433.83,Active
PROD-0000419,SUP-000816,Finished Goods Product 00419,Finished Goods,29.98,61.06,Active
PROD-0000420,SUP-000431,Raw Materials Product 00420,Raw Materials,80.86,155.32,Active
PROD-0000421,SUP-000090,Components Product 00421,Components,23.7,31.96,Active
PROD-0000422,SUP-000832,Finished Goods Product 00422,Finished Goods,8.93,14.91,Active
PROD-0000423,SUP-000882,Raw Materials Product 00423,Raw Materials,18.5,24.99,Active
PROD-0000424,SUP-000684,Raw Materials Product 00424,Raw Materials,30.11,59.94,Active
PROD-0000425,SUP-000442,Raw Materials Product 00425,Raw Materials,28.26,42.01,Active
PROD-0000426,SUP-000547,Packaging Product 00426,Packaging,40.92,87.58,Active
PROD-0000427,SUP-000006,Components Product 00427,Components,25.67,40.38,Active
PROD-0000428,SUP-000220,Finished Goods Product 00428,Finished Goods,7.85,11.26,Active
PROD-0000429,SUP-000389,Industrial Parts Product 00429,Industrial Parts,53.32,83.67,Active
PROD-0000430,SUP-000876,Packaging Product 00430,Packaging,27.57,53.34,Active
PROD-0000431,SUP-000724,Packaging Product 00431,Packaging,25.35,46.09,Active
PROD-0000432,SUP-000254,Packaging Product 00432,Packaging,37.81,93.51,Active
PROD-0000433,SUP-000643,Finished Goods Product 00433,Finished Goods,61.11,74.61,Active
PROD-0000434,SUP-000854,Industrial Parts Product 00434,Industrial Parts,54.59,133.91,Active
PROD-0000435,SUP-000661,Raw Materials Product 00435,Raw Materials,35.17,49.68,Active
PROD-0000436,SUP-000024,Finished Goods Product 00436,Finished Goods,75.5,109.95,Active
PROD-0000437,SUP-000908,Finished Goods Product 00437,Finished Goods,53.59,64.47,Active
PROD-0000438,SUP-000421,Components Product 00438,Components,16.07,29.26,Active
PROD-0000439,SUP-000204,Finished Goods Product 00439,Finished Goods,21.05,43.61,Active
PROD-0000440,SUP-000231,Raw Materials Product 00440,Raw Materials,26.83,38.16,Active
PROD-0000441,SUP-000194,Raw Materials Product 00441,Raw Materials,139.17,215.61,Active
PROD-0000442,SUP-000349,Finished Goods Product 00442,Finished Goods,35.75,80.28,Active
PROD-0000443,SUP-000930,Components Product 00443,Components,13.31,32.95,Active
PROD-0000444,SUP-000229,Industrial Parts Product 00444,Industrial Parts,68.77,68.77,Active
PROD-0000445,SUP-000495,Components Product 00445,Components,20.31,25.35,Active
PROD-0000446,SUP-000106,Industrial Parts Product 00446,Industrial Parts,202.85,462.5,Active
PROD-0000447,SUP-000305,Packaging Product 00447,Packaging,43.42,55.85,Active
PROD-0000448,SUP-000355,Raw Materials Product 00448,Raw Materials,6.78,8.9,Active
PROD-0000449,SUP-000558,Components Product 00449,Components,27.25,54.94,Active
PROD-0000450,SUP-000867,Components Product 00450,Components,27.94,56.21,Active
PROD-0000451,SUP-000697,Finished Goods Product 00451,Finished Goods,25.7,62.49,Active
PROD-0000452,SUP-000916,Industrial Parts Product 00452,Industrial Parts,64.82,127.53,Active
PROD-0000453,SUP-000647,Raw Materials Product 00453,Raw Materials,49.01,99.81,Active
PROD-0000454,SUP-000371,Packaging Product 00454,Packaging,83.31,102.92,Active
PROD-0000455,SUP-000958,Industrial Parts Product 00455,Components,50.31,80.54,Active
PROD-0000456,SUP-000658,Raw Materials Product 00456,Raw Materials,45.69,89.76,Active
PROD-0000457,SUP-000590,Industrial Parts Product 00457,Industrial Parts,12.26,22.56,Active
PROD-0000458,SUP-000469,Finished Goods Product 00458,Finished Goods,40.18,55.59,Active
PROD-0000459,SUP-000986,Raw Materials Product 00459,Raw Materials,52.35,74.14,Active
PROD-0000460,SUP-000171,Components Product 00460,Components,45.99,80.15,Active
PROD-0000461,SUP-000810,Components Product 00461,Components,48.3,93.08,Active
PROD-0000462,SUP-000241,Finished Goods Product 00462,Finished Goods,9.34,12.86,Active
PROD-0000463,SUP-000944,Industrial Parts Product 00463,Industrial Parts,40.99,60.46,Active
PROD-0000464,SUP-000881,Components Product 00464,Components,22.85,56.02,Active
PROD-0000465,SUP-000196,Raw Materials Product 00465,Raw Materials,51.53,71.82,Active
PROD-0000466,SUP-000275,Raw Materials Product 00466,Raw Materials,75.64,145.98,Active
PROD-0000467,SUP-000717,Packaging Product 00467,Packaging,62.14,75.76,Active
PROD-0000468,SUP-000625,Components Product 00468,Components,27.16,32.67,Active
PROD-0000469,SUP-000862,Industrial Parts Product 00469,Industrial Parts,16.98,34.06,Active
PROD-0000470,SUP-000265,Raw Materials Product 00470,Raw Materials,32.96,73.92,Active
PROD-0000471,SUP-000319,Packaging Product 00471,Packaging,29.61,41.9,Active
PROD-0000472,SUP-000914,Components Product 00472,Components,66.3,107.69,Active
PROD-0000473,SUP-000845,Finished Goods Product 00473,Finished Goods,69.74,144.96,Active
PROD-0000474,SUP-000810,Industrial Parts Product 00474,Industrial Parts,57.39,77.17,Active
PROD-0000475,SUP-000723,Components Product 00475,Components,23.82,32.12,Active
PROD-0000476,SUP-000839,Components Product 00476,Components,67.65,153.82,Active
PROD-0000477,SUP-000405,Finished Goods Product 00477,Finished Goods,45.73,107.16,Active
PROD-0000478,SUP-000739,Industrial Parts Product 00478,Industrial Parts,9.66,14.13,Active
PROD-0000479,SUP-000450,Raw Materials Product 00479,Raw Materials,14.08,29.19,Active
PROD-0000480,SUP-000713,Industrial Parts Product 00480,Industrial Parts,12.92,26.18,Active
PROD-0000481,SUP-000796,Raw Materials Product 00481,Raw Materials,20.17,46.25,Active
PROD-0000482,SUP-000112,Industrial Parts Product 00482,Industrial Parts,61.58,109.0,Active
PROD-0000483,SUP-000341,Finished Goods Product 00483,Finished Goods,91.46,172.08,Active
PROD-0000484,SUP-000159,Packaging Product 00484,Packaging,26.58,41.1,Active
PROD-0000485,SUP-000642,Components Product 00485,Components,30.8,68.23,Active
PROD-0000486,SUP-000068,Finished Goods Product 00486,Finished Goods,21.07,52.08,Active
PROD-0000487,SUP-000092,Finished Goods Product 00487,Finished Goods,38.76,60.46,Active
PROD-0000488,SUP-000934,Components Product 00488,Components,19.94,26.56,Active
PROD-0000489,SUP-000990,Finished Goods Product 00489,Finished Goods,41.35,73.58,Inactive
PROD-0000490,SUP-000325,Components Product 00490,Components,86.9,105.04,Active
PROD-0000491,SUP-000407,Industrial Parts Product 00491,Industrial Parts,28.06,59.67,Active
PROD-0000492,SUP-000793,Industrial Parts Product 00492,Industrial Parts,23.81,47.7,Active
PROD-0000493,SUP-000556,Components Product 00493,Components,31.43,48.79,Active
PROD-0000494,SUP-000988,Industrial Parts Product 00494,Industrial Parts,24.42,53.66,Active
PROD-0000495,SUP-000237,Industrial Parts Product 00495,Industrial Parts,41.71,90.4,Active
PROD-0000496,SUP-000233,Industrial Parts Product 00496,Industrial Parts,67.79,123.57,Active
PROD-0000497,SUP-000966,Components Product 00497,Components,13.48,24.81,Active
PROD-0000498,SUP-000570,Components Product 00498,Components,11.47,23.11,Active
PROD-0000499,SUP-000070,Industrial Parts Product 00499,Industrial Parts,19.05,46.1,Active
PROD-0000500,SUP-000094,Finished Goods Product 00500,Finished Goods,46.79,61.5,Active
PROD-0000501,SUP-000647,Industrial Parts Product 00501,Industrial Parts,51.81,118.73,Active
PROD-0000502,SUP-000295,Packaging Product 00502,Packaging,129.59,207.78,Active
PROD-0000503,SUP-000697,Raw Materials Product 00503,Raw Materials,55.27,106.43,Active
PROD-0000504,SUP-000384,Components Product 00011,Industrial Parts,29.58,51.82,Active
PROD-0000505,SUP-000711,Components Product 00505,Components,13.54,16.25,Active
PROD-0000506,SUP-000512,Packaging Product 00506,Packaging,33.79,56.39,Inactive
PROD-0000507,SUP-000511,Raw Materials Product 00507,Raw Materials,38.14,92.6,Active
PROD-0000508,SUP-000309,Finished Goods Product 00508,Finished Goods,29.54,44.52,Active
PROD-0000509,SUP-000650,Components Product 00509,Components,26.96,58.02,Active
PROD-0000510,SUP-000517,Industrial Parts Product 00510,Industrial Parts,43.85,53.9,Active
PROD-0000511,SUP-000812,Components Product 00511,Components,37.53,56.47,Active
PROD-0000512,SUP-000246,Components Product 00512,Components,114.12,210.95,Active
PROD-0000513,SUP-000317,Components Product 00513,Components,21.63,39.66,Active
PROD-0000514,SUP-000616,Raw Materials Product 00514,Raw Materials,46.49,116.22,Active
PROD-0000515,SUP-000103,Raw Materials Product 00515,Raw Materials,25.32,52.55,Active
PROD-0000516,SUP-000971,Raw Materials Product 00516,Raw Materials,25.14,49.05,Inactive
PROD-0000517,SUP-000782,Industrial Parts Product 00517,Industrial Parts,34.73,73.86,Active
PROD-0000518,SUP-000480,Packaging Product 00518,Packaging,96.32,238.73,Active
PROD-0000519,SUP-000607,Finished Goods Product 00519,Finished Goods,67.48,117.61,Active
PROD-0000520,SUP-000535,Finished Goods Product 00520,Finished Goods,13.38,28.65,Active
PROD-0000521,SUP-000492,Raw Materials Product 00521,Raw Materials,40.35,75.44,Active
PROD-0000522,SUP-000530,Industrial Parts Product 00522,Industrial Parts,8.37,17.03,Active
PROD-0000523,SUP-000243,Components Product 00523,Components,24.67,37.37,Active
PROD-0000524,SUP-000289,Industrial Parts Product 00524,Industrial Parts,75.93,171.02,Active
PROD-0000525,SUP-000145,Finished Goods Product 00525,Finished Goods,22.35,40.44,Inactive
PROD-0000526,SUP-000624,Industrial Parts Product 00526,Industrial Parts,21.34,39.48,Active
PROD-0000527,SUP-000698,Finished Goods Product 00527,Finished Goods,149.58,344.24,Active
PROD-0000528,SUP-000202,Raw Materials Product 00528,Raw Materials,47.4,66.81,Active
PROD-0000529,SUP-000564,Components Product 00529,Components,78.37,157.8,Active
PROD-0000530,SUP-000577,Components Product 00530,Components,90.34,116.25,Active
PROD-0000531,SUP-000099,Components Product 00531,Components,31.41,43.22,Active
PROD-0000532,SUP-000921,Finished Goods Product 00532,Finished Goods,71.26,96.07,Active
PROD-0000533,SUP-000721,Components Product 00533,Components,31.69,67.51,Active
PROD-0000534,SUP-000287,Finished Goods Product 00534,Finished Goods,30.1,49.72,Active
PROD-0000535,SUP-000967,Raw Materials Product 00535,Raw Materials,45.97,114.54,Active
PROD-0000536,SUP-000231,Industrial Parts Product 00536,Industrial Parts,71.37,91.11,Active
PROD-0000537,SUP-000019,Finished Goods Product 00537,Finished Goods,29.75,35.98,Inactive
PROD-0000538,SUP-000900,Industrial Parts Product 00538,Industrial Parts,57.52,130.02,Active
PROD-0000539,SUP-000963,Components Product 00539,Components,16.23,30.35,Active
PROD-0000540,SUP-000027,Finished Goods Product 00540,Finished Goods,45.87,99.05,Active
PROD-0000541,SUP-000375,Finished Goods Product 00541,Finished Goods,7.74,17.48,Active
PROD-0000542,SUP-000552,Finished Goods Product 00542,Finished Goods,38.96,85.58,Active
PROD-0000543,SUP-000289,Components Product 00011,Finished Goods,10.47,22.7,Active
PROD-0000544,SUP-000253,Components Product 00544,Components,74.87,123.25,Active
PROD-0000545,SUP-000175,Finished Goods Product 00545,Finished Goods,29.05,58.14,Active
PROD-0000546,SUP-001000,Finished Goods Product 00546,Finished Goods,29.8,54.98,Active
PROD-0000547,SUP-000150,Finished Goods Product 00547,Finished Goods,39.53,97.55,Active
PROD-0000548,SUP-000626,Components Product 00548,Components,23.98,33.46,Active
PROD-0000549,SUP-000752,Finished Goods Product 00549,Finished Goods,23.66,36.0,Active
PROD-0000550,SUP-000993,Finished Goods Product 00550,Finished Goods,29.31,52.04,Active
PROD-0000551,SUP-000959,Industrial Parts Product 00551,Industrial Parts,14.73,21.13,Active
PROD-0000552,SUP-000137,Components Product 00552,Components,8.42,17.55,Active
PROD-0000553,SUP-000748,Industrial Parts Product 00553,Industrial Parts,21.9,27.59,Active
PROD-0000554,SUP-000782,Raw Materials Product 00554,Raw Materials,21.51,42.03,Active
PROD-0000555,SUP-000399,Raw Materials Product 00555,Raw Materials,7.72,15.51,Active
PROD-0000556,SUP-000435,Finished Goods Product 00556,Finished Goods,44.41,67.56,Active
PROD-0000557,SUP-000317,Industrial Parts Product 00557,Industrial Parts,26.6,38.41,Active
PROD-0000558,SUP-000122,Components Product 00558,Components,57.37,95.59,Active
PROD-0000559,SUP-000275,Finished Goods Product 00559,Finished Goods,33.11,46.2,Active
PROD-0000560,SUP-000402,Finished Goods Product 00560,Finished Goods,25.84,41.99,Active
PROD-0000561,SUP-000668,Industrial Parts Product 00561,Industrial Parts,34.04,84.43,Active
PROD-0000562,SUP-000500,Raw Materials Product 00562,Raw Materials,9.18,17.41,Active
PROD-0000563,SUP-000278,Components Product 00563,Components,22.99,33.59,Active
PROD-0000565,SUP-000750,Finished Goods Product 00565,Finished Goods,189.79,330.72,Active
PROD-0000566,SUP-000541,Industrial Parts Product 00566,Industrial Parts,17.66,40.43,Active
PROD-0000567,SUP-000992,Raw Materials Product 00567,Raw Materials,53.19,77.26,Active
PROD-0000568,SUP-000283,Packaging Product 00568,Packaging,24.17,37.11,Active
PROD-0000569,SUP-000963,Components Product 00569,Components,53.35,95.94,Active
PROD-0000570,SUP-000192,Components Product 00570,Components,40.3,49.69,Active
PROD-0000571,SUP-000906,Industrial Parts Product 00571,Industrial Parts,10.77,21.91,Active
PROD-0000572,SUP-000227,Components Product 00572,Components,34.6,68.74,Active
PROD-0000573,SUP-000745,Finished Goods Product 00573,Finished Goods,38.7,69.8,Active
PROD-0000574,SUP-000717,Finished Goods Product 00574,Finished Goods,30.77,43.23,Active
PROD-0000575,SUP-000744,Packaging Product 00575,Packaging,9.31,15.95,Active
PROD-0000576,SUP-000370,Raw Materials Product 00576,Raw Materials,32.37,78.41,Active
PROD-0000577,SUP-000985,Finished Goods Product 00577,Finished Goods,27.49,36.25,Active
PROD-0000578,SUP-000406,Raw Materials Product 00578,Raw Materials,31.91,60.55,Active
PROD-0000579,SUP-000454,Industrial Parts Product 00579,Industrial Parts,53.75,107.3,Active
PROD-0000580,SUP-000349,Raw Materials Product 00580,Raw Materials,19.85,35.16,Active
PROD-0000581,SUP-000753,Packaging Product 00581,Packaging,37.61,69.08,Active
PROD-0000582,SUP-000090,Components Product 00582,Components,36.02,81.64,Active
PROD-0000583,SUP-000391,Industrial Parts Product 00583,Industrial Parts,13.36,23.16,Active
PROD-0000584,SUP-000957,Raw Materials Product 00584,Raw Materials,7.72,9.79,Active
PROD-0000585,SUP-000713,Components Product 00585,Components,30.49,67.53,Active
PROD-0000586,SUP-000319,Components Product 00586,Components,27.71,35.13,Active
PROD-0000587,SUP-000236,Raw Materials Product 00587,Raw Materials,20.97,38.76,Active
PROD-0000588,SUP-000740,Raw Materials Product 00588,Raw Materials,41.63,82.66,Active
PROD-0000589,SUP-000330,Finished Goods Product 00589,Finished Goods,42.89,52.5,Active
PROD-0000590,SUP-000421,Components Product 00590,Components,20.28,27.98,Active
PROD-0000591,SUP-000481,Raw Materials Product 00591,Raw Materials,89.18,135.92,Active
PROD-0000592,SUP-000883,Components Product 00592,Components,19.11,47.73,Active
PROD-0000593,SUP-000143,Industrial Parts Product 00593,Industrial Parts,138.09,193.58,Active
PROD-0000594,SUP-000457,Components Product 00594,Components,58.97,139.4,Inactive
PROD-0000595,SUP-000822,Components Product 00595,Components,33.85,80.29,Active
PROD-0000596,SUP-000900,Finished Goods Product 00596,Finished Goods,10.42,24.6,Active
PROD-0000597,SUP-000714,Industrial Parts Product 00597,Industrial Parts,12.1,21.23,Active
PROD-0000598,SUP-000446,Industrial Parts Product 00598,Industrial Parts,40.18,63.67,Active
PROD-0000599,SUP-000346,Components Product 00599,Components,27.39,53.83,Active
PROD-0000600,SUP-000253,Raw Materials Product 00600,Raw Materials,18.43,42.39,Active
PROD-0000601,SUP-000889,Packaging Product 00601,Packaging,49.58,117.72,Inactive
PROD-0000602,SUP-000152,Packaging Product 00602,Packaging,32.21,60.79,Active
PROD-0000603,SUP-000217,Industrial Parts Product 00603,Industrial Parts,14.18,30.3,Active
PROD-0000604,SUP-000483,Finished Goods Product 00604,Finished Goods,24.38,57.25,Active
PROD-0000605,SUP-000404,Components Product 00605,Components,27.44,55.76,Active
PROD-0000606,SUP-000550,Industrial Parts Product 00606,Industrial Parts,52.71,97.78,Active
PROD-0000607,SUP-000031,Industrial Parts Product 00607,Industrial Parts,32.86,48.79,Active
PROD-0000608,SUP-000789,Components Product 00608,Components,33.9,75.54,Active
PROD-0000609,SUP-000136,Raw Materials Product 00609,Raw Materials,80.03,198.71,Active
PROD-0000610,SUP-000672,Industrial Parts Product 00610,Industrial Parts,8.73,21.3,Active
PROD-0000611,SUP-000744,Components Product 00611,Components,133.9,195.57,Active
PROD-0000612,SUP-000428,Industrial Parts Product 00612,Industrial Parts,10.06,22.48,Active
PROD-0000613,SUP-000117,Components Product 00613,Components,10.85,15.73,Active
PROD-0000614,SUP-000975,Components Product 00614,Components,26.31,61.39,Active
PROD-0000615,SUP-000379,Components Product 00615,Components,18.74,41.6,Active
PROD-0000616,SUP-000824,Packaging Product 00616,Packaging,146.44,345.56,Active
PROD-0000617,SUP-000394,Components Product 00617,Components,15.4,18.49,Active
PROD-0000618,SUP-000820,Raw Materials Product 00618,Raw Materials,18.16,28.89,Active
PROD-0000619,SUP-000225,Finished Goods Product 00619,Finished Goods,30.54,72.2,Active
PROD-0000620,SUP-000004,Components Product 00620,Components,115.76,178.32,Active
PROD-0000621,SUP-000110,Industrial Parts Product 00621,Industrial Parts,80.55,128.38,Active
PROD-0000622,SUP-000199,Raw Materials Product 00622,Raw Materials,39.02,58.92,Active
PROD-0000623,SUP-000417,Components Product 00623,Components,12.14,19.82,Active
PROD-0000624,SUP-000413,Raw Materials Product 00624,Raw Materials,8.07,16.94,Active
PROD-0000625,SUP-000539,Components Product 00011,Packaging,15.08,33.9,Active
PROD-0000626,SUP-000781,Finished Goods Product 00626,Finished Goods,6.78,14.01,Active
PROD-0000627,SUP-000283,Finished Goods Product 00627,Finished Goods,12.22,27.03,Active
PROD-0000628,SUP-000972,Components Product 00628,Components,7.05,10.06,Active
PROD-0000629,SUP-000402,Finished Goods Product 00629,Finished Goods,44.08,91.92,Active
PROD-0000630,SUP-000957,Packaging Product 00630,Packaging,11.98,20.61,Active
PROD-0000631,SUP-000382,Industrial Parts Product 00631,Industrial Parts,72.36,110.57,Active
PROD-0000632,SUP-000552,Components Product 00632,Components,36.57,60.46,Active
PROD-0000633,SUP-000713,Packaging Product 00633,Packaging,3285.0,3285.0,Active
PROD-0000634,SUP-000094,Raw Materials Product 00634,Raw Materials,55.97,115.47,Inactive
PROD-0000635,SUP-000457,Components Product 00635,Components,23.43,38.69,Active
PROD-0000636,SUP-000767,Components Product 00636,Components,35.1,75.35,Active
PROD-0000637,SUP-000730,Finished Goods Product 00637,Finished Goods,15.77,30.38,Active
PROD-0000638,SUP-000812,Industrial Parts Product 00638,Industrial Parts,73.0,124.74,Inactive
PROD-0000639,SUP-000463,Components Product 00011,Industrial Parts,95.99,125.47,Active
PROD-0000640,SUP-000230,Raw Materials Product 00640,Raw Materials,22.8,47.69,Active
PROD-0000641,SUP-000494,Raw Materials Product 00641,Raw Materials,92.16,174.67,Active
PROD-0000642,SUP-000291,Components Product 00642,Components,31.51,64.89,Active
PROD-0000643,SUP-000657,Industrial Parts Product 00643,Industrial Parts,57.93,138.95,Active
PROD-0000644,SUP-000914,Raw Materials Product 00644,Raw Materials,31.0,47.03,Inactive
PROD-0000645,SUP-000287,Components Product 00645,Components,27.52,61.12,Active
PROD-0000646,SUP-000909,Components Product 00646,Components,22.14,43.48,Active
PROD-0000647,SUP-000146,Finished Goods Product 00647,Finished Goods,51.33,103.09,Active
PROD-0000648,SUP-000749,Finished Goods Product 00648,Finished Goods,12.44,22.08,Active
PROD-0000649,SUP-000867,Components Product 00649,Components,39.07,80.63,Active
PROD-0000650,SUP-000692,Raw Materials Product 00650,Raw Materials,73.83,126.46,Active
PROD-0000651,SUP-000567,Components Product 00651,Components,14.4,27.58,Active
PROD-0000652,SUP-000967,Components Product 00652,Components,61.46,92.09,Active
PROD-0000653,SUP-000319,Raw Materials Product 00653,Raw Materials,81.83,81.83,Active
PROD-0000654,SUP-000579,Industrial Parts Product 00654,Industrial Parts,16.7,31.91,Active
PROD-0000655,SUP-000888,Finished Goods Product 00655,Finished Goods,26.28,44.79,Active
PROD-0000656,SUP-000211,Raw Materials Product 00656,Raw Materials,18.24,35.01,Active
PROD-0000657,SUP-000386,Industrial Parts Product 00657,Industrial Parts,36.71,48.53,Active
PROD-0000658,SUP-000582,Finished Goods Product 00658,Finished Goods,13.52,25.08,Active
PROD-0000659,SUP-000900,Components Product 00659,Components,65.14,119.0,Active
PROD-0000660,SUP-000889,Industrial Parts Product 00660,Industrial Parts,19.57,34.84,Active
PROD-0000661,SUP-000622,Industrial Parts Product 00661,Industrial Parts,13.73,26.76,Active
PROD-0000662,SUP-000991,Finished Goods Product 00662,Finished Goods,47.03,102.4,Active
PROD-0000663,SUP-000600,Raw Materials Product 00663,Raw Materials,14.28,35.58,Active
PROD-0000664,SUP-000846,Industrial Parts Product 00664,Industrial Parts,31.62,53.19,Active
PROD-0000665,SUP-000965,Packaging Product 00665,Packaging,79.38,193.41,Active
PROD-0000666,SUP-000801,Finished Goods Product 00666,Finished Goods,65.38,160.45,Inactive
PROD-0000667,SUP-000768,Industrial Parts Product 00667,Industrial Parts,74.47,91.91,Active
PROD-0000668,SUP-000721,Raw Materials Product 00668,Raw Materials,26.25,59.87,Active
PROD-0000669,SUP-000343,Industrial Parts Product 00669,Industrial Parts,31.29,51.67,Active
PROD-0000670,SUP-000210,Industrial Parts Product 00670,Industrial Parts,47.6,84.02,Active
PROD-0000672,SUP-000510,Raw Materials Product 00672,Raw Materials,51.78,127.33,Active
PROD-0000673,SUP-000012,Packaging Product 00673,Packaging,11.22,20.09,Active
PROD-0000674,SUP-000908,Finished Goods Product 00674,Finished Goods,31.18,71.78,Active
PROD-0000675,SUP-000404,Packaging Product 00675,Packaging,83.79,126.49,Active
PROD-0000676,SUP-000913,Finished Goods Product 00676,Finished Goods,24.99,41.56,Active
PROD-0000677,SUP-000200,Components Product 00677,Components,33.58,63.28,Active
PROD-0000678,SUP-000962,Raw Materials Product 00678,Raw Materials,192.98,441.47,Active
PROD-0000679,SUP-000429,Industrial Parts Product 00679,Industrial Parts,19.96,41.95,Active
PROD-0000680,SUP-000288,Components Product 00680,Components,30.18,63.39,Active
PROD-0000681,SUP-000271,Components Product 00681,Components,7.52,10.78,Active
PROD-0000682,SUP-000863,Industrial Parts Product 00682,Industrial Parts,45.29,72.87,Active
PROD-0000683,SUP-000045,Packaging Product 00683,Packaging,55.43,95.43,Active
PROD-0000684,SUP-000042,Industrial Parts Product 00684,Industrial Parts,52.76,111.26,Active
PROD-0000685,SUP-000747,Raw Materials Product 00685,Raw Materials,128.82,285.02,Active
PROD-0000686,SUP-000649,Finished Goods Product 00686,Finished Goods,51.43,95.61,Active
PROD-0000687,SUP-000338,Finished Goods Product 00687,Finished Goods,31.33,61.21,Active
PROD-0000688,SUP-000371,Raw Materials Product 00688,Raw Materials,59.96,74.84,Active
PROD-0000689,SUP-000672,Finished Goods Product 00689,Finished Goods,22.63,51.39,Active
PROD-0000690,SUP-000954,Finished Goods Product 00690,Finished Goods,53.94,131.58,Active
PROD-0000691,SUP-000974,Raw Materials Product 00691,Raw Materials,326.39,683.04,Active
PROD-0000692,SUP-000224,Components Product 00692,Components,169.19,272.43,Active
PROD-0000693,SUP-000459,Packaging Product 00693,Packaging,120.95,216.05,Active
PROD-0000694,SUP-000347,Finished Goods Product 00694,Finished Goods,45.16,104.41,Active
PROD-0000695,SUP-000907,Industrial Parts Product 00695,Industrial Parts,16.54,26.22,Active
PROD-0000696,SUP-000072,Raw Materials Product 00696,Raw Materials,24.86,45.61,Active
PROD-0000697,SUP-000991,Components Product 00697,Components,206.81,301.55,Active
PROD-0000698,SUP-000066,Finished Goods Product 00698,Finished Goods,28.18,41.5,Active
PROD-0000699,SUP-000245,Packaging Product 00699,Packaging,87.73,105.94,Active
PROD-0000700,SUP-000249,Raw Materials Product 00700,Raw Materials,16.52,27.13,Active
PROD-0000701,SUP-000984,Raw Materials Product 00701,Raw Materials,46.83,103.88,Active
PROD-0000702,SUP-000756,Packaging Product 00702,Packaging,54.85,114.84,Active
PROD-0000703,SUP-000404,Industrial Parts Product 00703,Industrial Parts,19.93,42.06,Active
PROD-0000704,SUP-000119,Finished Goods Product 00704,Finished Goods,12.27,15.43,Active
PROD-0000705,SUP-000386,Raw Materials Product 00705,Raw Materials,19.64,34.17,Active
PROD-0000706,SUP-000534,Raw Materials Product 00706,Raw Materials,69.76,128.98,Active
PROD-0000707,SUP-000944,Components Product 00707,Components,103.62,129.83,Active
PROD-0000708,SUP-000777,Packaging Product 00708,Packaging,20.05,41.2,Active
PROD-0000709,SUP-000902,Industrial Parts Product 00709,Industrial Parts,18.12,29.47,Active
PROD-0000710,SUP-000290,Components Product 00710,Components,14.9,27.91,Active
PROD-0000711,SUP-000248,Raw Materials Product 00711,Raw Materials,86.5,111.14,Active
PROD-0000712,SUP-000607,Packaging Product 00712,Packaging,21.14,43.2,Active
PROD-0000713,SUP-000305,Raw Materials Product 00713,Raw Materials,10.0,19.16,Active
PROD-0000714,SUP-000556,Finished Goods Product 00714,Finished Goods,27.22,62.24,Active
PROD-0000715,SUP-000605,Finished Goods Product 00715,Finished Goods,18.53,28.51,Active
PROD-0000716,SUP-000840,Raw Materials Product 00716,Raw Materials,100.02,157.07,Active
PROD-0000717,SUP-000592,Finished Goods Product 00717,Finished Goods,63.34,149.73,Active
PROD-0000718,SUP-000132,Raw Materials Product 00718,Raw Materials,40.94,56.32,Active
PROD-0000719,SUP-000354,Raw Materials Product 00719,Raw Materials,103.97,147.95,Inactive
PROD-0000721,SUP-000873,Finished Goods Product 00721,Finished Goods,26.1,35.63,Active
PROD-0000722,SUP-000907,Raw Materials Product 00722,Raw Materials,17.1,33.18,Active
PROD-0000723,SUP-000121,Industrial Parts Product 00723,Industrial Parts,24.98,43.41,Active
PROD-0000724,SUP-000909,Components Product 00724,Components,10.03,18.49,Active
PROD-0000725,SUP-000370,Components Product 00725,Components,96.67,144.66,Active
PROD-0000726,SUP-000157,Packaging Product 00726,Packaging,19.67,24.71,Active
PROD-0000727,SUP-000308,Packaging Product 00727,Packaging,9.75,14.44,Active
PROD-0000728,SUP-000249,Industrial Parts Product 00728,Industrial Parts,76.34,127.83,Active
PROD-0000729,SUP-000806,Raw Materials Product 00729,Components,30.29,66.2,Active
PROD-0000730,SUP-000390,Finished Goods Product 00730,Finished Goods,7.4,10.01,Active
PROD-0000731,SUP-000077,Raw Materials Product 00731,Raw Materials,10.74,13.36,Active
PROD-0000732,SUP-000709,Industrial Parts Product 00732,Industrial Parts,12.27,29.54,Active
PROD-0000733,SUP-000573,Raw Materials Product 00733,Raw Materials,9.19,14.04,Active
PROD-0000734,SUP-000727,Finished Goods Product 00734,Finished Goods,24.36,51.4,Active
PROD-0000735,SUP-000790,Components Product 00011,Components,65.03,116.1,Active
PROD-0000736,SUP-000844,Raw Materials Product 00736,Raw Materials,37.71,64.49,Active
PROD-0000737,SUP-000514,Industrial Parts Product 00737,Industrial Parts,7.56,13.89,Active
PROD-0000738,SUP-000028,Packaging Product 00738,Packaging,19.72,25.82,Active
PROD-0000739,SUP-000343,Components Product 00739,Components,45.28,110.71,Active
PROD-0000740,SUP-000106,Finished Goods Product 00740,Finished Goods,27.83,48.63,Inactive
PROD-0000741,SUP-000038,Components Product 00741,Components,46.25,81.76,Active
PROD-0000742,SUP-000545,Packaging Product 00742,Packaging,36.23,44.92,Active
PROD-0000743,SUP-000471,Components Product 00743,Components,13.84,33.24,Active
PROD-0000744,SUP-000753,Components Product 00744,Components,12.08,25.58,Active
PROD-0000745,SUP-000367,Finished Goods Product 00745,Finished Goods,28.68,35.28,Active
PROD-0000746,SUP-000609,Components Product 00746,Components,19.12,37.86,Active
PROD-0000747,SUP-000590,Finished Goods Product 00747,Finished Goods,38.22,75.87,Active
PROD-0000748,SUP-000787,Components Product 00748,Components,77.12,142.89,Active
PROD-0000749,SUP-000545,Finished Goods Product 00749,Finished Goods,78.21,133.99,Active
PROD-0000750,SUP-000719,Industrial Parts Product 00750,Industrial Parts,11.88,18.85,Active
PROD-0000751,SUP-000352,Finished Goods Product 00751,Finished Goods,22.01,45.85,Active
PROD-0000752,SUP-000305,Components Product 00752,Components,13.77,29.25,Active
PROD-0000753,SUP-000655,Components Product 00753,Components,54.3,66.56,Active
PROD-0000754,SUP-000537,Components Product 00754,Components,43.16,96.62,Active
PROD-0000755,SUP-000372,Components Product 00755,Components,97.65,192.28,Active
PROD-0000756,SUP-000921,Components Product 00756,Components,21.47,46.66,Active
PROD-0000757,SUP-000326,Raw Materials Product 00757,Raw Materials,23.93,40.58,Active
PROD-0000758,SUP-000883,Components Product 00758,Components,23.37,43.26,Active
PROD-0000759,SUP-000185,Packaging Product 00759,Packaging,48.41,73.43,Active
PROD-0000760,SUP-000958,Finished Goods Product 00760,Finished Goods,45.46,99.35,Active
PROD-0000761,SUP-000211,Components Product 00761,Components,12.95,21.04,Active
PROD-0000762,SUP-000731,Industrial Parts Product 00762,Industrial Parts,7.96,13.03,Active
PROD-0000763,SUP-000366,Components Product 00763,Components,27.65,56.75,Active
PROD-0000764,SUP-000269,Finished Goods Product 00764,Finished Goods,12.87,25.63,Active
PROD-0000765,SUP-000996,Components Product 00765,Components,23.91,42.16,Active
PROD-0000766,SUP-000417,Industrial Parts Product 00766,Industrial Parts,44.81,96.64,Active
PROD-0000767,SUP-000004,Finished Goods Product 00767,Finished Goods,12.21,28.25,Inactive
PROD-0000768,SUP-000700,Finished Goods Product 00768,Finished Goods,14.01,23.09,Active
PROD-0000769,SUP-000548,Components Product 00769,Components,28.95,45.03,Active
PROD-0000770,SUP-000363,Industrial Parts Product 00770,Industrial Parts,236.16,399.84,Active
PROD-0000771,SUP-000166,Finished Goods Product 00771,Finished Goods,20.25,60.46,Active
PROD-0000772,SUP-000026,Raw Materials Product 00772,Raw Materials,52.04,113.86,Active
PROD-0000773,SUP-000720,Components Product 00773,Components,10.66,19.23,Active
PROD-0000774,SUP-000213,Industrial Parts Product 00774,Industrial Parts,103.51,139.03,Active
PROD-0000775,SUP-000443,Finished Goods Product 00775,Finished Goods,28.02,38.08,Active
PROD-0000776,SUP-000276,Components Product 00776,Components,34.38,47.88,Active
PROD-0000777,SUP-000056,Finished Goods Product 00777,Finished Goods,18.86,29.91,Active
PROD-0000778,SUP-000827,Components Product 00778,Components,24.16,48.32,Active
PROD-0000779,SUP-000699,Components Product 00779,Components,123.74,207.31,Active
PROD-0000780,SUP-000141,Packaging Product 00780,Packaging,18.12,31.45,Active
PROD-0000781,SUP-000860,Finished Goods Product 00781,Finished Goods,24.4,48.42,Active
PROD-0000782,SUP-000801,Packaging Product 00782,Packaging,36.69,76.5,Active
PROD-0000783,SUP-000143,Industrial Parts Product 00783,Industrial Parts,33.56,63.43,Active
PROD-0000784,SUP-000320,Components Product 00784,Components,27.82,65.48,Active
PROD-0000785,SUP-000035,Components Product 00785,Components,29.92,48.18,Active
PROD-0000786,SUP-000212,Industrial Parts Product 00786,Industrial Parts,80.74,136.31,Active
PROD-0000787,SUP-000631,Finished Goods Product 00787,Finished Goods,56.9,108.33,Active
PROD-0000788,SUP-000402,Industrial Parts Product 00788,Industrial Parts,22.53,33.37,Active
PROD-0000789,SUP-000419,Packaging Product 00789,Packaging,37.64,73.53,Active
PROD-0000790,SUP-000797,Finished Goods Product 00790,Finished Goods,61.14,90.36,Active
PROD-0000791,SUP-000568,Components Product 00791,Components,34.2,49.27,Active
PROD-0000792,SUP-000769,Packaging Product 00792,Packaging,10.0,12.51,Active
PROD-0000793,SUP-000838,Raw Materials Product 00793,Raw Materials,97.51,150.5,Active
PROD-0000794,SUP-000581,Finished Goods Product 00794,Finished Goods,9.47,22.89,Active
PROD-0000795,SUP-000669,Packaging Product 00795,Packaging,168.32,235.01,Active
PROD-0000796,SUP-000179,Industrial Parts Product 00796,Industrial Parts,29.48,51.41,Active
PROD-0000797,SUP-000463,Industrial Parts Product 00797,Industrial Parts,117.1,208.1,Active
PROD-0000798,SUP-000784,Packaging Product 00798,Packaging,21.52,33.97,Active
PROD-0000799,SUP-000726,Components Product 00799,Components,57.68,128.49,Active
PROD-0000800,SUP-000734,Industrial Parts Product 00800,Industrial Parts,11.57,19.56,Active
PROD-0000801,SUP-000476,Components Product 00801,Components,38.74,69.67,Active
PROD-0000802,SUP-000468,Components Product 00802,Components,14.86,32.37,Active
PROD-0000803,SUP-000661,Industrial Parts Product 00803,Industrial Parts,43.54,105.5,Active
PROD-0000804,SUP-000177,Raw Materials Product 00804,Raw Materials,157.29,280.49,Active
PROD-0000805,SUP-000978,Finished Goods Product 00805,Finished Goods,64.51,125.96,Active
PROD-0000806,SUP-000161,Components Product 00806,Components,54.53,90.32,Active
PROD-0000807,SUP-000685,Finished Goods Product 00807,Finished Goods,32.71,46.93,Active
PROD-0000808,SUP-000097,Components Product 00808,Components,15.9,21.1,Active
PROD-0000809,SUP-000897,Raw Materials Product 00809,Raw Materials,192.23,421.61,Active
PROD-0000810,SUP-000539,Finished Goods Product 00810,Finished Goods,8.56,19.67,Active
PROD-0000811,SUP-000747,Raw Materials Product 00811,Raw Materials,100.75,229.99,Active
PROD-0000812,SUP-000282,Industrial Parts Product 00812,Industrial Parts,50.77,114.63,Active
PROD-0000813,SUP-000944,Industrial Parts Product 00813,Industrial Parts,24.51,38.66,Active
PROD-0000814,SUP-000632,Industrial Parts Product 00814,Industrial Parts,59.35,142.83,Active
PROD-0000815,SUP-000712,Finished Goods Product 00815,Finished Goods,41.37,79.16,Active
PROD-0000816,SUP-000471,Finished Goods Product 00816,Finished Goods,36.77,74.67,Active
PROD-0000817,SUP-000253,Components Product 00817,Components,23.02,49.05,Active
PROD-0000818,SUP-000517,Components Product 00818,Components,10.76,13.35,Active
PROD-0000819,SUP-000003,Components Product 00819,Components,14.48,22.37,Active
PROD-0000820,SUP-000786,Finished Goods Product 00820,Finished Goods,3285.0,3285.0,Active
PROD-0000821,SUP-000837,Raw Materials Product 00821,Raw Materials,23.78,46.62,Active
PROD-0000822,SUP-000948,Raw Materials Product 00822,Raw Materials,44.12,85.95,Active
PROD-0000823,SUP-000139,Components Product 00823,Components,13.29,29.31,Active
PROD-0000824,SUP-000168,Finished Goods Product 00824,Finished Goods,14.72,29.81,Active
PROD-0000825,SUP-000951,Finished Goods Product 00825,Finished Goods,20.91,43.58,Active
PROD-0000826,SUP-000917,Raw Materials Product 00826,Raw Materials,149.28,180.05,Active
PROD-0000827,SUP-000280,Packaging Product 00827,Packaging,22.02,35.81,Active
PROD-0000828,SUP-000006,Components Product 00828,Components,14.75,19.49,Active
PROD-0000829,SUP-000176,Finished Goods Product 00829,Finished Goods,99.83,244.17,Active
PROD-0000830,SUP-000641,Raw Materials Product 00830,Components,146.8,204.36,Active
PROD-0000831,SUP-000126,Finished Goods Product 00831,Finished Goods,9.64,12.66,Inactive
PROD-0000832,SUP-000848,Raw Materials Product 00832,Components,16.68,38.49,Active
PROD-0000833,SUP-000429,Raw Materials Product 00833,Raw Materials,180.52,234.95,Active
PROD-0000834,SUP-000925,Industrial Parts Product 00834,Industrial Parts,29.51,70.4,Active
PROD-0000835,SUP-000836,Raw Materials Product 00835,Raw Materials,52.91,121.3,Active
PROD-0000836,SUP-000023,Components Product 00836,Components,28.8,38.45,Active
PROD-0000837,SUP-000483,Finished Goods Product 00837,Finished Goods,48.77,76.57,Active
PROD-0000838,SUP-000363,Finished Goods Product 00838,Finished Goods,30.27,55.77,Active
PROD-0000839,SUP-000231,Finished Goods Product 00839,Finished Goods,24.44,32.89,Active
PROD-0000840,SUP-000772,Finished Goods Product 00840,Finished Goods,16.94,21.65,Active
PROD-0000841,SUP-000376,Finished Goods Product 00841,Finished Goods,34.18,72.69,Active
PROD-0000842,SUP-000085,Raw Materials Product 00842,Raw Materials,33.01,67.25,Active
PROD-0000843,SUP-000628,Industrial Parts Product 00843,Industrial Parts,66.0,108.28,Active
PROD-0000844,SUP-000709,Finished Goods Product 00844,Finished Goods,28.09,45.31,Active
PROD-0000845,SUP-000491,Finished Goods Product 00845,Finished Goods,16.38,26.09,Active
PROD-0000846,SUP-000530,Packaging Product 00846,Packaging,16.63,24.54,Active
PROD-0000847,SUP-000945,Industrial Parts Product 00847,Industrial Parts,26.88,57.56,Active
PROD-0000848,SUP-000293,Raw Materials Product 00848,Raw Materials,9.28,12.08,Active
PROD-0000849,SUP-000888,Raw Materials Product 00849,Raw Materials,58.15,75.56,Active
PROD-0000850,SUP-000437,Industrial Parts Product 00850,Industrial Parts,50.64,92.62,Active
PROD-0000851,SUP-000212,Industrial Parts Product 00851,Industrial Parts,160.15,268.68,Active
PROD-0000852,SUP-000101,Components Product 00852,Components,10.38,20.8,Active
PROD-0000853,SUP-000512,Raw Materials Product 00853,Raw Materials,24.0,37.39,Active
PROD-0000854,SUP-000299,Components Product 00854,Components,17.64,38.28,Active
PROD-0000855,SUP-000696,Components Product 00855,Components,76.96,156.96,Active
PROD-0000856,SUP-000228,Finished Goods Product 00856,Finished Goods,64.78,158.18,Active
PROD-0000857,SUP-000858,Components Product 00857,Components,38.54,87.59,Active
PROD-0000858,SUP-000706,Components Product 00858,Components,42.03,51.8,Active
PROD-0000859,SUP-000510,Raw Materials Product 00859,Raw Materials,86.89,105.85,Active
PROD-0000860,SUP-000938,Components Product 00860,Components,26.44,35.69,Active
PROD-0000861,SUP-000010,Industrial Parts Product 00861,Industrial Parts,54.01,74.32,Active
PROD-0000862,SUP-000821,Industrial Parts Product 00862,Industrial Parts,51.1,94.92,Active
PROD-0000863,SUP-000589,Raw Materials Product 00863,Raw Materials,17.43,25.61,Active
PROD-0000864,SUP-000482,Finished Goods Product 00864,Finished Goods,16.67,34.64,Active
PROD-0000865,SUP-000841,Components Product 00865,Components,18.59,43.98,Active
PROD-0000866,SUP-000289,Packaging Product 00866,Packaging,93.92,157.98,Active
PROD-0000867,SUP-000332,Industrial Parts Product 00867,Industrial Parts,57.49,77.73,Active
PROD-0000868,SUP-000210,Industrial Parts Product 00868,Industrial Parts,95.06,134.79,Active
PROD-0000869,SUP-000076,Components Product 00869,Components,19.05,45.36,Active
PROD-0000870,SUP-000138,Components Product 00870,Components,121.56,260.93,Active
PROD-0000871,SUP-000823,Finished Goods Product 00871,Finished Goods,16.84,30.23,Active
PROD-0000872,SUP-000088,Components Product 00872,Components,9.04,18.38,Active
PROD-0000873,SUP-000459,Raw Materials Product 00873,Raw Materials,4.6,9.06,Active
PROD-0000874,SUP-000798,Raw Materials Product 00874,Raw Materials,25.36,40.66,Active
PROD-0000875,SUP-000311,Components Product 00875,Components,28.87,38.85,Active
PROD-0000876,SUP-000797,Finished Goods Product 00876,Finished Goods,18.2,28.43,Active
PROD-0000877,SUP-000071,Raw Materials Product 00877,Raw Materials,6.1,12.11,Active
PROD-0000878,SUP-000915,Finished Goods Product 00878,Finished Goods,66.2,125.19,Active
PROD-0000879,SUP-000402,Finished Goods Product 00879,Finished Goods,35.8,69.08,Active
PROD-0000880,SUP-000842,Industrial Parts Product 00880,Industrial Parts,51.67,71.15,Active
PROD-0000881,SUP-000726,Components Product 00881,Components,99.08,154.51,Active
PROD-0000882,SUP-000690,Raw Materials Product 00882,Raw Materials,7.87,13.53,Active
PROD-0000883,SUP-000725,Finished Goods Product 00883,Finished Goods,70.92,92.27,Active
PROD-0000884,SUP-000016,Components Product 00884,Components,43.69,107.25,Active
PROD-0000885,SUP-000199,Components Product 00885,Components,75.24,102.49,Active
PROD-0000886,SUP-000502,Finished Goods Product 00886,Finished Goods,89.46,123.39,Active
PROD-0000887,SUP-000663,Finished Goods Product 00887,Finished Goods,29.18,59.44,Active
PROD-0000888,SUP-000695,Industrial Parts Product 00888,Industrial Parts,404.05,781.19,Active
PROD-0000889,SUP-000556,Finished Goods Product 00889,Finished Goods,94.34,177.85,Active
PROD-0000890,SUP-000989,Components Product 00890,Components,25.26,46.31,Active
PROD-0000891,SUP-000650,Industrial Parts Product 00891,Industrial Parts,18.31,41.2,Active
PROD-0000892,SUP-000123,Finished Goods Product 00892,Finished Goods,12.41,15.5,Active
PROD-0000893,SUP-000136,Finished Goods Product 00893,Finished Goods,21.39,44.35,Active
PROD-0000894,SUP-000944,Components Product 00894,Components,43.11,85.77,Active
PROD-0000895,SUP-000658,Components Product 00895,Components,24.73,42.32,Active
PROD-0000896,SUP-000072,Components Product 00896,Components,80.35,110.28,Inactive
PROD-0000897,SUP-000454,Finished Goods Product 00897,Finished Goods,92.39,128.73,Active
PROD-0000898,SUP-000463,Industrial Parts Product 00898,Industrial Parts,54.59,100.81,Active
PROD-0000899,SUP-000719,Packaging Product 00899,Packaging,28.2,56.06,Active
PROD-0000900,SUP-000539,Industrial Parts Product 00900,Industrial Parts,95.72,204.26,Active
PROD-0000901,SUP-000923,Finished Goods Product 00901,Finished Goods,36.52,58.1,Active
PROD-0000902,SUP-000499,Finished Goods Product 00902,Finished Goods,169.41,404.87,Active
PROD-0000903,SUP-000464,Industrial Parts Product 00903,Industrial Parts,8.26,15.97,Active
PROD-0000904,SUP-000409,Components Product 00904,Components,39.54,86.2,Active
PROD-0000905,SUP-000508,Finished Goods Product 00905,Finished Goods,51.77,119.57,Active
PROD-0000906,SUP-000785,Finished Goods Product 00906,Finished Goods,146.53,285.74,Active
PROD-0000907,SUP-000808,Finished Goods Product 00907,Finished Goods,27.55,60.46,Active
PROD-0000908,SUP-000091,Raw Materials Product 00908,Raw Materials,63.31,84.78,Active
PROD-0000909,SUP-000706,Industrial Parts Product 00909,Industrial Parts,5.92,60.46,Active
PROD-0000910,SUP-000664,Packaging Product 00910,Packaging,30.36,75.45,Active
PROD-0000911,SUP-000906,Packaging Product 00911,Packaging,62.41,93.51,Active
PROD-0000912,SUP-000473,Raw Materials Product 00912,Raw Materials,48.73,68.59,Active
PROD-0000913,SUP-000207,Packaging Product 00913,Packaging,27.17,52.28,Active
PROD-0000914,SUP-000644,Industrial Parts Product 00914,Industrial Parts,15.01,22.81,Active
PROD-0000915,SUP-000873,Packaging Product 00915,Packaging,32.27,40.89,Active
PROD-0000916,SUP-000372,Raw Materials Product 00916,Raw Materials,36.37,61.51,Active
PROD-0000917,SUP-000307,Components Product 00917,Components,34.39,54.18,Inactive
PROD-0000918,SUP-000853,Industrial Parts Product 00918,Industrial Parts,174.54,282.98,Active
PROD-0000919,SUP-000561,Packaging Product 00919,Packaging,17.44,60.46,Active
PROD-0000920,SUP-000418,Components Product 00920,Components,83.71,186.73,Active
PROD-0000921,SUP-000216,Raw Materials Product 00921,Raw Materials,49.56,73.75,Active
PROD-0000922,SUP-000223,Finished Goods Product 00922,Finished Goods,24.86,33.31,Active
PROD-0000923,SUP-000011,Industrial Parts Product 00923,Industrial Parts,62.73,102.45,Active
PROD-0000924,SUP-000279,Finished Goods Product 00924,Finished Goods,120.22,260.39,Active
PROD-0000925,SUP-000343,Components Product 00925,Components,10.53,21.85,Active
PROD-0000926,SUP-000776,Finished Goods Product 00926,Finished Goods,211.9,358.47,Active
PROD-0000927,SUP-000532,Industrial Parts Product 00927,Industrial Parts,157.22,286.11,Active
PROD-0000928,SUP-000269,Industrial Parts Product 00928,Industrial Parts,79.59,146.18,Active
PROD-0000929,SUP-000538,Raw Materials Product 00929,Raw Materials,26.67,58.17,Active
PROD-0000930,SUP-000656,Components Product 00930,Components,20.57,47.78,Active
PROD-0000931,SUP-000081,Packaging Product 00931,Packaging,247.83,575.81,Active
PROD-0000932,SUP-000823,Finished Goods Product 00932,Finished Goods,73.04,150.02,Active
PROD-0000933,SUP-000678,Finished Goods Product 00933,Finished Goods,95.74,170.44,Active
PROD-0000934,SUP-000320,Raw Materials Product 00934,Raw Materials,199.93,353.45,Active
PROD-0000935,SUP-000576,Finished Goods Product 00935,Finished Goods,127.96,269.08,Active
PROD-0000936,SUP-000936,Finished Goods Product 00936,Finished Goods,28.97,38.92,Active
PROD-0000937,SUP-000568,Components Product 00937,Components,18.47,25.96,Active
PROD-0000938,SUP-000661,Finished Goods Product 00938,Finished Goods,18.62,42.9,Active
PROD-0000939,SUP-000526,Components Product 00939,Components,30.14,68.47,Active
PROD-0000940,SUP-000906,Finished Goods Product 00940,Finished Goods,13.48,27.96,Active
PROD-0000941,SUP-000546,Components Product 00941,Components,40.49,92.2,Active
PROD-0000942,SUP-000805,Raw Materials Product 00942,Raw Materials,10.95,21.29,Active
PROD-0000943,SUP-000054,Raw Materials Product 00943,Raw Materials,106.21,197.09,Active
PROD-0000944,SUP-000884,Components Product 00944,Components,136.69,231.58,Inactive
PROD-0000945,SUP-000903,Industrial Parts Product 00945,Industrial Parts,56.26,81.4,Inactive
PROD-0000946,SUP-000926,Raw Materials Product 00946,Raw Materials,55.9,101.66,Active
PROD-0000947,SUP-000123,Industrial Parts Product 00947,Industrial Parts,73.84,175.27,Active
PROD-0000948,SUP-000261,Components Product 00948,Components,16.26,25.62,Active
PROD-0000949,SUP-000984,Industrial Parts Product 00949,Industrial Parts,18.11,21.94,Active
PROD-0000950,SUP-000011,Packaging Product 00950,Packaging,50.47,100.3,Active
PROD-0000951,SUP-000335,Raw Materials Product 00951,Components,6.76,14.4,Active
PROD-0000952,SUP-000047,Raw Materials Product 00952,Raw Materials,42.99,87.77,Active
PROD-0000953,SUP-000918,Industrial Parts Product 00953,Industrial Parts,87.26,122.48,Active
PROD-0000954,SUP-000417,Packaging Product 00954,Packaging,18.22,33.4,Active
PROD-0000955,SUP-000383,Finished Goods Product 00955,Finished Goods,72.47,118.88,Active
PROD-0000956,SUP-000796,Finished Goods Product 00956,Finished Goods,49.78,123.76,Active
PROD-0000957,SUP-000112,Finished Goods Product 00957,Finished Goods,30.61,61.8,Active
PROD-0000958,SUP-000311,Raw Materials Product 00958,Raw Materials,17.76,34.83,Active
PROD-0000959,SUP-000465,Finished Goods Product 00959,Finished Goods,33.15,82.27,Active
PROD-0000960,SUP-000076,Raw Materials Product 00960,Raw Materials,29.85,56.96,Active
PROD-0000961,SUP-000366,Packaging Product 00961,Packaging,39.1,48.74,Inactive
PROD-0000962,SUP-000051,Packaging Product 00962,Packaging,25.35,42.95,Active
PROD-0000963,SUP-000401,Components Product 00963,Components,21.6,47.82,Active
PROD-0000964,SUP-000752,Components Product 00964,Components,30.64,70.96,Active
PROD-0000965,SUP-000625,Components Product 00011,Industrial Parts,45.16,68.72,Active
PROD-0000966,SUP-000427,Industrial Parts Product 00966,Industrial Parts,105.88,160.52,Active
PROD-0000967,SUP-000914,Finished Goods Product 00967,Finished Goods,64.26,144.54,Active
PROD-0000968,SUP-000213,Industrial Parts Product 00968,Industrial Parts,14.33,27.68,Active
PROD-0000969,SUP-000936,Industrial Parts Product 00969,Industrial Parts,48.42,64.86,Active
PROD-0000970,SUP-000555,Industrial Parts Product 00970,Industrial Parts,71.0,98.56,Active
PROD-0000971,SUP-000497,Components Product 00971,Components,92.28,123.17,Active
PROD-0000972,SUP-000284,Finished Goods Product 00972,Finished Goods,31.07,51.41,Active
PROD-0000973,SUP-000640,Components Product 00973,Components,337.26,594.65,Active
PROD-0000974,SUP-000950,Raw Materials Product 00974,Components,48.25,116.35,Active
PROD-0000975,SUP-000336,Finished Goods Product 00975,Finished Goods,25.22,62.26,Active
PROD-0000976,SUP-000707,Components Product 00011,Components,10.77,18.29,Active
PROD-0000977,SUP-000367,Industrial Parts Product 00977,Industrial Parts,70.63,166.87,Active
PROD-0000978,SUP-000115,Industrial Parts Product 00978,Industrial Parts,23.84,32.85,Active
PROD-0000979,SUP-000156,Components Product 00979,Components,11.34,22.88,Active
PROD-0000980,SUP-000294,Components Product 00980,Components,30.33,42.53,Active
PROD-0000981,SUP-000691,Raw Materials Product 00981,Raw Materials,157.27,335.91,Active
PROD-0000982,SUP-000581,Raw Materials Product 00982,Raw Materials,29.44,46.83,Active
PROD-0000983,SUP-000856,Components Product 00983,Components,21.92,48.22,Active
PROD-0000984,SUP-000373,Components Product 00984,Components,17.53,43.45,Active
PROD-0000985,SUP-000024,Industrial Parts Product 00985,Industrial Parts,188.94,344.95,Active
PROD-0000986,SUP-000224,Packaging Product 00986,Packaging,23.98,56.01,Active
PROD-0000987,SUP-000470,Finished Goods Product 00987,Finished Goods,34.92,47.74,Active
PROD-0000988,SUP-000208,Finished Goods Product 00988,Finished Goods,58.52,91.81,Active
PROD-0000989,SUP-000249,Industrial Parts Product 00989,Industrial Parts,9.35,22.69,Active
PROD-0000990,SUP-000934,Finished Goods Product 00990,Finished Goods,17.09,20.78,Active
PROD-0000991,SUP-000861,Components Product 00991,Components,28.84,5967.0,Active
PROD-0000992,SUP-000423,Components Product 00992,Components,20.99,26.83,Active
PROD-0000993,SUP-000526,Industrial Parts Product 00993,Industrial Parts,26.24,62.17,Active
PROD-0000994,SUP-000198,Industrial Parts Product 00994,Industrial Parts,219.5,302.3,Active
PROD-0000995,SUP-000267,Packaging Product 00995,Packaging,120.73,243.6,Active
PROD-0000996,SUP-000860,Industrial Parts Product 00996,Industrial Parts,9.56,16.91,Active
PROD-0000997,SUP-000735,Packaging Product 00997,Packaging,27.28,56.46,Active
PROD-0000998,SUP-000490,Packaging Product 00998,Packaging,92.23,142.01,Active
PROD-0000999,SUP-000311,Raw Materials Product 00999,Raw Materials,27.96,50.93,Active
PROD-0001000,SUP-000791,Components Product 01000,Components,15.27,33.3,Active
PROD-0001001,SUP-000991,Components Product 01001,Components,85.53,5967.0,Active
PROD-0001002,SUP-000113,Finished Goods Product 01002,Finished Goods,40.35,94.06,Active
PROD-0001003,SUP-000268,Finished Goods Product 01003,Finished Goods,14.26,22.23,Active
PROD-0001004,SUP-000638,Components Product 01004,Components,20.09,37.37,Active
PROD-0001005,SUP-000228,Raw Materials Product 01005,Raw Materials,26.73,53.35,Active
PROD-0001006,SUP-000975,Raw Materials Product 01006,Raw Materials,19.31,28.85,Active
PROD-0001007,SUP-000176,Finished Goods Product 01007,Finished Goods,15.16,18.3,Inactive
PROD-0001008,SUP-000322,Finished Goods Product 01008,Finished Goods,59.05,103.92,Active
PROD-0001009,SUP-000807,Industrial Parts Product 01009,Industrial Parts,19.8,47.34,Active
PROD-0001010,SUP-000550,Components Product 01010,Components,8.26,14.25,Active
PROD-0001011,SUP-000017,Finished Goods Product 01011,Finished Goods,66.84,142.73,Active
PROD-0001012,SUP-000909,Components Product 01012,Components,38.4,82.38,Active
PROD-0001013,SUP-000352,Components Product 01013,Components,21.43,50.79,Active
PROD-0001014,SUP-000764,Finished Goods Product 01014,Finished Goods,65.2,147.4,Active
PROD-0001015,SUP-000085,Industrial Parts Product 01015,Industrial Parts,34.4,61.18,Active
PROD-0001016,SUP-000217,Industrial Parts Product 01016,Industrial Parts,43.3,71.6,Active
PROD-0001017,SUP-000314,Finished Goods Product 01017,Finished Goods,33.4,73.79,Active
PROD-0001018,SUP-000558,Finished Goods Product 01018,Finished Goods,39.3,59.91,Active
PROD-0001019,SUP-000363,Packaging Product 01019,Packaging,37.58,73.76,Active
PROD-0001020,SUP-000911,Industrial Parts Product 01020,Industrial Parts,58.18,74.13,Active
PROD-0001021,SUP-000263,Industrial Parts Product 01021,Industrial Parts,17.2,24.85,Active
PROD-0001022,SUP-000848,Raw Materials Product 01022,Raw Materials,30.67,49.6,Active
PROD-0001023,SUP-000514,Industrial Parts Product 01023,Industrial Parts,48.99,111.58,Active
PROD-0001024,SUP-000681,Components Product 01024,Components,11.75,14.64,Active
PROD-0001025,SUP-000125,Packaging Product 01025,Packaging,41.51,60.46,Active
PROD-0001026,SUP-000263,Finished Goods Product 01026,Finished Goods,28.51,47.35,Active
PROD-0001027,SUP-000665,Components Product 01027,Components,58.86,145.11,Active
PROD-0001028,SUP-000196,Raw Materials Product 01028,Raw Materials,36.62,67.8,Active
PROD-0001029,SUP-000059,Packaging Product 01029,Packaging,60.38,107.64,Active
PROD-0001030,SUP-000263,Packaging Product 01030,Packaging,80.02,120.89,Active
PROD-0001031,SUP-000611,Components Product 01031,Components,11.3,19.79,Active
PROD-0001032,SUP-000801,Industrial Parts Product 01032,Industrial Parts,52.04,85.86,Active
PROD-0001033,SUP-000370,Packaging Product 01033,Packaging,114.28,279.39,Active
PROD-0001034,SUP-000349,Finished Goods Product 01034,Finished Goods,36.46,52.93,Active
PROD-0001035,SUP-000125,Components Product 01035,Components,46.8,93.84,Active
PROD-0001036,SUP-000672,Industrial Parts Product 01036,Industrial Parts,30.15,42.26,Active
PROD-0001037,SUP-000519,Industrial Parts Product 01037,Industrial Parts,61.19,92.86,Active
PROD-0001038,SUP-000477,Raw Materials Product 01038,Raw Materials,40.45,100.84,Active
PROD-0001039,SUP-000592,Finished Goods Product 01039,Finished Goods,33.14,186.7,Active
PROD-0001040,SUP-000125,Finished Goods Product 01040,Finished Goods,48.76,94.08,Active
PROD-0001041,SUP-000865,Components Product 01041,Components,9.37,14.75,Active
PROD-0001042,SUP-000103,Industrial Parts Product 01042,Industrial Parts,48.52,62.19,Active
PROD-0001043,SUP-000612,Finished Goods Product 01043,Finished Goods,24.87,51.01,Active
PROD-0001044,SUP-000696,Finished Goods Product 01044,Finished Goods,32.8,72.74,Active
PROD-0001045,SUP-000983,Components Product 01045,Components,11.12,22.27,Active
PROD-0001046,SUP-000561,Industrial Parts Product 01046,Industrial Parts,10.36,21.14,Active
PROD-0001047,SUP-000975,Packaging Product 01047,Packaging,34.93,62.8,Active
PROD-0001048,SUP-000865,Raw Materials Product 01048,Raw Materials,152.31,202.97,Active
PROD-0001049,SUP-000965,Raw Materials Product 01049,Raw Materials,8.03,17.47,Active
PROD-0001050,SUP-000950,Components Product 01050,Components,14.52,27.79,Active
PROD-0001051,SUP-000647,Finished Goods Product 01051,Finished Goods,33.55,46.74,Active
PROD-0001052,SUP-000294,Finished Goods Product 01052,Finished Goods,111.43,252.52,Active
PROD-0001053,SUP-000840,Components Product 01053,Components,38.08,71.81,Active
PROD-0001054,SUP-000436,Raw Materials Product 01054,Raw Materials,9.63,18.74,Active
PROD-0001055,SUP-000828,Raw Materials Product 01055,Raw Materials,13.83,32.24,Active
PROD-0001056,SUP-000394,Industrial Parts Product 01056,Industrial Parts,16.43,31.32,Active
PROD-0001057,SUP-000054,Raw Materials Product 01057,Raw Materials,31.34,38.66,Active
PROD-0001058,SUP-000870,Industrial Parts Product 01058,Industrial Parts,71.52,120.19,Active
PROD-0001059,SUP-000115,Industrial Parts Product 01059,Industrial Parts,88.58,153.23,Active
PROD-0001060,SUP-000736,Components Product 01060,Components,19.85,42.85,Active
PROD-0001061,SUP-000059,Raw Materials Product 01061,Raw Materials,44.14,107.31,Active
PROD-0001062,SUP-000412,Components Product 01062,Components,51.96,69.2,Active
PROD-0001063,SUP-000482,Raw Materials Product 01063,Raw Materials,142.27,343.62,Active
PROD-0001064,SUP-000898,Raw Materials Product 01064,Raw Materials,73.21,124.51,Active
PROD-0001065,SUP-000086,Packaging Product 01065,Packaging,9.64,15.43,Active
PROD-0001066,SUP-000384,Components Product 01066,Components,201.51,281.94,Active
PROD-0001067,SUP-000487,Packaging Product 01067,Packaging,57.75,131.42,Active
PROD-0001068,SUP-000642,Packaging Product 01068,Packaging,33.14,127.19,Active
PROD-0001069,SUP-000606,Industrial Parts Product 01069,Industrial Parts,44.63,56.41,Active
PROD-0001070,SUP-000279,Finished Goods Product 01070,Finished Goods,26.08,60.61,Active
PROD-0001071,SUP-000115,Finished Goods Product 01071,Finished Goods,49.26,85.28,Active
PROD-0001072,SUP-000229,Packaging Product 01072,Packaging,43.74,91.69,Active
PROD-0001073,SUP-000064,Finished Goods Product 01073,Finished Goods,8.61,21.49,Active
PROD-0001074,SUP-000546,Finished Goods Product 01074,Finished Goods,57.79,71.8,Inactive
PROD-0001075,SUP-000630,Raw Materials Product 01075,Raw Materials,26.07,34.27,Active
PROD-0001076,SUP-000580,Industrial Parts Product 01076,Industrial Parts,46.9,92.2,Active
PROD-0001077,SUP-000211,Components Product 01077,Components,127.27,307.72,Active
PROD-0001078,SUP-000772,Packaging Product 01078,Packaging,10.75,25.27,Active
PROD-0001079,SUP-000191,Finished Goods Product 01079,Finished Goods,4.45,6.88,Active
PROD-0001080,SUP-000695,Components Product 01080,Components,23.27,35.66,Active
PROD-0001081,SUP-000767,Finished Goods Product 01081,Finished Goods,18.88,5967.0,Active
PROD-0001082,SUP-000111,Raw Materials Product 01082,Raw Materials,27.47,67.66,Active
PROD-0001083,SUP-000788,Industrial Parts Product 01083,Industrial Parts,103.92,253.51,Active
PROD-0001084,SUP-000549,Raw Materials Product 01084,Raw Materials,19.79,48.9,Active
PROD-0001085,SUP-000036,Industrial Parts Product 01085,Industrial Parts,41.96,79.68,Active
PROD-0001086,SUP-000990,Industrial Parts Product 01086,Industrial Parts,28.22,53.64,Active
PROD-0001087,SUP-000056,Packaging Product 01087,Packaging,67.81,94.69,Active
PROD-0001088,SUP-000191,Industrial Parts Product 01088,Industrial Parts,64.28,121.62,Active
PROD-0001089,SUP-000478,Industrial Parts Product 01089,Industrial Parts,94.9,154.07,Active
PROD-0001090,SUP-000286,Finished Goods Product 01090,Finished Goods,13.76,18.48,Active
PROD-0001091,SUP-000402,Components Product 01091,Components,80.13,177.85,Active
PROD-0001092,SUP-000385,Finished Goods Product 01092,Finished Goods,37.93,71.33,Active
PROD-0001093,SUP-000651,Components Product 01093,Components,19.43,33.89,Active
PROD-0001094,SUP-000552,Finished Goods Product 01094,Finished Goods,29.19,63.28,Active
PROD-0001095,SUP-000717,Packaging Product 01095,Packaging,41.4,87.96,Active
PROD-0001096,SUP-000762,Components Product 01096,Components,39.5,98.57,Active
PROD-0001097,SUP-000205,Components Product 01097,Components,43.45,104.83,Active
PROD-0001098,SUP-000426,Industrial Parts Product 01098,Industrial Parts,77.37,161.56,Active
PROD-0001099,SUP-000654,Finished Goods Product 01099,Finished Goods,119.6,265.23,Active
PROD-0001100,SUP-000844,Raw Materials Product 01100,Raw Materials,59.95,114.85,Active
PROD-0001101,SUP-000389,Components Product 01101,Components,27.86,44.57,Active
PROD-0001102,SUP-000816,Raw Materials Product 01102,Raw Materials,21.14,42.18,Active
PROD-0001103,SUP-000450,Finished Goods Product 01103,Finished Goods,32.47,63.16,Active
PROD-0001104,SUP-000687,Packaging Product 01104,Packaging,67.38,166.37,Active
PROD-0001105,SUP-000105,Raw Materials Product 01105,Raw Materials,87.05,216.96,Active
PROD-0001106,SUP-000983,Finished Goods Product 01106,Finished Goods,23.45,45.35,Active
PROD-0001107,SUP-000564,Raw Materials Product 01107,Raw Materials,13.41,19.65,Active
PROD-0001108,SUP-000167,Industrial Parts Product 01108,Industrial Parts,28.5,59.52,Active
PROD-0001109,SUP-000659,Industrial Parts Product 01109,Industrial Parts,40.79,63.89,Active
PROD-0001110,SUP-000704,Finished Goods Product 01110,Finished Goods,18.21,27.7,Active
PROD-0001111,SUP-000046,Industrial Parts Product 01111,Industrial Parts,17.38,35.18,Active
PROD-0001112,SUP-000611,Finished Goods Product 01112,Finished Goods,11.41,15.24,Active
PROD-0001113,SUP-000540,Industrial Parts Product 01113,Industrial Parts,18.82,25.81,Active
PROD-0001114,SUP-000344,Finished Goods Product 01114,Finished Goods,46.91,99.04,Active
PROD-0001115,SUP-000470,Components Product 01115,Components,25.75,54.48,Active
PROD-0001116,SUP-000439,Raw Materials Product 01116,Raw Materials,47.94,90.93,Active
PROD-0001117,SUP-000099,Industrial Parts Product 01117,Industrial Parts,28.89,54.34,Active
PROD-0001118,SUP-000287,Components Product 01118,Components,10.62,21.34,Active
PROD-0001119,SUP-000157,Finished Goods Product 01119,Finished Goods,22.57,47.13,Active
PROD-0001120,SUP-000194,Finished Goods Product 01120,Finished Goods,57.07,127.99,Active
PROD-0001121,SUP-000408,Packaging Product 01121,Packaging,39.85,67.84,Inactive
PROD-0001122,SUP-000320,Industrial Parts Product 01122,Industrial Parts,5.77,8.79,Active
PROD-0001123,SUP-000366,Components Product 01123,Components,69.93,167.34,Active
PROD-0001124,SUP-000197,Components Product 01124,Components,16.13,22.72,Active
PROD-0001125,SUP-000583,Industrial Parts Product 01125,Industrial Parts,17.2,27.69,Active
PROD-0001126,SUP-000351,Industrial Parts Product 01126,Industrial Parts,120.41,174.98,Active
PROD-0001127,SUP-000978,Industrial Parts Product 01127,Industrial Parts,6.68,10.29,Active
PROD-0001128,SUP-000124,Industrial Parts Product 01128,Industrial Parts,19.24,38.89,Active
PROD-0001129,SUP-000100,Industrial Parts Product 01129,Industrial Parts,143.09,187.61,Active
PROD-0001130,SUP-000205,Finished Goods Product 01130,Finished Goods,89.18,129.31,Active
PROD-0001131,SUP-000417,Finished Goods Product 01131,Finished Goods,385.21,710.24,Active
PROD-0001132,SUP-000436,Raw Materials Product 01132,Raw Materials,27.85,53.78,Active
PROD-0001133,SUP-000628,Packaging Product 01133,Packaging,43.51,85.04,Active
PROD-0001134,SUP-000812,Packaging Product 01134,Packaging,78.84,193.06,Active
PROD-0001135,SUP-000696,Raw Materials Product 01135,Raw Materials,11.17,15.89,Active
PROD-0001136,SUP-000285,Finished Goods Product 01136,Finished Goods,33.23,42.93,Active
PROD-0001137,SUP-000181,Components Product 01137,Components,19.58,36.18,Active
PROD-0001138,SUP-000831,Finished Goods Product 01138,Finished Goods,13.8,23.83,Active
PROD-0001139,SUP-000539,Finished Goods Product 01139,Finished Goods,16.94,37.86,Active
PROD-0001140,SUP-000047,Packaging Product 01140,Packaging,49.39,59.5,Active
PROD-0001141,SUP-000152,Finished Goods Product 01141,Finished Goods,21.36,60.46,Active
PROD-0001142,SUP-000232,Industrial Parts Product 01142,Industrial Parts,40.04,86.72,Active
PROD-0001143,SUP-000867,Finished Goods Product 01143,Finished Goods,35.53,63.62,Active
PROD-0001144,SUP-000751,Components Product 01144,Components,45.67,101.53,Active
PROD-0001145,SUP-000866,Finished Goods Product 01145,Finished Goods,105.08,219.9,Active
PROD-0001146,SUP-000935,Finished Goods Product 01146,Finished Goods,15.61,22.76,Active
PROD-0001147,SUP-000078,Components Product 01147,Components,43.56,64.46,Active
PROD-0001148,SUP-000053,Finished Goods Product 01148,Finished Goods,67.81,111.15,Active
PROD-0001149,SUP-000591,Packaging Product 01149,Packaging,21.42,51.99,Active
PROD-0001150,SUP-000839,Industrial Parts Product 01150,Industrial Parts,112.91,203.52,Active
PROD-0001151,SUP-000130,Finished Goods Product 01151,Finished Goods,16.76,24.3,Active
PROD-0001152,SUP-000547,Components Product 01152,Components,94.94,137.28,Active
PROD-0001153,SUP-000728,Finished Goods Product 01153,Finished Goods,64.39,159.61,Active
PROD-0001154,SUP-000445,Raw Materials Product 01154,Raw Materials,24.82,60.05,Active
PROD-0001155,SUP-000213,Finished Goods Product 01155,Finished Goods,153.24,343.42,Inactive
PROD-0001156,SUP-000300,Components Product 01156,Components,13.25,32.75,Active
PROD-0001157,SUP-000517,Finished Goods Product 01157,Finished Goods,44.94,107.64,Active
PROD-0001158,SUP-000361,Packaging Product 01158,Packaging,11.22,15.89,Active
PROD-0001159,SUP-000875,Industrial Parts Product 01159,Industrial Parts,34.1,56.69,Active
PROD-0001160,SUP-000857,Industrial Parts Product 01160,Industrial Parts,23.53,60.46,Active
PROD-0001161,SUP-000207,Components Product 01161,Components,18.99,29.62,Active
PROD-0001162,SUP-000973,Raw Materials Product 01162,Raw Materials,48.31,82.98,Active
PROD-0001163,SUP-000294,Industrial Parts Product 01163,Industrial Parts,39.59,82.53,Active
PROD-0001164,SUP-000763,Industrial Parts Product 01164,Industrial Parts,49.74,109.11,Active
PROD-0001165,SUP-000660,Finished Goods Product 01165,Finished Goods,27.77,60.0,Active
PROD-0001166,SUP-000053,Raw Materials Product 01166,Raw Materials,14.62,29.49,Active
PROD-0001167,SUP-000641,Industrial Parts Product 01167,Industrial Parts,62.37,118.08,Inactive
PROD-0001168,SUP-000659,Finished Goods Product 01168,Finished Goods,83.14,152.2,Active
PROD-0001169,SUP-000418,Packaging Product 01169,Packaging,29.17,50.14,Active
PROD-0001170,SUP-000127,Raw Materials Product 01170,Raw Materials,83.29,201.37,Active
PROD-0001171,SUP-000334,Raw Materials Product 01171,Raw Materials,170.36,404.57,Active
PROD-0001172,SUP-000939,Raw Materials Product 01172,Raw Materials,108.63,266.82,Active
PROD-0001173,SUP-000018,Industrial Parts Product 01173,Industrial Parts,45.61,83.64,Active
PROD-0001174,SUP-000368,Finished Goods Product 01174,Finished Goods,21.54,32.02,Active
PROD-0001175,SUP-000069,Packaging Product 01175,Packaging,13.53,19.57,Active
PROD-0001176,SUP-000706,Raw Materials Product 01176,Raw Materials,62.45,104.31,Active
PROD-0001177,SUP-000464,Packaging Product 01177,Packaging,21.76,42.44,Active
PROD-0001178,SUP-000469,Finished Goods Product 01178,Finished Goods,63.31,123.35,Active
PROD-0001179,SUP-000790,Raw Materials Product 01179,Raw Materials,15.8,19.66,Active
PROD-0001180,SUP-000716,Raw Materials Product 01180,Raw Materials,99.96,248.31,Active
PROD-0001181,SUP-000993,Components Product 01181,Components,22.6,42.17,Active
PROD-0001182,SUP-000488,Industrial Parts Product 01182,Industrial Parts,14.31,34.93,Active
PROD-0001183,SUP-000929,Raw Materials Product 01183,Raw Materials,36.99,68.66,Active
PROD-0001184,SUP-000118,Industrial Parts Product 01184,Industrial Parts,17.23,40.93,Active
PROD-0001185,SUP-000593,Raw Materials Product 01185,Raw Materials,17.05,31.48,Active
PROD-0001186,SUP-000042,Finished Goods Product 01186,Finished Goods,65.31,114.54,Active
PROD-0001187,SUP-000351,Raw Materials Product 01187,Raw Materials,22.76,53.8,Active
PROD-0001188,SUP-000117,Components Product 01188,Components,66.47,86.09,Active
PROD-0001189,SUP-000558,Raw Materials Product 01189,Raw Materials,50.11,61.29,Active
PROD-0001190,SUP-000424,Raw Materials Product 01190,Raw Materials,32.2,58.57,Active
PROD-0001191,SUP-000405,Components Product 01191,Components,30.55,63.38,Active
PROD-0001192,SUP-000613,Raw Materials Product 01192,Raw Materials,21.73,45.91,Active
PROD-0001193,SUP-000717,Industrial Parts Product 01193,Industrial Parts,20.75,41.44,Active
PROD-0001194,SUP-000361,Finished Goods Product 01194,Finished Goods,42.6,56.94,Active
PROD-0001195,SUP-000839,Components Product 01195,Components,59.51,135.18,Active
PROD-0001196,SUP-000889,Raw Materials Product 01196,Raw Materials,57.19,105.88,Active
PROD-0001197,SUP-000396,Raw Materials Product 01197,Raw Materials,107.0,166.99,Active
PROD-0001198,SUP-000799,Industrial Parts Product 01198,Industrial Parts,36.17,49.03,Active
PROD-0001199,SUP-000040,Components Product 01199,Components,131.33,282.06,Active
PROD-0001200,SUP-000637,Raw Materials Product 01200,Raw Materials,35.1,49.65,Active
PROD-0001201,SUP-000941,Components Product 01201,Components,43.1,83.12,Active
PROD-0001202,SUP-000467,Components Product 01202,Components,256.21,335.63,Active
PROD-0001203,SUP-000569,Components Product 01203,Components,78.1,167.48,Active
PROD-0001204,SUP-000513,Raw Materials Product 01204,Raw Materials,41.14,58.4,Active
PROD-0001205,SUP-000199,Raw Materials Product 01205,Raw Materials,64.0,125.93,Active
PROD-0001206,SUP-000048,Finished Goods Product 01206,Finished Goods,43.88,64.85,Active
PROD-0001207,SUP-000127,Industrial Parts Product 01207,Industrial Parts,178.03,419.85,Active
PROD-0001208,SUP-000336,Finished Goods Product 01208,Finished Goods,3285.0,3285.0,Active
PROD-0001209,SUP-000259,Packaging Product 01209,Packaging,12.64,31.58,Active
PROD-0001210,SUP-000921,Packaging Product 01210,Packaging,32.21,62.67,Inactive
PROD-0001211,SUP-000850,Industrial Parts Product 01211,Industrial Parts,24.04,37.66,Active
PROD-0001212,SUP-000164,Industrial Parts Product 01212,Industrial Parts,24.58,39.91,Active
PROD-0001213,SUP-000226,Components Product 01213,Components,12.28,29.81,Active
PROD-0001214,SUP-000625,Raw Materials Product 01214,Raw Materials,82.18,181.31,Active
PROD-0001215,SUP-000337,Finished Goods Product 01215,Finished Goods,59.74,107.66,Active
PROD-0001216,SUP-000630,Industrial Parts Product 01216,Industrial Parts,159.39,346.91,Active
PROD-0001217,SUP-000927,Finished Goods Product 01217,Finished Goods,51.66,83.12,Active
PROD-0001218,SUP-000263,Finished Goods Product 01218,Finished Goods,79.8,160.15,Active
PROD-0001219,SUP-000095,Components Product 01219,Components,32.9,43.94,Active
PROD-0001220,SUP-000283,Raw Materials Product 01220,Raw Materials,22.9,32.61,Active
PROD-0001221,SUP-000130,Industrial Parts Product 01221,Industrial Parts,17.45,37.64,Active
PROD-0001222,SUP-000232,Components Product 01222,Components,86.99,133.73,Active
PROD-0001223,SUP-000503,Raw Materials Product 01223,Raw Materials,64.13,114.82,Active
PROD-0001224,SUP-000701,Packaging Product 01224,Packaging,57.57,88.07,Active
PROD-0001225,SUP-000778,Finished Goods Product 01225,Finished Goods,21.71,33.95,Inactive
PROD-0001226,SUP-000296,Finished Goods Product 01226,Finished Goods,134.01,200.79,Active
PROD-0001227,SUP-000106,Industrial Parts Product 01227,Industrial Parts,27.82,60.46,Active
PROD-0001228,SUP-000622,Raw Materials Product 01228,Raw Materials,33.64,82.43,Active
PROD-0001229,SUP-000081,Industrial Parts Product 01229,Industrial Parts,25.78,32.74,Active
PROD-0001230,SUP-000268,Components Product 01230,Components,43.09,95.89,Active
PROD-0001231,SUP-000219,Finished Goods Product 01231,Finished Goods,86.6,200.26,Active
PROD-0001232,SUP-000149,Industrial Parts Product 01232,Industrial Parts,33.14,79.77,Active
PROD-0001233,SUP-000144,Finished Goods Product 01233,Finished Goods,31.78,49.48,Active
PROD-0001234,SUP-000597,Industrial Parts Product 01234,Industrial Parts,15.22,24.11,Active
PROD-0001235,SUP-000492,Finished Goods Product 01235,Finished Goods,128.21,174.57,Active
PROD-0001236,SUP-000321,Components Product 01236,Components,10.99,23.32,Active
PROD-0001237,SUP-000818,Raw Materials Product 01237,Raw Materials,12.29,20.06,Active
PROD-0001238,SUP-000398,Industrial Parts Product 01238,Industrial Parts,51.84,119.93,Active
PROD-0001239,SUP-000715,Components Product 01239,Components,30.42,69.47,Active
PROD-0001240,SUP-000734,Components Product 01240,Components,50.06,97.45,Active
PROD-0001241,SUP-000423,Raw Materials Product 01241,Raw Materials,31.84,57.6,Active
PROD-0001242,SUP-000122,Finished Goods Product 01242,Finished Goods,33.14,33.14,Active
PROD-0001243,SUP-000932,Industrial Parts Product 01243,Industrial Parts,9.93,21.28,Active
PROD-0001244,SUP-000848,Packaging Product 01244,Packaging,8.5,20.66,Active
PROD-0001245,SUP-000098,Industrial Parts Product 01245,Industrial Parts,208.46,452.5,Active
PROD-0001247,SUP-000658,Components Product 00011,Industrial Parts,23.45,34.59,Inactive
PROD-0001248,SUP-000084,Components Product 01248,Components,79.54,182.67,Active
PROD-0001249,SUP-000984,Components Product 01249,Components,72.87,150.79,Active
PROD-0001250,SUP-000465,Finished Goods Product 01250,Finished Goods,18.07,38.81,Active
PROD-0001251,SUP-000643,Industrial Parts Product 01251,Industrial Parts,21.28,31.55,Active
PROD-0001252,SUP-000200,Finished Goods Product 01252,Finished Goods,30.85,53.55,Active
PROD-0001253,SUP-000113,Finished Goods Product 01253,Finished Goods,19.54,25.62,Active
PROD-0001254,SUP-000127,Components Product 01254,Components,57.04,83.2,Active
PROD-0001255,SUP-000619,Industrial Parts Product 01255,Industrial Parts,343.52,484.2,Active
PROD-0001256,SUP-000958,Raw Materials Product 01256,Raw Materials,23.36,31.45,Active
PROD-0001257,SUP-000459,Raw Materials Product 01257,Raw Materials,20.4,50.73,Inactive
PROD-0001258,SUP-000462,Packaging Product 01258,Packaging,59.92,94.76,Active
PROD-0001259,SUP-000145,Components Product 01259,Components,4.49,9.2,Active
PROD-0001260,SUP-000426,Finished Goods Product 01260,Finished Goods,39.33,86.98,Active
PROD-0001261,SUP-000981,Industrial Parts Product 01261,Industrial Parts,15.84,31.57,Active
PROD-0001262,SUP-000415,Finished Goods Product 01262,Finished Goods,119.22,247.5,Active
PROD-0001263,SUP-000231,Industrial Parts Product 01263,Industrial Parts,16.42,25.22,Active
PROD-0001264,SUP-000184,Components Product 01264,Components,31.62,5967.0,Active
PROD-0001265,SUP-000834,Components Product 01265,Components,29.65,63.79,Active
PROD-0001266,SUP-000865,Industrial Parts Product 01266,Industrial Parts,44.56,74.16,Inactive
PROD-0001267,SUP-000761,Components Product 01267,Components,60.7,150.27,Active
PROD-0001268,SUP-000506,Finished Goods Product 01268,Finished Goods,48.77,91.48,Active
PROD-0001269,SUP-000910,Raw Materials Product 01269,Raw Materials,13.96,18.87,Active
PROD-0001270,SUP-000157,Industrial Parts Product 01270,Industrial Parts,40.46,77.93,Active
PROD-0001271,SUP-000112,Finished Goods Product 01271,Finished Goods,77.29,190.27,Active
PROD-0001272,SUP-000669,Finished Goods Product 01272,Finished Goods,19.34,35.65,Active
PROD-0001273,SUP-000281,Packaging Product 01273,Packaging,23.98,40.49,Active
PROD-0001274,SUP-000717,Packaging Product 01274,Packaging,3285.0,3285.0,Active
PROD-0001275,SUP-000393,Components Product 01275,Components,13.17,22.39,Active
PROD-0001276,SUP-000175,Finished Goods Product 01276,Finished Goods,52.55,89.09,Active
PROD-0001277,SUP-000978,Raw Materials Product 01277,Raw Materials,52.28,106.03,Active
PROD-0001278,SUP-000961,Industrial Parts Product 01278,Industrial Parts,12.61,31.18,Active
PROD-0001279,SUP-000273,Components Product 01279,Components,49.24,63.07,Active
PROD-0001280,SUP-000634,Raw Materials Product 01280,Raw Materials,29.55,41.26,Active
PROD-0001281,SUP-000293,Finished Goods Product 01281,Finished Goods,21.66,29.16,Active
PROD-0001282,SUP-000437,Finished Goods Product 01282,Finished Goods,61.84,102.46,Active
PROD-0001283,SUP-000554,Components Product 01283,Components,16.75,25.4,Active
PROD-0001284,SUP-000527,Raw Materials Product 01284,Raw Materials,38.72,86.43,Active
PROD-0001285,SUP-000752,Finished Goods Product 01285,Finished Goods,42.0,80.45,Active
PROD-0001286,SUP-000615,Finished Goods Product 01286,Finished Goods,49.6,64.82,Active
PROD-0001287,SUP-000640,Components Product 01287,Components,97.36,214.16,Active
PROD-0001288,SUP-000995,Finished Goods Product 01288,Finished Goods,50.61,63.08,Active
PROD-0001289,SUP-000996,Components Product 00011,Packaging,38.48,72.4,Active
PROD-0001290,SUP-000931,Components Product 01290,Components,21.11,40.47,Active
PROD-0001291,SUP-000148,Raw Materials Product 01291,Raw Materials,60.85,132.25,Active
PROD-0001292,SUP-000055,Packaging Product 01292,Packaging,51.6,73.13,Active
PROD-0001293,SUP-000046,Industrial Parts Product 01293,Industrial Parts,16.04,38.87,Active
PROD-0001294,SUP-000990,Components Product 01294,Components,27.61,36.03,Active
PROD-0001295,SUP-000644,Components Product 01295,Components,16.57,40.08,Active
PROD-0001296,SUP-000140,Components Product 01296,Components,46.86,74.84,Active
PROD-0001297,SUP-000985,Finished Goods Product 01297,Finished Goods,32.31,65.87,Active
PROD-0001298,SUP-000075,Industrial Parts Product 01298,Industrial Parts,49.13,100.43,Active
PROD-0001299,SUP-000230,Finished Goods Product 01299,Finished Goods,27.05,42.75,Active
PROD-0001300,SUP-000012,Finished Goods Product 01300,Finished Goods,40.49,88.59,Active
PROD-0001301,SUP-000727,Industrial Parts Product 01301,Industrial Parts,43.95,71.59,Active
PROD-0001302,SUP-000958,Industrial Parts Product 01302,Industrial Parts,53.19,105.3,Active
PROD-0001303,SUP-000670,Components Product 01303,Components,35.37,85.09,Active
PROD-0001304,SUP-000713,Raw Materials Product 01304,Raw Materials,14.02,28.06,Active
PROD-0001305,SUP-000141,Finished Goods Product 01305,Finished Goods,72.38,157.05,Active
PROD-0001306,SUP-000256,Components Product 01306,Components,74.33,184.28,Active
PROD-0001307,SUP-000652,Raw Materials Product 01307,Raw Materials,104.67,192.59,Inactive
PROD-0001308,SUP-000245,Industrial Parts Product 01308,Industrial Parts,15.76,31.8,Active
PROD-0001309,SUP-000258,Finished Goods Product 01309,Finished Goods,21.31,26.39,Active
PROD-0001310,SUP-000349,Packaging Product 01310,Packaging,15.06,32.22,Active
PROD-0001311,SUP-000824,Finished Goods Product 01311,Finished Goods,6.19,14.22,Active
PROD-0001312,SUP-000551,Finished Goods Product 01312,Finished Goods,65.62,102.61,Active
PROD-0001313,SUP-000052,Components Product 01313,Components,10.43,13.12,Active
PROD-0001314,SUP-000737,Components Product 01314,Components,56.06,83.95,Active
PROD-0001315,SUP-000120,Finished Goods Product 01315,Finished Goods,10.94,15.07,Active
PROD-0001316,SUP-000135,Industrial Parts Product 01316,Industrial Parts,8.67,19.3,Active
PROD-0001317,SUP-000564,Raw Materials Product 01317,Raw Materials,23.69,45.53,Active
PROD-0001318,SUP-000978,Components Product 01318,Components,46.78,67.64,Active
PROD-0001319,SUP-000761,Finished Goods Product 01319,Finished Goods,8.05,11.68,Active
PROD-0001320,SUP-000875,Raw Materials Product 01320,Raw Materials,3285.0,3285.0,Active
PROD-0001321,SUP-000249,Finished Goods Product 01321,Finished Goods,9.94,17.28,Active
PROD-0001322,SUP-000621,Raw Materials Product 01322,Raw Materials,57.9,104.72,Active
PROD-0001323,SUP-000116,Components Product 01323,Components,32.85,41.04,Inactive
PROD-0001324,SUP-000221,Finished Goods Product 01324,Finished Goods,33.65,64.1,Active
PROD-0001325,SUP-000613,Finished Goods Product 01325,Finished Goods,67.11,146.88,Active
PROD-0001326,SUP-000375,Industrial Parts Product 01326,Industrial Parts,27.62,39.93,Active
PROD-0001327,SUP-000013,Finished Goods Product 01327,Finished Goods,47.01,81.33,Active
PROD-0001328,SUP-000920,Components Product 01328,Components,120.13,263.78,Active
PROD-0001329,SUP-000428,Finished Goods Product 01329,Finished Goods,34.1,73.77,Active
PROD-0001330,SUP-000658,Industrial Parts Product 01330,Industrial Parts,7.94,16.6,Active
PROD-0001331,SUP-000984,Raw Materials Product 01331,Raw Materials,47.72,107.03,Active
PROD-0001332,SUP-000570,Raw Materials Product 01332,Raw Materials,16.84,28.42,Active
PROD-0001333,SUP-000464,Packaging Product 01333,Packaging,23.65,32.71,Active
PROD-0001334,SUP-000442,Raw Materials Product 01334,Components,19.26,31.05,Active
PROD-0001335,SUP-000678,Components Product 01335,Components,38.67,60.51,Active
PROD-0001336,SUP-000311,Packaging Product 01336,Packaging,29.19,45.4,Active
PROD-0001337,SUP-000119,Finished Goods Product 01337,Finished Goods,28.56,47.98,Active
PROD-0001338,SUP-000762,Raw Materials Product 01338,Raw Materials,55.27,70.59,Active
PROD-0001339,SUP-000187,Raw Materials Product 01339,Raw Materials,27.4,44.19,Active
PROD-0001340,SUP-000697,Finished Goods Product 01340,Finished Goods,38.0,49.43,Active
PROD-0001341,SUP-000734,Raw Materials Product 01341,Raw Materials,87.16,213.92,Active
PROD-0001342,SUP-000540,Industrial Parts Product 01342,Industrial Parts,98.27,194.02,Active
PROD-0001343,SUP-000989,Raw Materials Product 01343,Raw Materials,154.45,210.04,Active
PROD-0001344,SUP-000993,Raw Materials Product 01344,Raw Materials,104.85,161.69,Active
PROD-0001345,SUP-000770,Industrial Parts Product 01345,Industrial Parts,10.02,20.15,Active
PROD-0001346,SUP-000966,Packaging Product 01346,Packaging,18.2,33.12,Active
PROD-0001347,SUP-000040,Industrial Parts Product 01347,Industrial Parts,55.08,92.3,Active
PROD-0001348,SUP-000147,Industrial Parts Product 01348,Industrial Parts,48.6,113.2,Inactive
PROD-0001349,SUP-000685,Industrial Parts Product 01349,Industrial Parts,28.38,41.68,Active
PROD-0001350,SUP-000331,Packaging Product 01350,Packaging,63.99,125.8,Active
PROD-0001351,SUP-000109,Components Product 01351,Components,14.7,30.76,Active
PROD-0001352,SUP-000924,Finished Goods Product 01352,Finished Goods,59.01,147.1,Active
PROD-0001353,SUP-000696,Finished Goods Product 01353,Finished Goods,74.81,93.29,Active
PROD-0001354,SUP-000646,Raw Materials Product 01354,Raw Materials,8.99,17.39,Active
PROD-0001355,SUP-000158,Raw Materials Product 01355,Raw Materials,36.08,45.32,Active
PROD-0001356,SUP-000743,Finished Goods Product 01356,Finished Goods,40.37,53.6,Active
PROD-0001357,SUP-000043,Finished Goods Product 01357,Finished Goods,14.89,25.34,Active
PROD-0001358,SUP-000746,Components Product 01358,Components,3285.0,3285.0,Active
PROD-0001359,SUP-000621,Components Product 01359,Components,40.47,49.09,Active
PROD-0001360,SUP-000887,Industrial Parts Product 01360,Industrial Parts,50.1,93.69,Active
PROD-0001361,SUP-000296,Raw Materials Product 01361,Components,29.08,62.95,Active
PROD-0001362,SUP-000387,Finished Goods Product 01362,Finished Goods,23.94,54.81,Active
PROD-0001363,SUP-000328,Industrial Parts Product 01363,Industrial Parts,47.37,60.46,Active
PROD-0001364,SUP-000636,Finished Goods Product 01364,Finished Goods,10.14,13.2,Active
PROD-0001365,SUP-000598,Components Product 01365,Components,95.3,211.73,Active
PROD-0001366,SUP-000094,Components Product 01366,Components,195.98,407.14,Active
PROD-0001367,SUP-000002,Components Product 01367,Components,36.08,66.46,Active
PROD-0001368,SUP-000222,Components Product 01368,Components,97.43,196.03,Active
PROD-0001369,SUP-000966,Raw Materials Product 01369,Raw Materials,67.93,157.27,Active
PROD-0001370,SUP-000393,Components Product 01370,Components,254.11,511.25,Active
PROD-0001371,SUP-000522,Components Product 01371,Components,4.87,7.22,Active
PROD-0001372,SUP-000094,Finished Goods Product 01372,Finished Goods,55.83,110.27,Active
PROD-0001373,SUP-000527,Raw Materials Product 01373,Raw Materials,4.42,10.53,Active
PROD-0001374,SUP-000307,Components Product 01374,Components,15.47,24.17,Active
PROD-0001375,SUP-000284,Components Product 01375,Components,31.43,50.61,Active
PROD-0001376,SUP-000310,Components Product 01376,Components,24.51,59.52,Active
PROD-0001377,SUP-000273,Components Product 01377,Components,85.94,213.31,Active
PROD-0001378,SUP-000521,Packaging Product 01378,Packaging,137.09,252.88,Active
PROD-0001379,SUP-000735,Packaging Product 01379,Packaging,47.37,69.91,Active
PROD-0001380,SUP-000447,Packaging Product 01380,Packaging,262.6,484.69,Active
PROD-0001381,SUP-000454,Raw Materials Product 01381,Raw Materials,12.73,30.06,Active
PROD-0001382,SUP-000737,Components Product 01382,Components,15.72,27.19,Active
PROD-0001383,SUP-000310,Raw Materials Product 01383,Raw Materials,13.53,19.62,Active
PROD-0001384,SUP-000694,Components Product 01384,Components,76.63,187.54,Active
PROD-0001385,SUP-000474,Finished Goods Product 01385,Finished Goods,91.46,172.26,Active
PROD-0001386,SUP-000659,Raw Materials Product 01386,Raw Materials,9.75,12.26,Active
PROD-0001387,SUP-000666,Raw Materials Product 01387,Raw Materials,16.84,25.76,Active
PROD-0001388,SUP-000227,Raw Materials Product 01388,Raw Materials,27.63,44.32,Active
PROD-0001389,SUP-000182,Raw Materials Product 01389,Raw Materials,20.67,48.11,Active
PROD-0001390,SUP-000863,Finished Goods Product 01390,Finished Goods,20.07,28.43,Active
PROD-0001391,SUP-000142,Components Product 01391,Components,26.34,54.59,Active
PROD-0001392,SUP-000649,Finished Goods Product 01392,Finished Goods,15.4,24.11,Active
PROD-0001393,SUP-000606,Finished Goods Product 01393,Finished Goods,75.5,126.43,Active
PROD-0001394,SUP-000581,Industrial Parts Product 01394,Industrial Parts,123.56,178.28,Active
PROD-0001395,SUP-000812,Industrial Parts Product 01395,Industrial Parts,10.56,24.51,Active
PROD-0001396,SUP-000797,Finished Goods Product 01396,Finished Goods,42.58,68.36,Inactive
PROD-0001397,SUP-000870,Industrial Parts Product 01397,Industrial Parts,55.53,131.07,Active
PROD-0001398,SUP-000301,Finished Goods Product 01398,Finished Goods,15.88,39.33,Active
PROD-0001399,SUP-000772,Packaging Product 01399,Packaging,8.68,16.91,Active
PROD-0001400,SUP-000387,Components Product 01400,Components,28.66,54.18,Active
PROD-0001401,SUP-000170,Components Product 01401,Components,33.14,33.37,Active
PROD-0001402,SUP-000242,Finished Goods Product 01402,Finished Goods,23.85,53.56,Active
PROD-0001403,SUP-000451,Raw Materials Product 01403,Raw Materials,53.31,64.49,Active
PROD-0001404,SUP-000004,Raw Materials Product 01404,Raw Materials,85.43,194.86,Active
PROD-0001405,SUP-000332,Raw Materials Product 01405,Raw Materials,281.56,645.43,Active
PROD-0001406,SUP-000213,Raw Materials Product 01406,Raw Materials,45.68,88.29,Active
PROD-0001407,SUP-000750,Components Product 01407,Components,31.18,67.38,Active
PROD-0001408,SUP-000125,Finished Goods Product 01408,Finished Goods,11.45,25.23,Active
PROD-0001409,SUP-000350,Packaging Product 01409,Packaging,50.1,62.68,Active
PROD-0001410,SUP-000705,Components Product 01410,Components,38.97,73.34,Active
PROD-0001411,SUP-000408,Components Product 01411,Components,29.8,69.1,Active
PROD-0001412,SUP-000165,Industrial Parts Product 01412,Industrial Parts,37.32,90.54,Active
PROD-0001413,SUP-000900,Packaging Product 01413,Packaging,7.73,11.32,Inactive
PROD-0001414,SUP-000841,Components Product 01414,Components,6.54,12.7,Active
PROD-0001415,SUP-000554,Industrial Parts Product 01415,Industrial Parts,82.26,102.32,Active
PROD-0001416,SUP-000173,Raw Materials Product 01416,Raw Materials,6.7,12.4,Active
PROD-0001417,SUP-000404,Raw Materials Product 01417,Raw Materials,10.93,18.26,Active
PROD-0001418,SUP-000568,Raw Materials Product 01418,Raw Materials,13.59,29.64,Active
PROD-0001419,SUP-000779,Raw Materials Product 01419,Raw Materials,45.95,74.44,Active
PROD-0001420,SUP-000130,Raw Materials Product 01420,Raw Materials,225.59,470.38,Active
PROD-0001421,SUP-000477,Components Product 01421,Components,33.14,71.85,Active
PROD-0001423,SUP-000804,Raw Materials Product 01423,Raw Materials,98.93,144.97,Inactive
PROD-0001424,SUP-000455,Raw Materials Product 01424,Raw Materials,13.89,22.37,Active
PROD-0001425,SUP-000782,Components Product 01425,Components,61.29,142.52,Active
PROD-0001427,SUP-000450,Finished Goods Product 01427,Finished Goods,19.24,26.91,Active
PROD-0001428,SUP-000338,Packaging Product 01428,Packaging,32.22,45.58,Active
PROD-0001429,SUP-000701,Industrial Parts Product 01429,Industrial Parts,44.94,73.46,Inactive
PROD-0001430,SUP-000300,Components Product 01430,Components,22.54,46.17,Active
PROD-0001431,SUP-000006,Finished Goods Product 01431,Finished Goods,30.52,72.21,Active
PROD-0001432,SUP-000757,Finished Goods Product 01432,Finished Goods,44.85,64.93,Inactive
PROD-0001433,SUP-000030,Components Product 01433,Components,59.34,136.69,Active
PROD-0001434,SUP-000276,Packaging Product 01434,Packaging,9.08,14.25,Active
PROD-0001435,SUP-000177,Raw Materials Product 01435,Raw Materials,33.27,69.7,Active
PROD-0001436,SUP-000947,Components Product 01436,Components,19.75,46.26,Active
PROD-0001437,SUP-000419,Components Product 01437,Components,102.38,188.27,Active
PROD-0001438,SUP-000163,Industrial Parts Product 01438,Industrial Parts,33.36,68.66,Active
PROD-0001439,SUP-000873,Components Product 01439,Components,30.0,51.12,Active
PROD-0001440,SUP-000282,Finished Goods Product 01440,Finished Goods,109.26,246.37,Active
PROD-0001441,SUP-000643,Industrial Parts Product 01441,Industrial Parts,13.31,28.39,Active
PROD-0001442,SUP-000972,Components Product 01442,Components,37.38,84.89,Active
PROD-0001443,SUP-000309,Raw Materials Product 01443,Raw Materials,22.87,51.46,Active
PROD-0001444,SUP-000289,Raw Materials Product 01444,Raw Materials,165.4,331.49,Active
PROD-0001445,SUP-000770,Finished Goods Product 01445,Finished Goods,16.62,34.21,Active
PROD-0001446,SUP-000281,Finished Goods Product 01446,Finished Goods,35.87,87.9,Active
PROD-0001447,SUP-000257,Components Product 01447,Components,31.91,65.28,Active
PROD-0001448,SUP-000398,Components Product 01448,Components,32.68,80.38,Active
PROD-0001449,SUP-000019,Industrial Parts Product 01449,Industrial Parts,100.66,121.52,Active
PROD-0001450,SUP-000911,Raw Materials Product 01450,Raw Materials,57.46,92.18,Active
PROD-0001452,SUP-000538,Raw Materials Product 01452,Raw Materials,61.31,152.1,Active
PROD-0001453,SUP-000948,Industrial Parts Product 01453,Industrial Parts,36.05,56.25,Active
PROD-0001454,SUP-000998,Raw Materials Product 01454,Raw Materials,11.21,17.0,Active
PROD-0001455,SUP-000052,Industrial Parts Product 01455,Industrial Parts,43.04,101.12,Active
PROD-0001456,SUP-000098,Components Product 01456,Components,332.06,451.79,Active
PROD-0001457,SUP-000990,Raw Materials Product 01457,Raw Materials,64.2,84.05,Active
PROD-0001458,SUP-000300,Industrial Parts Product 01458,Industrial Parts,15.84,23.37,Active
PROD-0001459,SUP-000788,Industrial Parts Product 01459,Industrial Parts,8.01,18.95,Active
PROD-0001460,SUP-000600,Finished Goods Product 01460,Finished Goods,16.99,39.99,Active
PROD-0001461,SUP-000894,Packaging Product 01461,Packaging,16.72,35.4,Active
PROD-0001462,SUP-000928,Finished Goods Product 01462,Finished Goods,38.64,85.6,Active
PROD-0001463,SUP-000477,Industrial Parts Product 01463,Industrial Parts,121.82,267.97,Active
PROD-0001464,SUP-000623,Components Product 01464,Components,18.05,31.26,Active
PROD-0001465,SUP-000763,Finished Goods Product 01465,Finished Goods,24.99,43.8,Active
PROD-0001466,SUP-000474,Finished Goods Product 01466,Finished Goods,65.86,123.2,Active
PROD-0001467,SUP-000333,Industrial Parts Product 01467,Industrial Parts,28.94,44.32,Active
PROD-0001468,SUP-000028,Finished Goods Product 01468,Finished Goods,66.14,91.86,Active
PROD-0001469,SUP-000213,Raw Materials Product 01469,Raw Materials,25.39,59.06,Active
PROD-0001470,SUP-000538,Raw Materials Product 01470,Raw Materials,27.74,64.96,Active
PROD-0001471,SUP-000988,Finished Goods Product 01471,Finished Goods,34.37,53.27,Active
PROD-0001472,SUP-000170,Raw Materials Product 01472,Raw Materials,35.38,60.37,Active
PROD-0001473,SUP-000777,Raw Materials Product 01473,Raw Materials,10.27,21.63,Active
PROD-0001474,SUP-000191,Components Product 01474,Components,33.09,40.73,Active
PROD-0001475,SUP-000850,Components Product 01475,Components,49.36,72.74,Active
PROD-0001476,SUP-000058,Raw Materials Product 01476,Components,22.16,32.21,Active
PROD-0001477,SUP-000505,Industrial Parts Product 01477,Industrial Parts,50.11,81.22,Active
PROD-0001478,SUP-000019,Finished Goods Product 01478,Finished Goods,62.65,92.17,Active
PROD-0001479,SUP-000587,Finished Goods Product 01479,Finished Goods,42.23,99.54,Active
PROD-0001480,SUP-000891,Finished Goods Product 01480,Finished Goods,23.87,38.96,Active
PROD-0001481,SUP-000707,Industrial Parts Product 01481,Industrial Parts,12.56,15.17,Active
PROD-0001482,SUP-000885,Finished Goods Product 01482,Finished Goods,56.11,60.46,Active
PROD-0001483,SUP-000194,Finished Goods Product 01483,Finished Goods,63.74,105.22,Active
PROD-0001484,SUP-000311,Finished Goods Product 01484,Finished Goods,160.07,376.15,Active
PROD-0001485,SUP-000813,Components Product 01485,Components,9.81,19.55,Inactive
PROD-0001486,SUP-000353,Components Product 01486,Components,106.63,154.46,Active
PROD-0001487,SUP-000429,Components Product 01487,Components,87.94,134.41,Active
PROD-0001488,SUP-000316,Packaging Product 01488,Packaging,41.74,62.0,Active
PROD-0001489,SUP-000969,Components Product 01489,Components,84.97,203.14,Active
PROD-0001490,SUP-000137,Finished Goods Product 01490,Finished Goods,37.77,51.39,Active
PROD-0001491,SUP-000735,Packaging Product 01491,Packaging,40.09,90.73,Active
PROD-0001492,SUP-000629,Industrial Parts Product 01492,Industrial Parts,14.7,21.23,Active
PROD-0001493,SUP-000022,Components Product 01493,Components,25.45,40.19,Active
PROD-0001494,SUP-000804,Components Product 01494,Components,52.17,88.77,Active
PROD-0001495,SUP-000997,Raw Materials Product 01495,Raw Materials,31.42,47.08,Active
PROD-0001496,SUP-000817,Finished Goods Product 01496,Finished Goods,18.32,35.26,Active
PROD-0001497,SUP-000882,Industrial Parts Product 01497,Industrial Parts,27.28,39.29,Active
PROD-0001498,SUP-000349,Finished Goods Product 01498,Finished Goods,33.81,45.77,Active
PROD-0001499,SUP-000643,Raw Materials Product 01499,Raw Materials,90.13,193.09,Active
PROD-0001500,SUP-000377,Finished Goods Product 01500,Finished Goods,81.1,123.06,Active
PROD-0001501,SUP-000696,Industrial Parts Product 01501,Industrial Parts,28.38,36.39,Active
PROD-0001502,SUP-000438,Components Product 01502,Components,23.98,42.33,Active
PROD-0001503,SUP-000216,Industrial Parts Product 01503,Industrial Parts,62.7,105.48,Inactive
PROD-0001504,SUP-000487,Raw Materials Product 01504,Raw Materials,19.01,33.37,Active
PROD-0001505,SUP-000966,Components Product 01505,Components,57.62,90.63,Active
PROD-0001506,SUP-000236,Finished Goods Product 01506,Finished Goods,95.91,141.47,Active
PROD-0001507,SUP-000028,Components Product 01507,Components,119.02,212.64,Active
PROD-0001508,SUP-000232,Components Product 01508,Components,17.24,29.22,Active
PROD-0001509,SUP-000872,Raw Materials Product 01509,Raw Materials,39.68,49.79,Active
PROD-0001510,SUP-000359,Components Product 01510,Components,34.87,73.44,Active
PROD-0001511,SUP-000295,Components Product 01511,Components,9.61,19.2,Active
PROD-0001512,SUP-000435,Packaging Product 01512,Packaging,51.13,92.58,Active
PROD-0001513,SUP-000025,Finished Goods Product 01513,Finished Goods,32.66,68.25,Active
PROD-0001514,SUP-000867,Industrial Parts Product 01514,Industrial Parts,28.44,35.66,Active
PROD-0001515,SUP-000512,Finished Goods Product 01515,Finished Goods,34.3,58.56,Inactive
PROD-0001516,SUP-000899,Industrial Parts Product 01516,Industrial Parts,26.45,34.14,Active
PROD-0001517,SUP-000236,Industrial Parts Product 01517,Industrial Parts,21.52,47.06,Active
PROD-0001518,SUP-000525,Finished Goods Product 01518,Finished Goods,64.07,108.92,Active
PROD-0001519,SUP-000338,Industrial Parts Product 01519,Industrial Parts,32.32,39.34,Active
PROD-0001520,SUP-000639,Packaging Product 01520,Packaging,84.42,153.29,Active
PROD-0001521,SUP-000586,Industrial Parts Product 01521,Industrial Parts,57.47,126.47,Active
PROD-0001522,SUP-000834,Components Product 01522,Components,59.96,74.55,Active
PROD-0001523,SUP-000032,Industrial Parts Product 01523,Industrial Parts,10.81,17.88,Active
PROD-0001524,SUP-000073,Raw Materials Product 01524,Raw Materials,33.46,40.16,Active
PROD-0001525,SUP-000677,Components Product 01525,Components,65.16,131.84,Active
PROD-0001526,SUP-000213,Components Product 01526,Components,94.47,174.77,Active
PROD-0001527,SUP-000258,Packaging Product 01527,Packaging,34.51,45.17,Active
PROD-0001528,SUP-000170,Components Product 01528,Components,13.84,19.99,Active
PROD-0001529,SUP-000189,Finished Goods Product 01529,Finished Goods,100.61,199.7,Active
PROD-0001530,SUP-000469,Industrial Parts Product 01530,Industrial Parts,18.37,25.76,Active
PROD-0001531,SUP-000748,Components Product 01531,Components,8.66,16.3,Active
PROD-0001532,SUP-000336,Finished Goods Product 01532,Finished Goods,34.77,61.51,Active
PROD-0001533,SUP-000196,Raw Materials Product 01533,Raw Materials,31.84,47.34,Active
PROD-0001534,SUP-000381,Components Product 01534,Components,88.85,209.5,Active
PROD-0001535,SUP-000712,Components Product 01535,Components,79.06,152.42,Active
PROD-0001536,SUP-000751,Components Product 01536,Components,22.47,53.58,Active
PROD-0001537,SUP-000811,Finished Goods Product 01537,Finished Goods,14.81,20.08,Active
PROD-0001538,SUP-000145,Components Product 01538,Components,25.98,31.31,Active
PROD-0001539,SUP-000620,Finished Goods Product 01539,Finished Goods,39.17,91.21,Active
PROD-0001540,SUP-000903,Industrial Parts Product 01540,Industrial Parts,56.85,105.54,Active
PROD-0001541,SUP-000055,Raw Materials Product 01541,Raw Materials,24.76,49.23,Active
PROD-0001542,SUP-000045,Industrial Parts Product 01542,Industrial Parts,58.17,81.31,Active
PROD-0001543,SUP-000968,Raw Materials Product 01543,Raw Materials,20.85,39.46,Active
PROD-0001544,SUP-000982,Industrial Parts Product 01544,Industrial Parts,126.71,246.33,Active
PROD-0001545,SUP-000140,Raw Materials Product 01545,Raw Materials,43.66,101.17,Active
PROD-0001546,SUP-000913,Raw Materials Product 01546,Raw Materials,12.49,26.62,Active
PROD-0001547,SUP-000349,Industrial Parts Product 01547,Industrial Parts,20.11,28.78,Active
PROD-0001548,SUP-000619,Finished Goods Product 01548,Finished Goods,18.32,30.73,Active
PROD-0001550,SUP-000305,Finished Goods Product 01550,Finished Goods,13.62,29.49,Active
PROD-0001551,SUP-000547,Raw Materials Product 01551,Raw Materials,25.52,55.29,Active
PROD-0001552,SUP-000565,Finished Goods Product 01552,Finished Goods,23.64,51.52,Active
PROD-0001553,SUP-000441,Industrial Parts Product 01553,Industrial Parts,42.69,55.5,Active
PROD-0001554,SUP-000362,Industrial Parts Product 01554,Industrial Parts,23.88,32.72,Active
PROD-0001555,SUP-000794,Finished Goods Product 01555,Finished Goods,68.32,162.82,Active
PROD-0001556,SUP-000335,Finished Goods Product 01556,Finished Goods,25.27,50.11,Active
PROD-0001557,SUP-000669,Industrial Parts Product 01557,Industrial Parts,13.28,24.1,Active
PROD-0001558,SUP-000903,Raw Materials Product 01558,Raw Materials,5.24,9.18,Active
PROD-0001559,SUP-000665,Raw Materials Product 01559,Raw Materials,40.34,53.14,Active
PROD-0001560,SUP-000426,Raw Materials Product 01560,Raw Materials,22.92,55.18,Active
PROD-0001561,SUP-000160,Industrial Parts Product 01561,Industrial Parts,10.26,19.32,Active
PROD-0001562,SUP-000082,Packaging Product 01562,Packaging,34.4,54.22,Inactive
PROD-0001563,SUP-000216,Finished Goods Product 01563,Finished Goods,18.49,60.46,Active
PROD-0001564,SUP-000093,Industrial Parts Product 01564,Industrial Parts,81.38,198.43,Active
PROD-0001565,SUP-000953,Packaging Product 01565,Packaging,18.03,39.46,Active
PROD-0001566,SUP-000346,Finished Goods Product 01566,Finished Goods,120.96,283.53,Active
PROD-0001567,SUP-000384,Components Product 01567,Components,31.22,46.68,Active
PROD-0001568,SUP-000852,Finished Goods Product 01568,Finished Goods,41.22,94.84,Active
PROD-0001569,SUP-000702,Finished Goods Product 01569,Finished Goods,55.24,120.09,Active
PROD-0001570,SUP-000882,Finished Goods Product 01570,Finished Goods,51.64,97.07,Active
PROD-0001571,SUP-000353,Raw Materials Product 01571,Raw Materials,38.3,94.85,Active
PROD-0001572,SUP-000827,Raw Materials Product 01572,Raw Materials,11.99,25.18,Active
PROD-0001573,SUP-000272,Industrial Parts Product 01573,Industrial Parts,291.39,516.31,Active
PROD-0001574,SUP-000843,Industrial Parts Product 01574,Industrial Parts,13.46,25.1,Active
PROD-0001575,SUP-000155,Raw Materials Product 01575,Raw Materials,12.82,19.89,Active
PROD-0001576,SUP-000582,Raw Materials Product 01576,Raw Materials,45.1,108.43,Active
PROD-0001577,SUP-000085,Finished Goods Product 01577,Finished Goods,72.84,91.53,Active
PROD-0001578,SUP-000089,Finished Goods Product 01578,Components,13.9,31.48,Active
PROD-0001579,SUP-000770,Components Product 01579,Components,103.63,254.06,Active
PROD-0001580,SUP-000923,Industrial Parts Product 01580,Industrial Parts,13.26,24.39,Active
PROD-0001581,SUP-000924,Raw Materials Product 01581,Raw Materials,67.56,108.18,Active
PROD-0001582,SUP-000685,Industrial Parts Product 01582,Industrial Parts,43.82,88.02,Active
PROD-0001583,SUP-000066,Components Product 01583,Components,208.1,482.13,Active
PROD-0001584,SUP-000416,Components Product 01584,Components,51.64,102.23,Active
PROD-0001585,SUP-000926,Raw Materials Product 01585,Raw Materials,49.05,104.0,Active
PROD-0001586,SUP-000076,Finished Goods Product 01586,Finished Goods,43.62,73.31,Active
PROD-0001587,SUP-000404,Industrial Parts Product 01587,Industrial Parts,85.63,124.61,Active
PROD-0001588,SUP-000283,Raw Materials Product 01588,Raw Materials,19.01,37.72,Active
PROD-0001589,SUP-000447,Finished Goods Product 01589,Finished Goods,28.72,61.55,Active
PROD-0001590,SUP-000835,Finished Goods Product 01590,Finished Goods,47.41,114.58,Active
PROD-0001591,SUP-000474,Components Product 01591,Components,111.63,250.57,Active
PROD-0001592,SUP-000857,Finished Goods Product 01592,Finished Goods,49.26,73.09,Active
PROD-0001593,SUP-000734,Industrial Parts Product 01593,Industrial Parts,12.52,21.64,Active
PROD-0001594,SUP-000121,Components Product 01594,Components,67.38,125.42,Active
PROD-0001595,SUP-000773,Finished Goods Product 01595,Finished Goods,51.82,119.07,Active
PROD-0001596,SUP-000229,Industrial Parts Product 01596,Industrial Parts,44.41,70.77,Active
PROD-0001597,SUP-000574,Industrial Parts Product 01597,Industrial Parts,48.44,67.84,Active
PROD-0001598,SUP-000286,Raw Materials Product 01598,Raw Materials,25.49,62.94,Inactive
PROD-0001599,SUP-000130,Packaging Product 01599,Packaging,52.99,90.47,Active
PROD-0001600,SUP-000816,Packaging Product 01600,Packaging,11.87,16.78,Active
PROD-0001601,SUP-000045,Finished Goods Product 01601,Finished Goods,86.57,212.15,Active
PROD-0001602,SUP-000163,Finished Goods Product 01602,Finished Goods,192.33,292.25,Active
PROD-0001603,SUP-000403,Raw Materials Product 01603,Raw Materials,131.65,216.47,Active
PROD-0001604,SUP-000270,Industrial Parts Product 01604,Industrial Parts,26.11,40.79,Active
PROD-0001605,SUP-000741,Components Product 01605,Components,63.88,134.74,Active
PROD-0001606,SUP-000320,Industrial Parts Product 01606,Industrial Parts,77.57,123.09,Active
PROD-0001607,SUP-000673,Packaging Product 01607,Packaging,33.14,94.83,Active
PROD-0001608,SUP-000899,Raw Materials Product 01608,Raw Materials,22.13,33.96,Active
PROD-0001609,SUP-000789,Components Product 01609,Components,25.96,58.78,Active
PROD-0001610,SUP-000342,Raw Materials Product 01610,Raw Materials,17.71,35.65,Active
PROD-0001611,SUP-000914,Raw Materials Product 01611,Raw Materials,20.69,45.76,Active
PROD-0001612,SUP-000140,Components Product 01612,Components,173.98,289.86,Active
PROD-0001613,SUP-000967,Raw Materials Product 01613,Raw Materials,3285.0,3285.0,Active
PROD-0001614,SUP-000663,Components Product 01614,Components,17.34,31.54,Active
PROD-0001615,SUP-000865,Raw Materials Product 01615,Raw Materials,59.31,140.3,Active
PROD-0001616,SUP-000267,Raw Materials Product 01616,Raw Materials,151.42,287.84,Active
PROD-0001617,SUP-000088,Raw Materials Product 01617,Raw Materials,53.34,90.42,Active
PROD-0001618,SUP-000844,Industrial Parts Product 01618,Industrial Parts,38.66,73.34,Active
PROD-0001619,SUP-000532,Finished Goods Product 01619,Finished Goods,4.65,8.13,Active
PROD-0001620,SUP-000671,Components Product 01620,Components,19.72,60.46,Active
PROD-0001621,SUP-000493,Packaging Product 01621,Packaging,48.67,118.45,Active
PROD-0001622,SUP-000715,Packaging Product 01622,Packaging,141.35,223.3,Active
PROD-0001623,SUP-000772,Industrial Parts Product 01623,Industrial Parts,33.84,72.91,Active
PROD-0001624,SUP-000386,Raw Materials Product 01624,Raw Materials,73.59,102.98,Active
PROD-0001625,SUP-000225,Raw Materials Product 01625,Raw Materials,50.61,109.72,Active
PROD-0001626,SUP-000889,Packaging Product 01626,Packaging,31.61,38.59,Active
PROD-0001627,SUP-000130,Packaging Product 01627,Packaging,18.93,27.93,Active
PROD-0001628,SUP-000209,Raw Materials Product 01628,Raw Materials,38.9,77.74,Active
PROD-0001629,SUP-000564,Industrial Parts Product 01629,Industrial Parts,199.86,327.23,Active
PROD-0001630,SUP-000543,Components Product 01630,Components,6.17,8.65,Active
PROD-0001631,SUP-000835,Industrial Parts Product 01631,Industrial Parts,29.09,42.19,Active
PROD-0001632,SUP-000987,Raw Materials Product 01632,Raw Materials,28.3,62.62,Active
PROD-0001633,SUP-000540,Raw Materials Product 01633,Raw Materials,25.71,62.22,Active
PROD-0001634,SUP-000429,Raw Materials Product 01634,Raw Materials,72.88,153.57,Active
PROD-0001635,SUP-000014,Packaging Product 01635,Packaging,58.42,81.61,Active
PROD-0001636,SUP-000259,Components Product 01636,Components,33.58,49.76,Active
PROD-0001637,SUP-000461,Industrial Parts Product 01637,Industrial Parts,34.31,66.8,Active
PROD-0001638,SUP-000380,Raw Materials Product 01638,Raw Materials,52.71,96.1,Active
PROD-0001639,SUP-000026,Packaging Product 01639,Packaging,77.87,143.52,Active
PROD-0001640,SUP-000852,Raw Materials Product 01640,Raw Materials,115.05,209.3,Active
PROD-0001641,SUP-000205,Packaging Product 01641,Packaging,36.84,61.22,Active
PROD-0001642,SUP-000188,Raw Materials Product 01642,Raw Materials,10.56,13.89,Active
PROD-0001643,SUP-000863,Raw Materials Product 01643,Raw Materials,73.63,136.25,Active
PROD-0001644,SUP-000779,Packaging Product 01644,Packaging,33.46,80.48,Active
PROD-0001645,SUP-000933,Components Product 01645,Components,67.31,135.59,Active
PROD-0001646,SUP-000669,Components Product 01646,Components,272.51,540.88,Active
PROD-0001647,SUP-000162,Components Product 01647,Components,35.34,79.48,Active
PROD-0001648,SUP-000053,Components Product 01648,Components,32.44,73.56,Active
PROD-0001649,SUP-000280,Industrial Parts Product 01649,Industrial Parts,15.26,24.13,Active
PROD-0001650,SUP-000733,Raw Materials Product 01650,Raw Materials,136.13,304.67,Active
PROD-0001651,SUP-000094,Industrial Parts Product 01651,Industrial Parts,5.28,12.1,Active
PROD-0001652,SUP-000556,Components Product 01652,Components,38.51,69.59,Active
PROD-0001653,SUP-000460,Raw Materials Product 01653,Raw Materials,72.75,72.75,Active
PROD-0001654,SUP-000039,Finished Goods Product 01654,Finished Goods,31.99,67.11,Active
PROD-0001655,SUP-000890,Raw Materials Product 01655,Raw Materials,13.17,29.0,Active
PROD-0001656,SUP-000287,Industrial Parts Product 01656,Industrial Parts,12.45,17.73,Active
PROD-0001657,SUP-000134,Raw Materials Product 01657,Raw Materials,28.94,63.72,Active
PROD-0001658,SUP-000315,Industrial Parts Product 01658,Industrial Parts,58.83,75.26,Active
PROD-0001659,SUP-000762,Raw Materials Product 01659,Raw Materials,42.79,95.52,Active
PROD-0001660,SUP-000335,Raw Materials Product 01660,Raw Materials,19.16,26.81,Active
PROD-0001661,SUP-000261,Components Product 01661,Components,86.6,143.69,Active
PROD-0001662,SUP-000126,Finished Goods Product 01662,Finished Goods,81.3,176.1,Active
PROD-0001663,SUP-000996,Components Product 01663,Components,19.02,32.06,Active
PROD-0001664,SUP-000937,Components Product 01664,Components,15.42,19.65,Active
PROD-0001665,SUP-000938,Packaging Product 01665,Packaging,76.75,100.35,Active
PROD-0001666,SUP-000079,Raw Materials Product 01666,Raw Materials,28.82,51.43,Inactive
PROD-0001667,SUP-000946,Industrial Parts Product 01667,Industrial Parts,43.77,86.58,Active
PROD-0001668,SUP-000004,Industrial Parts Product 01668,Industrial Parts,74.63,125.22,Active
PROD-0001669,SUP-000180,Components Product 01669,Components,9.85,22.34,Active
PROD-0001670,SUP-000814,Raw Materials Product 01670,Raw Materials,39.93,88.15,Active
PROD-0001671,SUP-000759,Raw Materials Product 01671,Raw Materials,39.36,64.24,Active
PROD-0001672,SUP-000968,Finished Goods Product 01672,Finished Goods,18.97,37.17,Active
PROD-0001673,SUP-000650,Finished Goods Product 01673,Finished Goods,15.14,30.45,Active
PROD-0001674,SUP-000322,Packaging Product 01674,Packaging,22.08,38.97,Active
PROD-0001675,SUP-000893,Industrial Parts Product 01675,Industrial Parts,8.18,10.11,Active
PROD-0001677,SUP-000295,Raw Materials Product 01677,Raw Materials,83.15,170.74,Active
PROD-0001678,SUP-000966,Components Product 01678,Components,17.28,26.14,Active
PROD-0001679,SUP-000579,Industrial Parts Product 01679,Industrial Parts,11.94,22.52,Active
PROD-0001680,SUP-000523,Raw Materials Product 01680,Raw Materials,31.74,67.85,Active
PROD-0001681,SUP-000084,Industrial Parts Product 01681,Industrial Parts,19.99,46.78,Active
PROD-0001682,SUP-000471,Components Product 01682,Components,20.69,46.96,Active
PROD-0001683,SUP-000041,Components Product 01683,Components,86.36,175.7,Active
PROD-0001684,SUP-000545,Raw Materials Product 01684,Raw Materials,187.0,227.67,Active
PROD-0001685,SUP-000054,Finished Goods Product 01685,Finished Goods,59.01,130.82,Active
PROD-0001686,SUP-000823,Raw Materials Product 01686,Raw Materials,10.63,14.83,Active
PROD-0001687,SUP-000602,Finished Goods Product 01687,Finished Goods,25.75,57.74,Active
PROD-0001688,SUP-000221,Packaging Product 01688,Packaging,65.76,134.06,Active
PROD-0001689,SUP-000141,Industrial Parts Product 01689,Industrial Parts,27.08,66.33,Active
PROD-0001690,SUP-000634,Components Product 01690,Components,25.15,47.23,Active
PROD-0001691,SUP-000041,Packaging Product 01691,Packaging,35.4,63.55,Active
PROD-0001692,SUP-000625,Raw Materials Product 01692,Raw Materials,109.28,175.61,Active
PROD-0001693,SUP-000544,Finished Goods Product 01693,Finished Goods,9.98,14.8,Active
PROD-0001694,SUP-000621,Industrial Parts Product 01694,Industrial Parts,36.52,46.52,Active
PROD-0001695,SUP-000829,Industrial Parts Product 01695,Industrial Parts,6.91,16.92,Active
PROD-0001696,SUP-000673,Finished Goods Product 01696,Finished Goods,80.88,106.66,Active
PROD-0001697,SUP-000243,Raw Materials Product 01697,Raw Materials,38.5,55.27,Active
PROD-0001698,SUP-000110,Packaging Product 01698,Packaging,21.48,52.4,Active
PROD-0001699,SUP-000791,Raw Materials Product 01699,Raw Materials,59.6,123.44,Active
PROD-0001700,SUP-000220,Finished Goods Product 01700,Finished Goods,21.02,29.03,Active
PROD-0001701,SUP-000919,Industrial Parts Product 01701,Industrial Parts,12.41,25.92,Active
PROD-0001702,SUP-000392,Components Product 01702,Components,143.68,308.81,Inactive
PROD-0001703,SUP-000745,Finished Goods Product 01703,Finished Goods,28.92,52.93,Active
PROD-0001704,SUP-000952,Packaging Product 01704,Packaging,37.02,73.98,Active
PROD-0001705,SUP-000334,Components Product 01705,Components,33.14,144.24,Active
PROD-0001706,SUP-000695,Industrial Parts Product 01706,Industrial Parts,116.36,151.72,Active
PROD-0001707,SUP-000352,Raw Materials Product 01707,Raw Materials,35.05,52.32,Active
PROD-0001708,SUP-000649,Industrial Parts Product 01708,Industrial Parts,176.85,340.61,Active
PROD-0001709,SUP-000791,Industrial Parts Product 01709,Industrial Parts,60.88,81.67,Active
PROD-0001710,SUP-000109,Packaging Product 01710,Packaging,136.41,297.99,Active
PROD-0001711,SUP-000115,Finished Goods Product 01711,Finished Goods,20.81,49.69,Active
PROD-0001712,SUP-000478,Industrial Parts Product 01712,Components,3285.0,3285.0,Active
PROD-0001713,SUP-000326,Raw Materials Product 01713,Raw Materials,40.61,63.14,Active
PROD-0001714,SUP-000116,Industrial Parts Product 01714,Industrial Parts,17.65,29.2,Active
PROD-0001715,SUP-000563,Finished Goods Product 01715,Finished Goods,108.85,230.92,Active
PROD-0001716,SUP-000513,Industrial Parts Product 01716,Industrial Parts,21.78,35.13,Active
PROD-0001717,SUP-000094,Raw Materials Product 01717,Raw Materials,20.38,25.83,Active
PROD-0001718,SUP-000381,Components Product 01718,Components,8.84,13.67,Active
PROD-0001719,SUP-000651,Components Product 01719,Components,19.23,25.3,Active
PROD-0001720,SUP-000182,Raw Materials Product 01720,Raw Materials,5.19,6.29,Active
PROD-0001721,SUP-000020,Components Product 01721,Components,23.09,31.43,Active
PROD-0001722,SUP-000099,Components Product 01722,Components,6.15,9.69,Active
PROD-0001723,SUP-000882,Packaging Product 01723,Packaging,15.19,32.42,Inactive
PROD-0001725,SUP-000780,Components Product 01725,Components,28.08,56.22,Active
PROD-0001726,SUP-000380,Raw Materials Product 01726,Raw Materials,47.61,88.48,Active
PROD-0001727,SUP-000609,Finished Goods Product 01727,Finished Goods,33.96,43.33,Active
PROD-0001728,SUP-000633,Packaging Product 01728,Packaging,47.48,99.88,Active
PROD-0001729,SUP-000965,Finished Goods Product 01729,Finished Goods,64.94,113.33,Inactive
PROD-0001730,SUP-000200,Packaging Product 01730,Packaging,48.88,78.02,Active
PROD-0001731,SUP-000504,Industrial Parts Product 01731,Industrial Parts,31.82,65.6,Active
PROD-0001732,SUP-000712,Industrial Parts Product 01732,Industrial Parts,98.18,136.17,Inactive
PROD-0001733,SUP-000201,Finished Goods Product 01733,Finished Goods,35.99,79.06,Active
PROD-0001734,SUP-000917,Raw Materials Product 01734,Raw Materials,13.04,26.52,Active
PROD-0001736,SUP-000235,Components Product 01736,Components,46.27,74.12,Active
PROD-0001737,SUP-000841,Raw Materials Product 01737,Raw Materials,21.47,38.64,Active
PROD-0001738,SUP-000210,Raw Materials Product 01738,Raw Materials,90.82,201.98,Active
PROD-0001739,SUP-000803,Industrial Parts Product 01739,Industrial Parts,33.14,57.64,Active
PROD-0001740,SUP-000231,Finished Goods Product 01740,Finished Goods,16.23,28.76,Active
PROD-0001741,SUP-000543,Raw Materials Product 01741,Raw Materials,11.45,20.96,Active
PROD-0001742,SUP-000722,Components Product 01742,Components,11.2,23.87,Active
PROD-0001743,SUP-000050,Raw Materials Product 01743,Raw Materials,185.58,280.22,Active
PROD-0001744,SUP-000531,Components Product 01744,Components,35.16,87.11,Active
PROD-0001745,SUP-000533,Industrial Parts Product 01745,Industrial Parts,49.73,63.73,Active
PROD-0001746,SUP-000944,Raw Materials Product 01746,Raw Materials,20.17,29.08,Active
PROD-0001747,SUP-000341,Finished Goods Product 01747,Finished Goods,62.33,106.99,Active
PROD-0001748,SUP-000028,Industrial Parts Product 01748,Industrial Parts,29.87,54.26,Active
PROD-0001749,SUP-000475,Raw Materials Product 01749,Components,28.58,45.17,Active
PROD-0001750,SUP-000390,Packaging Product 01750,Packaging,3285.0,3285.0,Active
PROD-0001751,SUP-000335,Finished Goods Product 01751,Finished Goods,12.18,24.96,Active
PROD-0001752,SUP-000226,Finished Goods Product 01752,Finished Goods,57.88,88.83,Inactive
PROD-0001753,SUP-000708,Raw Materials Product 01753,Raw Materials,132.88,188.36,Active
PROD-0001754,SUP-000044,Components Product 01754,Components,43.06,99.73,Active
PROD-0001755,SUP-000205,Components Product 01755,Components,30.02,39.78,Active
PROD-0001756,SUP-000881,Finished Goods Product 01756,Finished Goods,16.99,39.09,Active
PROD-0001757,SUP-000135,Components Product 01757,Components,26.88,64.16,Active
PROD-0001758,SUP-000809,Finished Goods Product 01758,Finished Goods,18.04,22.29,Active
PROD-0001759,SUP-000031,Industrial Parts Product 01759,Industrial Parts,8.78,20.27,Active
PROD-0001760,SUP-000337,Raw Materials Product 01760,Raw Materials,26.08,46.36,Active
PROD-0001761,SUP-000201,Packaging Product 01761,Packaging,29.5,68.02,Active
PROD-0001762,SUP-000464,Finished Goods Product 01762,Finished Goods,40.76,69.77,Active
PROD-0001763,SUP-000338,Finished Goods Product 01763,Finished Goods,85.09,138.87,Active
PROD-0001764,SUP-000654,Raw Materials Product 01764,Raw Materials,44.2,73.96,Active
PROD-0001765,SUP-000065,Raw Materials Product 01765,Raw Materials,18.02,35.27,Active
PROD-0001766,SUP-000262,Components Product 01766,Components,50.72,114.87,Active
PROD-0001768,SUP-000541,Components Product 01768,Components,27.54,52.87,Active
PROD-0001769,SUP-000728,Components Product 01769,Components,34.1,53.98,Active
PROD-0001770,SUP-000509,Finished Goods Product 01770,Finished Goods,46.96,84.05,Active
PROD-0001771,SUP-000916,Industrial Parts Product 01771,Industrial Parts,28.71,59.49,Active
PROD-0001772,SUP-000777,Finished Goods Product 01772,Finished Goods,8.3,13.87,Active
PROD-0001773,SUP-000046,Components Product 01773,Components,25.15,53.11,Active
PROD-0001774,SUP-000390,Components Product 01774,Components,16.81,34.28,Active
PROD-0001775,SUP-000026,Industrial Parts Product 01775,Industrial Parts,18.22,24.2,Active
PROD-0001776,SUP-000771,Industrial Parts Product 01776,Industrial Parts,17.65,26.22,Active
PROD-0001777,SUP-000184,Components Product 01777,Components,28.29,53.15,Active
PROD-0001778,SUP-000218,Components Product 01778,Components,45.88,62.07,Active
PROD-0001779,SUP-000973,Raw Materials Product 01779,Raw Materials,57.18,131.89,Active
PROD-0001780,SUP-000581,Finished Goods Product 01780,Finished Goods,20.6,45.49,Active
PROD-0001781,SUP-000685,Components Product 01781,Components,9.14,19.52,Active
PROD-0001782,SUP-000142,Raw Materials Product 01782,Raw Materials,16.9,23.04,Active
PROD-0001783,SUP-000486,Raw Materials Product 01783,Raw Materials,87.38,112.5,Active
PROD-0001784,SUP-000487,Components Product 01784,Components,55.11,129.82,Active
PROD-0001785,SUP-000633,Components Product 01785,Components,71.64,114.73,Active
PROD-0001786,SUP-000897,Components Product 01786,Components,34.98,54.56,Active
PROD-0001787,SUP-000870,Components Product 01787,Components,24.61,40.26,Active
PROD-0001788,SUP-000312,Industrial Parts Product 01788,Industrial Parts,11.68,23.05,Active
PROD-0001789,SUP-000177,Components Product 01789,Components,66.55,146.31,Active
PROD-0001790,SUP-000484,Components Product 01790,Components,40.81,62.99,Active
PROD-0001791,SUP-000979,Components Product 01791,Components,22.38,39.76,Active
PROD-0001792,SUP-000355,Components Product 01792,Components,7.68,12.83,Active
PROD-0001793,SUP-000312,Industrial Parts Product 01793,Industrial Parts,87.81,134.33,Active
PROD-0001794,SUP-000967,Packaging Product 01794,Packaging,82.35,152.7,Active
PROD-0001795,SUP-000042,Components Product 01795,Components,23.37,29.67,Active
PROD-0001796,SUP-000321,Raw Materials Product 01796,Raw Materials,30.15,46.04,Active
PROD-0001797,SUP-000961,Raw Materials Product 01797,Raw Materials,22.82,29.39,Active
PROD-0001798,SUP-000309,Industrial Parts Product 01798,Industrial Parts,27.89,36.39,Active
PROD-0001799,SUP-000483,Finished Goods Product 01799,Finished Goods,5.39,6.56,Active
PROD-0001800,SUP-000662,Components Product 01800,Components,44.14,99.18,Active
PROD-0001801,SUP-000429,Finished Goods Product 01801,Finished Goods,21.9,48.14,Active
PROD-0001802,SUP-000192,Raw Materials Product 01802,Raw Materials,25.31,40.96,Active
PROD-0001803,SUP-000817,Industrial Parts Product 01803,Industrial Parts,18.57,35.52,Active
PROD-0001804,SUP-000070,Packaging Product 01804,Packaging,26.34,40.22,Inactive
PROD-0001805,SUP-000395,Components Product 01805,Components,47.01,58.76,Active
PROD-0001806,SUP-000433,Raw Materials Product 01806,Raw Materials,46.51,83.45,Active
PROD-0001807,SUP-000625,Raw Materials Product 01807,Raw Materials,32.34,44.98,Active
PROD-0001808,SUP-000099,Raw Materials Product 01808,Raw Materials,34.58,64.03,Active
PROD-0001809,SUP-000205,Components Product 01809,Components,29.29,47.58,Active
PROD-0001810,SUP-000818,Components Product 01810,Components,85.26,181.52,Active
PROD-0001811,SUP-000013,Finished Goods Product 01811,Finished Goods,32.85,64.21,Inactive
PROD-0001812,SUP-000850,Finished Goods Product 01812,Finished Goods,35.49,66.63,Active
PROD-0001813,SUP-000701,Packaging Product 01813,Packaging,139.18,217.22,Active
PROD-0001814,SUP-000582,Industrial Parts Product 01814,Industrial Parts,32.68,48.82,Active
PROD-0001815,SUP-000216,Packaging Product 01815,Packaging,17.31,39.95,Active
PROD-0001816,SUP-000198,Packaging Product 01816,Packaging,72.15,119.56,Active
PROD-0001817,SUP-000786,Raw Materials Product 01817,Raw Materials,7.42,10.18,Active
PROD-0001818,SUP-000467,Finished Goods Product 01818,Finished Goods,19.32,34.02,Active
PROD-0001819,SUP-000207,Industrial Parts Product 01819,Industrial Parts,28.05,56.15,Active
PROD-0001820,SUP-000786,Components Product 01820,Components,4.5,5.71,Active
PROD-0001821,SUP-000307,Industrial Parts Product 01821,Industrial Parts,44.45,70.78,Active
PROD-0001822,SUP-000487,Raw Materials Product 01822,Raw Materials,47.41,108.64,Active
PROD-0001823,SUP-000606,Components Product 01823,Components,11.92,28.88,Active
PROD-0001824,SUP-000687,Components Product 01824,Components,28.82,58.78,Active
PROD-0001825,SUP-000540,Industrial Parts Product 01825,Industrial Parts,269.01,667.54,Active
PROD-0001826,SUP-000649,Components Product 01826,Components,33.69,45.86,Active
PROD-0001827,SUP-000169,Raw Materials Product 01827,Raw Materials,125.76,272.87,Active
PROD-0001828,SUP-000160,Industrial Parts Product 01828,Industrial Parts,26.11,60.94,Active
PROD-0001829,SUP-000514,Raw Materials Product 01829,Raw Materials,77.34,158.41,Active
PROD-0001830,SUP-000110,Components Product 01830,Components,25.92,58.51,Inactive
PROD-0001831,SUP-000785,Finished Goods Product 01831,Finished Goods,28.28,58.84,Active
PROD-0001832,SUP-000616,Raw Materials Product 01832,Raw Materials,15.54,31.17,Active
PROD-0001833,SUP-000933,Finished Goods Product 01833,Finished Goods,119.21,258.12,Active
PROD-0001834,SUP-000591,Finished Goods Product 01834,Finished Goods,24.35,42.78,Active
PROD-0001835,SUP-000876,Components Product 01835,Components,25.34,43.51,Active
PROD-0001836,SUP-000346,Industrial Parts Product 01836,Industrial Parts,43.52,58.49,Active
PROD-0001837,SUP-000930,Industrial Parts Product 01837,Industrial Parts,7.9,19.42,Active
PROD-0001838,SUP-000050,Industrial Parts Product 01838,Industrial Parts,32.91,42.93,Active
PROD-0001839,SUP-000504,Finished Goods Product 01839,Finished Goods,35.96,89.43,Active
PROD-0001840,SUP-000830,Finished Goods Product 01840,Finished Goods,17.63,22.74,Active
PROD-0001841,SUP-000240,Finished Goods Product 01841,Finished Goods,79.56,191.23,Inactive
PROD-0001842,SUP-000794,Finished Goods Product 01842,Finished Goods,47.78,81.42,Active
PROD-0001843,SUP-000516,Industrial Parts Product 01843,Industrial Parts,20.08,48.64,Active
PROD-0001844,SUP-000441,Raw Materials Product 01844,Raw Materials,10.86,21.31,Active
PROD-0001845,SUP-000124,Components Product 01845,Components,57.78,95.82,Active
PROD-0001846,SUP-000464,Packaging Product 01846,Packaging,13.64,17.9,Active
PROD-0001847,SUP-000627,Components Product 01847,Components,21.53,46.31,Active
PROD-0001848,SUP-000404,Components Product 01848,Components,67.58,134.84,Active
PROD-0001849,SUP-000013,Packaging Product 01849,Packaging,38.34,69.54,Active
PROD-0001850,SUP-000086,Raw Materials Product 01850,Raw Materials,27.79,53.69,Active
PROD-0001851,SUP-000446,Finished Goods Product 01851,Finished Goods,8.02,11.92,Active
PROD-0001852,SUP-000304,Industrial Parts Product 01852,Industrial Parts,8.41,17.04,Active
PROD-0001853,SUP-000293,Raw Materials Product 01853,Raw Materials,11.85,5967.0,Active
PROD-0001854,SUP-000050,Packaging Product 01854,Packaging,18.96,24.62,Inactive
PROD-0001855,SUP-000064,Raw Materials Product 01855,Raw Materials,24.01,54.72,Active
PROD-0001856,SUP-000043,Packaging Product 01856,Packaging,22.1,42.51,Active
PROD-0001857,SUP-000709,Raw Materials Product 01857,Raw Materials,84.37,200.49,Active
PROD-0001858,SUP-000151,Finished Goods Product 01858,Finished Goods,39.0,73.92,Active
PROD-0001859,SUP-000006,Raw Materials Product 01859,Raw Materials,14.78,35.66,Inactive
PROD-0001860,SUP-000705,Finished Goods Product 01860,Finished Goods,30.95,64.16,Active
PROD-0001861,SUP-000272,Raw Materials Product 01861,Raw Materials,24.94,36.84,Active
PROD-0001862,SUP-000530,Finished Goods Product 01862,Finished Goods,31.0,71.01,Active
PROD-0001863,SUP-000874,Industrial Parts Product 01863,Industrial Parts,22.6,31.84,Active
PROD-0001864,SUP-000864,Components Product 01864,Components,13.64,23.48,Active
PROD-0001865,SUP-000773,Industrial Parts Product 01865,Industrial Parts,67.73,154.7,Inactive
PROD-0001866,SUP-000447,Industrial Parts Product 01866,Industrial Parts,233.95,391.53,Active
PROD-0001867,SUP-000290,Finished Goods Product 01867,Finished Goods,75.43,91.84,Active
PROD-0001868,SUP-000867,Components Product 01868,Components,37.74,50.39,Active
PROD-0001869,SUP-000677,Raw Materials Product 01869,Raw Materials,48.09,70.56,Active
PROD-0001870,SUP-000650,Finished Goods Product 01870,Finished Goods,23.01,29.33,Active
PROD-0001871,SUP-000105,Components Product 01871,Components,70.76,129.18,Active
PROD-0001872,SUP-000182,Industrial Parts Product 01872,Industrial Parts,13.91,23.76,Active
PROD-0001873,SUP-000384,Industrial Parts Product 01873,Industrial Parts,24.51,41.94,Active
PROD-0001874,SUP-000038,Industrial Parts Product 01874,Industrial Parts,33.19,64.59,Active
PROD-0001875,SUP-000660,Packaging Product 01875,Packaging,69.82,127.58,Active
PROD-0001876,SUP-000277,Raw Materials Product 01876,Raw Materials,25.81,58.02,Active
PROD-0001877,SUP-000606,Industrial Parts Product 01877,Industrial Parts,29.28,45.62,Active
PROD-0001878,SUP-000582,Industrial Parts Product 01878,Industrial Parts,11.81,20.09,Inactive
PROD-0001879,SUP-000079,Packaging Product 01879,Packaging,3.84,6.23,Active
PROD-0001880,SUP-000819,Raw Materials Product 01880,Raw Materials,32.49,45.6,Active
PROD-0001881,SUP-000644,Raw Materials Product 01881,Raw Materials,59.34,107.53,Active
PROD-0001882,SUP-000892,Packaging Product 01882,Packaging,70.47,103.68,Active
PROD-0001883,SUP-000424,Raw Materials Product 01883,Raw Materials,34.95,60.29,Active
PROD-0001884,SUP-000137,Finished Goods Product 01884,Finished Goods,34.99,58.18,Active
PROD-0001885,SUP-000587,Finished Goods Product 01885,Finished Goods,6.63,16.19,Active
PROD-0001886,SUP-000002,Finished Goods Product 01886,Finished Goods,28.84,54.52,Active
PROD-0001887,SUP-000412,Raw Materials Product 01887,Raw Materials,42.83,100.73,Active
PROD-0001888,SUP-000892,Raw Materials Product 01888,Raw Materials,59.76,87.53,Inactive
PROD-0001889,SUP-000383,Raw Materials Product 01889,Raw Materials,58.67,93.71,Active
PROD-0001890,SUP-000631,Components Product 01890,Components,74.73,91.28,Active
PROD-0001891,SUP-000070,Components Product 01891,Components,23.7,53.17,Active
PROD-0001892,SUP-000273,Raw Materials Product 01892,Raw Materials,10.06,14.82,Active
PROD-0001893,SUP-000255,Packaging Product 01893,Packaging,49.47,109.74,Active
PROD-0001894,SUP-000939,Components Product 01894,Components,25.05,31.78,Active
PROD-0001895,SUP-000767,Industrial Parts Product 01895,Industrial Parts,23.96,35.92,Active
PROD-0001896,SUP-000577,Raw Materials Product 01896,Raw Materials,56.3,123.17,Active
PROD-0001897,SUP-000264,Raw Materials Product 01897,Raw Materials,54.46,113.29,Active
PROD-0001898,SUP-000975,Finished Goods Product 01898,Finished Goods,33.1,77.54,Active
PROD-0001899,SUP-000452,Finished Goods Product 01899,Finished Goods,20.54,39.79,Inactive
PROD-0001900,SUP-000659,Raw Materials Product 01900,Raw Materials,88.45,132.41,Active
PROD-0001901,SUP-000403,Components Product 01901,Components,39.68,93.08,Active
PROD-0001902,SUP-000116,Finished Goods Product 01902,Finished Goods,11.05,17.86,Active
PROD-0001903,SUP-000951,Raw Materials Product 01903,Raw Materials,26.09,31.59,Active
PROD-0001904,SUP-000733,Packaging Product 01904,Packaging,14.2,20.41,Active
PROD-0001905,SUP-000098,Finished Goods Product 01905,Finished Goods,27.86,55.49,Active
PROD-0001906,SUP-000365,Raw Materials Product 01906,Raw Materials,27.66,37.63,Active
PROD-0001907,SUP-000581,Finished Goods Product 01907,Finished Goods,8.12,10.92,Active
PROD-0001908,SUP-000327,Finished Goods Product 01908,Finished Goods,5.47,6.64,Active
PROD-0001909,SUP-000677,Finished Goods Product 01909,Finished Goods,34.67,73.95,Active
PROD-0001910,SUP-000193,Industrial Parts Product 01910,Industrial Parts,5.62,8.37,Active
PROD-0001911,SUP-000335,Components Product 01911,Components,34.73,58.96,Active
PROD-0001912,SUP-000344,Raw Materials Product 01912,Raw Materials,172.34,217.63,Active
PROD-0001913,SUP-000001,Industrial Parts Product 01913,Industrial Parts,102.17,238.55,Active
PROD-0001914,SUP-000849,Finished Goods Product 01914,Finished Goods,30.15,40.17,Active
PROD-0001915,SUP-000670,Packaging Product 01915,Packaging,56.25,119.08,Active
PROD-0001916,SUP-000153,Industrial Parts Product 01916,Industrial Parts,46.95,57.55,Active
PROD-0001917,SUP-000507,Industrial Parts Product 01917,Industrial Parts,33.14,123.27,Active
PROD-0001918,SUP-000101,Industrial Parts Product 01918,Industrial Parts,17.73,26.13,Active
PROD-0001919,SUP-000524,Industrial Parts Product 01919,Industrial Parts,116.75,168.77,Active
PROD-0001920,SUP-000849,Industrial Parts Product 01920,Industrial Parts,91.11,215.73,Active
PROD-0001921,SUP-000423,Finished Goods Product 01921,Finished Goods,28.15,49.32,Active
PROD-0001922,SUP-000223,Packaging Product 01922,Packaging,13.49,18.25,Active
PROD-0001923,SUP-000834,Industrial Parts Product 01923,Industrial Parts,10.83,16.8,Active
PROD-0001924,SUP-000344,Finished Goods Product 01924,Finished Goods,95.83,184.86,Active
PROD-0001925,SUP-000695,Finished Goods Product 01925,Finished Goods,127.23,256.52,Active
PROD-0001926,SUP-000939,Raw Materials Product 01926,Raw Materials,48.57,104.74,Active
PROD-0001927,SUP-000125,Industrial Parts Product 01927,Industrial Parts,35.0,42.06,Active
PROD-0001928,SUP-000731,Components Product 01928,Components,116.32,143.25,Active
PROD-0001929,SUP-000884,Finished Goods Product 01929,Finished Goods,22.73,27.71,Active
PROD-0001930,SUP-000476,Raw Materials Product 01930,Raw Materials,32.3,40.84,Active
PROD-0001931,SUP-000063,Packaging Product 01931,Packaging,31.67,47.56,Active
PROD-0001932,SUP-000371,Finished Goods Product 01932,Finished Goods,25.78,34.48,Active
PROD-0001933,SUP-000534,Industrial Parts Product 01933,Industrial Parts,46.64,90.2,Active
PROD-0001934,SUP-000049,Finished Goods Product 01934,Finished Goods,35.2,73.94,Active
PROD-0001935,SUP-000150,Finished Goods Product 01935,Finished Goods,20.96,47.7,Active
PROD-0001936,SUP-000533,Raw Materials Product 01936,Raw Materials,14.11,34.53,Active
PROD-0001937,SUP-000175,Finished Goods Product 01937,Finished Goods,95.6,174.03,Active
PROD-0001938,SUP-000374,Finished Goods Product 01938,Finished Goods,74.65,132.07,Active
PROD-0001939,SUP-000737,Raw Materials Product 01939,Raw Materials,188.55,269.31,Active
PROD-0001940,SUP-000056,Raw Materials Product 01940,Raw Materials,40.18,88.93,Active
PROD-0001941,SUP-000223,Raw Materials Product 01941,Raw Materials,60.08,107.9,Active
PROD-0001942,SUP-000060,Components Product 01942,Components,27.5,48.02,Active
PROD-0001943,SUP-000559,Components Product 01943,Components,59.23,95.42,Active
PROD-0001944,SUP-000127,Industrial Parts Product 01944,Industrial Parts,100.34,174.02,Active
PROD-0001945,SUP-000198,Packaging Product 01945,Packaging,14.96,25.47,Active
PROD-0001946,SUP-000270,Components Product 01946,Components,29.63,64.02,Active
PROD-0001947,SUP-000211,Components Product 01947,Components,47.91,109.71,Active
PROD-0001948,SUP-000718,Packaging Product 01948,Packaging,16.35,20.78,Active
PROD-0001949,SUP-000893,Packaging Product 01949,Packaging,12.32,17.04,Active
PROD-0001950,SUP-000821,Components Product 01950,Components,19.67,23.97,Active
PROD-0001951,SUP-000237,Industrial Parts Product 01951,Industrial Parts,29.29,56.12,Active
PROD-0001953,SUP-000428,Finished Goods Product 01953,Finished Goods,40.05,67.19,Active
PROD-0001954,SUP-000960,Components Product 01954,Components,144.54,177.46,Active
PROD-0001955,SUP-000253,Industrial Parts Product 01955,Industrial Parts,71.55,125.14,Inactive
PROD-0001956,SUP-000621,Finished Goods Product 01956,Finished Goods,69.49,118.28,Active
PROD-0001957,SUP-000452,Components Product 01957,Components,8.57,19.28,Active
PROD-0001958,SUP-000773,Industrial Parts Product 01958,Industrial Parts,25.86,35.17,Active
PROD-0001959,SUP-000780,Packaging Product 01959,Packaging,103.93,152.29,Active
PROD-0001960,SUP-000618,Industrial Parts Product 01960,Industrial Parts,22.51,45.98,Active
PROD-0001961,SUP-000692,Finished Goods Product 01961,Finished Goods,25.63,48.07,Active
PROD-0001962,SUP-000220,Industrial Parts Product 01962,Industrial Parts,71.84,148.37,Active
PROD-0001963,SUP-000323,Components Product 01963,Components,46.3,80.72,Inactive
PROD-0001964,SUP-000342,Industrial Parts Product 01964,Industrial Parts,16.73,21.67,Active
PROD-0001965,SUP-000665,Components Product 01965,Components,10.25,19.56,Active
PROD-0001966,SUP-000270,Finished Goods Product 01966,Finished Goods,24.18,48.11,Active
PROD-0001967,SUP-000083,Finished Goods Product 01967,Finished Goods,57.05,68.8,Active
PROD-0001968,SUP-000870,Finished Goods Product 01968,Finished Goods,167.8,221.18,Active
PROD-0001969,SUP-000053,Raw Materials Product 01969,Raw Materials,12.98,20.38,Active
PROD-0001970,SUP-000656,Components Product 01970,Components,10.86,17.49,Active
PROD-0001971,SUP-000404,Components Product 01971,Components,116.12,163.04,Active
PROD-0001972,SUP-000103,Packaging Product 01972,Packaging,20.89,48.74,Active
PROD-0001973,SUP-000849,Industrial Parts Product 01973,Industrial Parts,80.67,141.48,Active
PROD-0001974,SUP-000611,Components Product 00011,Raw Materials,20.14,46.61,Active
PROD-0001975,SUP-000460,Industrial Parts Product 01975,Industrial Parts,175.32,325.41,Active
PROD-0001976,SUP-000701,Raw Materials Product 01976,Raw Materials,22.83,54.13,Active
PROD-0001977,SUP-000017,Finished Goods Product 01977,Finished Goods,52.89,94.49,Active
PROD-0001978,SUP-000789,Components Product 01978,Components,17.18,32.26,Active
PROD-0001979,SUP-000833,Packaging Product 01979,Packaging,57.89,88.17,Active
PROD-0001980,SUP-000074,Components Product 01980,Components,14.82,35.99,Active
PROD-0001981,SUP-000557,Industrial Parts Product 01981,Industrial Parts,8.89,21.24,Active
PROD-0001982,SUP-000685,Raw Materials Product 01982,Raw Materials,31.63,40.34,Active
PROD-0001983,SUP-000821,Raw Materials Product 01983,Raw Materials,26.28,37.3,Active
PROD-0001984,SUP-000002,Components Product 00011,Industrial Parts,46.58,94.73,Active
PROD-0001985,SUP-000059,Raw Materials Product 01985,Raw Materials,18.16,43.66,Active
PROD-0001986,SUP-000451,Industrial Parts Product 01986,Industrial Parts,178.22,242.3,Active
PROD-0001987,SUP-000673,Raw Materials Product 01987,Raw Materials,43.06,70.93,Active
PROD-0001988,SUP-000761,Components Product 00011,Raw Materials,9.45,12.56,Active
PROD-0001989,SUP-000408,Components Product 01989,Components,19.89,37.18,Active
PROD-0001990,SUP-000289,Components Product 01990,Components,35.75,46.64,Active
PROD-0001991,SUP-000095,Packaging Product 01991,Packaging,25.65,42.24,Active
PROD-0001992,SUP-000875,Raw Materials Product 01992,Raw Materials,47.96,116.08,Active
PROD-0001993,SUP-000884,Components Product 01993,Components,26.7,62.63,Active
PROD-0001994,SUP-000923,Components Product 01994,Components,9.07,22.07,Active
PROD-0001995,SUP-000805,Finished Goods Product 01995,Finished Goods,9.44,11.76,Active
PROD-0001996,SUP-000064,Industrial Parts Product 01996,Industrial Parts,53.6,73.66,Active
PROD-0001997,SUP-000795,Finished Goods Product 01997,Finished Goods,14.06,18.83,Active
PROD-0001998,SUP-000837,Finished Goods Product 01998,Finished Goods,38.51,78.85,Active
PROD-0001999,SUP-000302,Industrial Parts Product 01999,Industrial Parts,17.09,38.13,Active
PROD-0002000,SUP-000601,Finished Goods Product 02000,Finished Goods,19.54,48.25,Active
PROD-0002001,SUP-000502,Raw Materials Product 02001,Raw Materials,10.74,20.85,Active
PROD-0002002,SUP-000288,Finished Goods Product 02002,Finished Goods,59.18,125.88,Active
PROD-0002003,SUP-000835,Industrial Parts Product 02003,Industrial Parts,22.54,30.1,Active
PROD-0002004,SUP-000214,Components Product 02004,Components,164.43,299.76,Active
PROD-0002005,SUP-000817,Raw Materials Product 02005,Raw Materials,6.01,11.92,Active
PROD-0002006,SUP-000508,Packaging Product 02006,Packaging,11.66,23.37,Inactive
PROD-0002007,SUP-000780,Raw Materials Product 02007,Raw Materials,47.84,70.46,Active
PROD-0002008,SUP-000827,Finished Goods Product 02008,Finished Goods,14.43,5967.0,Active
PROD-0002009,SUP-000114,Finished Goods Product 02009,Finished Goods,59.63,124.67,Active
PROD-0002010,SUP-000510,Components Product 02010,Components,24.15,43.08,Active
PROD-0002011,SUP-000184,Raw Materials Product 02011,Raw Materials,21.6,52.23,Active
PROD-0002012,SUP-000010,Raw Materials Product 02012,Raw Materials,32.38,66.73,Active
PROD-0002013,SUP-000544,Finished Goods Product 02013,Finished Goods,18.4,28.6,Active
PROD-0002014,SUP-000681,Components Product 02014,Components,57.28,82.02,Active
PROD-0002015,SUP-000441,Raw Materials Product 02015,Raw Materials,5.05,10.38,Active
PROD-0002016,SUP-000555,Industrial Parts Product 02016,Industrial Parts,6.08,13.78,Active
PROD-0002017,SUP-000410,Raw Materials Product 02017,Raw Materials,46.24,75.56,Active
PROD-0002018,SUP-000136,Finished Goods Product 02018,Finished Goods,101.9,245.46,Active
PROD-0002019,SUP-000327,Raw Materials Product 02019,Raw Materials,23.69,49.62,Active
PROD-0002020,SUP-000272,Components Product 02020,Components,74.01,184.84,Active
PROD-0002021,SUP-000911,Raw Materials Product 02021,Raw Materials,100.23,180.21,Active
PROD-0002022,SUP-000625,Finished Goods Product 02022,Finished Goods,88.56,172.87,Active
PROD-0002023,SUP-000287,Finished Goods Product 02023,Finished Goods,5.63,11.12,Active
PROD-0002024,SUP-000422,Finished Goods Product 02024,Finished Goods,47.88,100.4,Active
PROD-0002025,SUP-000969,Raw Materials Product 02025,Raw Materials,11.83,20.06,Active
PROD-0002026,SUP-000098,Components Product 02026,Components,32.37,66.16,Active
PROD-0002027,SUP-000711,Components Product 02027,Components,24.83,35.06,Active
PROD-0002028,SUP-000836,Industrial Parts Product 02028,Industrial Parts,28.24,66.6,Active
PROD-0002029,SUP-000829,Finished Goods Product 02029,Finished Goods,77.51,150.93,Active
PROD-0002030,SUP-000572,Finished Goods Product 02030,Finished Goods,10.81,17.1,Active
PROD-0002031,SUP-000892,Components Product 02031,Components,129.64,230.93,Active
PROD-0002032,SUP-000288,Finished Goods Product 02032,Finished Goods,39.43,96.95,Active
PROD-0002033,SUP-000206,Finished Goods Product 02033,Finished Goods,33.14,33.14,Active
PROD-0002034,SUP-000610,Finished Goods Product 02034,Finished Goods,15.46,37.83,Active
PROD-0002035,SUP-000297,Industrial Parts Product 02035,Industrial Parts,91.5,196.76,Active
PROD-0002036,SUP-000560,Components Product 02036,Components,6.44,10.07,Active
PROD-0002037,SUP-000132,Raw Materials Product 02037,Raw Materials,50.88,113.2,Active
PROD-0002038,SUP-000077,Components Product 02038,Components,46.9,110.53,Active
PROD-0002040,SUP-000392,Finished Goods Product 02040,Finished Goods,20.79,42.02,Inactive
PROD-0002041,SUP-000213,Components Product 02041,Components,33.14,315.45,Active
PROD-0002042,SUP-000583,Industrial Parts Product 02042,Industrial Parts,138.1,236.17,Inactive
PROD-0002043,SUP-000536,Components Product 02043,Components,46.21,100.63,Active
PROD-0002044,SUP-000026,Packaging Product 02044,Packaging,47.8,88.98,Active
PROD-0002045,SUP-000068,Finished Goods Product 02045,Finished Goods,67.52,122.4,Active
PROD-0002046,SUP-000754,Components Product 02046,Components,26.03,35.69,Active
PROD-0002047,SUP-000003,Raw Materials Product 02047,Raw Materials,121.93,225.49,Active
PROD-0002048,SUP-000509,Raw Materials Product 02048,Raw Materials,88.46,134.35,Active
PROD-0002049,SUP-000553,Components Product 02049,Components,20.11,39.42,Active
PROD-0002050,SUP-000903,Industrial Parts Product 02050,Industrial Parts,57.78,93.75,Active
PROD-0002051,SUP-000880,Components Product 02051,Components,8.53,18.45,Active
PROD-0002052,SUP-000161,Raw Materials Product 02052,Raw Materials,9.56,20.58,Active
PROD-0002053,SUP-000199,Components Product 02053,Components,3285.0,3285.0,Active
PROD-0002054,SUP-000087,Raw Materials Product 02054,Raw Materials,10.95,18.65,Active
PROD-0002055,SUP-000056,Components Product 02055,Components,71.35,88.06,Active
PROD-0002056,SUP-000243,Components Product 02056,Components,55.25,92.16,Active
PROD-0002057,SUP-000472,Raw Materials Product 02057,Raw Materials,40.6,71.03,Active
PROD-0002058,SUP-000669,Industrial Parts Product 02058,Industrial Parts,24.71,51.49,Active
PROD-0002059,SUP-000891,Finished Goods Product 02059,Finished Goods,74.5,132.23,Active
PROD-0002060,SUP-000756,Raw Materials Product 02060,Raw Materials,125.81,256.11,Active
PROD-0002061,SUP-000359,Finished Goods Product 02061,Finished Goods,33.91,66.83,Active
PROD-0002062,SUP-000341,Components Product 02062,Components,52.36,81.55,Active
PROD-0002063,SUP-000455,Finished Goods Product 02063,Finished Goods,29.23,64.36,Inactive
PROD-0002064,SUP-000570,Industrial Parts Product 02064,Industrial Parts,18.47,39.53,Active
PROD-0002065,SUP-000764,Raw Materials Product 02065,Raw Materials,17.99,25.53,Active
PROD-0002066,SUP-000355,Components Product 02066,Components,16.3,30.17,Active
PROD-0002067,SUP-000498,Industrial Parts Product 02067,Industrial Parts,52.99,5967.0,Active
PROD-0002068,SUP-000015,Industrial Parts Product 02068,Industrial Parts,77.17,131.9,Active
PROD-0002069,SUP-000634,Finished Goods Product 02069,Finished Goods,11.04,14.61,Active
PROD-0002071,SUP-000743,Components Product 02071,Components,26.42,45.0,Active
PROD-0002072,SUP-000977,Industrial Parts Product 02072,Industrial Parts,47.31,113.69,Active
PROD-0002073,SUP-000270,Components Product 02073,Components,50.67,95.58,Active
PROD-0002074,SUP-000110,Components Product 02074,Components,58.98,90.3,Active
PROD-0002075,SUP-000171,Finished Goods Product 02075,Finished Goods,13.48,19.83,Active
PROD-0002076,SUP-000939,Finished Goods Product 02076,Finished Goods,10.99,19.33,Inactive
PROD-0002077,SUP-000281,Components Product 02077,Components,41.67,87.15,Active
PROD-0002078,SUP-000364,Raw Materials Product 02078,Raw Materials,11.41,20.26,Active
PROD-0002079,SUP-000476,Industrial Parts Product 02079,Industrial Parts,34.37,81.58,Active
PROD-0002080,SUP-000937,Packaging Product 02080,Packaging,62.09,137.82,Active
PROD-0002081,SUP-000506,Components Product 02081,Components,6.54,13.89,Active
PROD-0002082,SUP-000447,Finished Goods Product 02082,Finished Goods,37.28,46.09,Active
PROD-0002083,SUP-000347,Packaging Product 02083,Packaging,10.15,21.36,Active
PROD-0002084,SUP-000054,Finished Goods Product 02084,Finished Goods,57.06,89.52,Active
PROD-0002085,SUP-000127,Raw Materials Product 02085,Raw Materials,75.39,106.75,Active
PROD-0002086,SUP-000632,Finished Goods Product 02086,Finished Goods,21.86,30.63,Active
PROD-0002087,SUP-000053,Components Product 02087,Components,28.31,64.3,Active
PROD-0002088,SUP-000625,Industrial Parts Product 02088,Industrial Parts,3285.0,3285.0,Active
PROD-0002089,SUP-000088,Raw Materials Product 02089,Raw Materials,24.26,52.0,Active
PROD-0002090,SUP-000125,Industrial Parts Product 02090,Industrial Parts,75.99,138.3,Active
PROD-0002091,SUP-000206,Raw Materials Product 02091,Raw Materials,42.71,101.02,Inactive
PROD-0002092,SUP-000808,Components Product 02092,Components,91.07,222.26,Active
PROD-0002093,SUP-000456,Finished Goods Product 02093,Finished Goods,6.59,14.24,Active
PROD-0002094,SUP-000155,Raw Materials Product 02094,Raw Materials,58.9,144.17,Active
PROD-0002095,SUP-000232,Raw Materials Product 02095,Raw Materials,39.28,95.35,Active
PROD-0002096,SUP-000026,Finished Goods Product 02096,Finished Goods,55.24,76.59,Active
PROD-0002097,SUP-000882,Raw Materials Product 02097,Raw Materials,20.58,39.8,Active
PROD-0002098,SUP-000854,Components Product 02098,Components,7.59,16.15,Active
PROD-0002099,SUP-000833,Industrial Parts Product 02099,Industrial Parts,7.89,12.6,Active
PROD-0002100,SUP-000996,Components Product 02100,Components,31.43,60.97,Active
PROD-0002101,SUP-000404,Industrial Parts Product 02101,Industrial Parts,56.3,84.73,Active
PROD-0002102,SUP-000925,Components Product 02102,Components,24.52,54.09,Active
PROD-0002103,SUP-000627,Finished Goods Product 02103,Finished Goods,40.75,60.39,Active
PROD-0002104,SUP-000094,Finished Goods Product 02104,Finished Goods,54.51,107.41,Active
PROD-0002105,SUP-000497,Packaging Product 02105,Packaging,6.16,14.35,Active
PROD-0002106,SUP-000333,Components Product 02106,Components,20.59,48.9,Active
PROD-0002107,SUP-000018,Components Product 02107,Components,59.39,95.41,Active
PROD-0002108,SUP-000966,Finished Goods Product 02108,Finished Goods,192.7,307.96,Active
PROD-0002109,SUP-000556,Industrial Parts Product 02109,Industrial Parts,60.78,85.24,Active
PROD-0002110,SUP-000992,Finished Goods Product 02110,Finished Goods,13.75,24.04,Active
PROD-0002111,SUP-000317,Industrial Parts Product 02111,Industrial Parts,87.15,203.36,Active
PROD-0002112,SUP-000734,Components Product 02112,Components,27.16,33.55,Inactive
PROD-0002113,SUP-000504,Components Product 02113,Components,25.31,46.19,Active
PROD-0002114,SUP-000495,Finished Goods Product 02114,Finished Goods,11.04,25.93,Active
PROD-0002115,SUP-000219,Components Product 02115,Components,149.74,259.96,Active
PROD-0002116,SUP-000413,Components Product 02116,Components,11.43,5967.0,Active
PROD-0002117,SUP-000464,Industrial Parts Product 02117,Industrial Parts,23.66,56.93,Active
PROD-0002118,SUP-000488,Industrial Parts Product 02118,Industrial Parts,23.59,54.29,Active
PROD-0002119,SUP-000281,Packaging Product 02119,Packaging,27.23,60.24,Active
PROD-0002120,SUP-000532,Packaging Product 02120,Packaging,78.51,151.08,Active
PROD-0002121,SUP-000008,Finished Goods Product 02121,Finished Goods,24.95,38.54,Active
PROD-0002122,SUP-000833,Components Product 02122,Components,80.4,167.99,Active
PROD-0002123,SUP-000424,Raw Materials Product 02123,Raw Materials,33.14,67.97,Active
PROD-0002124,SUP-000636,Finished Goods Product 02124,Finished Goods,39.43,91.46,Active
PROD-0002125,SUP-000226,Raw Materials Product 02125,Raw Materials,63.26,115.06,Active
PROD-0002126,SUP-000118,Packaging Product 02126,Packaging,34.32,83.17,Active
PROD-0002127,SUP-000282,Industrial Parts Product 02127,Industrial Parts,38.43,90.94,Active
PROD-0002128,SUP-000289,Packaging Product 02128,Packaging,85.84,194.36,Active
PROD-0002129,SUP-000846,Components Product 02129,Components,13.2,23.43,Active
PROD-0002130,SUP-000757,Components Product 02130,Components,48.98,94.95,Active
PROD-0002131,SUP-000836,Industrial Parts Product 02131,Industrial Parts,216.41,331.13,Active
PROD-0002132,SUP-000371,Raw Materials Product 02132,Raw Materials,22.6,27.81,Active
PROD-0002133,SUP-000944,Packaging Product 02133,Packaging,73.07,143.01,Active
PROD-0002134,SUP-000754,Industrial Parts Product 02134,Industrial Parts,17.36,33.24,Active
PROD-0002135,SUP-000286,Components Product 02135,Components,36.93,72.5,Active
PROD-0002136,SUP-000086,Finished Goods Product 02136,Finished Goods,17.27,38.46,Active
PROD-0002137,SUP-000712,Components Product 02137,Components,95.18,117.25,Inactive
PROD-0002138,SUP-000614,Packaging Product 02138,Packaging,49.78,100.35,Active
PROD-0002139,SUP-000599,Finished Goods Product 02139,Finished Goods,6.28,8.33,Active
PROD-0002141,SUP-000719,Finished Goods Product 02141,Finished Goods,38.39,54.17,Active
PROD-0002143,SUP-000861,Finished Goods Product 02143,Components,139.06,329.57,Active
PROD-0002144,SUP-000476,Industrial Parts Product 02144,Industrial Parts,18.66,46.43,Active
PROD-0002145,SUP-000093,Raw Materials Product 02145,Raw Materials,45.24,74.13,Active
PROD-0002146,SUP-000268,Components Product 02146,Components,3.87,6.46,Active
PROD-0002147,SUP-000970,Finished Goods Product 02147,Finished Goods,94.57,233.03,Active
PROD-0002148,SUP-000045,Packaging Product 02148,Packaging,9.29,13.4,Active
PROD-0002149,SUP-000015,Finished Goods Product 02149,Finished Goods,16.55,33.02,Active
PROD-0002150,SUP-000887,Components Product 02150,Components,33.0,47.1,Active
PROD-0002151,SUP-000574,Industrial Parts Product 02151,Industrial Parts,48.01,63.86,Active
PROD-0002152,SUP-000486,Raw Materials Product 02152,Raw Materials,14.98,25.44,Active
PROD-0002153,SUP-000697,Raw Materials Product 02153,Raw Materials,126.48,267.22,Active
PROD-0002154,SUP-000827,Components Product 02154,Components,27.49,46.77,Active
PROD-0002155,SUP-000386,Finished Goods Product 02155,Finished Goods,86.05,142.15,Active
PROD-0002156,SUP-000034,Industrial Parts Product 02156,Industrial Parts,15.37,31.57,Active
PROD-0002157,SUP-000624,Raw Materials Product 02157,Raw Materials,397.49,516.28,Active
PROD-0002158,SUP-000449,Finished Goods Product 02158,Finished Goods,31.97,76.88,Active
PROD-0002159,SUP-000701,Industrial Parts Product 02159,Industrial Parts,31.84,75.16,Active
PROD-0002160,SUP-000717,Industrial Parts Product 02160,Industrial Parts,45.4,57.76,Active
PROD-0002161,SUP-000336,Raw Materials Product 02161,Raw Materials,28.44,46.85,Active
PROD-0002162,SUP-000217,Industrial Parts Product 02162,Industrial Parts,68.36,141.63,Active
PROD-0002163,SUP-000093,Industrial Parts Product 02163,Industrial Parts,38.94,52.81,Active
PROD-0002165,SUP-000387,Raw Materials Product 02165,Raw Materials,30.31,72.37,Active
PROD-0002166,SUP-000230,Raw Materials Product 02166,Raw Materials,18.39,42.72,Active
PROD-0002167,SUP-000075,Components Product 02167,Components,26.48,33.39,Active
PROD-0002168,SUP-000206,Components Product 02168,Components,4.61,10.0,Active
PROD-0002169,SUP-000666,Components Product 02169,Components,10.37,17.47,Active
PROD-0002170,SUP-000870,Finished Goods Product 02170,Finished Goods,33.61,73.88,Active
PROD-0002171,SUP-000336,Raw Materials Product 02171,Raw Materials,31.26,47.27,Active
PROD-0002172,SUP-000958,Packaging Product 02172,Packaging,99.19,157.96,Active
PROD-0002173,SUP-000373,Industrial Parts Product 02173,Industrial Parts,66.34,119.54,Active
PROD-0002174,SUP-000959,Raw Materials Product 02174,Raw Materials,44.72,94.27,Active
PROD-0002175,SUP-000164,Finished Goods Product 02175,Finished Goods,18.57,29.68,Active
PROD-0002176,SUP-000197,Industrial Parts Product 02176,Industrial Parts,53.35,98.7,Active
PROD-0002177,SUP-000440,Industrial Parts Product 02177,Industrial Parts,22.08,28.21,Active
PROD-0002178,SUP-000289,Raw Materials Product 02178,Raw Materials,29.03,70.56,Active
PROD-0002179,SUP-000096,Components Product 02179,Components,6.15,9.69,Active
PROD-0002180,SUP-000410,Components Product 02180,Components,36.12,54.78,Active
PROD-0002181,SUP-000346,Raw Materials Product 02181,Raw Materials,29.87,66.72,Active
PROD-0002182,SUP-000187,Components Product 02182,Components,42.95,94.74,Active
PROD-0002183,SUP-000695,Finished Goods Product 02183,Finished Goods,30.91,50.36,Active
PROD-0002184,SUP-000258,Raw Materials Product 02184,Raw Materials,8.01,19.09,Active
PROD-0002185,SUP-000958,Raw Materials Product 02185,Raw Materials,63.57,88.41,Active
PROD-0002186,SUP-000410,Raw Materials Product 02186,Raw Materials,35.44,59.79,Active
PROD-0002187,SUP-000937,Components Product 02187,Components,90.39,117.55,Active
PROD-0002188,SUP-000769,Industrial Parts Product 02188,Industrial Parts,5.57,11.74,Active
PROD-0002189,SUP-000367,Industrial Parts Product 02189,Industrial Parts,27.03,64.15,Active
PROD-0002190,SUP-000343,Packaging Product 02190,Packaging,87.31,183.05,Active
PROD-0002192,SUP-000549,Raw Materials Product 02192,Raw Materials,79.08,159.99,Active
PROD-0002193,SUP-000755,Industrial Parts Product 02193,Industrial Parts,92.82,113.54,Active
PROD-0002194,SUP-000748,Components Product 02194,Components,50.07,93.29,Active
PROD-0002195,SUP-000504,Finished Goods Product 02195,Finished Goods,17.05,28.11,Active
PROD-0002196,SUP-000831,Industrial Parts Product 02196,Industrial Parts,15.62,38.23,Active
PROD-0002197,SUP-000775,Components Product 02197,Components,36.58,80.66,Active
PROD-0002198,SUP-000798,Components Product 02198,Components,62.9,148.65,Active
PROD-0002199,SUP-000037,Components Product 02199,Components,168.78,349.55,Active
PROD-0002200,SUP-000272,Finished Goods Product 02200,Finished Goods,52.89,84.77,Active
PROD-0002201,SUP-000162,Finished Goods Product 02201,Finished Goods,17.24,41.46,Active
PROD-0002202,SUP-000623,Components Product 00011,Finished Goods,92.86,215.74,Active
PROD-0002203,SUP-000476,Raw Materials Product 02203,Raw Materials,140.44,230.42,Active
PROD-0002204,SUP-000130,Raw Materials Product 02204,Raw Materials,46.95,112.67,Active
PROD-0002205,SUP-000072,Raw Materials Product 02205,Raw Materials,55.62,91.53,Active
PROD-0002206,SUP-000149,Finished Goods Product 02206,Finished Goods,69.89,145.77,Active
PROD-0002207,SUP-000712,Raw Materials Product 02207,Raw Materials,3.34,6.87,Active
PROD-0002208,SUP-000084,Raw Materials Product 02208,Raw Materials,39.09,58.91,Active
PROD-0002209,SUP-000044,Finished Goods Product 02209,Finished Goods,27.78,69.14,Inactive
PROD-0002210,SUP-000984,Components Product 02210,Components,14.81,32.38,Active
PROD-0002211,SUP-000780,Packaging Product 02211,Packaging,47.87,112.46,Active
PROD-0002212,SUP-000226,Packaging Product 02212,Packaging,45.22,76.03,Active
PROD-0002213,SUP-000029,Finished Goods Product 02213,Finished Goods,47.32,115.78,Inactive
PROD-0002214,SUP-000847,Components Product 00011,Finished Goods,48.15,85.21,Active
PROD-0002215,SUP-000681,Components Product 02215,Components,52.74,86.44,Active
PROD-0002216,SUP-000591,Packaging Product 02216,Packaging,45.77,74.28,Active
PROD-0002217,SUP-000197,Components Product 02217,Components,29.83,60.46,Active
PROD-0002218,SUP-000876,Raw Materials Product 02218,Raw Materials,14.17,30.81,Active
PROD-0002219,SUP-000774,Raw Materials Product 02219,Raw Materials,272.11,626.25,Active
PROD-0002220,SUP-000876,Industrial Parts Product 02220,Industrial Parts,77.83,152.02,Active
PROD-0002221,SUP-000436,Finished Goods Product 02221,Finished Goods,71.32,109.41,Active
PROD-0002222,SUP-000092,Industrial Parts Product 02222,Industrial Parts,49.83,61.69,Inactive
PROD-0002223,SUP-000304,Finished Goods Product 02223,Finished Goods,73.68,174.45,Active
PROD-0002224,SUP-000594,Raw Materials Product 02224,Raw Materials,35.29,45.6,Active
PROD-0002225,SUP-000432,Raw Materials Product 02225,Raw Materials,60.52,94.71,Active
PROD-0002226,SUP-000948,Packaging Product 02226,Packaging,6.36,8.57,Active
PROD-0002227,SUP-000496,Components Product 02227,Components,90.48,159.39,Active
PROD-0002228,SUP-000340,Components Product 00011,Industrial Parts,35.38,85.88,Active
PROD-0002229,SUP-000400,Raw Materials Product 02229,Raw Materials,22.95,53.43,Active
PROD-0002230,SUP-000484,Finished Goods Product 02230,Finished Goods,43.71,79.21,Active
PROD-0002231,SUP-000461,Raw Materials Product 02231,Raw Materials,48.43,106.1,Active
PROD-0002232,SUP-000008,Raw Materials Product 02232,Raw Materials,68.94,103.05,Active
PROD-0002233,SUP-000768,Raw Materials Product 02233,Raw Materials,64.08,150.95,Active
PROD-0002234,SUP-000109,Components Product 02234,Components,121.32,164.36,Active
PROD-0002235,SUP-000970,Components Product 00011,Finished Goods,20.61,42.48,Active
PROD-0002236,SUP-000878,Components Product 02236,Components,41.09,51.63,Active
PROD-0002237,SUP-000468,Raw Materials Product 02237,Raw Materials,34.0,59.11,Active
PROD-0002238,SUP-000200,Industrial Parts Product 02238,Industrial Parts,8.71,13.46,Active
PROD-0002239,SUP-000642,Components Product 02239,Components,56.49,115.7,Active
PROD-0002240,SUP-000045,Industrial Parts Product 02240,Industrial Parts,33.2,82.5,Active
PROD-0002241,SUP-000742,Finished Goods Product 02241,Finished Goods,65.74,109.34,Inactive
PROD-0002242,SUP-000561,Finished Goods Product 02242,Finished Goods,70.96,169.14,Active
PROD-0002243,SUP-000351,Finished Goods Product 02243,Finished Goods,24.0,47.84,Active
PROD-0002244,SUP-000683,Raw Materials Product 02244,Raw Materials,164.43,384.9,Active
PROD-0002245,SUP-000915,Raw Materials Product 02245,Raw Materials,13.49,22.66,Active
PROD-0002246,SUP-000310,Industrial Parts Product 02246,Industrial Parts,10.0,18.7,Active
PROD-0002247,SUP-000583,Industrial Parts Product 02247,Industrial Parts,18.05,23.53,Active
PROD-0002248,SUP-000507,Raw Materials Product 02248,Raw Materials,22.95,34.31,Active
PROD-0002249,SUP-000996,Packaging Product 02249,Packaging,24.21,32.43,Active
PROD-0002250,SUP-000252,Raw Materials Product 02250,Raw Materials,60.45,116.42,Active
PROD-0002251,SUP-000494,Packaging Product 02251,Packaging,23.49,5967.0,Active
PROD-0002252,SUP-000122,Industrial Parts Product 02252,Industrial Parts,50.91,116.67,Active
PROD-0002253,SUP-000099,Finished Goods Product 02253,Finished Goods,10.15,19.12,Active
PROD-0002254,SUP-000711,Industrial Parts Product 02254,Industrial Parts,46.85,79.77,Active
PROD-0002255,SUP-000608,Raw Materials Product 02255,Raw Materials,18.95,24.12,Active
PROD-0002256,SUP-000714,Raw Materials Product 02256,Raw Materials,41.75,75.24,Active
PROD-0002257,SUP-000706,Finished Goods Product 02257,Finished Goods,24.62,43.74,Active
PROD-0002258,SUP-000775,Finished Goods Product 02258,Finished Goods,24.59,33.05,Active
PROD-0002259,SUP-000788,Finished Goods Product 02259,Finished Goods,36.49,85.11,Active
PROD-0002260,SUP-000261,Raw Materials Product 02260,Raw Materials,55.25,73.0,Active
PROD-0002261,SUP-000518,Raw Materials Product 02261,Raw Materials,153.88,216.05,Active
PROD-0002262,SUP-000849,Components Product 00011,Raw Materials,49.51,86.62,Inactive
PROD-0002263,SUP-000251,Components Product 02263,Components,61.18,143.06,Active
PROD-0002264,SUP-000484,Components Product 02264,Components,60.6,86.23,Active
PROD-0002265,SUP-000961,Industrial Parts Product 02265,Industrial Parts,13.95,28.55,Active
PROD-0002266,SUP-000802,Finished Goods Product 02266,Finished Goods,39.75,57.07,Active
PROD-0002267,SUP-000966,Components Product 02267,Components,20.87,60.46,Active
PROD-0002269,SUP-000360,Components Product 02269,Components,55.35,87.52,Active
PROD-0002270,SUP-000958,Finished Goods Product 02270,Finished Goods,12.37,17.94,Active
PROD-0002271,SUP-000392,Raw Materials Product 02271,Raw Materials,20.08,47.59,Active
PROD-0002272,SUP-000113,Raw Materials Product 02272,Raw Materials,16.21,32.34,Active
PROD-0002273,SUP-000013,Components Product 02273,Components,42.29,73.38,Active
PROD-0002274,SUP-000631,Finished Goods Product 02274,Finished Goods,30.86,48.93,Active
PROD-0002275,SUP-000280,Industrial Parts Product 02275,Industrial Parts,33.94,83.98,Active
PROD-0002276,SUP-000934,Components Product 02276,Components,21.85,38.94,Active
PROD-0002277,SUP-000321,Raw Materials Product 02277,Raw Materials,26.33,50.33,Active
PROD-0002278,SUP-000610,Industrial Parts Product 02278,Industrial Parts,73.49,183.66,Active
PROD-0002279,SUP-000070,Finished Goods Product 02279,Finished Goods,51.75,127.42,Active
PROD-0002280,SUP-000592,Components Product 02280,Components,16.49,35.93,Active
PROD-0002281,SUP-000038,Packaging Product 02281,Packaging,35.46,53.67,Active
PROD-0002282,SUP-000040,Finished Goods Product 02282,Finished Goods,10.92,21.04,Active
PROD-0002283,SUP-000447,Finished Goods Product 02283,Finished Goods,49.66,84.77,Inactive
PROD-0002284,SUP-000904,Packaging Product 02284,Packaging,30.19,62.05,Active
PROD-0002285,SUP-000842,Finished Goods Product 02285,Finished Goods,20.82,40.05,Active
PROD-0002286,SUP-000208,Components Product 02286,Components,9.42,11.85,Active
PROD-0002287,SUP-000888,Raw Materials Product 02287,Raw Materials,28.23,36.75,Active
PROD-0002288,SUP-000126,Finished Goods Product 02288,Finished Goods,52.86,86.05,Active
PROD-0002289,SUP-000350,Components Product 02289,Components,24.2,40.87,Active
PROD-0002290,SUP-000270,Industrial Parts Product 02290,Industrial Parts,67.51,85.9,Active
PROD-0002291,SUP-000712,Industrial Parts Product 02291,Industrial Parts,12.04,14.99,Active
PROD-0002292,SUP-000877,Raw Materials Product 02292,Raw Materials,23.29,53.47,Active
PROD-0002293,SUP-000359,Industrial Parts Product 02293,Industrial Parts,30.28,43.24,Active
PROD-0002294,SUP-000157,Packaging Product 02294,Packaging,60.68,128.69,Active
PROD-0002295,SUP-000747,Industrial Parts Product 02295,Industrial Parts,111.38,244.18,Active
PROD-0002296,SUP-000179,Finished Goods Product 02296,Finished Goods,76.58,142.11,Active
PROD-0002297,SUP-000316,Finished Goods Product 02297,Finished Goods,71.26,86.78,Active
PROD-0002298,SUP-000048,Finished Goods Product 02298,Finished Goods,88.49,151.68,Active
PROD-0002299,SUP-000164,Raw Materials Product 02299,Raw Materials,8.22,16.94,Inactive
PROD-0002300,SUP-000039,Components Product 02300,Components,5.85,12.96,Active
PROD-0002301,SUP-000035,Raw Materials Product 02301,Raw Materials,20.92,47.58,Active
PROD-0002302,SUP-000177,Raw Materials Product 02302,Raw Materials,51.74,66.21,Active
PROD-0002303,SUP-000929,Industrial Parts Product 02303,Industrial Parts,65.62,114.61,Active
PROD-0002305,SUP-000540,Components Product 02305,Components,30.01,70.82,Active
PROD-0002306,SUP-000019,Raw Materials Product 02306,Raw Materials,45.44,100.11,Active
PROD-0002307,SUP-000222,Components Product 00011,Finished Goods,23.94,51.72,Active
PROD-0002308,SUP-000272,Finished Goods Product 02308,Finished Goods,88.7,133.34,Inactive
PROD-0002309,SUP-000958,Packaging Product 02309,Packaging,62.12,113.99,Active
PROD-0002310,SUP-000515,Packaging Product 02310,Packaging,121.51,263.94,Active
PROD-0002311,SUP-000777,Components Product 02311,Components,133.93,133.93,Active
PROD-0002312,SUP-000197,Raw Materials Product 02312,Raw Materials,43.06,76.2,Active
PROD-0002313,SUP-000590,Finished Goods Product 02313,Finished Goods,90.12,176.41,Active
PROD-0002314,SUP-000610,Finished Goods Product 02314,Finished Goods,28.13,44.29,Active
PROD-0002315,SUP-000628,Components Product 02315,Components,42.56,75.16,Active
PROD-0002316,SUP-000021,Finished Goods Product 02316,Finished Goods,71.19,127.05,Active
PROD-0002317,SUP-000574,Packaging Product 02317,Packaging,142.07,317.63,Active
PROD-0002318,SUP-000454,Components Product 02318,Components,61.69,98.02,Active
PROD-0002319,SUP-000242,Components Product 02319,Components,34.03,62.65,Active
PROD-0002320,SUP-000227,Packaging Product 02320,Packaging,33.66,82.78,Active
PROD-0002321,SUP-000992,Finished Goods Product 02321,Finished Goods,109.97,165.54,Active
PROD-0002322,SUP-000951,Components Product 02322,Components,31.25,45.76,Active
PROD-0002323,SUP-000423,Components Product 02323,Components,42.1,83.99,Active
PROD-0002324,SUP-000694,Industrial Parts Product 02324,Industrial Parts,25.68,50.78,Active
PROD-0002325,SUP-000295,Components Product 02325,Components,41.25,80.81,Active
PROD-0002326,SUP-000617,Components Product 02326,Components,20.54,40.83,Active
PROD-0002327,SUP-000373,Finished Goods Product 02327,Finished Goods,51.49,95.63,Active
PROD-0002328,SUP-000302,Components Product 02328,Components,19.54,42.99,Active
PROD-0002329,SUP-000227,Finished Goods Product 02329,Finished Goods,33.17,67.08,Active
PROD-0002330,SUP-000357,Components Product 02330,Components,38.8,50.98,Active
PROD-0002331,SUP-000430,Finished Goods Product 02331,Finished Goods,31.53,72.58,Active
PROD-0002332,SUP-000817,Components Product 02332,Components,26.51,55.0,Active
PROD-0002333,SUP-000532,Industrial Parts Product 02333,Industrial Parts,28.14,48.78,Active
PROD-0002334,SUP-000028,Industrial Parts Product 02334,Industrial Parts,35.39,70.62,Active
PROD-0002335,SUP-000136,Finished Goods Product 02335,Finished Goods,16.46,32.87,Active
PROD-0002336,SUP-000468,Industrial Parts Product 02336,Industrial Parts,17.5,24.07,Inactive
PROD-0002337,SUP-000889,Finished Goods Product 02337,Finished Goods,67.95,148.52,Active
PROD-0002338,SUP-000604,Components Product 02338,Components,42.78,90.56,Active
PROD-0002339,SUP-000976,Industrial Parts Product 02339,Industrial Parts,30.29,69.02,Active
PROD-0002340,SUP-000918,Industrial Parts Product 02340,Industrial Parts,33.14,101.95,Active
PROD-0002341,SUP-000411,Raw Materials Product 02341,Raw Materials,42.2,61.89,Active
PROD-0002342,SUP-000107,Components Product 02342,Components,54.93,128.99,Active
PROD-0002343,SUP-000288,Components Product 02343,Components,31.17,49.32,Active
PROD-0002344,SUP-000417,Industrial Parts Product 02344,Industrial Parts,37.98,64.25,Active
PROD-0002345,SUP-000357,Finished Goods Product 02345,Finished Goods,32.28,60.46,Active
PROD-0002346,SUP-000935,Industrial Parts Product 02346,Industrial Parts,35.22,51.94,Active
PROD-0002347,SUP-000143,Components Product 02347,Components,37.24,62.78,Active
PROD-0002348,SUP-000131,Industrial Parts Product 02348,Industrial Parts,28.52,45.25,Active
PROD-0002349,SUP-000689,Components Product 02349,Components,16.86,40.33,Active
PROD-0002350,SUP-000463,Finished Goods Product 02350,Finished Goods,33.14,62.04,Active
PROD-0002351,SUP-000061,Components Product 02351,Components,54.37,71.16,Active
PROD-0002352,SUP-000597,Finished Goods Product 02352,Finished Goods,49.11,74.51,Active
PROD-0002353,SUP-000932,Packaging Product 02353,Packaging,43.15,79.04,Active
PROD-0002354,SUP-000176,Industrial Parts Product 02354,Industrial Parts,52.72,122.91,Inactive
PROD-0002355,SUP-000425,Finished Goods Product 02355,Finished Goods,10.6,23.97,Active
PROD-0002356,SUP-000726,Industrial Parts Product 02356,Industrial Parts,53.55,78.52,Active
PROD-0002357,SUP-000881,Industrial Parts Product 02357,Industrial Parts,34.69,65.03,Active
PROD-0002358,SUP-000121,Raw Materials Product 02358,Raw Materials,17.35,32.51,Active
PROD-0002359,SUP-000138,Finished Goods Product 02359,Finished Goods,15.08,36.14,Active
PROD-0002360,SUP-000569,Industrial Parts Product 02360,Industrial Parts,12.14,25.95,Active
PROD-0002361,SUP-000678,Raw Materials Product 02361,Raw Materials,160.06,379.29,Active
PROD-0002362,SUP-000506,Finished Goods Product 02362,Finished Goods,114.08,270.41,Active
PROD-0002363,SUP-000516,Finished Goods Product 02363,Finished Goods,38.52,53.52,Active
PROD-0002364,SUP-000668,Packaging Product 02364,Packaging,66.85,165.15,Active
PROD-0002365,SUP-000626,Raw Materials Product 02365,Raw Materials,29.8,37.02,Active
PROD-0002366,SUP-000853,Finished Goods Product 02366,Finished Goods,15.36,29.62,Active
PROD-0002367,SUP-000904,Raw Materials Product 02367,Raw Materials,23.81,58.38,Active
PROD-0002368,SUP-000073,Finished Goods Product 02368,Finished Goods,17.3,37.85,Active
PROD-0002369,SUP-000126,Finished Goods Product 02369,Finished Goods,24.27,35.37,Active
PROD-0002370,SUP-000732,Raw Materials Product 02370,Raw Materials,22.72,28.2,Active
PROD-0002371,SUP-000835,Finished Goods Product 02371,Finished Goods,28.62,67.07,Active
PROD-0002372,SUP-000391,Packaging Product 02372,Packaging,54.55,115.57,Active
PROD-0002373,SUP-000866,Finished Goods Product 02373,Finished Goods,12.03,26.08,Active
PROD-0002374,SUP-000433,Components Product 02374,Components,3.46,7.71,Active
PROD-0002375,SUP-000633,Components Product 02375,Components,66.01,89.24,Active
PROD-0002376,SUP-000027,Industrial Parts Product 02376,Industrial Parts,20.97,33.04,Active
PROD-0002377,SUP-000906,Raw Materials Product 02377,Raw Materials,33.24,55.2,Active
PROD-0002378,SUP-000436,Components Product 02378,Components,7.87,12.11,Active
PROD-0002379,SUP-000392,Packaging Product 02379,Packaging,21.14,51.81,Active
PROD-0002380,SUP-000356,Components Product 02380,Components,91.82,142.6,Active
PROD-0002381,SUP-000839,Raw Materials Product 02381,Raw Materials,31.52,69.19,Active
PROD-0002382,SUP-000467,Finished Goods Product 02382,Finished Goods,20.27,42.15,Active
PROD-0002383,SUP-000542,Finished Goods Product 02383,Finished Goods,49.21,64.63,Active
PROD-0002384,SUP-000589,Components Product 02384,Components,104.15,147.2,Active
PROD-0002385,SUP-000005,Finished Goods Product 02385,Finished Goods,18.05,36.66,Active
PROD-0002386,SUP-000434,Raw Materials Product 02386,Raw Materials,68.37,130.49,Active
PROD-0002387,SUP-000640,Finished Goods Product 02387,Finished Goods,9.88,20.28,Active
PROD-0002388,SUP-000633,Components Product 02388,Components,153.65,340.66,Active
PROD-0002389,SUP-000283,Raw Materials Product 02389,Raw Materials,32.6,49.37,Active
PROD-0002390,SUP-000089,Components Product 02390,Components,25.56,52.77,Active
PROD-0002391,SUP-000153,Industrial Parts Product 02391,Industrial Parts,25.95,46.41,Active
PROD-0002392,SUP-000061,Finished Goods Product 02392,Finished Goods,32.52,58.94,Active
PROD-0002393,SUP-000055,Components Product 02393,Components,49.28,113.58,Active
PROD-0002394,SUP-000253,Finished Goods Product 02394,Finished Goods,29.29,43.33,Active
PROD-0002395,SUP-000806,Industrial Parts Product 02395,Industrial Parts,125.68,176.32,Active
PROD-0002396,SUP-000615,Raw Materials Product 02396,Raw Materials,82.1,172.49,Active
PROD-0002397,SUP-000639,Industrial Parts Product 02397,Industrial Parts,22.82,48.17,Active
PROD-0002398,SUP-000257,Finished Goods Product 02398,Finished Goods,17.24,36.14,Active
PROD-0002399,SUP-000889,Packaging Product 02399,Packaging,36.23,43.64,Active
PROD-0002400,SUP-000568,Components Product 02400,Components,43.23,61.15,Active
PROD-0002402,SUP-000986,Packaging Product 02402,Packaging,30.14,38.95,Active
PROD-0002403,SUP-000803,Raw Materials Product 02403,Raw Materials,52.0,75.73,Active
PROD-0002404,SUP-000085,Raw Materials Product 02404,Raw Materials,80.8,121.82,Active
PROD-0002405,SUP-000424,Finished Goods Product 02405,Finished Goods,17.45,22.84,Active
PROD-0002406,SUP-000601,Industrial Parts Product 02406,Industrial Parts,6.33,12.15,Active
PROD-0002407,SUP-000436,Industrial Parts Product 02407,Industrial Parts,24.03,36.49,Active
PROD-0002408,SUP-000042,Components Product 02408,Components,7.68,16.22,Active
PROD-0002409,SUP-000432,Components Product 02409,Components,14.59,22.04,Active
PROD-0002410,SUP-000269,Raw Materials Product 02410,Raw Materials,4.02,9.25,Active
PROD-0002411,SUP-000935,Finished Goods Product 02411,Finished Goods,102.95,185.21,Active
PROD-0002412,SUP-000632,Finished Goods Product 02412,Finished Goods,7.1,8.58,Active
PROD-0002413,SUP-000377,Raw Materials Product 02413,Raw Materials,176.08,391.81,Active
PROD-0002414,SUP-000625,Packaging Product 02414,Packaging,7.55,9.25,Active
PROD-0002415,SUP-000420,Raw Materials Product 02415,Raw Materials,68.28,162.46,Inactive
PROD-0002416,SUP-000673,Finished Goods Product 02416,Finished Goods,23.22,27.98,Active
PROD-0002417,SUP-000333,Finished Goods Product 02417,Finished Goods,64.74,141.33,Active
PROD-0002418,SUP-000359,Raw Materials Product 02418,Raw Materials,60.49,5967.0,Active
PROD-0002419,SUP-000286,Raw Materials Product 02419,Raw Materials,13.46,20.21,Active
PROD-0002420,SUP-000276,Industrial Parts Product 02420,Industrial Parts,124.76,255.74,Active
PROD-0002421,SUP-000837,Finished Goods Product 02421,Finished Goods,10.53,14.92,Active
PROD-0002422,SUP-000791,Finished Goods Product 02422,Finished Goods,24.96,40.2,Active
PROD-0002423,SUP-000166,Finished Goods Product 02423,Finished Goods,143.47,229.72,Active
PROD-0002424,SUP-000555,Industrial Parts Product 02424,Industrial Parts,43.72,60.06,Active
PROD-0002425,SUP-000437,Finished Goods Product 02425,Finished Goods,27.41,35.66,Active
PROD-0002426,SUP-000101,Finished Goods Product 02426,Finished Goods,32.46,67.81,Active
PROD-0002427,SUP-000363,Raw Materials Product 02427,Raw Materials,39.13,65.82,Active
PROD-0002428,SUP-000630,Packaging Product 02428,Packaging,76.97,97.19,Active
PROD-0002429,SUP-000598,Finished Goods Product 02429,Finished Goods,51.74,127.68,Active
PROD-0002430,SUP-000703,Finished Goods Product 02430,Finished Goods,23.83,48.25,Active
PROD-0002431,SUP-000889,Components Product 02431,Components,52.3,71.99,Active
PROD-0002432,SUP-000621,Raw Materials Product 02432,Raw Materials,6.19,15.02,Active
PROD-0002433,SUP-000966,Finished Goods Product 02433,Finished Goods,50.08,74.58,Active
PROD-0002434,SUP-000515,Finished Goods Product 02434,Finished Goods,22.01,51.13,Active
PROD-0002435,SUP-000757,Components Product 02435,Components,25.8,60.46,Active
PROD-0002436,SUP-000943,Industrial Parts Product 02436,Industrial Parts,48.45,64.04,Active
PROD-0002437,SUP-000744,Raw Materials Product 02437,Raw Materials,63.46,96.46,Active
PROD-0002438,SUP-000812,Industrial Parts Product 02438,Industrial Parts,12.86,19.6,Active
PROD-0002439,SUP-000025,Raw Materials Product 02439,Raw Materials,35.18,54.99,Active
PROD-0002440,SUP-000901,Raw Materials Product 02440,Raw Materials,10.66,16.24,Active
PROD-0002441,SUP-000512,Raw Materials Product 02441,Raw Materials,43.55,54.34,Active
PROD-0002442,SUP-000537,Components Product 02442,Components,10.15,14.72,Active
PROD-0002443,SUP-000928,Finished Goods Product 02443,Finished Goods,13.86,34.28,Active
PROD-0002444,SUP-000145,Raw Materials Product 02444,Raw Materials,63.03,138.58,Active
PROD-0002445,SUP-000548,Components Product 02445,Components,27.34,41.28,Active
PROD-0002446,SUP-000457,Industrial Parts Product 02446,Industrial Parts,34.83,43.12,Active
PROD-0002447,SUP-000042,Components Product 02447,Components,17.36,22.52,Active
PROD-0002448,SUP-000896,Finished Goods Product 02448,Finished Goods,56.39,97.59,Active
PROD-0002449,SUP-000018,Industrial Parts Product 02449,Industrial Parts,10.93,25.49,Active
PROD-0002450,SUP-000709,Finished Goods Product 02450,Finished Goods,26.97,63.55,Active
PROD-0002451,SUP-000345,Industrial Parts Product 02451,Industrial Parts,25.65,39.79,Active
PROD-0002452,SUP-000935,Components Product 02452,Components,39.18,75.5,Active
PROD-0002453,SUP-000626,Industrial Parts Product 02453,Industrial Parts,32.0,45.87,Active
PROD-0002454,SUP-000901,Industrial Parts Product 02454,Industrial Parts,32.34,76.02,Active
PROD-0002455,SUP-000721,Components Product 02455,Components,13.23,30.85,Active
PROD-0002456,SUP-000954,Components Product 02456,Components,8.09,13.91,Active
PROD-0002457,SUP-000270,Components Product 02457,Components,30.14,5967.0,Active
PROD-0002458,SUP-000045,Raw Materials Product 02458,Raw Materials,30.71,68.07,Active
PROD-0002459,SUP-000361,Raw Materials Product 02459,Raw Materials,15.75,35.72,Active
PROD-0002460,SUP-000007,Industrial Parts Product 02460,Industrial Parts,6.07,14.16,Active
PROD-0002461,SUP-000744,Industrial Parts Product 02461,Industrial Parts,110.37,147.79,Active
PROD-0002462,SUP-000633,Raw Materials Product 02462,Raw Materials,41.22,85.68,Active
PROD-0002463,SUP-000479,Industrial Parts Product 02463,Industrial Parts,55.64,89.56,Active
PROD-0002464,SUP-000130,Components Product 02464,Components,30.73,47.77,Active
PROD-0002465,SUP-000283,Raw Materials Product 02465,Raw Materials,33.14,33.14,Active
PROD-0002466,SUP-000437,Components Product 02466,Components,11.75,26.34,Active
PROD-0002467,SUP-000339,Components Product 02467,Components,43.16,77.43,Active
PROD-0002468,SUP-000922,Raw Materials Product 02468,Raw Materials,80.3,125.86,Active
PROD-0002469,SUP-000224,Raw Materials Product 02469,Raw Materials,25.27,37.83,Active
PROD-0002470,SUP-000698,Components Product 02470,Components,59.67,76.88,Active
PROD-0002471,SUP-000448,Components Product 02471,Components,4.42,7.3,Active
PROD-0002472,SUP-000250,Packaging Product 02472,Packaging,8.9,16.09,Active
PROD-0002473,SUP-000338,Industrial Parts Product 02473,Industrial Parts,36.69,86.75,Active
PROD-0002474,SUP-000446,Industrial Parts Product 02474,Industrial Parts,42.8,51.78,Active
PROD-0002475,SUP-000693,Components Product 02475,Components,20.1,35.78,Active
PROD-0002476,SUP-000871,Components Product 02476,Components,97.93,178.12,Active
PROD-0002477,SUP-000269,Components Product 02477,Components,9.54,11.48,Active
PROD-0002478,SUP-000625,Components Product 02478,Components,32.95,45.8,Active
PROD-0002479,SUP-000480,Raw Materials Product 02479,Raw Materials,27.57,34.31,Active
PROD-0002480,SUP-000477,Finished Goods Product 02480,Finished Goods,21.93,53.62,Active
PROD-0002481,SUP-000837,Finished Goods Product 02481,Finished Goods,51.86,96.58,Active
PROD-0002482,SUP-000030,Raw Materials Product 02482,Raw Materials,26.8,62.99,Active
PROD-0002483,SUP-000543,Industrial Parts Product 02483,Industrial Parts,3.85,7.17,Active
PROD-0002484,SUP-000521,Industrial Parts Product 02484,Components,31.83,56.89,Active
PROD-0002485,SUP-000834,Raw Materials Product 02485,Raw Materials,53.12,85.84,Active
PROD-0002486,SUP-000762,Components Product 02486,Components,9.99,19.26,Active
PROD-0002487,SUP-000683,Components Product 02487,Components,59.79,127.17,Active
PROD-0002488,SUP-000110,Finished Goods Product 02488,Finished Goods,29.61,44.33,Active
PROD-0002489,SUP-000450,Finished Goods Product 02489,Finished Goods,10.25,25.21,Active
PROD-0002490,SUP-000629,Components Product 02490,Components,37.86,51.89,Active
PROD-0002491,SUP-000503,Raw Materials Product 02491,Raw Materials,11.08,26.36,Active
PROD-0002492,SUP-000675,Packaging Product 02492,Packaging,37.93,90.14,Active
PROD-0002493,SUP-000309,Packaging Product 02493,Packaging,60.8,148.55,Active
PROD-0002494,SUP-000806,Components Product 00011,Raw Materials,269.28,629.48,Active
PROD-0002495,SUP-000526,Finished Goods Product 02495,Finished Goods,46.53,60.46,Active
PROD-0002496,SUP-000490,Components Product 02496,Components,14.79,31.37,Active
PROD-0002497,SUP-000544,Finished Goods Product 02497,Finished Goods,6.17,14.35,Active
PROD-0002498,SUP-000949,Components Product 02498,Components,50.73,116.24,Active
PROD-0002499,SUP-000343,Components Product 02499,Components,20.07,28.66,Active
PROD-0002500,SUP-000719,Raw Materials Product 02500,Raw Materials,3.09,6.27,Active
PROD-0002501,SUP-000154,Components Product 02501,Components,19.21,26.6,Active
PROD-0002502,SUP-000534,Finished Goods Product 02502,Finished Goods,11.87,19.26,Active
PROD-0002503,SUP-000853,Industrial Parts Product 02503,Industrial Parts,168.72,328.98,Active
PROD-0002504,SUP-000366,Raw Materials Product 02504,Raw Materials,13.48,30.3,Active
PROD-0002505,SUP-000282,Raw Materials Product 02505,Raw Materials,24.96,62.07,Active
PROD-0002506,SUP-000186,Raw Materials Product 02506,Raw Materials,30.31,59.01,Active
PROD-0002507,SUP-000695,Components Product 02507,Components,37.21,49.34,Active
PROD-0002508,SUP-001000,Raw Materials Product 02508,Raw Materials,78.86,193.78,Active
PROD-0002509,SUP-000951,Finished Goods Product 02509,Finished Goods,43.08,63.85,Active
PROD-0002510,SUP-000800,Components Product 02510,Components,20.55,25.91,Active
PROD-0002511,SUP-000157,Components Product 02511,Components,18.58,45.44,Active
PROD-0002512,SUP-000220,Packaging Product 02512,Packaging,17.32,21.96,Active
PROD-0002513,SUP-000254,Industrial Parts Product 02513,Industrial Parts,182.73,221.51,Active
PROD-0002514,SUP-000046,Industrial Parts Product 02514,Industrial Parts,30.87,55.19,Active
PROD-0002515,SUP-000335,Finished Goods Product 02515,Finished Goods,39.51,75.52,Active
PROD-0002516,SUP-000147,Raw Materials Product 02516,Raw Materials,32.44,48.5,Active
PROD-0002517,SUP-000126,Components Product 02517,Components,6.94,11.25,Active
PROD-0002518,SUP-000270,Components Product 02518,Components,121.29,300.1,Active
PROD-0002519,SUP-000675,Finished Goods Product 02519,Finished Goods,13.82,21.89,Active
PROD-0002520,SUP-000783,Packaging Product 02520,Packaging,29.14,61.16,Active
PROD-0002521,SUP-000660,Packaging Product 02521,Packaging,40.0,79.85,Active
PROD-0002522,SUP-000293,Components Product 02522,Components,10.94,14.78,Active
PROD-0002523,SUP-000572,Components Product 02523,Components,25.33,40.53,Active
PROD-0002524,SUP-000190,Finished Goods Product 02524,Finished Goods,40.69,70.35,Active
PROD-0002525,SUP-000884,Finished Goods Product 02525,Finished Goods,156.03,314.65,Active
PROD-0002526,SUP-000917,Industrial Parts Product 02526,Industrial Parts,10.05,23.65,Active
PROD-0002527,SUP-000359,Finished Goods Product 02527,Finished Goods,60.57,120.85,Active
PROD-0002528,SUP-000717,Finished Goods Product 02528,Finished Goods,79.97,143.05,Active
PROD-0002529,SUP-000770,Packaging Product 02529,Packaging,12.91,29.02,Active
PROD-0002530,SUP-000328,Industrial Parts Product 02530,Industrial Parts,42.0,51.3,Active
PROD-0002531,SUP-000985,Finished Goods Product 02531,Finished Goods,83.99,186.7,Active
PROD-0002532,SUP-000328,Components Product 02532,Components,100.27,196.15,Active
PROD-0002533,SUP-000065,Industrial Parts Product 02533,Industrial Parts,13.14,29.62,Active
PROD-0002534,SUP-000240,Components Product 02534,Components,37.32,85.12,Inactive
PROD-0002535,SUP-000467,Finished Goods Product 02535,Finished Goods,171.93,208.81,Active
PROD-0002536,SUP-000168,Components Product 02536,Components,15.05,35.58,Active
PROD-0002537,SUP-000771,Industrial Parts Product 02537,Industrial Parts,78.93,181.0,Active
PROD-0002538,SUP-000490,Industrial Parts Product 02538,Industrial Parts,97.76,207.16,Active
PROD-0002539,SUP-000229,Packaging Product 02539,Packaging,144.9,235.77,Active
PROD-0002540,SUP-000302,Industrial Parts Product 02540,Industrial Parts,12.52,16.4,Inactive
PROD-0002541,SUP-000167,Raw Materials Product 02541,Raw Materials,26.2,44.23,Active
PROD-0002542,SUP-000268,Finished Goods Product 02542,Finished Goods,63.46,96.26,Active
PROD-0002543,SUP-000138,Industrial Parts Product 02543,Industrial Parts,51.56,98.52,Active
PROD-0002544,SUP-000496,Raw Materials Product 02544,Raw Materials,6.63,12.15,Active
PROD-0002545,SUP-000282,Industrial Parts Product 02545,Industrial Parts,131.79,260.05,Active
PROD-0002546,SUP-000721,Finished Goods Product 02546,Finished Goods,18.35,25.76,Active
PROD-0002547,SUP-000691,Raw Materials Product 02547,Raw Materials,13.96,24.66,Active
PROD-0002548,SUP-000384,Raw Materials Product 02548,Raw Materials,94.82,144.5,Active
PROD-0002549,SUP-000379,Industrial Parts Product 02549,Industrial Parts,24.2,40.82,Active
PROD-0002550,SUP-000571,Raw Materials Product 02550,Raw Materials,144.74,226.5,Active
PROD-0002551,SUP-000056,Industrial Parts Product 02551,Industrial Parts,28.69,48.33,Active
PROD-0002552,SUP-000330,Components Product 02552,Components,33.14,57.85,Active
PROD-0002553,SUP-000666,Industrial Parts Product 02553,Industrial Parts,26.05,58.33,Active
PROD-0002554,SUP-000962,Raw Materials Product 02554,Raw Materials,12.04,20.82,Active
PROD-0002555,SUP-000296,Components Product 02555,Components,58.71,82.57,Inactive
PROD-0002556,SUP-000222,Finished Goods Product 02556,Finished Goods,70.64,173.11,Active
PROD-0002557,SUP-000724,Packaging Product 02557,Packaging,60.38,128.61,Active
PROD-0002558,SUP-000450,Raw Materials Product 02558,Raw Materials,54.59,98.56,Active
PROD-0002559,SUP-000732,Raw Materials Product 02559,Raw Materials,89.26,211.23,Active
PROD-0002560,SUP-000564,Components Product 02560,Components,22.65,32.47,Active
PROD-0002561,SUP-000239,Components Product 02561,Components,83.05,146.11,Active
PROD-0002562,SUP-000218,Components Product 02562,Components,60.34,141.32,Active
PROD-0002563,SUP-000683,Finished Goods Product 02563,Finished Goods,30.33,63.56,Active
PROD-0002564,SUP-000445,Finished Goods Product 02564,Finished Goods,20.91,26.21,Inactive
PROD-0002565,SUP-000395,Industrial Parts Product 02565,Industrial Parts,26.45,50.55,Active
PROD-0002566,SUP-000985,Finished Goods Product 02566,Finished Goods,12.23,14.95,Active
PROD-0002567,SUP-000288,Raw Materials Product 02567,Raw Materials,58.77,60.46,Active
PROD-0002568,SUP-000574,Finished Goods Product 02568,Finished Goods,41.52,102.19,Active
PROD-0002569,SUP-000925,Components Product 02569,Components,32.8,78.59,Active
PROD-0002570,SUP-000653,Packaging Product 02570,Packaging,42.25,78.76,Active
PROD-0002571,SUP-000391,Components Product 02571,Components,115.92,216.31,Active
PROD-0002572,SUP-000708,Industrial Parts Product 02572,Industrial Parts,38.07,86.58,Active
PROD-0002573,SUP-000465,Raw Materials Product 02573,Raw Materials,77.56,117.83,Active
PROD-0002574,SUP-000703,Finished Goods Product 02574,Finished Goods,71.15,171.45,Active
PROD-0002575,SUP-000396,Raw Materials Product 02575,Raw Materials,20.45,46.8,Active
PROD-0002576,SUP-000960,Industrial Parts Product 02576,Industrial Parts,81.76,181.8,Active
PROD-0002577,SUP-000843,Industrial Parts Product 02577,Industrial Parts,44.5,97.55,Active
PROD-0002578,SUP-000162,Finished Goods Product 02578,Finished Goods,47.25,65.4,Active
PROD-0002579,SUP-000840,Components Product 02579,Components,28.08,45.17,Active
PROD-0002580,SUP-000639,Components Product 02580,Components,9.39,14.95,Active
PROD-0002581,SUP-000161,Raw Materials Product 02581,Raw Materials,5.81,7.5,Active
PROD-0002582,SUP-000290,Components Product 02582,Components,11.47,16.66,Active
PROD-0002583,SUP-000302,Industrial Parts Product 02583,Industrial Parts,45.05,98.98,Active
PROD-0002584,SUP-000678,Components Product 02584,Components,19.93,42.84,Active
PROD-0002585,SUP-000298,Raw Materials Product 02585,Raw Materials,15.0,31.89,Active
PROD-0002586,SUP-000576,Finished Goods Product 02586,Finished Goods,34.57,58.77,Active
PROD-0002587,SUP-000826,Industrial Parts Product 02587,Industrial Parts,19.43,32.4,Active
PROD-0002588,SUP-000466,Finished Goods Product 02588,Finished Goods,76.47,174.78,Active
PROD-0002589,SUP-000626,Components Product 02589,Components,85.1,148.04,Active
PROD-0002590,SUP-000641,Components Product 02590,Components,79.13,156.85,Active
PROD-0002591,SUP-000418,Raw Materials Product 02591,Raw Materials,52.69,115.5,Active
PROD-0002592,SUP-000464,Components Product 02592,Components,15.09,19.32,Active
PROD-0002593,SUP-000652,Industrial Parts Product 02593,Industrial Parts,38.1,93.76,Active
PROD-0002594,SUP-000683,Raw Materials Product 02594,Raw Materials,36.55,46.59,Active
PROD-0002595,SUP-000827,Finished Goods Product 02595,Finished Goods,47.96,106.56,Active
PROD-0002596,SUP-000242,Components Product 00011,Raw Materials,30.96,54.2,Active
PROD-0002597,SUP-000632,Components Product 02597,Components,45.95,64.4,Active
PROD-0002598,SUP-000064,Components Product 02598,Components,31.29,69.24,Inactive
PROD-0002599,SUP-000751,Packaging Product 02599,Packaging,84.83,146.64,Active
PROD-0002600,SUP-000142,Industrial Parts Product 02600,Industrial Parts,13.71,17.85,Active
PROD-0002601,SUP-000577,Industrial Parts Product 02601,Industrial Parts,36.22,54.86,Active
PROD-0002602,SUP-000480,Finished Goods Product 02602,Finished Goods,36.9,67.57,Inactive
PROD-0002603,SUP-000745,Industrial Parts Product 02603,Industrial Parts,17.55,25.42,Inactive
PROD-0002604,SUP-000163,Components Product 02604,Components,19.03,41.7,Active
PROD-0002605,SUP-000333,Industrial Parts Product 02605,Industrial Parts,18.21,35.8,Active
PROD-0002606,SUP-000299,Industrial Parts Product 02606,Industrial Parts,56.87,133.31,Active
PROD-0002607,SUP-000384,Industrial Parts Product 02607,Industrial Parts,15.15,23.01,Active
PROD-0002608,SUP-000874,Components Product 02608,Components,13.75,26.07,Active
PROD-0002609,SUP-000995,Components Product 02609,Components,12.87,16.34,Active
PROD-0002610,SUP-000963,Finished Goods Product 02610,Finished Goods,33.09,49.66,Active
PROD-0002611,SUP-000251,Industrial Parts Product 02611,Industrial Parts,11.83,21.64,Active
PROD-0002612,SUP-000985,Packaging Product 02612,Packaging,22.95,32.6,Active
PROD-0002613,SUP-000357,Components Product 02613,Components,45.19,95.96,Active
PROD-0002614,SUP-000329,Packaging Product 02614,Packaging,61.87,97.27,Active
PROD-0002615,SUP-000058,Finished Goods Product 02615,Finished Goods,154.53,232.57,Active
PROD-0002616,SUP-000200,Components Product 02616,Components,26.35,63.5,Active
PROD-0002617,SUP-000281,Finished Goods Product 02617,Finished Goods,57.28,74.53,Active
PROD-0002618,SUP-000961,Industrial Parts Product 02618,Industrial Parts,42.04,74.32,Active
PROD-0002619,SUP-000009,Packaging Product 02619,Packaging,23.81,36.87,Active
PROD-0002620,SUP-000799,Finished Goods Product 02620,Finished Goods,18.66,45.59,Active
PROD-0002621,SUP-000927,Packaging Product 02621,Packaging,41.97,100.3,Active
PROD-0002622,SUP-000276,Industrial Parts Product 02622,Industrial Parts,53.4,122.68,Active
PROD-0002623,SUP-000735,Raw Materials Product 02623,Raw Materials,26.19,55.94,Active
PROD-0002624,SUP-000531,Finished Goods Product 02624,Finished Goods,29.7,35.87,Active
PROD-0002625,SUP-000761,Industrial Parts Product 02625,Industrial Parts,102.92,165.14,Active
PROD-0002626,SUP-000117,Finished Goods Product 02626,Finished Goods,127.26,221.89,Active
PROD-0002627,SUP-000693,Industrial Parts Product 02627,Industrial Parts,24.58,42.28,Active
PROD-0002628,SUP-000833,Industrial Parts Product 02628,Industrial Parts,42.04,54.6,Active
PROD-0002629,SUP-000522,Components Product 02629,Components,65.14,112.31,Active
PROD-0002630,SUP-000850,Finished Goods Product 02630,Finished Goods,31.91,52.56,Inactive
PROD-0002631,SUP-000986,Raw Materials Product 02631,Raw Materials,21.3,28.41,Active
PROD-0002632,SUP-000462,Components Product 02632,Components,40.24,93.65,Active
PROD-0002633,SUP-000415,Industrial Parts Product 02633,Industrial Parts,62.06,134.64,Active
PROD-0002634,SUP-000798,Finished Goods Product 02634,Finished Goods,43.41,72.64,Active
PROD-0002635,SUP-000458,Raw Materials Product 02635,Raw Materials,34.62,82.99,Active
PROD-0002636,SUP-000251,Raw Materials Product 02636,Raw Materials,12.02,20.2,Active
PROD-0002637,SUP-000188,Finished Goods Product 02637,Finished Goods,41.73,54.79,Active
PROD-0002638,SUP-000909,Finished Goods Product 02638,Finished Goods,22.97,50.09,Active
PROD-0002639,SUP-000173,Finished Goods Product 02639,Finished Goods,44.53,54.2,Active
PROD-0002640,SUP-000103,Industrial Parts Product 02640,Industrial Parts,19.97,41.57,Active
PROD-0002641,SUP-000858,Industrial Parts Product 02641,Industrial Parts,23.66,60.46,Active
PROD-0002642,SUP-000800,Raw Materials Product 02642,Raw Materials,143.83,219.05,Active
PROD-0002643,SUP-000493,Raw Materials Product 02643,Raw Materials,41.02,68.52,Active
PROD-0002644,SUP-000014,Finished Goods Product 02644,Finished Goods,4.36,7.42,Inactive
PROD-0002645,SUP-000419,Components Product 02645,Components,94.15,144.19,Active
PROD-0002646,SUP-000169,Finished Goods Product 02646,Finished Goods,11.12,22.01,Active
PROD-0002647,SUP-000879,Industrial Parts Product 02647,Industrial Parts,17.04,42.11,Inactive
PROD-0002648,SUP-000222,Industrial Parts Product 02648,Industrial Parts,30.99,72.53,Active
PROD-0002649,SUP-000254,Raw Materials Product 02649,Raw Materials,77.95,110.54,Active
PROD-0002650,SUP-000693,Industrial Parts Product 02650,Industrial Parts,41.25,90.36,Active
PROD-0002651,SUP-000819,Industrial Parts Product 02651,Industrial Parts,8.8,11.34,Active
PROD-0002652,SUP-000008,Raw Materials Product 02652,Raw Materials,48.2,93.51,Active
PROD-0002653,SUP-000717,Raw Materials Product 02653,Raw Materials,23.04,53.69,Active
PROD-0002654,SUP-000970,Finished Goods Product 02654,Finished Goods,27.03,46.02,Active
PROD-0002655,SUP-000568,Industrial Parts Product 02655,Industrial Parts,21.55,35.9,Active
PROD-0002656,SUP-000439,Packaging Product 02656,Packaging,15.36,32.84,Active
PROD-0002657,SUP-000674,Finished Goods Product 02657,Finished Goods,15.49,26.93,Active
PROD-0002658,SUP-000779,Raw Materials Product 02658,Raw Materials,60.88,148.82,Active
PROD-0002659,SUP-000502,Finished Goods Product 02659,Finished Goods,17.29,33.78,Active
PROD-0002660,SUP-000763,Industrial Parts Product 02660,Industrial Parts,12.1,20.74,Active
PROD-0002661,SUP-000743,Components Product 02661,Components,18.55,33.89,Active
PROD-0002662,SUP-000916,Industrial Parts Product 02662,Industrial Parts,30.14,43.07,Active
PROD-0002663,SUP-000567,Finished Goods Product 02663,Finished Goods,48.73,60.5,Active
PROD-0002664,SUP-000992,Components Product 02664,Components,42.64,57.99,Active
PROD-0002665,SUP-000857,Components Product 02665,Components,28.68,60.25,Active
PROD-0002666,SUP-000694,Raw Materials Product 02666,Raw Materials,16.7,41.56,Active
PROD-0002667,SUP-000495,Industrial Parts Product 02667,Industrial Parts,14.21,28.4,Active
PROD-0002668,SUP-000946,Finished Goods Product 02668,Finished Goods,69.71,135.9,Active
PROD-0002669,SUP-000056,Packaging Product 02669,Packaging,51.34,5967.0,Active
PROD-0002670,SUP-000557,Finished Goods Product 02670,Finished Goods,50.48,80.46,Active
PROD-0002671,SUP-000608,Components Product 02671,Components,40.47,94.91,Active
PROD-0002672,SUP-000266,Packaging Product 02672,Packaging,44.35,110.76,Active
PROD-0002673,SUP-000968,Finished Goods Product 02673,Finished Goods,35.36,45.43,Active
PROD-0002674,SUP-000325,Components Product 02674,Components,18.02,41.26,Active
PROD-0002675,SUP-000445,Components Product 02675,Components,137.02,325.1,Active
PROD-0002676,SUP-000515,Raw Materials Product 02676,Raw Materials,10.38,14.8,Active
PROD-0002677,SUP-000700,Industrial Parts Product 02677,Industrial Parts,11.39,15.33,Active
PROD-0002678,SUP-000805,Packaging Product 02678,Packaging,48.78,101.17,Active
PROD-0002679,SUP-000846,Components Product 02679,Components,42.96,95.62,Active
PROD-0002680,SUP-000423,Industrial Parts Product 02680,Industrial Parts,33.14,409.56,Active
PROD-0002681,SUP-000372,Components Product 02681,Components,41.9,53.7,Inactive
PROD-0002682,SUP-000947,Packaging Product 02682,Packaging,36.08,82.7,Active
PROD-0002683,SUP-000537,Industrial Parts Product 02683,Industrial Parts,74.59,121.53,Active
PROD-0002684,SUP-000628,Raw Materials Product 02684,Raw Materials,237.79,399.96,Active
PROD-0002685,SUP-000421,Industrial Parts Product 02685,Industrial Parts,53.53,96.11,Active
PROD-0002686,SUP-000740,Raw Materials Product 02686,Raw Materials,11.64,27.73,Active
PROD-0002687,SUP-000359,Components Product 02687,Components,181.75,322.05,Active
PROD-0002688,SUP-000198,Finished Goods Product 02688,Finished Goods,36.4,58.99,Inactive
PROD-0002689,SUP-000312,Finished Goods Product 02689,Finished Goods,38.53,65.72,Active
PROD-0002690,SUP-000234,Industrial Parts Product 02690,Industrial Parts,5.77,10.52,Active
PROD-0002691,SUP-000557,Industrial Parts Product 02691,Industrial Parts,18.28,31.26,Active
PROD-0002692,SUP-000693,Raw Materials Product 02692,Raw Materials,15.56,37.22,Active
PROD-0002693,SUP-000086,Industrial Parts Product 02693,Industrial Parts,22.68,56.52,Active
PROD-0002694,SUP-000202,Finished Goods Product 02694,Finished Goods,65.04,65.04,Inactive
PROD-0002695,SUP-000152,Components Product 02695,Components,7.6,9.92,Active
PROD-0002696,SUP-000545,Finished Goods Product 02696,Finished Goods,5.95,5967.0,Active
PROD-0002697,SUP-000395,Components Product 02697,Components,111.11,218.44,Active
PROD-0002698,SUP-000875,Components Product 02698,Components,48.88,73.96,Active
PROD-0002699,SUP-000243,Raw Materials Product 02699,Raw Materials,29.67,70.29,Active
PROD-0002700,SUP-000239,Raw Materials Product 02700,Raw Materials,53.86,116.44,Active
PROD-0002701,SUP-000646,Components Product 02701,Components,26.15,34.79,Active
PROD-0002702,SUP-000675,Packaging Product 02702,Packaging,14.11,27.55,Active
PROD-0002703,SUP-000736,Industrial Parts Product 02703,Industrial Parts,11.68,25.39,Active
PROD-0002704,SUP-000927,Components Product 02704,Components,34.16,79.69,Active
PROD-0002705,SUP-000311,Industrial Parts Product 02705,Industrial Parts,34.71,84.77,Active
PROD-0002706,SUP-000783,Finished Goods Product 02706,Finished Goods,16.67,24.7,Active
PROD-0002707,SUP-000256,Components Product 02707,Components,62.17,140.99,Active
PROD-0002708,SUP-000968,Components Product 02708,Components,60.76,103.72,Active
PROD-0002709,SUP-000373,Components Product 02709,Components,9.32,17.66,Active
PROD-0002710,SUP-000992,Finished Goods Product 02710,Finished Goods,81.51,104.26,Active
PROD-0002711,SUP-000456,Finished Goods Product 02711,Finished Goods,28.41,50.11,Active
PROD-0002712,SUP-000366,Components Product 02712,Components,21.14,29.88,Active
PROD-0002713,SUP-000751,Components Product 02713,Components,52.51,90.83,Active
PROD-0002714,SUP-000480,Raw Materials Product 02714,Raw Materials,23.52,56.15,Active
PROD-0002715,SUP-000462,Industrial Parts Product 02715,Industrial Parts,6.92,12.99,Active
PROD-0002716,SUP-000482,Raw Materials Product 02716,Raw Materials,20.89,29.81,Active
PROD-0002717,SUP-000712,Packaging Product 02717,Packaging,17.07,26.57,Active
PROD-0002718,SUP-000798,Packaging Product 02718,Packaging,25.25,60.46,Active
PROD-0002719,SUP-000683,Industrial Parts Product 02719,Industrial Parts,45.43,99.61,Active
PROD-0002720,SUP-000096,Finished Goods Product 02720,Finished Goods,16.12,31.26,Active
PROD-0002721,SUP-000549,Raw Materials Product 02721,Raw Materials,90.8,214.59,Active
PROD-0002722,SUP-000664,Raw Materials Product 02722,Raw Materials,35.02,55.18,Active
PROD-0002723,SUP-000068,Components Product 00011,Components,49.77,77.79,Active
PROD-0002724,SUP-000303,Packaging Product 02724,Packaging,21.08,44.74,Active
PROD-0002725,SUP-000462,Components Product 02725,Components,96.43,200.4,Active
PROD-0002726,SUP-000705,Components Product 02726,Components,64.52,122.84,Active
PROD-0002727,SUP-000946,Components Product 02727,Components,11.29,19.98,Active
PROD-0002728,SUP-000968,Raw Materials Product 02728,Raw Materials,26.29,36.89,Active
PROD-0002729,SUP-000570,Raw Materials Product 02729,Raw Materials,218.48,546.07,Active
PROD-0002730,SUP-000103,Components Product 02730,Components,129.01,259.84,Active
PROD-0002731,SUP-000678,Industrial Parts Product 02731,Industrial Parts,37.58,60.46,Active
PROD-0002732,SUP-000264,Industrial Parts Product 02732,Industrial Parts,83.7,188.34,Active
PROD-0002733,SUP-000284,Components Product 02733,Components,24.18,36.47,Active
PROD-0002734,SUP-000100,Components Product 02734,Components,74.83,108.68,Active
PROD-0002735,SUP-000505,Industrial Parts Product 02735,Industrial Parts,12.63,15.71,Active
PROD-0002736,SUP-000479,Raw Materials Product 02736,Raw Materials,9.78,21.82,Active
PROD-0002737,SUP-000921,Components Product 02737,Components,187.81,380.93,Active
PROD-0002738,SUP-000470,Components Product 02738,Components,52.49,128.71,Active
PROD-0002739,SUP-000121,Industrial Parts Product 02739,Industrial Parts,18.69,27.07,Active
PROD-0002740,SUP-000111,Industrial Parts Product 02740,Industrial Parts,58.55,128.22,Active
PROD-0002741,SUP-000552,Raw Materials Product 02741,Raw Materials,47.55,59.04,Inactive
PROD-0002742,SUP-000629,Finished Goods Product 02742,Finished Goods,8.54,10.77,Active
PROD-0002743,SUP-000021,Finished Goods Product 02743,Finished Goods,42.49,76.22,Active
PROD-0002744,SUP-000781,Finished Goods Product 02744,Finished Goods,60.62,137.49,Active
PROD-0002745,SUP-000330,Finished Goods Product 02745,Finished Goods,134.84,293.2,Active
PROD-0002746,SUP-000802,Finished Goods Product 02746,Finished Goods,23.5,44.66,Active
PROD-0002747,SUP-000651,Finished Goods Product 02747,Finished Goods,7.03,15.57,Active
PROD-0002748,SUP-000079,Packaging Product 02748,Packaging,16.44,39.19,Active
PROD-0002749,SUP-000607,Components Product 02749,Components,17.44,25.75,Active
PROD-0002750,SUP-000751,Industrial Parts Product 02750,Industrial Parts,22.33,43.21,Inactive
PROD-0002751,SUP-000819,Finished Goods Product 02751,Finished Goods,33.14,68.78,Active
PROD-0002752,SUP-000693,Industrial Parts Product 02752,Industrial Parts,39.77,93.59,Active
PROD-0002753,SUP-000905,Packaging Product 02753,Packaging,158.96,210.66,Active
PROD-0002754,SUP-000473,Industrial Parts Product 02754,Industrial Parts,6.53,8.59,Active
PROD-0002755,SUP-000531,Packaging Product 02755,Packaging,5.43,11.3,Active
PROD-0002756,SUP-000357,Raw Materials Product 02756,Raw Materials,23.22,53.39,Active
PROD-0002757,SUP-000984,Raw Materials Product 02757,Raw Materials,3285.0,3285.0,Active
PROD-0002758,SUP-000577,Raw Materials Product 02758,Raw Materials,22.24,42.27,Active
PROD-0002759,SUP-000976,Finished Goods Product 02759,Finished Goods,7.37,14.03,Active
PROD-0002760,SUP-000050,Finished Goods Product 02760,Finished Goods,114.82,203.54,Active
PROD-0002761,SUP-000540,Components Product 02761,Components,132.55,186.45,Active
PROD-0002762,SUP-000981,Finished Goods Product 02762,Finished Goods,31.85,78.93,Active
PROD-0002763,SUP-000293,Finished Goods Product 02763,Finished Goods,146.52,325.29,Active
PROD-0002764,SUP-000587,Components Product 02764,Components,253.48,404.28,Active
PROD-0002765,SUP-000482,Industrial Parts Product 02765,Industrial Parts,29.38,59.06,Active
PROD-0002766,SUP-000653,Finished Goods Product 02766,Finished Goods,50.18,79.26,Active
PROD-0002767,SUP-000523,Finished Goods Product 02767,Finished Goods,10.61,25.79,Active
PROD-0002768,SUP-000013,Finished Goods Product 02768,Finished Goods,19.79,39.94,Active
PROD-0002769,SUP-000759,Raw Materials Product 02769,Raw Materials,99.03,210.89,Active
PROD-0002770,SUP-000717,Industrial Parts Product 02770,Industrial Parts,55.45,97.58,Active
PROD-0002771,SUP-000595,Industrial Parts Product 02771,Industrial Parts,32.56,39.5,Active
PROD-0002772,SUP-000152,Industrial Parts Product 02772,Industrial Parts,44.84,77.91,Active
PROD-0002773,SUP-000617,Raw Materials Product 02773,Raw Materials,68.29,130.08,Active
PROD-0002774,SUP-000903,Components Product 02774,Components,87.48,211.36,Active
PROD-0002775,SUP-000120,Industrial Parts Product 02775,Industrial Parts,27.23,40.28,Active
PROD-0002776,SUP-000185,Components Product 02776,Components,24.63,54.02,Active
PROD-0002777,SUP-000856,Finished Goods Product 02777,Finished Goods,37.66,5967.0,Active
PROD-0002778,SUP-000985,Components Product 02778,Components,15.3,30.35,Active
PROD-0002779,SUP-000714,Industrial Parts Product 02779,Industrial Parts,24.18,46.21,Active
PROD-0002780,SUP-000817,Components Product 02780,Components,63.69,136.52,Active
PROD-0002781,SUP-000181,Components Product 02781,Components,46.57,96.64,Active
PROD-0002782,SUP-000153,Finished Goods Product 02782,Finished Goods,96.91,223.59,Active
PROD-0002783,SUP-000539,Finished Goods Product 02783,Finished Goods,23.37,34.18,Active
PROD-0002784,SUP-000654,Raw Materials Product 02784,Raw Materials,121.06,203.71,Active
PROD-0002785,SUP-000482,Finished Goods Product 02785,Finished Goods,21.48,41.44,Active
PROD-0002786,SUP-000942,Raw Materials Product 02786,Raw Materials,19.76,25.61,Active
PROD-0002787,SUP-000254,Components Product 02787,Components,10.25,18.72,Active
PROD-0002788,SUP-000929,Packaging Product 02788,Packaging,4.69,9.88,Active
PROD-0002789,SUP-000177,Components Product 02789,Components,54.13,126.18,Active
PROD-0002790,SUP-000171,Finished Goods Product 02790,Finished Goods,34.6,83.16,Active
PROD-0002791,SUP-000788,Packaging Product 02791,Packaging,50.66,100.4,Active
PROD-0002792,SUP-000926,Industrial Parts Product 02792,Industrial Parts,30.85,68.29,Active
PROD-0002793,SUP-000391,Raw Materials Product 02793,Raw Materials,27.36,37.65,Active
PROD-0002794,SUP-000271,Finished Goods Product 02794,Finished Goods,42.21,53.27,Active
PROD-0002795,SUP-000558,Finished Goods Product 02795,Finished Goods,89.95,166.22,Active
PROD-0002796,SUP-000909,Components Product 02796,Components,60.14,84.83,Active
PROD-0002797,SUP-000684,Components Product 02797,Components,126.94,280.7,Active
PROD-0002798,SUP-000402,Packaging Product 02798,Packaging,52.44,70.13,Active
PROD-0002799,SUP-000053,Raw Materials Product 02799,Raw Materials,20.27,26.38,Active
PROD-0002800,SUP-000593,Industrial Parts Product 02800,Industrial Parts,227.49,357.3,Active
PROD-0002801,SUP-000486,Components Product 02801,Components,102.64,170.78,Active
PROD-0002802,SUP-000154,Components Product 02802,Components,39.21,95.16,Active
PROD-0002803,SUP-000073,Finished Goods Product 02803,Finished Goods,54.96,133.42,Active
PROD-0002804,SUP-000629,Industrial Parts Product 02804,Industrial Parts,51.98,125.61,Active
PROD-0002805,SUP-000506,Raw Materials Product 02805,Raw Materials,13.66,18.73,Active
PROD-0002806,SUP-000452,Packaging Product 02806,Packaging,34.75,54.55,Active
PROD-0002807,SUP-000650,Industrial Parts Product 02807,Industrial Parts,36.23,56.94,Active
PROD-0002808,SUP-000055,Finished Goods Product 02808,Finished Goods,82.86,147.58,Active
PROD-0002809,SUP-000329,Packaging Product 02809,Packaging,27.76,39.48,Active
PROD-0002810,SUP-000393,Finished Goods Product 02810,Finished Goods,47.03,100.71,Active
PROD-0002811,SUP-000629,Industrial Parts Product 02811,Industrial Parts,138.89,174.04,Active
PROD-0002812,SUP-000319,Raw Materials Product 02812,Raw Materials,39.82,55.33,Active
PROD-0002813,SUP-000078,Components Product 02813,Components,60.71,127.69,Active
PROD-0002814,SUP-000280,Industrial Parts Product 02814,Industrial Parts,60.69,93.93,Active
PROD-0002815,SUP-000935,Components Product 02815,Components,30.57,45.9,Active
PROD-0002816,SUP-000307,Components Product 02816,Components,36.64,83.48,Active
PROD-0002817,SUP-000956,Packaging Product 02817,Packaging,29.4,46.35,Inactive
PROD-0002818,SUP-000011,Components Product 02818,Components,12.21,20.89,Active
PROD-0002819,SUP-000521,Components Product 02819,Components,28.91,54.16,Active
PROD-0002820,SUP-000642,Industrial Parts Product 02820,Industrial Parts,16.35,27.13,Active
PROD-0002821,SUP-000723,Packaging Product 02821,Packaging,41.8,77.23,Active
PROD-0002822,SUP-000294,Raw Materials Product 02822,Raw Materials,85.25,176.65,Active
PROD-0002823,SUP-000501,Finished Goods Product 02823,Finished Goods,163.44,240.74,Active
PROD-0002824,SUP-000555,Raw Materials Product 02824,Raw Materials,23.31,46.85,Active
PROD-0002825,SUP-000554,Finished Goods Product 02825,Finished Goods,39.41,94.21,Active
PROD-0002826,SUP-000331,Components Product 02826,Components,22.1,31.96,Active
PROD-0002827,SUP-000572,Components Product 02827,Components,13.53,20.41,Active
PROD-0002828,SUP-000846,Components Product 02828,Components,36.12,64.76,Active
PROD-0002829,SUP-000669,Industrial Parts Product 02829,Industrial Parts,6.27,12.54,Active
PROD-0002830,SUP-000324,Raw Materials Product 02830,Raw Materials,60.99,104.26,Active
PROD-0002831,SUP-000156,Industrial Parts Product 02831,Industrial Parts,22.14,50.84,Active
PROD-0002832,SUP-000194,Packaging Product 02832,Packaging,22.67,27.59,Active
PROD-0002833,SUP-000417,Finished Goods Product 02833,Finished Goods,8.45,17.63,Active
PROD-0002834,SUP-000305,Packaging Product 02834,Packaging,14.08,30.99,Active
PROD-0002835,SUP-000297,Raw Materials Product 02835,Raw Materials,57.34,110.28,Active
PROD-0002836,SUP-000989,Finished Goods Product 02836,Finished Goods,42.29,90.93,Active
PROD-0002837,SUP-000220,Finished Goods Product 02837,Finished Goods,26.25,55.94,Active
PROD-0002838,SUP-000321,Finished Goods Product 02838,Finished Goods,36.9,88.42,Active
PROD-0002839,SUP-000535,Components Product 02839,Components,16.3,30.22,Active
PROD-0002840,SUP-000469,Raw Materials Product 02840,Raw Materials,6.68,12.6,Active
PROD-0002841,SUP-000949,Raw Materials Product 02841,Raw Materials,65.79,151.31,Active
PROD-0002842,SUP-000990,Components Product 02842,Components,67.29,124.03,Active
PROD-0002843,SUP-000994,Industrial Parts Product 02843,Industrial Parts,26.81,52.0,Active
PROD-0002844,SUP-000989,Industrial Parts Product 02844,Industrial Parts,90.68,220.51,Active
PROD-0002845,SUP-000951,Packaging Product 02845,Packaging,12.26,17.66,Active
PROD-0002846,SUP-000155,Finished Goods Product 02846,Finished Goods,66.42,130.3,Active
PROD-0002847,SUP-000273,Raw Materials Product 02847,Raw Materials,18.53,27.44,Active
PROD-0002848,SUP-000214,Finished Goods Product 02848,Finished Goods,22.67,52.73,Active
PROD-0002849,SUP-000910,Components Product 02849,Components,12.97,29.6,Active
PROD-0002850,SUP-000800,Raw Materials Product 02850,Raw Materials,73.36,172.6,Inactive
PROD-0002851,SUP-000491,Finished Goods Product 02851,Finished Goods,72.56,140.58,Active
PROD-0002852,SUP-000936,Components Product 02852,Components,26.61,60.42,Active
PROD-0002853,SUP-000304,Raw Materials Product 02853,Raw Materials,26.15,47.72,Active
PROD-0002854,SUP-000812,Industrial Parts Product 02854,Industrial Parts,95.78,190.1,Active
PROD-0002855,SUP-000878,Raw Materials Product 02855,Raw Materials,36.44,74.2,Active
PROD-0002856,SUP-000033,Finished Goods Product 02856,Finished Goods,27.42,55.99,Active
PROD-0002857,SUP-000150,Finished Goods Product 02857,Finished Goods,6.98,9.45,Inactive
PROD-0002858,SUP-000158,Components Product 02858,Components,90.09,186.11,Active
PROD-0002859,SUP-000846,Finished Goods Product 02859,Finished Goods,13.78,17.7,Active
PROD-0002860,SUP-000776,Finished Goods Product 02860,Finished Goods,46.66,76.86,Active
PROD-0002861,SUP-000764,Components Product 02861,Components,11.97,19.77,Active
PROD-0002862,SUP-000581,Components Product 02862,Components,47.03,89.69,Active
PROD-0002863,SUP-000585,Packaging Product 02863,Packaging,23.08,48.58,Active
PROD-0002864,SUP-000128,Finished Goods Product 02864,Finished Goods,17.37,40.86,Active
PROD-0002865,SUP-000039,Components Product 02865,Components,6.66,14.89,Active
PROD-0002866,SUP-000465,Industrial Parts Product 02866,Industrial Parts,23.75,51.03,Active
PROD-0002867,SUP-000423,Packaging Product 02867,Packaging,7.64,15.83,Active
PROD-0002868,SUP-000690,Components Product 02868,Components,37.45,72.19,Active
PROD-0002869,SUP-000777,Industrial Parts Product 02869,Industrial Parts,43.79,77.12,Active
PROD-0002870,SUP-000680,Raw Materials Product 02870,Raw Materials,39.86,75.03,Inactive
PROD-0002871,SUP-000842,Finished Goods Product 02871,Finished Goods,19.68,33.93,Active
PROD-0002872,SUP-000169,Industrial Parts Product 02872,Industrial Parts,15.37,18.72,Active
PROD-0002873,SUP-000264,Packaging Product 02873,Packaging,57.04,75.87,Active
PROD-0002874,SUP-000257,Industrial Parts Product 02874,Industrial Parts,204.25,272.63,Active
PROD-0002875,SUP-000153,Components Product 02875,Components,24.82,44.73,Active
PROD-0002876,SUP-000243,Raw Materials Product 02876,Raw Materials,55.5,85.84,Inactive
PROD-0002877,SUP-000105,Components Product 02877,Components,23.82,47.21,Active
PROD-0002878,SUP-000680,Finished Goods Product 02878,Finished Goods,30.43,65.87,Active
PROD-0002879,SUP-000494,Industrial Parts Product 02879,Industrial Parts,19.43,37.79,Active
PROD-0002880,SUP-000570,Industrial Parts Product 02880,Industrial Parts,50.6,107.46,Active
PROD-0002881,SUP-000246,Components Product 02881,Components,6.92,16.73,Active
PROD-0002882,SUP-000271,Industrial Parts Product 02882,Industrial Parts,4.14,6.8,Active
PROD-0002883,SUP-000567,Industrial Parts Product 02883,Industrial Parts,27.17,59.02,Active
PROD-0002884,SUP-000872,Components Product 02884,Components,77.64,188.63,Active
PROD-0002885,SUP-000886,Finished Goods Product 02885,Finished Goods,58.16,115.66,Active
PROD-0002886,SUP-000758,Packaging Product 02886,Packaging,54.54,134.99,Active
PROD-0002887,SUP-000330,Raw Materials Product 02887,Raw Materials,152.97,193.58,Active
PROD-0002888,SUP-000636,Components Product 00011,Finished Goods,106.43,155.47,Active
PROD-0002889,SUP-000321,Raw Materials Product 02889,Raw Materials,27.18,66.92,Active
PROD-0002890,SUP-000504,Components Product 02890,Components,22.88,35.36,Active
PROD-0002891,SUP-000803,Raw Materials Product 02891,Raw Materials,8.09,10.92,Active
PROD-0002892,SUP-000199,Raw Materials Product 02892,Raw Materials,33.73,43.72,Active
PROD-0002893,SUP-000887,Packaging Product 02893,Packaging,128.09,209.6,Active
PROD-0002894,SUP-000334,Raw Materials Product 02894,Raw Materials,82.57,146.52,Active
PROD-0002895,SUP-000461,Finished Goods Product 02895,Finished Goods,93.51,199.93,Active
PROD-0002896,SUP-000251,Components Product 02896,Components,34.19,49.55,Active
PROD-0002897,SUP-000233,Raw Materials Product 02897,Raw Materials,23.36,41.08,Active
PROD-0002898,SUP-000206,Packaging Product 02898,Packaging,45.83,85.2,Active
PROD-0002899,SUP-000164,Raw Materials Product 02899,Raw Materials,63.68,155.58,Active
PROD-0002900,SUP-000049,Components Product 02900,Components,29.38,55.99,Active
PROD-0002901,SUP-000172,Raw Materials Product 02901,Raw Materials,58.8,110.79,Active
PROD-0002902,SUP-000227,Finished Goods Product 02902,Components,21.41,51.44,Active
PROD-0002903,SUP-000579,Finished Goods Product 02903,Finished Goods,35.45,78.98,Active
PROD-0002904,SUP-000322,Finished Goods Product 02904,Finished Goods,21.15,37.94,Active
PROD-0002905,SUP-000174,Raw Materials Product 02905,Raw Materials,36.28,68.61,Active
PROD-0002906,SUP-000752,Components Product 02906,Components,40.96,98.79,Active
PROD-0002907,SUP-000424,Industrial Parts Product 02907,Industrial Parts,32.97,47.52,Active
PROD-0002908,SUP-000845,Components Product 02908,Components,17.52,35.62,Inactive
PROD-0002909,SUP-000116,Raw Materials Product 02909,Raw Materials,10.78,26.86,Active
PROD-0002910,SUP-000626,Finished Goods Product 02910,Finished Goods,154.31,345.74,Active
PROD-0002911,SUP-000641,Industrial Parts Product 02911,Industrial Parts,58.63,142.06,Active
PROD-0002912,SUP-000292,Industrial Parts Product 02912,Industrial Parts,28.38,39.4,Active
PROD-0002913,SUP-000161,Industrial Parts Product 02913,Industrial Parts,74.01,121.83,Active
PROD-0002914,SUP-000824,Industrial Parts Product 02914,Industrial Parts,34.24,72.31,Active
PROD-0002915,SUP-000925,Finished Goods Product 02915,Finished Goods,102.17,134.5,Active
PROD-0002916,SUP-000522,Components Product 02916,Components,19.88,40.22,Active
PROD-0002917,SUP-000657,Industrial Parts Product 02917,Components,13.93,34.13,Active
PROD-0002918,SUP-000501,Industrial Parts Product 02918,Industrial Parts,12.76,21.79,Active
PROD-0002919,SUP-000565,Industrial Parts Product 02919,Industrial Parts,25.16,56.2,Active
PROD-0002920,SUP-000894,Components Product 02920,Components,6.49,9.03,Active
PROD-0002921,SUP-000741,Components Product 02921,Components,29.7,53.88,Active
PROD-0002922,SUP-000614,Finished Goods Product 02922,Finished Goods,17.19,33.45,Active
PROD-0002923,SUP-000195,Raw Materials Product 02923,Raw Materials,23.41,28.95,Active
PROD-0002924,SUP-000443,Finished Goods Product 02924,Finished Goods,50.45,95.87,Active
PROD-0002925,SUP-000825,Industrial Parts Product 02925,Industrial Parts,51.37,111.16,Inactive
PROD-0002926,SUP-000482,Components Product 02926,Components,8.76,21.12,Active
PROD-0002927,SUP-000655,Finished Goods Product 02927,Finished Goods,73.48,124.15,Active
PROD-0002928,SUP-000190,Components Product 00011,Components,18.64,36.39,Active
PROD-0002929,SUP-000681,Finished Goods Product 02929,Finished Goods,5.95,14.57,Active
PROD-0002930,SUP-000391,Components Product 02930,Components,5.71,12.37,Active
PROD-0002931,SUP-000693,Components Product 02931,Components,73.84,160.32,Active
PROD-0002932,SUP-000836,Components Product 02932,Components,44.28,86.7,Active
PROD-0002933,SUP-000279,Finished Goods Product 02933,Finished Goods,76.34,111.33,Active
PROD-0002934,SUP-000080,Finished Goods Product 02934,Finished Goods,187.19,338.67,Active
PROD-0002935,SUP-000023,Raw Materials Product 02935,Raw Materials,24.46,38.14,Active
PROD-0002936,SUP-000108,Raw Materials Product 02936,Raw Materials,94.01,140.32,Active
PROD-0002937,SUP-000947,Industrial Parts Product 02937,Industrial Parts,18.4,35.24,Active
PROD-0002938,SUP-000846,Finished Goods Product 02938,Finished Goods,20.74,36.13,Active
PROD-0002939,SUP-000744,Components Product 02939,Components,66.29,128.19,Active
PROD-0002940,SUP-000313,Raw Materials Product 02940,Raw Materials,11.19,25.93,Active
PROD-0002941,SUP-000398,Raw Materials Product 02941,Raw Materials,8.2,9.96,Active
PROD-0002942,SUP-000390,Finished Goods Product 02942,Finished Goods,11.54,16.05,Active
PROD-0002943,SUP-000858,Components Product 02943,Components,15.51,28.54,Active
PROD-0002944,SUP-000867,Packaging Product 02944,Packaging,13.5,28.21,Active
PROD-0002945,SUP-000210,Packaging Product 02945,Packaging,18.54,37.5,Active
PROD-0002946,SUP-000981,Industrial Parts Product 02946,Industrial Parts,70.39,70.39,Active
PROD-0002947,SUP-000519,Industrial Parts Product 02947,Industrial Parts,45.44,86.11,Active
PROD-0002948,SUP-000592,Finished Goods Product 02948,Finished Goods,23.69,30.16,Active
PROD-0002949,SUP-000639,Raw Materials Product 02949,Raw Materials,49.07,111.93,Active
PROD-0002950,SUP-000753,Raw Materials Product 02950,Raw Materials,124.91,233.86,Active
PROD-0002951,SUP-000834,Industrial Parts Product 02951,Industrial Parts,48.36,114.01,Active
PROD-0002952,SUP-000782,Packaging Product 02952,Packaging,71.65,141.8,Active
PROD-0002953,SUP-000016,Raw Materials Product 02953,Raw Materials,26.67,65.67,Active
PROD-0002954,SUP-000839,Raw Materials Product 02954,Raw Materials,58.82,92.78,Active
PROD-0002955,SUP-000098,Finished Goods Product 02955,Finished Goods,68.01,100.86,Active
PROD-0002956,SUP-000846,Finished Goods Product 02956,Finished Goods,5.78,13.44,Active
PROD-0002957,SUP-000805,Raw Materials Product 02957,Raw Materials,229.3,336.62,Active
PROD-0002958,SUP-000296,Finished Goods Product 02958,Finished Goods,22.81,44.62,Active
PROD-0002959,SUP-000568,Industrial Parts Product 02959,Industrial Parts,21.02,5967.0,Active
PROD-0002960,SUP-000866,Industrial Parts Product 02960,Industrial Parts,30.79,60.5,Inactive
PROD-0002961,SUP-000452,Finished Goods Product 02961,Finished Goods,146.59,202.39,Active
PROD-0002962,SUP-000618,Industrial Parts Product 02962,Industrial Parts,7.89,16.98,Active
PROD-0002963,SUP-000570,Components Product 02963,Components,59.05,77.94,Active
PROD-0002964,SUP-000237,Finished Goods Product 02964,Finished Goods,25.9,37.7,Active
PROD-0002965,SUP-000383,Finished Goods Product 02965,Finished Goods,54.9,110.96,Active
PROD-0002966,SUP-000001,Finished Goods Product 02966,Finished Goods,19.82,44.28,Active
PROD-0002967,SUP-000429,Industrial Parts Product 02967,Industrial Parts,29.6,62.74,Active
PROD-0002968,SUP-000043,Industrial Parts Product 02968,Industrial Parts,19.08,34.3,Active
PROD-0002969,SUP-000713,Components Product 02969,Components,36.97,60.55,Active
PROD-0002970,SUP-000428,Industrial Parts Product 02970,Industrial Parts,18.18,23.12,Active
PROD-0002971,SUP-000030,Industrial Parts Product 02971,Industrial Parts,35.6,52.46,Active
PROD-0002972,SUP-000186,Components Product 02972,Components,46.46,68.26,Active
PROD-0002973,SUP-000793,Industrial Parts Product 02973,Industrial Parts,185.24,235.86,Active
PROD-0002974,SUP-000196,Raw Materials Product 02974,Raw Materials,38.41,71.76,Active
PROD-0002975,SUP-000469,Raw Materials Product 02975,Raw Materials,21.87,46.31,Active
PROD-0002976,SUP-000815,Industrial Parts Product 02976,Industrial Parts,19.04,37.16,Active
PROD-0002977,SUP-000804,Finished Goods Product 02977,Finished Goods,16.53,34.42,Active
PROD-0002978,SUP-000489,Packaging Product 02978,Packaging,21.67,27.32,Active
PROD-0002979,SUP-000772,Finished Goods Product 02979,Finished Goods,18.67,41.97,Active
PROD-0002980,SUP-000949,Components Product 02980,Components,88.45,201.83,Active
PROD-0002981,SUP-000639,Packaging Product 02981,Packaging,33.34,79.52,Active
PROD-0002982,SUP-000810,Finished Goods Product 02982,Finished Goods,26.41,45.67,Active
PROD-0002983,SUP-000604,Packaging Product 02983,Packaging,37.76,93.89,Active
PROD-0002984,SUP-000049,Raw Materials Product 02984,Raw Materials,78.29,98.74,Inactive
PROD-0002985,SUP-000953,Packaging Product 02985,Packaging,16.19,38.01,Active
PROD-0002986,SUP-000979,Raw Materials Product 02986,Raw Materials,29.7,60.46,Active
PROD-0002987,SUP-000613,Components Product 02987,Components,135.54,196.98,Active
PROD-0002988,SUP-000165,Packaging Product 02988,Packaging,12.53,24.09,Active
PROD-0002989,SUP-000499,Finished Goods Product 02989,Finished Goods,17.06,40.03,Active
PROD-0002990,SUP-000520,Packaging Product 02990,Packaging,55.8,81.39,Active
PROD-0002991,SUP-000942,Components Product 02991,Components,21.91,27.39,Active
PROD-0002992,SUP-000727,Finished Goods Product 02992,Finished Goods,22.72,38.38,Active
PROD-0002993,SUP-000164,Finished Goods Product 02993,Finished Goods,39.69,53.86,Active
PROD-0002994,SUP-000477,Raw Materials Product 02994,Raw Materials,16.01,34.71,Active
PROD-0002995,SUP-000836,Packaging Product 02995,Packaging,52.33,110.94,Active
PROD-0002996,SUP-000827,Industrial Parts Product 02996,Industrial Parts,193.47,330.73,Inactive
PROD-0002997,SUP-000727,Components Product 02997,Components,10.69,22.46,Active
PROD-0002998,SUP-000915,Components Product 02998,Components,14.08,22.28,Active
PROD-0002999,SUP-000713,Packaging Product 02999,Packaging,158.64,215.71,Active
PROD-0003000,SUP-000455,Finished Goods Product 03000,Finished Goods,19.53,35.7,Active
PROD-0003001,SUP-000893,Finished Goods Product 03001,Finished Goods,28.61,70.94,Active
PROD-0003002,SUP-000137,Raw Materials Product 03002,Raw Materials,10.19,22.75,Active
PROD-0003003,SUP-000688,Finished Goods Product 03003,Finished Goods,111.3,137.88,Active
PROD-0003004,SUP-000855,Finished Goods Product 03004,Finished Goods,60.38,89.28,Active
PROD-0003005,SUP-000223,Industrial Parts Product 03005,Industrial Parts,40.37,71.13,Active
PROD-0003006,SUP-000444,Components Product 03006,Components,32.44,55.92,Active
PROD-0003007,SUP-000137,Components Product 03007,Components,20.82,37.08,Active
PROD-0003008,SUP-000153,Components Product 03008,Components,27.93,64.61,Active
PROD-0003009,SUP-000591,Industrial Parts Product 03009,Industrial Parts,52.68,105.71,Active
PROD-0003010,SUP-000752,Raw Materials Product 03010,Raw Materials,14.08,19.57,Active
PROD-0003011,SUP-000521,Raw Materials Product 03011,Raw Materials,114.41,212.54,Active
PROD-0003012,SUP-000973,Packaging Product 03012,Packaging,109.69,160.26,Active
PROD-0003013,SUP-000634,Industrial Parts Product 03013,Industrial Parts,64.91,78.45,Active
PROD-0003014,SUP-000729,Components Product 03014,Components,47.9,66.68,Active
PROD-0003015,SUP-000475,Industrial Parts Product 03015,Industrial Parts,68.31,141.37,Active
PROD-0003016,SUP-000579,Finished Goods Product 03016,Finished Goods,144.42,351.73,Active
PROD-0003017,SUP-000117,Components Product 03017,Components,19.81,31.66,Active
PROD-0003018,SUP-000513,Raw Materials Product 03018,Raw Materials,72.92,180.95,Inactive
PROD-0003019,SUP-000821,Finished Goods Product 03019,Finished Goods,10.62,13.35,Active
PROD-0003020,SUP-000005,Finished Goods Product 03020,Finished Goods,40.96,78.59,Inactive
PROD-0003021,SUP-000198,Components Product 03021,Components,41.52,92.01,Active
PROD-0003022,SUP-000409,Components Product 03022,Components,56.0,99.27,Active
PROD-0003023,SUP-000073,Industrial Parts Product 03023,Industrial Parts,12.22,24.03,Active
PROD-0003024,SUP-000022,Industrial Parts Product 03024,Industrial Parts,26.59,49.17,Active
PROD-0003025,SUP-000030,Finished Goods Product 03025,Finished Goods,46.87,103.76,Active
PROD-0003026,SUP-000080,Components Product 03026,Components,47.39,109.71,Active
PROD-0003027,SUP-000543,Finished Goods Product 03027,Finished Goods,33.32,50.36,Active
PROD-0003028,SUP-000707,Components Product 00011,Raw Materials,42.36,87.61,Active
PROD-0003029,SUP-000592,Components Product 03029,Components,35.75,61.89,Active
PROD-0003030,SUP-000292,Industrial Parts Product 03030,Components,18.62,23.04,Active
PROD-0003031,SUP-000666,Components Product 03031,Components,28.9,64.96,Active
PROD-0003032,SUP-000325,Industrial Parts Product 03032,Industrial Parts,10.91,24.66,Active
PROD-0003033,SUP-000457,Industrial Parts Product 03033,Industrial Parts,27.23,45.26,Active
PROD-0003034,SUP-000485,Industrial Parts Product 03034,Industrial Parts,24.24,41.1,Active
PROD-0003035,SUP-000983,Industrial Parts Product 03035,Industrial Parts,16.17,25.71,Active
PROD-0003036,SUP-000508,Finished Goods Product 03036,Finished Goods,30.65,73.47,Active
PROD-0003037,SUP-000508,Industrial Parts Product 03037,Industrial Parts,23.94,58.07,Active
PROD-0003038,SUP-000100,Raw Materials Product 03038,Raw Materials,78.68,179.46,Active
PROD-0003039,SUP-000797,Raw Materials Product 03039,Raw Materials,85.74,154.59,Active
PROD-0003040,SUP-000065,Raw Materials Product 03040,Raw Materials,5.14,8.9,Active
PROD-0003041,SUP-000666,Industrial Parts Product 03041,Industrial Parts,25.96,63.99,Active
PROD-0003042,SUP-000967,Components Product 03042,Components,30.24,43.82,Active
PROD-0003043,SUP-000527,Packaging Product 03043,Packaging,35.24,69.24,Active
PROD-0003044,SUP-000009,Packaging Product 03044,Packaging,29.12,70.94,Active
PROD-0003045,SUP-000315,Finished Goods Product 03045,Finished Goods,19.88,46.42,Active
PROD-0003046,SUP-000011,Finished Goods Product 03046,Finished Goods,65.11,84.13,Active
PROD-0003047,SUP-000119,Finished Goods Product 03047,Finished Goods,50.79,62.2,Active
PROD-0003048,SUP-000653,Packaging Product 03048,Packaging,96.14,134.89,Active
PROD-0003049,SUP-000315,Components Product 03049,Components,20.8,38.02,Active
PROD-0003050,SUP-000008,Raw Materials Product 03050,Raw Materials,11.36,22.41,Active
PROD-0003051,SUP-000683,Raw Materials Product 03051,Raw Materials,78.54,120.78,Active
PROD-0003052,SUP-000623,Finished Goods Product 03052,Finished Goods,40.32,65.55,Active
PROD-0003053,SUP-000058,Raw Materials Product 03053,Raw Materials,19.91,30.2,Active
PROD-0003054,SUP-000271,Raw Materials Product 03054,Raw Materials,20.06,49.22,Active
PROD-0003055,SUP-000571,Raw Materials Product 03055,Raw Materials,10.5,24.2,Active
PROD-0003056,SUP-000251,Industrial Parts Product 03056,Industrial Parts,27.97,41.41,Active
PROD-0003057,SUP-000222,Industrial Parts Product 03057,Industrial Parts,25.31,32.74,Active
PROD-0003058,SUP-000824,Components Product 03058,Components,7.57,16.31,Active
PROD-0003059,SUP-000677,Raw Materials Product 03059,Raw Materials,10.3,18.24,Active
PROD-0003060,SUP-000042,Industrial Parts Product 03060,Industrial Parts,27.59,37.84,Active
PROD-0003061,SUP-000367,Finished Goods Product 03061,Finished Goods,56.35,104.99,Active
PROD-0003062,SUP-000842,Finished Goods Product 03062,Finished Goods,7.34,9.53,Active
PROD-0003063,SUP-000845,Raw Materials Product 03063,Raw Materials,19.77,26.88,Active
PROD-0003064,SUP-000714,Industrial Parts Product 03064,Industrial Parts,48.12,99.16,Active
PROD-0003065,SUP-000992,Industrial Parts Product 03065,Industrial Parts,130.09,231.88,Active
PROD-0003066,SUP-000470,Industrial Parts Product 03066,Industrial Parts,32.85,57.69,Active
PROD-0003067,SUP-000659,Components Product 03067,Components,25.34,51.51,Active
PROD-0003068,SUP-000707,Raw Materials Product 03068,Raw Materials,57.42,83.74,Active
PROD-0003069,SUP-000098,Finished Goods Product 03069,Finished Goods,24.74,55.37,Active
PROD-0003070,SUP-000698,Raw Materials Product 03070,Raw Materials,9.34,13.94,Active
PROD-0003071,SUP-000706,Finished Goods Product 03071,Finished Goods,25.85,53.28,Active
PROD-0003072,SUP-000086,Components Product 03072,Components,63.57,105.68,Active
PROD-0003073,SUP-000517,Packaging Product 03073,Packaging,71.08,112.32,Active
PROD-0003074,SUP-000617,Components Product 00011,Industrial Parts,16.97,27.61,Active
PROD-0003075,SUP-000159,Industrial Parts Product 03075,Industrial Parts,5.5,7.66,Active
PROD-0003076,SUP-000908,Components Product 03076,Components,26.75,43.66,Active
PROD-0003077,SUP-000347,Packaging Product 03077,Packaging,43.61,66.43,Active
PROD-0003078,SUP-000072,Raw Materials Product 03078,Raw Materials,74.73,154.94,Active
PROD-0003079,SUP-000764,Raw Materials Product 03079,Raw Materials,133.43,294.44,Active
PROD-0003080,SUP-000057,Finished Goods Product 03080,Finished Goods,128.56,208.31,Active
PROD-0003081,SUP-000216,Raw Materials Product 03081,Raw Materials,3285.0,3285.0,Active
PROD-0003082,SUP-000074,Raw Materials Product 03082,Raw Materials,43.43,104.63,Active
PROD-0003083,SUP-000217,Raw Materials Product 03083,Raw Materials,11.65,14.6,Active
PROD-0003084,SUP-000985,Raw Materials Product 03084,Raw Materials,83.17,119.27,Active
PROD-0003085,SUP-000973,Components Product 03085,Components,93.94,180.11,Active
PROD-0003086,SUP-000346,Industrial Parts Product 03086,Industrial Parts,7.38,9.45,Active
PROD-0003087,SUP-000937,Components Product 03087,Components,45.47,65.88,Active
PROD-0003088,SUP-000162,Raw Materials Product 03088,Raw Materials,42.21,80.01,Active
PROD-0003089,SUP-000512,Raw Materials Product 03089,Raw Materials,101.08,140.73,Active
PROD-0003090,SUP-000255,Finished Goods Product 03090,Finished Goods,40.31,95.96,Active
PROD-0003091,SUP-000029,Components Product 00011,Finished Goods,39.51,68.59,Active
PROD-0003092,SUP-000400,Components Product 03092,Components,51.08,65.77,Active
PROD-0003093,SUP-000676,Finished Goods Product 03093,Finished Goods,22.72,35.02,Active
PROD-0003094,SUP-000640,Finished Goods Product 03094,Finished Goods,14.13,27.98,Active
PROD-0003095,SUP-000374,Components Product 03095,Components,27.41,56.13,Active
PROD-0003096,SUP-000157,Finished Goods Product 03096,Finished Goods,22.22,32.48,Active
PROD-0003097,SUP-000144,Finished Goods Product 03097,Finished Goods,33.47,51.99,Active
PROD-0003098,SUP-000794,Industrial Parts Product 03098,Industrial Parts,334.9,825.15,Active
PROD-0003099,SUP-000077,Finished Goods Product 03099,Finished Goods,54.29,120.96,Active
PROD-0003100,SUP-000363,Packaging Product 03100,Packaging,17.83,23.16,Active
PROD-0003101,SUP-000731,Raw Materials Product 03101,Raw Materials,19.99,39.15,Inactive
PROD-0003102,SUP-000291,Components Product 03102,Components,98.04,138.99,Active
PROD-0003103,SUP-000969,Components Product 03103,Components,31.59,50.55,Active
PROD-0003104,SUP-000608,Raw Materials Product 03104,Raw Materials,72.41,142.87,Active
PROD-0003105,SUP-000129,Packaging Product 03105,Packaging,13.14,22.22,Active
PROD-0003106,SUP-000659,Industrial Parts Product 03106,Industrial Parts,26.66,51.31,Active
PROD-0003107,SUP-000736,Components Product 03107,Components,26.08,46.61,Active
PROD-0003108,SUP-000707,Industrial Parts Product 03108,Industrial Parts,70.42,171.71,Active
PROD-0003109,SUP-000397,Finished Goods Product 03109,Finished Goods,39.7,54.78,Active
PROD-0003110,SUP-000884,Raw Materials Product 03110,Raw Materials,46.85,115.85,Active
PROD-0003111,SUP-000199,Raw Materials Product 03111,Raw Materials,57.28,120.2,Active
PROD-0003112,SUP-000610,Raw Materials Product 03112,Raw Materials,3285.0,3285.0,Active
PROD-0003113,SUP-000944,Components Product 03113,Components,54.07,134.88,Active
PROD-0003114,SUP-000841,Industrial Parts Product 03114,Industrial Parts,31.18,64.11,Active
PROD-0003115,SUP-000459,Raw Materials Product 03115,Raw Materials,107.2,210.11,Active
PROD-0003116,SUP-000051,Industrial Parts Product 03116,Industrial Parts,19.37,25.59,Active
PROD-0003117,SUP-000669,Finished Goods Product 03117,Finished Goods,19.49,26.51,Active
PROD-0003118,SUP-000812,Raw Materials Product 03118,Raw Materials,25.83,56.9,Active
PROD-0003119,SUP-000874,Finished Goods Product 03119,Finished Goods,14.75,27.51,Active
PROD-0003120,SUP-000406,Industrial Parts Product 03120,Industrial Parts,11.88,24.4,Active
PROD-0003121,SUP-000726,Industrial Parts Product 03121,Industrial Parts,28.72,40.7,Inactive
PROD-0003122,SUP-000412,Components Product 03122,Components,125.26,274.15,Active
PROD-0003123,SUP-000349,Packaging Product 03123,Packaging,43.49,53.74,Active
PROD-0003124,SUP-000799,Components Product 03124,Components,39.1,89.91,Active
PROD-0003125,SUP-000228,Raw Materials Product 03125,Raw Materials,25.64,58.49,Active
PROD-0003126,SUP-000291,Packaging Product 03126,Packaging,97.9,138.75,Active
PROD-0003127,SUP-000310,Packaging Product 03127,Packaging,11.96,20.11,Active
PROD-0003128,SUP-000827,Packaging Product 03128,Packaging,12.93,24.13,Active
PROD-0003129,SUP-000074,Components Product 03129,Components,32.02,73.31,Active
PROD-0003130,SUP-000794,Raw Materials Product 03130,Raw Materials,46.92,73.17,Active
PROD-0003131,SUP-000340,Raw Materials Product 03131,Raw Materials,15.13,23.48,Active
PROD-0003132,SUP-000255,Raw Materials Product 03132,Raw Materials,22.38,29.67,Active
PROD-0003133,SUP-000529,Industrial Parts Product 03133,Industrial Parts,33.22,79.16,Active
PROD-0003134,SUP-000878,Packaging Product 03134,Packaging,114.4,185.1,Active
PROD-0003135,SUP-000238,Raw Materials Product 03135,Raw Materials,8.69,5967.0,Active
PROD-0003136,SUP-000348,Finished Goods Product 03136,Finished Goods,52.58,112.32,Active
PROD-0003137,SUP-000721,Raw Materials Product 03137,Raw Materials,68.31,86.25,Active
PROD-0003138,SUP-000120,Components Product 03138,Components,153.08,218.68,Active
PROD-0003139,SUP-000327,Finished Goods Product 03139,Finished Goods,11.45,19.93,Active
PROD-0003140,SUP-000608,Industrial Parts Product 03140,Industrial Parts,13.52,19.51,Active
PROD-0003141,SUP-000198,Components Product 03141,Components,18.13,41.97,Active
PROD-0003142,SUP-000796,Raw Materials Product 03142,Raw Materials,10.93,26.88,Active
PROD-0003143,SUP-000516,Finished Goods Product 03143,Finished Goods,82.89,192.94,Active
PROD-0003144,SUP-000474,Industrial Parts Product 03144,Industrial Parts,46.03,103.89,Active
PROD-0003145,SUP-000089,Finished Goods Product 03145,Finished Goods,35.59,72.52,Active
PROD-0003146,SUP-000813,Components Product 03146,Components,48.26,115.82,Active
PROD-0003147,SUP-000076,Finished Goods Product 03147,Finished Goods,84.91,200.66,Active
PROD-0003148,SUP-000303,Packaging Product 03148,Packaging,4.45,7.75,Active
PROD-0003149,SUP-000090,Raw Materials Product 03149,Raw Materials,47.04,109.97,Active
PROD-0003150,SUP-000932,Industrial Parts Product 03150,Industrial Parts,43.82,83.71,Active
PROD-0003151,SUP-000977,Finished Goods Product 03151,Finished Goods,53.83,100.0,Active
PROD-0003152,SUP-000090,Raw Materials Product 03152,Raw Materials,9.58,20.32,Active
PROD-0003153,SUP-000919,Components Product 03153,Components,29.99,50.54,Active
PROD-0003154,SUP-000815,Components Product 03154,Components,15.03,35.21,Active
PROD-0003155,SUP-000421,Components Product 03155,Components,92.77,221.18,Active
PROD-0003156,SUP-000660,Finished Goods Product 03156,Finished Goods,36.72,47.82,Inactive
PROD-0003157,SUP-000021,Raw Materials Product 03157,Raw Materials,28.59,49.11,Active
PROD-0003158,SUP-000120,Packaging Product 03158,Packaging,43.25,54.89,Active
PROD-0003159,SUP-000276,Finished Goods Product 03159,Finished Goods,12.55,23.9,Active
PROD-0003160,SUP-000400,Components Product 03160,Components,96.84,127.85,Active
PROD-0003161,SUP-000839,Industrial Parts Product 03161,Industrial Parts,97.06,138.75,Active
PROD-0003162,SUP-000229,Finished Goods Product 03162,Finished Goods,11.32,14.35,Active
PROD-0003163,SUP-000755,Raw Materials Product 03163,Raw Materials,86.51,167.58,Active
PROD-0003164,SUP-000921,Raw Materials Product 03164,Raw Materials,128.17,156.48,Active
PROD-0003165,SUP-000992,Components Product 03165,Components,18.17,29.45,Inactive
PROD-0003166,SUP-000768,Finished Goods Product 03166,Finished Goods,15.88,32.5,Active
PROD-0003167,SUP-000594,Packaging Product 03167,Packaging,15.95,31.45,Active
PROD-0003168,SUP-000264,Raw Materials Product 03168,Raw Materials,61.78,76.11,Active
PROD-0003169,SUP-000604,Industrial Parts Product 03169,Industrial Parts,140.68,275.12,Active
PROD-0003170,SUP-000660,Components Product 03170,Components,21.32,60.46,Active
PROD-0003171,SUP-000106,Raw Materials Product 03171,Raw Materials,50.66,72.78,Active
PROD-0003172,SUP-000309,Packaging Product 03172,Packaging,53.22,77.69,Active
PROD-0003173,SUP-000508,Components Product 03173,Components,20.95,45.04,Active
PROD-0003174,SUP-000424,Finished Goods Product 03174,Finished Goods,21.38,48.89,Active
PROD-0003175,SUP-000423,Raw Materials Product 03175,Raw Materials,33.24,60.33,Active
PROD-0003176,SUP-000180,Components Product 03176,Components,37.51,79.91,Active
PROD-0003177,SUP-000262,Packaging Product 03177,Packaging,17.87,32.53,Active
PROD-0003178,SUP-000830,Industrial Parts Product 03178,Industrial Parts,25.95,42.19,Active
PROD-0003179,SUP-000877,Finished Goods Product 03179,Finished Goods,43.45,104.48,Active
PROD-0003180,SUP-000292,Components Product 03180,Components,36.86,73.9,Active
PROD-0003181,SUP-000591,Packaging Product 03181,Packaging,199.47,293.95,Active
PROD-0003182,SUP-000879,Packaging Product 03182,Packaging,16.82,39.5,Active
PROD-0003183,SUP-000153,Finished Goods Product 03183,Finished Goods,125.98,178.15,Active
PROD-0003184,SUP-000992,Industrial Parts Product 03184,Industrial Parts,49.17,78.26,Active
PROD-0003185,SUP-000556,Raw Materials Product 03185,Raw Materials,30.63,65.38,Active
PROD-0003186,SUP-000673,Components Product 03186,Components,285.78,355.66,Active
PROD-0003187,SUP-000056,Raw Materials Product 03187,Raw Materials,42.91,62.35,Active
PROD-0003188,SUP-000195,Raw Materials Product 03188,Raw Materials,12.81,22.73,Active
PROD-0003189,SUP-000798,Raw Materials Product 03189,Raw Materials,39.95,84.26,Active
PROD-0003190,SUP-000532,Finished Goods Product 03190,Finished Goods,92.42,166.37,Active
PROD-0003191,SUP-000363,Industrial Parts Product 03191,Industrial Parts,50.89,62.24,Active
PROD-0003192,SUP-000922,Industrial Parts Product 03192,Industrial Parts,57.91,144.47,Active
PROD-0003193,SUP-000371,Industrial Parts Product 03193,Industrial Parts,26.51,60.22,Active
PROD-0003194,SUP-000801,Components Product 03194,Components,31.76,60.82,Active
PROD-0003195,SUP-000984,Packaging Product 03195,Packaging,17.75,42.54,Active
PROD-0003196,SUP-000637,Packaging Product 03196,Packaging,17.69,25.44,Inactive
PROD-0003197,SUP-000588,Raw Materials Product 03197,Raw Materials,47.98,60.46,Active
PROD-0003198,SUP-000449,Components Product 03198,Components,65.29,138.7,Active
PROD-0003199,SUP-000397,Packaging Product 03199,Packaging,20.07,25.73,Active
PROD-0003200,SUP-000953,Components Product 03200,Components,23.17,36.6,Active
PROD-0003201,SUP-000125,Raw Materials Product 03201,Raw Materials,111.02,209.01,Inactive
PROD-0003202,SUP-000347,Components Product 03202,Components,15.18,20.89,Active
PROD-0003203,SUP-000704,Components Product 03203,Components,18.67,29.45,Active
PROD-0003204,SUP-000556,Finished Goods Product 03204,Finished Goods,8.65,13.99,Active
PROD-0003205,SUP-000819,Components Product 03205,Components,21.49,26.91,Active
PROD-0003206,SUP-000618,Components Product 03206,Components,31.48,58.24,Active
PROD-0003207,SUP-000079,Industrial Parts Product 03207,Industrial Parts,67.57,138.55,Active
PROD-0003208,SUP-000363,Components Product 03208,Components,29.18,36.41,Inactive
PROD-0003209,SUP-000751,Finished Goods Product 03209,Finished Goods,58.34,103.34,Active
PROD-0003210,SUP-000951,Finished Goods Product 03210,Finished Goods,13.66,20.79,Active
PROD-0003211,SUP-000706,Packaging Product 03211,Packaging,14.41,23.76,Active
PROD-0003212,SUP-000772,Finished Goods Product 03212,Finished Goods,10.09,22.58,Active
PROD-0003213,SUP-000427,Raw Materials Product 03213,Raw Materials,56.93,107.51,Active
PROD-0003214,SUP-000961,Industrial Parts Product 03214,Industrial Parts,21.43,31.43,Active
PROD-0003215,SUP-000756,Packaging Product 03215,Packaging,189.43,235.98,Active
PROD-0003216,SUP-000879,Packaging Product 03216,Packaging,171.08,423.2,Active
PROD-0003217,SUP-000641,Raw Materials Product 03217,Raw Materials,56.96,83.68,Active
PROD-0003218,SUP-000287,Raw Materials Product 03218,Raw Materials,8.35,10.89,Active
PROD-0003219,SUP-000183,Industrial Parts Product 03219,Industrial Parts,30.33,51.32,Active
PROD-0003220,SUP-000934,Industrial Parts Product 03220,Industrial Parts,37.4,91.53,Active
PROD-0003221,SUP-000060,Finished Goods Product 03221,Finished Goods,37.86,69.6,Active
PROD-0003222,SUP-000433,Packaging Product 03222,Packaging,5.9,7.64,Active
PROD-0003223,SUP-000026,Raw Materials Product 03223,Raw Materials,14.85,30.53,Active
PROD-0003224,SUP-000991,Raw Materials Product 03224,Raw Materials,13.54,28.55,Active
PROD-0003225,SUP-000959,Raw Materials Product 03225,Raw Materials,28.69,35.74,Active
PROD-0003226,SUP-000519,Raw Materials Product 03226,Raw Materials,43.84,5967.0,Active
PROD-0003227,SUP-000620,Components Product 03227,Components,46.51,72.77,Active
PROD-0003228,SUP-000721,Packaging Product 03228,Packaging,18.53,34.08,Active
PROD-0003229,SUP-000607,Finished Goods Product 03229,Finished Goods,38.5,92.77,Active
PROD-0003230,SUP-000617,Finished Goods Product 03230,Finished Goods,37.36,74.1,Active
PROD-0003231,SUP-000375,Finished Goods Product 03231,Finished Goods,21.0,46.91,Active
PROD-0003232,SUP-000362,Industrial Parts Product 03232,Industrial Parts,51.85,107.0,Active
PROD-0003233,SUP-000372,Industrial Parts Product 03233,Industrial Parts,84.74,199.52,Active
PROD-0003234,SUP-000504,Finished Goods Product 03234,Finished Goods,15.87,36.83,Active
PROD-0003235,SUP-000927,Industrial Parts Product 03235,Industrial Parts,18.21,22.56,Active
PROD-0003236,SUP-000158,Raw Materials Product 03236,Raw Materials,31.38,50.75,Active
PROD-0003237,SUP-000086,Components Product 03237,Components,75.72,114.79,Inactive
PROD-0003238,SUP-000162,Finished Goods Product 03238,Finished Goods,22.93,28.01,Active
PROD-0003239,SUP-000849,Raw Materials Product 03239,Raw Materials,119.52,168.38,Active
PROD-0003240,SUP-000803,Industrial Parts Product 03240,Industrial Parts,98.75,147.98,Active
PROD-0003241,SUP-000396,Raw Materials Product 03241,Raw Materials,8.85,22.07,Active
PROD-0003242,SUP-000459,Components Product 03242,Components,42.06,90.59,Active
PROD-0003243,SUP-000616,Packaging Product 03243,Packaging,33.68,48.64,Active
PROD-0003244,SUP-000880,Components Product 03244,Components,17.39,27.18,Active
PROD-0003245,SUP-000824,Components Product 03245,Components,30.37,49.06,Active
PROD-0003246,SUP-000683,Components Product 03246,Components,52.57,109.95,Active
PROD-0003247,SUP-000620,Finished Goods Product 03247,Finished Goods,26.25,55.07,Active
PROD-0003248,SUP-000270,Industrial Parts Product 03248,Industrial Parts,33.14,117.67,Active
PROD-0003249,SUP-000872,Packaging Product 03249,Packaging,15.2,27.43,Active
PROD-0003250,SUP-000405,Finished Goods Product 03250,Finished Goods,34.08,47.66,Active
PROD-0003251,SUP-000358,Finished Goods Product 03251,Finished Goods,32.98,57.12,Active
PROD-0003252,SUP-000893,Raw Materials Product 03252,Raw Materials,15.19,31.7,Active
PROD-0003253,SUP-000107,Raw Materials Product 03253,Components,9.82,20.98,Active
PROD-0003254,SUP-000843,Industrial Parts Product 03254,Industrial Parts,3285.0,3285.0,Active
PROD-0003255,SUP-000745,Components Product 03255,Components,19.96,42.63,Active
PROD-0003256,SUP-000401,Industrial Parts Product 03256,Industrial Parts,9.84,18.35,Active
PROD-0003257,SUP-000423,Finished Goods Product 03257,Finished Goods,32.11,60.16,Active
PROD-0003258,SUP-000839,Finished Goods Product 03258,Finished Goods,22.91,48.76,Active
PROD-0003259,SUP-000683,Components Product 03259,Components,33.5,66.39,Active
PROD-0003260,SUP-000794,Industrial Parts Product 03260,Industrial Parts,74.06,95.97,Active
PROD-0003261,SUP-000879,Packaging Product 03261,Packaging,26.47,41.25,Active
PROD-0003262,SUP-000428,Raw Materials Product 03262,Raw Materials,96.37,186.11,Active
PROD-0003263,SUP-000084,Industrial Parts Product 03263,Industrial Parts,43.5,102.54,Active
PROD-0003264,SUP-000788,Components Product 03264,Components,42.12,73.78,Active
PROD-0003265,SUP-000203,Components Product 03265,Components,6.77,12.94,Active
PROD-0003266,SUP-000132,Packaging Product 03266,Packaging,22.4,50.74,Active
PROD-0003267,SUP-000707,Components Product 03267,Components,50.07,112.79,Active
PROD-0003268,SUP-000306,Finished Goods Product 03268,Finished Goods,32.96,49.54,Active
PROD-0003269,SUP-000421,Finished Goods Product 03269,Finished Goods,13.67,25.58,Active
PROD-0003270,SUP-000652,Raw Materials Product 03270,Raw Materials,20.4,42.73,Inactive
PROD-0003271,SUP-000779,Industrial Parts Product 03271,Industrial Parts,90.21,207.97,Active
PROD-0003272,SUP-000616,Raw Materials Product 03272,Raw Materials,35.81,75.55,Active
PROD-0003273,SUP-000799,Industrial Parts Product 03273,Industrial Parts,51.54,104.92,Active
PROD-0003274,SUP-000599,Packaging Product 03274,Packaging,73.79,122.08,Active
PROD-0003275,SUP-000667,Industrial Parts Product 03275,Industrial Parts,42.96,78.72,Active
PROD-0003276,SUP-000476,Industrial Parts Product 03276,Industrial Parts,42.18,99.37,Active
PROD-0003277,SUP-000267,Components Product 03277,Components,20.68,46.41,Active
PROD-0003278,SUP-000024,Finished Goods Product 03278,Finished Goods,78.54,142.13,Active
PROD-0003279,SUP-000237,Raw Materials Product 03279,Raw Materials,21.23,50.58,Active
PROD-0003280,SUP-000675,Components Product 03280,Components,58.92,140.72,Active
PROD-0003281,SUP-000712,Components Product 03281,Components,71.73,120.43,Active
PROD-0003282,SUP-000257,Finished Goods Product 03282,Finished Goods,57.43,109.25,Active
PROD-0003283,SUP-000206,Packaging Product 03283,Packaging,33.14,74.56,Active
PROD-0003284,SUP-000943,Raw Materials Product 03284,Raw Materials,12.91,25.84,Active
PROD-0003285,SUP-000275,Components Product 03285,Components,108.65,187.74,Active
PROD-0003286,SUP-000798,Industrial Parts Product 03286,Industrial Parts,54.92,124.9,Active
PROD-0003287,SUP-000279,Components Product 03287,Components,13.06,28.25,Active
PROD-0003288,SUP-000499,Industrial Parts Product 03288,Industrial Parts,26.63,46.23,Active
PROD-0003289,SUP-000997,Industrial Parts Product 03289,Industrial Parts,33.34,52.99,Active
PROD-0003290,SUP-000843,Finished Goods Product 03290,Finished Goods,33.14,121.88,Active
PROD-0003291,SUP-000571,Components Product 03291,Components,7.9,16.55,Active
PROD-0003292,SUP-000726,Finished Goods Product 03292,Finished Goods,37.21,65.56,Active
PROD-0003293,SUP-000408,Raw Materials Product 03293,Raw Materials,37.24,62.12,Active
PROD-0003294,SUP-000982,Raw Materials Product 03294,Raw Materials,16.29,36.09,Active
PROD-0003295,SUP-000360,Industrial Parts Product 03295,Industrial Parts,58.38,106.15,Inactive
PROD-0003296,SUP-000390,Finished Goods Product 03296,Finished Goods,33.57,65.62,Inactive
PROD-0003297,SUP-000028,Raw Materials Product 03297,Raw Materials,54.26,101.27,Inactive
PROD-0003298,SUP-000333,Raw Materials Product 03298,Raw Materials,17.42,25.6,Active
PROD-0003299,SUP-000899,Components Product 03299,Components,47.82,109.07,Active
PROD-0003300,SUP-000733,Components Product 03300,Components,53.67,111.79,Active
PROD-0003301,SUP-000724,Finished Goods Product 03301,Finished Goods,20.44,49.17,Active
PROD-0003302,SUP-000633,Industrial Parts Product 03302,Industrial Parts,21.56,28.37,Active
PROD-0003303,SUP-000866,Finished Goods Product 03303,Finished Goods,13.67,29.09,Active
PROD-0003304,SUP-000905,Components Product 03304,Components,15.46,20.11,Active
PROD-0003305,SUP-000702,Finished Goods Product 03305,Finished Goods,20.99,41.37,Active
PROD-0003306,SUP-000348,Raw Materials Product 03306,Raw Materials,33.37,77.69,Active
PROD-0003307,SUP-000038,Packaging Product 03307,Packaging,51.34,101.28,Active
PROD-0003308,SUP-000609,Industrial Parts Product 03308,Industrial Parts,44.41,70.47,Active
PROD-0003309,SUP-000169,Components Product 03309,Components,66.78,150.78,Active
PROD-0003310,SUP-000766,Finished Goods Product 03310,Finished Goods,21.88,50.57,Active
PROD-0003311,SUP-000256,Raw Materials Product 03311,Raw Materials,11.91,15.2,Active
PROD-0003312,SUP-000802,Raw Materials Product 03312,Raw Materials,13.82,22.75,Active
PROD-0003313,SUP-000338,Finished Goods Product 03313,Finished Goods,79.65,116.87,Active
PROD-0003314,SUP-000298,Components Product 03314,Components,6.51,9.43,Active
PROD-0003315,SUP-000456,Industrial Parts Product 03315,Industrial Parts,75.75,122.46,Active
PROD-0003316,SUP-000146,Industrial Parts Product 03316,Industrial Parts,12.08,23.62,Active
PROD-0003317,SUP-000290,Finished Goods Product 03317,Finished Goods,39.76,63.55,Active
PROD-0003318,SUP-000140,Raw Materials Product 03318,Raw Materials,98.3,160.24,Active
PROD-0003319,SUP-000865,Industrial Parts Product 03319,Industrial Parts,37.31,91.84,Active
PROD-0003320,SUP-000076,Raw Materials Product 03320,Raw Materials,39.41,49.95,Active
PROD-0003321,SUP-000197,Industrial Parts Product 03321,Industrial Parts,16.67,21.88,Active
PROD-0003322,SUP-000612,Components Product 03322,Components,42.62,105.8,Active
PROD-0003323,SUP-000823,Raw Materials Product 03323,Raw Materials,54.54,108.5,Active
PROD-0003324,SUP-000802,Raw Materials Product 03324,Raw Materials,169.62,238.5,Active
PROD-0003325,SUP-000571,Components Product 03325,Components,30.06,38.33,Active
PROD-0003326,SUP-000188,Finished Goods Product 03326,Finished Goods,297.62,652.99,Active
PROD-0003327,SUP-000413,Finished Goods Product 03327,Finished Goods,13.65,24.51,Inactive
PROD-0003328,SUP-000133,Industrial Parts Product 03328,Industrial Parts,45.92,60.08,Active
PROD-0003329,SUP-000347,Components Product 03329,Components,25.34,60.83,Active
PROD-0003330,SUP-000178,Finished Goods Product 03330,Finished Goods,28.62,46.47,Active
PROD-0003331,SUP-000240,Raw Materials Product 03331,Raw Materials,12.25,19.91,Active
PROD-0003332,SUP-000148,Components Product 03332,Components,66.64,147.27,Active
PROD-0003333,SUP-000303,Raw Materials Product 03333,Raw Materials,93.26,119.57,Active
PROD-0003334,SUP-000644,Components Product 03334,Components,44.35,75.32,Active
PROD-0003335,SUP-000198,Raw Materials Product 03335,Raw Materials,59.55,101.33,Active
PROD-0003336,SUP-000257,Industrial Parts Product 03336,Industrial Parts,16.33,24.01,Active
PROD-0003337,SUP-000754,Finished Goods Product 03337,Finished Goods,13.89,27.74,Active
PROD-0003338,SUP-000221,Packaging Product 03338,Packaging,63.35,92.31,Active
PROD-0003340,SUP-000992,Packaging Product 03340,Packaging,99.42,219.65,Inactive
PROD-0003341,SUP-000485,Industrial Parts Product 03341,Industrial Parts,48.93,95.86,Active
PROD-0003342,SUP-000831,Components Product 00011,Finished Goods,7.11,12.53,Active
PROD-0003343,SUP-000320,Components Product 03343,Components,24.35,52.96,Active
PROD-0003344,SUP-000781,Components Product 03344,Components,82.81,199.29,Active
PROD-0003345,SUP-000563,Industrial Parts Product 03345,Industrial Parts,18.84,25.9,Active
PROD-0003346,SUP-000841,Industrial Parts Product 03346,Industrial Parts,35.38,72.89,Active
PROD-0003347,SUP-000962,Components Product 03347,Components,15.87,37.69,Active
PROD-0003348,SUP-000863,Finished Goods Product 03348,Finished Goods,77.02,95.26,Active
PROD-0003349,SUP-000451,Components Product 03349,Components,30.74,54.26,Active
PROD-0003350,SUP-000062,Components Product 03350,Components,38.12,81.9,Active
PROD-0003351,SUP-000883,Components Product 03351,Components,39.01,57.66,Active
PROD-0003352,SUP-000758,Finished Goods Product 03352,Finished Goods,44.58,66.79,Active
PROD-0003353,SUP-000175,Industrial Parts Product 03353,Industrial Parts,16.37,23.72,Active
PROD-0003354,SUP-000298,Finished Goods Product 03354,Finished Goods,78.75,151.9,Active
PROD-0003355,SUP-000233,Components Product 03355,Components,49.91,100.13,Active
PROD-0003356,SUP-000692,Industrial Parts Product 03356,Industrial Parts,46.17,74.81,Active
PROD-0003357,SUP-000748,Industrial Parts Product 03357,Industrial Parts,54.92,122.27,Active
PROD-0003358,SUP-000592,Finished Goods Product 03358,Finished Goods,36.16,49.72,Active
PROD-0003359,SUP-000465,Components Product 03359,Components,51.54,119.6,Active
PROD-0003360,SUP-000023,Industrial Parts Product 03360,Industrial Parts,23.31,35.48,Active
PROD-0003361,SUP-000316,Packaging Product 03361,Packaging,97.87,172.8,Active
PROD-0003362,SUP-000860,Finished Goods Product 03362,Finished Goods,4.88,8.77,Active
PROD-0003363,SUP-000889,Finished Goods Product 03363,Finished Goods,46.89,98.32,Active
PROD-0003364,SUP-000067,Raw Materials Product 03364,Raw Materials,24.98,33.36,Active
PROD-0003365,SUP-000531,Raw Materials Product 03365,Raw Materials,184.34,321.57,Active
PROD-0003366,SUP-000141,Components Product 03366,Components,35.75,65.51,Active
PROD-0003367,SUP-000394,Finished Goods Product 03367,Finished Goods,62.5,134.1,Active
PROD-0003368,SUP-000639,Packaging Product 03368,Packaging,9.08,16.72,Active
PROD-0003369,SUP-000144,Finished Goods Product 03369,Finished Goods,16.06,34.99,Active
PROD-0003370,SUP-000377,Finished Goods Product 03370,Finished Goods,34.48,55.04,Active
PROD-0003371,SUP-000466,Finished Goods Product 03371,Finished Goods,66.97,97.19,Active
PROD-0003372,SUP-000960,Components Product 03372,Components,27.64,61.85,Active
PROD-0003373,SUP-000093,Industrial Parts Product 03373,Industrial Parts,94.82,152.6,Active
PROD-0003374,SUP-000929,Components Product 03374,Components,37.58,47.55,Active
PROD-0003375,SUP-000453,Raw Materials Product 03375,Raw Materials,217.31,334.78,Active
PROD-0003376,SUP-000414,Packaging Product 03376,Packaging,23.78,38.75,Active
PROD-0003377,SUP-000975,Components Product 03377,Components,95.73,204.09,Active
PROD-0003378,SUP-000811,Finished Goods Product 03378,Finished Goods,50.31,64.17,Active
PROD-0003379,SUP-000954,Raw Materials Product 03379,Raw Materials,40.14,78.44,Active
PROD-0003380,SUP-000910,Packaging Product 03380,Packaging,22.56,47.58,Active
PROD-0003381,SUP-000483,Industrial Parts Product 03381,Industrial Parts,45.87,66.85,Active
PROD-0003382,SUP-000694,Packaging Product 03382,Packaging,17.12,41.02,Active
PROD-0003383,SUP-000707,Packaging Product 03383,Packaging,33.39,42.59,Active
PROD-0003384,SUP-000037,Components Product 03384,Components,12.07,18.77,Active
PROD-0003385,SUP-000896,Components Product 03385,Components,70.24,109.72,Active
PROD-0003386,SUP-000876,Finished Goods Product 03386,Finished Goods,26.17,64.15,Active
PROD-0003387,SUP-000858,Packaging Product 03387,Packaging,72.86,154.41,Active
PROD-0003388,SUP-000686,Components Product 03388,Components,66.68,86.2,Active
PROD-0003389,SUP-000615,Industrial Parts Product 03389,Industrial Parts,78.41,156.03,Active
PROD-0003390,SUP-000477,Industrial Parts Product 03390,Industrial Parts,20.76,37.25,Active
PROD-0003391,SUP-000406,Raw Materials Product 03391,Raw Materials,113.08,246.26,Active
PROD-0003392,SUP-000150,Industrial Parts Product 03392,Industrial Parts,58.72,84.24,Active
PROD-0003393,SUP-000861,Finished Goods Product 03393,Finished Goods,12.98,28.25,Active
PROD-0003394,SUP-000394,Industrial Parts Product 03394,Industrial Parts,30.5,42.97,Active
PROD-0003395,SUP-000427,Raw Materials Product 03395,Raw Materials,39.68,73.61,Inactive
PROD-0003396,SUP-000318,Components Product 03396,Components,41.13,55.77,Active
PROD-0003397,SUP-000240,Finished Goods Product 03397,Finished Goods,186.07,457.63,Active
PROD-0003398,SUP-000215,Packaging Product 03398,Packaging,17.72,29.79,Active
PROD-0003399,SUP-000169,Industrial Parts Product 03399,Industrial Parts,32.05,46.7,Active
PROD-0003400,SUP-000453,Components Product 03400,Components,26.17,51.84,Active
PROD-0003401,SUP-000908,Industrial Parts Product 03401,Industrial Parts,27.67,64.07,Active
PROD-0003402,SUP-000299,Finished Goods Product 03402,Finished Goods,152.19,276.4,Active
PROD-0003403,SUP-000501,Components Product 03403,Components,38.47,88.42,Active
PROD-0003404,SUP-000594,Components Product 03404,Components,65.85,85.9,Active
PROD-0003405,SUP-001000,Finished Goods Product 03405,Finished Goods,60.05,81.97,Active
PROD-0003406,SUP-000751,Industrial Parts Product 03406,Industrial Parts,46.15,86.84,Active
PROD-0003407,SUP-000570,Components Product 03407,Components,78.18,194.95,Active
PROD-0003408,SUP-000299,Finished Goods Product 03408,Finished Goods,59.08,129.25,Inactive
PROD-0003409,SUP-000190,Finished Goods Product 03409,Finished Goods,40.81,86.37,Active
PROD-0003411,SUP-000843,Finished Goods Product 03411,Finished Goods,39.56,74.23,Active
PROD-0003412,SUP-000419,Components Product 03412,Components,53.73,89.24,Active
PROD-0003413,SUP-000491,Raw Materials Product 03413,Raw Materials,21.65,40.52,Active
PROD-0003414,SUP-000106,Finished Goods Product 03414,Finished Goods,37.98,67.56,Active
PROD-0003415,SUP-000893,Components Product 03415,Components,25.39,53.38,Active
PROD-0003416,SUP-000826,Components Product 03416,Components,27.32,65.26,Active
PROD-0003417,SUP-000936,Components Product 03417,Components,38.61,76.27,Active
PROD-0003418,SUP-000828,Raw Materials Product 03418,Raw Materials,98.14,222.03,Active
PROD-0003419,SUP-000502,Raw Materials Product 03419,Raw Materials,42.62,52.38,Active
PROD-0003420,SUP-000226,Finished Goods Product 03420,Finished Goods,71.34,147.9,Active
PROD-0003421,SUP-000848,Raw Materials Product 03421,Raw Materials,68.08,131.42,Active
PROD-0003422,SUP-000513,Industrial Parts Product 03422,Industrial Parts,108.84,191.8,Active
PROD-0003423,SUP-000096,Components Product 03423,Components,22.34,53.94,Active
PROD-0003424,SUP-000793,Components Product 03424,Components,27.87,34.36,Active
PROD-0003425,SUP-000981,Industrial Parts Product 03425,Industrial Parts,59.76,73.0,Active
PROD-0003426,SUP-000732,Finished Goods Product 03426,Finished Goods,63.21,143.68,Active
PROD-0003427,SUP-000255,Packaging Product 03427,Packaging,65.03,157.82,Active
PROD-0003428,SUP-000521,Raw Materials Product 03428,Raw Materials,35.32,54.32,Active
PROD-0003429,SUP-000353,Finished Goods Product 03429,Finished Goods,194.06,307.72,Active
PROD-0003431,SUP-000389,Packaging Product 03431,Packaging,66.92,161.44,Active
PROD-0003432,SUP-000077,Packaging Product 03432,Packaging,12.79,19.02,Active
PROD-0003433,SUP-000455,Industrial Parts Product 03433,Industrial Parts,20.93,42.31,Active
PROD-0003434,SUP-000319,Components Product 03434,Components,9.39,11.68,Active
PROD-0003435,SUP-000921,Raw Materials Product 03435,Raw Materials,18.99,45.78,Active
PROD-0003436,SUP-000552,Raw Materials Product 03436,Raw Materials,78.09,142.48,Active
PROD-0003437,SUP-000742,Components Product 03437,Components,16.89,41.58,Active
PROD-0003438,SUP-000251,Raw Materials Product 03438,Raw Materials,44.0,101.76,Active
PROD-0003439,SUP-000110,Raw Materials Product 03439,Raw Materials,20.49,29.03,Active
PROD-0003440,SUP-000962,Raw Materials Product 03440,Components,45.15,85.92,Active
PROD-0003441,SUP-000055,Finished Goods Product 03441,Finished Goods,20.57,26.24,Active
PROD-0003442,SUP-000072,Components Product 00011,Raw Materials,46.85,77.05,Active
PROD-0003443,SUP-000252,Finished Goods Product 03443,Finished Goods,16.03,35.15,Inactive
PROD-0003444,SUP-000850,Components Product 03444,Components,23.18,38.28,Active
PROD-0003445,SUP-000896,Finished Goods Product 03445,Finished Goods,11.9,20.18,Active
PROD-0003446,SUP-000262,Packaging Product 03446,Packaging,13.33,26.35,Active
PROD-0003447,SUP-000043,Industrial Parts Product 03447,Industrial Parts,31.88,47.94,Active
PROD-0003448,SUP-000631,Industrial Parts Product 03448,Industrial Parts,23.19,42.55,Inactive
PROD-0003449,SUP-000593,Packaging Product 03449,Packaging,14.1,17.46,Active
PROD-0003450,SUP-000442,Raw Materials Product 03450,Raw Materials,22.66,53.06,Active
PROD-0003451,SUP-000836,Components Product 03451,Components,7.33,17.41,Active
PROD-0003452,SUP-000934,Finished Goods Product 03452,Finished Goods,19.25,23.35,Active
PROD-0003453,SUP-000503,Finished Goods Product 03453,Components,34.9,61.98,Active
PROD-0003454,SUP-000466,Industrial Parts Product 03454,Industrial Parts,21.73,49.08,Active
PROD-0003455,SUP-000626,Packaging Product 03455,Packaging,18.45,43.82,Active
PROD-0003456,SUP-000841,Packaging Product 03456,Packaging,18.32,22.25,Active
PROD-0003457,SUP-000264,Finished Goods Product 03457,Finished Goods,62.48,119.14,Active
PROD-0003458,SUP-000976,Industrial Parts Product 03458,Industrial Parts,11.27,15.37,Active
PROD-0003459,SUP-000911,Finished Goods Product 03459,Finished Goods,15.95,37.73,Active
PROD-0003460,SUP-000385,Finished Goods Product 03460,Finished Goods,17.34,36.72,Active
PROD-0003461,SUP-000096,Components Product 03461,Components,77.94,174.44,Active
PROD-0003462,SUP-000347,Industrial Parts Product 03462,Industrial Parts,122.38,271.22,Active
PROD-0003463,SUP-000603,Components Product 03463,Components,72.03,178.88,Inactive
PROD-0003464,SUP-000257,Finished Goods Product 03464,Finished Goods,23.69,56.91,Active
PROD-0003465,SUP-000047,Raw Materials Product 03465,Raw Materials,53.21,86.58,Active
PROD-0003466,SUP-000178,Packaging Product 03466,Packaging,36.66,86.69,Active
PROD-0003467,SUP-000064,Finished Goods Product 03467,Finished Goods,26.11,33.44,Active
PROD-0003468,SUP-000714,Finished Goods Product 03468,Finished Goods,69.78,147.45,Active
PROD-0003469,SUP-000751,Raw Materials Product 03469,Raw Materials,9.13,21.58,Active
PROD-0003470,SUP-000562,Finished Goods Product 03470,Finished Goods,61.85,131.66,Active
PROD-0003471,SUP-000544,Components Product 03471,Components,56.11,95.26,Active
PROD-0003472,SUP-000524,Industrial Parts Product 03472,Industrial Parts,17.42,31.82,Active
PROD-0003473,SUP-000567,Components Product 03473,Components,19.29,46.2,Active
PROD-0003474,SUP-000973,Finished Goods Product 03474,Finished Goods,20.07,42.36,Active
PROD-0003475,SUP-000803,Finished Goods Product 03475,Finished Goods,72.2,118.86,Active
PROD-0003476,SUP-000956,Finished Goods Product 03476,Finished Goods,40.56,64.09,Inactive
PROD-0003477,SUP-000092,Raw Materials Product 03477,Raw Materials,15.2,20.43,Active
PROD-0003478,SUP-000417,Industrial Parts Product 03478,Industrial Parts,53.54,97.97,Active
PROD-0003479,SUP-000667,Components Product 03479,Components,21.73,43.15,Active
PROD-0003480,SUP-000648,Raw Materials Product 03480,Raw Materials,13.96,60.46,Active
PROD-0003481,SUP-000834,Components Product 03481,Components,65.71,152.44,Active
PROD-0003482,SUP-000500,Finished Goods Product 03482,Finished Goods,45.05,59.2,Active
PROD-0003483,SUP-000735,Industrial Parts Product 03483,Industrial Parts,32.19,53.23,Active
PROD-0003484,SUP-000154,Raw Materials Product 03484,Raw Materials,131.9,199.2,Active
PROD-0003485,SUP-000813,Raw Materials Product 03485,Raw Materials,27.4,54.46,Active
PROD-0003486,SUP-000249,Components Product 03486,Components,13.59,24.44,Active
PROD-0003487,SUP-000151,Raw Materials Product 03487,Raw Materials,49.29,89.41,Active
PROD-0003488,SUP-000476,Components Product 03488,Components,85.05,164.7,Active
PROD-0003489,SUP-000933,Packaging Product 03489,Packaging,64.85,149.75,Inactive
PROD-0003490,SUP-000888,Components Product 03490,Components,51.82,125.46,Active
PROD-0003491,SUP-000503,Industrial Parts Product 03491,Industrial Parts,17.08,34.04,Active
PROD-0003492,SUP-000964,Raw Materials Product 03492,Raw Materials,10.96,13.62,Active
PROD-0003493,SUP-000111,Raw Materials Product 03493,Raw Materials,32.9,63.07,Active
PROD-0003494,SUP-000374,Industrial Parts Product 03494,Industrial Parts,14.93,19.41,Active
PROD-0003495,SUP-000162,Components Product 03495,Components,22.19,37.57,Active
PROD-0003496,SUP-000003,Finished Goods Product 03496,Finished Goods,27.88,59.45,Inactive
PROD-0003497,SUP-000961,Industrial Parts Product 03497,Industrial Parts,76.83,164.51,Active
PROD-0003498,SUP-000223,Raw Materials Product 03498,Raw Materials,70.93,109.24,Active
PROD-0003499,SUP-000982,Components Product 03499,Components,9.11,17.46,Active
PROD-0003500,SUP-000709,Components Product 03500,Components,72.69,111.56,Active
PROD-0003501,SUP-000552,Components Product 03501,Components,30.07,69.77,Active
PROD-0003502,SUP-000930,Components Product 03502,Components,20.83,43.3,Active
PROD-0003503,SUP-000179,Components Product 03503,Components,36.4,82.63,Active
PROD-0003504,SUP-000263,Finished Goods Product 03504,Finished Goods,23.83,48.12,Active
PROD-0003505,SUP-000504,Raw Materials Product 03505,Raw Materials,18.57,22.85,Active
PROD-0003506,SUP-000251,Finished Goods Product 03506,Finished Goods,44.1,64.32,Active
PROD-0003507,SUP-000393,Raw Materials Product 03507,Raw Materials,52.96,124.32,Active
PROD-0003508,SUP-000395,Finished Goods Product 03508,Finished Goods,64.72,89.03,Active
PROD-0003509,SUP-000837,Raw Materials Product 03509,Raw Materials,30.22,64.05,Active
PROD-0003510,SUP-000332,Components Product 03510,Components,185.59,269.92,Active
PROD-0003511,SUP-000687,Finished Goods Product 03511,Finished Goods,51.11,72.86,Active
PROD-0003512,SUP-000739,Components Product 03512,Components,27.42,34.05,Active
PROD-0003513,SUP-000381,Industrial Parts Product 03513,Industrial Parts,81.73,146.33,Active
PROD-0003514,SUP-000083,Raw Materials Product 03514,Raw Materials,14.6,18.87,Active
PROD-0003515,SUP-000997,Components Product 03515,Components,13.8,28.54,Active
PROD-0003516,SUP-000524,Packaging Product 03516,Packaging,39.25,94.0,Active
PROD-0003517,SUP-000289,Industrial Parts Product 03517,Industrial Parts,6.33,15.21,Active
PROD-0003518,SUP-000737,Components Product 03518,Components,24.28,57.94,Active
PROD-0003519,SUP-000807,Industrial Parts Product 03519,Industrial Parts,46.68,90.78,Active
PROD-0003520,SUP-000124,Raw Materials Product 03520,Raw Materials,90.27,221.49,Active
PROD-0003521,SUP-000830,Industrial Parts Product 03521,Industrial Parts,30.54,58.33,Active
PROD-0003522,SUP-000253,Finished Goods Product 03522,Finished Goods,92.29,129.51,Active
PROD-0003523,SUP-000844,Finished Goods Product 03523,Finished Goods,11.61,22.32,Active
PROD-0003524,SUP-000028,Finished Goods Product 03524,Finished Goods,39.78,76.58,Active
PROD-0003525,SUP-000954,Components Product 03525,Components,73.61,145.25,Active
PROD-0003526,SUP-000965,Components Product 03526,Components,106.98,198.86,Active
PROD-0003527,SUP-000098,Finished Goods Product 03527,Finished Goods,22.16,46.56,Active
PROD-0003528,SUP-000908,Packaging Product 03528,Packaging,74.12,166.21,Inactive
PROD-0003529,SUP-000785,Finished Goods Product 03529,Finished Goods,127.88,283.21,Active
PROD-0003530,SUP-000787,Raw Materials Product 03530,Raw Materials,18.54,39.71,Active
PROD-0003531,SUP-000254,Raw Materials Product 03531,Raw Materials,61.3,110.05,Active
PROD-0003532,SUP-000722,Finished Goods Product 03532,Components,20.36,24.97,Active
PROD-0003533,SUP-000161,Components Product 03533,Components,30.34,57.46,Active
PROD-0003534,SUP-000538,Components Product 03534,Components,105.9,241.17,Active
PROD-0003535,SUP-000247,Raw Materials Product 03535,Raw Materials,14.21,32.25,Active
PROD-0003536,SUP-000768,Industrial Parts Product 03536,Industrial Parts,42.85,66.34,Active
PROD-0003537,SUP-000575,Raw Materials Product 03537,Raw Materials,16.68,40.47,Active
PROD-0003538,SUP-000553,Industrial Parts Product 03538,Industrial Parts,231.3,533.91,Active
PROD-0003539,SUP-000640,Raw Materials Product 03539,Raw Materials,25.97,57.34,Active
PROD-0003540,SUP-000325,Finished Goods Product 03540,Finished Goods,36.76,44.71,Active
PROD-0003541,SUP-000011,Components Product 03541,Components,33.14,95.56,Active
PROD-0003542,SUP-000230,Finished Goods Product 03542,Finished Goods,23.43,37.78,Active
PROD-0003543,SUP-000545,Packaging Product 03543,Packaging,21.98,36.31,Active
PROD-0003544,SUP-000249,Raw Materials Product 03544,Raw Materials,51.53,101.81,Active
PROD-0003545,SUP-000286,Raw Materials Product 03545,Raw Materials,74.26,163.66,Active
PROD-0003546,SUP-000350,Packaging Product 03546,Packaging,20.23,50.54,Active
PROD-0003547,SUP-000597,Components Product 03547,Components,30.26,59.13,Active
PROD-0003548,SUP-000128,Packaging Product 03548,Packaging,41.1,70.48,Active
PROD-0003549,SUP-000082,Components Product 03549,Components,64.77,90.11,Active
PROD-0003550,SUP-000865,Packaging Product 03550,Packaging,30.26,42.27,Active
PROD-0003551,SUP-000686,Components Product 03551,Components,16.81,20.22,Active
PROD-0003552,SUP-000946,Industrial Parts Product 03552,Industrial Parts,11.33,15.08,Active
PROD-0003553,SUP-000956,Finished Goods Product 03553,Finished Goods,18.33,26.74,Active
PROD-0003554,SUP-000006,Finished Goods Product 03554,Finished Goods,52.12,66.94,Active
PROD-0003555,SUP-000070,Raw Materials Product 03555,Raw Materials,34.93,63.71,Active
PROD-0003556,SUP-000654,Industrial Parts Product 03556,Components,31.01,77.47,Active
PROD-0003557,SUP-000019,Raw Materials Product 03557,Raw Materials,31.55,56.14,Active
PROD-0003558,SUP-000233,Industrial Parts Product 03558,Industrial Parts,41.42,92.93,Active
PROD-0003559,SUP-000588,Components Product 03559,Components,55.06,130.74,Active
PROD-0003560,SUP-000647,Industrial Parts Product 03560,Industrial Parts,14.94,20.77,Active
PROD-0003562,SUP-000778,Raw Materials Product 03562,Raw Materials,24.24,55.51,Active
PROD-0003563,SUP-000140,Components Product 03563,Components,16.08,25.35,Active
PROD-0003564,SUP-000760,Components Product 03564,Components,11.64,20.69,Active
PROD-0003565,SUP-000024,Industrial Parts Product 03565,Industrial Parts,29.24,39.62,Active
PROD-0003566,SUP-000407,Industrial Parts Product 03566,Industrial Parts,12.69,26.98,Active
PROD-0003567,SUP-000212,Industrial Parts Product 03567,Industrial Parts,148.02,225.53,Active
PROD-0003568,SUP-000945,Components Product 03568,Components,24.04,49.6,Active
PROD-0003569,SUP-000976,Raw Materials Product 03569,Raw Materials,23.58,35.87,Active
PROD-0003570,SUP-000211,Components Product 03570,Components,175.53,277.84,Active
PROD-0003571,SUP-000654,Components Product 03571,Components,72.4,173.62,Active
PROD-0003572,SUP-000491,Raw Materials Product 03572,Raw Materials,34.34,71.53,Active
PROD-0003573,SUP-000758,Finished Goods Product 03573,Finished Goods,19.76,47.45,Inactive
PROD-0003574,SUP-000635,Raw Materials Product 03574,Raw Materials,27.66,44.67,Active
PROD-0003575,SUP-000920,Components Product 03575,Components,90.34,175.11,Active
PROD-0003576,SUP-000424,Components Product 03576,Components,25.8,32.69,Active
PROD-0003577,SUP-000838,Components Product 03577,Components,47.26,101.43,Active
PROD-0003578,SUP-000017,Industrial Parts Product 03578,Industrial Parts,46.89,70.44,Inactive
PROD-0003579,SUP-000974,Raw Materials Product 03579,Raw Materials,67.79,105.18,Active
PROD-0003580,SUP-000834,Components Product 03580,Components,23.84,41.38,Active
PROD-0003581,SUP-000587,Raw Materials Product 03581,Raw Materials,117.48,155.08,Active
PROD-0003582,SUP-000889,Industrial Parts Product 03582,Components,21.49,34.28,Active
PROD-0003583,SUP-000535,Components Product 03583,Components,100.52,186.09,Active
PROD-0003584,SUP-000674,Industrial Parts Product 03584,Industrial Parts,41.43,101.13,Active
PROD-0003585,SUP-000125,Raw Materials Product 03585,Raw Materials,35.91,51.3,Active
PROD-0003586,SUP-000391,Industrial Parts Product 03586,Industrial Parts,40.4,77.44,Active
PROD-0003587,SUP-000583,Components Product 03587,Components,33.14,106.97,Active
PROD-0003588,SUP-000280,Raw Materials Product 03588,Raw Materials,67.6,140.27,Active
PROD-0003589,SUP-000353,Components Product 03589,Components,183.49,221.79,Active
PROD-0003590,SUP-000020,Finished Goods Product 03590,Finished Goods,12.05,30.11,Active
PROD-0003591,SUP-000098,Components Product 03591,Components,30.72,71.43,Active
PROD-0003592,SUP-000520,Raw Materials Product 03592,Raw Materials,36.2,55.95,Active
PROD-0003593,SUP-000860,Industrial Parts Product 03593,Industrial Parts,95.57,194.26,Active
PROD-0003594,SUP-000031,Finished Goods Product 03594,Finished Goods,21.33,47.01,Active
PROD-0003595,SUP-000925,Finished Goods Product 03595,Finished Goods,31.99,70.95,Active
PROD-0003596,SUP-000085,Industrial Parts Product 03596,Industrial Parts,133.83,275.37,Active
PROD-0003597,SUP-000470,Components Product 03597,Components,26.68,40.78,Active
PROD-0003598,SUP-000493,Finished Goods Product 03598,Finished Goods,14.51,27.12,Active
PROD-0003599,SUP-000513,Components Product 03599,Components,171.16,299.03,Active
PROD-0003600,SUP-000450,Industrial Parts Product 03600,Industrial Parts,6.37,10.01,Inactive
PROD-0003601,SUP-000343,Finished Goods Product 03601,Finished Goods,21.99,54.3,Active
PROD-0003602,SUP-000644,Raw Materials Product 03602,Raw Materials,64.38,102.41,Active
PROD-0003603,SUP-000698,Finished Goods Product 03603,Finished Goods,44.78,101.62,Active
PROD-0003604,SUP-000784,Components Product 03604,Components,28.7,66.25,Inactive
PROD-0003605,SUP-000874,Finished Goods Product 03605,Finished Goods,10.91,14.46,Active
PROD-0003606,SUP-000528,Raw Materials Product 03606,Raw Materials,37.02,81.01,Active
PROD-0003607,SUP-000693,Finished Goods Product 03607,Finished Goods,15.45,36.41,Active
PROD-0003608,SUP-000622,Packaging Product 03608,Packaging,30.02,57.76,Active
PROD-0003609,SUP-000248,Components Product 03609,Components,20.19,35.55,Active
PROD-0003610,SUP-000606,Components Product 03610,Components,25.2,60.57,Active
PROD-0003611,SUP-000245,Components Product 03611,Components,23.63,36.59,Active
PROD-0003612,SUP-000943,Packaging Product 03612,Packaging,3285.0,3285.0,Active
PROD-0003613,SUP-000094,Components Product 03613,Components,241.24,587.8,Active
PROD-0003614,SUP-000623,Industrial Parts Product 03614,Industrial Parts,22.95,56.93,Active
PROD-0003615,SUP-000370,Raw Materials Product 03615,Raw Materials,107.64,145.63,Active
PROD-0003616,SUP-000626,Components Product 03616,Components,13.12,26.24,Active
PROD-0003617,SUP-000959,Components Product 03617,Components,77.72,173.67,Active
PROD-0003618,SUP-000539,Components Product 03618,Components,45.42,109.5,Active
PROD-0003619,SUP-000085,Raw Materials Product 03619,Raw Materials,9.28,13.23,Active
PROD-0003620,SUP-000817,Finished Goods Product 03620,Finished Goods,18.21,34.95,Active
PROD-0003621,SUP-000603,Industrial Parts Product 03621,Industrial Parts,23.23,45.29,Active
PROD-0003622,SUP-000922,Packaging Product 03622,Packaging,42.01,103.59,Active
PROD-0003623,SUP-000246,Finished Goods Product 03623,Finished Goods,40.2,85.18,Active
PROD-0003624,SUP-000334,Industrial Parts Product 03624,Industrial Parts,22.46,52.12,Active
PROD-0003625,SUP-000837,Packaging Product 03625,Packaging,13.27,21.11,Active
PROD-0003626,SUP-000288,Components Product 03626,Components,6.93,12.79,Active
PROD-0003627,SUP-000845,Industrial Parts Product 03627,Industrial Parts,22.36,37.58,Active
PROD-0003628,SUP-000808,Raw Materials Product 03628,Raw Materials,29.16,54.79,Active
PROD-0003629,SUP-000959,Industrial Parts Product 03629,Industrial Parts,122.72,179.26,Active
PROD-0003630,SUP-000980,Components Product 03630,Components,35.98,51.06,Active
PROD-0003631,SUP-000731,Components Product 03631,Components,19.73,42.46,Active
PROD-0003632,SUP-000233,Industrial Parts Product 03632,Industrial Parts,103.56,167.88,Active
PROD-0003633,SUP-000140,Components Product 03633,Components,49.76,61.96,Active
PROD-0003635,SUP-000833,Finished Goods Product 03635,Finished Goods,7.99,17.18,Active
PROD-0003636,SUP-000722,Packaging Product 03636,Packaging,17.45,36.81,Active
PROD-0003637,SUP-000081,Industrial Parts Product 03637,Industrial Parts,33.9,45.24,Active
PROD-0003638,SUP-000182,Finished Goods Product 03638,Finished Goods,24.23,36.9,Active
PROD-0003639,SUP-000705,Components Product 03639,Components,50.7,115.71,Active
PROD-0003640,SUP-000640,Finished Goods Product 03640,Finished Goods,41.24,51.53,Active
PROD-0003641,SUP-000604,Raw Materials Product 03641,Raw Materials,5.11,8.1,Active
PROD-0003642,SUP-000771,Industrial Parts Product 03642,Industrial Parts,27.66,60.46,Active
PROD-0003643,SUP-000297,Finished Goods Product 03643,Finished Goods,43.49,96.18,Active
PROD-0003644,SUP-000306,Finished Goods Product 03644,Finished Goods,105.25,208.33,Active
PROD-0003645,SUP-000590,Components Product 03645,Components,9.48,21.79,Active
PROD-0003646,SUP-000827,Raw Materials Product 03646,Raw Materials,16.52,31.13,Active
PROD-0003647,SUP-000982,Components Product 03647,Components,42.86,66.92,Active
PROD-0003648,SUP-000065,Industrial Parts Product 03648,Industrial Parts,14.53,31.45,Active
PROD-0003649,SUP-000319,Industrial Parts Product 03649,Industrial Parts,50.71,101.78,Active
PROD-0003650,SUP-000648,Industrial Parts Product 03650,Industrial Parts,37.51,62.5,Active
PROD-0003651,SUP-000472,Finished Goods Product 03651,Finished Goods,57.88,107.62,Active
PROD-0003652,SUP-000710,Raw Materials Product 03652,Raw Materials,226.13,416.29,Active
PROD-0003653,SUP-000573,Finished Goods Product 03653,Finished Goods,25.56,56.67,Active
PROD-0003654,SUP-000650,Finished Goods Product 03654,Finished Goods,23.47,48.43,Active
PROD-0003655,SUP-000233,Finished Goods Product 03655,Finished Goods,75.2,110.43,Active
PROD-0003656,SUP-000014,Industrial Parts Product 03656,Industrial Parts,151.75,191.12,Active
PROD-0003657,SUP-000476,Industrial Parts Product 03657,Industrial Parts,62.37,146.11,Active
PROD-0003658,SUP-000540,Components Product 03658,Components,84.58,184.73,Active
PROD-0003659,SUP-000827,Components Product 03659,Components,29.48,65.05,Active
PROD-0003660,SUP-000632,Components Product 03660,Components,48.27,77.92,Active
PROD-0003661,SUP-000667,Raw Materials Product 03661,Raw Materials,26.58,45.19,Active
PROD-0003662,SUP-000602,Finished Goods Product 03662,Finished Goods,10.69,15.24,Active
PROD-0003663,SUP-000707,Components Product 03663,Components,32.1,62.29,Active
PROD-0003664,SUP-000539,Raw Materials Product 03664,Raw Materials,37.53,81.32,Active
PROD-0003665,SUP-000842,Raw Materials Product 03665,Raw Materials,27.96,66.84,Active
PROD-0003666,SUP-000676,Raw Materials Product 03666,Raw Materials,80.67,133.82,Active
PROD-0003667,SUP-000698,Raw Materials Product 03667,Raw Materials,57.41,140.95,Active
PROD-0003668,SUP-000939,Industrial Parts Product 03668,Industrial Parts,49.09,100.98,Active
PROD-0003669,SUP-000268,Finished Goods Product 03669,Finished Goods,19.91,27.95,Active
PROD-0003670,SUP-000787,Finished Goods Product 03670,Finished Goods,33.92,81.92,Active
PROD-0003671,SUP-000984,Finished Goods Product 03671,Finished Goods,22.48,33.03,Active
PROD-0003672,SUP-000075,Finished Goods Product 03672,Finished Goods,26.28,39.95,Active
PROD-0003673,SUP-000440,Packaging Product 03673,Packaging,27.35,66.1,Active
PROD-0003674,SUP-000285,Components Product 03674,Components,41.83,91.58,Active
PROD-0003675,SUP-000967,Finished Goods Product 03675,Finished Goods,35.55,49.62,Active
PROD-0003676,SUP-000105,Raw Materials Product 03676,Raw Materials,16.17,38.63,Active
PROD-0003677,SUP-000824,Packaging Product 03677,Packaging,34.34,65.42,Active
PROD-0003678,SUP-000223,Components Product 03678,Components,53.5,130.28,Active
PROD-0003679,SUP-000708,Components Product 03679,Components,56.5,127.42,Active
PROD-0003680,SUP-000235,Components Product 03680,Components,13.77,32.25,Active
PROD-0003681,SUP-000188,Components Product 03681,Components,32.71,48.22,Active
PROD-0003682,SUP-000664,Finished Goods Product 03682,Finished Goods,9.59,12.91,Active
PROD-0003683,SUP-000166,Packaging Product 03683,Packaging,20.66,49.37,Active
PROD-0003684,SUP-000987,Components Product 03684,Components,32.27,54.68,Active
PROD-0003685,SUP-000630,Packaging Product 03685,Packaging,56.61,95.32,Active
PROD-0003686,SUP-000286,Industrial Parts Product 03686,Industrial Parts,66.53,91.49,Active
PROD-0003687,SUP-000069,Packaging Product 03687,Packaging,17.66,30.84,Active
PROD-0003688,SUP-000500,Industrial Parts Product 03688,Industrial Parts,44.92,95.05,Active
PROD-0003689,SUP-000144,Raw Materials Product 03689,Raw Materials,24.44,55.81,Active
PROD-0003690,SUP-000709,Industrial Parts Product 03690,Industrial Parts,39.7,73.21,Active
PROD-0003691,SUP-000857,Packaging Product 03691,Packaging,22.96,28.11,Active
PROD-0003692,SUP-000264,Industrial Parts Product 03692,Industrial Parts,16.34,33.61,Active
PROD-0003693,SUP-000663,Components Product 03693,Components,81.68,129.64,Active
PROD-0003694,SUP-000027,Finished Goods Product 03694,Finished Goods,52.09,80.13,Active
PROD-0003695,SUP-000050,Industrial Parts Product 03695,Industrial Parts,61.93,88.65,Active
PROD-0003696,SUP-000213,Raw Materials Product 03696,Raw Materials,66.24,92.59,Active
PROD-0003697,SUP-000672,Finished Goods Product 03697,Finished Goods,24.23,50.55,Active
PROD-0003698,SUP-000022,Industrial Parts Product 03698,Industrial Parts,34.83,80.88,Active
PROD-0003699,SUP-000961,Packaging Product 03699,Packaging,20.03,41.84,Active
PROD-0003700,SUP-000749,Components Product 03700,Components,60.82,146.79,Active
PROD-0003701,SUP-000488,Raw Materials Product 03701,Raw Materials,121.44,289.4,Active
PROD-0003702,SUP-000245,Industrial Parts Product 03702,Industrial Parts,73.5,91.73,Active
PROD-0003704,SUP-000690,Finished Goods Product 03704,Finished Goods,14.86,25.74,Active
PROD-0003705,SUP-000585,Raw Materials Product 03705,Raw Materials,23.19,44.64,Active
PROD-0003706,SUP-000025,Industrial Parts Product 03706,Industrial Parts,43.0,60.46,Active
PROD-0003708,SUP-000874,Raw Materials Product 03708,Raw Materials,42.88,70.23,Active
PROD-0003709,SUP-000669,Components Product 03709,Components,33.8,79.47,Active
PROD-0003710,SUP-000008,Finished Goods Product 03710,Finished Goods,17.76,41.34,Active
PROD-0003711,SUP-000834,Industrial Parts Product 03711,Industrial Parts,33.57,81.87,Active
PROD-0003712,SUP-000491,Components Product 03712,Components,51.38,109.79,Active
PROD-0003713,SUP-000130,Finished Goods Product 03713,Finished Goods,57.96,139.84,Active
PROD-0003715,SUP-000537,Finished Goods Product 03715,Finished Goods,15.01,19.27,Inactive
PROD-0003716,SUP-000322,Industrial Parts Product 03716,Industrial Parts,95.41,186.98,Active
PROD-0003717,SUP-000454,Raw Materials Product 03717,Raw Materials,59.35,72.61,Active
PROD-0003718,SUP-000914,Raw Materials Product 03718,Raw Materials,21.91,26.98,Active
PROD-0003719,SUP-000070,Industrial Parts Product 03719,Industrial Parts,103.73,183.63,Active
PROD-0003720,SUP-000434,Raw Materials Product 03720,Raw Materials,90.74,138.1,Active
PROD-0003721,SUP-000247,Industrial Parts Product 03721,Industrial Parts,42.21,95.59,Active
PROD-0003722,SUP-000793,Raw Materials Product 03722,Raw Materials,24.01,56.02,Active
PROD-0003723,SUP-000661,Industrial Parts Product 03723,Industrial Parts,24.17,59.65,Active
PROD-0003724,SUP-000948,Finished Goods Product 03724,Finished Goods,32.76,79.13,Active
PROD-0003725,SUP-000233,Components Product 03725,Components,6.48,11.28,Active
PROD-0003726,SUP-000806,Industrial Parts Product 03726,Industrial Parts,47.79,62.45,Inactive
PROD-0003727,SUP-000351,Components Product 03727,Components,34.91,57.63,Active
PROD-0003728,SUP-000057,Raw Materials Product 03728,Raw Materials,25.97,44.9,Active
PROD-0003729,SUP-000118,Components Product 00011,Industrial Parts,20.46,33.38,Active
PROD-0003730,SUP-000158,Components Product 03730,Components,63.22,154.73,Active
PROD-0003731,SUP-000840,Industrial Parts Product 03731,Industrial Parts,15.28,24.24,Active
PROD-0003732,SUP-000819,Components Product 03732,Components,57.65,130.81,Active
PROD-0003733,SUP-000234,Industrial Parts Product 03733,Industrial Parts,27.96,69.87,Active
PROD-0003734,SUP-000989,Components Product 03734,Components,62.07,152.31,Active
PROD-0003735,SUP-000929,Industrial Parts Product 03735,Industrial Parts,16.6,24.66,Active
PROD-0003736,SUP-000182,Raw Materials Product 03736,Raw Materials,86.81,196.03,Active
PROD-0003737,SUP-000981,Raw Materials Product 03737,Raw Materials,28.9,67.07,Active
PROD-0003738,SUP-000438,Finished Goods Product 03738,Finished Goods,40.6,54.55,Active
PROD-0003739,SUP-000180,Finished Goods Product 03739,Finished Goods,11.95,23.3,Active
PROD-0003740,SUP-000884,Raw Materials Product 03740,Raw Materials,66.38,132.56,Active
PROD-0003741,SUP-000227,Components Product 03741,Components,29.26,69.14,Active
PROD-0003743,SUP-000480,Components Product 03743,Components,279.75,591.24,Active
PROD-0003744,SUP-000784,Packaging Product 03744,Packaging,136.02,176.49,Active
PROD-0003745,SUP-000219,Components Product 03745,Components,8.34,16.37,Active
PROD-0003746,SUP-000273,Finished Goods Product 03746,Finished Goods,28.32,47.84,Active
PROD-0003747,SUP-000610,Components Product 03747,Components,6.94,14.89,Active
PROD-0003748,SUP-000514,Raw Materials Product 03748,Raw Materials,17.62,38.18,Active
PROD-0003749,SUP-000287,Finished Goods Product 03749,Finished Goods,10.01,22.71,Active
PROD-0003750,SUP-000225,Industrial Parts Product 03750,Industrial Parts,32.33,48.41,Active
PROD-0003751,SUP-000418,Components Product 03751,Components,8.79,16.79,Active
PROD-0003752,SUP-000919,Finished Goods Product 03752,Finished Goods,80.55,123.48,Active
PROD-0003753,SUP-000757,Industrial Parts Product 03753,Industrial Parts,18.59,23.21,Active
PROD-0003754,SUP-000113,Components Product 03754,Components,71.88,123.04,Active
PROD-0003755,SUP-000691,Components Product 03755,Components,73.91,173.69,Inactive
PROD-0003756,SUP-000887,Industrial Parts Product 03756,Industrial Parts,240.04,517.19,Active
PROD-0003757,SUP-000539,Finished Goods Product 03757,Finished Goods,45.83,83.79,Active
PROD-0003758,SUP-000410,Industrial Parts Product 03758,Industrial Parts,38.16,92.63,Inactive
PROD-0003759,SUP-000904,Finished Goods Product 03759,Finished Goods,12.82,31.84,Active
PROD-0003760,SUP-000348,Packaging Product 03760,Packaging,36.0,48.55,Active
PROD-0003761,SUP-000398,Industrial Parts Product 03761,Industrial Parts,20.66,47.51,Active
PROD-0003762,SUP-000911,Raw Materials Product 03762,Raw Materials,41.02,73.43,Active
PROD-0003763,SUP-000186,Raw Materials Product 03763,Raw Materials,33.13,80.85,Active
PROD-0003764,SUP-000007,Industrial Parts Product 03764,Industrial Parts,29.4,59.91,Active
PROD-0003765,SUP-000565,Finished Goods Product 03765,Finished Goods,9.87,13.12,Inactive
PROD-0003766,SUP-000779,Finished Goods Product 03766,Finished Goods,85.77,163.31,Active
PROD-0003767,SUP-000357,Packaging Product 03767,Packaging,65.88,129.45,Active
PROD-0003768,SUP-000795,Finished Goods Product 03768,Components,45.4,99.38,Active
PROD-0003769,SUP-000848,Industrial Parts Product 03769,Industrial Parts,33.46,76.85,Active
PROD-0003770,SUP-000222,Industrial Parts Product 03770,Industrial Parts,63.37,141.75,Active
PROD-0003771,SUP-000668,Raw Materials Product 03771,Raw Materials,32.22,41.75,Active
PROD-0003772,SUP-000202,Packaging Product 03772,Packaging,131.07,293.8,Active
PROD-0003773,SUP-000644,Components Product 00011,Industrial Parts,36.12,68.18,Active
PROD-0003774,SUP-000318,Raw Materials Product 03774,Raw Materials,65.86,105.98,Active
PROD-0003775,SUP-000366,Components Product 03775,Components,32.38,62.19,Active
PROD-0003776,SUP-000357,Finished Goods Product 03776,Finished Goods,27.76,43.91,Active
PROD-0003777,SUP-000581,Finished Goods Product 03777,Finished Goods,35.1,85.21,Active
PROD-0003778,SUP-000289,Raw Materials Product 03778,Raw Materials,36.79,77.42,Active
PROD-0003779,SUP-000123,Finished Goods Product 03779,Finished Goods,9.75,16.88,Active
PROD-0003780,SUP-000188,Components Product 03780,Components,80.33,124.04,Active
PROD-0003781,SUP-000607,Components Product 03781,Components,17.46,34.0,Active
PROD-0003782,SUP-000198,Industrial Parts Product 03782,Industrial Parts,17.07,27.81,Active
PROD-0003783,SUP-000514,Raw Materials Product 03783,Raw Materials,22.97,34.18,Active
PROD-0003784,SUP-000466,Industrial Parts Product 03784,Industrial Parts,37.57,53.1,Active
PROD-0003785,SUP-000031,Components Product 03785,Components,30.26,38.96,Active
PROD-0003786,SUP-000611,Industrial Parts Product 03786,Industrial Parts,43.81,88.08,Active
PROD-0003787,SUP-000185,Finished Goods Product 03787,Finished Goods,23.26,28.63,Active
PROD-0003788,SUP-000776,Packaging Product 03788,Packaging,115.74,264.13,Active
PROD-0003789,SUP-000851,Raw Materials Product 03789,Raw Materials,3285.0,3285.0,Active
PROD-0003790,SUP-000690,Components Product 03790,Components,48.11,105.41,Active
PROD-0003791,SUP-000495,Components Product 03791,Components,6.98,14.58,Inactive
PROD-0003792,SUP-000634,Industrial Parts Product 03792,Industrial Parts,9.85,19.56,Active
PROD-0003793,SUP-000094,Raw Materials Product 03793,Raw Materials,15.89,23.4,Active
PROD-0003794,SUP-000265,Raw Materials Product 03794,Raw Materials,19.68,26.35,Active
PROD-0003795,SUP-000457,Finished Goods Product 03795,Finished Goods,29.55,36.1,Active
PROD-0003796,SUP-000140,Components Product 03796,Components,76.12,189.82,Active
PROD-0003797,SUP-000192,Finished Goods Product 03797,Finished Goods,6.63,16.29,Active
PROD-0003798,SUP-000189,Components Product 03798,Components,50.07,83.48,Active
PROD-0003799,SUP-000383,Components Product 03799,Components,19.3,28.19,Active
PROD-0003800,SUP-000842,Packaging Product 03800,Packaging,21.0,34.38,Active
PROD-0003801,SUP-000624,Components Product 03801,Components,178.96,425.29,Active
PROD-0003802,SUP-000538,Finished Goods Product 03802,Finished Goods,34.56,74.01,Active
PROD-0003803,SUP-000624,Finished Goods Product 03803,Finished Goods,22.78,52.32,Active
PROD-0003804,SUP-000553,Packaging Product 03804,Packaging,13.8,18.7,Active
PROD-0003805,SUP-000538,Raw Materials Product 03805,Raw Materials,54.11,102.83,Active
PROD-0003806,SUP-000963,Raw Materials Product 03806,Raw Materials,14.27,20.13,Active
PROD-0003807,SUP-000878,Raw Materials Product 03807,Raw Materials,10.01,23.3,Active
PROD-0003808,SUP-000012,Finished Goods Product 03808,Finished Goods,11.91,21.49,Active
PROD-0003809,SUP-000334,Components Product 03809,Components,19.56,24.72,Active
PROD-0003810,SUP-000843,Components Product 03810,Components,91.5,126.09,Active
PROD-0003811,SUP-000984,Industrial Parts Product 03811,Industrial Parts,58.67,106.92,Active
PROD-0003812,SUP-000979,Raw Materials Product 03812,Raw Materials,16.93,27.14,Active
PROD-0003813,SUP-000447,Packaging Product 03813,Packaging,53.18,112.47,Inactive
PROD-0003814,SUP-000194,Industrial Parts Product 03814,Industrial Parts,11.31,27.86,Active
PROD-0003815,SUP-000646,Finished Goods Product 03815,Finished Goods,7.8,17.11,Active
PROD-0003816,SUP-000438,Raw Materials Product 03816,Raw Materials,113.86,224.97,Active
PROD-0003817,SUP-000627,Industrial Parts Product 03817,Industrial Parts,139.94,275.65,Active
PROD-0003818,SUP-000656,Packaging Product 03818,Packaging,18.18,36.85,Active
PROD-0003819,SUP-000311,Industrial Parts Product 03819,Industrial Parts,12.37,15.71,Active
PROD-0003820,SUP-000952,Industrial Parts Product 03820,Industrial Parts,43.65,58.63,Active
PROD-0003821,SUP-000280,Components Product 03821,Components,43.35,90.41,Active
PROD-0003822,SUP-000738,Components Product 03822,Components,23.81,41.81,Active
PROD-0003823,SUP-000321,Components Product 03823,Components,17.08,36.95,Active
PROD-0003824,SUP-000426,Finished Goods Product 03824,Finished Goods,72.26,128.07,Active
PROD-0003825,SUP-000456,Raw Materials Product 03825,Raw Materials,43.86,95.12,Active
PROD-0003826,SUP-000568,Components Product 03826,Components,23.91,50.43,Active
PROD-0003827,SUP-000639,Finished Goods Product 03827,Finished Goods,15.29,25.03,Active
PROD-0003828,SUP-000374,Industrial Parts Product 03828,Industrial Parts,37.62,82.41,Active
PROD-0003829,SUP-000953,Industrial Parts Product 03829,Industrial Parts,13.38,30.01,Active
PROD-0003830,SUP-000527,Industrial Parts Product 03830,Industrial Parts,59.32,143.73,Active
PROD-0003831,SUP-000835,Packaging Product 03831,Packaging,80.88,106.97,Active
PROD-0003832,SUP-000478,Raw Materials Product 03832,Raw Materials,121.69,173.36,Active
PROD-0003833,SUP-000128,Raw Materials Product 03833,Raw Materials,16.71,39.42,Active
PROD-0003834,SUP-000022,Finished Goods Product 03834,Finished Goods,19.22,40.88,Active
PROD-0003835,SUP-000929,Industrial Parts Product 03835,Industrial Parts,40.09,99.2,Active
PROD-0003836,SUP-000525,Finished Goods Product 03836,Finished Goods,97.74,119.53,Active
PROD-0003837,SUP-000568,Components Product 03837,Components,30.04,47.63,Active
PROD-0003838,SUP-000008,Components Product 03838,Components,25.33,33.06,Active
PROD-0003839,SUP-000700,Finished Goods Product 03839,Finished Goods,5.83,14.54,Active
PROD-0003840,SUP-000607,Finished Goods Product 03840,Finished Goods,56.85,133.83,Active
PROD-0003841,SUP-000177,Components Product 03841,Components,11.86,15.2,Active
PROD-0003842,SUP-000346,Industrial Parts Product 03842,Industrial Parts,33.76,64.8,Active
PROD-0003843,SUP-000524,Raw Materials Product 03843,Raw Materials,20.58,26.32,Active
PROD-0003844,SUP-000969,Components Product 03844,Components,82.9,170.04,Active
PROD-0003845,SUP-000118,Raw Materials Product 03845,Raw Materials,23.94,34.84,Active
PROD-0003846,SUP-000894,Raw Materials Product 03846,Raw Materials,34.92,50.48,Inactive
PROD-0003847,SUP-000101,Industrial Parts Product 03847,Industrial Parts,32.56,65.83,Active
PROD-0003848,SUP-000539,Finished Goods Product 03848,Finished Goods,21.55,60.46,Active
PROD-0003849,SUP-000878,Components Product 03849,Components,118.96,178.35,Active
PROD-0003850,SUP-000810,Raw Materials Product 03850,Raw Materials,1399.53,2254.54,Active
PROD-0003851,SUP-000264,Industrial Parts Product 03851,Industrial Parts,15.04,25.7,Active
PROD-0003852,SUP-000581,Components Product 03852,Components,25.67,38.37,Active
PROD-0003853,SUP-000481,Industrial Parts Product 03853,Industrial Parts,18.75,24.44,Active
PROD-0003854,SUP-000574,Industrial Parts Product 03854,Industrial Parts,41.66,52.16,Active
PROD-0003855,SUP-000920,Components Product 03855,Components,39.59,94.8,Active
PROD-0003857,SUP-000036,Industrial Parts Product 03857,Industrial Parts,11.2,21.45,Active
PROD-0003858,SUP-000165,Finished Goods Product 03858,Finished Goods,70.75,130.89,Active
PROD-0003859,SUP-000803,Components Product 03859,Components,6.92,15.7,Active
PROD-0003860,SUP-000529,Finished Goods Product 03860,Finished Goods,54.78,133.74,Active
PROD-0003861,SUP-000973,Industrial Parts Product 03861,Industrial Parts,18.47,25.72,Active
PROD-0003862,SUP-000275,Finished Goods Product 03862,Finished Goods,11.26,18.22,Active
PROD-0003863,SUP-000997,Industrial Parts Product 03863,Industrial Parts,41.17,101.72,Active
PROD-0003864,SUP-000798,Industrial Parts Product 03864,Industrial Parts,19.97,33.9,Active
PROD-0003865,SUP-000124,Industrial Parts Product 03865,Industrial Parts,106.42,200.88,Active
PROD-0003866,SUP-000909,Components Product 03866,Components,53.64,74.04,Active
PROD-0003867,SUP-000553,Industrial Parts Product 03867,Industrial Parts,25.2,44.82,Active
PROD-0003868,SUP-000649,Industrial Parts Product 03868,Industrial Parts,22.86,49.68,Active
PROD-0003869,SUP-000843,Components Product 03869,Components,30.58,47.84,Active
PROD-0003870,SUP-000391,Raw Materials Product 03870,Raw Materials,159.84,218.84,Active
PROD-0003871,SUP-000124,Finished Goods Product 03871,Finished Goods,8.22,10.0,Active
PROD-0003872,SUP-000584,Components Product 03872,Components,11.64,19.99,Active
PROD-0003873,SUP-000511,Packaging Product 03873,Packaging,105.98,181.56,Active
PROD-0003874,SUP-000628,Raw Materials Product 03874,Raw Materials,13.02,22.7,Active
PROD-0003875,SUP-000883,Raw Materials Product 03875,Raw Materials,41.88,53.23,Active
PROD-0003876,SUP-000202,Raw Materials Product 03876,Raw Materials,60.54,103.17,Active
PROD-0003877,SUP-000263,Components Product 03877,Components,24.75,51.95,Inactive
PROD-0003878,SUP-000796,Components Product 03878,Components,60.82,90.22,Active
PROD-0003879,SUP-000042,Components Product 03879,Components,6.62,13.57,Active
PROD-0003880,SUP-000435,Packaging Product 03880,Packaging,45.17,91.89,Active
PROD-0003881,SUP-000708,Packaging Product 03881,Packaging,142.1,233.52,Active
PROD-0003882,SUP-000006,Components Product 03882,Components,33.14,72.79,Active
PROD-0003883,SUP-000739,Raw Materials Product 03883,Raw Materials,59.91,72.28,Active
PROD-0003884,SUP-000701,Raw Materials Product 03884,Raw Materials,247.65,602.93,Active
PROD-0003885,SUP-000526,Finished Goods Product 03885,Finished Goods,29.51,43.36,Active
PROD-0003886,SUP-000874,Components Product 03886,Components,11.84,60.46,Active
PROD-0003887,SUP-000331,Packaging Product 03887,Packaging,5.4,10.4,Active
PROD-0003888,SUP-000106,Raw Materials Product 03888,Raw Materials,36.84,55.79,Active
PROD-0003889,SUP-000501,Raw Materials Product 03889,Raw Materials,12.74,28.38,Active
PROD-0003890,SUP-000225,Components Product 03890,Components,64.78,143.73,Active
PROD-0003891,SUP-000780,Finished Goods Product 03891,Finished Goods,78.57,109.8,Active
PROD-0003892,SUP-000084,Components Product 03892,Components,23.21,57.02,Active
PROD-0003893,SUP-000787,Industrial Parts Product 03893,Industrial Parts,9.06,13.31,Active
PROD-0003894,SUP-000703,Packaging Product 03894,Packaging,64.4,132.91,Active
PROD-0003895,SUP-000446,Finished Goods Product 03895,Finished Goods,25.08,62.5,Active
PROD-0003896,SUP-000413,Finished Goods Product 03896,Finished Goods,63.11,105.76,Active
PROD-0003897,SUP-000303,Industrial Parts Product 03897,Industrial Parts,34.54,45.32,Active
PROD-0003898,SUP-000608,Packaging Product 03898,Packaging,44.12,73.15,Active
PROD-0003899,SUP-000184,Raw Materials Product 03899,Raw Materials,33.14,111.86,Active
PROD-0003900,SUP-000359,Components Product 03900,Components,28.89,50.39,Active
PROD-0003901,SUP-000519,Raw Materials Product 03901,Raw Materials,55.25,111.45,Active
PROD-0003902,SUP-000481,Packaging Product 03902,Packaging,3285.0,3285.0,Active
PROD-0003903,SUP-000441,Industrial Parts Product 03903,Industrial Parts,11.69,15.86,Active
PROD-0003904,SUP-000046,Raw Materials Product 03904,Raw Materials,12.93,25.61,Active
PROD-0003905,SUP-000228,Finished Goods Product 03905,Finished Goods,29.27,60.46,Active
PROD-0003906,SUP-000433,Finished Goods Product 03906,Finished Goods,13.71,31.72,Active
PROD-0003907,SUP-000600,Finished Goods Product 03907,Finished Goods,8.47,17.28,Active
PROD-0003908,SUP-000064,Industrial Parts Product 03908,Industrial Parts,72.33,110.96,Active
PROD-0003909,SUP-000844,Components Product 03909,Components,50.27,80.41,Active
PROD-0003910,SUP-000333,Finished Goods Product 03910,Finished Goods,18.04,35.13,Active
PROD-0003911,SUP-000782,Components Product 03911,Components,102.92,130.43,Active
PROD-0003912,SUP-000837,Raw Materials Product 03912,Raw Materials,219.64,480.09,Active
PROD-0003913,SUP-000547,Components Product 03913,Components,56.34,80.76,Active
PROD-0003914,SUP-000597,Components Product 03914,Components,101.42,246.06,Active
PROD-0003915,SUP-000346,Finished Goods Product 03915,Finished Goods,35.87,69.61,Active
PROD-0003916,SUP-000294,Packaging Product 03916,Packaging,39.12,64.55,Active
PROD-0003917,SUP-000352,Industrial Parts Product 03917,Industrial Parts,14.62,22.78,Active
PROD-0003918,SUP-000514,Components Product 03918,Components,30.54,46.39,Active
PROD-0003919,SUP-000424,Raw Materials Product 03919,Raw Materials,55.22,105.53,Active
PROD-0003920,SUP-000529,Industrial Parts Product 03920,Industrial Parts,32.89,46.85,Active
PROD-0003921,SUP-000734,Raw Materials Product 03921,Raw Materials,45.14,62.62,Active
PROD-0003922,SUP-000711,Raw Materials Product 03922,Raw Materials,96.15,213.63,Active
PROD-0003923,SUP-000405,Raw Materials Product 03923,Raw Materials,65.14,86.68,Active
PROD-0003924,SUP-000106,Components Product 03924,Components,79.57,188.86,Active
PROD-0003925,SUP-000455,Raw Materials Product 03925,Raw Materials,48.46,67.59,Active
PROD-0003926,SUP-000941,Finished Goods Product 03926,Finished Goods,19.24,23.87,Active
PROD-0003927,SUP-000613,Finished Goods Product 03927,Finished Goods,9.73,15.08,Active
PROD-0003928,SUP-000987,Industrial Parts Product 03928,Industrial Parts,18.5,36.29,Active
PROD-0003929,SUP-000592,Industrial Parts Product 03929,Industrial Parts,3285.0,3285.0,Active
PROD-0003930,SUP-000324,Packaging Product 03930,Packaging,23.22,28.81,Inactive
PROD-0003932,SUP-000731,Raw Materials Product 03932,Raw Materials,209.73,336.7,Active
PROD-0003933,SUP-000926,Components Product 00011,Industrial Parts,79.77,99.7,Active
PROD-0003934,SUP-000531,Packaging Product 03934,Packaging,34.32,84.9,Active
PROD-0003935,SUP-000272,Raw Materials Product 03935,Raw Materials,17.29,31.06,Active
PROD-0003937,SUP-000429,Industrial Parts Product 03937,Industrial Parts,95.69,163.81,Active
PROD-0003938,SUP-000969,Components Product 03938,Components,175.07,240.67,Active
PROD-0003939,SUP-000942,Industrial Parts Product 03939,Industrial Parts,14.89,34.45,Active
PROD-0003940,SUP-000513,Finished Goods Product 03940,Finished Goods,111.12,168.7,Active
PROD-0003941,SUP-000772,Raw Materials Product 03941,Raw Materials,3285.0,3285.0,Active
PROD-0003942,SUP-000088,Finished Goods Product 03942,Finished Goods,27.28,37.51,Active
PROD-0003943,SUP-000124,Components Product 03943,Components,30.01,41.86,Active
PROD-0003944,SUP-000854,Components Product 03944,Components,63.03,155.24,Active
PROD-0003945,SUP-000164,Finished Goods Product 03945,Finished Goods,29.15,49.46,Active
PROD-0003946,SUP-000911,Packaging Product 03946,Packaging,68.72,167.36,Active
PROD-0003947,SUP-000312,Industrial Parts Product 03947,Industrial Parts,49.83,68.31,Active
PROD-0003948,SUP-000695,Industrial Parts Product 03948,Industrial Parts,45.51,81.48,Active
PROD-0003949,SUP-000209,Raw Materials Product 03949,Raw Materials,40.87,61.46,Active
PROD-0003950,SUP-000001,Packaging Product 03950,Packaging,32.37,53.85,Active
PROD-0003951,SUP-000295,Raw Materials Product 03951,Raw Materials,22.19,42.46,Active
PROD-0003952,SUP-000492,Raw Materials Product 03952,Raw Materials,131.39,294.4,Active
PROD-0003953,SUP-000347,Raw Materials Product 03953,Raw Materials,23.76,38.29,Active
PROD-0003954,SUP-000871,Components Product 03954,Components,72.17,145.02,Active
PROD-0003955,SUP-000035,Raw Materials Product 03955,Raw Materials,125.48,192.13,Active
PROD-0003956,SUP-000633,Industrial Parts Product 03956,Industrial Parts,39.6,60.46,Active
PROD-0003957,SUP-000289,Industrial Parts Product 03957,Industrial Parts,45.02,80.09,Active
PROD-0003958,SUP-000123,Industrial Parts Product 03958,Industrial Parts,13.69,16.61,Active
PROD-0003959,SUP-000061,Components Product 03959,Components,11.11,14.58,Active
PROD-0003960,SUP-000875,Finished Goods Product 03960,Finished Goods,9.54,16.01,Active
PROD-0003961,SUP-000280,Components Product 00011,Finished Goods,39.31,88.98,Active
PROD-0003962,SUP-000592,Components Product 03962,Components,17.12,37.95,Active
PROD-0003963,SUP-000407,Packaging Product 03963,Packaging,20.88,46.99,Active
PROD-0003964,SUP-000095,Finished Goods Product 03964,Finished Goods,40.57,96.3,Active
PROD-0003965,SUP-000144,Industrial Parts Product 03965,Industrial Parts,46.48,69.34,Active
PROD-0003966,SUP-000386,Raw Materials Product 03966,Raw Materials,22.15,29.46,Active
PROD-0003967,SUP-000431,Finished Goods Product 03967,Finished Goods,46.03,90.52,Active
PROD-0003968,SUP-000213,Finished Goods Product 03968,Finished Goods,13.99,29.94,Active
PROD-0003969,SUP-000287,Industrial Parts Product 03969,Industrial Parts,10.9,23.32,Active
PROD-0003970,SUP-000404,Components Product 03970,Components,27.2,62.44,Active
PROD-0003971,SUP-000403,Packaging Product 03971,Packaging,122.52,223.06,Active
PROD-0003972,SUP-000967,Raw Materials Product 03972,Raw Materials,16.21,38.16,Active
PROD-0003973,SUP-000955,Finished Goods Product 03973,Finished Goods,79.61,157.2,Active
PROD-0003974,SUP-000354,Finished Goods Product 03974,Finished Goods,26.25,62.27,Active
PROD-0003975,SUP-000311,Raw Materials Product 03975,Components,58.36,127.87,Active
PROD-0003976,SUP-000388,Finished Goods Product 03976,Finished Goods,134.88,301.95,Active
PROD-0003977,SUP-000968,Components Product 03977,Components,10.53,17.82,Active
PROD-0003978,SUP-000988,Raw Materials Product 03978,Raw Materials,23.96,52.17,Active
PROD-0003979,SUP-000270,Components Product 03979,Components,44.81,84.57,Active
PROD-0003980,SUP-000938,Packaging Product 03980,Packaging,73.28,101.55,Active
PROD-0003981,SUP-000600,Finished Goods Product 03981,Finished Goods,33.46,68.03,Active
PROD-0003982,SUP-000711,Raw Materials Product 03982,Raw Materials,56.35,134.72,Active
PROD-0003983,SUP-000274,Components Product 03983,Components,37.18,68.73,Active
PROD-0003984,SUP-000823,Packaging Product 03984,Packaging,64.74,143.54,Active
PROD-0003985,SUP-000121,Raw Materials Product 03985,Raw Materials,40.87,58.72,Inactive
PROD-0003986,SUP-000745,Finished Goods Product 03986,Finished Goods,10.21,24.53,Active
PROD-0003987,SUP-000281,Finished Goods Product 03987,Finished Goods,57.56,107.93,Active
PROD-0003988,SUP-000260,Components Product 03988,Components,111.05,230.1,Active
PROD-0003989,SUP-000781,Industrial Parts Product 03989,Industrial Parts,35.22,59.54,Active
PROD-0003990,SUP-000785,Components Product 00011,Components,54.06,117.78,Active
PROD-0003991,SUP-000852,Raw Materials Product 03991,Raw Materials,186.87,356.44,Active
PROD-0003992,SUP-000446,Finished Goods Product 03992,Finished Goods,30.18,53.82,Active
PROD-0003993,SUP-000709,Industrial Parts Product 03993,Industrial Parts,41.5,54.22,Active
PROD-0003994,SUP-000489,Finished Goods Product 03994,Finished Goods,50.65,114.05,Active
PROD-0003995,SUP-000267,Industrial Parts Product 03995,Industrial Parts,9.75,12.29,Active
PROD-0003996,SUP-000695,Components Product 03996,Components,21.75,44.39,Active
PROD-0003998,SUP-000711,Raw Materials Product 03998,Raw Materials,9.37,17.42,Active
PROD-0003999,SUP-000813,Industrial Parts Product 03999,Industrial Parts,31.25,42.6,Active
PROD-0004000,SUP-000893,Components Product 04000,Components,82.22,115.35,Active
PROD-0004001,SUP-000886,Industrial Parts Product 04001,Industrial Parts,23.52,45.69,Active
PROD-0004002,SUP-000700,Industrial Parts Product 04002,Industrial Parts,11.65,17.57,Active
PROD-0004003,SUP-000970,Finished Goods Product 04003,Finished Goods,20.49,30.52,Active
PROD-0004004,SUP-000614,Finished Goods Product 04004,Finished Goods,34.82,86.13,Active
PROD-0004005,SUP-000296,Finished Goods Product 04005,Finished Goods,33.14,181.37,Active
PROD-0004006,SUP-000745,Industrial Parts Product 04006,Industrial Parts,34.31,76.02,Active
PROD-0004007,SUP-000913,Components Product 04007,Components,11.06,21.51,Active
PROD-0004008,SUP-000790,Industrial Parts Product 04008,Industrial Parts,18.41,37.59,Inactive
PROD-0004009,SUP-000536,Raw Materials Product 04009,Raw Materials,33.14,33.14,Active
PROD-0004010,SUP-000417,Raw Materials Product 04010,Raw Materials,67.94,160.59,Active
PROD-0004011,SUP-000717,Industrial Parts Product 04011,Industrial Parts,27.2,67.62,Active
PROD-0004012,SUP-000485,Raw Materials Product 04012,Raw Materials,17.41,40.35,Active
PROD-0004013,SUP-000201,Industrial Parts Product 04013,Industrial Parts,35.97,65.04,Active
PROD-0004014,SUP-000534,Components Product 04014,Components,51.1,87.11,Active
PROD-0004015,SUP-000409,Finished Goods Product 04015,Finished Goods,19.41,30.43,Active
PROD-0004016,SUP-000799,Finished Goods Product 04016,Finished Goods,58.94,106.07,Active
PROD-0004017,SUP-000302,Industrial Parts Product 04017,Industrial Parts,99.8,162.26,Active
PROD-0004018,SUP-000763,Components Product 04018,Components,20.55,42.73,Active
PROD-0004019,SUP-000472,Packaging Product 04019,Packaging,68.46,170.2,Active
PROD-0004020,SUP-000474,Finished Goods Product 04020,Finished Goods,30.85,44.25,Active
PROD-0004021,SUP-000492,Finished Goods Product 04021,Finished Goods,28.15,51.5,Active
PROD-0004022,SUP-000771,Finished Goods Product 04022,Finished Goods,35.25,78.72,Active
PROD-0004023,SUP-000183,Components Product 04023,Components,67.11,124.58,Active
PROD-0004024,SUP-000776,Raw Materials Product 04024,Raw Materials,15.66,30.25,Active
PROD-0004025,SUP-000459,Raw Materials Product 04025,Raw Materials,23.25,54.72,Active
PROD-0004026,SUP-000703,Finished Goods Product 04026,Finished Goods,43.08,94.46,Active
PROD-0004027,SUP-000573,Industrial Parts Product 04027,Industrial Parts,44.45,56.79,Active
PROD-0004028,SUP-000190,Components Product 04028,Components,148.8,186.22,Active
PROD-0004029,SUP-000200,Components Product 04029,Components,76.14,110.03,Active
PROD-0004030,SUP-000313,Components Product 04030,Components,58.01,104.4,Active
PROD-0004031,SUP-000940,Finished Goods Product 04031,Finished Goods,286.08,449.96,Active
PROD-0004032,SUP-000652,Packaging Product 04032,Packaging,7.23,10.64,Active
PROD-0004033,SUP-000783,Finished Goods Product 04033,Finished Goods,36.95,83.18,Inactive
PROD-0004034,SUP-000315,Industrial Parts Product 04034,Industrial Parts,25.58,48.31,Inactive
PROD-0004035,SUP-000006,Components Product 00011,Raw Materials,7.82,19.22,Active
PROD-0004036,SUP-000640,Raw Materials Product 04036,Raw Materials,57.93,130.09,Active
PROD-0004037,SUP-000633,Raw Materials Product 04037,Raw Materials,14.64,36.49,Active
PROD-0004038,SUP-000741,Finished Goods Product 04038,Finished Goods,11.82,20.17,Active
PROD-0004039,SUP-000418,Components Product 04039,Components,54.64,70.76,Active
PROD-0004040,SUP-000833,Raw Materials Product 04040,Raw Materials,19.88,44.3,Active
PROD-0004041,SUP-000512,Industrial Parts Product 04041,Industrial Parts,84.7,148.35,Active
PROD-0004042,SUP-000530,Finished Goods Product 04042,Finished Goods,24.4,36.6,Active
PROD-0004043,SUP-000445,Packaging Product 04043,Packaging,42.74,78.11,Active
PROD-0004044,SUP-000480,Packaging Product 04044,Packaging,126.94,302.6,Active
PROD-0004045,SUP-000440,Components Product 04045,Components,111.26,181.43,Active
PROD-0004046,SUP-000396,Industrial Parts Product 04046,Industrial Parts,28.15,56.09,Active
PROD-0004047,SUP-000511,Packaging Product 04047,Packaging,18.79,31.3,Active
PROD-0004049,SUP-000248,Industrial Parts Product 04049,Industrial Parts,39.96,84.88,Active
PROD-0004050,SUP-000729,Components Product 04050,Components,22.41,41.05,Active
PROD-0004051,SUP-000663,Components Product 04051,Components,100.32,200.76,Active
PROD-0004052,SUP-000126,Industrial Parts Product 04052,Industrial Parts,14.45,17.46,Active
PROD-0004053,SUP-000724,Components Product 04053,Components,29.06,41.51,Active
PROD-0004054,SUP-000992,Components Product 04054,Components,28.53,60.5,Active
PROD-0004055,SUP-000499,Packaging Product 04055,Packaging,17.73,21.9,Active
PROD-0004056,SUP-000525,Raw Materials Product 04056,Raw Materials,18.99,29.14,Active
PROD-0004057,SUP-000679,Industrial Parts Product 04057,Industrial Parts,18.31,27.0,Active
PROD-0004058,SUP-000806,Components Product 04058,Components,52.66,112.5,Active
PROD-0004059,SUP-000580,Raw Materials Product 04059,Raw Materials,45.52,58.65,Active
PROD-0004060,SUP-000204,Raw Materials Product 04060,Raw Materials,14.36,28.75,Active
PROD-0004061,SUP-000989,Components Product 00011,Raw Materials,7.0,13.44,Active
PROD-0004062,SUP-000603,Components Product 04062,Components,38.41,63.48,Active
PROD-0004063,SUP-000550,Components Product 04063,Components,57.79,89.53,Active
PROD-0004064,SUP-000288,Raw Materials Product 04064,Raw Materials,46.37,61.38,Active
PROD-0004065,SUP-000788,Components Product 04065,Components,11.68,26.02,Active
PROD-0004066,SUP-000978,Industrial Parts Product 04066,Industrial Parts,109.95,227.26,Active
PROD-0004067,SUP-000853,Components Product 04067,Components,29.18,52.87,Active
PROD-0004068,SUP-000910,Components Product 04068,Components,39.21,52.14,Active
PROD-0004069,SUP-000596,Finished Goods Product 04069,Finished Goods,25.84,44.37,Inactive
PROD-0004070,SUP-000475,Finished Goods Product 04070,Finished Goods,35.66,44.8,Active
PROD-0004071,SUP-000602,Industrial Parts Product 04071,Industrial Parts,17.58,33.15,Active
PROD-0004072,SUP-000058,Raw Materials Product 04072,Raw Materials,13.02,16.03,Active
PROD-0004073,SUP-000339,Raw Materials Product 04073,Raw Materials,137.95,277.12,Active
PROD-0004074,SUP-000665,Packaging Product 04074,Packaging,17.06,33.02,Active
PROD-0004075,SUP-000441,Components Product 04075,Components,92.47,205.52,Active
PROD-0004076,SUP-000827,Raw Materials Product 04076,Raw Materials,24.07,52.25,Active
PROD-0004077,SUP-000608,Finished Goods Product 04077,Finished Goods,251.35,595.97,Active
PROD-0004078,SUP-000260,Finished Goods Product 04078,Finished Goods,79.58,191.18,Active
PROD-0004079,SUP-000293,Industrial Parts Product 04079,Industrial Parts,37.54,91.43,Active
PROD-0004080,SUP-000418,Components Product 04080,Components,20.87,45.56,Inactive
PROD-0004081,SUP-000441,Finished Goods Product 04081,Finished Goods,23.5,42.77,Active
PROD-0004082,SUP-000350,Components Product 04082,Components,80.3,173.26,Active
PROD-0004083,SUP-000495,Raw Materials Product 04083,Raw Materials,17.65,25.15,Active
PROD-0004084,SUP-000481,Industrial Parts Product 04084,Industrial Parts,171.19,282.08,Active
PROD-0004085,SUP-000733,Finished Goods Product 04085,Finished Goods,23.11,43.84,Active
PROD-0004086,SUP-000022,Packaging Product 04086,Components,160.23,275.39,Active
PROD-0004087,SUP-000536,Raw Materials Product 04087,Raw Materials,31.41,40.38,Active
PROD-0004088,SUP-000991,Finished Goods Product 04088,Finished Goods,38.7,68.31,Active
PROD-0004089,SUP-000349,Finished Goods Product 04089,Finished Goods,64.74,112.39,Active
PROD-0004090,SUP-000661,Industrial Parts Product 04090,Industrial Parts,43.74,85.02,Active
PROD-0004091,SUP-000763,Packaging Product 04091,Packaging,3285.0,3285.0,Active
PROD-0004092,SUP-000846,Packaging Product 04092,Packaging,17.6,43.13,Active
PROD-0004093,SUP-000955,Finished Goods Product 04093,Finished Goods,23.5,37.39,Active
PROD-0004094,SUP-000554,Raw Materials Product 04094,Raw Materials,12.16,15.2,Active
PROD-0004095,SUP-000963,Components Product 04095,Components,21.21,42.37,Inactive
PROD-0004096,SUP-000575,Components Product 04096,Components,39.1,47.18,Inactive
PROD-0004097,SUP-000277,Raw Materials Product 04097,Raw Materials,10.18,22.49,Active
PROD-0004098,SUP-000125,Industrial Parts Product 04098,Industrial Parts,14.59,32.2,Active
PROD-0004099,SUP-000391,Components Product 04099,Components,29.95,45.37,Active
PROD-0004100,SUP-000588,Packaging Product 04100,Packaging,11.69,19.84,Active
PROD-0004101,SUP-000357,Industrial Parts Product 04101,Industrial Parts,6.11,11.52,Active
PROD-0004102,SUP-000668,Components Product 04102,Components,12.56,22.99,Active
PROD-0004103,SUP-000399,Components Product 04103,Components,14.65,27.1,Active
PROD-0004104,SUP-000299,Components Product 00011,Components,168.9,285.53,Active
PROD-0004105,SUP-000612,Finished Goods Product 04105,Finished Goods,49.09,66.38,Active
PROD-0004106,SUP-000267,Packaging Product 04106,Packaging,31.42,43.16,Active
PROD-0004107,SUP-000695,Finished Goods Product 04107,Finished Goods,27.19,48.15,Active
PROD-0004108,SUP-000228,Finished Goods Product 04108,Finished Goods,15.5,31.7,Active
PROD-0004109,SUP-000961,Raw Materials Product 04109,Raw Materials,24.86,49.16,Active
PROD-0004110,SUP-000693,Finished Goods Product 04110,Finished Goods,38.73,54.99,Active
PROD-0004111,SUP-000329,Industrial Parts Product 04111,Industrial Parts,62.07,151.36,Active
PROD-0004112,SUP-000618,Raw Materials Product 04112,Raw Materials,17.7,23.57,Active
PROD-0004113,SUP-000443,Industrial Parts Product 04113,Industrial Parts,31.46,67.5,Active
PROD-0004114,SUP-000107,Raw Materials Product 04114,Raw Materials,64.92,131.08,Active
PROD-0004115,SUP-000221,Raw Materials Product 04115,Raw Materials,23.26,55.33,Active
PROD-0004116,SUP-000417,Components Product 04116,Components,15.73,39.19,Active
PROD-0004117,SUP-000821,Finished Goods Product 04117,Finished Goods,50.93,61.14,Active
PROD-0004118,SUP-000856,Industrial Parts Product 04118,Industrial Parts,52.44,60.46,Active
PROD-0004119,SUP-000962,Industrial Parts Product 04119,Industrial Parts,21.48,27.1,Active
PROD-0004120,SUP-000622,Industrial Parts Product 04120,Industrial Parts,33.14,33.14,Active
PROD-0004121,SUP-000843,Raw Materials Product 04121,Raw Materials,10.16,19.22,Active
PROD-0004122,SUP-000815,Industrial Parts Product 04122,Industrial Parts,27.55,49.1,Active
PROD-0004123,SUP-000454,Raw Materials Product 04123,Raw Materials,22.02,34.64,Active
PROD-0004124,SUP-000442,Finished Goods Product 04124,Finished Goods,75.32,143.21,Active
PROD-0004125,SUP-000424,Raw Materials Product 04125,Raw Materials,27.45,33.46,Active
PROD-0004126,SUP-000698,Components Product 04126,Components,181.78,354.5,Active
PROD-0004127,SUP-000433,Raw Materials Product 04127,Raw Materials,56.92,76.01,Active
PROD-0004128,SUP-000344,Raw Materials Product 04128,Raw Materials,19.89,42.99,Active
PROD-0004129,SUP-000697,Components Product 04129,Components,35.85,86.22,Active
PROD-0004130,SUP-000456,Finished Goods Product 04130,Finished Goods,106.42,138.44,Active
PROD-0004131,SUP-000957,Industrial Parts Product 04131,Industrial Parts,78.26,111.71,Active
PROD-0004132,SUP-000053,Packaging Product 04132,Packaging,23.68,42.94,Active
PROD-0004133,SUP-000539,Packaging Product 04133,Packaging,11.35,16.98,Active
PROD-0004134,SUP-000990,Components Product 04134,Components,31.49,44.81,Active
PROD-0004135,SUP-000289,Components Product 04135,Components,288.07,364.33,Active
PROD-0004136,SUP-000341,Components Product 04136,Components,39.21,71.7,Active
PROD-0004137,SUP-000979,Components Product 04137,Components,85.43,104.95,Active
PROD-0004138,SUP-000803,Industrial Parts Product 04138,Industrial Parts,25.52,61.67,Active
PROD-0004139,SUP-000211,Finished Goods Product 04139,Finished Goods,33.14,62.63,Active
PROD-0004140,SUP-000206,Industrial Parts Product 04140,Industrial Parts,44.6,67.66,Active
PROD-0004141,SUP-000919,Packaging Product 04141,Packaging,18.61,34.7,Active
PROD-0004142,SUP-000530,Finished Goods Product 04142,Finished Goods,53.7,89.1,Active
PROD-0004143,SUP-000934,Packaging Product 04143,Packaging,20.58,25.6,Active
PROD-0004144,SUP-000634,Finished Goods Product 04144,Finished Goods,79.84,98.1,Active
PROD-0004145,SUP-000106,Raw Materials Product 04145,Raw Materials,78.4,78.4,Active
PROD-0004146,SUP-000927,Raw Materials Product 04146,Raw Materials,107.01,181.23,Active
PROD-0004147,SUP-000694,Industrial Parts Product 04147,Industrial Parts,26.23,63.23,Active
PROD-0004148,SUP-000278,Raw Materials Product 04148,Raw Materials,84.37,177.4,Active
PROD-0004149,SUP-000968,Raw Materials Product 04149,Raw Materials,21.68,5967.0,Active
PROD-0004150,SUP-000583,Packaging Product 04150,Packaging,81.07,186.51,Active
PROD-0004151,SUP-000956,Finished Goods Product 04151,Finished Goods,47.45,117.74,Active
PROD-0004152,SUP-000570,Finished Goods Product 04152,Finished Goods,36.66,71.54,Active
PROD-0004153,SUP-000874,Industrial Parts Product 04153,Industrial Parts,84.36,119.86,Active
PROD-0004154,SUP-000753,Finished Goods Product 04154,Finished Goods,16.61,27.79,Active
PROD-0004155,SUP-000315,Finished Goods Product 04155,Finished Goods,35.85,68.87,Active
PROD-0004156,SUP-000314,Industrial Parts Product 04156,Industrial Parts,63.39,122.55,Active
PROD-0004157,SUP-000697,Finished Goods Product 04157,Finished Goods,9.17,17.3,Active
PROD-0004158,SUP-000674,Industrial Parts Product 04158,Industrial Parts,20.78,44.47,Active
PROD-0004159,SUP-000738,Components Product 04159,Components,24.25,32.84,Active
PROD-0004160,SUP-000591,Raw Materials Product 04160,Raw Materials,13.14,22.98,Active
PROD-0004161,SUP-000655,Packaging Product 04161,Packaging,26.09,59.92,Active
PROD-0004162,SUP-000812,Finished Goods Product 04162,Finished Goods,129.94,182.48,Active
PROD-0004163,SUP-000027,Industrial Parts Product 04163,Industrial Parts,58.79,143.54,Active
PROD-0004164,SUP-000026,Finished Goods Product 04164,Finished Goods,21.68,36.69,Active
PROD-0004165,SUP-000828,Finished Goods Product 04165,Finished Goods,64.32,112.62,Active
PROD-0004166,SUP-000799,Packaging Product 04166,Packaging,83.68,169.59,Active
PROD-0004167,SUP-000589,Industrial Parts Product 04167,Industrial Parts,15.38,35.48,Active
PROD-0004168,SUP-000553,Finished Goods Product 04168,Finished Goods,41.82,56.86,Active
PROD-0004169,SUP-000359,Raw Materials Product 04169,Raw Materials,36.27,60.22,Active
PROD-0004170,SUP-000663,Finished Goods Product 04170,Finished Goods,31.34,78.02,Active
PROD-0004171,SUP-000216,Raw Materials Product 04171,Raw Materials,36.71,60.66,Active
PROD-0004172,SUP-000915,Industrial Parts Product 04172,Industrial Parts,55.98,87.67,Active
PROD-0004173,SUP-000056,Finished Goods Product 04173,Finished Goods,22.2,48.79,Active
PROD-0004174,SUP-000075,Finished Goods Product 04174,Finished Goods,37.71,61.31,Active
PROD-0004175,SUP-000280,Industrial Parts Product 04175,Industrial Parts,6.51,15.98,Active
PROD-0004176,SUP-000402,Raw Materials Product 04176,Raw Materials,22.66,47.21,Active
PROD-0004177,SUP-000241,Finished Goods Product 04177,Finished Goods,7.35,10.65,Active
PROD-0004178,SUP-000816,Packaging Product 04178,Packaging,25.27,50.37,Active
PROD-0004179,SUP-000994,Finished Goods Product 04179,Finished Goods,12.74,28.26,Active
PROD-0004180,SUP-000929,Finished Goods Product 04180,Finished Goods,32.9,51.52,Active
PROD-0004181,SUP-000669,Finished Goods Product 04181,Finished Goods,17.01,32.4,Active
PROD-0004182,SUP-000830,Finished Goods Product 04182,Finished Goods,18.56,44.68,Active
PROD-0004183,SUP-000748,Components Product 04183,Components,36.03,63.77,Active
PROD-0004184,SUP-000838,Raw Materials Product 04184,Raw Materials,24.41,36.52,Inactive
PROD-0004185,SUP-000086,Components Product 04185,Components,37.9,87.57,Active
PROD-0004186,SUP-000008,Finished Goods Product 04186,Finished Goods,13.42,23.67,Active
PROD-0004187,SUP-000839,Packaging Product 04187,Packaging,23.32,36.23,Active
PROD-0004188,SUP-000243,Finished Goods Product 04188,Finished Goods,55.99,70.73,Active
PROD-0004189,SUP-000148,Components Product 04189,Components,38.78,51.54,Active
PROD-0004190,SUP-000893,Finished Goods Product 04190,Finished Goods,29.11,45.33,Active
PROD-0004191,SUP-000848,Industrial Parts Product 04191,Industrial Parts,13.23,19.38,Inactive
PROD-0004192,SUP-000993,Raw Materials Product 04192,Raw Materials,12.91,16.9,Active
PROD-0004193,SUP-000540,Components Product 04193,Components,20.22,48.38,Active
PROD-0004194,SUP-000264,Components Product 04194,Components,15.19,25.01,Active
PROD-0004195,SUP-000383,Components Product 00011,Raw Materials,18.58,25.02,Active
PROD-0004196,SUP-000869,Components Product 04196,Components,20.76,48.87,Active
PROD-0004197,SUP-000722,Raw Materials Product 04197,Raw Materials,33.14,46.77,Active
PROD-0004198,SUP-000089,Industrial Parts Product 04198,Industrial Parts,37.61,89.25,Active
PROD-0004199,SUP-000099,Components Product 04199,Components,14.82,23.97,Active
PROD-0004200,SUP-000167,Packaging Product 04200,Packaging,18.05,35.71,Active
PROD-0004201,SUP-000376,Finished Goods Product 04201,Finished Goods,11.26,14.29,Active
PROD-0004202,SUP-000778,Packaging Product 04202,Packaging,32.72,62.09,Active
PROD-0004203,SUP-000891,Components Product 04203,Components,69.91,99.04,Active
PROD-0004204,SUP-000865,Components Product 04204,Components,33.14,57.35,Active
PROD-0004205,SUP-000059,Components Product 04205,Components,9.79,13.6,Active
PROD-0004206,SUP-000948,Finished Goods Product 04206,Finished Goods,7.19,9.94,Active
PROD-0004207,SUP-000152,Finished Goods Product 04207,Finished Goods,226.5,295.53,Active
PROD-0004208,SUP-000111,Raw Materials Product 04208,Raw Materials,58.02,84.93,Active
PROD-0004209,SUP-000269,Components Product 00011,Raw Materials,34.12,42.68,Active
PROD-0004210,SUP-000634,Packaging Product 04210,Packaging,65.67,112.98,Active
PROD-0004211,SUP-000583,Components Product 04211,Components,28.96,44.28,Active
PROD-0004212,SUP-000458,Components Product 04212,Components,32.44,56.13,Active
PROD-0004213,SUP-000514,Packaging Product 04213,Packaging,16.8,25.65,Active
PROD-0004214,SUP-000467,Raw Materials Product 04214,Raw Materials,27.11,33.88,Active
PROD-0004215,SUP-000630,Components Product 04215,Components,36.78,72.48,Active
PROD-0004216,SUP-000606,Components Product 04216,Components,27.16,53.25,Active
PROD-0004217,SUP-000055,Packaging Product 04217,Packaging,28.45,48.48,Inactive
PROD-0004218,SUP-000911,Finished Goods Product 04218,Finished Goods,8.52,20.63,Active
PROD-0004219,SUP-000128,Finished Goods Product 04219,Finished Goods,66.82,133.51,Active
PROD-0004220,SUP-000930,Components Product 04220,Components,50.98,112.04,Active
PROD-0004221,SUP-000906,Raw Materials Product 04221,Raw Materials,9.16,21.16,Active
PROD-0004222,SUP-000564,Raw Materials Product 04222,Raw Materials,19.49,44.88,Active
PROD-0004223,SUP-000384,Finished Goods Product 04223,Finished Goods,9.33,16.25,Active
PROD-0004224,SUP-000588,Components Product 04224,Components,93.45,151.69,Active
PROD-0004225,SUP-000130,Packaging Product 04225,Packaging,104.52,170.04,Active
PROD-0004226,SUP-000741,Packaging Product 04226,Packaging,37.74,89.01,Active
PROD-0004227,SUP-000293,Finished Goods Product 04227,Finished Goods,32.03,41.0,Active
PROD-0004228,SUP-000719,Raw Materials Product 04228,Raw Materials,58.96,125.75,Active
PROD-0004229,SUP-000530,Packaging Product 04229,Packaging,63.75,134.89,Active
PROD-0004230,SUP-000803,Packaging Product 04230,Packaging,110.22,153.56,Active
PROD-0004231,SUP-000259,Industrial Parts Product 04231,Industrial Parts,90.74,142.57,Active
PROD-0004232,SUP-000088,Raw Materials Product 04232,Raw Materials,51.4,88.89,Active
PROD-0004233,SUP-000899,Industrial Parts Product 04233,Industrial Parts,32.74,66.85,Active
PROD-0004234,SUP-000577,Packaging Product 04234,Packaging,22.43,49.96,Active
PROD-0004235,SUP-000382,Industrial Parts Product 04235,Industrial Parts,62.41,97.27,Active
PROD-0004236,SUP-000742,Finished Goods Product 04236,Finished Goods,21.09,26.94,Active
PROD-0004237,SUP-000017,Industrial Parts Product 04237,Industrial Parts,38.64,87.67,Active
PROD-0004238,SUP-000233,Components Product 04238,Components,19.86,34.77,Active
PROD-0004239,SUP-000434,Raw Materials Product 04239,Raw Materials,10.26,13.4,Active
PROD-0004240,SUP-000669,Components Product 04240,Components,40.56,62.95,Active
PROD-0004241,SUP-000232,Finished Goods Product 04241,Finished Goods,68.63,113.61,Active
PROD-0004242,SUP-000047,Components Product 04242,Components,14.81,19.86,Active
PROD-0004243,SUP-000387,Components Product 04243,Components,17.93,33.7,Active
PROD-0004244,SUP-000700,Industrial Parts Product 04244,Industrial Parts,44.93,106.29,Active
PROD-0004245,SUP-000600,Finished Goods Product 04245,Finished Goods,24.18,31.72,Inactive
PROD-0004246,SUP-000455,Raw Materials Product 04246,Raw Materials,38.16,73.83,Active
PROD-0004247,SUP-000028,Industrial Parts Product 04247,Industrial Parts,42.14,58.28,Active
PROD-0004248,SUP-000664,Industrial Parts Product 04248,Industrial Parts,117.76,183.18,Active
PROD-0004249,SUP-000134,Finished Goods Product 04249,Finished Goods,80.75,180.77,Active
PROD-0004250,SUP-000287,Industrial Parts Product 04250,Industrial Parts,79.57,122.1,Active
PROD-0004251,SUP-000350,Industrial Parts Product 04251,Industrial Parts,76.58,172.69,Active
PROD-0004252,SUP-000372,Raw Materials Product 04252,Raw Materials,46.16,82.2,Active
PROD-0004253,SUP-000583,Raw Materials Product 04253,Raw Materials,70.2,93.68,Active
PROD-0004254,SUP-000183,Finished Goods Product 04254,Finished Goods,68.07,169.25,Active
PROD-0004255,SUP-000892,Finished Goods Product 04255,Finished Goods,6.82,8.45,Active
PROD-0004256,SUP-000343,Packaging Product 04256,Packaging,49.11,108.04,Active
PROD-0004257,SUP-000752,Components Product 04257,Components,111.17,205.75,Active
PROD-0004258,SUP-000153,Components Product 04258,Components,45.48,84.01,Active
PROD-0004259,SUP-000182,Finished Goods Product 04259,Finished Goods,17.87,25.83,Active
PROD-0004260,SUP-000835,Industrial Parts Product 04260,Industrial Parts,68.26,162.45,Active
PROD-0004261,SUP-000862,Components Product 04261,Components,13.17,21.06,Active
PROD-0004262,SUP-000440,Components Product 04262,Components,37.66,51.48,Active
PROD-0004263,SUP-000729,Components Product 04263,Components,51.36,111.71,Active
PROD-0004264,SUP-000108,Finished Goods Product 04264,Components,175.22,396.2,Active
PROD-0004265,SUP-000066,Industrial Parts Product 04265,Industrial Parts,83.42,164.32,Active
PROD-0004266,SUP-000828,Components Product 04266,Components,35.42,76.16,Active
PROD-0004267,SUP-000750,Components Product 04267,Components,48.78,119.3,Active
PROD-0004268,SUP-000932,Raw Materials Product 04268,Raw Materials,10.27,21.03,Active
PROD-0004269,SUP-000142,Industrial Parts Product 04269,Industrial Parts,29.92,42.07,Active
PROD-0004270,SUP-000578,Raw Materials Product 04270,Raw Materials,13.16,28.5,Active
PROD-0004271,SUP-000221,Finished Goods Product 04271,Finished Goods,194.25,455.33,Active
PROD-0004272,SUP-000266,Components Product 04272,Components,22.31,35.24,Active
PROD-0004273,SUP-000116,Packaging Product 04273,Packaging,33.14,33.14,Active
PROD-0004274,SUP-000762,Components Product 04274,Components,28.22,39.35,Active
PROD-0004275,SUP-000737,Finished Goods Product 04275,Finished Goods,79.01,111.92,Inactive
PROD-0004276,SUP-000839,Finished Goods Product 04276,Finished Goods,28.82,50.63,Active
PROD-0004277,SUP-000877,Raw Materials Product 04277,Raw Materials,24.11,51.69,Active
PROD-0004278,SUP-000625,Finished Goods Product 04278,Finished Goods,32.41,74.59,Active
PROD-0004279,SUP-000807,Packaging Product 04279,Packaging,50.38,78.87,Active
PROD-0004280,SUP-000522,Packaging Product 04280,Packaging,14.37,17.45,Active
PROD-0004281,SUP-000197,Raw Materials Product 04281,Raw Materials,67.04,157.14,Inactive
PROD-0004282,SUP-000690,Industrial Parts Product 04282,Industrial Parts,60.51,143.82,Active
PROD-0004283,SUP-000679,Finished Goods Product 04283,Finished Goods,78.35,97.12,Active
PROD-0004284,SUP-000299,Finished Goods Product 04284,Finished Goods,21.21,49.75,Active
PROD-0004285,SUP-000547,Finished Goods Product 04285,Finished Goods,32.3,57.31,Active
PROD-0004286,SUP-000781,Raw Materials Product 04286,Raw Materials,62.77,81.8,Active
PROD-0004287,SUP-000447,Industrial Parts Product 04287,Industrial Parts,93.07,194.36,Active
PROD-0004288,SUP-000769,Finished Goods Product 04288,Finished Goods,109.22,167.74,Active
PROD-0004289,SUP-000224,Components Product 04289,Components,19.18,26.75,Active
PROD-0004290,SUP-000131,Finished Goods Product 04290,Finished Goods,32.43,68.01,Active
PROD-0004291,SUP-000505,Packaging Product 04291,Packaging,27.17,37.65,Active
PROD-0004292,SUP-000355,Packaging Product 04292,Packaging,81.44,157.74,Active
PROD-0004293,SUP-000401,Packaging Product 04293,Packaging,30.4,47.44,Active
PROD-0004294,SUP-000939,Raw Materials Product 04294,Raw Materials,65.77,123.13,Active
PROD-0004295,SUP-000784,Finished Goods Product 04295,Finished Goods,21.38,39.12,Active
PROD-0004296,SUP-000039,Industrial Parts Product 04296,Industrial Parts,9.23,21.86,Active
PROD-0004297,SUP-000645,Finished Goods Product 04297,Finished Goods,26.79,64.58,Active
PROD-0004298,SUP-000508,Raw Materials Product 04298,Raw Materials,22.84,45.61,Active
PROD-0004299,SUP-000419,Industrial Parts Product 04299,Industrial Parts,17.73,24.34,Active
PROD-0004300,SUP-000570,Raw Materials Product 04300,Raw Materials,17.36,25.49,Active
PROD-0004301,SUP-000230,Components Product 04301,Components,10.57,20.27,Active
PROD-0004302,SUP-000527,Packaging Product 04302,Packaging,19.95,42.83,Active
PROD-0004303,SUP-000882,Packaging Product 04303,Packaging,17.6,22.97,Active
PROD-0004304,SUP-000379,Components Product 04304,Components,33.14,141.03,Active
PROD-0004305,SUP-000083,Industrial Parts Product 04305,Industrial Parts,20.37,28.66,Active
PROD-0004306,SUP-000109,Components Product 04306,Components,37.84,92.75,Active
PROD-0004307,SUP-000846,Raw Materials Product 04307,Raw Materials,41.06,52.9,Active
PROD-0004308,SUP-000681,Raw Materials Product 04308,Raw Materials,18.82,33.81,Active
PROD-0004309,SUP-001000,Finished Goods Product 04309,Finished Goods,202.14,280.5,Active
PROD-0004310,SUP-000829,Finished Goods Product 04310,Finished Goods,53.14,130.69,Active
PROD-0004311,SUP-000771,Components Product 04311,Components,41.2,83.41,Active
PROD-0004312,SUP-000326,Finished Goods Product 04312,Finished Goods,43.85,77.05,Active
PROD-0004313,SUP-000980,Raw Materials Product 04313,Raw Materials,29.69,43.84,Active
PROD-0004314,SUP-000885,Components Product 04314,Components,18.79,26.01,Inactive
PROD-0004315,SUP-000841,Raw Materials Product 04315,Raw Materials,23.32,51.12,Active
PROD-0004316,SUP-000102,Components Product 04316,Components,20.17,27.75,Active
PROD-0004317,SUP-000278,Packaging Product 04317,Packaging,20.94,29.76,Active
PROD-0004318,SUP-000320,Raw Materials Product 04318,Raw Materials,38.15,79.94,Active
PROD-0004319,SUP-000759,Finished Goods Product 04319,Finished Goods,7.11,16.45,Active
PROD-0004320,SUP-000520,Packaging Product 04320,Packaging,34.88,55.76,Active
PROD-0004321,SUP-000235,Industrial Parts Product 04321,Industrial Parts,27.01,53.81,Active
PROD-0004322,SUP-000046,Packaging Product 04322,Packaging,41.89,89.86,Active
PROD-0004323,SUP-000788,Finished Goods Product 04323,Finished Goods,201.18,425.2,Active
PROD-0004324,SUP-000390,Raw Materials Product 04324,Raw Materials,11.04,20.8,Active
PROD-0004325,SUP-000408,Industrial Parts Product 04325,Industrial Parts,12.32,16.48,Active
PROD-0004326,SUP-000672,Raw Materials Product 04326,Raw Materials,30.24,57.92,Active
PROD-0004327,SUP-000304,Raw Materials Product 04327,Raw Materials,161.24,238.54,Active
PROD-0004328,SUP-000991,Industrial Parts Product 04328,Industrial Parts,9.0,12.07,Active
PROD-0004329,SUP-000517,Raw Materials Product 04329,Raw Materials,30.61,73.4,Active
PROD-0004330,SUP-000328,Raw Materials Product 04330,Raw Materials,19.06,32.99,Active
PROD-0004332,SUP-000477,Industrial Parts Product 04332,Industrial Parts,33.14,33.14,Active
PROD-0004333,SUP-000585,Components Product 04333,Components,25.54,35.19,Active
PROD-0004334,SUP-000356,Finished Goods Product 04334,Finished Goods,48.06,118.98,Active
PROD-0004335,SUP-000191,Finished Goods Product 04335,Finished Goods,20.9,27.9,Active
PROD-0004336,SUP-000949,Packaging Product 04336,Packaging,58.32,78.8,Active
PROD-0004337,SUP-000368,Finished Goods Product 04337,Finished Goods,149.68,357.43,Active
PROD-0004338,SUP-000752,Packaging Product 04338,Packaging,57.83,78.22,Active
PROD-0004339,SUP-000840,Components Product 04339,Components,81.59,186.9,Active
PROD-0004340,SUP-000679,Packaging Product 04340,Packaging,61.84,93.45,Active
PROD-0004341,SUP-000814,Raw Materials Product 04341,Raw Materials,25.09,61.42,Active
PROD-0004342,SUP-000827,Components Product 04342,Components,6.71,8.87,Active
PROD-0004343,SUP-000949,Raw Materials Product 04343,Raw Materials,16.45,37.09,Active
PROD-0004344,SUP-000815,Industrial Parts Product 04344,Industrial Parts,73.18,181.24,Active
PROD-0004345,SUP-000501,Finished Goods Product 04345,Finished Goods,12.75,18.21,Active
PROD-0004346,SUP-000954,Industrial Parts Product 04346,Industrial Parts,29.92,57.94,Active
PROD-0004347,SUP-000825,Packaging Product 04347,Packaging,33.9,72.42,Active
PROD-0004348,SUP-000856,Industrial Parts Product 04348,Industrial Parts,14.36,18.61,Active
PROD-0004349,SUP-000376,Industrial Parts Product 04349,Industrial Parts,116.35,240.2,Inactive
PROD-0004350,SUP-000291,Finished Goods Product 04350,Finished Goods,50.41,112.29,Active
PROD-0004351,SUP-000438,Packaging Product 04351,Packaging,113.48,176.22,Active
PROD-0004352,SUP-000065,Components Product 04352,Components,89.21,133.26,Active
PROD-0004353,SUP-000605,Components Product 04353,Components,65.58,159.65,Active
PROD-0004355,SUP-000086,Packaging Product 04355,Packaging,13.97,25.87,Active
PROD-0004357,SUP-000835,Packaging Product 04357,Packaging,28.58,52.89,Active
PROD-0004358,SUP-000464,Components Product 04358,Components,22.33,54.15,Active
PROD-0004359,SUP-000327,Finished Goods Product 04359,Finished Goods,31.61,77.81,Active
PROD-0004360,SUP-000522,Components Product 04360,Components,281.15,485.27,Active
PROD-0004361,SUP-000716,Industrial Parts Product 04361,Industrial Parts,31.3,45.59,Active
PROD-0004362,SUP-000279,Packaging Product 04362,Packaging,27.15,39.34,Active
PROD-0004363,SUP-000187,Finished Goods Product 04363,Finished Goods,33.21,52.99,Active
PROD-0004364,SUP-000793,Components Product 04364,Components,48.7,104.45,Active
PROD-0004365,SUP-000943,Finished Goods Product 04365,Finished Goods,48.4,58.72,Active
PROD-0004366,SUP-000717,Industrial Parts Product 04366,Industrial Parts,36.39,53.83,Active
PROD-0004367,SUP-000634,Components Product 04367,Components,19.62,41.75,Active
PROD-0004368,SUP-000075,Components Product 04368,Components,18.41,44.36,Active
PROD-0004369,SUP-000388,Raw Materials Product 04369,Raw Materials,30.23,75.12,Active
PROD-0004370,SUP-000542,Components Product 04370,Components,22.95,29.56,Active
PROD-0004371,SUP-000912,Industrial Parts Product 04371,Industrial Parts,14.02,28.48,Active
PROD-0004372,SUP-000053,Raw Materials Product 04372,Raw Materials,11.49,27.8,Active
PROD-0004373,SUP-000345,Raw Materials Product 04373,Raw Materials,56.02,81.34,Active
PROD-0004374,SUP-000492,Components Product 04374,Components,12.28,25.0,Active
PROD-0004375,SUP-000782,Components Product 04375,Components,40.89,95.88,Active
PROD-0004376,SUP-000985,Components Product 04376,Components,142.31,201.02,Active
PROD-0004377,SUP-000074,Packaging Product 04377,Packaging,7.38,9.68,Active
PROD-0004378,SUP-000714,Components Product 04378,Components,31.46,44.08,Active
PROD-0004379,SUP-000584,Components Product 04379,Components,19.4,60.46,Active
PROD-0004380,SUP-000696,Finished Goods Product 04380,Finished Goods,28.02,65.79,Active
PROD-0004381,SUP-000896,Packaging Product 04381,Packaging,12.18,16.79,Active
PROD-0004382,SUP-000538,Raw Materials Product 04382,Raw Materials,17.49,24.42,Active
PROD-0004383,SUP-000952,Components Product 04383,Components,72.36,122.73,Active
PROD-0004384,SUP-000577,Raw Materials Product 04384,Raw Materials,76.13,128.39,Active
PROD-0004385,SUP-000465,Components Product 04385,Components,36.41,57.29,Active
PROD-0004386,SUP-000124,Raw Materials Product 04386,Raw Materials,13.71,20.86,Inactive
PROD-0004387,SUP-000920,Components Product 04387,Components,26.78,53.97,Inactive
PROD-0004388,SUP-000192,Finished Goods Product 04388,Finished Goods,147.46,268.07,Active
PROD-0004389,SUP-000239,Components Product 04389,Components,22.32,38.89,Active
PROD-0004390,SUP-000057,Components Product 04390,Components,257.22,613.89,Active
PROD-0004391,SUP-000688,Packaging Product 04391,Packaging,42.48,87.15,Active
PROD-0004392,SUP-000848,Raw Materials Product 04392,Raw Materials,30.79,42.31,Active
PROD-0004393,SUP-000323,Packaging Product 04393,Packaging,30.87,53.06,Active
PROD-0004394,SUP-000615,Components Product 04394,Components,22.37,42.24,Active
PROD-0004395,SUP-000558,Components Product 04395,Components,25.29,45.29,Active
PROD-0004396,SUP-000587,Components Product 04396,Components,74.55,174.27,Active
PROD-0004397,SUP-000679,Components Product 04397,Components,117.95,155.36,Active
PROD-0004398,SUP-000100,Components Product 04398,Components,15.37,21.58,Active
PROD-0004399,SUP-000897,Raw Materials Product 04399,Raw Materials,39.39,91.64,Active
PROD-0004400,SUP-000354,Packaging Product 04400,Packaging,6.68,13.52,Active
PROD-0004401,SUP-000616,Industrial Parts Product 04401,Industrial Parts,14.43,18.13,Active
PROD-0004402,SUP-000792,Industrial Parts Product 04402,Industrial Parts,43.53,85.06,Active
PROD-0004403,SUP-000176,Packaging Product 04403,Packaging,37.37,91.96,Active
PROD-0004404,SUP-000081,Components Product 04404,Components,63.89,135.56,Active
PROD-0004405,SUP-000728,Raw Materials Product 04405,Raw Materials,36.08,50.52,Active
PROD-0004406,SUP-000463,Packaging Product 04406,Packaging,33.14,48.54,Active
PROD-0004407,SUP-000057,Finished Goods Product 04407,Finished Goods,6.51,12.18,Active
PROD-0004408,SUP-000008,Finished Goods Product 04408,Finished Goods,35.23,45.11,Active
PROD-0004409,SUP-000371,Components Product 04409,Components,33.88,48.24,Active
PROD-0004410,SUP-000930,Industrial Parts Product 04410,Industrial Parts,11.23,18.83,Active
PROD-0004411,SUP-000615,Industrial Parts Product 04411,Industrial Parts,29.44,63.19,Active
PROD-0004412,SUP-000976,Packaging Product 04412,Packaging,37.84,54.44,Active
PROD-0004413,SUP-000439,Raw Materials Product 04413,Raw Materials,69.04,123.32,Active
PROD-0004414,SUP-000382,Components Product 04414,Components,142.68,269.8,Active
PROD-0004415,SUP-000120,Industrial Parts Product 04415,Industrial Parts,10.1,5967.0,Active
PROD-0004416,SUP-000015,Components Product 04416,Components,10.67,25.49,Active
PROD-0004417,SUP-000167,Components Product 00011,Industrial Parts,10.97,23.12,Active
PROD-0004418,SUP-000162,Finished Goods Product 04418,Finished Goods,41.21,95.32,Active
PROD-0004419,SUP-000820,Finished Goods Product 04419,Finished Goods,12.1,29.68,Active
PROD-0004420,SUP-000159,Raw Materials Product 04420,Raw Materials,31.77,76.13,Active
PROD-0004421,SUP-000983,Industrial Parts Product 04421,Industrial Parts,47.25,108.76,Active
PROD-0004422,SUP-000251,Finished Goods Product 04422,Finished Goods,10.62,20.68,Active
PROD-0004423,SUP-000305,Components Product 04423,Components,35.95,50.92,Inactive
PROD-0004424,SUP-000336,Industrial Parts Product 04424,Industrial Parts,44.71,64.6,Active
PROD-0004425,SUP-000903,Finished Goods Product 04425,Finished Goods,9.18,17.53,Active
PROD-0004426,SUP-000787,Finished Goods Product 04426,Finished Goods,19.36,35.77,Active
PROD-0004427,SUP-000417,Raw Materials Product 04427,Raw Materials,13.44,24.77,Active
PROD-0004428,SUP-000273,Packaging Product 04428,Packaging,31.27,41.89,Active
PROD-0004429,SUP-000217,Packaging Product 04429,Packaging,14.34,29.68,Active
PROD-0004430,SUP-000668,Finished Goods Product 04430,Finished Goods,421.73,942.19,Active
PROD-0004431,SUP-000849,Finished Goods Product 04431,Finished Goods,48.08,94.22,Active
PROD-0004433,SUP-000786,Industrial Parts Product 04433,Industrial Parts,36.09,66.24,Active
PROD-0004434,SUP-000750,Finished Goods Product 04434,Finished Goods,24.3,47.71,Active
PROD-0004435,SUP-000429,Components Product 04435,Components,23.55,32.31,Active
PROD-0004436,SUP-000324,Raw Materials Product 04436,Raw Materials,21.96,29.55,Active
PROD-0004437,SUP-000071,Finished Goods Product 04437,Finished Goods,26.68,42.81,Active
PROD-0004438,SUP-000964,Industrial Parts Product 04438,Industrial Parts,41.12,74.49,Active
PROD-0004439,SUP-000098,Finished Goods Product 04439,Finished Goods,13.94,21.5,Active
PROD-0004440,SUP-000756,Components Product 04440,Components,10.35,22.62,Active
PROD-0004441,SUP-000623,Components Product 04441,Components,62.61,130.75,Active
PROD-0004442,SUP-000468,Components Product 04442,Components,109.58,192.91,Active
PROD-0004443,SUP-000201,Industrial Parts Product 04443,Industrial Parts,28.37,42.96,Active
PROD-0004444,SUP-000746,Finished Goods Product 04444,Finished Goods,34.16,54.24,Active
PROD-0004445,SUP-000301,Raw Materials Product 04445,Raw Materials,30.64,42.29,Active
PROD-0004446,SUP-000264,Industrial Parts Product 04446,Industrial Parts,28.83,36.56,Active
PROD-0004447,SUP-000061,Finished Goods Product 04447,Finished Goods,72.71,92.78,Active
PROD-0004448,SUP-000495,Raw Materials Product 04448,Raw Materials,21.71,26.74,Active
PROD-0004449,SUP-000837,Industrial Parts Product 04449,Industrial Parts,66.66,145.79,Active
PROD-0004450,SUP-000805,Packaging Product 04450,Packaging,21.97,29.26,Active
PROD-0004451,SUP-000887,Finished Goods Product 04451,Finished Goods,25.46,48.62,Active
PROD-0004452,SUP-000129,Industrial Parts Product 04452,Industrial Parts,21.04,32.63,Active
PROD-0004453,SUP-000095,Components Product 04453,Components,11.21,13.89,Active
PROD-0004454,SUP-000033,Components Product 04454,Components,40.87,94.04,Inactive
PROD-0004455,SUP-000753,Industrial Parts Product 04455,Industrial Parts,49.84,121.86,Active
PROD-0004456,SUP-000425,Components Product 04456,Components,14.2,30.86,Active
PROD-0004457,SUP-000996,Components Product 00011,Industrial Parts,39.78,88.93,Active
PROD-0004458,SUP-000580,Components Product 04458,Components,25.7,59.55,Inactive
PROD-0004459,SUP-000103,Industrial Parts Product 04459,Industrial Parts,28.14,37.12,Active
PROD-0004460,SUP-000841,Industrial Parts Product 04460,Industrial Parts,24.65,45.87,Active
PROD-0004461,SUP-000606,Components Product 04461,Components,36.77,65.95,Active
PROD-0004462,SUP-000990,Packaging Product 04462,Packaging,30.18,69.65,Active
PROD-0004463,SUP-000700,Raw Materials Product 04463,Raw Materials,32.02,42.03,Active
PROD-0004464,SUP-000685,Raw Materials Product 04464,Raw Materials,49.66,79.63,Active
PROD-0004465,SUP-000740,Components Product 04465,Components,49.11,113.87,Active
PROD-0004466,SUP-000823,Finished Goods Product 04466,Finished Goods,15.07,37.43,Active
PROD-0004467,SUP-000396,Components Product 04467,Components,66.14,96.31,Active
PROD-0004468,SUP-000376,Raw Materials Product 04468,Raw Materials,74.89,105.04,Active
PROD-0004469,SUP-000344,Raw Materials Product 04469,Raw Materials,21.39,33.53,Active
PROD-0004470,SUP-000691,Raw Materials Product 04470,Raw Materials,8.09,17.17,Active
PROD-0004471,SUP-000711,Industrial Parts Product 04471,Industrial Parts,13.09,25.34,Active
PROD-0004472,SUP-000591,Finished Goods Product 04472,Finished Goods,44.53,61.53,Active
PROD-0004473,SUP-000388,Industrial Parts Product 04473,Industrial Parts,23.51,36.75,Active
PROD-0004474,SUP-000168,Industrial Parts Product 04474,Industrial Parts,46.08,69.54,Active
PROD-0004475,SUP-000325,Industrial Parts Product 04475,Industrial Parts,136.87,253.29,Active
PROD-0004476,SUP-000255,Raw Materials Product 04476,Raw Materials,14.62,20.76,Active
PROD-0004477,SUP-000364,Finished Goods Product 04477,Finished Goods,28.87,61.8,Active
PROD-0004478,SUP-000541,Components Product 04478,Components,96.1,117.61,Active
PROD-0004479,SUP-000568,Finished Goods Product 04479,Finished Goods,21.96,29.23,Active
PROD-0004480,SUP-000979,Components Product 04480,Components,9.88,15.53,Active
PROD-0004481,SUP-000956,Finished Goods Product 04481,Finished Goods,34.12,56.35,Active
PROD-0004482,SUP-000052,Raw Materials Product 04482,Raw Materials,117.72,181.81,Active
PROD-0004483,SUP-000351,Industrial Parts Product 04483,Industrial Parts,62.45,126.47,Active
PROD-0004484,SUP-000130,Industrial Parts Product 04484,Industrial Parts,13.58,20.21,Active
PROD-0004485,SUP-000026,Industrial Parts Product 04485,Industrial Parts,17.53,22.71,Active
PROD-0004486,SUP-000263,Industrial Parts Product 04486,Components,7.51,10.64,Active
PROD-0004487,SUP-000966,Finished Goods Product 04487,Finished Goods,47.68,79.36,Active
PROD-0004488,SUP-000730,Industrial Parts Product 04488,Industrial Parts,61.57,98.59,Active
PROD-0004489,SUP-000262,Packaging Product 04489,Packaging,36.64,53.84,Active
PROD-0004490,SUP-000411,Components Product 04490,Components,20.57,32.58,Active
PROD-0004491,SUP-000973,Components Product 04491,Components,37.65,48.8,Active
PROD-0004492,SUP-000377,Components Product 04492,Components,10.05,16.42,Active
PROD-0004493,SUP-000851,Components Product 04493,Components,24.28,57.91,Inactive
PROD-0004494,SUP-000530,Industrial Parts Product 04494,Industrial Parts,51.35,107.19,Active
PROD-0004495,SUP-000735,Finished Goods Product 04495,Finished Goods,54.53,78.22,Active
PROD-0004496,SUP-000032,Finished Goods Product 04496,Finished Goods,42.24,87.28,Active
PROD-0004497,SUP-000467,Raw Materials Product 04497,Raw Materials,7.78,18.13,Active
PROD-0004498,SUP-000983,Packaging Product 04498,Packaging,12.02,23.87,Active
PROD-0004499,SUP-000995,Industrial Parts Product 04499,Industrial Parts,20.66,35.58,Active
PROD-0004500,SUP-000791,Components Product 04500,Components,74.71,92.24,Active
PROD-0004501,SUP-000284,Components Product 04501,Components,24.51,45.55,Active
PROD-0004502,SUP-000493,Finished Goods Product 04502,Finished Goods,28.02,57.08,Active
PROD-0004503,SUP-000519,Raw Materials Product 04503,Raw Materials,43.41,92.61,Active
PROD-0004504,SUP-000809,Finished Goods Product 04504,Finished Goods,30.67,50.68,Active
PROD-0004505,SUP-000177,Packaging Product 04505,Packaging,31.99,56.53,Active
PROD-0004506,SUP-000551,Raw Materials Product 04506,Raw Materials,15.84,20.56,Active
PROD-0004507,SUP-000855,Raw Materials Product 04507,Raw Materials,18.71,37.62,Active
PROD-0004508,SUP-000046,Finished Goods Product 04508,Finished Goods,36.87,83.48,Active
PROD-0004509,SUP-000399,Components Product 04509,Components,111.73,148.18,Active
PROD-0004510,SUP-000780,Finished Goods Product 04510,Finished Goods,16.38,38.59,Active
PROD-0004511,SUP-000507,Raw Materials Product 04511,Raw Materials,25.34,36.1,Active
PROD-0004512,SUP-000914,Components Product 04512,Components,40.93,74.16,Active
PROD-0004513,SUP-000711,Industrial Parts Product 04513,Industrial Parts,118.46,257.32,Inactive
PROD-0004514,SUP-000710,Finished Goods Product 04514,Finished Goods,65.66,98.54,Active
PROD-0004515,SUP-000709,Components Product 04515,Components,11.67,28.94,Active
PROD-0004516,SUP-000105,Components Product 04516,Components,23.05,56.85,Active
PROD-0004517,SUP-000450,Packaging Product 04517,Packaging,21.19,47.36,Active
PROD-0004518,SUP-000867,Industrial Parts Product 04518,Industrial Parts,12.92,29.83,Active
PROD-0004519,SUP-000408,Finished Goods Product 04519,Finished Goods,31.43,48.08,Active
PROD-0004520,SUP-000418,Components Product 00011,Components,110.17,274.14,Active
PROD-0004521,SUP-000183,Raw Materials Product 04521,Raw Materials,36.75,54.69,Active
PROD-0004522,SUP-000743,Finished Goods Product 04522,Finished Goods,39.06,67.62,Active
PROD-0004523,SUP-000670,Industrial Parts Product 04523,Industrial Parts,13.62,19.73,Active
PROD-0004524,SUP-000979,Finished Goods Product 04524,Finished Goods,71.02,133.25,Active
PROD-0004525,SUP-000305,Components Product 04525,Components,43.67,108.8,Active
PROD-0004526,SUP-000211,Raw Materials Product 04526,Raw Materials,42.41,88.8,Active
PROD-0004527,SUP-000969,Finished Goods Product 04527,Finished Goods,66.38,140.62,Active
PROD-0004528,SUP-000342,Packaging Product 04528,Packaging,20.25,38.73,Active
PROD-0004529,SUP-000590,Finished Goods Product 04529,Finished Goods,10.44,16.01,Active
PROD-0004530,SUP-000065,Industrial Parts Product 04530,Industrial Parts,39.86,48.14,Inactive
PROD-0004531,SUP-000170,Finished Goods Product 04531,Finished Goods,33.14,55.2,Active
PROD-0004532,SUP-000842,Components Product 04532,Components,23.94,36.4,Active
PROD-0004533,SUP-000749,Finished Goods Product 04533,Finished Goods,113.88,150.82,Active
PROD-0004534,SUP-000807,Raw Materials Product 04534,Raw Materials,79.56,177.84,Active
PROD-0004535,SUP-000670,Finished Goods Product 04535,Finished Goods,39.85,86.76,Active
PROD-0004536,SUP-000628,Packaging Product 04536,Packaging,14.78,27.51,Active
PROD-0004537,SUP-000623,Finished Goods Product 04537,Finished Goods,680.65,1485.41,Active
PROD-0004538,SUP-000838,Finished Goods Product 04538,Finished Goods,48.58,60.46,Inactive
PROD-0004539,SUP-000579,Components Product 04539,Components,32.09,66.72,Active
PROD-0004540,SUP-000222,Components Product 04540,Components,20.07,34.09,Active
PROD-0004541,SUP-000607,Finished Goods Product 04541,Finished Goods,27.4,55.26,Active
PROD-0004542,SUP-000187,Components Product 04542,Components,15.77,32.57,Active
PROD-0004543,SUP-000954,Raw Materials Product 04543,Raw Materials,12.67,17.59,Active
PROD-0004544,SUP-000544,Industrial Parts Product 04544,Industrial Parts,27.94,65.87,Active
PROD-0004545,SUP-000718,Finished Goods Product 04545,Finished Goods,73.31,148.94,Active
PROD-0004546,SUP-000233,Industrial Parts Product 04546,Industrial Parts,31.06,51.45,Active
PROD-0004547,SUP-000867,Raw Materials Product 04547,Raw Materials,3.79,6.61,Active
PROD-0004548,SUP-000240,Finished Goods Product 04548,Finished Goods,119.37,196.23,Active
PROD-0004549,SUP-000445,Finished Goods Product 04549,Finished Goods,10.59,23.72,Active
PROD-0004550,SUP-000730,Finished Goods Product 04550,Finished Goods,15.85,25.86,Active
PROD-0004551,SUP-000069,Packaging Product 04551,Packaging,71.58,148.64,Active
PROD-0004552,SUP-000229,Raw Materials Product 04552,Raw Materials,53.75,67.8,Active
PROD-0004553,SUP-000115,Finished Goods Product 04553,Finished Goods,95.41,179.65,Active
PROD-0004554,SUP-000010,Components Product 04554,Components,61.67,112.42,Active
PROD-0004555,SUP-000439,Packaging Product 04555,Packaging,68.0,96.06,Active
PROD-0004556,SUP-000864,Packaging Product 04556,Packaging,18.12,35.2,Active
PROD-0004557,SUP-000465,Components Product 04557,Components,20.64,48.36,Active
PROD-0004558,SUP-000971,Industrial Parts Product 04558,Industrial Parts,41.55,67.59,Active
PROD-0004559,SUP-000063,Finished Goods Product 04559,Finished Goods,24.0,35.23,Active
PROD-0004560,SUP-000053,Components Product 04560,Components,38.1,79.19,Active
PROD-0004561,SUP-000152,Raw Materials Product 04561,Raw Materials,91.29,224.36,Active
PROD-0004562,SUP-000360,Packaging Product 04562,Packaging,61.39,153.41,Active
PROD-0004563,SUP-000033,Components Product 04563,Components,96.67,184.99,Active
PROD-0004564,SUP-000707,Components Product 04564,Components,29.03,39.2,Active
PROD-0004565,SUP-000065,Packaging Product 04565,Packaging,29.21,57.16,Active
PROD-0004566,SUP-000002,Finished Goods Product 04566,Finished Goods,70.19,163.47,Active
PROD-0004567,SUP-000172,Components Product 04567,Components,4.83,8.85,Active
PROD-0004568,SUP-000172,Packaging Product 04568,Packaging,85.18,111.08,Active
PROD-0004569,SUP-000126,Components Product 04569,Components,26.4,60.27,Active
PROD-0004570,SUP-000491,Components Product 04570,Components,23.12,54.37,Active
PROD-0004571,SUP-000178,Finished Goods Product 04571,Finished Goods,16.11,38.71,Active
PROD-0004572,SUP-000272,Finished Goods Product 04572,Finished Goods,40.09,70.14,Active
PROD-0004573,SUP-000264,Industrial Parts Product 04573,Industrial Parts,60.89,80.01,Active
PROD-0004574,SUP-000494,Packaging Product 04574,Packaging,39.47,95.14,Active
PROD-0004575,SUP-000214,Raw Materials Product 04575,Raw Materials,10.59,24.4,Active
PROD-0004576,SUP-000467,Raw Materials Product 04576,Raw Materials,97.36,135.7,Active
PROD-0004577,SUP-000172,Raw Materials Product 04577,Raw Materials,7.77,17.78,Active
PROD-0004578,SUP-000058,Finished Goods Product 04578,Finished Goods,49.05,67.71,Active
PROD-0004579,SUP-000484,Components Product 04579,Components,17.58,29.76,Inactive
PROD-0004580,SUP-000508,Finished Goods Product 04580,Finished Goods,18.28,37.57,Active
PROD-0004581,SUP-000705,Industrial Parts Product 04581,Industrial Parts,7.45,16.44,Active
PROD-0004582,SUP-000477,Components Product 04582,Components,10.22,13.92,Active
PROD-0004583,SUP-000305,Industrial Parts Product 04583,Industrial Parts,106.3,263.52,Active
PROD-0004584,SUP-000636,Components Product 04584,Components,32.7,80.48,Active
PROD-0004585,SUP-000151,Packaging Product 04585,Packaging,30.34,40.62,Active
PROD-0004586,SUP-000337,Industrial Parts Product 04586,Industrial Parts,33.53,44.95,Active
PROD-0004587,SUP-000328,Components Product 04587,Components,64.62,139.49,Active
PROD-0004588,SUP-000515,Components Product 04588,Components,33.66,49.62,Active
PROD-0004589,SUP-000082,Finished Goods Product 04589,Finished Goods,38.98,90.62,Active
PROD-0004590,SUP-000350,Finished Goods Product 04590,Finished Goods,38.46,89.57,Active
PROD-0004591,SUP-000822,Industrial Parts Product 04591,Industrial Parts,29.98,63.24,Active
PROD-0004592,SUP-000255,Industrial Parts Product 04592,Industrial Parts,22.94,51.9,Active
PROD-0004593,SUP-000671,Finished Goods Product 04593,Finished Goods,57.41,106.64,Active
PROD-0004594,SUP-000779,Finished Goods Product 04594,Finished Goods,19.46,33.64,Inactive
PROD-0004595,SUP-000681,Raw Materials Product 04595,Raw Materials,81.48,153.09,Active
PROD-0004596,SUP-000198,Finished Goods Product 04596,Finished Goods,71.64,132.64,Active
PROD-0004597,SUP-000912,Raw Materials Product 04597,Raw Materials,72.66,97.35,Active
PROD-0004598,SUP-000360,Industrial Parts Product 04598,Industrial Parts,15.13,31.68,Active
PROD-0004599,SUP-000026,Industrial Parts Product 04599,Industrial Parts,84.09,150.08,Active
PROD-0004600,SUP-000996,Industrial Parts Product 04600,Industrial Parts,65.09,91.26,Active
PROD-0004601,SUP-000699,Components Product 04601,Components,9.89,60.46,Active
PROD-0004602,SUP-000925,Industrial Parts Product 04602,Industrial Parts,22.24,26.72,Active
PROD-0004603,SUP-000669,Raw Materials Product 04603,Raw Materials,157.89,357.25,Active
PROD-0004604,SUP-000049,Industrial Parts Product 04604,Industrial Parts,27.78,57.95,Active
PROD-0004605,SUP-000297,Industrial Parts Product 04605,Industrial Parts,114.46,166.51,Active
PROD-0004606,SUP-000166,Components Product 04606,Components,78.07,112.01,Active
PROD-0004607,SUP-000397,Packaging Product 04607,Packaging,18.24,37.58,Active
PROD-0004608,SUP-000916,Components Product 04608,Components,49.85,67.25,Active
PROD-0004609,SUP-000738,Packaging Product 04609,Packaging,30.83,59.58,Active
PROD-0004610,SUP-000672,Components Product 04610,Components,8.94,13.87,Active
PROD-0004611,SUP-000432,Industrial Parts Product 04611,Industrial Parts,23.33,35.16,Active
PROD-0004612,SUP-000716,Components Product 04612,Components,70.46,161.76,Active
PROD-0004613,SUP-000714,Raw Materials Product 04613,Raw Materials,28.81,70.77,Active
PROD-0004614,SUP-000282,Components Product 00011,Finished Goods,14.41,21.96,Active
PROD-0004615,SUP-000230,Raw Materials Product 04615,Raw Materials,80.62,193.74,Active
PROD-0004616,SUP-000543,Components Product 04616,Components,30.47,72.82,Active
PROD-0004617,SUP-000209,Finished Goods Product 04617,Finished Goods,100.54,242.64,Active
PROD-0004618,SUP-000084,Components Product 04618,Components,14.25,19.64,Active
PROD-0004619,SUP-000867,Raw Materials Product 04619,Raw Materials,128.46,316.56,Active
PROD-0004620,SUP-000325,Components Product 04620,Components,48.97,76.03,Active
PROD-0004621,SUP-000393,Components Product 04621,Components,60.21,78.08,Active
PROD-0004622,SUP-000598,Finished Goods Product 04622,Finished Goods,54.24,100.94,Active
PROD-0004623,SUP-000296,Finished Goods Product 04623,Finished Goods,29.19,36.3,Active
PROD-0004624,SUP-000035,Packaging Product 04624,Packaging,12.15,15.52,Active
PROD-0004625,SUP-000605,Components Product 04625,Components,13.67,29.45,Active
PROD-0004626,SUP-000039,Raw Materials Product 04626,Raw Materials,73.04,108.46,Active
PROD-0004627,SUP-000394,Components Product 04627,Components,30.77,72.89,Active
PROD-0004628,SUP-000822,Finished Goods Product 04628,Finished Goods,60.34,135.23,Active
PROD-0004629,SUP-000056,Packaging Product 04629,Packaging,41.55,75.47,Active
PROD-0004630,SUP-000714,Packaging Product 04630,Packaging,33.43,79.22,Active
PROD-0004631,SUP-000179,Raw Materials Product 04631,Raw Materials,36.95,91.46,Active
PROD-0004632,SUP-000813,Finished Goods Product 04632,Finished Goods,81.93,151.62,Active
PROD-0004633,SUP-000766,Raw Materials Product 04633,Raw Materials,16.83,20.66,Active
PROD-0004634,SUP-000351,Finished Goods Product 04634,Finished Goods,28.09,40.28,Active
PROD-0004635,SUP-000691,Components Product 04635,Components,60.7,85.83,Active
PROD-0004636,SUP-000170,Components Product 04636,Components,4.51,5.44,Active
PROD-0004637,SUP-000837,Components Product 04637,Components,42.21,67.7,Active
PROD-0004638,SUP-000099,Finished Goods Product 04638,Finished Goods,17.87,34.39,Active
PROD-0004639,SUP-000703,Finished Goods Product 04639,Finished Goods,51.96,101.85,Active
PROD-0004640,SUP-000663,Industrial Parts Product 04640,Industrial Parts,9.06,16.36,Active
PROD-0004641,SUP-000537,Components Product 04641,Components,64.97,160.42,Active
PROD-0004642,SUP-000154,Finished Goods Product 04642,Finished Goods,9.58,18.66,Active
PROD-0004643,SUP-000482,Finished Goods Product 04643,Finished Goods,16.67,26.01,Active
PROD-0004644,SUP-000281,Industrial Parts Product 04644,Industrial Parts,35.3,60.35,Active
PROD-0004645,SUP-000357,Industrial Parts Product 04645,Industrial Parts,15.7,24.03,Active
PROD-0004646,SUP-000125,Components Product 04646,Components,31.4,49.3,Inactive
PROD-0004647,SUP-000004,Packaging Product 04647,Packaging,13.74,21.51,Active
PROD-0004648,SUP-000777,Finished Goods Product 04648,Finished Goods,23.15,29.22,Active
PROD-0004649,SUP-000421,Finished Goods Product 04649,Finished Goods,60.09,107.25,Active
PROD-0004650,SUP-000638,Finished Goods Product 04650,Finished Goods,40.91,59.93,Active
PROD-0004651,SUP-000435,Components Product 04651,Components,100.97,240.71,Active
PROD-0004652,SUP-000494,Components Product 04652,Components,25.53,54.3,Active
PROD-0004653,SUP-000797,Industrial Parts Product 04653,Industrial Parts,64.7,146.33,Active
PROD-0004654,SUP-000912,Raw Materials Product 04654,Raw Materials,51.59,93.08,Active
PROD-0004655,SUP-000112,Finished Goods Product 04655,Finished Goods,170.26,205.06,Active
PROD-0004656,SUP-000333,Components Product 04656,Components,322.82,467.56,Active
PROD-0004657,SUP-000558,Raw Materials Product 04657,Raw Materials,49.73,79.3,Active
PROD-0004658,SUP-000930,Finished Goods Product 04658,Finished Goods,19.65,33.96,Active
PROD-0004659,SUP-000307,Components Product 04659,Components,20.26,33.77,Active
PROD-0004660,SUP-000408,Packaging Product 04660,Packaging,67.48,156.72,Active
PROD-0004661,SUP-000928,Components Product 00011,Components,22.39,36.58,Active
PROD-0004662,SUP-000281,Industrial Parts Product 04662,Industrial Parts,39.9,52.03,Active
PROD-0004663,SUP-000255,Components Product 04663,Components,13.27,21.58,Active
PROD-0004664,SUP-000569,Components Product 04664,Components,27.71,38.62,Active
PROD-0004665,SUP-000188,Industrial Parts Product 04665,Industrial Parts,28.54,60.46,Active
PROD-0004666,SUP-000799,Components Product 04666,Components,27.15,53.76,Active
PROD-0004667,SUP-000974,Components Product 04667,Components,89.41,5967.0,Active
PROD-0004668,SUP-000499,Components Product 04668,Components,47.48,58.74,Active
PROD-0004669,SUP-000390,Raw Materials Product 04669,Raw Materials,3285.0,3285.0,Active
PROD-0004670,SUP-001000,Industrial Parts Product 04670,Industrial Parts,45.24,106.24,Active
PROD-0004671,SUP-000107,Components Product 04671,Components,11.32,21.81,Active
PROD-0004672,SUP-000665,Packaging Product 04672,Packaging,54.54,90.28,Active
PROD-0004673,SUP-000502,Packaging Product 04673,Packaging,16.4,39.9,Active
PROD-0004674,SUP-000636,Industrial Parts Product 04674,Industrial Parts,19.78,30.98,Inactive
PROD-0004675,SUP-000301,Finished Goods Product 04675,Finished Goods,20.21,38.64,Active
PROD-0004676,SUP-000602,Packaging Product 04676,Packaging,134.3,174.01,Active
PROD-0004677,SUP-000335,Finished Goods Product 04677,Finished Goods,39.26,92.9,Active
PROD-0004678,SUP-000744,Components Product 04678,Components,42.02,5967.0,Active
PROD-0004679,SUP-000701,Raw Materials Product 04679,Raw Materials,101.6,101.6,Active
PROD-0004680,SUP-000263,Industrial Parts Product 04680,Industrial Parts,21.22,49.36,Active
PROD-0004681,SUP-000424,Components Product 04681,Components,101.79,178.08,Active
PROD-0004682,SUP-000346,Industrial Parts Product 04682,Industrial Parts,22.49,46.43,Active
PROD-0004683,SUP-000283,Components Product 04683,Components,29.52,46.82,Active
PROD-0004684,SUP-000969,Packaging Product 04684,Packaging,22.1,38.54,Active
PROD-0004685,SUP-000343,Packaging Product 04685,Packaging,19.59,27.98,Inactive
PROD-0004686,SUP-000938,Industrial Parts Product 04686,Industrial Parts,29.65,58.18,Active
PROD-0004687,SUP-000362,Components Product 04687,Components,72.34,99.38,Active
PROD-0004688,SUP-000635,Raw Materials Product 04688,Raw Materials,179.0,442.48,Active
PROD-0004689,SUP-000583,Finished Goods Product 04689,Finished Goods,7.1,8.71,Active
PROD-0004690,SUP-000484,Components Product 04690,Components,96.1,128.62,Active
PROD-0004691,SUP-000449,Raw Materials Product 04691,Raw Materials,36.52,57.04,Active
PROD-0004692,SUP-000548,Industrial Parts Product 04692,Industrial Parts,28.2,38.76,Active
PROD-0004693,SUP-000862,Industrial Parts Product 04693,Industrial Parts,31.09,77.07,Active
PROD-0004694,SUP-000023,Industrial Parts Product 04694,Industrial Parts,94.51,167.47,Active
PROD-0004695,SUP-000594,Raw Materials Product 04695,Raw Materials,58.92,122.32,Active
PROD-0004696,SUP-000855,Finished Goods Product 04696,Finished Goods,20.29,50.49,Active
PROD-0004697,SUP-000332,Raw Materials Product 04697,Raw Materials,61.04,146.25,Active
PROD-0004698,SUP-000988,Raw Materials Product 04698,Raw Materials,30.15,38.37,Active
PROD-0004699,SUP-000328,Components Product 04699,Components,19.77,36.08,Active
PROD-0004700,SUP-000177,Raw Materials Product 04700,Raw Materials,12.37,15.12,Active
PROD-0004701,SUP-000867,Components Product 04701,Components,15.74,24.59,Active
PROD-0004702,SUP-000303,Finished Goods Product 04702,Finished Goods,42.59,85.91,Active
PROD-0004703,SUP-000763,Raw Materials Product 04703,Raw Materials,21.09,28.8,Active
PROD-0004704,SUP-000569,Packaging Product 04704,Packaging,47.24,104.51,Active
PROD-0004705,SUP-000758,Packaging Product 04705,Packaging,75.81,166.54,Active
PROD-0004706,SUP-000302,Finished Goods Product 04706,Finished Goods,25.7,38.57,Active
PROD-0004707,SUP-000702,Industrial Parts Product 04707,Industrial Parts,27.27,5967.0,Active
PROD-0004708,SUP-000028,Components Product 04708,Components,10.3,23.46,Active
PROD-0004709,SUP-000212,Raw Materials Product 04709,Raw Materials,87.17,177.93,Active
PROD-0004710,SUP-000379,Components Product 04710,Components,71.75,131.77,Active
PROD-0004711,SUP-000216,Packaging Product 04711,Packaging,29.09,43.63,Active
PROD-0004712,SUP-000656,Components Product 04712,Components,24.87,31.1,Active
PROD-0004713,SUP-000543,Industrial Parts Product 04713,Industrial Parts,29.4,68.61,Active
PROD-0004714,SUP-000957,Packaging Product 04714,Packaging,38.1,94.6,Inactive
PROD-0004715,SUP-000327,Components Product 04715,Components,47.66,64.25,Active
PROD-0004716,SUP-000794,Industrial Parts Product 04716,Industrial Parts,31.57,76.29,Active
PROD-0004717,SUP-000572,Raw Materials Product 04717,Raw Materials,31.92,56.37,Active
PROD-0004718,SUP-000180,Finished Goods Product 04718,Finished Goods,61.63,132.78,Active
PROD-0004719,SUP-000189,Finished Goods Product 04719,Finished Goods,52.08,110.03,Active
PROD-0004720,SUP-000316,Industrial Parts Product 04720,Industrial Parts,136.01,254.06,Active
PROD-0004721,SUP-000353,Raw Materials Product 04721,Raw Materials,74.08,94.3,Active
PROD-0004722,SUP-000441,Components Product 04722,Components,12.51,22.41,Active
PROD-0004723,SUP-000443,Industrial Parts Product 04723,Industrial Parts,30.02,38.03,Active
PROD-0004724,SUP-000806,Components Product 04724,Components,25.83,48.94,Active
PROD-0004725,SUP-000627,Components Product 04725,Components,15.5,29.58,Active
PROD-0004726,SUP-000265,Raw Materials Product 04726,Raw Materials,35.22,63.23,Active
PROD-0004727,SUP-000602,Finished Goods Product 04727,Finished Goods,62.8,107.89,Active
PROD-0004728,SUP-000610,Raw Materials Product 04728,Raw Materials,26.71,41.35,Active
PROD-0004729,SUP-000449,Components Product 04729,Components,38.85,77.47,Active
PROD-0004730,SUP-000375,Components Product 04730,Components,34.76,70.7,Active
PROD-0004731,SUP-000934,Finished Goods Product 04731,Finished Goods,43.03,96.69,Active
PROD-0004732,SUP-000306,Raw Materials Product 04732,Raw Materials,14.49,33.79,Active
PROD-0004733,SUP-000704,Packaging Product 04733,Packaging,114.16,247.98,Inactive
PROD-0004734,SUP-000299,Industrial Parts Product 04734,Industrial Parts,48.59,121.08,Active
PROD-0004735,SUP-000984,Finished Goods Product 04735,Finished Goods,20.8,46.36,Active
PROD-0004736,SUP-000096,Finished Goods Product 04736,Finished Goods,181.86,454.22,Active
PROD-0004737,SUP-000373,Components Product 04737,Components,23.23,52.97,Inactive
PROD-0004738,SUP-000306,Components Product 04738,Components,21.71,28.93,Active
PROD-0004739,SUP-000626,Finished Goods Product 04739,Finished Goods,38.47,50.65,Active
PROD-0004740,SUP-000318,Industrial Parts Product 04740,Industrial Parts,44.28,57.5,Active
PROD-0004741,SUP-000526,Raw Materials Product 04741,Raw Materials,75.8,99.81,Active
PROD-0004742,SUP-000340,Components Product 04742,Components,88.24,177.76,Active
PROD-0004743,SUP-000887,Finished Goods Product 04743,Finished Goods,39.13,87.17,Active
PROD-0004744,SUP-000100,Packaging Product 04744,Packaging,44.79,65.58,Active
PROD-0004745,SUP-000560,Finished Goods Product 04745,Finished Goods,12.97,32.1,Active
PROD-0004746,SUP-000533,Finished Goods Product 04746,Finished Goods,127.67,157.84,Active
PROD-0004747,SUP-000882,Raw Materials Product 04747,Raw Materials,17.25,28.77,Active
PROD-0004748,SUP-000846,Components Product 04748,Components,39.85,50.35,Active
PROD-0004749,SUP-000983,Components Product 04749,Components,77.23,174.14,Active
PROD-0004750,SUP-000643,Industrial Parts Product 04750,Industrial Parts,20.4,35.11,Active
PROD-0004751,SUP-000656,Finished Goods Product 04751,Finished Goods,79.74,163.43,Active
PROD-0004752,SUP-000926,Industrial Parts Product 04752,Industrial Parts,20.8,45.99,Active
PROD-0004753,SUP-000379,Components Product 04753,Components,46.88,65.49,Active
PROD-0004754,SUP-000215,Industrial Parts Product 04754,Industrial Parts,42.94,96.09,Active
PROD-0004755,SUP-000639,Industrial Parts Product 04755,Industrial Parts,8.65,21.48,Active
PROD-0004756,SUP-000808,Raw Materials Product 04756,Raw Materials,37.57,74.92,Active
PROD-0004757,SUP-000204,Raw Materials Product 04757,Raw Materials,21.77,28.82,Active
PROD-0004758,SUP-000053,Raw Materials Product 04758,Raw Materials,33.14,319.23,Active
PROD-0004759,SUP-000123,Raw Materials Product 04759,Raw Materials,29.75,46.33,Active
PROD-0004760,SUP-000990,Packaging Product 04760,Packaging,29.6,45.9,Active
PROD-0004761,SUP-000118,Industrial Parts Product 04761,Industrial Parts,28.86,60.73,Active
PROD-0004763,SUP-000772,Finished Goods Product 04763,Finished Goods,78.41,131.29,Active
PROD-0004764,SUP-000458,Components Product 04764,Components,3.38,5.55,Active
PROD-0004765,SUP-000455,Raw Materials Product 04765,Raw Materials,50.59,103.3,Active
PROD-0004766,SUP-000123,Components Product 04766,Components,51.11,69.93,Active
PROD-0004767,SUP-000761,Finished Goods Product 04767,Finished Goods,10.42,25.23,Active
PROD-0004768,SUP-000193,Components Product 04768,Components,30.89,60.3,Active
PROD-0004769,SUP-000309,Components Product 04769,Components,34.32,49.78,Active
PROD-0004770,SUP-000361,Finished Goods Product 04770,Finished Goods,29.23,68.4,Active
PROD-0004771,SUP-000650,Components Product 04771,Components,29.37,50.25,Active
PROD-0004772,SUP-000548,Raw Materials Product 04772,Raw Materials,10.21,22.55,Active
PROD-0004773,SUP-000231,Industrial Parts Product 04773,Industrial Parts,21.87,39.77,Active
PROD-0004774,SUP-000953,Packaging Product 04774,Packaging,56.83,76.66,Active
PROD-0004775,SUP-000807,Packaging Product 04775,Packaging,38.3,84.61,Active
PROD-0004776,SUP-000244,Industrial Parts Product 04776,Industrial Parts,19.31,34.15,Active
PROD-0004777,SUP-000310,Components Product 04777,Components,30.8,47.12,Active
PROD-0004778,SUP-000829,Raw Materials Product 04778,Raw Materials,35.44,54.59,Active
PROD-0004779,SUP-000242,Raw Materials Product 04779,Raw Materials,25.24,39.73,Active
PROD-0004780,SUP-000308,Components Product 04780,Components,32.88,55.91,Active
PROD-0004781,SUP-000189,Finished Goods Product 04781,Finished Goods,28.79,53.38,Active
PROD-0004782,SUP-000956,Finished Goods Product 04782,Finished Goods,27.15,45.17,Active
PROD-0004783,SUP-000396,Components Product 04783,Components,11.48,16.43,Active
PROD-0004784,SUP-000772,Components Product 04784,Components,77.41,160.65,Active
PROD-0004785,SUP-000231,Components Product 04785,Components,51.99,104.1,Active
PROD-0004787,SUP-000540,Components Product 04787,Components,50.46,116.98,Active
PROD-0004788,SUP-000384,Industrial Parts Product 04788,Industrial Parts,71.91,88.75,Inactive
PROD-0004789,SUP-000805,Industrial Parts Product 04789,Industrial Parts,29.16,54.22,Active
PROD-0004790,SUP-000620,Industrial Parts Product 04790,Industrial Parts,53.98,127.13,Active
PROD-0004791,SUP-000851,Raw Materials Product 04791,Raw Materials,24.16,49.93,Active
PROD-0004792,SUP-000668,Industrial Parts Product 04792,Industrial Parts,68.45,141.77,Active
PROD-0004793,SUP-000390,Finished Goods Product 04793,Finished Goods,23.51,50.2,Active
PROD-0004794,SUP-000748,Finished Goods Product 04794,Finished Goods,16.14,39.65,Active
PROD-0004795,SUP-000934,Components Product 04795,Components,11.3,26.29,Active
PROD-0004796,SUP-000050,Finished Goods Product 04796,Finished Goods,8.47,13.04,Active
PROD-0004797,SUP-000751,Industrial Parts Product 04797,Industrial Parts,246.96,547.75,Active
PROD-0004798,SUP-000028,Components Product 04798,Components,14.16,20.1,Active
PROD-0004799,SUP-000334,Raw Materials Product 04799,Raw Materials,39.62,66.64,Active
PROD-0004800,SUP-000580,Finished Goods Product 04800,Finished Goods,23.73,42.46,Active
PROD-0004801,SUP-000864,Packaging Product 04801,Packaging,44.71,93.53,Active
PROD-0004802,SUP-000699,Packaging Product 04802,Packaging,168.84,240.23,Active
PROD-0004803,SUP-000130,Industrial Parts Product 04803,Industrial Parts,26.28,64.7,Active
PROD-0004804,SUP-000802,Components Product 04804,Components,15.02,32.17,Active
PROD-0004805,SUP-000549,Components Product 04805,Components,25.22,41.27,Active
PROD-0004806,SUP-000572,Packaging Product 04806,Packaging,33.14,94.96,Active
PROD-0004807,SUP-000496,Components Product 04807,Components,49.37,89.09,Active
PROD-0004808,SUP-000333,Finished Goods Product 04808,Finished Goods,25.56,48.01,Active
PROD-0004809,SUP-000781,Industrial Parts Product 04809,Industrial Parts,71.56,103.21,Active
PROD-0004810,SUP-000760,Components Product 04810,Components,28.04,69.62,Active
PROD-0004811,SUP-000070,Components Product 04811,Components,25.9,41.9,Active
PROD-0004812,SUP-000122,Components Product 04812,Components,14.89,25.47,Active
PROD-0004813,SUP-000461,Raw Materials Product 04813,Raw Materials,130.08,257.19,Active
PROD-0004814,SUP-000853,Components Product 04814,Components,21.28,31.04,Active
PROD-0004815,SUP-000631,Components Product 04815,Components,114.16,259.76,Active
PROD-0004816,SUP-000502,Industrial Parts Product 04816,Industrial Parts,15.26,34.3,Active
PROD-0004817,SUP-000416,Industrial Parts Product 04817,Industrial Parts,18.74,24.45,Active
PROD-0004818,SUP-000844,Finished Goods Product 04818,Finished Goods,37.82,48.51,Active
PROD-0004819,SUP-000972,Industrial Parts Product 04819,Industrial Parts,21.96,43.87,Active
PROD-0004820,SUP-000707,Components Product 04820,Components,27.37,53.78,Active
PROD-0004821,SUP-000904,Finished Goods Product 04821,Finished Goods,7.31,17.41,Active
PROD-0004822,SUP-000029,Packaging Product 04822,Packaging,13.34,25.52,Active
PROD-0004823,SUP-000811,Industrial Parts Product 04823,Industrial Parts,48.09,118.65,Active
PROD-0004824,SUP-000768,Raw Materials Product 04824,Raw Materials,47.21,110.95,Active
PROD-0004825,SUP-000390,Finished Goods Product 04825,Finished Goods,15.22,28.84,Active
PROD-0004826,SUP-000521,Industrial Parts Product 04826,Industrial Parts,29.12,37.24,Active
PROD-0004827,SUP-000382,Raw Materials Product 04827,Raw Materials,11.37,24.77,Active
PROD-0004828,SUP-000044,Components Product 04828,Components,48.4,113.3,Active
PROD-0004829,SUP-000754,Industrial Parts Product 04829,Industrial Parts,92.58,111.29,Active
PROD-0004830,SUP-000031,Packaging Product 04830,Packaging,9.67,13.46,Active
PROD-0004831,SUP-000695,Components Product 04831,Components,43.03,85.33,Active
PROD-0004832,SUP-000165,Components Product 04832,Components,9.37,11.8,Active
PROD-0004833,SUP-000546,Raw Materials Product 04833,Raw Materials,90.69,191.45,Active
PROD-0004834,SUP-000268,Packaging Product 04834,Packaging,201.28,313.11,Active
PROD-0004835,SUP-000988,Industrial Parts Product 04835,Industrial Parts,39.93,82.16,Active
PROD-0004836,SUP-000101,Finished Goods Product 04836,Finished Goods,15.15,19.87,Active
PROD-0004837,SUP-000883,Industrial Parts Product 04837,Industrial Parts,28.92,63.59,Active
PROD-0004838,SUP-000915,Finished Goods Product 04838,Finished Goods,40.6,52.12,Active
PROD-0004839,SUP-000635,Industrial Parts Product 04839,Industrial Parts,54.38,104.37,Active
PROD-0004840,SUP-000213,Components Product 04840,Components,14.9,28.44,Active
PROD-0004841,SUP-000825,Finished Goods Product 04841,Finished Goods,23.4,35.64,Active
PROD-0004842,SUP-000622,Components Product 04842,Components,71.05,124.32,Active
PROD-0004843,SUP-000488,Components Product 04843,Components,47.9,77.93,Active
PROD-0004844,SUP-000023,Industrial Parts Product 04844,Industrial Parts,20.0,49.41,Active
PROD-0004845,SUP-000651,Components Product 04845,Components,138.27,342.14,Active
PROD-0004846,SUP-000653,Industrial Parts Product 04846,Industrial Parts,23.76,46.07,Active
PROD-0004847,SUP-000214,Finished Goods Product 04847,Finished Goods,8.61,13.31,Active
PROD-0004848,SUP-000051,Packaging Product 04848,Packaging,16.7,26.84,Active
PROD-0004849,SUP-000512,Components Product 04849,Components,124.37,257.78,Active
PROD-0004850,SUP-000216,Raw Materials Product 04850,Raw Materials,74.61,136.64,Active
PROD-0004851,SUP-000380,Industrial Parts Product 04851,Industrial Parts,53.13,94.03,Active
PROD-0004852,SUP-000166,Components Product 04852,Components,71.36,158.22,Active
PROD-0004853,SUP-000516,Finished Goods Product 04853,Finished Goods,54.27,104.92,Active
PROD-0004854,SUP-000821,Finished Goods Product 04854,Finished Goods,17.28,40.2,Active
PROD-0004855,SUP-000064,Industrial Parts Product 04855,Industrial Parts,15.42,25.37,Active
PROD-0004856,SUP-000404,Components Product 04856,Components,19.54,37.31,Active
PROD-0004857,SUP-000690,Components Product 04857,Components,48.61,107.68,Active
PROD-0004858,SUP-000481,Finished Goods Product 04858,Finished Goods,55.68,107.82,Active
PROD-0004859,SUP-000803,Components Product 04859,Components,78.71,112.43,Active
PROD-0004860,SUP-000798,Components Product 04860,Components,136.7,313.18,Active
PROD-0004861,SUP-000548,Raw Materials Product 04861,Raw Materials,94.46,135.53,Active
PROD-0004862,SUP-000119,Finished Goods Product 04862,Finished Goods,90.46,127.82,Active
PROD-0004863,SUP-000651,Industrial Parts Product 04863,Industrial Parts,45.65,93.73,Active
PROD-0004864,SUP-000424,Industrial Parts Product 04864,Industrial Parts,28.68,47.34,Active
PROD-0004865,SUP-000760,Industrial Parts Product 04865,Industrial Parts,38.07,55.41,Active
PROD-0004866,SUP-000052,Raw Materials Product 04866,Raw Materials,18.78,40.9,Active
PROD-0004867,SUP-000717,Finished Goods Product 04867,Finished Goods,7.78,14.86,Active
PROD-0004868,SUP-000884,Finished Goods Product 04868,Finished Goods,131.2,240.35,Active
PROD-0004869,SUP-000891,Finished Goods Product 04869,Finished Goods,23.0,34.35,Active
PROD-0004870,SUP-000475,Packaging Product 04870,Packaging,31.59,47.88,Active
PROD-0004871,SUP-000947,Finished Goods Product 04871,Finished Goods,37.0,87.15,Active
PROD-0004872,SUP-000951,Raw Materials Product 04872,Raw Materials,32.66,43.71,Active
PROD-0004873,SUP-000097,Components Product 04873,Components,19.4,36.85,Active
PROD-0004874,SUP-000735,Components Product 04874,Components,15.7,31.85,Active
PROD-0004875,SUP-000143,Packaging Product 04875,Packaging,7.07,12.46,Active
PROD-0004876,SUP-000373,Components Product 04876,Components,41.75,54.69,Active
PROD-0004877,SUP-000419,Packaging Product 04877,Packaging,113.42,250.33,Active
PROD-0004878,SUP-000700,Packaging Product 04878,Packaging,41.83,60.46,Active
PROD-0004879,SUP-000114,Packaging Product 04879,Packaging,17.87,41.94,Active
PROD-0004880,SUP-000067,Finished Goods Product 04880,Finished Goods,26.26,34.21,Active
PROD-0004881,SUP-000846,Finished Goods Product 04881,Finished Goods,49.81,84.85,Active
PROD-0004882,SUP-000441,Industrial Parts Product 04882,Industrial Parts,58.31,87.07,Active
PROD-0004883,SUP-000544,Components Product 04883,Components,18.36,44.34,Active
PROD-0004884,SUP-000390,Packaging Product 04884,Packaging,12.82,24.82,Active
PROD-0004885,SUP-000633,Industrial Parts Product 04885,Industrial Parts,14.85,33.25,Active
PROD-0004886,SUP-000207,Finished Goods Product 04886,Finished Goods,48.46,100.23,Active
PROD-0004887,SUP-000424,Components Product 04887,Components,10.9,24.68,Active
PROD-0004888,SUP-000688,Components Product 04888,Components,16.46,27.79,Active
PROD-0004889,SUP-000659,Components Product 04889,Components,30.8,70.72,Active
PROD-0004890,SUP-000187,Raw Materials Product 04890,Components,127.61,278.97,Active
PROD-0004891,SUP-000983,Finished Goods Product 04891,Finished Goods,21.12,43.99,Active
PROD-0004892,SUP-000184,Industrial Parts Product 04892,Industrial Parts,61.94,61.94,Active
PROD-0004893,SUP-000494,Industrial Parts Product 04893,Industrial Parts,11.46,24.72,Active
PROD-0004894,SUP-000695,Industrial Parts Product 04894,Industrial Parts,26.4,64.0,Active
PROD-0004895,SUP-000133,Industrial Parts Product 04895,Industrial Parts,8.11,11.28,Active
PROD-0004896,SUP-000994,Packaging Product 04896,Packaging,39.51,92.05,Active
PROD-0004897,SUP-000373,Packaging Product 04897,Packaging,18.55,22.75,Active
PROD-0004898,SUP-000005,Industrial Parts Product 04898,Industrial Parts,38.71,63.07,Inactive
PROD-0004899,SUP-000087,Components Product 04899,Components,18.47,26.21,Active
PROD-0004900,SUP-000575,Packaging Product 04900,Packaging,100.05,140.84,Active
PROD-0004901,SUP-000194,Industrial Parts Product 04901,Industrial Parts,25.72,39.25,Active
PROD-0004902,SUP-000120,Components Product 04902,Components,26.1,51.06,Active
PROD-0004903,SUP-000130,Industrial Parts Product 04903,Industrial Parts,22.35,55.12,Active
PROD-0004904,SUP-000731,Components Product 04904,Components,36.74,64.36,Active
PROD-0004905,SUP-000229,Finished Goods Product 04905,Finished Goods,41.02,89.3,Active
PROD-0004906,SUP-000825,Finished Goods Product 04906,Finished Goods,17.13,40.01,Active
PROD-0004907,SUP-000196,Industrial Parts Product 04907,Industrial Parts,28.07,66.72,Active
PROD-0004908,SUP-000419,Packaging Product 04908,Packaging,46.5,100.1,Active
PROD-0004909,SUP-000664,Finished Goods Product 04909,Finished Goods,105.05,127.24,Active
PROD-0004910,SUP-000723,Industrial Parts Product 04910,Industrial Parts,3285.0,3285.0,Active
PROD-0004911,SUP-000144,Industrial Parts Product 04911,Industrial Parts,46.06,75.97,Active
PROD-0004912,SUP-000738,Finished Goods Product 04912,Finished Goods,90.81,181.63,Active
PROD-0004913,SUP-000737,Raw Materials Product 04913,Raw Materials,12.04,25.45,Active
PROD-0004914,SUP-000734,Raw Materials Product 04914,Raw Materials,97.76,128.28,Active
PROD-0004915,SUP-000724,Raw Materials Product 04915,Raw Materials,35.97,82.27,Active
PROD-0004916,SUP-000440,Components Product 04916,Components,20.8,28.19,Active
PROD-0004917,SUP-000282,Finished Goods Product 04917,Finished Goods,26.06,31.88,Active
PROD-0004918,SUP-000320,Packaging Product 04918,Packaging,65.54,117.21,Active
PROD-0004919,SUP-000316,Packaging Product 04919,Components,23.73,31.79,Active
PROD-0004920,SUP-000918,Industrial Parts Product 04920,Industrial Parts,35.56,75.78,Active
PROD-0004921,SUP-000848,Industrial Parts Product 04921,Industrial Parts,46.88,99.51,Active
PROD-0004922,SUP-000764,Raw Materials Product 04922,Raw Materials,66.84,94.78,Active
PROD-0004923,SUP-000181,Raw Materials Product 04923,Raw Materials,11.08,23.36,Active
PROD-0004924,SUP-000744,Industrial Parts Product 04924,Industrial Parts,25.61,51.97,Active
PROD-0004925,SUP-000068,Industrial Parts Product 04925,Industrial Parts,62.77,135.33,Active
PROD-0004926,SUP-000744,Industrial Parts Product 04926,Industrial Parts,96.52,198.03,Active
PROD-0004927,SUP-000402,Components Product 04927,Components,19.93,48.85,Active
PROD-0004928,SUP-000945,Components Product 04928,Components,129.79,248.92,Active
PROD-0004929,SUP-000738,Components Product 04929,Components,37.5,76.3,Active
PROD-0004930,SUP-000572,Packaging Product 04930,Packaging,11.26,22.35,Active
PROD-0004931,SUP-000701,Components Product 04931,Components,47.32,58.5,Inactive
PROD-0004932,SUP-000936,Raw Materials Product 04932,Raw Materials,26.42,51.18,Active
PROD-0004933,SUP-000013,Industrial Parts Product 04933,Industrial Parts,17.8,31.7,Active
PROD-0004934,SUP-000899,Industrial Parts Product 04934,Industrial Parts,9.58,14.29,Active
PROD-0004935,SUP-000324,Finished Goods Product 04935,Finished Goods,30.86,58.67,Active
PROD-0004936,SUP-000230,Finished Goods Product 04936,Finished Goods,46.61,113.88,Active
PROD-0004937,SUP-000358,Raw Materials Product 04937,Raw Materials,41.11,99.98,Active
PROD-0004938,SUP-000282,Raw Materials Product 04938,Raw Materials,25.02,54.83,Active
PROD-0004939,SUP-000508,Finished Goods Product 04939,Finished Goods,11.58,15.94,Active
PROD-0004940,SUP-000370,Raw Materials Product 04940,Raw Materials,83.43,149.34,Active
PROD-0004941,SUP-000532,Raw Materials Product 04941,Components,43.36,84.06,Active
PROD-0004942,SUP-000181,Components Product 04942,Components,2.03,2.77,Active
PROD-0004943,SUP-000394,Industrial Parts Product 04943,Industrial Parts,19.22,30.28,Active
PROD-0004944,SUP-000569,Finished Goods Product 04944,Finished Goods,56.27,121.98,Active
PROD-0004945,SUP-000323,Components Product 04945,Components,89.17,89.17,Active
PROD-0004946,SUP-000346,Industrial Parts Product 04946,Industrial Parts,70.83,89.71,Active
PROD-0004947,SUP-000839,Packaging Product 04947,Packaging,43.89,92.7,Active
PROD-0004948,SUP-000262,Industrial Parts Product 04948,Industrial Parts,17.29,42.08,Active
PROD-0004949,SUP-000308,Components Product 00011,Industrial Parts,92.97,226.39,Active
PROD-0004950,SUP-000565,Raw Materials Product 04950,Raw Materials,65.28,151.37,Active
PROD-0004951,SUP-000784,Components Product 04951,Components,31.32,77.54,Active
PROD-0004952,SUP-000118,Raw Materials Product 04952,Raw Materials,41.12,85.81,Active
PROD-0004953,SUP-000314,Industrial Parts Product 04953,Industrial Parts,38.48,75.03,Active
PROD-0004954,SUP-000467,Raw Materials Product 04954,Raw Materials,21.29,39.5,Active
PROD-0004955,SUP-000638,Raw Materials Product 04955,Raw Materials,27.83,40.17,Active
PROD-0004956,SUP-000358,Components Product 04956,Components,56.85,97.64,Active
PROD-0004957,SUP-000846,Industrial Parts Product 04957,Industrial Parts,32.78,68.54,Active
PROD-0004958,SUP-000624,Industrial Parts Product 04958,Industrial Parts,35.46,82.37,Active
PROD-0004959,SUP-000165,Finished Goods Product 04959,Finished Goods,16.7,38.5,Active
PROD-0004960,SUP-000031,Finished Goods Product 04960,Finished Goods,70.57,110.54,Active
PROD-0004961,SUP-000431,Industrial Parts Product 04961,Industrial Parts,50.05,83.39,Active
PROD-0004962,SUP-000282,Industrial Parts Product 04962,Industrial Parts,12.1,17.62,Active
PROD-0004963,SUP-000607,Components Product 04963,Components,38.36,81.6,Active
PROD-0004964,SUP-000544,Raw Materials Product 04964,Raw Materials,29.11,48.78,Active
PROD-0004965,SUP-000344,Industrial Parts Product 04965,Industrial Parts,138.17,273.4,Active
PROD-0004966,SUP-000186,Finished Goods Product 04966,Finished Goods,19.52,28.68,Active
PROD-0004967,SUP-000358,Raw Materials Product 04967,Raw Materials,20.99,43.39,Active
PROD-0004968,SUP-000121,Raw Materials Product 04968,Raw Materials,16.15,60.46,Active
PROD-0004969,SUP-000158,Components Product 04969,Components,157.43,383.24,Active
PROD-0004970,SUP-000454,Finished Goods Product 04970,Finished Goods,124.12,199.14,Active
PROD-0004971,SUP-000902,Industrial Parts Product 04971,Industrial Parts,56.03,133.96,Active
PROD-0004972,SUP-000502,Finished Goods Product 04972,Finished Goods,21.76,48.18,Active
PROD-0004973,SUP-000173,Industrial Parts Product 04973,Industrial Parts,7.51,15.04,Active
PROD-0004974,SUP-000450,Components Product 04974,Components,17.7,32.67,Active
PROD-0004975,SUP-000221,Finished Goods Product 04975,Finished Goods,5.54,13.59,Active
PROD-0004976,SUP-000822,Industrial Parts Product 04976,Industrial Parts,10.78,13.51,Active
PROD-0004977,SUP-000843,Finished Goods Product 04977,Finished Goods,17.23,39.35,Active
PROD-0004978,SUP-000454,Industrial Parts Product 04978,Industrial Parts,42.29,101.83,Active
PROD-0004979,SUP-000420,Finished Goods Product 04979,Finished Goods,42.04,84.25,Active
PROD-0004980,SUP-000801,Components Product 04980,Components,42.62,81.03,Active
PROD-0004981,SUP-000118,Components Product 04981,Components,86.26,159.87,Active
PROD-0004982,SUP-000553,Raw Materials Product 04982,Raw Materials,22.84,40.92,Active
PROD-0004983,SUP-000717,Raw Materials Product 04983,Raw Materials,10.06,24.41,Active
PROD-0004984,SUP-000756,Packaging Product 04984,Packaging,10.05,16.06,Active
PROD-0004985,SUP-000158,Finished Goods Product 04985,Finished Goods,9.67,12.51,Active
PROD-0004986,SUP-000774,Industrial Parts Product 04986,Industrial Parts,58.81,126.1,Active
PROD-0004987,SUP-000597,Finished Goods Product 04987,Finished Goods,13.2,27.41,Active
PROD-0004988,SUP-000270,Raw Materials Product 04988,Raw Materials,6.2,13.42,Active
PROD-0004989,SUP-000739,Finished Goods Product 04989,Finished Goods,41.51,84.21,Active
PROD-0004990,SUP-000307,Industrial Parts Product 04990,Industrial Parts,20.89,42.06,Active
PROD-0004991,SUP-000129,Finished Goods Product 04991,Finished Goods,31.63,70.9,Active
PROD-0004992,SUP-000248,Packaging Product 04992,Packaging,34.13,72.76,Active
PROD-0004993,SUP-000469,Finished Goods Product 04993,Finished Goods,12.5,28.68,Active
PROD-0004994,SUP-000416,Raw Materials Product 04994,Raw Materials,138.75,192.44,Inactive
PROD-0004995,SUP-000989,Components Product 04995,Components,18.85,27.58,Active
PROD-0004996,SUP-000474,Packaging Product 04996,Packaging,5.9,13.8,Active
PROD-0004997,SUP-000640,Industrial Parts Product 04997,Industrial Parts,98.83,189.69,Active
PROD-0004998,SUP-000760,Finished Goods Product 04998,Finished Goods,51.44,128.22,Active
PROD-0004999,SUP-000253,Packaging Product 04999,Packaging,6.51,10.93,Active
PROD-0005000,SUP-000161,Raw Materials Product 05000,Raw Materials,8.68,14.37,Active
