machine_key,machine_id,location_key,machine_name,machine_type,installation_date,status
1,MCH-000001,3,Hydraulic Press 001,Press Machine,2018-10-10,Operational
2,MCH-000002,60,Mechanical Stamping Press 002,Press Machine,2017-03-06,Operational
3,MCH-000003,9,Precision Forming Press 003,Press Machine,2018-12-22,Inactive
4,MCH-000004,64,Laser Cutting System 001,Cutting Machine,2018-10-27,Operational
5,MCH-000005,9,Automated Carton Packer 001,Packaging Machine,2016-10-25,Operational
6,MCH-000006,100,Servo Press System 004,Press Machine,2016-09-13,Operational
7,MCH-000007,17,CNC Vertical Machining Center 001,CNC Machine,2018-02-22,Operational
8,MCH-000008,98,Hydraulic Press 005,Press Machine,2016-05-14,Operational
9,MCH-000009,70,High-Speed Labeling Machine 002,Packaging Machine,2016-10-28,Operational
10,MCH-000010,5,Automated Assembly Cell 001,Assembly Machine,2018-11-07,Operational
11,MCH-000011,16,Mechanical Stamping Press 006,Press Machine,2018-07-21,Operational
12,MCH-000012,95,CNC Horizontal Machining Center 002,CNC Machine,2017-01-30,Operational
13,MCH-000013,43,Precision Slitting Machine 002,Cutting Machine,2016-04-10,Operational
14,MCH-000014,27,Precision Forming Press 007,Press Machine,2016-08-08,Operational
15,MCH-000015,90,Case Sealing System 003,Packaging Machine,2018-04-07,Operational
16,MCH-000016,63,Servo Press System 008,Press Machine,2016-07-19,Operational
17,MCH-000017,50,Industrial Sawing Center 003,Cutting Machine,2017-06-24,Operational
18,MCH-000018,16,CNC Plasma Cutting System 004,Cutting Machine,2016-04-10,Operational
19,MCH-000019,84,Flexible Packaging Line 004,Packaging Machine,2018-09-23,Operational
20,MCH-000020,97,Servo Assembly Station 002,Assembly Machine,2016-08-11,Operational
21,MCH-000021,8,Automated Carton Packer 005,Packaging Machine,2016-12-10,Operational
22,MCH-000022,30,High-Speed Labeling Machine 006,Packaging Machine,2018-01-28,Operational
23,MCH-000023,41,CNC Turning Center 003,CNC Machine,2018-08-08,Operational
24,MCH-000024,35,CNC Precision Mill 004,CNC Machine,2018-12-24,Operational
25,MCH-000025,9,Laser Cutting System 005,Cutting Machine,2016-01-19,Operational
26,MCH-000026,19,Hydraulic Press 009,Press Machine,2017-08-21,Inactive
27,MCH-000027,84,CNC Vertical Machining Center 005,CNC Machine,2016-09-25,Operational
28,MCH-000028,42,Case Sealing System 007,Packaging Machine,2017-03-05,Operational
29,MCH-000029,96,Precision Slitting Machine 006,Cutting Machine,2018-04-23,Maintenance
30,MCH-000030,38,Mechanical Stamping Press 010,Press Machine,2016-01-10,Operational
31,MCH-000031,17,Robotic Assembly Cell 003,Assembly Machine,2018-04-03,Operational
32,MCH-000032,41,Industrial Sawing Center 007,Cutting Machine,2016-06-22,Inactive
33,MCH-000033,69,Precision Forming Press 011,Press Machine,2018-05-31,Operational
34,MCH-000034,77,CNC Horizontal Machining Center 006,CNC Machine,2017-02-15,Operational
35,MCH-000035,16,CNC Plasma Cutting System 008,Cutting Machine,2016-03-05,Operational
36,MCH-000036,36,CNC Turning Center 007,CNC Machine,2016-03-27,Operational
37,MCH-000037,73,CNC Precision Mill 008,CNC Machine,2016-11-29,Operational
38,MCH-000038,87,Laser Cutting System 009,Cutting Machine,2016-02-18,Operational
39,MCH-000039,19,CNC Vertical Machining Center 009,CNC Machine,2018-07-02,Operational
40,MCH-000040,35,Flexible Packaging Line 008,Packaging Machine,2016-02-14,Operational
41,MCH-000041,56,CNC Horizontal Machining Center 010,CNC Machine,2016-02-13,Maintenance
42,MCH-000042,61,Automated Carton Packer 009,Packaging Machine,2018-11-11,Operational
43,MCH-000043,50,High-Speed Labeling Machine 010,Packaging Machine,2016-06-13,Operational
44,MCH-000044,67,Servo Press System 012,Press Machine,2018-05-09,Inactive
45,MCH-000045,40,Precision Assembly Line 004,Assembly Machine,2018-08-03,Maintenance
46,MCH-000046,36,Hydraulic Press 013,Press Machine,2017-01-19,Operational
47,MCH-000047,46,Case Sealing System 011,Packaging Machine,2018-10-26,Operational
48,MCH-000048,82,Automated Assembly Cell 005,Assembly Machine,2018-04-28,Operational
49,MCH-000049,75,Precision Slitting Machine 010,Cutting Machine,2017-05-14,Operational
50,MCH-000050,31,Flexible Packaging Line 012,Packaging Machine,2016-12-08,Operational
51,MCH-000051,28,Servo Assembly Station 006,Assembly Machine,2018-08-25,Operational
52,MCH-000052,54,Robotic Assembly Cell 007,Assembly Machine,2016-04-25,Operational
53,MCH-000053,7,CNC Turning Center 011,CNC Machine,2018-06-24,Operational
54,MCH-000054,80,Industrial Sawing Center 011,Cutting Machine,2018-12-09,Operational
55,MCH-000055,85,CNC Precision Mill 012,CNC Machine,2018-07-07,Operational
56,MCH-000056,29,Automated Carton Packer 013,Packaging Machine,2016-11-19,Operational
57,MCH-000057,3,Mechanical Stamping Press 014,Press Machine,2017-03-07,Operational
58,MCH-000058,45,High-Speed Labeling Machine 014,Packaging Machine,2018-05-30,Operational
59,MCH-000059,17,Case Sealing System 015,Packaging Machine,2016-01-26,Maintenance
60,MCH-000060,72,CNC Plasma Cutting System 012,Cutting Machine,2018-07-11,Operational
61,MCH-000061,58,CNC Vertical Machining Center 013,CNC Machine,2018-11-04,Maintenance
62,MCH-000062,46,Precision Forming Press 015,Press Machine,2017-11-20,Operational
63,MCH-000063,81,CNC Horizontal Machining Center 014,CNC Machine,2017-07-03,Operational
64,MCH-000064,39,Servo Press System 016,Press Machine,2016-10-08,Operational
65,MCH-000065,25,Flexible Packaging Line 016,Packaging Machine,2017-11-09,Operational
66,MCH-000066,34,Automated Carton Packer 017,Packaging Machine,2018-05-17,Operational
67,MCH-000067,75,Laser Cutting System 013,Cutting Machine,2018-07-20,Maintenance
68,MCH-000068,86,Hydraulic Press 017,Press Machine,2016-03-04,Operational
69,MCH-000069,82,High-Speed Labeling Machine 018,Packaging Machine,2017-02-25,Operational
70,MCH-000070,7,CNC Turning Center 015,CNC Machine,2016-06-02,Operational
71,MCH-000071,5,Mechanical Stamping Press 018,Press Machine,2018-09-14,Operational
72,MCH-000072,40,Case Sealing System 019,Packaging Machine,2017-04-28,Operational
73,MCH-000073,56,Precision Slitting Machine 014,Cutting Machine,2018-11-11,Operational
74,MCH-000074,37,Precision Forming Press 019,Press Machine,2017-04-29,Operational
75,MCH-000075,68,CNC Precision Mill 016,CNC Machine,2017-12-08,Operational
76,MCH-000076,61,CNC Vertical Machining Center 017,CNC Machine,2016-02-21,Operational
77,MCH-000077,63,Flexible Packaging Line 020,Packaging Machine,2017-08-18,Operational
78,MCH-000078,91,Precision Assembly Line 008,Assembly Machine,2017-08-25,Operational
79,MCH-000079,76,Automated Assembly Cell 009,Assembly Machine,2016-08-31,Operational
80,MCH-000080,72,CNC Horizontal Machining Center 018,CNC Machine,2016-10-22,Operational
81,MCH-000081,9,Automated Carton Packer 021,Packaging Machine,2018-07-09,Maintenance
82,MCH-000082,62,High-Speed Labeling Machine 022,Packaging Machine,2017-12-07,Operational
83,MCH-000083,31,Case Sealing System 023,Packaging Machine,2017-09-10,Operational
84,MCH-000084,83,Industrial Sawing Center 015,Cutting Machine,2018-11-01,Operational
85,MCH-000085,79,Servo Press System 020,Press Machine,2016-04-13,Operational
86,MCH-000086,75,CNC Turning Center 019,CNC Machine,2018-11-28,Operational
87,MCH-000087,98,Servo Assembly Station 010,Assembly Machine,2018-09-04,Inactive
88,MCH-000088,63,CNC Plasma Cutting System 016,Cutting Machine,2017-03-03,Inactive
89,MCH-000089,2,Robotic Assembly Cell 011,Assembly Machine,2017-06-11,Operational
90,MCH-000090,89,Laser Cutting System 017,Cutting Machine,2016-09-08,Operational
91,MCH-000091,15,Flexible Packaging Line 024,Packaging Machine,2018-10-04,Operational
92,MCH-000092,35,Automated Carton Packer 025,Packaging Machine,2018-06-29,Operational
93,MCH-000093,95,CNC Precision Mill 020,CNC Machine,2017-07-13,Operational
94,MCH-000094,53,CNC Vertical Machining Center 021,CNC Machine,2017-08-25,Operational
95,MCH-000095,82,CNC Horizontal Machining Center 022,CNC Machine,2017-11-26,Operational
96,MCH-000096,54,Hydraulic Press 021,Press Machine,2018-05-22,Inactive
97,MCH-000097,29,High-Speed Labeling Machine 026,Packaging Machine,2017-07-03,Operational
98,MCH-000098,72,Precision Assembly Line 012,Assembly Machine,2018-08-30,Operational
99,MCH-000099,65,Precision Slitting Machine 018,Cutting Machine,2018-10-30,Operational
100,MCH-000100,87,Industrial Sawing Center 019,Cutting Machine,2016-09-04,Operational
101,MCH-000101,32,CNC Turning Center 023,CNC Machine,2018-06-11,Operational
102,MCH-000102,6,Case Sealing System 027,Packaging Machine,2017-02-25,Operational
103,MCH-000103,42,Automated Assembly Cell 013,Assembly Machine,2018-08-01,Operational
104,MCH-000104,19,CNC Plasma Cutting System 020,Cutting Machine,2016-09-29,Operational
105,MCH-000105,81,Flexible Packaging Line 028,Packaging Machine,2018-09-17,Operational
106,MCH-000106,29,Automated Carton Packer 029,Packaging Machine,2017-09-11,Operational
107,MCH-000107,82,Servo Assembly Station 014,Assembly Machine,2016-03-04,Operational
108,MCH-000108,47,Laser Cutting System 021,Cutting Machine,2017-12-01,Operational
109,MCH-000109,76,High-Speed Labeling Machine 030,Packaging Machine,2018-09-02,Operational
110,MCH-000110,90,Precision Slitting Machine 022,Cutting Machine,2018-03-29,Operational
111,MCH-000111,20,Mechanical Stamping Press 022,Press Machine,2018-06-14,Operational
112,MCH-000112,79,Case Sealing System 031,Packaging Machine,2017-10-26,Operational
113,MCH-000113,42,Robotic Assembly Cell 015,Assembly Machine,2017-07-15,Operational
114,MCH-000114,23,CNC Precision Mill 024,CNC Machine,2017-12-18,Operational
115,MCH-000115,76,Flexible Packaging Line 032,Packaging Machine,2016-01-19,Operational
116,MCH-000116,71,Automated Carton Packer 033,Packaging Machine,2016-04-13,Operational
117,MCH-000117,73,Precision Forming Press 023,Press Machine,2017-01-31,Operational
118,MCH-000118,80,Servo Press System 024,Press Machine,2017-10-19,Operational
119,MCH-000119,65,CNC Vertical Machining Center 025,CNC Machine,2016-07-04,Maintenance
120,MCH-000120,16,Industrial Sawing Center 023,Cutting Machine,2016-12-12,Operational
121,MCH-000121,15,CNC Horizontal Machining Center 026,CNC Machine,2018-07-13,Operational
122,MCH-000122,37,CNC Plasma Cutting System 024,Cutting Machine,2016-09-16,Operational
123,MCH-000123,88,Precision Assembly Line 016,Assembly Machine,2018-07-16,Maintenance
124,MCH-000124,48,Hydraulic Press 025,Press Machine,2017-05-29,Operational
125,MCH-000125,17,Laser Cutting System 025,Cutting Machine,2018-11-02,Operational
126,MCH-000126,11,Mechanical Stamping Press 026,Press Machine,2018-08-31,Operational
127,MCH-000127,60,Automated Assembly Cell 017,Assembly Machine,2018-02-23,Inactive
128,MCH-000128,36,Servo Assembly Station 018,Assembly Machine,2018-05-13,Operational
129,MCH-000129,63,High-Speed Labeling Machine 034,Packaging Machine,2018-10-11,Maintenance
130,MCH-000130,87,Case Sealing System 035,Packaging Machine,2018-01-10,Operational
131,MCH-000131,31,Precision Slitting Machine 026,Cutting Machine,2016-06-24,Operational
132,MCH-000132,11,Robotic Assembly Cell 019,Assembly Machine,2018-09-03,Operational
133,MCH-000133,23,Flexible Packaging Line 036,Packaging Machine,2017-10-30,Operational
134,MCH-000134,63,Industrial Sawing Center 027,Cutting Machine,2018-06-27,Operational
135,MCH-000135,14,CNC Turning Center 027,CNC Machine,2017-04-29,Operational
136,MCH-000136,63,Precision Assembly Line 020,Assembly Machine,2018-01-28,Operational
137,MCH-000137,5,CNC Precision Mill 028,CNC Machine,2016-03-29,Operational
138,MCH-000138,16,Precision Forming Press 027,Press Machine,2018-06-20,Operational
139,MCH-000139,10,Servo Press System 028,Press Machine,2018-06-14,Operational
140,MCH-000140,50,Automated Carton Packer 037,Packaging Machine,2017-07-21,Operational
141,MCH-000141,72,Automated Assembly Cell 021,Assembly Machine,2018-05-16,Maintenance
142,MCH-000142,38,Hydraulic Press 029,Press Machine,2017-01-21,Operational
143,MCH-000143,60,High-Speed Labeling Machine 038,Packaging Machine,2016-03-27,Maintenance
144,MCH-000144,9,Servo Assembly Station 022,Assembly Machine,2017-11-12,Operational
145,MCH-000145,12,Mechanical Stamping Press 030,Press Machine,2018-09-04,Operational
146,MCH-000146,77,Robotic Assembly Cell 023,Assembly Machine,2018-03-05,Operational
147,MCH-000147,82,CNC Vertical Machining Center 029,CNC Machine,2016-09-22,Operational
148,MCH-000148,7,CNC Horizontal Machining Center 030,CNC Machine,2018-07-30,Maintenance
149,MCH-000149,42,Case Sealing System 039,Packaging Machine,2016-11-21,Operational
150,MCH-000150,30,Flexible Packaging Line 040,Packaging Machine,2018-11-21,Operational
151,MCH-000151,57,CNC Plasma Cutting System 028,Cutting Machine,2017-01-10,Operational
152,MCH-000152,34,Laser Cutting System 029,Cutting Machine,2017-05-27,Operational
153,MCH-000153,11,Precision Assembly Line 024,Assembly Machine,2018-02-14,Operational
154,MCH-000154,67,Automated Assembly Cell 025,Assembly Machine,2016-03-14,Operational
155,MCH-000155,58,Precision Forming Press 031,Press Machine,2016-09-12,Operational
156,MCH-000156,86,Precision Slitting Machine 030,Cutting Machine,2018-12-26,Operational
157,MCH-000157,22,Automated Carton Packer 041,Packaging Machine,2017-02-06,Operational
158,MCH-000158,63,CNC Turning Center 031,CNC Machine,2018-08-01,Operational
159,MCH-000159,4,High-Speed Labeling Machine 042,Packaging Machine,2016-08-27,Operational
160,MCH-000160,20,Industrial Sawing Center 031,Cutting Machine,2017-12-05,Operational
161,MCH-000161,51,CNC Precision Mill 032,CNC Machine,2017-04-30,Operational
162,MCH-000162,59,Case Sealing System 043,Packaging Machine,2017-04-24,Maintenance
163,MCH-000163,78,Servo Assembly Station 026,Assembly Machine,2017-08-21,Operational
164,MCH-000164,63,Servo Press System 032,Press Machine,2018-05-31,Operational
165,MCH-000165,44,CNC Vertical Machining Center 033,CNC Machine,2018-09-02,Operational
166,MCH-000166,11,Robotic Assembly Cell 027,Assembly Machine,2017-08-29,Operational
167,MCH-000167,48,CNC Plasma Cutting System 032,Cutting Machine,2017-04-29,Operational
168,MCH-000168,98,Laser Cutting System 033,Cutting Machine,2016-08-03,Operational
169,MCH-000169,46,Precision Slitting Machine 034,Cutting Machine,2016-12-13,Operational
170,MCH-000170,64,Precision Assembly Line 028,Assembly Machine,2016-08-11,Inactive
171,MCH-000171,64,Hydraulic Press 033,Press Machine,2016-02-15,Maintenance
172,MCH-000172,58,Flexible Packaging Line 044,Packaging Machine,2017-12-30,Unknown
173,MCH-000173,94,Automated Assembly Cell 029,Assembly Machine,2017-04-27,Operational
174,MCH-000174,8,Automated Carton Packer 045,Packaging Machine,2018-01-25,Operational
175,MCH-000175,75,Industrial Sawing Center 035,Cutting Machine,2018-01-31,Operational
176,MCH-000176,47,Servo Assembly Station 030,Assembly Machine,2017-08-27,Operational
177,MCH-000177,68,CNC Plasma Cutting System 036,Cutting Machine,2018-11-21,Operational
178,MCH-000178,5,CNC Horizontal Machining Center 034,CNC Machine,2017-12-07,Operational
179,MCH-000179,10,Laser Cutting System 037,Cutting Machine,2018-08-25,Operational
180,MCH-000180,22,CNC Turning Center 035,CNC Machine,2018-06-28,Operational
181,MCH-000181,99,Mechanical Stamping Press 034,Press Machine,2016-06-17,Unknown
182,MCH-000182,94,Precision Slitting Machine 038,Cutting Machine,2018-06-25,Operational
183,MCH-000183,93,CNC Precision Mill 036,CNC Machine,2016-10-19,Operational
184,MCH-000184,73,Industrial Sawing Center 039,Cutting Machine,2018-05-13,Operational
185,MCH-000185,22,Precision Forming Press 035,Press Machine,2017-05-30,Operational
186,MCH-000186,47,High-Speed Labeling Machine 046,Packaging Machine,2017-12-26,Operational
187,MCH-000187,42,Servo Press System 036,Press Machine,2018-04-07,Operational
188,MCH-000188,88,CNC Vertical Machining Center 037,CNC Machine,2016-06-14,Operational
189,MCH-000189,31,CNC Horizontal Machining Center 038,CNC Machine,2016-10-16,Operational
190,MCH-000190,13,Case Sealing System 047,Packaging Machine,2016-02-22,Operational
191,MCH-000191,58,Flexible Packaging Line 048,Packaging Machine,2016-12-01,Operational
192,MCH-000192,20,CNC Plasma Cutting System 040,Cutting Machine,2017-09-22,Operational
193,MCH-000193,35,Hydraulic Press 037,Press Machine,2017-08-17,Operational
194,MCH-000194,7,Automated Carton Packer 049,Packaging Machine,2017-08-08,Operational
195,MCH-000195,18,High-Speed Labeling Machine 050,Packaging Machine,2017-06-16,Operational
196,MCH-000196,36,CNC Turning Center 039,CNC Machine,2018-07-03,Maintenance
197,MCH-000197,59,CNC Precision Mill 040,CNC Machine,2018-04-02,Operational
198,MCH-000198,31,CNC Vertical Machining Center 041,CNC Machine,2016-05-16,Operational
199,MCH-000199,48,Laser Cutting System 041,Cutting Machine,2017-01-23,Operational
200,MCH-000200,47,Robotic Assembly Cell 031,Assembly Machine,2016-07-22,Operational
201,MCH-000201,15,Precision Assembly Line 032,Assembly Machine,2017-04-01,Operational
202,MCH-000202,16,Case Sealing System 051,Packaging Machine,2016-06-15,Operational
203,MCH-000203,23,Precision Slitting Machine 042,Cutting Machine,2018-12-08,Operational
204,MCH-000204,37,Automated Assembly Cell 033,Assembly Machine,2018-11-20,Operational
205,MCH-000205,59,Flexible Packaging Line 052,Packaging Machine,2016-10-10,Operational
206,MCH-000206,80,Automated Carton Packer 053,Packaging Machine,2017-03-02,Operational
207,MCH-000207,69,Servo Assembly Station 034,Assembly Machine,2017-05-02,Inactive
208,MCH-000208,23,Industrial Sawing Center 043,Cutting Machine,2017-01-19,Operational
209,MCH-000209,21,High-Speed Labeling Machine 054,Packaging Machine,2018-08-28,Inactive
210,MCH-000210,46,Mechanical Stamping Press 038,Press Machine,2016-08-20,Operational
211,MCH-000211,32,CNC Plasma Cutting System 044,Cutting Machine,2017-11-09,Operational
212,MCH-000212,36,Case Sealing System 055,Packaging Machine,2018-07-13,Operational
213,MCH-000213,11,Precision Forming Press 039,Press Machine,2016-12-03,Operational
214,MCH-000214,96,Robotic Assembly Cell 035,Assembly Machine,2018-08-01,Operational
215,MCH-000215,55,CNC Horizontal Machining Center 042,CNC Machine,2018-05-09,Operational
216,MCH-000216,95,CNC Turning Center 043,CNC Machine,2016-07-13,Operational
217,MCH-000217,66,Flexible Packaging Line 056,Packaging Machine,2016-11-02,Operational
218,MCH-000218,19,Laser Cutting System 045,Cutting Machine,2017-02-18,Operational
219,MCH-000219,11,Servo Press System 040,Press Machine,2018-10-04,Maintenance
220,MCH-000220,20,Automated Carton Packer 057,Packaging Machine,2017-11-10,Maintenance
221,MCH-000221,86,Precision Slitting Machine 046,Cutting Machine,2017-03-03,Operational
222,MCH-000222,79,Industrial Sawing Center 047,Cutting Machine,2017-01-31,Operational
223,MCH-000223,86,Hydraulic Press 041,Press Machine,2018-07-17,Operational
224,MCH-000224,7,High-Speed Labeling Machine 058,Packaging Machine,2017-03-03,Operational
225,MCH-000225,36,Precision Assembly Line 036,Assembly Machine,2016-01-27,Operational
226,MCH-000226,77,Automated Assembly Cell 037,Assembly Machine,2018-04-25,Operational
227,MCH-000227,87,CNC Plasma Cutting System 048,Cutting Machine,2016-01-31,Operational
228,MCH-000228,19,Servo Assembly Station 038,Assembly Machine,2018-04-08,Inactive
229,MCH-000229,79,Mechanical Stamping Press 042,Press Machine,2016-09-21,Operational
230,MCH-000230,50,Case Sealing System 059,Packaging Machine,2018-10-04,Operational
231,MCH-000231,22,Robotic Assembly Cell 039,Assembly Machine,2018-02-04,Operational
232,MCH-000232,67,Precision Forming Press 043,Press Machine,2017-03-16,Operational
233,MCH-000233,69,Servo Press System 044,Press Machine,2018-02-11,Operational
234,MCH-000234,65,Flexible Packaging Line 060,Packaging Machine,2018-12-12,Operational
235,MCH-000235,13,Automated Carton Packer 061,Packaging Machine,2016-04-04,Operational
236,MCH-000236,69,CNC Precision Mill 044,CNC Machine,2016-11-10,Operational
237,MCH-000237,91,Laser Cutting System 049,Cutting Machine,2017-06-23,Operational
238,MCH-000238,63,Precision Slitting Machine 050,Cutting Machine,2017-08-14,Operational
239,MCH-000239,10,High-Speed Labeling Machine 062,Packaging Machine,2018-07-15,Operational
240,MCH-000240,69,Case Sealing System 063,Packaging Machine,2018-10-24,Operational
241,MCH-000241,53,Industrial Sawing Center 051,Cutting Machine,2018-08-13,Operational
242,MCH-000242,29,Hydraulic Press 045,Press Machine,2018-07-13,Maintenance
243,MCH-000243,80,Mechanical Stamping Press 046,Press Machine,2018-02-07,Operational
244,MCH-000244,19,Flexible Packaging Line 064,Packaging Machine,2017-11-27,Operational
245,MCH-000245,84,CNC Vertical Machining Center 045,CNC Machine,2016-04-01,Operational
246,MCH-000246,89,CNC Horizontal Machining Center 046,CNC Machine,2017-01-07,Operational
247,MCH-000247,98,Automated Carton Packer 065,Packaging Machine,2018-02-14,Operational
248,MCH-000248,36,High-Speed Labeling Machine 066,Packaging Machine,2017-07-20,Operational
249,MCH-000249,76,Case Sealing System 067,Packaging Machine,2018-09-19,Operational
250,MCH-000250,3,Precision Assembly Line 040,Assembly Machine,2017-10-22,Maintenance
251,MCH-000251,17,CNC Turning Center 047,CNC Machine,2018-09-02,Operational
252,MCH-000252,73,Automated Assembly Cell 041,Assembly Machine,2018-05-17,Operational
253,MCH-000253,90,Precision Forming Press 047,Press Machine,2016-06-11,Operational
254,MCH-000254,58,Servo Press System 048,Press Machine,2017-09-25,Operational
255,MCH-000255,39,CNC Precision Mill 048,CNC Machine,2016-05-03,Operational
256,MCH-000256,76,Hydraulic Press 049,Press Machine,2018-10-22,Operational
257,MCH-000257,17,Servo Assembly Station 042,Assembly Machine,2018-08-02,Operational
258,MCH-000258,21,CNC Vertical Machining Center 049,CNC Machine,2017-02-22,Operational
259,MCH-000259,3,CNC Horizontal Machining Center 050,CNC Machine,2017-05-10,Operational
260,MCH-000260,96,CNC Plasma Cutting System 052,Cutting Machine,2017-07-31,Operational
261,MCH-000261,54,Robotic Assembly Cell 043,Assembly Machine,2016-12-30,Operational
262,MCH-000262,7,Mechanical Stamping Press 050,Press Machine,2016-01-14,Operational
263,MCH-000263,55,CNC Turning Center 051,CNC Machine,2018-05-19,Maintenance
264,MCH-000264,32,Laser Cutting System 053,Cutting Machine,2016-08-31,Inactive
265,MCH-000265,50,Precision Assembly Line 044,Assembly Machine,2016-12-18,Maintenance
266,MCH-000266,98,Automated Assembly Cell 045,Assembly Machine,2017-05-12,Operational
267,MCH-000267,5,Precision Forming Press 051,Press Machine,2016-03-10,Maintenance
268,MCH-000268,1,Servo Press System 052,Press Machine,2018-01-22,Operational
269,MCH-000269,71,Precision Slitting Machine 054,Cutting Machine,2016-01-09,Operational
270,MCH-000270,66,CNC Precision Mill 052,CNC Machine,2016-07-05,Operational
271,MCH-000271,2,Industrial Sawing Center 055,Cutting Machine,2017-04-17,Maintenance
272,MCH-000272,2,Hydraulic Press 053,Press Machine,2016-04-21,Operational
273,MCH-000273,97,Servo Assembly Station 046,Assembly Machine,2018-11-07,Operational
274,MCH-000274,11,CNC Vertical Machining Center 053,CNC Machine,2017-01-23,Operational
275,MCH-000275,2,CNC Plasma Cutting System 056,Cutting Machine,2017-08-09,Inactive
276,MCH-000276,92,Mechanical Stamping Press 054,Press Machine,2018-02-05,Operational
277,MCH-000277,79,Flexible Packaging Line 068,Packaging Machine,2016-12-20,Operational
278,MCH-000278,19,Laser Cutting System 057,Cutting Machine,2017-12-31,Operational
279,MCH-000279,73,Precision Forming Press 055,Press Machine,2016-07-04,Operational
280,MCH-000280,7,Automated Carton Packer 069,Packaging Machine,2017-03-09,Operational
281,MCH-000281,29,Robotic Assembly Cell 047,Assembly Machine,2017-09-20,Maintenance
282,MCH-000282,78,Precision Assembly Line 048,Assembly Machine,2017-08-29,Operational
283,MCH-000283,97,Precision Slitting Machine 058,Cutting Machine,2017-07-17,Operational
284,MCH-000284,1,Industrial Sawing Center 059,Cutting Machine,2017-10-26,Maintenance
285,MCH-000285,76,High-Speed Labeling Machine 070,Packaging Machine,2018-01-13,Operational
286,MCH-000286,38,Servo Press System 056,Press Machine,2018-07-04,Operational
287,MCH-000287,98,CNC Horizontal Machining Center 054,CNC Machine,2016-11-05,Operational
288,MCH-000288,76,Case Sealing System 071,Packaging Machine,2017-08-20,Operational
289,MCH-000289,23,CNC Plasma Cutting System 060,Cutting Machine,2018-08-09,Operational
290,MCH-000290,25,Flexible Packaging Line 072,Packaging Machine,2016-12-18,Operational
291,MCH-000291,13,Laser Cutting System 061,Cutting Machine,2018-03-12,Maintenance
292,MCH-000292,2,Automated Assembly Cell 049,Assembly Machine,2016-12-29,Operational
293,MCH-000293,35,Servo Assembly Station 050,Assembly Machine,2018-03-29,Maintenance
294,MCH-000294,2,Hydraulic Press 057,Press Machine,2017-03-17,Operational
295,MCH-000295,82,Mechanical Stamping Press 058,Press Machine,2018-12-14,Operational
296,MCH-000296,16,Robotic Assembly Cell 051,Assembly Machine,2018-08-24,Operational
297,MCH-000297,86,CNC Turning Center 055,CNC Machine,2018-04-14,Operational
298,MCH-000298,99,CNC Precision Mill 056,CNC Machine,2017-10-09,Operational
299,MCH-000299,75,CNC Vertical Machining Center 057,CNC Machine,2018-10-01,Operational
300,MCH-000300,65,Precision Assembly Line 052,Assembly Machine,2016-11-17,Operational
301,MCH-000301,55,Precision Slitting Machine 062,Cutting Machine,2017-11-03,Operational
302,MCH-000302,59,Automated Assembly Cell 053,Assembly Machine,2018-09-19,Maintenance
303,MCH-000303,44,Servo Assembly Station 054,Assembly Machine,2017-08-30,Operational
304,MCH-000304,6,Precision Forming Press 059,Press Machine,2017-07-08,Operational
305,MCH-000305,89,Automated Carton Packer 073,Packaging Machine,2017-10-15,Operational
306,MCH-000306,96,CNC Horizontal Machining Center 058,CNC Machine,2017-03-27,Operational
307,MCH-000307,30,Servo Press System 060,Press Machine,2016-12-04,Operational
308,MCH-000308,56,High-Speed Labeling Machine 074,Packaging Machine,2017-10-29,Operational
309,MCH-000309,54,Hydraulic Press 061,Press Machine,2018-03-25,Operational
310,MCH-000310,23,Mechanical Stamping Press 062,Press Machine,2018-05-21,Operational
311,MCH-000311,35,Case Sealing System 075,Packaging Machine,2017-03-13,Operational
312,MCH-000312,4,Precision Forming Press 063,Press Machine,2017-04-01,Operational
313,MCH-000313,70,Industrial Sawing Center 063,Cutting Machine,2018-05-15,Operational
314,MCH-000314,63,CNC Plasma Cutting System 064,Cutting Machine,2018-11-07,Operational
315,MCH-000315,49,Flexible Packaging Line 076,Packaging Machine,2018-09-15,Operational
316,MCH-000316,81,CNC Turning Center 059,CNC Machine,2018-11-02,Operational
317,MCH-000317,38,Laser Cutting System 065,Cutting Machine,2016-04-23,Operational
318,MCH-000318,36,CNC Precision Mill 060,CNC Machine,2016-12-27,Operational
319,MCH-000319,69,Robotic Assembly Cell 055,Assembly Machine,2016-09-08,Maintenance
320,MCH-000320,22,Automated Carton Packer 077,Packaging Machine,2016-11-14,Operational
321,MCH-000321,94,Precision Assembly Line 056,Assembly Machine,2016-11-22,Operational
322,MCH-000322,21,Automated Assembly Cell 057,Assembly Machine,2016-10-08,Operational
323,MCH-000323,60,Servo Press System 064,Press Machine,2016-04-14,Operational
324,MCH-000324,93,High-Speed Labeling Machine 078,Packaging Machine,2016-09-14,Operational
325,MCH-000325,42,Servo Assembly Station 058,Assembly Machine,2016-08-22,Operational
326,MCH-000326,56,Precision Slitting Machine 066,Cutting Machine,2018-06-03,Maintenance
327,MCH-000327,75,CNC Vertical Machining Center 061,CNC Machine,2016-07-25,Operational
328,MCH-000328,43,Case Sealing System 079,Packaging Machine,2017-06-23,Operational
329,MCH-000329,34,CNC Horizontal Machining Center 062,CNC Machine,2018-11-12,Unknown
330,MCH-000330,56,Flexible Packaging Line 080,Packaging Machine,2016-03-23,Maintenance
331,MCH-000331,5,Robotic Assembly Cell 059,Assembly Machine,2017-10-01,Operational
332,MCH-000332,39,Automated Carton Packer 081,Packaging Machine,2016-06-08,Operational
333,MCH-000333,54,CNC Turning Center 063,CNC Machine,2016-06-13,Operational
334,MCH-000334,28,Industrial Sawing Center 067,Cutting Machine,2017-01-17,Operational
335,MCH-000335,4,CNC Plasma Cutting System 068,Cutting Machine,2018-09-21,Inactive
336,MCH-000336,3,High-Speed Labeling Machine 082,Packaging Machine,2016-12-10,Operational
337,MCH-000337,99,Case Sealing System 083,Packaging Machine,2016-02-25,Operational
338,MCH-000338,99,Precision Assembly Line 060,Assembly Machine,2016-07-30,Operational
339,MCH-000339,12,Flexible Packaging Line 084,Packaging Machine,2018-09-11,Maintenance
340,MCH-000340,68,Automated Carton Packer 085,Packaging Machine,2018-01-18,Operational
341,MCH-000341,45,High-Speed Labeling Machine 086,Packaging Machine,2016-07-27,Maintenance
342,MCH-000342,23,Hydraulic Press 065,Press Machine,2018-08-25,Operational
343,MCH-000343,58,Laser Cutting System 069,Cutting Machine,2018-11-11,Operational
344,MCH-000344,7,CNC Precision Mill 064,CNC Machine,2017-12-31,Operational
345,MCH-000345,71,Precision Slitting Machine 070,Cutting Machine,2018-03-13,Inactive
346,MCH-000346,37,Mechanical Stamping Press 066,Press Machine,2018-02-19,Operational
347,MCH-000347,48,Precision Forming Press 067,Press Machine,2018-01-31,Maintenance
348,MCH-000348,70,Case Sealing System 087,Packaging Machine,2017-09-28,Operational
349,MCH-000349,18,CNC Vertical Machining Center 065,CNC Machine,2018-08-10,Operational
350,MCH-000350,42,Industrial Sawing Center 071,Cutting Machine,2018-03-30,Operational
351,MCH-000351,1,Servo Press System 068,Press Machine,2017-09-01,Operational
352,MCH-000352,48,Automated Assembly Cell 061,Assembly Machine,2018-05-09,Operational
353,MCH-000353,6,Hydraulic Press 069,Press Machine,2016-09-09,Operational
354,MCH-000354,14,CNC Horizontal Machining Center 066,CNC Machine,2018-06-15,Operational
355,MCH-000355,89,Flexible Packaging Line 088,Packaging Machine,2017-11-08,Operational
356,MCH-000356,89,Mechanical Stamping Press 070,Press Machine,2016-01-24,Operational
357,MCH-000357,31,Servo Assembly Station 062,Assembly Machine,2016-10-27,Operational
358,MCH-000358,78,CNC Plasma Cutting System 072,Cutting Machine,2016-02-02,Operational
359,MCH-000359,22,Automated Carton Packer 089,Packaging Machine,2017-05-03,Operational
360,MCH-000360,74,Robotic Assembly Cell 063,Assembly Machine,2017-11-22,Operational
361,MCH-000361,2,High-Speed Labeling Machine 090,Packaging Machine,2016-07-04,Maintenance
362,MCH-000362,67,Precision Assembly Line 064,Assembly Machine,2017-12-31,Operational
363,MCH-000363,99,Automated Assembly Cell 065,Assembly Machine,2017-11-23,Operational
364,MCH-000364,82,Servo Assembly Station 066,Assembly Machine,2016-01-10,Operational
365,MCH-000365,31,Laser Cutting System 073,Cutting Machine,2017-10-21,Maintenance
366,MCH-000366,95,CNC Turning Center 067,CNC Machine,2017-07-18,Operational
367,MCH-000367,51,Precision Slitting Machine 074,Cutting Machine,2016-01-02,Maintenance
368,MCH-000368,30,Industrial Sawing Center 075,Cutting Machine,2017-10-07,Operational
369,MCH-000369,16,CNC Plasma Cutting System 076,Cutting Machine,2017-09-23,Operational
370,MCH-000370,14,Laser Cutting System 077,Cutting Machine,2017-10-13,Operational
371,MCH-000371,38,CNC Precision Mill 068,CNC Machine,2018-01-27,Operational
372,MCH-000372,48,Precision Slitting Machine 078,Cutting Machine,2016-05-13,Operational
373,MCH-000373,19,Industrial Sawing Center 079,Cutting Machine,2018-07-14,Operational
374,MCH-000374,19,Robotic Assembly Cell 067,Assembly Machine,2016-04-03,Operational
375,MCH-000375,6,Precision Assembly Line 068,Assembly Machine,2017-02-28,Operational
376,MCH-000376,19,CNC Plasma Cutting System 080,Cutting Machine,2017-01-28,Operational
377,MCH-000377,55,Precision Forming Press 071,Press Machine,2018-12-09,Operational
378,MCH-000378,57,CNC Vertical Machining Center 069,CNC Machine,2017-06-29,Maintenance
379,MCH-000379,23,Laser Cutting System 081,Cutting Machine,2017-01-04,Inactive
380,MCH-000380,42,Precision Slitting Machine 082,Cutting Machine,2018-11-22,Operational
381,MCH-000381,91,Industrial Sawing Center 083,Cutting Machine,2016-09-19,Operational
382,MCH-000382,51,Case Sealing System 091,Packaging Machine,2016-04-20,Maintenance
383,MCH-000383,93,CNC Horizontal Machining Center 070,CNC Machine,2017-04-05,Operational
384,MCH-000384,78,Servo Press System 072,Press Machine,2018-08-12,Operational
385,MCH-000385,52,Automated Assembly Cell 069,Assembly Machine,2018-12-15,Maintenance
386,MCH-000386,72,CNC Turning Center 071,CNC Machine,2016-02-15,Operational
387,MCH-000387,97,Hydraulic Press 073,Press Machine,2017-11-18,Operational
388,MCH-000388,53,Mechanical Stamping Press 074,Press Machine,2018-09-03,Operational
389,MCH-000389,8,Precision Forming Press 075,Press Machine,2017-10-17,Operational
390,MCH-000390,67,CNC Precision Mill 072,CNC Machine,2018-04-24,Operational
391,MCH-000391,55,Servo Press System 076,Press Machine,2016-09-09,Operational
392,MCH-000392,17,Flexible Packaging Line 092,Packaging Machine,2017-11-17,Operational
393,MCH-000393,60,CNC Plasma Cutting System 084,Cutting Machine,2018-07-20,Operational
394,MCH-000394,68,Automated Carton Packer 093,Packaging Machine,2017-09-26,Operational
395,MCH-000395,15,Hydraulic Press 077,Press Machine,2017-05-12,Operational
396,MCH-000396,10,CNC Vertical Machining Center 073,CNC Machine,2018-10-13,Inactive
397,MCH-000397,3,Laser Cutting System 085,Cutting Machine,2016-01-29,Operational
398,MCH-000398,1,Precision Slitting Machine 086,Cutting Machine,2018-02-25,Operational
399,MCH-000399,86,Mechanical Stamping Press 078,Press Machine,2017-11-28,Operational
400,MCH-000400,45,Industrial Sawing Center 087,Cutting Machine,2018-07-02,Maintenance
401,MCH-000401,28,Servo Assembly Station 070,Assembly Machine,2018-04-29,Operational
402,MCH-000402,88,High-Speed Labeling Machine 094,Packaging Machine,2017-09-10,Operational
403,MCH-000403,78,Robotic Assembly Cell 071,Assembly Machine,2018-11-17,Operational
404,MCH-000404,66,Precision Forming Press 079,Press Machine,2017-05-07,Operational
405,MCH-000405,61,Precision Assembly Line 072,Assembly Machine,2018-12-02,Operational
406,MCH-000406,99,CNC Plasma Cutting System 088,Cutting Machine,2018-02-26,Operational
407,MCH-000407,100,Case Sealing System 095,Packaging Machine,2017-06-17,Operational
408,MCH-000408,2,Flexible Packaging Line 096,Packaging Machine,2016-01-18,Operational
409,MCH-000409,30,Servo Press System 080,Press Machine,2017-05-03,Maintenance
410,MCH-000410,54,Laser Cutting System 089,Cutting Machine,2018-06-14,Operational
411,MCH-000411,12,Automated Carton Packer 097,Packaging Machine,2016-03-12,Operational
412,MCH-000412,23,Automated Assembly Cell 073,Assembly Machine,2017-08-31,Operational
413,MCH-000413,72,CNC Horizontal Machining Center 074,CNC Machine,2017-09-26,Operational
414,MCH-000414,65,Precision Slitting Machine 090,Cutting Machine,2016-02-07,Operational
415,MCH-000415,1,Hydraulic Press 081,Press Machine,2016-07-21,Operational
416,MCH-000416,37,Servo Assembly Station 074,Assembly Machine,2018-08-25,Operational
417,MCH-000417,76,Robotic Assembly Cell 075,Assembly Machine,2017-03-18,Operational
418,MCH-000418,86,CNC Turning Center 075,CNC Machine,2017-07-07,Operational
419,MCH-000419,81,Industrial Sawing Center 091,Cutting Machine,2018-10-24,Operational
420,MCH-000420,100,Precision Assembly Line 076,Assembly Machine,2018-08-04,Operational
421,MCH-000421,60,CNC Plasma Cutting System 092,Cutting Machine,2017-05-25,Operational
422,MCH-000422,23,Laser Cutting System 093,Cutting Machine,2017-08-12,Operational
423,MCH-000423,78,Precision Slitting Machine 094,Cutting Machine,2018-02-12,Operational
424,MCH-000424,49,Industrial Sawing Center 095,Cutting Machine,2018-06-20,Inactive
425,MCH-000425,85,CNC Plasma Cutting System 096,Cutting Machine,2016-12-25,Operational
426,MCH-000426,53,Automated Assembly Cell 077,Assembly Machine,2018-04-22,Maintenance
427,MCH-000427,99,Servo Assembly Station 078,Assembly Machine,2018-09-19,Operational
428,MCH-000428,59,CNC Precision Mill 076,CNC Machine,2017-02-20,Operational
429,MCH-000429,56,CNC Vertical Machining Center 077,CNC Machine,2018-09-18,Operational
430,MCH-000430,3,CNC Horizontal Machining Center 078,CNC Machine,2017-11-20,Operational
431,MCH-000431,55,CNC Turning Center 079,CNC Machine,2017-05-21,Operational
432,MCH-000432,100,Robotic Assembly Cell 079,Assembly Machine,2018-09-12,Operational
433,MCH-000433,32,Mechanical Stamping Press 082,Press Machine,2017-01-15,Operational
434,MCH-000434,31,Precision Forming Press 083,Press Machine,2018-10-10,Operational
435,MCH-000435,29,High-Speed Labeling Machine 098,Packaging Machine,2018-04-04,Operational
436,MCH-000436,41,Servo Press System 084,Press Machine,2016-12-12,Operational
437,MCH-000437,11,Precision Assembly Line 080,Assembly Machine,2016-02-27,Maintenance
438,MCH-000438,88,Automated Assembly Cell 081,Assembly Machine,2017-11-22,Operational
439,MCH-000439,19,Case Sealing System 099,Packaging Machine,2017-04-26,Operational
440,MCH-000440,44,CNC Precision Mill 080,CNC Machine,2016-07-03,Operational
441,MCH-000441,61,Laser Cutting System 097,Cutting Machine,2016-04-26,Operational
442,MCH-000442,54,CNC Vertical Machining Center 081,CNC Machine,2018-04-26,Operational
443,MCH-000443,83,Flexible Packaging Line 100,Packaging Machine,2017-06-22,Operational
444,MCH-000444,55,CNC Horizontal Machining Center 082,CNC Machine,2018-08-05,Operational
445,MCH-000445,55,CNC Turning Center 083,CNC Machine,2018-04-06,Operational
446,MCH-000446,62,CNC Precision Mill 084,CNC Machine,2017-06-27,Maintenance
447,MCH-000447,74,CNC Vertical Machining Center 085,CNC Machine,2017-05-26,Maintenance
448,MCH-000448,62,Servo Assembly Station 082,Assembly Machine,2017-01-06,Operational
449,MCH-000449,59,Robotic Assembly Cell 083,Assembly Machine,2016-09-06,Operational
450,MCH-000450,34,Hydraulic Press 085,Press Machine,2018-07-26,Operational
451,MCH-000451,90,CNC Horizontal Machining Center 086,CNC Machine,2018-04-08,Operational
452,MCH-000452,5,Precision Assembly Line 084,Assembly Machine,2018-01-03,Operational
453,MCH-000453,15,Automated Carton Packer 101,Packaging Machine,2017-07-29,Operational
454,MCH-000454,28,Automated Assembly Cell 085,Assembly Machine,2016-02-17,Operational
455,MCH-000455,56,Mechanical Stamping Press 086,Press Machine,2016-10-07,Operational
456,MCH-000456,29,Servo Assembly Station 086,Assembly Machine,2018-11-16,Operational
457,MCH-000457,25,Robotic Assembly Cell 087,Assembly Machine,2018-04-04,Inactive
458,MCH-000458,70,High-Speed Labeling Machine 102,Packaging Machine,2017-11-13,Operational
459,MCH-000459,76,Precision Assembly Line 088,Assembly Machine,2016-10-21,Operational
460,MCH-000460,93,Case Sealing System 103,Packaging Machine,2016-10-05,Operational
461,MCH-000461,75,Precision Forming Press 087,Press Machine,2016-04-17,Maintenance
462,MCH-000462,1,Precision Slitting Machine 098,Cutting Machine,2017-03-17,Operational
463,MCH-000463,8,Industrial Sawing Center 099,Cutting Machine,2018-10-23,Operational
464,MCH-000464,34,Servo Press System 088,Press Machine,2016-07-09,Operational
465,MCH-000465,14,Hydraulic Press 089,Press Machine,2016-12-05,Operational
466,MCH-000466,6,Automated Assembly Cell 089,Assembly Machine,2016-06-17,Operational
467,MCH-000467,98,Servo Assembly Station 090,Assembly Machine,2017-11-09,Operational
468,MCH-000468,43,Robotic Assembly Cell 091,Assembly Machine,2017-01-12,Maintenance
469,MCH-000469,6,Flexible Packaging Line 104,Packaging Machine,2018-11-10,Operational
470,MCH-000470,53,Precision Assembly Line 092,Assembly Machine,2018-08-22,Inactive
471,MCH-000471,20,Automated Assembly Cell 093,Assembly Machine,2016-09-26,Operational
472,MCH-000472,63,CNC Plasma Cutting System 100,Cutting Machine,2018-01-30,Operational
473,MCH-000473,60,Mechanical Stamping Press 090,Press Machine,2016-07-27,Operational
474,MCH-000474,97,Precision Forming Press 091,Press Machine,2018-12-24,Operational
475,MCH-000475,32,Automated Carton Packer 105,Packaging Machine,2018-07-16,Maintenance
476,MCH-000476,87,Servo Assembly Station 094,Assembly Machine,2017-08-17,Operational
477,MCH-000477,44,Laser Cutting System 101,Cutting Machine,2017-08-11,Operational
478,MCH-000478,88,CNC Turning Center 087,CNC Machine,2016-02-07,Operational
479,MCH-000479,48,Servo Press System 092,Press Machine,2018-05-11,Operational
480,MCH-000480,65,CNC Precision Mill 088,CNC Machine,2017-01-09,Operational
481,MCH-000481,22,CNC Vertical Machining Center 089,CNC Machine,2018-09-23,Operational
482,MCH-000482,92,Precision Slitting Machine 102,Cutting Machine,2017-01-01,Operational
483,MCH-000483,29,Robotic Assembly Cell 095,Assembly Machine,2017-08-22,Operational
484,MCH-000484,5,High-Speed Labeling Machine 106,Packaging Machine,2016-04-28,Operational
485,MCH-000485,63,Case Sealing System 107,Packaging Machine,2018-11-14,Operational
486,MCH-000486,36,Flexible Packaging Line 108,Packaging Machine,2018-04-08,Inactive
487,MCH-000487,71,Precision Assembly Line 096,Assembly Machine,2017-05-02,Maintenance
488,MCH-000488,98,Industrial Sawing Center 103,Cutting Machine,2017-03-30,Operational
489,MCH-000489,15,Automated Assembly Cell 097,Assembly Machine,2017-09-28,Operational
490,MCH-000490,25,Hydraulic Press 093,Press Machine,2018-11-20,Operational
491,MCH-000491,18,CNC Plasma Cutting System 104,Cutting Machine,2017-04-29,Operational
492,MCH-000492,65,Laser Cutting System 105,Cutting Machine,2017-12-07,Operational
493,MCH-000493,88,Precision Slitting Machine 106,Cutting Machine,2017-01-15,Operational
494,MCH-000494,74,CNC Horizontal Machining Center 090,CNC Machine,2016-09-30,Operational
495,MCH-000495,4,Automated Carton Packer 109,Packaging Machine,2016-12-20,Operational
496,MCH-000496,70,High-Speed Labeling Machine 110,Packaging Machine,2017-04-26,Operational
497,MCH-000497,100,Servo Assembly Station 098,Assembly Machine,2016-09-07,Operational
498,MCH-000498,7,Robotic Assembly Cell 099,Assembly Machine,2017-05-25,Operational
499,MCH-000499,57,CNC Turning Center 091,CNC Machine,2016-09-24,Operational
500,MCH-000500,6,Mechanical Stamping Press 094,Press Machine,2017-03-06,Operational
501,MCH-000501,53,Precision Forming Press 095,Press Machine,2016-06-08,Operational
502,MCH-000502,37,Servo Press System 096,Press Machine,2017-02-20,Operational
503,MCH-000503,31,Case Sealing System 111,Packaging Machine,2016-12-01,Operational
504,MCH-000504,17,Hydraulic Press 097,Press Machine,2017-12-26,Operational
505,MCH-000505,60,Flexible Packaging Line 112,Packaging Machine,2016-02-18,Unknown
506,MCH-000506,43,Mechanical Stamping Press 098,Press Machine,2016-06-09,Operational
507,MCH-000507,4,Precision Forming Press 099,Press Machine,2018-11-28,Operational
508,MCH-000508,29,Precision Assembly Line 100,Assembly Machine,2017-11-22,Operational
509,MCH-000509,64,Servo Press System 100,Press Machine,2017-10-17,Operational
510,MCH-000510,94,Automated Carton Packer 113,Packaging Machine,2018-08-12,Operational
511,MCH-000511,68,Hydraulic Press 101,Press Machine,2018-11-12,Operational
512,MCH-000512,88,High-Speed Labeling Machine 114,Packaging Machine,2016-07-06,Operational
513,MCH-000513,60,Automated Assembly Cell 101,Assembly Machine,2017-06-08,Operational
514,MCH-000514,97,Industrial Sawing Center 107,Cutting Machine,2017-10-26,Operational
515,MCH-000515,46,CNC Plasma Cutting System 108,Cutting Machine,2017-09-28,Operational
516,MCH-000516,41,CNC Precision Mill 092,CNC Machine,2017-08-21,Operational
517,MCH-000517,31,Laser Cutting System 109,Cutting Machine,2016-07-16,Operational
518,MCH-000518,60,Servo Assembly Station 102,Assembly Machine,2018-01-06,Inactive
519,MCH-000519,7,Case Sealing System 115,Packaging Machine,2016-01-22,Operational
520,MCH-000520,45,Precision Slitting Machine 110,Cutting Machine,2016-06-29,Operational
521,MCH-000521,43,Flexible Packaging Line 116,Packaging Machine,2018-11-18,Operational
522,MCH-000522,41,CNC Vertical Machining Center 093,CNC Machine,2017-10-25,Operational
523,MCH-000523,48,Mechanical Stamping Press 102,Press Machine,2016-07-14,Operational
524,MCH-000524,25,Industrial Sawing Center 111,Cutting Machine,2017-12-18,Operational
525,MCH-000525,46,CNC Horizontal Machining Center 094,CNC Machine,2017-01-30,Operational
526,MCH-000526,84,CNC Turning Center 095,CNC Machine,2016-08-06,Unknown
527,MCH-000527,67,CNC Plasma Cutting System 112,Cutting Machine,2018-09-10,Operational
528,MCH-000528,81,CNC Precision Mill 096,CNC Machine,2016-09-09,Operational
529,MCH-000529,66,Automated Carton Packer 117,Packaging Machine,2017-02-22,Operational
530,MCH-000530,94,Precision Forming Press 103,Press Machine,2016-11-09,Operational
531,MCH-000531,78,CNC Vertical Machining Center 097,CNC Machine,2016-06-09,Inactive
532,MCH-000532,6,Servo Press System 104,Press Machine,2018-08-17,Operational
533,MCH-000533,68,Hydraulic Press 105,Press Machine,2018-02-01,Operational
534,MCH-000534,19,Mechanical Stamping Press 106,Press Machine,2017-05-09,Operational
535,MCH-000535,67,Laser Cutting System 113,Cutting Machine,2016-07-15,Operational
536,MCH-000536,87,Precision Forming Press 107,Press Machine,2016-12-19,Operational
537,MCH-000537,97,Servo Press System 108,Press Machine,2018-05-14,Operational
538,MCH-000538,92,CNC Horizontal Machining Center 098,CNC Machine,2016-02-15,Inactive
539,MCH-000539,70,Robotic Assembly Cell 103,Assembly Machine,2017-08-31,Operational
540,MCH-000540,88,CNC Turning Center 099,CNC Machine,2016-12-05,Operational
541,MCH-000541,56,Precision Slitting Machine 114,Cutting Machine,2017-12-06,Operational
542,MCH-000542,33,High-Speed Labeling Machine 118,Packaging Machine,2018-04-13,Operational
543,MCH-000543,39,CNC Precision Mill 100,CNC Machine,2016-07-22,Maintenance
544,MCH-000544,71,Case Sealing System 119,Packaging Machine,2018-09-15,Operational
545,MCH-000545,65,Precision Assembly Line 104,Assembly Machine,2016-11-09,Operational
546,MCH-000546,83,Industrial Sawing Center 115,Cutting Machine,2018-04-16,Operational
547,MCH-000547,53,Flexible Packaging Line 120,Packaging Machine,2016-05-17,Operational
548,MCH-000548,35,CNC Vertical Machining Center 101,CNC Machine,2018-08-16,Operational
549,MCH-000549,91,CNC Plasma Cutting System 116,Cutting Machine,2017-12-18,Operational
550,MCH-000550,78,Laser Cutting System 117,Cutting Machine,2017-07-29,Operational
551,MCH-000551,43,Precision Slitting Machine 118,Cutting Machine,2018-05-17,Maintenance
552,MCH-000552,71,Industrial Sawing Center 119,Cutting Machine,2017-08-16,Operational
553,MCH-000553,95,Automated Carton Packer 121,Packaging Machine,2017-02-26,Operational
554,MCH-000554,22,Automated Assembly Cell 105,Assembly Machine,2016-09-13,Operational
555,MCH-000555,28,High-Speed Labeling Machine 122,Packaging Machine,2017-10-27,Operational
556,MCH-000556,74,Servo Assembly Station 106,Assembly Machine,2016-12-16,Operational
557,MCH-000557,27,Robotic Assembly Cell 107,Assembly Machine,2016-10-26,Maintenance
558,MCH-000558,34,CNC Plasma Cutting System 120,Cutting Machine,2018-11-18,Operational
559,MCH-000559,93,Laser Cutting System 121,Cutting Machine,2016-09-10,Operational
560,MCH-000560,90,Hydraulic Press 109,Press Machine,2017-12-12,Operational
561,MCH-000561,19,Precision Slitting Machine 122,Cutting Machine,2016-09-29,Operational
562,MCH-000562,31,Precision Assembly Line 108,Assembly Machine,2016-11-23,Operational
563,MCH-000563,74,Automated Assembly Cell 109,Assembly Machine,2018-05-28,Operational
564,MCH-000564,52,Mechanical Stamping Press 110,Press Machine,2018-03-21,Operational
565,MCH-000565,78,Industrial Sawing Center 123,Cutting Machine,2016-01-15,Operational
566,MCH-000566,99,CNC Plasma Cutting System 124,Cutting Machine,2016-01-12,Operational
567,MCH-000567,13,Case Sealing System 123,Packaging Machine,2016-11-25,Operational
568,MCH-000568,100,Flexible Packaging Line 124,Packaging Machine,2018-08-05,Operational
569,MCH-000569,74,Laser Cutting System 125,Cutting Machine,2018-07-06,Operational
570,MCH-000570,88,Servo Assembly Station 110,Assembly Machine,2017-07-11,Unknown
571,MCH-000571,49,CNC Horizontal Machining Center 102,CNC Machine,2018-12-10,Operational
572,MCH-000572,41,Automated Carton Packer 125,Packaging Machine,2016-04-23,Operational
573,MCH-000573,41,Precision Forming Press 111,Press Machine,2017-08-02,Operational
574,MCH-000574,70,Precision Slitting Machine 126,Cutting Machine,2016-06-29,Operational
575,MCH-000575,86,CNC Turning Center 103,CNC Machine,2017-06-27,Operational
576,MCH-000576,59,Servo Press System 112,Press Machine,2018-06-06,Maintenance
577,MCH-000577,73,Robotic Assembly Cell 111,Assembly Machine,2016-03-01,Operational
578,MCH-000578,25,Industrial Sawing Center 127,Cutting Machine,2017-01-14,Operational
579,MCH-000579,31,Hydraulic Press 113,Press Machine,2016-01-05,Operational
580,MCH-000580,15,CNC Precision Mill 104,CNC Machine,2016-12-07,Operational
581,MCH-000581,70,Mechanical Stamping Press 114,Press Machine,2018-04-05,Operational
582,MCH-000582,27,Precision Forming Press 115,Press Machine,2018-02-01,Operational
583,MCH-000583,50,CNC Vertical Machining Center 105,CNC Machine,2016-09-23,Operational
584,MCH-000584,34,CNC Plasma Cutting System 128,Cutting Machine,2018-09-09,Operational
585,MCH-000585,74,CNC Horizontal Machining Center 106,CNC Machine,2016-08-13,Operational
586,MCH-000586,57,Precision Assembly Line 112,Assembly Machine,2017-03-04,Operational
587,MCH-000587,7,High-Speed Labeling Machine 126,Packaging Machine,2016-01-09,Operational
588,MCH-000588,14,Laser Cutting System 129,Cutting Machine,2018-06-16,Operational
589,MCH-000589,51,Case Sealing System 127,Packaging Machine,2017-08-27,Operational
590,MCH-000590,93,Precision Slitting Machine 130,Cutting Machine,2016-01-14,Operational
591,MCH-000591,29,Servo Press System 116,Press Machine,2016-12-07,Operational
592,MCH-000592,93,Flexible Packaging Line 128,Packaging Machine,2016-01-29,Operational
593,MCH-000593,98,Automated Carton Packer 129,Packaging Machine,2018-02-28,Operational
594,MCH-000594,5,CNC Turning Center 107,CNC Machine,2016-11-16,Operational
595,MCH-000595,65,Automated Assembly Cell 113,Assembly Machine,2018-01-31,Operational
596,MCH-000596,20,Industrial Sawing Center 131,Cutting Machine,2016-05-08,Operational
597,MCH-000597,15,Hydraulic Press 117,Press Machine,2017-05-30,Operational
598,MCH-000598,47,CNC Plasma Cutting System 132,Cutting Machine,2016-07-18,Operational
599,MCH-000599,65,CNC Precision Mill 108,CNC Machine,2018-11-07,Operational
600,MCH-000600,85,Mechanical Stamping Press 118,Press Machine,2018-10-29,Operational
601,MCH-000601,7,High-Speed Labeling Machine 130,Packaging Machine,2017-02-08,Operational
602,MCH-000602,57,Servo Assembly Station 114,Assembly Machine,2018-10-23,Operational
603,MCH-000603,59,Case Sealing System 131,Packaging Machine,2018-02-15,Operational
604,MCH-000604,77,Laser Cutting System 133,Cutting Machine,2017-06-05,Operational
605,MCH-000605,4,CNC Vertical Machining Center 109,CNC Machine,2017-09-18,Operational
606,MCH-000606,93,Robotic Assembly Cell 115,Assembly Machine,2018-09-18,Operational
607,MCH-000607,11,Precision Forming Press 119,Press Machine,2017-01-30,Inactive
608,MCH-000608,38,Precision Slitting Machine 134,Cutting Machine,2018-02-17,Operational
609,MCH-000609,49,Industrial Sawing Center 135,Cutting Machine,2018-04-16,Inactive
610,MCH-000610,77,Flexible Packaging Line 132,Packaging Machine,2018-08-23,Operational
611,MCH-000611,36,CNC Horizontal Machining Center 110,CNC Machine,2018-06-02,Operational
612,MCH-000612,68,Servo Press System 120,Press Machine,2018-11-28,Operational
613,MCH-000613,50,Precision Assembly Line 116,Assembly Machine,2016-06-15,Operational
614,MCH-000614,82,Hydraulic Press 121,Press Machine,2018-01-13,Operational
615,MCH-000615,88,Mechanical Stamping Press 122,Press Machine,2016-07-16,Operational
616,MCH-000616,89,Automated Carton Packer 133,Packaging Machine,2016-09-28,Operational
617,MCH-000617,51,High-Speed Labeling Machine 134,Packaging Machine,2016-10-08,Operational
618,MCH-000618,10,Case Sealing System 135,Packaging Machine,2018-08-11,Operational
619,MCH-000619,94,CNC Turning Center 111,CNC Machine,2017-01-11,Operational
620,MCH-000620,93,Precision Forming Press 123,Press Machine,2018-08-27,Inactive
621,MCH-000621,39,Flexible Packaging Line 136,Packaging Machine,2017-02-03,Operational
622,MCH-000622,62,Automated Carton Packer 137,Packaging Machine,2017-07-19,Operational
623,MCH-000623,52,Automated Assembly Cell 117,Assembly Machine,2016-04-20,Operational
624,MCH-000624,28,Servo Assembly Station 118,Assembly Machine,2016-08-14,Operational
625,MCH-000625,91,CNC Precision Mill 112,CNC Machine,2018-10-23,Operational
626,MCH-000626,71,CNC Vertical Machining Center 113,CNC Machine,2018-12-13,Operational
627,MCH-000627,25,Robotic Assembly Cell 119,Assembly Machine,2016-01-03,Inactive
628,MCH-000628,81,High-Speed Labeling Machine 138,Packaging Machine,2016-06-05,Maintenance
629,MCH-000629,12,Case Sealing System 139,Packaging Machine,2018-04-12,Operational
630,MCH-000630,49,CNC Horizontal Machining Center 114,CNC Machine,2018-07-21,Operational
631,MCH-000631,44,Servo Press System 124,Press Machine,2018-02-28,Operational
632,MCH-000632,74,Flexible Packaging Line 140,Packaging Machine,2017-02-14,Operational
633,MCH-000633,94,CNC Plasma Cutting System 136,Cutting Machine,2017-02-09,Operational
634,MCH-000634,85,CNC Turning Center 115,CNC Machine,2016-05-13,Operational
635,MCH-000635,44,Precision Assembly Line 120,Assembly Machine,2016-05-30,Operational
636,MCH-000636,41,Automated Assembly Cell 121,Assembly Machine,2018-09-06,Inactive
637,MCH-000637,37,Automated Carton Packer 141,Packaging Machine,2016-04-04,Operational
638,MCH-000638,65,Hydraulic Press 125,Press Machine,2018-12-10,Operational
639,MCH-000639,90,CNC Precision Mill 116,CNC Machine,2017-10-19,Operational
640,MCH-000640,52,CNC Vertical Machining Center 117,CNC Machine,2018-05-17,Operational
641,MCH-000641,22,Laser Cutting System 137,Cutting Machine,2018-08-09,Operational
642,MCH-000642,94,High-Speed Labeling Machine 142,Packaging Machine,2018-01-04,Operational
643,MCH-000643,10,Servo Assembly Station 122,Assembly Machine,2016-11-14,Operational
644,MCH-000644,20,Case Sealing System 143,Packaging Machine,2016-04-02,Maintenance
645,MCH-000645,57,Robotic Assembly Cell 123,Assembly Machine,2017-07-04,Operational
646,MCH-000646,69,CNC Horizontal Machining Center 118,CNC Machine,2017-03-01,Operational
647,MCH-000647,70,Flexible Packaging Line 144,Packaging Machine,2018-05-29,Operational
648,MCH-000648,32,Precision Assembly Line 124,Assembly Machine,2016-06-24,Operational
649,MCH-000649,21,Automated Carton Packer 145,Packaging Machine,2018-03-09,Operational
650,MCH-000650,47,CNC Turning Center 119,CNC Machine,2017-07-21,Operational
651,MCH-000651,56,CNC Precision Mill 120,CNC Machine,2016-08-09,Operational
652,MCH-000652,44,CNC Vertical Machining Center 121,CNC Machine,2017-05-17,Operational
653,MCH-000653,62,Precision Slitting Machine 138,Cutting Machine,2018-05-13,Operational
654,MCH-000654,29,Industrial Sawing Center 139,Cutting Machine,2016-05-04,Operational
655,MCH-000655,23,High-Speed Labeling Machine 146,Packaging Machine,2016-10-19,Operational
656,MCH-000656,24,Automated Assembly Cell 125,Assembly Machine,2016-08-09,Operational
657,MCH-000657,39,Case Sealing System 147,Packaging Machine,2017-09-15,Operational
658,MCH-000658,13,Flexible Packaging Line 148,Packaging Machine,2018-10-01,Operational
659,MCH-000659,63,CNC Plasma Cutting System 140,Cutting Machine,2016-01-27,Operational
660,MCH-000660,6,Automated Carton Packer 149,Packaging Machine,2017-09-25,Operational
661,MCH-000661,20,CNC Horizontal Machining Center 122,CNC Machine,2018-01-21,Operational
662,MCH-000662,91,High-Speed Labeling Machine 150,Packaging Machine,2017-07-22,Operational
663,MCH-000663,16,Laser Cutting System 141,Cutting Machine,2018-03-15,Operational
664,MCH-000664,7,CNC Turning Center 123,CNC Machine,2016-12-28,Operational
665,MCH-000665,71,CNC Precision Mill 124,CNC Machine,2016-04-01,Operational
666,MCH-000666,73,Servo Assembly Station 126,Assembly Machine,2018-04-25,Maintenance
667,MCH-000667,59,Case Sealing System 151,Packaging Machine,2016-03-02,Maintenance
668,MCH-000668,98,Robotic Assembly Cell 127,Assembly Machine,2017-06-13,Operational
669,MCH-000669,48,Precision Slitting Machine 142,Cutting Machine,2018-02-18,Operational
670,MCH-000670,80,Industrial Sawing Center 143,Cutting Machine,2016-05-15,Operational
671,MCH-000671,68,Mechanical Stamping Press 126,Press Machine,2018-06-06,Maintenance
672,MCH-000672,33,CNC Vertical Machining Center 125,CNC Machine,2016-04-19,Operational
673,MCH-000673,32,Flexible Packaging Line 152,Packaging Machine,2017-09-14,Operational
674,MCH-000674,39,Automated Carton Packer 153,Packaging Machine,2016-02-01,Operational
675,MCH-000675,89,CNC Horizontal Machining Center 126,CNC Machine,2016-03-21,Operational
676,MCH-000676,82,CNC Turning Center 127,CNC Machine,2017-09-11,Operational
677,MCH-000677,76,CNC Precision Mill 128,CNC Machine,2016-07-28,Unknown
678,MCH-000678,1,Precision Assembly Line 128,Assembly Machine,2017-07-05,Operational
679,MCH-000679,27,Precision Forming Press 127,Press Machine,2017-09-27,Operational
680,MCH-000680,63,Servo Press System 128,Press Machine,2016-11-19,Operational
681,MCH-000681,23,CNC Plasma Cutting System 144,Cutting Machine,2016-01-26,Operational
682,MCH-000682,45,CNC Vertical Machining Center 129,CNC Machine,2016-01-25,Operational
683,MCH-000683,35,CNC Horizontal Machining Center 130,CNC Machine,2018-04-02,Operational
684,MCH-000684,67,Automated Assembly Cell 129,Assembly Machine,2017-12-01,Operational
685,MCH-000685,26,Laser Cutting System 145,Cutting Machine,2018-03-11,Operational
686,MCH-000686,1,High-Speed Labeling Machine 154,Packaging Machine,2017-07-04,Operational
687,MCH-000687,20,Precision Slitting Machine 146,Cutting Machine,2018-08-09,Operational
688,MCH-000688,5,Hydraulic Press 129,Press Machine,2017-04-19,Operational
689,MCH-000689,63,Mechanical Stamping Press 130,Press Machine,2016-08-25,Operational
690,MCH-000690,88,Industrial Sawing Center 147,Cutting Machine,2018-08-06,Operational
691,MCH-000691,93,Servo Assembly Station 130,Assembly Machine,2017-04-11,Operational
692,MCH-000692,94,CNC Turning Center 131,CNC Machine,2018-04-04,Operational
693,MCH-000693,97,CNC Plasma Cutting System 148,Cutting Machine,2017-12-16,Unknown
694,MCH-000694,27,Precision Forming Press 131,Press Machine,2018-04-22,Operational
695,MCH-000695,88,CNC Precision Mill 132,CNC Machine,2018-10-28,Operational
696,MCH-000696,60,CNC Vertical Machining Center 133,CNC Machine,2016-10-03,Operational
697,MCH-000697,39,Servo Press System 132,Press Machine,2018-06-25,Operational
698,MCH-000698,96,Laser Cutting System 149,Cutting Machine,2017-06-11,Operational
699,MCH-000699,76,Case Sealing System 155,Packaging Machine,2017-01-08,Operational
700,MCH-000700,28,Robotic Assembly Cell 131,Assembly Machine,2018-01-14,Operational
701,MCH-000701,59,Hydraulic Press 133,Press Machine,2018-10-27,Operational
702,MCH-000702,32,Precision Assembly Line 132,Assembly Machine,2016-07-15,Maintenance
703,MCH-000703,45,CNC Horizontal Machining Center 134,CNC Machine,2017-02-15,Operational
704,MCH-000704,95,Automated Assembly Cell 133,Assembly Machine,2017-04-01,Inactive
705,MCH-000705,98,Mechanical Stamping Press 134,Press Machine,2018-11-17,Operational
706,MCH-000706,52,Servo Assembly Station 134,Assembly Machine,2017-08-12,Operational
707,MCH-000707,44,CNC Turning Center 135,CNC Machine,2018-04-06,Operational
708,MCH-000708,52,Precision Slitting Machine 150,Cutting Machine,2016-03-07,Operational
709,MCH-000709,28,CNC Precision Mill 136,CNC Machine,2017-07-20,Operational
710,MCH-000710,64,Industrial Sawing Center 151,Cutting Machine,2017-01-14,Operational
711,MCH-000711,37,CNC Vertical Machining Center 137,CNC Machine,2016-02-23,Operational
712,MCH-000712,22,Robotic Assembly Cell 135,Assembly Machine,2018-04-09,Operational
713,MCH-000713,32,CNC Plasma Cutting System 152,Cutting Machine,2018-11-10,Operational
714,MCH-000714,8,CNC Horizontal Machining Center 138,CNC Machine,2016-08-04,Operational
715,MCH-000715,88,CNC Turning Center 139,CNC Machine,2018-12-10,Operational
716,MCH-000716,69,CNC Precision Mill 140,CNC Machine,2018-11-20,Operational
717,MCH-000717,54,Precision Forming Press 135,Press Machine,2018-03-07,Operational
718,MCH-000718,47,Flexible Packaging Line 156,Packaging Machine,2016-08-07,Operational
719,MCH-000719,78,CNC Vertical Machining Center 141,CNC Machine,2018-05-28,Operational
720,MCH-000720,67,Precision Assembly Line 136,Assembly Machine,2016-05-30,Maintenance
721,MCH-000721,37,Servo Press System 136,Press Machine,2017-10-13,Operational
722,MCH-000722,94,Hydraulic Press 137,Press Machine,2018-07-25,Operational
723,MCH-000723,59,CNC Horizontal Machining Center 142,CNC Machine,2018-09-14,Operational
724,MCH-000724,11,Automated Assembly Cell 137,Assembly Machine,2016-02-28,Operational
725,MCH-000725,91,CNC Turning Center 143,CNC Machine,2018-09-21,Operational
726,MCH-000726,85,Laser Cutting System 153,Cutting Machine,2018-08-01,Operational
727,MCH-000727,98,Mechanical Stamping Press 138,Press Machine,2017-12-16,Maintenance
728,MCH-000728,3,Precision Forming Press 139,Press Machine,2017-03-05,Operational
729,MCH-000729,59,CNC Precision Mill 144,CNC Machine,2018-05-25,Inactive
730,MCH-000730,19,Servo Assembly Station 138,Assembly Machine,2018-06-13,Maintenance
731,MCH-000731,85,CNC Vertical Machining Center 145,CNC Machine,2016-05-17,Operational
732,MCH-000732,6,Robotic Assembly Cell 139,Assembly Machine,2018-06-14,Operational
733,MCH-000733,23,Precision Assembly Line 140,Assembly Machine,2017-05-03,Operational
734,MCH-000734,11,Precision Slitting Machine 154,Cutting Machine,2017-09-20,Operational
735,MCH-000735,65,Automated Assembly Cell 141,Assembly Machine,2018-08-28,Operational
736,MCH-000736,56,Automated Carton Packer 157,Packaging Machine,2016-03-09,Operational
737,MCH-000737,26,Servo Assembly Station 142,Assembly Machine,2016-03-23,Operational
738,MCH-000738,13,Industrial Sawing Center 155,Cutting Machine,2017-06-29,Maintenance
739,MCH-000739,2,Robotic Assembly Cell 143,Assembly Machine,2018-04-10,Operational
740,MCH-000740,78,CNC Plasma Cutting System 156,Cutting Machine,2016-03-14,Operational
741,MCH-000741,65,Laser Cutting System 157,Cutting Machine,2016-09-29,Operational
742,MCH-000742,92,Servo Press System 140,Press Machine,2016-03-04,Operational
743,MCH-000743,10,CNC Horizontal Machining Center 146,CNC Machine,2017-09-27,Maintenance
744,MCH-000744,2,Precision Assembly Line 144,Assembly Machine,2018-02-02,Operational
745,MCH-000745,22,Automated Assembly Cell 145,Assembly Machine,2016-03-25,Operational
746,MCH-000746,59,Hydraulic Press 141,Press Machine,2017-02-17,Operational
747,MCH-000747,72,CNC Turning Center 147,CNC Machine,2017-12-23,Operational
748,MCH-000748,78,Mechanical Stamping Press 142,Press Machine,2016-02-29,Operational
749,MCH-000749,96,Servo Assembly Station 146,Assembly Machine,2016-10-20,Operational
750,MCH-000750,7,Precision Slitting Machine 158,Cutting Machine,2017-04-09,Operational
751,MCH-000751,17,CNC Precision Mill 148,CNC Machine,2017-03-08,Operational
752,MCH-000752,53,Robotic Assembly Cell 147,Assembly Machine,2018-05-18,Operational
753,MCH-000753,27,Precision Assembly Line 148,Assembly Machine,2018-02-25,Maintenance
754,MCH-000754,95,High-Speed Labeling Machine 158,Packaging Machine,2018-11-08,Operational
755,MCH-000755,18,Automated Assembly Cell 149,Assembly Machine,2017-04-01,Operational
756,MCH-000756,15,Case Sealing System 159,Packaging Machine,2016-11-10,Operational
757,MCH-000757,73,Precision Forming Press 143,Press Machine,2018-06-04,Operational
758,MCH-000758,90,Servo Press System 144,Press Machine,2018-06-05,Operational
759,MCH-000759,22,Hydraulic Press 145,Press Machine,2017-03-21,Operational
760,MCH-000760,69,Flexible Packaging Line 160,Packaging Machine,2017-11-27,Operational
761,MCH-000761,79,Industrial Sawing Center 159,Cutting Machine,2016-11-13,Operational
762,MCH-000762,82,CNC Vertical Machining Center 149,CNC Machine,2016-01-08,Operational
763,MCH-000763,73,CNC Horizontal Machining Center 150,CNC Machine,2018-04-14,Operational
764,MCH-000764,5,CNC Turning Center 151,CNC Machine,2017-09-28,Operational
765,MCH-000765,28,Mechanical Stamping Press 146,Press Machine,2016-03-10,Operational
766,MCH-000766,53,CNC Plasma Cutting System 160,Cutting Machine,2016-03-23,Operational
767,MCH-000767,12,Laser Cutting System 161,Cutting Machine,2017-12-23,Maintenance
768,MCH-000768,2,CNC Precision Mill 152,CNC Machine,2018-07-28,Maintenance
769,MCH-000769,72,CNC Vertical Machining Center 153,CNC Machine,2016-11-16,Maintenance
770,MCH-000770,68,CNC Horizontal Machining Center 154,CNC Machine,2017-05-17,Operational
771,MCH-000771,32,Servo Assembly Station 150,Assembly Machine,2018-08-14,Maintenance
772,MCH-000772,49,Robotic Assembly Cell 151,Assembly Machine,2018-05-30,Maintenance
773,MCH-000773,2,Precision Assembly Line 152,Assembly Machine,2017-05-19,Operational
774,MCH-000774,24,Automated Assembly Cell 153,Assembly Machine,2018-06-19,Operational
775,MCH-000775,83,Precision Forming Press 147,Press Machine,2016-06-09,Operational
776,MCH-000776,51,Servo Assembly Station 154,Assembly Machine,2017-03-21,Inactive
777,MCH-000777,69,CNC Turning Center 155,CNC Machine,2018-12-12,Operational
778,MCH-000778,35,CNC Precision Mill 156,CNC Machine,2016-10-07,Operational
779,MCH-000779,86,Automated Carton Packer 161,Packaging Machine,2016-04-29,Operational
780,MCH-000780,70,High-Speed Labeling Machine 162,Packaging Machine,2016-12-12,Operational
781,MCH-000781,10,Servo Press System 148,Press Machine,2018-04-12,Operational
782,MCH-000782,22,Precision Slitting Machine 162,Cutting Machine,2016-05-22,Operational
783,MCH-000783,34,Hydraulic Press 149,Press Machine,2017-08-27,Operational
784,MCH-000784,39,Industrial Sawing Center 163,Cutting Machine,2017-04-01,Operational
785,MCH-000785,82,Robotic Assembly Cell 155,Assembly Machine,2018-08-25,Operational
786,MCH-000786,93,Mechanical Stamping Press 150,Press Machine,2017-10-30,Operational
787,MCH-000787,82,CNC Vertical Machining Center 157,CNC Machine,2018-03-31,Operational
788,MCH-000788,8,Case Sealing System 163,Packaging Machine,2018-09-06,Operational
789,MCH-000789,8,Flexible Packaging Line 164,Packaging Machine,2017-12-24,Operational
790,MCH-000790,55,CNC Horizontal Machining Center 158,CNC Machine,2017-12-10,Operational
791,MCH-000791,30,CNC Turning Center 159,CNC Machine,2018-11-03,Operational
792,MCH-000792,83,CNC Precision Mill 160,CNC Machine,2017-05-06,Operational
793,MCH-000793,89,Precision Assembly Line 156,Assembly Machine,2016-11-26,Inactive
794,MCH-000794,62,CNC Plasma Cutting System 164,Cutting Machine,2016-08-31,Operational
795,MCH-000795,45,Automated Assembly Cell 157,Assembly Machine,2017-04-09,Operational
796,MCH-000796,55,Automated Carton Packer 165,Packaging Machine,2017-05-04,Operational
797,MCH-000797,58,Precision Forming Press 151,Press Machine,2016-11-30,Operational
798,MCH-000798,65,Laser Cutting System 165,Cutting Machine,2018-08-11,Operational
799,MCH-000799,32,High-Speed Labeling Machine 166,Packaging Machine,2016-06-28,Operational
800,MCH-000800,38,CNC Vertical Machining Center 161,CNC Machine,2016-11-04,Inactive
801,MCH-000801,20,Servo Assembly Station 158,Assembly Machine,2018-11-30,Operational
802,MCH-000802,20,Precision Slitting Machine 166,Cutting Machine,2017-10-31,Operational
803,MCH-000803,12,CNC Horizontal Machining Center 162,CNC Machine,2016-06-26,Operational
804,MCH-000804,16,Servo Press System 152,Press Machine,2017-10-25,Operational
805,MCH-000805,53,CNC Turning Center 163,CNC Machine,2017-09-17,Unknown
806,MCH-000806,40,Robotic Assembly Cell 159,Assembly Machine,2017-11-04,Operational
807,MCH-000807,97,Precision Assembly Line 160,Assembly Machine,2016-01-09,Operational
808,MCH-000808,71,Industrial Sawing Center 167,Cutting Machine,2017-04-07,Operational
809,MCH-000809,7,CNC Precision Mill 164,CNC Machine,2017-06-18,Operational
810,MCH-000810,74,CNC Vertical Machining Center 165,CNC Machine,2018-08-25,Operational
811,MCH-000811,55,Case Sealing System 167,Packaging Machine,2018-12-15,Operational
812,MCH-000812,13,Hydraulic Press 153,Press Machine,2018-04-09,Operational
813,MCH-000813,78,CNC Plasma Cutting System 168,Cutting Machine,2016-03-28,Operational
814,MCH-000814,38,CNC Horizontal Machining Center 166,CNC Machine,2017-10-05,Inactive
815,MCH-000815,29,Mechanical Stamping Press 154,Press Machine,2018-10-30,Operational
816,MCH-000816,15,CNC Turning Center 167,CNC Machine,2016-10-31,Operational
817,MCH-000817,44,Precision Forming Press 155,Press Machine,2018-03-02,Operational
818,MCH-000818,79,CNC Precision Mill 168,CNC Machine,2016-08-05,Inactive
819,MCH-000819,40,Laser Cutting System 169,Cutting Machine,2016-02-27,Operational
820,MCH-000820,47,CNC Vertical Machining Center 169,CNC Machine,2018-03-15,Operational
821,MCH-000821,30,Servo Press System 156,Press Machine,2018-08-26,Operational
822,MCH-000822,67,CNC Horizontal Machining Center 170,CNC Machine,2016-12-03,Maintenance
823,MCH-000823,72,Precision Slitting Machine 170,Cutting Machine,2018-04-27,Operational
824,MCH-000824,100,CNC Turning Center 171,CNC Machine,2017-06-05,Operational
825,MCH-000825,52,CNC Precision Mill 172,CNC Machine,2018-04-09,Operational
826,MCH-000826,39,CNC Vertical Machining Center 173,CNC Machine,2018-11-01,Maintenance
827,MCH-000827,29,Hydraulic Press 157,Press Machine,2018-06-08,Operational
828,MCH-000828,64,Automated Assembly Cell 161,Assembly Machine,2018-08-30,Operational
829,MCH-000829,40,Industrial Sawing Center 171,Cutting Machine,2016-02-18,Operational
830,MCH-000830,58,Flexible Packaging Line 168,Packaging Machine,2017-02-07,Operational
831,MCH-000831,80,CNC Horizontal Machining Center 174,CNC Machine,2017-04-24,Maintenance
832,MCH-000832,94,Automated Carton Packer 169,Packaging Machine,2018-08-17,Operational
833,MCH-000833,82,CNC Turning Center 175,CNC Machine,2017-02-16,Operational
834,MCH-000834,85,High-Speed Labeling Machine 170,Packaging Machine,2016-12-05,Operational
835,MCH-000835,93,Servo Assembly Station 162,Assembly Machine,2017-04-12,Operational
836,MCH-000836,31,Case Sealing System 171,Packaging Machine,2018-06-30,Operational
837,MCH-000837,15,CNC Plasma Cutting System 172,Cutting Machine,2017-10-29,Operational
838,MCH-000838,65,Mechanical Stamping Press 158,Press Machine,2016-01-30,Operational
839,MCH-000839,26,Precision Forming Press 159,Press Machine,2016-08-04,Maintenance
840,MCH-000840,70,Servo Press System 160,Press Machine,2017-08-28,Maintenance
841,MCH-000841,71,Robotic Assembly Cell 163,Assembly Machine,2016-12-08,Operational
842,MCH-000842,73,Laser Cutting System 173,Cutting Machine,2017-09-13,Operational
843,MCH-000843,28,Precision Slitting Machine 174,Cutting Machine,2017-04-23,Operational
844,MCH-000844,81,Industrial Sawing Center 175,Cutting Machine,2016-05-16,Operational
845,MCH-000845,91,CNC Precision Mill 176,CNC Machine,2018-05-11,Operational
846,MCH-000846,9,Precision Assembly Line 164,Assembly Machine,2017-11-18,Operational
847,MCH-000847,77,CNC Vertical Machining Center 177,CNC Machine,2017-07-15,Operational
848,MCH-000848,66,CNC Horizontal Machining Center 178,CNC Machine,2018-01-24,Operational
849,MCH-000849,1,Flexible Packaging Line 172,Packaging Machine,2017-09-22,Operational
850,MCH-000850,4,CNC Turning Center 179,CNC Machine,2017-04-16,Operational
851,MCH-000851,8,CNC Precision Mill 180,CNC Machine,2018-07-26,Operational
852,MCH-000852,75,Automated Carton Packer 173,Packaging Machine,2017-05-31,Operational
853,MCH-000853,78,Automated Assembly Cell 165,Assembly Machine,2018-07-23,Operational
854,MCH-000854,24,CNC Vertical Machining Center 181,CNC Machine,2018-03-12,Operational
855,MCH-000855,26,CNC Plasma Cutting System 176,Cutting Machine,2017-10-11,Operational
856,MCH-000856,52,Servo Assembly Station 166,Assembly Machine,2016-06-12,Operational
857,MCH-000857,2,Robotic Assembly Cell 167,Assembly Machine,2018-08-13,Operational
858,MCH-000858,63,CNC Horizontal Machining Center 182,CNC Machine,2018-04-23,Operational
859,MCH-000859,89,Precision Assembly Line 168,Assembly Machine,2018-09-12,Operational
860,MCH-000860,45,CNC Turning Center 183,CNC Machine,2016-04-05,Operational
861,MCH-000861,30,CNC Precision Mill 184,CNC Machine,2018-08-18,Operational
862,MCH-000862,9,Automated Assembly Cell 169,Assembly Machine,2016-06-30,Operational
863,MCH-000863,38,Hydraulic Press 161,Press Machine,2018-06-17,Operational
864,MCH-000864,37,Servo Assembly Station 170,Assembly Machine,2018-03-02,Operational
865,MCH-000865,7,High-Speed Labeling Machine 174,Packaging Machine,2016-02-20,Inactive
866,MCH-000866,76,CNC Vertical Machining Center 185,CNC Machine,2018-09-11,Operational
867,MCH-000867,47,Laser Cutting System 177,Cutting Machine,2016-07-24,Operational
868,MCH-000868,17,Case Sealing System 175,Packaging Machine,2017-09-13,Operational
869,MCH-000869,6,Precision Slitting Machine 178,Cutting Machine,2017-04-21,Operational
870,MCH-000870,51,Robotic Assembly Cell 171,Assembly Machine,2016-10-26,Unknown
871,MCH-000871,9,Flexible Packaging Line 176,Packaging Machine,2018-03-19,Operational
872,MCH-000872,67,Mechanical Stamping Press 162,Press Machine,2017-01-11,Operational
873,MCH-000873,72,Automated Carton Packer 177,Packaging Machine,2018-12-16,Maintenance
874,MCH-000874,15,High-Speed Labeling Machine 178,Packaging Machine,2018-09-02,Operational
875,MCH-000875,76,Industrial Sawing Center 179,Cutting Machine,2017-12-03,Operational
876,MCH-000876,89,Precision Assembly Line 172,Assembly Machine,2017-05-21,Operational
877,MCH-000877,81,CNC Horizontal Machining Center 186,CNC Machine,2017-05-23,Operational
878,MCH-000878,88,CNC Plasma Cutting System 180,Cutting Machine,2018-08-13,Operational
879,MCH-000879,28,Case Sealing System 179,Packaging Machine,2018-12-26,Maintenance
880,MCH-000880,99,Automated Assembly Cell 173,Assembly Machine,2018-06-17,Operational
881,MCH-000881,46,Laser Cutting System 181,Cutting Machine,2017-10-25,Operational
882,MCH-000882,86,Flexible Packaging Line 180,Packaging Machine,2016-10-28,Operational
883,MCH-000883,20,Precision Forming Press 163,Press Machine,2016-07-14,Maintenance
884,MCH-000884,23,Servo Press System 164,Press Machine,2016-04-09,Operational
885,MCH-000885,50,Precision Slitting Machine 182,Cutting Machine,2017-05-03,Operational
886,MCH-000886,69,Industrial Sawing Center 183,Cutting Machine,2017-12-31,Operational
887,MCH-000887,81,CNC Turning Center 187,CNC Machine,2016-08-10,Operational
888,MCH-000888,20,Hydraulic Press 165,Press Machine,2017-09-06,Operational
889,MCH-000889,93,CNC Precision Mill 188,CNC Machine,2018-01-08,Operational
890,MCH-000890,72,Automated Carton Packer 181,Packaging Machine,2018-06-16,Operational
891,MCH-000891,81,Servo Assembly Station 174,Assembly Machine,2017-12-21,Operational
892,MCH-000892,32,Mechanical Stamping Press 166,Press Machine,2017-09-28,Operational
893,MCH-000893,65,High-Speed Labeling Machine 182,Packaging Machine,2016-07-05,Operational
894,MCH-000894,50,Robotic Assembly Cell 175,Assembly Machine,2017-08-07,Operational
895,MCH-000895,23,Precision Forming Press 167,Press Machine,2017-12-08,Operational
896,MCH-000896,62,Case Sealing System 183,Packaging Machine,2018-12-13,Operational
897,MCH-000897,51,Precision Assembly Line 176,Assembly Machine,2017-04-22,Operational
898,MCH-000898,39,Flexible Packaging Line 184,Packaging Machine,2018-11-18,Operational
899,MCH-000899,64,CNC Plasma Cutting System 184,Cutting Machine,2018-07-09,Operational
900,MCH-000900,58,Automated Carton Packer 185,Packaging Machine,2016-01-05,Inactive
901,MCH-000901,99,Servo Press System 168,Press Machine,2016-03-08,Operational
902,MCH-000902,91,CNC Vertical Machining Center 189,CNC Machine,2017-03-26,Operational
903,MCH-000903,92,Automated Assembly Cell 177,Assembly Machine,2018-10-18,Operational
904,MCH-000904,31,Servo Assembly Station 178,Assembly Machine,2017-05-20,Maintenance
905,MCH-000905,42,High-Speed Labeling Machine 186,Packaging Machine,2016-04-30,Operational
906,MCH-000906,6,Case Sealing System 187,Packaging Machine,2017-05-27,Maintenance
907,MCH-000907,90,Laser Cutting System 185,Cutting Machine,2017-03-25,Operational
908,MCH-000908,94,Flexible Packaging Line 188,Packaging Machine,2016-05-22,Operational
909,MCH-000909,65,CNC Horizontal Machining Center 190,CNC Machine,2016-04-08,Operational
910,MCH-000910,5,Hydraulic Press 169,Press Machine,2017-02-19,Operational
911,MCH-000911,44,Precision Slitting Machine 186,Cutting Machine,2018-06-09,Operational
912,MCH-000912,3,Robotic Assembly Cell 179,Assembly Machine,2016-10-26,Operational
913,MCH-000913,2,Industrial Sawing Center 187,Cutting Machine,2016-11-13,Operational
914,MCH-000914,50,Automated Carton Packer 189,Packaging Machine,2017-03-13,Operational
915,MCH-000915,76,High-Speed Labeling Machine 190,Packaging Machine,2017-03-31,Operational
916,MCH-000916,71,Precision Assembly Line 180,Assembly Machine,2018-09-14,Operational
917,MCH-000917,12,Automated Assembly Cell 181,Assembly Machine,2018-10-04,Maintenance
918,MCH-000918,56,CNC Plasma Cutting System 188,Cutting Machine,2017-05-27,Operational
919,MCH-000919,19,Servo Assembly Station 182,Assembly Machine,2018-05-09,Operational
920,MCH-000920,26,CNC Turning Center 191,CNC Machine,2018-05-03,Operational
921,MCH-000921,95,Case Sealing System 191,Packaging Machine,2016-04-17,Operational
922,MCH-000922,16,Laser Cutting System 189,Cutting Machine,2016-05-22,Operational
923,MCH-000923,30,Robotic Assembly Cell 183,Assembly Machine,2017-12-07,Maintenance
924,MCH-000924,94,Precision Assembly Line 184,Assembly Machine,2018-12-26,Operational
925,MCH-000925,19,Mechanical Stamping Press 170,Press Machine,2017-02-09,Operational
926,MCH-000926,35,Precision Forming Press 171,Press Machine,2018-07-03,Operational
927,MCH-000927,71,Servo Press System 172,Press Machine,2018-05-28,Inactive
928,MCH-000928,11,Hydraulic Press 173,Press Machine,2017-09-13,Operational
929,MCH-000929,70,Mechanical Stamping Press 174,Press Machine,2018-05-15,Operational
930,MCH-000930,60,Flexible Packaging Line 192,Packaging Machine,2016-04-23,Operational
931,MCH-000931,4,Automated Assembly Cell 185,Assembly Machine,2016-10-23,Operational
932,MCH-000932,10,Automated Carton Packer 193,Packaging Machine,2017-12-23,Operational
933,MCH-000933,36,High-Speed Labeling Machine 194,Packaging Machine,2016-11-26,Inactive
934,MCH-000934,54,CNC Precision Mill 192,CNC Machine,2016-04-25,Operational
935,MCH-000935,67,Precision Forming Press 175,Press Machine,2016-07-31,Operational
936,MCH-000936,69,Servo Assembly Station 186,Assembly Machine,2017-12-17,Operational
937,MCH-000937,11,Case Sealing System 195,Packaging Machine,2017-10-28,Operational
938,MCH-000938,75,CNC Vertical Machining Center 193,CNC Machine,2018-03-07,Operational
939,MCH-000939,82,CNC Horizontal Machining Center 194,CNC Machine,2016-08-21,Operational
940,MCH-000940,80,Precision Slitting Machine 190,Cutting Machine,2018-07-22,Operational
941,MCH-000941,44,CNC Turning Center 195,CNC Machine,2017-12-24,Maintenance
942,MCH-000942,6,Flexible Packaging Line 196,Packaging Machine,2018-12-28,Inactive
943,MCH-000943,72,Automated Carton Packer 197,Packaging Machine,2016-04-14,Operational
944,MCH-000944,42,Robotic Assembly Cell 187,Assembly Machine,2018-01-11,Maintenance
945,MCH-000945,76,CNC Precision Mill 196,CNC Machine,2016-09-25,Operational
946,MCH-000946,71,Industrial Sawing Center 191,Cutting Machine,2017-02-27,Operational
947,MCH-000947,3,CNC Plasma Cutting System 192,Cutting Machine,2016-08-01,Maintenance
948,MCH-000948,29,High-Speed Labeling Machine 198,Packaging Machine,2018-11-19,Maintenance
949,MCH-000949,72,Precision Assembly Line 188,Assembly Machine,2016-01-24,Operational
950,MCH-000950,30,Servo Press System 176,Press Machine,2017-04-13,Operational
951,MCH-000951,82,Case Sealing System 199,Packaging Machine,2016-11-03,Operational
952,MCH-000952,15,Laser Cutting System 193,Cutting Machine,2018-06-18,Operational
953,MCH-000953,23,Flexible Packaging Line 200,Packaging Machine,2016-10-15,Maintenance
954,MCH-000954,1,CNC Vertical Machining Center 197,CNC Machine,2017-02-09,Operational
955,MCH-000955,23,Precision Slitting Machine 194,Cutting Machine,2017-06-10,Inactive
956,MCH-000956,74,Industrial Sawing Center 195,Cutting Machine,2018-05-15,Operational
957,MCH-000957,38,CNC Horizontal Machining Center 198,CNC Machine,2016-03-13,Operational
958,MCH-000958,30,CNC Turning Center 199,CNC Machine,2018-02-11,Operational
959,MCH-000959,44,CNC Plasma Cutting System 196,Cutting Machine,2016-05-26,Operational
960,MCH-000960,82,Hydraulic Press 177,Press Machine,2017-01-29,Operational
961,MCH-000961,94,Automated Assembly Cell 189,Assembly Machine,2018-08-29,Operational
962,MCH-000962,23,Laser Cutting System 197,Cutting Machine,2016-03-02,Operational
963,MCH-000963,87,Servo Assembly Station 190,Assembly Machine,2017-04-11,Inactive
964,MCH-000964,85,CNC Precision Mill 200,CNC Machine,2016-01-11,Operational
965,MCH-000965,73,Automated Carton Packer 201,Packaging Machine,2017-07-31,Operational
966,MCH-000966,89,High-Speed Labeling Machine 202,Packaging Machine,2017-08-23,Operational
967,MCH-000967,58,Robotic Assembly Cell 191,Assembly Machine,2016-05-23,Operational
968,MCH-000968,91,Mechanical Stamping Press 178,Press Machine,2018-09-11,Operational
969,MCH-000969,56,Case Sealing System 203,Packaging Machine,2017-12-10,Operational
970,MCH-000970,79,CNC Vertical Machining Center 201,CNC Machine,2016-05-20,Operational
971,MCH-000971,30,CNC Horizontal Machining Center 202,CNC Machine,2016-04-03,Operational
972,MCH-000972,7,Precision Slitting Machine 198,Cutting Machine,2016-11-10,Operational
973,MCH-000973,42,Precision Forming Press 179,Press Machine,2017-04-09,Operational
974,MCH-000974,31,Industrial Sawing Center 199,Cutting Machine,2018-09-28,Operational
975,MCH-000975,19,Servo Press System 180,Press Machine,2016-12-20,Inactive
976,MCH-000976,55,CNC Turning Center 203,CNC Machine,2018-04-16,Maintenance
977,MCH-000977,89,CNC Plasma Cutting System 200,Cutting Machine,2016-01-08,Operational
978,MCH-000978,62,Laser Cutting System 201,Cutting Machine,2017-11-04,Operational
979,MCH-000979,23,CNC Precision Mill 204,CNC Machine,2018-05-16,Operational
980,MCH-000980,51,Precision Assembly Line 192,Assembly Machine,2017-10-16,Operational
981,MCH-000981,49,Hydraulic Press 181,Press Machine,2017-06-29,Operational
982,MCH-000982,54,CNC Vertical Machining Center 205,CNC Machine,2017-06-02,Maintenance
983,MCH-000983,69,CNC Horizontal Machining Center 206,CNC Machine,2016-12-31,Operational
984,MCH-000984,7,CNC Turning Center 207,CNC Machine,2017-10-30,Operational
985,MCH-000985,92,Precision Slitting Machine 202,Cutting Machine,2018-07-14,Operational
986,MCH-000986,51,Mechanical Stamping Press 182,Press Machine,2016-02-25,Maintenance
987,MCH-000987,66,Flexible Packaging Line 204,Packaging Machine,2017-05-05,Operational
988,MCH-000988,23,Industrial Sawing Center 203,Cutting Machine,2016-01-06,Operational
989,MCH-000989,5,Precision Forming Press 183,Press Machine,2017-04-06,Operational
990,MCH-000990,39,Servo Press System 184,Press Machine,2017-05-17,Operational
991,MCH-000991,89,Automated Carton Packer 205,Packaging Machine,2016-06-10,Operational
992,MCH-000992,25,High-Speed Labeling Machine 206,Packaging Machine,2016-06-01,Operational
993,MCH-000993,78,Case Sealing System 207,Packaging Machine,2016-04-27,Operational
994,MCH-000994,44,Automated Assembly Cell 193,Assembly Machine,2017-09-25,Inactive
995,MCH-000995,87,CNC Precision Mill 208,CNC Machine,2017-01-06,Operational
996,MCH-000996,21,Hydraulic Press 185,Press Machine,2018-03-19,Operational
997,MCH-000997,52,CNC Vertical Machining Center 209,CNC Machine,2018-08-18,Operational
998,MCH-000998,93,Mechanical Stamping Press 186,Press Machine,2018-08-14,Operational
999,MCH-000999,89,Servo Assembly Station 194,Assembly Machine,2016-04-08,Operational
1000,MCH-001000,9,Flexible Packaging Line 208,Packaging Machine,2017-07-22,Operational
1001,MCH-001001,15,Automated Carton Packer 209,Packaging Machine,2018-02-24,Operational
1002,MCH-001002,90,Precision Forming Press 187,Press Machine,2017-08-19,Operational
1003,MCH-001003,94,CNC Horizontal Machining Center 210,CNC Machine,2017-04-02,Maintenance
1004,MCH-001004,79,Robotic Assembly Cell 195,Assembly Machine,2017-08-03,Operational
1005,MCH-001005,20,Servo Press System 188,Press Machine,2016-05-14,Operational
1006,MCH-001006,25,High-Speed Labeling Machine 210,Packaging Machine,2016-01-11,Operational
1007,MCH-001007,11,Hydraulic Press 189,Press Machine,2016-08-20,Operational
1008,MCH-001008,78,Case Sealing System 211,Packaging Machine,2018-02-18,Inactive
1009,MCH-001009,76,Precision Assembly Line 196,Assembly Machine,2016-12-23,Maintenance
1010,MCH-001010,61,CNC Plasma Cutting System 204,Cutting Machine,2017-06-26,Operational
1011,MCH-001011,94,Automated Assembly Cell 197,Assembly Machine,2017-05-21,Maintenance
1012,MCH-001012,67,CNC Turning Center 211,CNC Machine,2016-04-10,Operational
1013,MCH-001013,14,Flexible Packaging Line 212,Packaging Machine,2017-05-19,Operational
1014,MCH-001014,35,Automated Carton Packer 213,Packaging Machine,2017-08-15,Maintenance
1015,MCH-001015,50,Mechanical Stamping Press 190,Press Machine,2018-04-25,Operational
1016,MCH-001016,4,Servo Assembly Station 198,Assembly Machine,2018-01-03,Operational
1017,MCH-001017,61,High-Speed Labeling Machine 214,Packaging Machine,2017-05-14,Operational
1018,MCH-001018,21,Precision Forming Press 191,Press Machine,2017-11-06,Operational
1019,MCH-001019,65,Servo Press System 192,Press Machine,2016-08-08,Operational
1020,MCH-001020,31,Case Sealing System 215,Packaging Machine,2017-02-09,Operational
1021,MCH-001021,60,Robotic Assembly Cell 199,Assembly Machine,2017-01-08,Operational
1022,MCH-001022,38,CNC Precision Mill 212,CNC Machine,2018-07-29,Operational
1023,MCH-001023,28,Hydraulic Press 193,Press Machine,2017-07-12,Operational
1024,MCH-001024,78,CNC Vertical Machining Center 213,CNC Machine,2016-12-07,Operational
1025,MCH-001025,2,Precision Assembly Line 200,Assembly Machine,2018-07-06,Operational
1026,MCH-001026,66,Mechanical Stamping Press 194,Press Machine,2016-07-23,Operational
1027,MCH-001027,94,Flexible Packaging Line 216,Packaging Machine,2016-02-23,Operational
1028,MCH-001028,55,CNC Horizontal Machining Center 214,CNC Machine,2017-09-07,Operational
1029,MCH-001029,22,Automated Carton Packer 217,Packaging Machine,2017-08-14,Operational
1030,MCH-001030,41,Precision Forming Press 195,Press Machine,2016-02-19,Operational
1031,MCH-001031,6,Laser Cutting System 205,Cutting Machine,2017-06-21,Operational
1032,MCH-001032,69,CNC Turning Center 215,CNC Machine,2016-04-21,Operational
1033,MCH-001033,44,CNC Precision Mill 216,CNC Machine,2017-03-07,Operational
1034,MCH-001034,13,High-Speed Labeling Machine 218,Packaging Machine,2017-01-28,Operational
1035,MCH-001035,94,Automated Assembly Cell 201,Assembly Machine,2018-09-07,Maintenance
1036,MCH-001036,74,Servo Press System 196,Press Machine,2016-01-04,Operational
1037,MCH-001037,3,Case Sealing System 219,Packaging Machine,2016-08-06,Operational
1038,MCH-001038,91,Flexible Packaging Line 220,Packaging Machine,2016-05-30,Operational
1039,MCH-001039,55,Automated Carton Packer 221,Packaging Machine,2017-11-04,Operational
1040,MCH-001040,25,Precision Slitting Machine 206,Cutting Machine,2017-09-06,Operational
1041,MCH-001041,42,Industrial Sawing Center 207,Cutting Machine,2018-09-21,Operational
1042,MCH-001042,91,CNC Vertical Machining Center 217,CNC Machine,2016-03-18,Operational
1043,MCH-001043,20,Servo Assembly Station 202,Assembly Machine,2017-06-14,Operational
1044,MCH-001044,69,Robotic Assembly Cell 203,Assembly Machine,2016-09-28,Operational
1045,MCH-001045,65,CNC Horizontal Machining Center 218,CNC Machine,2017-06-08,Operational
1046,MCH-001046,25,Precision Assembly Line 204,Assembly Machine,2017-08-23,Maintenance
1047,MCH-001047,12,Hydraulic Press 197,Press Machine,2018-08-16,Operational
1048,MCH-001048,75,High-Speed Labeling Machine 222,Packaging Machine,2017-12-14,Maintenance
1049,MCH-001049,100,Case Sealing System 223,Packaging Machine,2016-11-09,Operational
1050,MCH-001050,83,CNC Turning Center 219,CNC Machine,2018-03-12,Operational
1051,MCH-001051,14,Flexible Packaging Line 224,Packaging Machine,2017-03-28,Operational
1052,MCH-001052,94,CNC Plasma Cutting System 208,Cutting Machine,2016-01-25,Maintenance
1053,MCH-001053,41,Mechanical Stamping Press 198,Press Machine,2018-08-23,Operational
1054,MCH-001054,76,Automated Carton Packer 225,Packaging Machine,2016-03-09,Operational
1055,MCH-001055,7,High-Speed Labeling Machine 226,Packaging Machine,2018-10-21,Operational
1056,MCH-001056,86,Automated Assembly Cell 205,Assembly Machine,2017-02-13,Operational
1057,MCH-001057,64,Case Sealing System 227,Packaging Machine,2018-07-06,Maintenance
1058,MCH-001058,60,Precision Forming Press 199,Press Machine,2017-02-22,Operational
1059,MCH-001059,72,Laser Cutting System 209,Cutting Machine,2016-02-29,Operational
1060,MCH-001060,49,Servo Assembly Station 206,Assembly Machine,2018-03-14,Operational
1061,MCH-001061,58,Flexible Packaging Line 228,Packaging Machine,2016-05-18,Operational
1062,MCH-001062,8,Automated Carton Packer 229,Packaging Machine,2016-12-02,Operational
1063,MCH-001063,90,High-Speed Labeling Machine 230,Packaging Machine,2016-02-25,Operational
1064,MCH-001064,24,Servo Press System 200,Press Machine,2016-07-31,Operational
1065,MCH-001065,1,CNC Precision Mill 220,CNC Machine,2017-02-19,Inactive
1066,MCH-001066,88,CNC Vertical Machining Center 221,CNC Machine,2017-09-14,Operational
1067,MCH-001067,61,Hydraulic Press 201,Press Machine,2018-02-09,Operational
1068,MCH-001068,79,CNC Horizontal Machining Center 222,CNC Machine,2017-01-24,Operational
1069,MCH-001069,87,Robotic Assembly Cell 207,Assembly Machine,2016-09-10,Operational
1070,MCH-001070,35,Mechanical Stamping Press 202,Press Machine,2016-03-20,Operational
1071,MCH-001071,28,Precision Forming Press 203,Press Machine,2018-07-26,Operational
1072,MCH-001072,6,Precision Assembly Line 208,Assembly Machine,2018-06-27,Operational
1073,MCH-001073,64,Automated Assembly Cell 209,Assembly Machine,2017-09-20,Operational
1074,MCH-001074,34,CNC Turning Center 223,CNC Machine,2016-10-29,Operational
1075,MCH-001075,18,Servo Assembly Station 210,Assembly Machine,2018-03-19,Operational
1076,MCH-001076,44,Case Sealing System 231,Packaging Machine,2016-02-24,Operational
1077,MCH-001077,86,Robotic Assembly Cell 211,Assembly Machine,2018-06-30,Operational
1078,MCH-001078,20,CNC Precision Mill 224,CNC Machine,2017-12-23,Operational
1079,MCH-001079,23,Flexible Packaging Line 232,Packaging Machine,2018-05-21,Operational
1080,MCH-001080,58,Precision Slitting Machine 210,Cutting Machine,2016-08-31,Operational
1081,MCH-001081,2,Precision Assembly Line 212,Assembly Machine,2018-05-19,Inactive
1082,MCH-001082,99,Automated Assembly Cell 213,Assembly Machine,2016-05-06,Operational
1083,MCH-001083,3,Servo Assembly Station 214,Assembly Machine,2016-10-19,Operational
1084,MCH-001084,28,Robotic Assembly Cell 215,Assembly Machine,2016-06-20,Operational
1085,MCH-001085,17,CNC Vertical Machining Center 225,CNC Machine,2018-02-19,Operational
1086,MCH-001086,77,Servo Press System 204,Press Machine,2018-11-21,Operational
1087,MCH-001087,89,Precision Assembly Line 216,Assembly Machine,2017-02-06,Operational
1088,MCH-001088,24,Automated Assembly Cell 217,Assembly Machine,2017-02-07,Inactive
1089,MCH-001089,80,Servo Assembly Station 218,Assembly Machine,2018-01-03,Operational
1090,MCH-001090,64,Hydraulic Press 205,Press Machine,2017-11-11,Operational
1091,MCH-001091,16,Automated Carton Packer 233,Packaging Machine,2017-06-15,Operational
1092,MCH-001092,22,High-Speed Labeling Machine 234,Packaging Machine,2017-09-09,Operational
1093,MCH-001093,63,Mechanical Stamping Press 206,Press Machine,2017-03-18,Operational
1094,MCH-001094,72,Precision Forming Press 207,Press Machine,2017-03-24,Operational
1095,MCH-001095,36,Servo Press System 208,Press Machine,2018-04-02,Operational
1096,MCH-001096,69,CNC Horizontal Machining Center 226,CNC Machine,2017-06-17,Maintenance
1097,MCH-001097,16,CNC Turning Center 227,CNC Machine,2018-04-11,Operational
1098,MCH-001098,72,Industrial Sawing Center 211,Cutting Machine,2016-08-23,Inactive
1099,MCH-001099,11,Robotic Assembly Cell 219,Assembly Machine,2016-11-13,Operational
1100,MCH-001100,100,Precision Assembly Line 220,Assembly Machine,2016-08-08,Operational
1101,MCH-001101,97,Case Sealing System 235,Packaging Machine,2018-07-17,Operational
1102,MCH-001102,47,CNC Precision Mill 228,CNC Machine,2016-06-07,Operational
1103,MCH-001103,9,Hydraulic Press 209,Press Machine,2016-11-09,Operational
1104,MCH-001104,35,CNC Vertical Machining Center 229,CNC Machine,2017-09-21,Operational
1105,MCH-001105,64,Flexible Packaging Line 236,Packaging Machine,2017-04-12,Operational
1106,MCH-001106,8,Automated Assembly Cell 221,Assembly Machine,2016-10-17,Inactive
1107,MCH-001107,6,Mechanical Stamping Press 210,Press Machine,2017-09-15,Operational
1108,MCH-001108,1,CNC Horizontal Machining Center 230,CNC Machine,2016-10-24,Operational
1109,MCH-001109,73,CNC Turning Center 231,CNC Machine,2016-04-20,Operational
1110,MCH-001110,33,Precision Forming Press 211,Press Machine,2018-06-30,Operational
1111,MCH-001111,45,Servo Assembly Station 222,Assembly Machine,2018-09-26,Operational
1112,MCH-001112,82,CNC Plasma Cutting System 212,Cutting Machine,2017-10-24,Operational
1113,MCH-001113,68,Laser Cutting System 213,Cutting Machine,2016-03-29,Operational
1114,MCH-001114,12,Automated Carton Packer 237,Packaging Machine,2016-12-05,Operational
1115,MCH-001115,44,CNC Precision Mill 232,CNC Machine,2017-04-13,Operational
1116,MCH-001116,71,Servo Press System 212,Press Machine,2018-12-29,Operational
1117,MCH-001117,75,High-Speed Labeling Machine 238,Packaging Machine,2017-01-29,Operational
1118,MCH-001118,80,Case Sealing System 239,Packaging Machine,2018-06-27,Operational
1119,MCH-001119,75,Robotic Assembly Cell 223,Assembly Machine,2017-09-11,Inactive
1120,MCH-001120,27,Precision Assembly Line 224,Assembly Machine,2016-09-16,Operational
1121,MCH-001121,60,Flexible Packaging Line 240,Packaging Machine,2016-07-01,Maintenance
1122,MCH-001122,53,Hydraulic Press 213,Press Machine,2018-07-04,Operational
1123,MCH-001123,14,Precision Slitting Machine 214,Cutting Machine,2017-10-10,Operational
1124,MCH-001124,41,Automated Assembly Cell 225,Assembly Machine,2018-12-25,Operational
1125,MCH-001125,20,CNC Vertical Machining Center 233,CNC Machine,2017-03-05,Operational
1126,MCH-001126,21,CNC Horizontal Machining Center 234,CNC Machine,2018-08-12,Operational
1127,MCH-001127,44,Automated Carton Packer 241,Packaging Machine,2016-04-05,Operational
1128,MCH-001128,97,Industrial Sawing Center 215,Cutting Machine,2016-07-09,Inactive
1129,MCH-001129,87,CNC Plasma Cutting System 216,Cutting Machine,2018-11-15,Operational
1130,MCH-001130,58,High-Speed Labeling Machine 242,Packaging Machine,2017-04-11,Operational
1131,MCH-001131,56,CNC Turning Center 235,CNC Machine,2017-11-18,Maintenance
1132,MCH-001132,74,Servo Assembly Station 226,Assembly Machine,2017-09-27,Operational
1133,MCH-001133,71,Laser Cutting System 217,Cutting Machine,2018-12-21,Operational
1134,MCH-001134,71,Mechanical Stamping Press 214,Press Machine,2017-11-06,Operational
1135,MCH-001135,86,Robotic Assembly Cell 227,Assembly Machine,2018-07-05,Operational
1136,MCH-001136,47,Case Sealing System 243,Packaging Machine,2017-07-10,Operational
1137,MCH-001137,49,Precision Slitting Machine 218,Cutting Machine,2018-04-07,Operational
1138,MCH-001138,67,Precision Forming Press 215,Press Machine,2016-09-21,Operational
1139,MCH-001139,54,Servo Press System 216,Press Machine,2017-04-24,Operational
1140,MCH-001140,31,CNC Precision Mill 236,CNC Machine,2018-05-27,Operational
1141,MCH-001141,29,CNC Vertical Machining Center 237,CNC Machine,2018-04-11,Maintenance
1142,MCH-001142,49,Precision Assembly Line 228,Assembly Machine,2016-09-16,Operational
1143,MCH-001143,66,Hydraulic Press 217,Press Machine,2018-04-09,Operational
1144,MCH-001144,66,Mechanical Stamping Press 218,Press Machine,2016-08-02,Operational
1145,MCH-001145,5,Flexible Packaging Line 244,Packaging Machine,2018-05-30,Operational
1146,MCH-001146,79,Precision Forming Press 219,Press Machine,2017-07-25,Operational
1147,MCH-001147,36,Industrial Sawing Center 219,Cutting Machine,2018-02-01,Operational
1148,MCH-001148,46,Automated Carton Packer 245,Packaging Machine,2018-12-07,Operational
1149,MCH-001149,69,CNC Plasma Cutting System 220,Cutting Machine,2018-08-24,Operational
1150,MCH-001150,90,CNC Horizontal Machining Center 238,CNC Machine,2018-11-10,Operational
1151,MCH-001151,69,Automated Assembly Cell 229,Assembly Machine,2017-08-26,Operational
1152,MCH-001152,50,Servo Assembly Station 230,Assembly Machine,2016-03-02,Maintenance
1153,MCH-001153,17,CNC Turning Center 239,CNC Machine,2018-01-19,Operational
1154,MCH-001154,96,Servo Press System 220,Press Machine,2017-11-24,Operational
1155,MCH-001155,38,Robotic Assembly Cell 231,Assembly Machine,2018-07-16,Operational
1156,MCH-001156,16,Precision Assembly Line 232,Assembly Machine,2017-12-14,Operational
1157,MCH-001157,82,CNC Precision Mill 240,CNC Machine,2018-09-04,Operational
1158,MCH-001158,70,Hydraulic Press 221,Press Machine,2018-12-29,Operational
1159,MCH-001159,54,CNC Vertical Machining Center 241,CNC Machine,2017-03-05,Operational
1160,MCH-001160,68,Mechanical Stamping Press 222,Press Machine,2017-07-17,Operational
1161,MCH-001161,31,CNC Horizontal Machining Center 242,CNC Machine,2016-04-26,Inactive
1162,MCH-001162,60,CNC Turning Center 243,CNC Machine,2017-02-03,Operational
1163,MCH-001163,44,High-Speed Labeling Machine 246,Packaging Machine,2016-09-04,Maintenance
1164,MCH-001164,14,Precision Forming Press 223,Press Machine,2018-09-25,Operational
1165,MCH-001165,77,Laser Cutting System 221,Cutting Machine,2017-02-20,Operational
1166,MCH-001166,46,CNC Precision Mill 244,CNC Machine,2016-03-21,Operational
1167,MCH-001167,33,Case Sealing System 247,Packaging Machine,2016-10-04,Maintenance
1168,MCH-001168,91,Automated Assembly Cell 233,Assembly Machine,2016-06-15,Operational
1169,MCH-001169,43,Servo Assembly Station 234,Assembly Machine,2018-07-05,Maintenance
1170,MCH-001170,65,Flexible Packaging Line 248,Packaging Machine,2018-06-24,Inactive
1171,MCH-001171,80,Automated Carton Packer 249,Packaging Machine,2016-11-19,Operational
1172,MCH-001172,62,High-Speed Labeling Machine 250,Packaging Machine,2016-12-09,Operational
1173,MCH-001173,11,Robotic Assembly Cell 235,Assembly Machine,2016-03-30,Operational
1174,MCH-001174,13,Precision Assembly Line 236,Assembly Machine,2017-11-24,Operational
1175,MCH-001175,25,Case Sealing System 251,Packaging Machine,2016-11-16,Operational
1176,MCH-001176,96,Flexible Packaging Line 252,Packaging Machine,2017-03-09,Operational
1177,MCH-001177,57,CNC Vertical Machining Center 245,CNC Machine,2016-02-22,Operational
1178,MCH-001178,33,Automated Carton Packer 253,Packaging Machine,2016-09-28,Operational
1179,MCH-001179,92,Automated Assembly Cell 237,Assembly Machine,2016-12-12,Inactive
1180,MCH-001180,46,CNC Horizontal Machining Center 246,CNC Machine,2018-01-28,Operational
1181,MCH-001181,5,Servo Press System 224,Press Machine,2016-02-24,Operational
1182,MCH-001182,53,Servo Assembly Station 238,Assembly Machine,2018-07-13,Operational
1183,MCH-001183,53,Hydraulic Press 225,Press Machine,2017-08-19,Operational
1184,MCH-001184,84,Robotic Assembly Cell 239,Assembly Machine,2018-07-04,Operational
1185,MCH-001185,50,Precision Slitting Machine 222,Cutting Machine,2018-06-17,Operational
1186,MCH-001186,80,High-Speed Labeling Machine 254,Packaging Machine,2017-07-18,Operational
1187,MCH-001187,35,Precision Assembly Line 240,Assembly Machine,2018-03-08,Operational
1188,MCH-001188,76,Case Sealing System 255,Packaging Machine,2016-03-27,Operational
1189,MCH-001189,1,Industrial Sawing Center 223,Cutting Machine,2017-05-16,Unknown
1190,MCH-001190,86,Mechanical Stamping Press 226,Press Machine,2018-08-17,Operational
1191,MCH-001191,73,Automated Assembly Cell 241,Assembly Machine,2017-06-19,Inactive
1192,MCH-001192,14,Precision Forming Press 227,Press Machine,2018-07-07,Operational
1193,MCH-001193,62,CNC Turning Center 247,CNC Machine,2018-06-18,Operational
1194,MCH-001194,61,CNC Plasma Cutting System 224,Cutting Machine,2016-04-26,Operational
1195,MCH-001195,71,Servo Assembly Station 242,Assembly Machine,2018-03-01,Operational
1196,MCH-001196,39,Flexible Packaging Line 256,Packaging Machine,2018-03-05,Operational
1197,MCH-001197,75,Robotic Assembly Cell 243,Assembly Machine,2017-07-14,Operational
1198,MCH-001198,52,Laser Cutting System 225,Cutting Machine,2018-05-20,Operational
1199,MCH-001199,38,Servo Press System 228,Press Machine,2017-06-16,Operational
1200,MCH-001200,67,Automated Carton Packer 257,Packaging Machine,2018-07-18,Operational
1201,MCH-001201,64,Precision Assembly Line 244,Assembly Machine,2017-06-10,Operational
1202,MCH-001202,81,CNC Precision Mill 248,CNC Machine,2018-10-05,Operational
1203,MCH-001203,96,CNC Vertical Machining Center 249,CNC Machine,2016-09-12,Maintenance
1204,MCH-001204,14,Precision Slitting Machine 226,Cutting Machine,2018-11-12,Operational
1205,MCH-001205,47,Automated Assembly Cell 245,Assembly Machine,2017-11-13,Operational
1206,MCH-001206,95,CNC Horizontal Machining Center 250,CNC Machine,2017-11-18,Maintenance
1207,MCH-001207,82,CNC Turning Center 251,CNC Machine,2018-05-03,Operational
1208,MCH-001208,98,High-Speed Labeling Machine 258,Packaging Machine,2017-11-03,Operational
1209,MCH-001209,13,CNC Precision Mill 252,CNC Machine,2016-11-08,Operational
1210,MCH-001210,24,Case Sealing System 259,Packaging Machine,2016-11-07,Operational
1211,MCH-001211,81,CNC Vertical Machining Center 253,CNC Machine,2018-03-24,Operational
1212,MCH-001212,31,Flexible Packaging Line 260,Packaging Machine,2017-10-14,Operational
1213,MCH-001213,97,Hydraulic Press 229,Press Machine,2017-08-07,Operational
1214,MCH-001214,42,Industrial Sawing Center 227,Cutting Machine,2017-12-07,Operational
1215,MCH-001215,35,Automated Carton Packer 261,Packaging Machine,2016-01-20,Operational
1216,MCH-001216,23,Mechanical Stamping Press 230,Press Machine,2018-06-13,Operational
1217,MCH-001217,67,High-Speed Labeling Machine 262,Packaging Machine,2016-11-15,Inactive
1218,MCH-001218,48,Precision Forming Press 231,Press Machine,2017-12-29,Operational
1219,MCH-001219,10,CNC Plasma Cutting System 228,Cutting Machine,2018-08-11,Operational
1220,MCH-001220,94,Case Sealing System 263,Packaging Machine,2018-05-27,Operational
1221,MCH-001221,47,Flexible Packaging Line 264,Packaging Machine,2016-06-16,Operational
1222,MCH-001222,10,Automated Carton Packer 265,Packaging Machine,2016-09-13,Operational
1223,MCH-001223,62,Servo Press System 232,Press Machine,2016-07-31,Operational
1224,MCH-001224,29,Laser Cutting System 229,Cutting Machine,2017-12-12,Operational
1225,MCH-001225,37,CNC Horizontal Machining Center 254,CNC Machine,2016-01-31,Operational
1226,MCH-001226,15,Precision Slitting Machine 230,Cutting Machine,2016-10-19,Operational
1227,MCH-001227,46,Servo Assembly Station 246,Assembly Machine,2017-05-07,Operational
1228,MCH-001228,88,High-Speed Labeling Machine 266,Packaging Machine,2016-12-09,Operational
1229,MCH-001229,53,Hydraulic Press 233,Press Machine,2018-05-24,Maintenance
1230,MCH-001230,93,Robotic Assembly Cell 247,Assembly Machine,2017-02-28,Operational
1231,MCH-001231,54,CNC Turning Center 255,CNC Machine,2016-07-11,Operational
1232,MCH-001232,65,CNC Precision Mill 256,CNC Machine,2016-12-13,Inactive
1233,MCH-001233,36,Case Sealing System 267,Packaging Machine,2016-08-01,Operational
1234,MCH-001234,33,Precision Assembly Line 248,Assembly Machine,2016-07-11,Operational
1235,MCH-001235,54,Mechanical Stamping Press 234,Press Machine,2018-10-10,Operational
1236,MCH-001236,12,CNC Vertical Machining Center 257,CNC Machine,2018-10-16,Operational
1237,MCH-001237,11,Industrial Sawing Center 231,Cutting Machine,2018-06-25,Operational
1238,MCH-001238,9,Precision Forming Press 235,Press Machine,2017-05-17,Maintenance
1239,MCH-001239,10,CNC Horizontal Machining Center 258,CNC Machine,2017-12-19,Operational
1240,MCH-001240,74,CNC Plasma Cutting System 232,Cutting Machine,2018-08-22,Operational
1241,MCH-001241,7,Automated Assembly Cell 249,Assembly Machine,2016-09-17,Operational
1242,MCH-001242,96,Laser Cutting System 233,Cutting Machine,2017-03-31,Operational
1243,MCH-001243,50,Servo Press System 236,Press Machine,2017-12-12,Operational
1244,MCH-001244,19,Hydraulic Press 237,Press Machine,2017-02-12,Operational
1245,MCH-001245,84,CNC Turning Center 259,CNC Machine,2016-08-14,Inactive
1246,MCH-001246,35,Servo Assembly Station 250,Assembly Machine,2018-11-23,Operational
1247,MCH-001247,86,Flexible Packaging Line 268,Packaging Machine,2016-01-29,Inactive
1248,MCH-001248,17,CNC Precision Mill 260,CNC Machine,2018-12-12,Inactive
1249,MCH-001249,22,Robotic Assembly Cell 251,Assembly Machine,2018-04-24,Operational
1250,MCH-001250,50,Mechanical Stamping Press 238,Press Machine,2016-06-24,Operational
1251,MCH-001251,52,Automated Carton Packer 269,Packaging Machine,2018-02-02,Operational
1252,MCH-001252,100,CNC Vertical Machining Center 261,CNC Machine,2016-02-19,Operational
1253,MCH-001253,59,High-Speed Labeling Machine 270,Packaging Machine,2018-02-14,Operational
1254,MCH-001254,49,Precision Assembly Line 252,Assembly Machine,2018-02-23,Operational
1255,MCH-001255,68,Case Sealing System 271,Packaging Machine,2017-10-01,Operational
1256,MCH-001256,38,CNC Horizontal Machining Center 262,CNC Machine,2016-10-20,Operational
1257,MCH-001257,44,Automated Assembly Cell 253,Assembly Machine,2017-02-19,Operational
1258,MCH-001258,36,Flexible Packaging Line 272,Packaging Machine,2018-03-23,Operational
1259,MCH-001259,43,CNC Turning Center 263,CNC Machine,2018-02-03,Maintenance
1260,MCH-001260,42,CNC Precision Mill 264,CNC Machine,2017-07-08,Operational
1261,MCH-001261,18,Precision Slitting Machine 234,Cutting Machine,2017-05-09,Maintenance
1262,MCH-001262,21,Automated Carton Packer 273,Packaging Machine,2017-04-18,Operational
1263,MCH-001263,62,Servo Assembly Station 254,Assembly Machine,2016-10-16,Operational
1264,MCH-001264,50,Industrial Sawing Center 235,Cutting Machine,2017-03-07,Operational
1265,MCH-001265,88,Robotic Assembly Cell 255,Assembly Machine,2018-09-09,Operational
1266,MCH-001266,73,High-Speed Labeling Machine 274,Packaging Machine,2018-03-10,Maintenance
1267,MCH-001267,2,Precision Assembly Line 256,Assembly Machine,2018-04-30,Operational
1268,MCH-001268,83,Case Sealing System 275,Packaging Machine,2018-06-08,Maintenance
1269,MCH-001269,12,Automated Assembly Cell 257,Assembly Machine,2016-03-10,Operational
1270,MCH-001270,100,CNC Vertical Machining Center 265,CNC Machine,2017-10-03,Operational
1271,MCH-001271,73,CNC Plasma Cutting System 236,Cutting Machine,2018-09-03,Operational
1272,MCH-001272,67,Servo Assembly Station 258,Assembly Machine,2017-03-28,Operational
1273,MCH-001273,39,CNC Horizontal Machining Center 266,CNC Machine,2017-05-16,Operational
1274,MCH-001274,72,CNC Turning Center 267,CNC Machine,2017-03-09,Operational
1275,MCH-001275,63,CNC Precision Mill 268,CNC Machine,2018-06-27,Operational
1276,MCH-001276,35,Robotic Assembly Cell 259,Assembly Machine,2016-11-09,Operational
1277,MCH-001277,20,Flexible Packaging Line 276,Packaging Machine,2017-06-28,Maintenance
1278,MCH-001278,53,Precision Assembly Line 260,Assembly Machine,2017-04-09,Operational
1279,MCH-001279,13,Precision Forming Press 239,Press Machine,2016-12-19,Inactive
1280,MCH-001280,97,Automated Assembly Cell 261,Assembly Machine,2018-01-12,Operational
1281,MCH-001281,3,Servo Assembly Station 262,Assembly Machine,2016-03-06,Operational
1282,MCH-001282,82,CNC Vertical Machining Center 269,CNC Machine,2017-03-12,Operational
1283,MCH-001283,43,Automated Carton Packer 277,Packaging Machine,2016-07-25,Operational
1284,MCH-001284,43,High-Speed Labeling Machine 278,Packaging Machine,2016-12-08,Maintenance
1285,MCH-001285,30,Servo Press System 240,Press Machine,2018-08-17,Operational
1286,MCH-001286,21,Robotic Assembly Cell 263,Assembly Machine,2018-05-06,Operational
1287,MCH-001287,7,Laser Cutting System 237,Cutting Machine,2017-08-25,Operational
1288,MCH-001288,83,Precision Slitting Machine 238,Cutting Machine,2018-06-18,Operational
1289,MCH-001289,55,Precision Assembly Line 264,Assembly Machine,2017-02-13,Operational
1290,MCH-001290,48,CNC Horizontal Machining Center 270,CNC Machine,2017-04-30,Operational
1291,MCH-001291,65,CNC Turning Center 271,CNC Machine,2018-07-30,Operational
1292,MCH-001292,14,Industrial Sawing Center 239,Cutting Machine,2018-08-29,Operational
1293,MCH-001293,52,Hydraulic Press 241,Press Machine,2017-12-22,Operational
1294,MCH-001294,55,Case Sealing System 279,Packaging Machine,2016-11-22,Operational
1295,MCH-001295,76,Automated Assembly Cell 265,Assembly Machine,2017-01-15,Operational
1296,MCH-001296,4,CNC Precision Mill 272,CNC Machine,2016-03-17,Operational
1297,MCH-001297,14,Flexible Packaging Line 280,Packaging Machine,2018-09-13,Operational
1298,MCH-001298,42,Mechanical Stamping Press 242,Press Machine,2017-10-10,Operational
1299,MCH-001299,35,CNC Plasma Cutting System 240,Cutting Machine,2017-08-18,Operational
1300,MCH-001300,79,Precision Forming Press 243,Press Machine,2017-09-26,Operational
1301,MCH-001301,92,Servo Press System 244,Press Machine,2017-05-08,Operational
1302,MCH-001302,13,CNC Vertical Machining Center 273,CNC Machine,2016-05-18,Operational
1303,MCH-001303,94,Hydraulic Press 245,Press Machine,2017-09-08,Operational
1304,MCH-001304,62,Mechanical Stamping Press 246,Press Machine,2017-06-17,Operational
1305,MCH-001305,88,CNC Horizontal Machining Center 274,CNC Machine,2018-02-17,Operational
1306,MCH-001306,89,Laser Cutting System 241,Cutting Machine,2016-10-28,Operational
1307,MCH-001307,85,Automated Carton Packer 281,Packaging Machine,2018-07-06,Operational
1308,MCH-001308,7,Precision Forming Press 247,Press Machine,2017-11-24,Unknown
1309,MCH-001309,80,Precision Slitting Machine 242,Cutting Machine,2018-01-26,Maintenance
1310,MCH-001310,96,CNC Turning Center 275,CNC Machine,2017-11-27,Maintenance
1311,MCH-001311,10,Servo Assembly Station 266,Assembly Machine,2018-11-19,Operational
1312,MCH-001312,67,CNC Precision Mill 276,CNC Machine,2017-11-12,Operational
1313,MCH-001313,70,CNC Vertical Machining Center 277,CNC Machine,2017-08-23,Operational
1314,MCH-001314,23,High-Speed Labeling Machine 282,Packaging Machine,2016-05-22,Operational
1315,MCH-001315,84,Case Sealing System 283,Packaging Machine,2017-06-26,Operational
1316,MCH-001316,53,CNC Horizontal Machining Center 278,CNC Machine,2016-09-10,Operational
1317,MCH-001317,72,CNC Turning Center 279,CNC Machine,2016-09-11,Maintenance
1318,MCH-001318,28,Flexible Packaging Line 284,Packaging Machine,2017-07-21,Operational
1319,MCH-001319,58,Automated Carton Packer 285,Packaging Machine,2018-09-25,Operational
1320,MCH-001320,24,Servo Press System 248,Press Machine,2016-12-17,Operational
1321,MCH-001321,30,Hydraulic Press 249,Press Machine,2018-05-25,Operational
1322,MCH-001322,32,Mechanical Stamping Press 250,Press Machine,2017-07-28,Operational
1323,MCH-001323,3,Industrial Sawing Center 243,Cutting Machine,2016-09-12,Operational
1324,MCH-001324,16,Robotic Assembly Cell 267,Assembly Machine,2016-08-16,Inactive
1325,MCH-001325,21,CNC Precision Mill 280,CNC Machine,2017-12-01,Operational
1326,MCH-001326,73,Precision Assembly Line 268,Assembly Machine,2017-03-25,Operational
1327,MCH-001327,98,High-Speed Labeling Machine 286,Packaging Machine,2018-06-16,Operational
1328,MCH-001328,26,Case Sealing System 287,Packaging Machine,2018-05-21,Operational
1329,MCH-001329,66,Precision Forming Press 251,Press Machine,2017-09-08,Operational
1330,MCH-001330,66,Automated Assembly Cell 269,Assembly Machine,2017-11-07,Inactive
1331,MCH-001331,52,CNC Vertical Machining Center 281,CNC Machine,2017-02-23,Operational
1332,MCH-001332,96,Servo Assembly Station 270,Assembly Machine,2018-05-05,Operational
1333,MCH-001333,12,CNC Horizontal Machining Center 282,CNC Machine,2016-09-25,Operational
1334,MCH-001334,71,CNC Plasma Cutting System 244,Cutting Machine,2018-05-06,Maintenance
1335,MCH-001335,28,CNC Turning Center 283,CNC Machine,2016-08-23,Operational
1336,MCH-001336,42,Laser Cutting System 245,Cutting Machine,2016-04-21,Operational
1337,MCH-001337,85,Precision Slitting Machine 246,Cutting Machine,2017-07-31,Operational
1338,MCH-001338,70,Servo Press System 252,Press Machine,2016-09-27,Operational
1339,MCH-001339,99,Flexible Packaging Line 288,Packaging Machine,2016-02-07,Operational
1340,MCH-001340,60,Hydraulic Press 253,Press Machine,2017-11-06,Operational
1341,MCH-001341,8,Robotic Assembly Cell 271,Assembly Machine,2016-01-11,Operational
1342,MCH-001342,38,CNC Precision Mill 284,CNC Machine,2017-11-17,Maintenance
1343,MCH-001343,69,CNC Vertical Machining Center 285,CNC Machine,2018-11-03,Operational
1344,MCH-001344,81,CNC Horizontal Machining Center 286,CNC Machine,2017-05-19,Operational
1345,MCH-001345,86,Precision Assembly Line 272,Assembly Machine,2018-10-03,Operational
1346,MCH-001346,58,CNC Turning Center 287,CNC Machine,2018-12-11,Operational
1347,MCH-001347,72,CNC Precision Mill 288,CNC Machine,2017-03-27,Operational
1348,MCH-001348,82,Automated Carton Packer 289,Packaging Machine,2018-02-26,Operational
1349,MCH-001349,8,High-Speed Labeling Machine 290,Packaging Machine,2017-10-21,Operational
1350,MCH-001350,9,CNC Vertical Machining Center 289,CNC Machine,2016-04-10,Operational
1351,MCH-001351,47,Automated Assembly Cell 273,Assembly Machine,2018-09-10,Operational
1352,MCH-001352,4,CNC Horizontal Machining Center 290,CNC Machine,2018-03-30,Operational
1353,MCH-001353,19,Industrial Sawing Center 247,Cutting Machine,2017-02-18,Maintenance
1354,MCH-001354,8,CNC Turning Center 291,CNC Machine,2016-12-11,Maintenance
1355,MCH-001355,80,CNC Plasma Cutting System 248,Cutting Machine,2018-12-03,Operational
1356,MCH-001356,96,Mechanical Stamping Press 254,Press Machine,2016-06-26,Operational
1357,MCH-001357,47,Precision Forming Press 255,Press Machine,2018-08-22,Operational
1358,MCH-001358,42,Servo Assembly Station 274,Assembly Machine,2016-07-29,Operational
1359,MCH-001359,76,Laser Cutting System 249,Cutting Machine,2018-07-10,Operational
1360,MCH-001360,10,Robotic Assembly Cell 275,Assembly Machine,2018-07-28,Maintenance
1361,MCH-001361,62,Case Sealing System 291,Packaging Machine,2018-01-11,Operational
1362,MCH-001362,77,Precision Slitting Machine 250,Cutting Machine,2017-09-11,Inactive
1363,MCH-001363,47,CNC Precision Mill 292,CNC Machine,2018-12-03,Maintenance
1364,MCH-001364,47,Industrial Sawing Center 251,Cutting Machine,2017-04-05,Operational
1365,MCH-001365,27,CNC Plasma Cutting System 252,Cutting Machine,2017-08-29,Operational
1366,MCH-001366,87,Flexible Packaging Line 292,Packaging Machine,2017-08-09,Operational
1367,MCH-001367,37,CNC Vertical Machining Center 293,CNC Machine,2017-03-02,Operational
1368,MCH-001368,77,Automated Carton Packer 293,Packaging Machine,2018-11-19,Operational
1369,MCH-001369,14,Servo Press System 256,Press Machine,2018-02-26,Operational
1370,MCH-001370,99,Precision Assembly Line 276,Assembly Machine,2017-07-26,Operational
1371,MCH-001371,84,Laser Cutting System 253,Cutting Machine,2017-03-29,Inactive
1372,MCH-001372,99,CNC Horizontal Machining Center 294,CNC Machine,2016-05-09,Operational
1373,MCH-001373,91,High-Speed Labeling Machine 294,Packaging Machine,2016-01-16,Operational
1374,MCH-001374,15,Hydraulic Press 257,Press Machine,2017-03-11,Maintenance
1375,MCH-001375,84,Case Sealing System 295,Packaging Machine,2016-09-10,Operational
1376,MCH-001376,84,Flexible Packaging Line 296,Packaging Machine,2016-05-19,Operational
1377,MCH-001377,10,Precision Slitting Machine 254,Cutting Machine,2016-08-19,Operational
1378,MCH-001378,72,Automated Assembly Cell 277,Assembly Machine,2016-11-28,Operational
1379,MCH-001379,53,Mechanical Stamping Press 258,Press Machine,2018-08-30,Operational
1380,MCH-001380,4,Servo Assembly Station 278,Assembly Machine,2018-09-24,Operational
1381,MCH-001381,62,Robotic Assembly Cell 279,Assembly Machine,2017-08-25,Operational
1382,MCH-001382,60,CNC Turning Center 295,CNC Machine,2017-03-10,Operational
1383,MCH-001383,57,Precision Assembly Line 280,Assembly Machine,2016-09-17,Inactive
1384,MCH-001384,36,Precision Forming Press 259,Press Machine,2018-08-29,Operational
1385,MCH-001385,81,Industrial Sawing Center 255,Cutting Machine,2017-08-02,Operational
1386,MCH-001386,29,CNC Precision Mill 296,CNC Machine,2017-07-15,Operational
1387,MCH-001387,93,CNC Vertical Machining Center 297,CNC Machine,2018-09-13,Operational
1388,MCH-001388,97,CNC Horizontal Machining Center 298,CNC Machine,2016-05-31,Operational
1389,MCH-001389,88,CNC Plasma Cutting System 256,Cutting Machine,2017-12-11,Operational
1390,MCH-001390,34,Laser Cutting System 257,Cutting Machine,2016-03-13,Inactive
1391,MCH-001391,72,Automated Assembly Cell 281,Assembly Machine,2017-02-28,Operational
1392,MCH-001392,30,CNC Turning Center 299,CNC Machine,2017-02-01,Inactive
1393,MCH-001393,97,Precision Slitting Machine 258,Cutting Machine,2018-09-26,Operational
1394,MCH-001394,55,Industrial Sawing Center 259,Cutting Machine,2017-08-11,Operational
1395,MCH-001395,44,CNC Precision Mill 300,CNC Machine,2017-04-25,Operational
1396,MCH-001396,97,Servo Assembly Station 282,Assembly Machine,2017-07-10,Operational
1397,MCH-001397,8,Automated Carton Packer 297,Packaging Machine,2018-10-03,Operational
1398,MCH-001398,41,CNC Plasma Cutting System 260,Cutting Machine,2017-09-23,Maintenance
1399,MCH-001399,14,High-Speed Labeling Machine 298,Packaging Machine,2018-11-21,Operational
1400,MCH-001400,66,Robotic Assembly Cell 283,Assembly Machine,2017-12-18,Operational
1401,MCH-001401,11,Servo Press System 260,Press Machine,2016-06-17,Operational
1402,MCH-001402,45,Case Sealing System 299,Packaging Machine,2018-07-14,Operational
1403,MCH-001403,13,Flexible Packaging Line 300,Packaging Machine,2016-09-28,Operational
1404,MCH-001404,23,Laser Cutting System 261,Cutting Machine,2017-09-05,Operational
1405,MCH-001405,80,Precision Slitting Machine 262,Cutting Machine,2017-02-16,Maintenance
1406,MCH-001406,87,Precision Assembly Line 284,Assembly Machine,2018-04-14,Operational
1407,MCH-001407,43,Automated Carton Packer 301,Packaging Machine,2018-07-31,Operational
1408,MCH-001408,86,Industrial Sawing Center 263,Cutting Machine,2016-08-02,Operational
1409,MCH-001409,93,Hydraulic Press 261,Press Machine,2017-09-21,Operational
1410,MCH-001410,21,Automated Assembly Cell 285,Assembly Machine,2018-08-12,Operational
1411,MCH-001411,97,High-Speed Labeling Machine 302,Packaging Machine,2016-07-15,Operational
1412,MCH-001412,96,Servo Assembly Station 286,Assembly Machine,2016-04-04,Operational
1413,MCH-001413,1,CNC Plasma Cutting System 264,Cutting Machine,2016-10-25,Operational
1414,MCH-001414,84,CNC Vertical Machining Center 301,CNC Machine,2017-02-17,Operational
1415,MCH-001415,84,Robotic Assembly Cell 287,Assembly Machine,2018-12-29,Maintenance
1416,MCH-001416,60,Laser Cutting System 265,Cutting Machine,2018-02-22,Operational
1417,MCH-001417,59,Mechanical Stamping Press 262,Press Machine,2018-05-25,Operational
1418,MCH-001418,33,Precision Slitting Machine 266,Cutting Machine,2018-04-10,Operational
1419,MCH-001419,89,Precision Forming Press 263,Press Machine,2018-02-05,Operational
1420,MCH-001420,16,Precision Assembly Line 288,Assembly Machine,2017-04-10,Maintenance
1421,MCH-001421,45,Case Sealing System 303,Packaging Machine,2016-02-17,Operational
1422,MCH-001422,87,Servo Press System 264,Press Machine,2016-12-12,Unknown
1423,MCH-001423,2,Industrial Sawing Center 267,Cutting Machine,2018-10-30,Operational
1424,MCH-001424,65,Hydraulic Press 265,Press Machine,2018-11-09,Operational
1425,MCH-001425,67,Mechanical Stamping Press 266,Press Machine,2016-10-17,Operational
1426,MCH-001426,64,Automated Assembly Cell 289,Assembly Machine,2017-04-11,Operational
1427,MCH-001427,42,Precision Forming Press 267,Press Machine,2018-10-04,Operational
1428,MCH-001428,24,Servo Press System 268,Press Machine,2016-04-21,Operational
1429,MCH-001429,9,Flexible Packaging Line 304,Packaging Machine,2016-10-30,Operational
1430,MCH-001430,97,Hydraulic Press 269,Press Machine,2017-07-28,Operational
1431,MCH-001431,79,Mechanical Stamping Press 270,Press Machine,2018-06-01,Operational
1432,MCH-001432,6,Servo Assembly Station 290,Assembly Machine,2017-02-15,Operational
1433,MCH-001433,20,Automated Carton Packer 305,Packaging Machine,2017-04-10,Operational
1434,MCH-001434,34,Robotic Assembly Cell 291,Assembly Machine,2018-12-31,Operational
1435,MCH-001435,17,Precision Forming Press 271,Press Machine,2016-10-18,Operational
1436,MCH-001436,46,Precision Assembly Line 292,Assembly Machine,2018-10-24,Operational
1437,MCH-001437,43,High-Speed Labeling Machine 306,Packaging Machine,2018-03-10,Operational
1438,MCH-001438,46,Automated Assembly Cell 293,Assembly Machine,2018-08-15,Unknown
1439,MCH-001439,36,CNC Plasma Cutting System 268,Cutting Machine,2017-08-08,Operational
1440,MCH-001440,71,Servo Press System 272,Press Machine,2017-08-19,Operational
1441,MCH-001441,8,Servo Assembly Station 294,Assembly Machine,2016-12-19,Operational
1442,MCH-001442,75,Hydraulic Press 273,Press Machine,2017-04-07,Operational
1443,MCH-001443,4,Robotic Assembly Cell 295,Assembly Machine,2018-03-22,Operational
1444,MCH-001444,58,Precision Assembly Line 296,Assembly Machine,2017-11-29,Operational
1445,MCH-001445,67,Laser Cutting System 269,Cutting Machine,2016-03-25,Operational
1446,MCH-001446,28,Precision Slitting Machine 270,Cutting Machine,2016-03-31,Maintenance
1447,MCH-001447,81,Case Sealing System 307,Packaging Machine,2018-10-27,Maintenance
1448,MCH-001448,14,CNC Horizontal Machining Center 302,CNC Machine,2018-12-26,Maintenance
1449,MCH-001449,50,Mechanical Stamping Press 274,Press Machine,2018-07-02,Operational
1450,MCH-001450,44,CNC Turning Center 303,CNC Machine,2017-03-24,Inactive
1451,MCH-001451,82,Flexible Packaging Line 308,Packaging Machine,2016-03-07,Operational
1452,MCH-001452,38,CNC Precision Mill 304,CNC Machine,2017-04-09,Operational
1453,MCH-001453,86,Industrial Sawing Center 271,Cutting Machine,2017-05-05,Operational
1454,MCH-001454,23,CNC Vertical Machining Center 305,CNC Machine,2016-01-22,Unknown
1455,MCH-001455,21,Automated Carton Packer 309,Packaging Machine,2016-03-15,Operational
1456,MCH-001456,20,High-Speed Labeling Machine 310,Packaging Machine,2016-06-19,Operational
1457,MCH-001457,45,Precision Forming Press 275,Press Machine,2016-12-06,Operational
1458,MCH-001458,88,Automated Assembly Cell 297,Assembly Machine,2018-10-17,Operational
1459,MCH-001459,37,Servo Press System 276,Press Machine,2017-06-12,Inactive
1460,MCH-001460,17,CNC Plasma Cutting System 272,Cutting Machine,2017-11-29,Operational
1461,MCH-001461,40,Laser Cutting System 273,Cutting Machine,2018-12-04,Operational
1462,MCH-001462,89,Servo Assembly Station 298,Assembly Machine,2016-11-06,Maintenance
1463,MCH-001463,8,Precision Slitting Machine 274,Cutting Machine,2017-12-17,Operational
1464,MCH-001464,23,Industrial Sawing Center 275,Cutting Machine,2018-03-18,Operational
1465,MCH-001465,19,Hydraulic Press 277,Press Machine,2017-07-08,Operational
1466,MCH-001466,79,Mechanical Stamping Press 278,Press Machine,2018-06-12,Operational
1467,MCH-001467,12,CNC Plasma Cutting System 276,Cutting Machine,2017-09-07,Inactive
1468,MCH-001468,97,Laser Cutting System 277,Cutting Machine,2018-11-28,Inactive
1469,MCH-001469,87,CNC Horizontal Machining Center 306,CNC Machine,2017-08-23,Maintenance
1470,MCH-001470,92,Case Sealing System 311,Packaging Machine,2018-12-04,Operational
1471,MCH-001471,52,Precision Slitting Machine 278,Cutting Machine,2017-02-28,Operational
1472,MCH-001472,29,Flexible Packaging Line 312,Packaging Machine,2018-01-08,Operational
1473,MCH-001473,17,Precision Forming Press 279,Press Machine,2016-03-20,Operational
1474,MCH-001474,3,Automated Carton Packer 313,Packaging Machine,2016-10-12,Inactive
1475,MCH-001475,41,CNC Turning Center 307,CNC Machine,2018-07-11,Operational
1476,MCH-001476,52,Robotic Assembly Cell 299,Assembly Machine,2018-12-29,Operational
1477,MCH-001477,58,Precision Assembly Line 300,Assembly Machine,2017-07-14,Operational
1478,MCH-001478,27,CNC Precision Mill 308,CNC Machine,2017-05-08,Operational
1479,MCH-001479,89,Industrial Sawing Center 279,Cutting Machine,2017-06-24,Maintenance
1480,MCH-001480,83,CNC Vertical Machining Center 309,CNC Machine,2017-11-08,Operational
1481,MCH-001481,87,CNC Plasma Cutting System 280,Cutting Machine,2018-02-03,Maintenance
1482,MCH-001482,36,Automated Assembly Cell 301,Assembly Machine,2018-05-06,Unknown
1483,MCH-001483,19,High-Speed Labeling Machine 314,Packaging Machine,2018-01-20,Operational
1484,MCH-001484,76,Case Sealing System 315,Packaging Machine,2016-12-10,Operational
1485,MCH-001485,72,CNC Horizontal Machining Center 310,CNC Machine,2016-10-30,Operational
1486,MCH-001486,67,Servo Press System 280,Press Machine,2017-01-13,Operational
1487,MCH-001487,61,Servo Assembly Station 302,Assembly Machine,2018-10-09,Operational
1488,MCH-001488,19,Hydraulic Press 281,Press Machine,2017-01-29,Operational
1489,MCH-001489,63,Mechanical Stamping Press 282,Press Machine,2018-11-05,Operational
1490,MCH-001490,9,Robotic Assembly Cell 303,Assembly Machine,2017-10-21,Operational
1491,MCH-001491,30,Precision Assembly Line 304,Assembly Machine,2018-01-23,Operational
1492,MCH-001492,23,Precision Forming Press 283,Press Machine,2016-02-13,Operational
1493,MCH-001493,15,Laser Cutting System 281,Cutting Machine,2017-01-31,Maintenance
1494,MCH-001494,41,CNC Turning Center 311,CNC Machine,2016-12-15,Operational
1495,MCH-001495,94,Precision Slitting Machine 282,Cutting Machine,2018-08-03,Operational
1496,MCH-001496,60,CNC Precision Mill 312,CNC Machine,2016-10-17,Maintenance
1497,MCH-001497,64,Flexible Packaging Line 316,Packaging Machine,2018-08-10,Operational
1498,MCH-001498,81,Servo Press System 284,Press Machine,2018-10-08,Operational
1499,MCH-001499,77,Hydraulic Press 285,Press Machine,2016-04-05,Operational
1500,MCH-001500,85,Industrial Sawing Center 283,Cutting Machine,2017-07-29,Operational
1501,MCH-001501,75,Mechanical Stamping Press 286,Press Machine,2016-02-19,Maintenance
1502,MCH-001502,34,Automated Carton Packer 317,Packaging Machine,2018-12-21,Operational
1503,MCH-001503,54,Precision Forming Press 287,Press Machine,2018-05-21,Operational
1504,MCH-001504,68,High-Speed Labeling Machine 318,Packaging Machine,2016-08-17,Operational
1505,MCH-001505,12,Case Sealing System 319,Packaging Machine,2018-01-14,Operational
1506,MCH-001506,59,CNC Plasma Cutting System 284,Cutting Machine,2016-05-07,Operational
1507,MCH-001507,9,Flexible Packaging Line 320,Packaging Machine,2017-07-09,Operational
1508,MCH-001508,58,Servo Press System 288,Press Machine,2016-04-28,Maintenance
1509,MCH-001509,97,Laser Cutting System 285,Cutting Machine,2016-02-02,Maintenance
1510,MCH-001510,100,Precision Slitting Machine 286,Cutting Machine,2017-07-09,Operational
1511,MCH-001511,94,Automated Assembly Cell 305,Assembly Machine,2018-01-17,Operational
1512,MCH-001512,1,CNC Vertical Machining Center 313,CNC Machine,2017-12-06,Operational
1513,MCH-001513,49,Servo Assembly Station 306,Assembly Machine,2017-04-22,Operational
1514,MCH-001514,36,Robotic Assembly Cell 307,Assembly Machine,2018-01-25,Operational
1515,MCH-001515,77,Hydraulic Press 289,Press Machine,2016-05-21,Operational
1516,MCH-001516,3,Precision Assembly Line 308,Assembly Machine,2017-01-13,Operational
1517,MCH-001517,71,Automated Assembly Cell 309,Assembly Machine,2016-01-09,Operational
1518,MCH-001518,33,Automated Carton Packer 321,Packaging Machine,2016-12-20,Inactive
1519,MCH-001519,32,Industrial Sawing Center 287,Cutting Machine,2017-03-08,Operational
1520,MCH-001520,90,CNC Plasma Cutting System 288,Cutting Machine,2018-08-24,Operational
1521,MCH-001521,93,CNC Horizontal Machining Center 314,CNC Machine,2017-09-02,Operational
1522,MCH-001522,81,High-Speed Labeling Machine 322,Packaging Machine,2016-12-17,Operational
1523,MCH-001523,73,Servo Assembly Station 310,Assembly Machine,2016-05-30,Operational
1524,MCH-001524,12,Laser Cutting System 289,Cutting Machine,2017-12-03,Operational
1525,MCH-001525,45,Robotic Assembly Cell 311,Assembly Machine,2016-05-06,Operational
1526,MCH-001526,58,Case Sealing System 323,Packaging Machine,2016-05-27,Operational
1527,MCH-001527,67,Mechanical Stamping Press 290,Press Machine,2018-11-03,Maintenance
1528,MCH-001528,82,Precision Forming Press 291,Press Machine,2016-11-29,Operational
1529,MCH-001529,75,Flexible Packaging Line 324,Packaging Machine,2018-01-09,Unknown
1530,MCH-001530,42,Automated Carton Packer 325,Packaging Machine,2016-02-02,Operational
1531,MCH-001531,84,High-Speed Labeling Machine 326,Packaging Machine,2017-10-07,Operational
1532,MCH-001532,11,Case Sealing System 327,Packaging Machine,2017-09-09,Operational
1533,MCH-001533,35,Flexible Packaging Line 328,Packaging Machine,2017-03-26,Maintenance
1534,MCH-001534,81,Servo Press System 292,Press Machine,2016-06-15,Operational
1535,MCH-001535,87,Automated Carton Packer 329,Packaging Machine,2018-12-16,Maintenance
1536,MCH-001536,52,Hydraulic Press 293,Press Machine,2017-03-28,Operational
1537,MCH-001537,35,Precision Slitting Machine 290,Cutting Machine,2017-06-21,Operational
1538,MCH-001538,91,CNC Turning Center 315,CNC Machine,2018-04-24,Operational
1539,MCH-001539,14,Industrial Sawing Center 291,Cutting Machine,2018-05-05,Inactive
1540,MCH-001540,75,CNC Plasma Cutting System 292,Cutting Machine,2018-11-07,Operational
1541,MCH-001541,81,Laser Cutting System 293,Cutting Machine,2016-02-06,Operational
1542,MCH-001542,24,CNC Precision Mill 316,CNC Machine,2018-03-10,Operational
1543,MCH-001543,73,High-Speed Labeling Machine 330,Packaging Machine,2016-08-20,Operational
1544,MCH-001544,90,Mechanical Stamping Press 294,Press Machine,2016-12-10,Operational
1545,MCH-001545,72,Precision Forming Press 295,Press Machine,2018-08-29,Operational
1546,MCH-001546,18,Precision Slitting Machine 294,Cutting Machine,2016-05-05,Operational
1547,MCH-001547,36,CNC Vertical Machining Center 317,CNC Machine,2017-03-30,Maintenance
1548,MCH-001548,54,Servo Press System 296,Press Machine,2018-04-14,Inactive
1549,MCH-001549,95,Hydraulic Press 297,Press Machine,2018-11-13,Operational
1550,MCH-001550,78,Case Sealing System 331,Packaging Machine,2017-09-09,Operational
1551,MCH-001551,41,Flexible Packaging Line 332,Packaging Machine,2017-11-23,Operational
1552,MCH-001552,18,Automated Carton Packer 333,Packaging Machine,2017-02-03,Operational
1553,MCH-001553,75,Mechanical Stamping Press 298,Press Machine,2016-10-01,Operational
1554,MCH-001554,23,Precision Assembly Line 312,Assembly Machine,2016-01-28,Operational
1555,MCH-001555,15,CNC Horizontal Machining Center 318,CNC Machine,2017-09-04,Operational
1556,MCH-001556,18,CNC Turning Center 319,CNC Machine,2017-08-02,Operational
1557,MCH-001557,33,Industrial Sawing Center 295,Cutting Machine,2016-12-22,Operational
1558,MCH-001558,89,Automated Assembly Cell 313,Assembly Machine,2017-02-21,Operational
1559,MCH-001559,99,CNC Precision Mill 320,CNC Machine,2017-09-25,Operational
1560,MCH-001560,63,High-Speed Labeling Machine 334,Packaging Machine,2016-07-07,Operational
1561,MCH-001561,56,CNC Vertical Machining Center 321,CNC Machine,2016-04-10,Operational
1562,MCH-001562,95,CNC Plasma Cutting System 296,Cutting Machine,2017-03-31,Operational
1563,MCH-001563,23,Laser Cutting System 297,Cutting Machine,2017-11-01,Unknown
1564,MCH-001564,26,CNC Horizontal Machining Center 322,CNC Machine,2016-02-26,Operational
1565,MCH-001565,69,Servo Assembly Station 314,Assembly Machine,2016-05-13,Maintenance
1566,MCH-001566,6,Precision Forming Press 299,Press Machine,2016-06-04,Operational
1567,MCH-001567,17,Precision Slitting Machine 298,Cutting Machine,2018-04-03,Operational
1568,MCH-001568,39,CNC Turning Center 323,CNC Machine,2016-09-16,Operational
1569,MCH-001569,83,Industrial Sawing Center 299,Cutting Machine,2018-11-17,Inactive
1570,MCH-001570,61,CNC Precision Mill 324,CNC Machine,2016-10-06,Operational
1571,MCH-001571,78,Robotic Assembly Cell 315,Assembly Machine,2017-07-02,Operational
1572,MCH-001572,29,Servo Press System 300,Press Machine,2016-02-19,Operational
1573,MCH-001573,20,Case Sealing System 335,Packaging Machine,2017-04-30,Operational
1574,MCH-001574,35,CNC Vertical Machining Center 325,CNC Machine,2017-05-31,Operational
1575,MCH-001575,32,Hydraulic Press 301,Press Machine,2018-08-17,Operational
1576,MCH-001576,40,Flexible Packaging Line 336,Packaging Machine,2018-06-17,Operational
1577,MCH-001577,76,CNC Plasma Cutting System 300,Cutting Machine,2017-05-25,Operational
1578,MCH-001578,24,Mechanical Stamping Press 302,Press Machine,2016-03-22,Operational
1579,MCH-001579,38,Laser Cutting System 301,Cutting Machine,2016-07-07,Maintenance
1580,MCH-001580,84,Precision Assembly Line 316,Assembly Machine,2016-01-24,Operational
1581,MCH-001581,54,CNC Horizontal Machining Center 326,CNC Machine,2018-12-28,Operational
1582,MCH-001582,6,Automated Assembly Cell 317,Assembly Machine,2016-11-02,Maintenance
1583,MCH-001583,4,Servo Assembly Station 318,Assembly Machine,2018-05-03,Operational
1584,MCH-001584,34,Precision Forming Press 303,Press Machine,2018-05-17,Operational
1585,MCH-001585,15,Automated Carton Packer 337,Packaging Machine,2018-05-22,Operational
1586,MCH-001586,50,CNC Turning Center 327,CNC Machine,2016-10-27,Operational
1587,MCH-001587,100,CNC Precision Mill 328,CNC Machine,2017-03-08,Operational
1588,MCH-001588,66,Servo Press System 304,Press Machine,2017-08-07,Operational
1589,MCH-001589,7,Robotic Assembly Cell 319,Assembly Machine,2016-05-15,Operational
1590,MCH-001590,5,Precision Slitting Machine 302,Cutting Machine,2016-02-27,Operational
1591,MCH-001591,3,Industrial Sawing Center 303,Cutting Machine,2017-11-21,Operational
1592,MCH-001592,77,CNC Vertical Machining Center 329,CNC Machine,2016-09-01,Unknown
1593,MCH-001593,25,Hydraulic Press 305,Press Machine,2016-11-26,Operational
1594,MCH-001594,23,Mechanical Stamping Press 306,Press Machine,2017-04-24,Operational
1595,MCH-001595,45,CNC Horizontal Machining Center 330,CNC Machine,2018-02-17,Operational
1596,MCH-001596,52,Precision Assembly Line 320,Assembly Machine,2017-07-29,Operational
1597,MCH-001597,7,High-Speed Labeling Machine 338,Packaging Machine,2018-11-16,Operational
1598,MCH-001598,92,Case Sealing System 339,Packaging Machine,2017-09-09,Maintenance
1599,MCH-001599,68,CNC Turning Center 331,CNC Machine,2017-05-21,Operational
1600,MCH-001600,53,CNC Precision Mill 332,CNC Machine,2017-09-22,Operational
1601,MCH-001601,93,CNC Plasma Cutting System 304,Cutting Machine,2018-09-20,Operational
1602,MCH-001602,98,Laser Cutting System 305,Cutting Machine,2017-04-22,Operational
1603,MCH-001603,6,Precision Slitting Machine 306,Cutting Machine,2016-10-24,Operational
1604,MCH-001604,86,CNC Vertical Machining Center 333,CNC Machine,2018-11-28,Operational
1605,MCH-001605,65,Flexible Packaging Line 340,Packaging Machine,2017-03-12,Operational
1606,MCH-001606,56,Automated Carton Packer 341,Packaging Machine,2018-10-20,Maintenance
1607,MCH-001607,7,Industrial Sawing Center 307,Cutting Machine,2017-06-29,Operational
1608,MCH-001608,61,Precision Forming Press 307,Press Machine,2018-10-31,Operational
1609,MCH-001609,37,Automated Assembly Cell 321,Assembly Machine,2018-02-25,Maintenance
1610,MCH-001610,90,CNC Plasma Cutting System 308,Cutting Machine,2017-08-20,Operational
1611,MCH-001611,14,Laser Cutting System 309,Cutting Machine,2016-09-19,Operational
1612,MCH-001612,5,High-Speed Labeling Machine 342,Packaging Machine,2017-04-02,Operational
1613,MCH-001613,24,Precision Slitting Machine 310,Cutting Machine,2018-06-18,Inactive
1614,MCH-001614,43,CNC Horizontal Machining Center 334,CNC Machine,2018-11-22,Operational
1615,MCH-001615,66,Servo Press System 308,Press Machine,2018-02-05,Inactive
1616,MCH-001616,70,Servo Assembly Station 322,Assembly Machine,2018-03-29,Operational
1617,MCH-001617,67,Industrial Sawing Center 311,Cutting Machine,2018-02-16,Operational
1618,MCH-001618,13,CNC Turning Center 335,CNC Machine,2018-03-17,Operational
1619,MCH-001619,82,CNC Precision Mill 336,CNC Machine,2017-06-07,Inactive
1620,MCH-001620,89,CNC Vertical Machining Center 337,CNC Machine,2018-09-20,Operational
1621,MCH-001621,67,CNC Plasma Cutting System 312,Cutting Machine,2016-01-05,Operational
1622,MCH-001622,55,Hydraulic Press 309,Press Machine,2018-08-30,Operational
1623,MCH-001623,53,Robotic Assembly Cell 323,Assembly Machine,2018-12-10,Operational
1624,MCH-001624,59,Case Sealing System 343,Packaging Machine,2016-01-28,Operational
1625,MCH-001625,19,Flexible Packaging Line 344,Packaging Machine,2018-02-03,Operational
1626,MCH-001626,58,CNC Horizontal Machining Center 338,CNC Machine,2018-09-13,Operational
1627,MCH-001627,54,Laser Cutting System 313,Cutting Machine,2018-11-21,Inactive
1628,MCH-001628,51,Mechanical Stamping Press 310,Press Machine,2018-02-19,Operational
1629,MCH-001629,39,CNC Turning Center 339,CNC Machine,2018-05-21,Operational
1630,MCH-001630,76,Precision Assembly Line 324,Assembly Machine,2017-09-01,Operational
1631,MCH-001631,42,Precision Forming Press 311,Press Machine,2017-01-16,Operational
1632,MCH-001632,79,Automated Assembly Cell 325,Assembly Machine,2017-07-08,Operational
1633,MCH-001633,7,Servo Press System 312,Press Machine,2017-07-16,Operational
1634,MCH-001634,92,CNC Precision Mill 340,CNC Machine,2017-04-22,Inactive
1635,MCH-001635,94,Precision Slitting Machine 314,Cutting Machine,2018-08-16,Operational
1636,MCH-001636,11,Hydraulic Press 313,Press Machine,2016-06-21,Operational
1637,MCH-001637,67,CNC Vertical Machining Center 341,CNC Machine,2017-06-10,Operational
1638,MCH-001638,45,Servo Assembly Station 326,Assembly Machine,2017-07-03,Operational
1639,MCH-001639,11,Robotic Assembly Cell 327,Assembly Machine,2018-05-09,Inactive
1640,MCH-001640,18,Precision Assembly Line 328,Assembly Machine,2016-03-17,Operational
1641,MCH-001641,32,Automated Assembly Cell 329,Assembly Machine,2016-11-01,Maintenance
1642,MCH-001642,36,CNC Horizontal Machining Center 342,CNC Machine,2017-02-14,Operational
1643,MCH-001643,63,Servo Assembly Station 330,Assembly Machine,2017-01-31,Inactive
1644,MCH-001644,9,Automated Carton Packer 345,Packaging Machine,2017-03-10,Operational
1645,MCH-001645,81,Industrial Sawing Center 315,Cutting Machine,2016-09-08,Inactive
1646,MCH-001646,84,CNC Plasma Cutting System 316,Cutting Machine,2018-08-22,Operational
1647,MCH-001647,83,CNC Turning Center 343,CNC Machine,2017-12-27,Operational
1648,MCH-001648,7,Robotic Assembly Cell 331,Assembly Machine,2018-01-05,Operational
1649,MCH-001649,46,Mechanical Stamping Press 314,Press Machine,2016-08-17,Operational
1650,MCH-001650,36,Precision Assembly Line 332,Assembly Machine,2017-07-18,Operational
1651,MCH-001651,33,Laser Cutting System 317,Cutting Machine,2016-06-22,Operational
1652,MCH-001652,87,High-Speed Labeling Machine 346,Packaging Machine,2016-09-13,Operational
1653,MCH-001653,89,Case Sealing System 347,Packaging Machine,2016-01-16,Operational
1654,MCH-001654,86,Precision Slitting Machine 318,Cutting Machine,2016-08-09,Operational
1655,MCH-001655,52,Automated Assembly Cell 333,Assembly Machine,2017-02-03,Inactive
1656,MCH-001656,98,Precision Forming Press 315,Press Machine,2016-07-23,Operational
1657,MCH-001657,18,Servo Assembly Station 334,Assembly Machine,2018-11-14,Operational
1658,MCH-001658,15,Flexible Packaging Line 348,Packaging Machine,2016-04-23,Operational
1659,MCH-001659,78,Servo Press System 316,Press Machine,2016-02-18,Maintenance
1660,MCH-001660,12,Hydraulic Press 317,Press Machine,2018-04-05,Operational
1661,MCH-001661,56,Industrial Sawing Center 319,Cutting Machine,2016-01-28,Operational
1662,MCH-001662,41,Automated Carton Packer 349,Packaging Machine,2017-05-15,Operational
1663,MCH-001663,21,Mechanical Stamping Press 318,Press Machine,2016-12-26,Operational
1664,MCH-001664,20,High-Speed Labeling Machine 350,Packaging Machine,2017-01-05,Operational
1665,MCH-001665,73,Robotic Assembly Cell 335,Assembly Machine,2018-01-05,Operational
1666,MCH-001666,83,Precision Forming Press 319,Press Machine,2017-12-10,Operational
1667,MCH-001667,63,Precision Assembly Line 336,Assembly Machine,2018-11-19,Maintenance
1668,MCH-001668,67,Automated Assembly Cell 337,Assembly Machine,2018-08-19,Maintenance
1669,MCH-001669,1,CNC Precision Mill 344,CNC Machine,2017-03-22,Operational
1670,MCH-001670,43,CNC Vertical Machining Center 345,CNC Machine,2017-04-30,Operational
1671,MCH-001671,86,Case Sealing System 351,Packaging Machine,2017-05-22,Operational
1672,MCH-001672,26,CNC Horizontal Machining Center 346,CNC Machine,2017-10-18,Operational
1673,MCH-001673,70,CNC Plasma Cutting System 320,Cutting Machine,2018-08-10,Operational
1674,MCH-001674,77,Flexible Packaging Line 352,Packaging Machine,2016-07-22,Operational
1675,MCH-001675,37,Servo Press System 320,Press Machine,2017-05-07,Operational
1676,MCH-001676,26,Servo Assembly Station 338,Assembly Machine,2016-08-03,Operational
1677,MCH-001677,9,Laser Cutting System 321,Cutting Machine,2018-03-08,Operational
1678,MCH-001678,93,Precision Slitting Machine 322,Cutting Machine,2016-11-17,Operational
1679,MCH-001679,36,Industrial Sawing Center 323,Cutting Machine,2018-08-08,Operational
1680,MCH-001680,97,Robotic Assembly Cell 339,Assembly Machine,2016-06-01,Operational
1681,MCH-001681,79,Precision Assembly Line 340,Assembly Machine,2018-02-11,Operational
1682,MCH-001682,25,Automated Assembly Cell 341,Assembly Machine,2018-07-20,Inactive
1683,MCH-001683,36,CNC Turning Center 347,CNC Machine,2017-03-26,Operational
1684,MCH-001684,73,CNC Precision Mill 348,CNC Machine,2018-01-27,Operational
1685,MCH-001685,47,Automated Carton Packer 353,Packaging Machine,2017-07-14,Operational
1686,MCH-001686,60,CNC Vertical Machining Center 349,CNC Machine,2016-10-08,Operational
1687,MCH-001687,27,High-Speed Labeling Machine 354,Packaging Machine,2017-12-05,Operational
1688,MCH-001688,21,CNC Horizontal Machining Center 350,CNC Machine,2018-09-29,Operational
1689,MCH-001689,10,Hydraulic Press 321,Press Machine,2016-05-02,Operational
1690,MCH-001690,43,Case Sealing System 355,Packaging Machine,2016-02-07,Operational
1691,MCH-001691,11,CNC Turning Center 351,CNC Machine,2016-05-29,Operational
1692,MCH-001692,95,Servo Assembly Station 342,Assembly Machine,2017-08-18,Operational
1693,MCH-001693,43,CNC Precision Mill 352,CNC Machine,2018-07-02,Maintenance
1694,MCH-001694,35,Flexible Packaging Line 356,Packaging Machine,2018-12-25,Maintenance
1695,MCH-001695,71,CNC Plasma Cutting System 324,Cutting Machine,2016-08-27,Maintenance
1696,MCH-001696,96,Robotic Assembly Cell 343,Assembly Machine,2016-06-16,Operational
1697,MCH-001697,13,CNC Vertical Machining Center 353,CNC Machine,2018-03-03,Operational
1698,MCH-001698,54,Laser Cutting System 325,Cutting Machine,2017-02-06,Maintenance
1699,MCH-001699,61,CNC Horizontal Machining Center 354,CNC Machine,2018-11-15,Operational
1700,MCH-001700,2,Precision Slitting Machine 326,Cutting Machine,2016-01-07,Operational
1701,MCH-001701,26,Mechanical Stamping Press 322,Press Machine,2017-03-20,Operational
1702,MCH-001702,73,CNC Turning Center 355,CNC Machine,2018-05-12,Operational
1703,MCH-001703,27,Precision Assembly Line 344,Assembly Machine,2016-03-19,Operational
1704,MCH-001704,89,Precision Forming Press 323,Press Machine,2016-12-06,Operational
1705,MCH-001705,87,Automated Assembly Cell 345,Assembly Machine,2016-06-03,Maintenance
1706,MCH-001706,39,Servo Press System 324,Press Machine,2017-04-04,Operational
1707,MCH-001707,36,CNC Precision Mill 356,CNC Machine,2017-02-16,Operational
1708,MCH-001708,41,Industrial Sawing Center 327,Cutting Machine,2016-05-18,Operational
1709,MCH-001709,20,Automated Carton Packer 357,Packaging Machine,2017-03-26,Operational
1710,MCH-001710,25,High-Speed Labeling Machine 358,Packaging Machine,2016-11-29,Operational
1711,MCH-001711,7,Case Sealing System 359,Packaging Machine,2017-06-08,Operational
1712,MCH-001712,67,CNC Plasma Cutting System 328,Cutting Machine,2016-05-09,Operational
1713,MCH-001713,6,Servo Assembly Station 346,Assembly Machine,2018-01-02,Operational
1714,MCH-001714,69,Hydraulic Press 325,Press Machine,2017-01-01,Operational
1715,MCH-001715,25,Flexible Packaging Line 360,Packaging Machine,2016-02-07,Operational
1716,MCH-001716,52,Robotic Assembly Cell 347,Assembly Machine,2018-08-17,Operational
1717,MCH-001717,67,CNC Vertical Machining Center 357,CNC Machine,2017-06-24,Operational
1718,MCH-001718,38,CNC Horizontal Machining Center 358,CNC Machine,2018-03-30,Operational
1719,MCH-001719,45,Automated Carton Packer 361,Packaging Machine,2017-04-30,Operational
1720,MCH-001720,4,Laser Cutting System 329,Cutting Machine,2017-08-04,Maintenance
1721,MCH-001721,11,High-Speed Labeling Machine 362,Packaging Machine,2017-07-18,Operational
1722,MCH-001722,28,CNC Turning Center 359,CNC Machine,2017-01-02,Operational
1723,MCH-001723,20,Case Sealing System 363,Packaging Machine,2018-09-19,Operational
1724,MCH-001724,28,Mechanical Stamping Press 326,Press Machine,2017-09-06,Operational
1725,MCH-001725,91,CNC Precision Mill 360,CNC Machine,2017-02-15,Operational
1726,MCH-001726,70,Precision Slitting Machine 330,Cutting Machine,2017-10-04,Operational
1727,MCH-001727,70,Precision Assembly Line 348,Assembly Machine,2017-03-13,Operational
1728,MCH-001728,23,Automated Assembly Cell 349,Assembly Machine,2018-12-24,Operational
1729,MCH-001729,34,Servo Assembly Station 350,Assembly Machine,2017-10-27,Operational
1730,MCH-001730,8,Flexible Packaging Line 364,Packaging Machine,2016-01-01,Inactive
1731,MCH-001731,9,CNC Vertical Machining Center 361,CNC Machine,2018-01-24,Inactive
1732,MCH-001732,81,Automated Carton Packer 365,Packaging Machine,2017-05-20,Operational
1733,MCH-001733,10,Robotic Assembly Cell 351,Assembly Machine,2017-02-14,Operational
1734,MCH-001734,9,CNC Horizontal Machining Center 362,CNC Machine,2018-11-05,Operational
1735,MCH-001735,31,Precision Assembly Line 352,Assembly Machine,2017-05-06,Operational
1736,MCH-001736,11,Automated Assembly Cell 353,Assembly Machine,2018-03-21,Inactive
1737,MCH-001737,80,High-Speed Labeling Machine 366,Packaging Machine,2017-08-12,Operational
1738,MCH-001738,66,CNC Turning Center 363,CNC Machine,2016-12-18,Operational
1739,MCH-001739,60,CNC Precision Mill 364,CNC Machine,2017-12-03,Operational
1740,MCH-001740,44,Precision Forming Press 327,Press Machine,2017-04-19,Operational
1741,MCH-001741,65,CNC Vertical Machining Center 365,CNC Machine,2018-08-09,Operational
1742,MCH-001742,89,CNC Horizontal Machining Center 366,CNC Machine,2017-02-17,Operational
1743,MCH-001743,52,Servo Assembly Station 354,Assembly Machine,2017-06-02,Operational
1744,MCH-001744,89,CNC Turning Center 367,CNC Machine,2018-02-01,Operational
1745,MCH-001745,55,Case Sealing System 367,Packaging Machine,2018-05-09,Operational
1746,MCH-001746,1,CNC Precision Mill 368,CNC Machine,2017-11-08,Operational
1747,MCH-001747,93,Robotic Assembly Cell 355,Assembly Machine,2017-12-31,Operational
1748,MCH-001748,87,Flexible Packaging Line 368,Packaging Machine,2016-03-13,Operational
1749,MCH-001749,65,Servo Press System 328,Press Machine,2018-11-17,Operational
1750,MCH-001750,17,Hydraulic Press 329,Press Machine,2016-07-10,Operational
1751,MCH-001751,25,Industrial Sawing Center 331,Cutting Machine,2016-11-25,Operational
1752,MCH-001752,73,CNC Vertical Machining Center 369,CNC Machine,2017-08-12,Operational
1753,MCH-001753,55,CNC Horizontal Machining Center 370,CNC Machine,2017-03-26,Maintenance
1754,MCH-001754,65,Precision Assembly Line 356,Assembly Machine,2018-04-04,Operational
1755,MCH-001755,54,Mechanical Stamping Press 330,Press Machine,2017-10-03,Operational
1756,MCH-001756,2,Automated Assembly Cell 357,Assembly Machine,2017-06-06,Operational
1757,MCH-001757,61,Automated Carton Packer 369,Packaging Machine,2016-12-27,Operational
1758,MCH-001758,19,CNC Plasma Cutting System 332,Cutting Machine,2017-01-28,Operational
1759,MCH-001759,53,Laser Cutting System 333,Cutting Machine,2017-12-17,Operational
1760,MCH-001760,22,CNC Turning Center 371,CNC Machine,2017-01-18,Operational
1761,MCH-001761,25,Servo Assembly Station 358,Assembly Machine,2018-09-14,Operational
1762,MCH-001762,16,Precision Slitting Machine 334,Cutting Machine,2017-10-21,Operational
1763,MCH-001763,83,CNC Precision Mill 372,CNC Machine,2018-11-05,Operational
1764,MCH-001764,17,Precision Forming Press 331,Press Machine,2017-11-13,Operational
1765,MCH-001765,32,Robotic Assembly Cell 359,Assembly Machine,2018-11-18,Operational
1766,MCH-001766,63,Precision Assembly Line 360,Assembly Machine,2018-03-12,Operational
1767,MCH-001767,82,Automated Assembly Cell 361,Assembly Machine,2016-12-07,Operational
1768,MCH-001768,49,Servo Press System 332,Press Machine,2017-06-05,Operational
1769,MCH-001769,53,CNC Vertical Machining Center 373,CNC Machine,2017-12-16,Operational
1770,MCH-001770,34,High-Speed Labeling Machine 370,Packaging Machine,2017-04-13,Operational
1771,MCH-001771,51,Industrial Sawing Center 335,Cutting Machine,2018-08-17,Maintenance
1772,MCH-001772,44,Servo Assembly Station 362,Assembly Machine,2017-10-12,Operational
1773,MCH-001773,57,CNC Plasma Cutting System 336,Cutting Machine,2017-04-09,Operational
1774,MCH-001774,26,Laser Cutting System 337,Cutting Machine,2017-03-24,Inactive
1775,MCH-001775,17,Precision Slitting Machine 338,Cutting Machine,2017-04-12,Operational
1776,MCH-001776,82,Hydraulic Press 333,Press Machine,2018-01-07,Operational
1777,MCH-001777,22,Industrial Sawing Center 339,Cutting Machine,2016-07-20,Operational
1778,MCH-001778,36,Case Sealing System 371,Packaging Machine,2017-12-05,Operational
1779,MCH-001779,92,Flexible Packaging Line 372,Packaging Machine,2018-08-28,Operational
1780,MCH-001780,14,Robotic Assembly Cell 363,Assembly Machine,2018-04-22,Operational
1781,MCH-001781,59,Precision Assembly Line 364,Assembly Machine,2016-10-02,Operational
1782,MCH-001782,24,Automated Carton Packer 373,Packaging Machine,2016-05-10,Maintenance
1783,MCH-001783,22,CNC Horizontal Machining Center 374,CNC Machine,2016-02-16,Operational
1784,MCH-001784,23,High-Speed Labeling Machine 374,Packaging Machine,2017-09-29,Operational
1785,MCH-001785,41,CNC Plasma Cutting System 340,Cutting Machine,2018-10-06,Operational
1786,MCH-001786,37,Case Sealing System 375,Packaging Machine,2017-02-25,Operational
1787,MCH-001787,80,Laser Cutting System 341,Cutting Machine,2016-11-20,Operational
1788,MCH-001788,10,Mechanical Stamping Press 334,Press Machine,2018-09-09,Operational
1789,MCH-001789,55,Flexible Packaging Line 376,Packaging Machine,2018-03-28,Operational
1790,MCH-001790,99,Precision Slitting Machine 342,Cutting Machine,2018-04-10,Operational
1791,MCH-001791,10,Automated Assembly Cell 365,Assembly Machine,2018-12-29,Operational
1792,MCH-001792,56,Industrial Sawing Center 343,Cutting Machine,2018-07-23,Operational
1793,MCH-001793,44,Servo Assembly Station 366,Assembly Machine,2018-01-12,Operational
1794,MCH-001794,15,Automated Carton Packer 377,Packaging Machine,2018-11-28,Operational
1795,MCH-001795,64,CNC Turning Center 375,CNC Machine,2018-06-06,Operational
1796,MCH-001796,23,High-Speed Labeling Machine 378,Packaging Machine,2017-04-22,Inactive
1797,MCH-001797,63,Precision Forming Press 335,Press Machine,2018-03-16,Operational
1798,MCH-001798,63,Case Sealing System 379,Packaging Machine,2016-09-05,Operational
1799,MCH-001799,24,Flexible Packaging Line 380,Packaging Machine,2016-11-23,Operational
1800,MCH-001800,65,CNC Plasma Cutting System 344,Cutting Machine,2018-06-08,Operational
1801,MCH-001801,21,Servo Press System 336,Press Machine,2016-09-07,Operational
1802,MCH-001802,54,Robotic Assembly Cell 367,Assembly Machine,2017-02-08,Operational
1803,MCH-001803,67,CNC Precision Mill 376,CNC Machine,2017-03-04,Operational
1804,MCH-001804,82,Precision Assembly Line 368,Assembly Machine,2018-08-11,Operational
1805,MCH-001805,59,Automated Carton Packer 381,Packaging Machine,2017-05-21,Inactive
1806,MCH-001806,57,CNC Vertical Machining Center 377,CNC Machine,2017-02-19,Operational
1807,MCH-001807,48,Hydraulic Press 337,Press Machine,2017-05-16,Maintenance
1808,MCH-001808,50,High-Speed Labeling Machine 382,Packaging Machine,2018-04-18,Operational
1809,MCH-001809,81,Mechanical Stamping Press 338,Press Machine,2017-02-22,Operational
1810,MCH-001810,31,Case Sealing System 383,Packaging Machine,2017-01-28,Operational
1811,MCH-001811,98,Laser Cutting System 345,Cutting Machine,2017-09-13,Operational
1812,MCH-001812,98,CNC Horizontal Machining Center 378,CNC Machine,2017-11-03,Operational
1813,MCH-001813,61,Precision Forming Press 339,Press Machine,2018-06-13,Operational
1814,MCH-001814,51,Precision Slitting Machine 346,Cutting Machine,2016-06-12,Operational
1815,MCH-001815,30,Industrial Sawing Center 347,Cutting Machine,2018-03-09,Operational
1816,MCH-001816,49,CNC Turning Center 379,CNC Machine,2016-07-24,Operational
1817,MCH-001817,70,Automated Assembly Cell 369,Assembly Machine,2018-01-19,Operational
1818,MCH-001818,98,Servo Assembly Station 370,Assembly Machine,2017-04-15,Operational
1819,MCH-001819,61,Flexible Packaging Line 384,Packaging Machine,2017-12-04,Operational
1820,MCH-001820,80,Robotic Assembly Cell 371,Assembly Machine,2016-08-25,Operational
1821,MCH-001821,59,Automated Carton Packer 385,Packaging Machine,2018-06-14,Operational
1822,MCH-001822,2,CNC Precision Mill 380,CNC Machine,2017-03-23,Inactive
1823,MCH-001823,74,Servo Press System 340,Press Machine,2018-03-01,Operational
1824,MCH-001824,72,Hydraulic Press 341,Press Machine,2017-02-01,Operational
1825,MCH-001825,67,CNC Vertical Machining Center 381,CNC Machine,2016-10-26,Operational
1826,MCH-001826,26,CNC Horizontal Machining Center 382,CNC Machine,2018-09-06,Operational
1827,MCH-001827,4,Mechanical Stamping Press 342,Press Machine,2016-02-25,Operational
1828,MCH-001828,63,CNC Turning Center 383,CNC Machine,2016-10-30,Operational
1829,MCH-001829,15,Precision Forming Press 343,Press Machine,2016-11-07,Operational
1830,MCH-001830,1,High-Speed Labeling Machine 386,Packaging Machine,2018-08-15,Operational
1831,MCH-001831,57,Case Sealing System 387,Packaging Machine,2016-01-01,Maintenance
1832,MCH-001832,95,CNC Plasma Cutting System 348,Cutting Machine,2018-05-31,Maintenance
1833,MCH-001833,96,CNC Precision Mill 384,CNC Machine,2018-06-18,Operational
1834,MCH-001834,16,Precision Assembly Line 372,Assembly Machine,2018-07-26,Operational
1835,MCH-001835,99,Automated Assembly Cell 373,Assembly Machine,2018-08-16,Operational
1836,MCH-001836,13,Servo Press System 344,Press Machine,2016-10-10,Operational
1837,MCH-001837,78,Flexible Packaging Line 388,Packaging Machine,2018-03-31,Operational
1838,MCH-001838,8,Hydraulic Press 345,Press Machine,2018-07-23,Operational
1839,MCH-001839,42,Automated Carton Packer 389,Packaging Machine,2018-08-11,Operational
1840,MCH-001840,24,Mechanical Stamping Press 346,Press Machine,2018-05-22,Operational
1841,MCH-001841,40,High-Speed Labeling Machine 390,Packaging Machine,2018-03-15,Operational
1842,MCH-001842,66,Laser Cutting System 349,Cutting Machine,2018-12-03,Operational
1843,MCH-001843,44,Servo Assembly Station 374,Assembly Machine,2018-05-10,Operational
1844,MCH-001844,56,Precision Slitting Machine 350,Cutting Machine,2016-03-03,Operational
1845,MCH-001845,34,Robotic Assembly Cell 375,Assembly Machine,2018-03-17,Operational
1846,MCH-001846,88,CNC Vertical Machining Center 385,CNC Machine,2018-07-17,Operational
1847,MCH-001847,67,Case Sealing System 391,Packaging Machine,2018-09-28,Operational
1848,MCH-001848,88,Precision Forming Press 347,Press Machine,2018-06-25,Maintenance
1849,MCH-001849,50,Flexible Packaging Line 392,Packaging Machine,2016-09-30,Operational
1850,MCH-001850,20,Precision Assembly Line 376,Assembly Machine,2018-09-23,Operational
1851,MCH-001851,59,CNC Horizontal Machining Center 386,CNC Machine,2017-06-21,Operational
1852,MCH-001852,66,Servo Press System 348,Press Machine,2017-07-18,Operational
1853,MCH-001853,9,Industrial Sawing Center 351,Cutting Machine,2018-10-05,Operational
1854,MCH-001854,14,CNC Turning Center 387,CNC Machine,2016-06-29,Operational
1855,MCH-001855,62,Automated Assembly Cell 377,Assembly Machine,2016-12-08,Operational
1856,MCH-001856,53,Hydraulic Press 349,Press Machine,2017-10-22,Operational
1857,MCH-001857,51,Automated Carton Packer 393,Packaging Machine,2017-10-29,Operational
1858,MCH-001858,57,Servo Assembly Station 378,Assembly Machine,2018-12-14,Operational
1859,MCH-001859,72,High-Speed Labeling Machine 394,Packaging Machine,2016-06-24,Operational
1860,MCH-001860,79,CNC Precision Mill 388,CNC Machine,2017-09-23,Operational
1861,MCH-001861,42,CNC Vertical Machining Center 389,CNC Machine,2017-06-22,Operational
1862,MCH-001862,62,Mechanical Stamping Press 350,Press Machine,2018-03-03,Operational
1863,MCH-001863,18,CNC Horizontal Machining Center 390,CNC Machine,2018-07-18,Operational
1864,MCH-001864,14,Robotic Assembly Cell 379,Assembly Machine,2017-04-12,Maintenance
1865,MCH-001865,17,CNC Turning Center 391,CNC Machine,2018-06-08,Operational
1866,MCH-001866,51,CNC Plasma Cutting System 352,Cutting Machine,2017-12-29,Operational
1867,MCH-001867,59,Laser Cutting System 353,Cutting Machine,2016-01-13,Operational
1868,MCH-001868,27,CNC Precision Mill 392,CNC Machine,2016-09-11,Operational
1869,MCH-001869,39,Precision Slitting Machine 354,Cutting Machine,2016-03-17,Operational
1870,MCH-001870,70,Case Sealing System 395,Packaging Machine,2016-11-09,Operational
1871,MCH-001871,1,CNC Vertical Machining Center 393,CNC Machine,2016-02-09,Operational
1872,MCH-001872,95,Flexible Packaging Line 396,Packaging Machine,2018-07-24,Operational
1873,MCH-001873,79,CNC Horizontal Machining Center 394,CNC Machine,2018-04-20,Unknown
1874,MCH-001874,58,Precision Forming Press 351,Press Machine,2016-06-11,Operational
1875,MCH-001875,16,Precision Assembly Line 380,Assembly Machine,2018-08-16,Maintenance
1876,MCH-001876,77,Servo Press System 352,Press Machine,2018-07-23,Operational
1877,MCH-001877,77,Industrial Sawing Center 355,Cutting Machine,2018-12-11,Maintenance
1878,MCH-001878,76,CNC Plasma Cutting System 356,Cutting Machine,2016-08-23,Operational
1879,MCH-001879,48,Hydraulic Press 353,Press Machine,2017-02-24,Operational
1880,MCH-001880,5,Mechanical Stamping Press 354,Press Machine,2016-06-04,Operational
1881,MCH-001881,9,Laser Cutting System 357,Cutting Machine,2017-11-24,Operational
1882,MCH-001882,37,Automated Carton Packer 397,Packaging Machine,2018-03-26,Operational
1883,MCH-001883,1,CNC Turning Center 395,CNC Machine,2016-08-25,Maintenance
1884,MCH-001884,15,CNC Precision Mill 396,CNC Machine,2016-05-11,Operational
1885,MCH-001885,97,Precision Forming Press 355,Press Machine,2018-09-23,Operational
1886,MCH-001886,81,Automated Assembly Cell 381,Assembly Machine,2017-03-31,Operational
1887,MCH-001887,55,Precision Slitting Machine 358,Cutting Machine,2016-07-22,Operational
1888,MCH-001888,32,CNC Vertical Machining Center 397,CNC Machine,2017-08-12,Operational
1889,MCH-001889,80,Servo Assembly Station 382,Assembly Machine,2016-05-10,Operational
1890,MCH-001890,48,CNC Horizontal Machining Center 398,CNC Machine,2018-04-16,Operational
1891,MCH-001891,72,High-Speed Labeling Machine 398,Packaging Machine,2018-05-24,Operational
1892,MCH-001892,75,Industrial Sawing Center 359,Cutting Machine,2018-01-17,Operational
1893,MCH-001893,90,Robotic Assembly Cell 383,Assembly Machine,2017-10-05,Operational
1894,MCH-001894,8,CNC Plasma Cutting System 360,Cutting Machine,2018-07-18,Maintenance
1895,MCH-001895,94,Servo Press System 356,Press Machine,2016-06-06,Operational
1896,MCH-001896,69,Laser Cutting System 361,Cutting Machine,2016-05-26,Operational
1897,MCH-001897,73,Precision Assembly Line 384,Assembly Machine,2017-09-12,Inactive
1898,MCH-001898,44,Precision Slitting Machine 362,Cutting Machine,2016-02-08,Operational
1899,MCH-001899,4,Case Sealing System 399,Packaging Machine,2018-02-07,Operational
1900,MCH-001900,78,CNC Turning Center 399,CNC Machine,2017-12-04,Operational
1901,MCH-001901,22,CNC Precision Mill 400,CNC Machine,2016-01-22,Operational
1902,MCH-001902,12,Industrial Sawing Center 363,Cutting Machine,2016-10-31,Operational
1903,MCH-001903,20,CNC Plasma Cutting System 364,Cutting Machine,2016-01-17,Operational
1904,MCH-001904,34,Flexible Packaging Line 400,Packaging Machine,2016-08-20,Operational
1905,MCH-001905,29,CNC Vertical Machining Center 401,CNC Machine,2016-07-02,Operational
1906,MCH-001906,98,CNC Horizontal Machining Center 402,CNC Machine,2018-04-04,Operational
1907,MCH-001907,92,Automated Assembly Cell 385,Assembly Machine,2016-03-21,Operational
1908,MCH-001908,86,Laser Cutting System 365,Cutting Machine,2016-07-10,Operational
1909,MCH-001909,44,Automated Carton Packer 401,Packaging Machine,2017-03-02,Maintenance
1910,MCH-001910,47,High-Speed Labeling Machine 402,Packaging Machine,2016-06-19,Operational
1911,MCH-001911,45,Case Sealing System 403,Packaging Machine,2017-06-24,Operational
1912,MCH-001912,7,Hydraulic Press 357,Press Machine,2018-08-15,Operational
1913,MCH-001913,52,CNC Turning Center 403,CNC Machine,2018-05-03,Inactive
1914,MCH-001914,76,Flexible Packaging Line 404,Packaging Machine,2018-02-24,Operational
1915,MCH-001915,86,Precision Slitting Machine 366,Cutting Machine,2017-12-15,Operational
1916,MCH-001916,97,Mechanical Stamping Press 358,Press Machine,2016-04-13,Operational
1917,MCH-001917,22,Precision Forming Press 359,Press Machine,2017-07-15,Operational
1918,MCH-001918,67,Automated Carton Packer 405,Packaging Machine,2018-12-01,Operational
1919,MCH-001919,45,Servo Assembly Station 386,Assembly Machine,2017-10-01,Operational
1920,MCH-001920,72,Industrial Sawing Center 367,Cutting Machine,2017-07-26,Operational
1921,MCH-001921,60,CNC Plasma Cutting System 368,Cutting Machine,2017-08-13,Operational
1922,MCH-001922,75,Servo Press System 360,Press Machine,2016-07-06,Operational
1923,MCH-001923,59,CNC Precision Mill 404,CNC Machine,2018-01-15,Operational
1924,MCH-001924,74,High-Speed Labeling Machine 406,Packaging Machine,2016-11-27,Operational
1925,MCH-001925,4,Hydraulic Press 361,Press Machine,2018-03-06,Operational
1926,MCH-001926,89,Case Sealing System 407,Packaging Machine,2017-02-25,Operational
1927,MCH-001927,35,Mechanical Stamping Press 362,Press Machine,2017-04-05,Maintenance
1928,MCH-001928,39,Precision Forming Press 363,Press Machine,2017-11-16,Operational
1929,MCH-001929,17,Laser Cutting System 369,Cutting Machine,2017-10-07,Operational
1930,MCH-001930,81,Precision Slitting Machine 370,Cutting Machine,2017-11-30,Operational
1931,MCH-001931,48,Servo Press System 364,Press Machine,2018-07-02,Operational
1932,MCH-001932,19,CNC Vertical Machining Center 405,CNC Machine,2017-04-21,Operational
1933,MCH-001933,20,Hydraulic Press 365,Press Machine,2017-04-12,Operational
1934,MCH-001934,91,Flexible Packaging Line 408,Packaging Machine,2016-01-03,Operational
1935,MCH-001935,71,Robotic Assembly Cell 387,Assembly Machine,2018-02-11,Operational
1936,MCH-001936,71,Automated Carton Packer 409,Packaging Machine,2017-11-21,Operational
1937,MCH-001937,33,Industrial Sawing Center 371,Cutting Machine,2018-11-12,Operational
1938,MCH-001938,30,CNC Horizontal Machining Center 406,CNC Machine,2016-09-09,Operational
1939,MCH-001939,62,CNC Plasma Cutting System 372,Cutting Machine,2017-09-26,Operational
1940,MCH-001940,87,Mechanical Stamping Press 366,Press Machine,2018-02-09,Operational
1941,MCH-001941,55,Precision Forming Press 367,Press Machine,2016-08-25,Operational
1942,MCH-001942,15,High-Speed Labeling Machine 410,Packaging Machine,2018-06-30,Operational
1943,MCH-001943,87,CNC Turning Center 407,CNC Machine,2017-08-03,Operational
1944,MCH-001944,55,Servo Press System 368,Press Machine,2017-11-07,Maintenance
1945,MCH-001945,98,Precision Assembly Line 388,Assembly Machine,2017-05-25,Operational
1946,MCH-001946,24,Case Sealing System 411,Packaging Machine,2016-03-05,Operational
1947,MCH-001947,22,Flexible Packaging Line 412,Packaging Machine,2017-06-10,Operational
1948,MCH-001948,94,Hydraulic Press 369,Press Machine,2016-08-26,Maintenance
1949,MCH-001949,52,Mechanical Stamping Press 370,Press Machine,2016-03-14,Operational
1950,MCH-001950,77,Automated Carton Packer 413,Packaging Machine,2018-03-27,Operational
1951,MCH-001951,82,Automated Assembly Cell 389,Assembly Machine,2016-10-22,Operational
1952,MCH-001952,58,Servo Assembly Station 390,Assembly Machine,2018-05-16,Operational
1953,MCH-001953,77,Precision Forming Press 371,Press Machine,2017-04-25,Operational
1954,MCH-001954,96,Robotic Assembly Cell 391,Assembly Machine,2017-04-24,Maintenance
1955,MCH-001955,93,Servo Press System 372,Press Machine,2016-04-18,Operational
1956,MCH-001956,2,Laser Cutting System 373,Cutting Machine,2018-09-05,Maintenance
1957,MCH-001957,76,CNC Precision Mill 408,CNC Machine,2016-07-28,Operational
1958,MCH-001958,70,Precision Assembly Line 392,Assembly Machine,2016-06-25,Operational
1959,MCH-001959,54,High-Speed Labeling Machine 414,Packaging Machine,2018-02-03,Operational
1960,MCH-001960,39,Precision Slitting Machine 374,Cutting Machine,2016-08-29,Operational
1961,MCH-001961,25,CNC Vertical Machining Center 409,CNC Machine,2018-08-28,Maintenance
1962,MCH-001962,79,Automated Assembly Cell 393,Assembly Machine,2018-05-01,Operational
1963,MCH-001963,38,CNC Horizontal Machining Center 410,CNC Machine,2016-05-25,Operational
1964,MCH-001964,86,Case Sealing System 415,Packaging Machine,2017-10-17,Maintenance
1965,MCH-001965,31,CNC Turning Center 411,CNC Machine,2018-09-12,Operational
1966,MCH-001966,9,Industrial Sawing Center 375,Cutting Machine,2018-03-23,Operational
1967,MCH-001967,94,Hydraulic Press 373,Press Machine,2018-08-11,Maintenance
1968,MCH-001968,2,Flexible Packaging Line 416,Packaging Machine,2018-12-24,Operational
1969,MCH-001969,51,CNC Precision Mill 412,CNC Machine,2016-08-20,Operational
1970,MCH-001970,15,Automated Carton Packer 417,Packaging Machine,2018-08-29,Operational
1971,MCH-001971,80,CNC Plasma Cutting System 376,Cutting Machine,2018-02-07,Operational
1972,MCH-001972,70,Laser Cutting System 377,Cutting Machine,2016-10-16,Operational
1973,MCH-001973,10,Mechanical Stamping Press 374,Press Machine,2018-08-04,Operational
1974,MCH-001974,89,Precision Forming Press 375,Press Machine,2017-11-28,Maintenance
1975,MCH-001975,35,Servo Assembly Station 394,Assembly Machine,2017-12-13,Operational
1976,MCH-001976,95,Robotic Assembly Cell 395,Assembly Machine,2016-06-07,Operational
1977,MCH-001977,62,CNC Vertical Machining Center 413,CNC Machine,2017-04-15,Operational
1978,MCH-001978,62,CNC Horizontal Machining Center 414,CNC Machine,2016-01-02,Operational
1979,MCH-001979,10,Precision Slitting Machine 378,Cutting Machine,2017-12-02,Operational
1980,MCH-001980,2,CNC Turning Center 415,CNC Machine,2017-01-21,Operational
1981,MCH-001981,2,Servo Press System 376,Press Machine,2016-07-13,Operational
1982,MCH-001982,77,Precision Assembly Line 396,Assembly Machine,2018-03-01,Inactive
1983,MCH-001983,65,Automated Assembly Cell 397,Assembly Machine,2017-12-02,Operational
1984,MCH-001984,100,Hydraulic Press 377,Press Machine,2017-05-09,Maintenance
1985,MCH-001985,99,Industrial Sawing Center 379,Cutting Machine,2018-10-27,Operational
1986,MCH-001986,39,CNC Plasma Cutting System 380,Cutting Machine,2018-03-25,Operational
1987,MCH-001987,59,CNC Precision Mill 416,CNC Machine,2018-08-03,Operational
1988,MCH-001988,7,CNC Vertical Machining Center 417,CNC Machine,2018-01-21,Operational
1989,MCH-001989,62,Laser Cutting System 381,Cutting Machine,2018-10-27,Maintenance
1990,MCH-001990,9,Servo Assembly Station 398,Assembly Machine,2018-09-10,Operational
1991,MCH-001991,7,Robotic Assembly Cell 399,Assembly Machine,2018-10-31,Operational
1992,MCH-001992,5,Mechanical Stamping Press 378,Press Machine,2017-08-23,Operational
1993,MCH-001993,54,CNC Horizontal Machining Center 418,CNC Machine,2017-08-14,Operational
1994,MCH-001994,42,Precision Slitting Machine 382,Cutting Machine,2017-03-09,Operational
1995,MCH-001995,6,CNC Turning Center 419,CNC Machine,2016-03-29,Maintenance
1996,MCH-001996,54,Precision Forming Press 379,Press Machine,2016-11-23,Operational
1997,MCH-001997,10,CNC Precision Mill 420,CNC Machine,2018-04-28,Operational
1998,MCH-001998,84,Industrial Sawing Center 383,Cutting Machine,2017-08-11,Operational
1999,MCH-001999,35,Servo Press System 380,Press Machine,2016-06-04,Operational
2000,MCH-002000,77,CNC Vertical Machining Center 421,CNC Machine,2018-09-16,Operational
