employee_key,employee_id,location_id,employee_name,department,role,hire_date,status
1,EMP-000001,LOC-0075,Karen Day,Sales,Analyst,2025-03-17,Active
2,EMP-000002,LOC-0056,Maria Pacheco,Sales,Coordinator,2022-11-22,Active
3,EMP-000003,LOC-0012,Ryan Patterson,Operations,Operator,2020-12-30,Inactive
4,EMP-000004,LOC-0076,Melanie Martin,Supply Chain,Engineer,2021-03-18,Active
5,EMP-000005,LOC-0016,Austin Harvey,Sales,Coordinator,2021-02-13,Active
6,EMP-000006,LOC-0081,Monica Davis,Production,Coordinator,2020-04-25,Active
7,EMP-000007,LOC-0100,Russell Harrington,Human Resources,Engineer,2021-07-04,Inactive
8,EMP-000008,LOC-0077,Thomas Hill,Operations,Coordinator,2021-09-13,Active
9,EMP-000009,LOC-0095,David Coleman,Production,Supervisor,2020-06-10,Active
10,EMP-000010,LOC-0095,Emily Cooper,Operations,Manager,2025-02-04,Active
11,EMP-000011,LOC-0055,Daniel Peterson,Sales,Coordinator,2025-08-24,Active
12,EMP-000012,LOC-0040,Krista Mcdonald,Production,Technician,2025-09-30,Active
13,EMP-000013,LOC-0070,Robert Wiggins,Production,Operator,2019-09-12,Active
14,EMP-000014,LOC-0090,John Kennedy,Sales,Technician,2023-12-17,Active
15,EMP-000015,LOC-0034,Steven Torres,Production,Technician,2020-04-20,Active
16,EMP-000016,LOC-0060,Christine Cole,Production,Manager,2019-07-06,Active
17,EMP-000017,LOC-0085,Kimberly Andrews,Production,Engineer,2020-07-31,Active
18,EMP-000018,LOC-0043,Amy Wallace,Operations,Manager,2022-02-18,Active
19,EMP-000019,LOC-0002,Brittany Crawford,Operations,Technician,2023-10-01,Active
20,EMP-000020,LOC-0007,Tamara Moon,Production,Coordinator,2019-02-09,Active
21,EMP-000021,LOC-0061,Gary Matthews,Production,Engineer,2023-10-11,Active
22,EMP-000022,LOC-0060,Patricia Patterson,Maintenance,Analyst,2020-11-18,Active
23,EMP-000023,LOC-0082,John Huber,Operations,Technician,2023-05-06,Active
24,EMP-000024,LOC-0082,Joseph Estrada,Production,Supervisor,2022-11-24,Active
25,EMP-000025,LOC-0073,Aaron Wells,Operations,Operator,2022-10-19,Active
26,EMP-000026,LOC-0024,Joshua Hernandez,Human Resources,Specialist,2025-11-01,Active
27,EMP-000027,LOC-0004,Rachel Fox,Human Resources,Manager,2023-04-25,Active
28,EMP-000028,LOC-0002,Jade Thomas,Operations,Specialist,2022-05-24,Active
29,EMP-000029,LOC-0071,Angela Stafford,Operations,Coordinator,2024-06-07,Active
30,EMP-000030,LOC-0028,George Strickland,Production,Coordinator,2020-01-30,Active
31,EMP-000031,LOC-0089,Marcus Hawkins,Sales,Operator,2023-05-23,Active
32,EMP-000032,LOC-0056,Melanie Hanna,Finance,Specialist,2025-06-04,Active
33,EMP-000033,LOC-0015,Meghan Hubbard,Finance,Engineer,2024-07-15,Active
34,EMP-000034,LOC-0030,Casey White,Operations,Coordinator,2024-01-21,Active
35,EMP-000035,LOC-0024,Amanda Hammond,Production,Coordinator,2021-03-20,Active
36,EMP-000036,LOC-0086,Samantha Lee,IT,Engineer,2019-12-31,Active
37,EMP-000037,LOC-0080,Michael Robinson,Production,Coordinator,2025-04-14,Active
38,EMP-000038,LOC-0036,Patrick Wright,Operations,Supervisor,2019-11-14,Active
39,EMP-000039,LOC-0059,Daniel Terry,Production,Specialist,2020-03-25,Active
40,EMP-000040,LOC-0040,Sarah Arroyo MD,IT,Specialist,2021-11-19,Active
41,EMP-000041,LOC-0093,Craig Smith,Sales,Operator,2023-01-16,Active
42,EMP-000042,LOC-0080,Tracy Reeves,Production,Analyst,2020-06-15,Active
43,EMP-000043,LOC-0089,Zachary Snyder,Sales,Engineer,2019-12-10,Active
44,EMP-000044,LOC-0083,Charles Nichols,Production,Technician,2019-10-09,Active
45,EMP-000045,LOC-0079,Debra Washington,Operations,Technician,2022-07-15,Active
46,EMP-000046,LOC-0082,Samuel Parker,Maintenance,Engineer,2020-01-11,Active
47,EMP-000047,LOC-0098,Brenda Pena,Production,Coordinator,2024-08-30,Active
48,EMP-000048,LOC-0057,Emily Davis,Operations,Operator,2024-03-01,Active
49,EMP-000049,LOC-0009,Julie Villarreal,Production,Analyst,2022-12-22,Active
50,EMP-000050,LOC-0039,Jeffrey Flores,IT,Technician,2020-06-29,Active
51,EMP-000051,LOC-0090,Lauren Martinez,Human Resources,Technician,2021-04-07,Active
52,EMP-000052,LOC-0036,Ashley Gonzalez,Supply Chain,Supervisor,2021-04-01,Active
53,EMP-000054,LOC-0031,Katelyn Hill,Supply Chain,Manager,2023-05-20,Active
54,EMP-000055,LOC-0074,Sheila Davis,Supply Chain,Specialist,2025-04-03,Active
55,EMP-000056,LOC-0008,Marc Wilcox,Supply Chain,Specialist,2022-10-20,Active
56,EMP-000057,LOC-0087,Lisa Burke,Sales,Operator,2019-09-19,Active
57,EMP-000058,LOC-0004,Michael Diaz,Human Resources,Specialist,2021-05-24,Active
58,EMP-000059,LOC-0029,Jeanne Baldwin,Operations,Supervisor,2021-01-07,Active
59,EMP-000060,LOC-0048,Amanda Lewis,Finance,Manager,2022-06-21,Active
60,EMP-000061,LOC-0055,Michele Drake,Finance,Engineer,2023-11-12,Active
61,EMP-000062,LOC-0090,Joy Oconnor,Supply Chain,Operator,2019-01-05,Inactive
62,EMP-000063,LOC-0013,Jessica Williams,IT,Engineer,2022-10-09,Inactive
63,EMP-000064,LOC-0022,Jose Huynh,Production,Supervisor,2021-07-08,Active
64,EMP-000065,LOC-0084,Jennifer Jones,Production,Coordinator,2024-02-10,Active
65,EMP-000066,LOC-0052,Michelle Graham,Production,Supervisor,2025-06-24,Active
66,EMP-000067,LOC-0027,Thomas Chen,Production,Supervisor,2025-01-04,Active
67,EMP-000068,LOC-0057,Mark Matthews,Operations,Technician,2022-10-24,Active
68,EMP-000069,LOC-0010,Jennifer Harmon,Operations,Operator,2020-02-21,Active
69,EMP-000070,LOC-0018,Kelly Fitzpatrick,Production,Specialist,2021-03-21,Active
70,EMP-000071,LOC-0019,Angela Jones,Human Resources,Specialist,2020-07-06,Inactive
71,EMP-000072,LOC-0013,Diane Hayes,IT,Analyst,2022-05-02,Active
72,EMP-000073,LOC-0050,Shawn Holt,Production,Engineer,2020-04-27,Active
73,EMP-000074,LOC-0026,Ashley Campos,Operations,Analyst,2020-03-21,Active
74,EMP-000075,LOC-0093,Christopher Smith,Operations,Coordinator,2021-08-22,Active
75,EMP-000076,LOC-0084,Heather Davidson,Finance,Supervisor,2025-09-19,Active
76,EMP-000077,LOC-0047,Bradley Collins,Supply Chain,Coordinator,2020-06-11,Inactive
77,EMP-000078,LOC-0013,Daniel Diaz,Production,Operator,2025-03-19,Inactive
78,EMP-000079,LOC-0029,Douglas Alvarado,IT,Technician,2019-07-04,Active
79,EMP-000080,LOC-0052,Yvonne Butler,Operations,Operator,2020-06-24,Active
80,EMP-000081,LOC-0099,Christopher Smith,Production,Manager,2021-10-11,Active
81,EMP-000082,LOC-0077,Jason Gould,Maintenance,Supervisor,2025-06-09,Active
82,EMP-000083,LOC-0075,Brittney Powers,Maintenance,Technician,2019-06-17,Active
83,EMP-000084,LOC-0042,Jamie Knight,Production,Engineer,2024-08-13,Active
84,EMP-000085,LOC-0026,Aaron Gardner,Supply Chain,Operator,2019-08-07,Active
85,EMP-000086,LOC-0094,Nicholas Wheeler,IT,Supervisor,2019-04-10,Active
86,EMP-000087,LOC-0098,Brooke Peterson,Operations,Coordinator,2024-06-14,Active
87,EMP-000088,LOC-0092,Maria Fisher,Operations,Technician,2019-02-04,Active
88,EMP-000089,LOC-0019,Melissa Martin,Human Resources,Technician,2022-10-20,Active
89,EMP-000090,LOC-0037,Valerie Houston,Maintenance,Coordinator,2022-03-07,Active
90,EMP-000091,LOC-0016,Crystal Dawson,Operations,Coordinator,2021-12-14,Active
91,EMP-000092,LOC-0077,Amanda Richards,Sales,Specialist,2019-08-10,Active
92,EMP-000093,LOC-0027,Paula Yang,Operations,Technician,2020-11-03,Active
93,EMP-000094,LOC-0034,Tina Mccarty,Operations,Technician,2019-05-12,Active
94,EMP-000095,LOC-0013,Megan James,Human Resources,Analyst,2019-12-24,Active
95,EMP-000096,LOC-0047,Mallory Knapp,Operations,Technician,2024-10-05,Active
96,EMP-000097,LOC-0023,Dalton Daugherty,IT,Supervisor,2023-09-02,Active
97,EMP-000098,LOC-0083,Jerry Flores,Production,Coordinator,2023-03-24,Active
98,EMP-000099,LOC-0039,Edward Peck,Sales,Supervisor,2022-06-17,Active
99,EMP-000100,LOC-0084,Justin Jones,Operations,Operator,2024-08-07,Inactive
100,EMP-000101,LOC-0043,Sonya Washington,Finance,Supervisor,2024-08-20,Active
101,EMP-000102,LOC-0058,Mark Campbell,Operations,Coordinator,2025-01-29,Active
102,EMP-000103,LOC-0006,Nicholas Smith,Production,Analyst,2021-07-24,Active
103,EMP-000104,LOC-0065,Samantha Payne,Production,Coordinator,2021-06-29,Active
104,EMP-000105,LOC-0040,Nancy Francis,Operations,Analyst,2021-08-26,Active
105,EMP-000106,LOC-0070,Christopher Dunn,Supply Chain,Operator,2021-10-02,Active
106,EMP-000107,LOC-0004,Arthur Mayer,Supply Chain,Operator,2021-07-02,Active
107,EMP-000108,LOC-0041,Henry Jones,Production,Technician,2022-09-25,Active
108,EMP-000109,LOC-0100,Alicia Mcguire,Sales,Technician,2019-07-22,Active
109,EMP-000110,LOC-0029,David Doyle,Production,Supervisor,2023-09-11,Active
110,EMP-000111,LOC-0004,Thomas Stewart,Maintenance,Operator,2023-05-21,Active
111,EMP-000112,LOC-0020,Kayla Gilbert,IT,Coordinator,2019-10-03,Active
112,EMP-000113,LOC-0013,Steven Herman,Production,Technician,2021-06-24,Active
113,EMP-000114,LOC-0074,Andrew White,Production,Manager,2020-12-01,Active
114,EMP-000115,LOC-0013,Dennis Anderson,Operations,Coordinator,2020-05-26,Active
115,EMP-000116,LOC-0064,Barbara Schmidt,IT,Specialist,2023-05-12,Active
116,EMP-000117,LOC-0024,Jordan Travis,Human Resources,Coordinator,2024-01-30,Active
117,EMP-000118,LOC-0010,Robert Stout,Operations,Coordinator,2022-01-16,Active
118,EMP-000119,LOC-0097,Stephanie West,Operations,Coordinator,2020-10-28,Active
119,EMP-000120,LOC-0070,Autumn Webb,Operations,Technician,2024-10-11,Active
120,EMP-000121,LOC-0054,Jessica Esparza,Supply Chain,Analyst,2019-07-24,Active
121,EMP-000122,LOC-0002,Mary Sweeney,Finance,Manager,2025-06-11,Active
122,EMP-000123,LOC-0045,Melissa Miller,Maintenance,Technician,2019-12-16,Active
123,EMP-000124,LOC-0008,Christopher Merritt,IT,Engineer,2020-09-09,Active
124,EMP-000125,LOC-0095,Michael Rojas,Maintenance,Specialist,2024-01-09,Active
125,EMP-000126,LOC-0038,George Lopez,Supply Chain,Analyst,2022-08-17,Active
126,EMP-000127,LOC-0099,Erin Allen,Production,Analyst,2021-01-01,Active
127,EMP-000128,LOC-0091,Rita Bray,Sales,Engineer,2019-08-16,Active
128,EMP-000129,LOC-0032,Susan Schmidt,Human Resources,Supervisor,2023-12-04,Active
129,EMP-000130,LOC-0052,Jeffrey Collins,Production,Specialist,2025-07-29,Inactive
130,EMP-000131,LOC-0091,Parker Garza,Production,Supervisor,2019-11-03,Active
131,EMP-000132,LOC-0020,Eric Martin,Operations,Coordinator,2019-09-19,Active
132,EMP-000133,LOC-0016,Michael Griffin,IT,Supervisor,2019-03-14,Active
133,EMP-000134,LOC-0083,Frank Frederick,IT,Technician,2025-02-18,Active
134,EMP-000135,LOC-0043,Robert Atkinson,IT,Engineer,2019-12-20,Active
135,EMP-000136,LOC-0080,Christine Cox,Supply Chain,Coordinator,2023-12-06,Active
136,EMP-000137,LOC-0079,Wyatt Moore,Supply Chain,Manager,2025-09-23,Active
137,EMP-000138,LOC-0039,Lisa Berger,Operations,Specialist,2021-01-31,Active
138,EMP-000140,LOC-0006,Samuel Williams,Maintenance,Operator,2022-01-27,Active
139,EMP-000141,LOC-0006,Anthony Montes,Maintenance,Analyst,2022-07-10,Active
140,EMP-000142,LOC-0057,Tonya Anderson,Supply Chain,Manager,2023-03-28,Active
141,EMP-000143,LOC-0059,Brooke Poole,Operations,Coordinator,2024-05-16,Active
142,EMP-000144,LOC-0050,Amanda Long,Production,Supervisor,2022-12-31,Active
143,EMP-000145,LOC-0036,Lisa Meyer,Human Resources,Operator,2025-07-11,Active
144,EMP-000146,LOC-0095,Michael Kennedy,Production,Supervisor,2019-08-17,Active
145,EMP-000147,LOC-0017,Matthew Conley,Production,Analyst,2023-08-08,Active
146,EMP-000148,LOC-0076,Jennifer Brown,Supply Chain,Manager,2024-01-18,Active
147,EMP-000149,LOC-0080,John Hughes,Production,Manager,2022-04-16,Active
148,EMP-000150,LOC-0020,Daniel Hurley,Human Resources,Supervisor,2024-10-25,Active
149,EMP-000151,LOC-0057,Dana Mann,Human Resources,Coordinator,2022-07-16,Inactive
150,EMP-000152,LOC-0058,Brenda Ho,Operations,Specialist,2024-03-23,Active
151,EMP-000153,LOC-0050,Mark Gray,Production,Operator,2024-04-15,Active
152,EMP-000154,LOC-0023,Scott Knapp,Sales,Manager,2023-11-18,Active
153,EMP-000155,LOC-0012,Dawn Parks,Finance,Manager,2020-04-27,Active
154,EMP-000156,LOC-0096,Catherine Ferguson,Operations,Engineer,2022-06-09,Active
155,EMP-000157,LOC-0064,Lisa Long,Production,Operator,2022-10-08,Active
156,EMP-000158,LOC-0004,Whitney Reilly,Sales,Technician,2019-01-09,Active
157,EMP-000159,LOC-0003,Alexis Lindsey,Production,Technician,2023-02-25,Active
158,EMP-000160,LOC-0072,George Boyd,Operations,Operator,2019-09-10,Active
159,EMP-000161,LOC-0037,Timothy Lopez,Supply Chain,Technician,2022-04-22,Active
160,EMP-000162,LOC-0065,Kelly Perez,Human Resources,Supervisor,2019-04-01,Active
161,EMP-000163,LOC-0035,Jennifer Lopez,Operations,Analyst,2021-08-07,Active
162,EMP-000164,LOC-0081,Laurie Martinez,Finance,Supervisor,2022-07-02,Active
163,EMP-000165,LOC-0080,Patrick Sexton,Finance,Technician,2019-06-10,Active
164,EMP-000166,LOC-0047,Jason Mejia,Supply Chain,Operator,2024-12-25,Active
165,EMP-000167,LOC-0025,Christopher Simmons,Maintenance,Engineer,2024-07-03,Active
166,EMP-000168,LOC-0086,Sara Wood,Finance,Coordinator,2019-06-27,Active
167,EMP-000169,LOC-0095,Lisa Farrell,Maintenance,Operator,2022-11-17,Active
168,EMP-000170,LOC-0092,Henry Hawkins,Production,Specialist,2022-11-13,Active
169,EMP-000171,LOC-0076,Heather Lewis,IT,Coordinator,2020-05-30,Active
170,EMP-000172,LOC-0045,April Mckee,Production,Coordinator,2021-09-22,Active
171,EMP-000173,LOC-0058,Tina Guerrero,Finance,Engineer,2020-07-07,Active
172,EMP-000174,LOC-0100,Renee Brown,Sales,Engineer,2024-02-04,Active
173,EMP-000175,LOC-0048,Michael Lowery,Production,Operator,2025-04-15,Active
174,EMP-000176,LOC-0055,Justin Collins Jr.,Operations,Specialist,2020-05-25,Active
175,EMP-000177,LOC-0064,Patrick Davis,Finance,Technician,2025-11-21,Active
176,EMP-000178,LOC-0038,Melinda Marshall,Production,Coordinator,2021-08-26,Active
177,EMP-000179,LOC-0016,Terrence Guerrero,Operations,Engineer,2020-01-02,Active
178,EMP-000180,LOC-0074,Jerry Sanders,Operations,Technician,2021-06-15,Active
179,EMP-000181,LOC-0083,Olivia Farmer,Operations,Manager,2021-11-22,Active
180,EMP-000182,LOC-0080,Heather Mcdonald,Production,Analyst,2021-03-12,Active
181,EMP-000183,LOC-0034,Andrea Williamson,Production,Supervisor,2022-03-01,Active
182,EMP-000184,LOC-0039,Scott Price,Sales,Supervisor,2022-03-24,Active
183,EMP-000185,LOC-0079,Brandon Perry,Supply Chain,Supervisor,2025-05-10,Active
184,EMP-000186,LOC-0079,Michelle James,Operations,Engineer,2021-10-05,Inactive
185,EMP-000187,LOC-0030,Lucas Thornton,Sales,Technician,2020-02-11,Active
186,EMP-000188,LOC-0002,Alexander Taylor,IT,Engineer,2021-02-16,Active
187,EMP-000189,LOC-0093,Stephanie Harrington,Sales,Engineer,2025-01-05,Inactive
188,EMP-000190,LOC-0066,Ian Potts,Production,Supervisor,2023-11-07,Active
189,EMP-000191,LOC-0087,Kerry Trevino,Sales,Analyst,2019-04-20,Active
190,EMP-000192,LOC-0015,Alison Wolfe MD,Production,Operator,2022-10-13,Active
191,EMP-000193,LOC-0034,Amanda Roman,Production,Analyst,2025-02-22,Active
192,EMP-000194,LOC-0029,Stephanie Cabrera,Sales,Manager,2019-09-30,Active
193,EMP-000195,LOC-0029,Alicia Adams,Maintenance,Supervisor,2023-12-29,Inactive
194,EMP-000196,LOC-0039,Tiffany Hurley,Operations,Analyst,2024-04-19,Active
195,EMP-000197,LOC-0059,Katherine Braun,Maintenance,Engineer,2025-07-05,Active
196,EMP-000198,LOC-0023,Christopher Smith,IT,Analyst,2021-12-24,Active
197,EMP-000200,LOC-0003,Joy Rollins,Production,Specialist,2021-12-28,Active
198,EMP-000201,LOC-0028,Patrick Scott,Production,Coordinator,2021-07-26,Active
199,EMP-000202,LOC-0065,Cynthia Mccullough,Sales,Technician,2019-11-17,Inactive
200,EMP-000203,LOC-0054,Lisa Graham,Supply Chain,Coordinator,2020-10-12,Active
201,EMP-000204,LOC-0029,Justin Montgomery,Supply Chain,Engineer,2019-03-20,Active
202,EMP-000205,LOC-0087,Curtis Olson,Operations,Manager,2020-01-25,Active
203,EMP-000206,LOC-0032,Casey Black,Finance,Coordinator,2020-04-25,Active
204,EMP-000207,LOC-0041,Samantha Long,Maintenance,Specialist,2020-02-09,Active
205,EMP-000208,LOC-0063,David Wilson,Finance,Manager,2021-10-11,Active
206,EMP-000209,LOC-0032,William Scott,Finance,Analyst,2019-08-17,Active
207,EMP-000210,LOC-0053,Sherry Green,Human Resources,Coordinator,2021-04-11,Active
208,EMP-000211,LOC-0022,Michele Miller,Finance,Coordinator,2023-08-17,Active
209,EMP-000212,LOC-0042,Katelyn Tyler,Sales,Technician,2021-04-16,Active
210,EMP-000213,LOC-0069,Jamie Banks,Production,Supervisor,2023-12-14,Active
211,EMP-000214,LOC-0039,Timothy Brown,Production,Manager,2020-08-15,Active
212,EMP-000215,LOC-0075,Roberto Edwards,Supply Chain,Engineer,2025-05-31,Active
213,EMP-000216,LOC-0093,Billy Weber,Operations,Coordinator,2020-08-17,Active
214,EMP-000217,LOC-0027,Frank Schneider,IT,Engineer,2021-09-27,Active
215,EMP-000218,LOC-0001,Gordon Johnston,Production,Analyst,2019-11-19,Active
216,EMP-000219,LOC-0003,Joseph Russell,Operations,Technician,2025-01-31,Active
217,EMP-000220,LOC-0057,Chelsey Foley,Operations,Manager,2025-12-27,Active
218,EMP-000221,LOC-0098,Perry Reed,Maintenance,Engineer,2020-09-06,Active
219,EMP-000222,LOC-0047,Richard Wilkerson,Operations,Coordinator,2024-11-28,Active
220,EMP-000223,LOC-0060,Jennifer Cardenas,IT,Engineer,2024-04-01,Active
221,EMP-000224,LOC-0070,Mr. Thomas Hatfield,Operations,Analyst,2022-02-04,Active
222,EMP-000225,LOC-0028,Scott Figueroa,Finance,Analyst,2024-07-03,Active
223,EMP-000226,LOC-0038,Gregory Gibson,Production,Analyst,2021-11-17,Active
224,EMP-000227,LOC-0062,Ellen Fields,Operations,Manager,2023-12-27,Active
225,EMP-000228,LOC-0063,Michael Jones,Human Resources,Engineer,2019-07-22,Inactive
226,EMP-000229,LOC-0082,Henry Hanson,Production,Technician,2023-08-31,Active
227,EMP-000230,LOC-0023,Johnny Harris,Sales,Supervisor,2024-10-02,Active
228,EMP-000231,LOC-0057,Lori Lewis,Operations,Engineer,2022-05-03,Active
229,EMP-000232,LOC-0094,Anthony Fitzgerald,Sales,Technician,2019-07-19,Active
230,EMP-000233,LOC-0056,Adam Hall,Operations,Specialist,2022-06-18,Active
231,EMP-000234,LOC-0047,Christine Turner,Supply Chain,Engineer,2023-08-31,Active
232,EMP-000235,LOC-0006,Christy Mcfarland,Maintenance,Engineer,2024-03-22,Active
233,EMP-000236,LOC-0052,Dana Chapman,Production,Engineer,2019-07-21,Active
234,EMP-000237,LOC-0088,Alejandro Kidd,Human Resources,Specialist,2020-02-22,Active
235,EMP-000238,LOC-0064,Daniel Lopez MD,Operations,Analyst,2025-11-02,Active
236,EMP-000239,LOC-0045,Zachary Barnett,Supply Chain,Coordinator,2023-04-24,Active
237,EMP-000240,LOC-0089,Susan Hawkins,Sales,Technician,2020-12-03,Active
238,EMP-000241,LOC-0014,Renee Kim,Human Resources,Manager,2021-05-05,Active
239,EMP-000242,LOC-0093,Jessica Garza,Human Resources,Analyst,2019-11-20,Active
240,EMP-000243,LOC-0096,Courtney Harris,Supply Chain,Supervisor,2025-12-01,Active
241,EMP-000244,LOC-0001,James Carroll,Human Resources,Supervisor,2019-06-17,Active
242,EMP-000245,LOC-0032,Nicholas Brandt,Maintenance,Coordinator,2025-03-25,Active
243,EMP-000246,LOC-0035,Ethan Shepherd,Supply Chain,Specialist,2024-09-04,Active
244,EMP-000247,LOC-0063,Mariah Daniels,Production,Technician,2024-12-17,Active
245,EMP-000248,LOC-0040,Cheyenne Brown,Maintenance,Operator,2022-03-27,Inactive
246,EMP-000249,LOC-0008,Stephen Martinez,Operations,Manager,2022-12-04,Active
247,EMP-000250,LOC-0049,Robert Smith,Operations,Manager,2022-08-28,Active
248,EMP-000251,LOC-0026,Nancy Hayes,Production,Engineer,2019-08-18,Active
249,EMP-000252,LOC-0029,Stacy Ayala,Finance,Technician,2020-09-01,Active
250,EMP-000254,LOC-0042,Rebecca Lin,Sales,Operator,2023-03-26,Active
251,EMP-000255,LOC-0046,Nicole Rosario,Production,Supervisor,2020-02-16,Active
252,EMP-000256,LOC-0007,Alexis Conrad,Finance,Engineer,2025-12-25,Active
253,EMP-000257,LOC-0042,Marcus Cox,IT,Analyst,2025-12-24,Inactive
254,EMP-000258,LOC-0081,Daniel Smith,IT,Specialist,2019-01-30,Active
255,EMP-000259,LOC-0080,Gina Patterson,Operations,Analyst,2023-07-23,Active
256,EMP-000260,LOC-0025,Mary Oconnell,Maintenance,Engineer,2024-01-17,Active
257,EMP-000261,LOC-0025,Marcus Phillips,Operations,Engineer,2021-06-01,Active
258,EMP-000262,LOC-0072,Amanda Adams,Maintenance,Manager,2024-11-23,Active
259,EMP-000263,LOC-0033,David Marks,IT,Specialist,2024-07-02,Active
260,EMP-000264,LOC-0095,Tyler Martin,IT,Operator,2020-10-04,Active
261,EMP-000265,LOC-0086,Don Bryant,Maintenance,Technician,2022-11-26,Active
262,EMP-000266,LOC-0014,Brittany Roberts,Production,Specialist,2022-01-05,Active
263,EMP-000267,LOC-0060,Misty Simpson,Supply Chain,Manager,2021-11-09,Active
264,EMP-000268,LOC-0037,Darren Flores,Maintenance,Analyst,2024-01-15,Active
265,EMP-000269,LOC-0086,Gregory Shea,Operations,Operator,2021-12-11,Active
266,EMP-000270,LOC-0079,Christopher Morris,Production,Operator,2020-03-26,Active
267,EMP-000271,LOC-0088,Bobby Carr,Sales,Engineer,2025-08-04,Active
268,EMP-000272,LOC-0031,Christina Curtis,Operations,Coordinator,2021-11-10,Active
269,EMP-000273,LOC-0040,Calvin Singh,Operations,Coordinator,2025-11-30,Active
270,EMP-000274,LOC-0009,Scott Holmes,Supply Chain,Coordinator,2020-05-28,Active
271,EMP-000275,LOC-0052,Jose Rios,Operations,Specialist,2021-04-01,Active
272,EMP-000276,LOC-0078,Robert Gonzalez,IT,Coordinator,2020-01-11,Active
273,EMP-000277,LOC-0044,Margaret Tran,Operations,Coordinator,2019-04-27,Active
274,EMP-000278,LOC-0013,Douglas Murray,Maintenance,Manager,2025-04-11,Active
275,EMP-000279,LOC-0035,Sean Rasmussen,IT,Technician,2021-08-18,Active
276,EMP-000280,LOC-0021,Michael Wright,IT,Engineer,2023-05-23,Active
277,EMP-000281,LOC-0089,William Leonard,Sales,Supervisor,2020-01-19,Active
278,EMP-000282,LOC-0053,Vickie Sanders,Operations,Technician,2023-03-03,Active
279,EMP-000283,LOC-0094,Gina Merritt,Operations,Engineer,2025-02-08,Active
280,EMP-000284,LOC-0024,Dennis Thomas,Maintenance,Analyst,2022-03-02,Active
281,EMP-000285,LOC-0007,Stacey Nguyen,Maintenance,Operator,2020-06-10,Active
282,EMP-000286,LOC-0042,Jacqueline Ramsey,Operations,Coordinator,2023-01-17,Active
283,EMP-000287,LOC-0072,Taylor Perez,Production,Specialist,2021-12-27,Active
284,EMP-000288,LOC-0056,Kathleen Williams,Operations,Coordinator,2022-08-01,Active
285,EMP-000289,LOC-0006,Jennifer Glass,IT,Analyst,2022-05-08,Active
286,EMP-000290,LOC-0052,Yvette Williams,Operations,Analyst,2024-11-02,Active
287,EMP-000291,LOC-0093,Catherine Tyler,Operations,Manager,2021-12-24,Active
288,EMP-000292,LOC-0099,Sharon Hernandez,Operations,Technician,2021-12-25,Active
289,EMP-000293,LOC-0008,Marie Terry,Finance,Technician,2025-01-23,Active
290,EMP-000294,LOC-0047,Debbie Berry,IT,Supervisor,2025-04-14,Active
291,EMP-000295,LOC-0017,Brett Costa,Maintenance,Analyst,2022-07-31,Active
292,EMP-000296,LOC-0011,William Evans,Operations,Coordinator,2022-04-01,Active
293,EMP-000297,LOC-0069,Ryan Fuentes,Maintenance,Coordinator,2023-04-11,Active
294,EMP-000298,LOC-0070,Shannon Ingram,Operations,Specialist,2021-05-12,Active
295,EMP-000299,LOC-0071,Gabriel Ross,Operations,Manager,2024-10-09,Active
296,EMP-000300,LOC-0015,Eric Goodwin,Maintenance,Engineer,2023-02-08,Active
297,EMP-000301,LOC-0099,Kathryn Thomas,IT,Engineer,2020-09-21,Active
298,EMP-000302,LOC-0076,Amy Bailey,Supply Chain,Analyst,2019-04-09,Active
299,EMP-000303,LOC-0092,Nichole Knight,Maintenance,Technician,2019-04-17,Active
300,EMP-000304,LOC-0012,Kimberly Williams,IT,Coordinator,2021-10-08,Active
301,EMP-000305,LOC-0020,Edward Scott,Production,Manager,2023-03-15,Inactive
302,EMP-000306,LOC-0078,Christopher Osborn,Finance,Manager,2021-04-11,Active
303,EMP-000307,LOC-0092,Anthony Luna,Production,Analyst,2022-03-31,Active
304,EMP-000308,LOC-0037,Brittney Ferguson,Maintenance,Technician,2020-03-08,Active
305,EMP-000309,LOC-0034,Sara Ferguson,Operations,Supervisor,2019-11-26,Active
306,EMP-000310,LOC-0007,Patrick Warren,Operations,Specialist,2024-03-11,Active
307,EMP-000311,LOC-0058,Michael Adkins,Supply Chain,Supervisor,2022-03-21,Active
308,EMP-000312,LOC-0089,Henry Barnett,Finance,Engineer,2022-01-05,Active
309,EMP-000313,LOC-0064,Andrew Gray,Supply Chain,Technician,2021-02-08,Active
310,EMP-000314,LOC-0080,Harry Hunt,Supply Chain,Coordinator,2022-01-18,Active
311,EMP-000315,LOC-0098,Michael Harris,Operations,Specialist,2019-12-17,Active
312,EMP-000316,LOC-0030,Ricky Wilson,Sales,Analyst,2024-12-21,Active
313,EMP-000317,LOC-0030,Phillip Vazquez,Sales,Operator,2021-02-17,Active
314,EMP-000318,LOC-0100,Shane Riddle,Operations,Supervisor,2020-08-03,Active
315,EMP-000319,LOC-0040,Jeffrey Richards,Operations,Manager,2025-05-04,Active
316,EMP-000320,LOC-0014,Mary Lopez,Production,Specialist,2020-11-07,Active
317,EMP-000321,LOC-0022,James Castro,Sales,Technician,2021-07-08,Active
318,EMP-000322,LOC-0091,Kenneth Owens,Sales,Manager,2022-07-27,Active
319,EMP-000323,LOC-0096,Tony Mathews,Production,Manager,2023-02-04,Active
320,EMP-000324,LOC-0086,Heather Wood,Human Resources,Manager,2024-01-01,Active
321,EMP-000325,LOC-0065,Johnathan Spencer,Finance,Coordinator,2020-08-18,Active
322,EMP-000326,LOC-0057,Keith Allen,Finance,Technician,2024-05-24,Active
323,EMP-000327,LOC-0008,Grant Avila,IT,Operator,2021-01-16,Active
324,EMP-000328,LOC-0048,Sonya Clark,IT,Technician,2019-02-02,Active
325,EMP-000329,LOC-0094,Michael Wagner,Production,Operator,2022-06-02,Inactive
326,EMP-000330,LOC-0100,Thomas Mckinney,Production,Supervisor,2025-02-23,Active
327,EMP-000331,LOC-0082,Jonathan Martinez,Operations,Coordinator,2025-01-20,Active
328,EMP-000332,LOC-0016,Cynthia Bernard,Production,Analyst,2025-06-21,Active
329,EMP-000333,LOC-0056,Erica Horn,Human Resources,Coordinator,2021-05-31,Active
330,EMP-000334,LOC-0091,Peter Gonzales,Operations,Specialist,2025-08-23,Active
331,EMP-000335,LOC-0020,Carol Obrien,Human Resources,Engineer,2023-12-21,Active
332,EMP-000336,LOC-0035,Jeffrey Blair,Production,Technician,2023-07-10,Active
333,EMP-000337,LOC-0077,Stephanie Smith,Supply Chain,Supervisor,2023-02-15,Active
334,EMP-000338,LOC-0046,Christine Molina,Finance,Analyst,2019-12-31,Active
335,EMP-000339,LOC-0067,Christina Chandler,Operations,Coordinator,2021-01-31,Active
336,EMP-000340,LOC-0045,Amy Anderson,Operations,Manager,2023-07-12,Inactive
337,EMP-000341,LOC-0004,Andrew Rodgers,Operations,Specialist,2022-03-23,Active
338,EMP-000342,LOC-0052,Ashley Reynolds,Human Resources,Supervisor,2020-05-10,Active
339,EMP-000343,LOC-0055,Charles Bates,Production,Coordinator,2019-01-06,Active
340,EMP-000344,LOC-0056,Lauren Wood,Production,Operator,2023-02-12,Active
341,EMP-000345,LOC-0029,Russell Compton,IT,Supervisor,2021-01-17,Active
342,EMP-000346,LOC-0029,Kelly Jackson,Human Resources,Engineer,2024-10-12,Active
343,EMP-000347,LOC-0007,Samuel Hampton,IT,Engineer,2022-05-26,Active
344,EMP-000348,LOC-0022,Chelsea Wright,Supply Chain,Analyst,2022-06-11,Active
345,EMP-000349,LOC-0064,Rebecca Stewart,Operations,Operator,2019-11-08,Active
346,EMP-000350,LOC-0073,Taylor Moon,Operations,Analyst,2019-12-24,Active
347,EMP-000351,LOC-0079,Sean Kane,Production,Engineer,2022-08-10,Active
348,EMP-000352,LOC-0009,Brian Sellers DVM,Operations,Supervisor,2024-04-03,Inactive
349,EMP-000353,LOC-0100,Brittany Johnson,Production,Analyst,2024-08-21,Active
350,EMP-000354,LOC-0003,Jillian Martin,Production,Engineer,2023-05-20,Inactive
351,EMP-000355,LOC-0084,Valerie Martin,Production,Operator,2023-05-13,Active
352,EMP-000356,LOC-0035,Angela Ryan,Production,Technician,2025-06-25,Active
353,EMP-000357,LOC-0061,Shelby Lopez,IT,Specialist,2019-06-14,Active
354,EMP-000358,LOC-0040,Taylor Ford,Finance,Engineer,2025-01-24,Active
355,EMP-000359,LOC-0003,Brandi Watts,Production,Coordinator,2020-08-08,Active
356,EMP-000360,LOC-0009,Hannah Huber,Finance,Analyst,2023-08-16,Active
357,EMP-000361,LOC-0017,Taylor Williams,Supply Chain,Coordinator,2019-04-08,Inactive
358,EMP-000362,LOC-0022,Jamie Roy,IT,Engineer,2024-02-05,Active
359,EMP-000363,LOC-0075,Blake Forbes,Production,Supervisor,2021-06-03,Active
360,EMP-000364,LOC-0088,Danielle Peterson,Operations,Coordinator,2025-05-01,Active
361,EMP-000365,LOC-0052,Dylan Rodriguez,IT,Coordinator,2023-09-27,Active
362,EMP-000366,LOC-0084,Bailey Berry,Production,Engineer,2024-04-26,Active
363,EMP-000367,LOC-0054,Phillip Mckay,Sales,Coordinator,2025-02-26,Active
364,EMP-000368,LOC-0019,Cassie Coleman DDS,Production,Specialist,2019-01-31,Active
365,EMP-000369,LOC-0054,Justin Campbell,IT,Engineer,2020-05-10,Active
366,EMP-000370,LOC-0050,Erin Warren,Sales,Operator,2024-05-30,Active
367,EMP-000371,LOC-0011,Daniel Smith,Maintenance,Engineer,2019-06-11,Active
368,EMP-000372,LOC-0077,Jesse Nunez,Supply Chain,Operator,2024-09-06,Active
369,EMP-000373,LOC-0054,Andrew Gomez,Operations,Supervisor,2021-06-06,Active
370,EMP-000374,LOC-0024,Melissa Smith,Human Resources,Engineer,2019-10-01,Active
371,EMP-000375,LOC-0025,Katherine Green,Maintenance,Technician,2024-05-05,Active
372,EMP-000376,LOC-0034,Lee Martin,Production,Supervisor,2022-10-06,Inactive
373,EMP-000377,LOC-0077,Steven Wright,Production,Manager,2021-03-28,Active
374,EMP-000378,LOC-0065,Marc Wolfe,Operations,Operator,2022-03-21,Active
375,EMP-000379,LOC-0022,Paul Woods,Human Resources,Coordinator,2022-01-08,Active
376,EMP-000380,LOC-0031,Judith Cooper,Production,Specialist,2023-05-04,Active
377,EMP-000381,LOC-0080,Brian Serrano,Finance,Coordinator,2022-10-26,Active
378,EMP-000382,LOC-0006,Nathaniel Conley,Operations,Coordinator,2023-07-18,Active
379,EMP-000383,LOC-0038,Christopher Smith,Operations,Supervisor,2024-09-07,Active
380,EMP-000384,LOC-0030,Heather Rodgers DDS,Operations,Manager,2021-10-03,Active
381,EMP-000385,LOC-0050,Daniel Goodman,Finance,Operator,2022-03-31,Active
382,EMP-000386,LOC-0070,Jennifer Mcintosh,Production,Specialist,2025-06-19,Active
383,EMP-000387,LOC-0100,Stephen Brown,Operations,Manager,2019-11-11,Active
384,EMP-000388,LOC-0059,Stacy Francis,Maintenance,Operator,2021-11-06,Active
385,EMP-000389,LOC-0024,Cynthia Patterson,Operations,Operator,2025-08-04,Active
386,EMP-000390,LOC-0062,Deborah Sparks,IT,Supervisor,2024-06-02,Inactive
387,EMP-000391,LOC-0083,Jeffrey Page,Maintenance,Operator,2023-06-06,Active
388,EMP-000392,LOC-0087,Matthew Payne,Production,Technician,2024-11-06,Active
389,EMP-000393,LOC-0092,Mark Wilkins,Sales,Coordinator,2019-10-17,Active
390,EMP-000394,LOC-0016,David Harris,Human Resources,Technician,2021-01-15,Active
391,EMP-000395,LOC-0023,Tammy Garrett,Sales,Supervisor,2025-12-11,Active
392,EMP-000396,LOC-0016,Linda Hopkins,Production,Supervisor,2024-08-13,Active
393,EMP-000397,LOC-0044,Crystal Soto,Sales,Specialist,2024-12-28,Active
394,EMP-000398,LOC-0004,Samantha Mooney,Production,Coordinator,2020-12-08,Active
395,EMP-000399,LOC-0020,Christine Soto,Human Resources,Manager,2022-01-24,Active
396,EMP-000400,LOC-0100,Jonathan Hale,Sales,Operator,2022-07-02,Active
397,EMP-000401,LOC-0028,Adam Curtis,Supply Chain,Supervisor,2021-03-06,Active
398,EMP-000402,LOC-0019,Tristan Walker,IT,Supervisor,2020-06-24,Active
399,EMP-000403,LOC-0006,William Martinez,Production,Technician,2023-07-10,Active
400,EMP-000404,LOC-0014,Michael Powers,Supply Chain,Engineer,2022-04-08,Active
401,EMP-000405,LOC-0080,Megan Christensen,Production,Operator,2025-04-18,Active
402,EMP-000406,LOC-0060,Matthew Perez,Operations,Supervisor,2019-04-04,Active
403,EMP-000407,LOC-0027,Jacob Sawyer,Production,Supervisor,2021-08-29,Active
404,EMP-000408,LOC-0067,Daniel Hughes,Production,Supervisor,2023-06-21,Active
405,EMP-000409,LOC-0036,Shane Sanchez,Supply Chain,Engineer,2022-07-10,Active
406,EMP-000410,LOC-0099,Tasha Rogers,Operations,Engineer,2021-04-10,Active
407,EMP-000411,LOC-0033,Shawn Ponce,Finance,Analyst,2023-06-19,Active
408,EMP-000412,LOC-0024,Jason Jackson,Finance,Supervisor,2022-10-06,Active
409,EMP-000413,LOC-0071,Brian Jones,Production,Specialist,2022-04-17,Active
410,EMP-000414,LOC-0019,Alex Barr,Supply Chain,Supervisor,2020-06-21,Active
411,EMP-000415,LOC-0009,Mrs. Sherry Pittman,Production,Analyst,2020-10-04,Active
412,EMP-000416,LOC-0004,Susan Williams,Operations,Coordinator,2020-03-21,Active
413,EMP-000417,LOC-0049,Megan Mccoy,Supply Chain,Supervisor,2019-09-20,Active
414,EMP-000418,LOC-0019,Michael Henderson,Supply Chain,Engineer,2021-06-02,Active
415,EMP-000419,LOC-0060,Michael Reilly,Production,Technician,2025-12-04,Active
416,EMP-000420,LOC-0077,Andrew Kirk,IT,Engineer,2022-07-24,Active
417,EMP-000421,LOC-0046,Edwin Mahoney,Production,Coordinator,2023-12-01,Active
418,EMP-000422,LOC-0076,April West,Finance,Coordinator,2023-02-03,Active
419,EMP-000423,LOC-0039,Stephen Hawkins,Finance,Operator,2020-12-07,Active
420,EMP-000424,LOC-0012,Brian Leon,IT,Supervisor,2023-01-25,Active
421,EMP-000425,LOC-0093,Francisco Martin,IT,Operator,2019-10-06,Active
422,EMP-000426,LOC-0083,Nathan Branch,Operations,Coordinator,2019-02-19,Active
423,EMP-000427,LOC-0007,Jessica Payne,Supply Chain,Supervisor,2025-11-15,Active
424,EMP-000428,LOC-0095,Sarah Burton,Production,Engineer,2023-01-13,Active
425,EMP-000429,LOC-0050,Michelle Trevino,Sales,Supervisor,2024-01-14,Active
426,EMP-000430,LOC-0069,Colton Cox,Human Resources,Supervisor,2023-07-01,Active
427,EMP-000431,LOC-0068,Lisa Pope,Maintenance,Analyst,2025-11-19,Active
428,EMP-000432,LOC-0012,Ronald Jackson,Operations,Supervisor,2019-05-06,Active
429,EMP-000433,LOC-0022,Frank Foster,IT,Coordinator,2020-08-06,Active
430,EMP-000434,LOC-0076,Shelley Heath,Operations,Analyst,2019-05-22,Active
431,EMP-000435,LOC-0089,Daniel Long,Finance,Analyst,2020-05-14,Active
432,EMP-000436,LOC-0097,Tara Barber,Operations,Coordinator,2022-11-02,Active
433,EMP-000437,LOC-0089,Andrew Hawkins,Production,Operator,2020-09-07,Active
434,EMP-000438,LOC-0074,Paul Owens,Maintenance,Analyst,2019-10-19,Active
435,EMP-000439,LOC-0085,Carolyn Larsen,Operations,Specialist,2022-06-27,Active
436,EMP-000440,LOC-0001,Micheal Hamilton,Operations,Manager,2019-02-23,Active
437,EMP-000441,LOC-0025,Stephanie Hardy,Operations,Analyst,2021-08-12,Active
438,EMP-000442,LOC-0028,Ronnie Castillo,Human Resources,Supervisor,2021-04-19,Inactive
439,EMP-000443,LOC-0084,Suzanne Shepherd,Operations,Engineer,2023-11-24,Active
440,EMP-000444,LOC-0094,Kevin Johnson,Production,Coordinator,2023-10-20,Active
441,EMP-000445,LOC-0030,Andrea Norman,Finance,Engineer,2019-01-23,Active
442,EMP-000446,LOC-0087,Christina Howe,Maintenance,Operator,2019-06-08,Active
443,EMP-000447,LOC-0090,Taylor Taylor,IT,Analyst,2021-09-14,Active
444,EMP-000448,LOC-0022,John Johnson,Supply Chain,Technician,2025-09-27,Active
445,EMP-000449,LOC-0012,Kelli Fletcher,Operations,Operator,2021-10-17,Active
446,EMP-000450,LOC-0081,Sharon Hart,Operations,Coordinator,2023-11-10,Active
447,EMP-000451,LOC-0065,Christopher Smith,Sales,Specialist,2022-01-09,Active
448,EMP-000452,LOC-0058,Hannah Mcgrath,IT,Analyst,2025-11-15,Active
449,EMP-000453,LOC-0021,Michael Saunders,Operations,Specialist,2020-05-30,Active
450,EMP-000454,LOC-0003,Jason Downs,Operations,Manager,2025-07-27,Active
451,EMP-000455,LOC-0090,Tara Martin,Operations,Manager,2020-11-20,Active
452,EMP-000456,LOC-0003,Gina Frazier,Operations,Supervisor,2021-10-25,Active
453,EMP-000457,LOC-0021,Desiree Allen,Operations,Coordinator,2025-10-23,Active
454,EMP-000458,LOC-0015,Joshua Lewis,Operations,Manager,2019-04-26,Active
455,EMP-000459,LOC-0071,Jennifer Leon,Human Resources,Supervisor,2024-12-12,Active
456,EMP-000460,LOC-0011,Jessica Rose,Sales,Analyst,2023-10-14,Active
457,EMP-000461,LOC-0007,Mr. Alexander Yu,Production,Operator,2023-11-27,Active
458,EMP-000462,LOC-0098,Peter Robinson,Operations,Analyst,2023-05-26,Active
459,EMP-000463,LOC-0030,Andrea Taylor,Production,Specialist,2021-05-03,Active
460,EMP-000464,LOC-0084,Amanda Alexander,Operations,Engineer,2024-08-09,Active
461,EMP-000465,LOC-0086,William Delacruz,IT,Technician,2024-01-17,Active
462,EMP-000466,LOC-0036,Jason Travis,Maintenance,Analyst,2025-06-11,Active
463,EMP-000467,LOC-0006,Elizabeth Jordan,Maintenance,Analyst,2019-03-08,Active
464,EMP-000468,LOC-0015,Lee Herrera,Operations,Specialist,2019-12-26,Inactive
465,EMP-000469,LOC-0009,Curtis Bradshaw,Maintenance,Coordinator,2025-01-28,Active
466,EMP-000470,LOC-0063,Cathy Johnson,Production,Operator,2022-08-22,Inactive
467,EMP-000471,LOC-0044,Eric Gonzalez,Production,Coordinator,2025-01-02,Active
468,EMP-000472,LOC-0087,Rebecca Atkinson,IT,Specialist,2025-01-22,Active
469,EMP-000473,LOC-0023,Daniel Cervantes,IT,Analyst,2021-01-27,Active
470,EMP-000474,LOC-0025,Amy Nguyen,Production,Manager,2022-03-27,Active
471,EMP-000475,LOC-0036,Angelica Green,Supply Chain,Technician,2020-04-26,Active
472,EMP-000476,LOC-0060,Diane Brown,Supply Chain,Manager,2020-12-26,Active
473,EMP-000477,LOC-0054,Krystal Thompson,Maintenance,Supervisor,2021-09-22,Active
474,EMP-000478,LOC-0055,Karen Carter,Operations,Engineer,2019-06-17,Active
475,EMP-000479,LOC-0049,Rebecca Santos,Human Resources,Engineer,2023-02-22,Active
476,EMP-000480,LOC-0090,Chris Melendez,Sales,Specialist,2019-05-25,Active
477,EMP-000481,LOC-0082,Christopher Smith,IT,Engineer,2025-08-27,Active
478,EMP-000482,LOC-0088,Kim Woodward,Operations,Specialist,2024-12-16,Active
479,EMP-000483,LOC-0058,Tiffany Sanchez,Supply Chain,Supervisor,2025-01-15,Active
480,EMP-000484,LOC-0018,Barbara Weber MD,Production,Technician,2020-01-28,Active
481,EMP-000485,LOC-0021,Mark Wood,Production,Coordinator,2021-06-28,Active
482,EMP-000486,LOC-0092,Jacqueline Nguyen,IT,Operator,2025-03-17,Active
483,EMP-000487,LOC-0056,Andrew Hall,Production,Analyst,2023-12-14,Active
484,EMP-000488,LOC-0004,Amy Sharp,IT,Engineer,2021-11-19,Active
485,EMP-000489,LOC-0019,Victoria Webb,Maintenance,Coordinator,2019-02-07,Active
486,EMP-000490,LOC-0085,Michelle Hill,Production,Engineer,2020-10-15,Active
487,EMP-000491,LOC-0051,Ryan Lopez,IT,Supervisor,2022-12-30,Active
488,EMP-000492,LOC-0058,Kelly Rogers,IT,Engineer,2025-07-04,Active
489,EMP-000493,LOC-0022,Derrick Valdez,Production,Operator,2023-11-09,Active
490,EMP-000494,LOC-0085,Rebecca Parker,Maintenance,Specialist,2023-02-14,Active
491,EMP-000495,LOC-0074,Andrea Smith,Operations,Coordinator,2024-03-08,Active
492,EMP-000496,LOC-0002,Deborah Munoz,Production,Coordinator,2019-09-23,Active
493,EMP-000497,LOC-0030,Debbie Smith,Finance,Analyst,2019-04-20,Active
494,EMP-000498,LOC-0011,Joseph Walker,Production,Supervisor,2022-05-03,Active
495,EMP-000499,LOC-0032,Stacey Tanner,Operations,Operator,2025-06-06,Active
496,EMP-000500,LOC-0036,Kimberly Wagner,Production,Supervisor,2020-06-11,Active
497,EMP-000501,LOC-0023,Elizabeth Evans,Production,Supervisor,2025-09-30,Active
498,EMP-000502,LOC-0077,Michelle Frost,Operations,Supervisor,2021-06-19,Active
499,EMP-000503,LOC-0068,Joshua Lawrence,Human Resources,Technician,2021-03-05,Inactive
500,EMP-000504,LOC-0017,Victoria Meza,IT,Supervisor,2019-02-11,Active
501,EMP-000505,LOC-0026,Christina Lopez,Human Resources,Operator,2020-07-14,Active
502,EMP-000506,LOC-0036,Alicia Davis,Production,Supervisor,2021-03-27,Active
503,EMP-000507,LOC-0078,Timothy Marsh,Operations,Coordinator,2021-09-16,Active
504,EMP-000508,LOC-0042,Dawn Crosby,Operations,Operator,2024-10-30,Active
505,EMP-000509,LOC-0028,Daniel Barrett,Finance,Coordinator,2020-02-20,Active
506,EMP-000510,LOC-0026,Bonnie Romero,Operations,Analyst,2021-10-21,Active
507,EMP-000511,LOC-0037,Nancy Floyd,IT,Engineer,2019-07-04,Active
508,EMP-000512,LOC-0036,Isabel Evans,Maintenance,Engineer,2019-12-07,Active
509,EMP-000513,LOC-0016,Justin Myers,IT,Operator,2022-08-17,Inactive
510,EMP-000514,LOC-0098,Marc Bartlett,Human Resources,Operator,2020-10-03,Active
511,EMP-000515,LOC-0081,Jessica Knight,Supply Chain,Analyst,2019-04-16,Active
512,EMP-000516,LOC-0066,Robin Sheppard,Operations,Analyst,2021-12-08,Active
513,EMP-000517,LOC-0095,Hector Wong,IT,Analyst,2021-09-15,Active
514,EMP-000518,LOC-0042,Gary Wilson,Operations,Technician,2019-03-15,Active
515,EMP-000519,LOC-0009,Brandi Maldonado,Operations,Engineer,2021-01-08,Active
516,EMP-000520,LOC-0047,Ashley Gilbert,Operations,Manager,2022-02-05,Active
517,EMP-000521,LOC-0021,Krystal Clayton,Sales,Manager,2025-04-25,Active
518,EMP-000522,LOC-0020,Michelle Mckinney,Production,Technician,2019-03-14,Active
519,EMP-000523,LOC-0088,Anna Santiago,Operations,Technician,2020-08-31,Active
520,EMP-000524,LOC-0016,Jacob Smith,Human Resources,Manager,2024-04-13,Active
521,EMP-000525,LOC-0063,Paula Carter,Production,Technician,2025-06-02,Active
522,EMP-000526,LOC-0082,Alexandra Swanson,Supply Chain,Coordinator,2024-02-25,Active
523,EMP-000527,LOC-0071,Matthew Carrillo,Production,Engineer,2025-04-14,Active
524,EMP-000528,LOC-0032,Danielle Ward,Sales,Manager,2022-07-26,Active
525,EMP-000529,LOC-0097,Alyssa Murray,Human Resources,Analyst,2025-03-31,Active
526,EMP-000530,LOC-0031,Mrs. Danielle Carter MD,Production,Engineer,2020-11-25,Active
527,EMP-000531,LOC-0007,Misty Richmond,Human Resources,Manager,2022-04-27,Inactive
528,EMP-000532,LOC-0060,Mary Davis MD,Operations,Supervisor,2022-11-03,Active
529,EMP-000533,LOC-0074,Chad Garza Jr.,Sales,Analyst,2023-10-11,Active
530,EMP-000534,LOC-0018,Michael Roberts,Production,Manager,2025-03-23,Active
531,EMP-000535,LOC-0091,Tommy Barnes,Operations,Operator,2022-09-04,Active
532,EMP-000536,LOC-0093,Lance Becker,Supply Chain,Manager,2024-03-10,Active
533,EMP-000537,LOC-0004,Brianna Mueller,Supply Chain,Engineer,2019-06-05,Active
534,EMP-000538,LOC-0076,Christopher Smith,Operations,Coordinator,2025-04-07,Active
535,EMP-000539,LOC-0078,Cody Campbell,Human Resources,Specialist,2021-11-30,Active
536,EMP-000540,LOC-0038,Austin Smith,Finance,Specialist,2024-04-15,Active
537,EMP-000541,LOC-0060,Carl Gaines,Supply Chain,Operator,2019-10-04,Active
538,EMP-000543,LOC-0090,John Grant,Operations,Engineer,2019-04-12,Active
539,EMP-000544,LOC-0046,Daniel Butler,Production,Operator,2022-09-14,Active
540,EMP-000545,LOC-0040,Amy Frederick,Finance,Engineer,2019-05-29,Active
541,EMP-000546,LOC-0095,Michael Hart,Operations,Specialist,2021-01-13,Active
542,EMP-000547,LOC-0093,Patricia Bryant,Finance,Analyst,2021-04-10,Active
543,EMP-000548,LOC-0029,Tracy Jones,Operations,Coordinator,2025-02-17,Active
544,EMP-000549,LOC-0054,Brandi Black,IT,Supervisor,2020-09-17,Active
545,EMP-000550,LOC-0044,Alyssa Thomas,Production,Engineer,2023-10-26,Active
546,EMP-000551,LOC-0075,Wesley Thomas,Maintenance,Technician,2020-08-28,Active
547,EMP-000552,LOC-0075,Tyrone Ayala,Production,Operator,2025-08-29,Active
548,EMP-000553,LOC-0056,Gail Garner DVM,Supply Chain,Manager,2020-04-15,Active
549,EMP-000554,LOC-0068,Amanda Morales,Sales,Specialist,2024-08-31,Active
550,EMP-000555,LOC-0037,Kimberly Grant,Maintenance,Analyst,2024-01-30,Active
551,EMP-000556,LOC-0090,Francisco Bailey,Maintenance,Supervisor,2020-07-24,Active
552,EMP-000557,LOC-0019,Jonathan Thompson,Maintenance,Technician,2022-06-19,Active
553,EMP-000558,LOC-0059,Amy Baker,Supply Chain,Analyst,2021-06-26,Active
554,EMP-000559,LOC-0050,Samuel Walls,Operations,Engineer,2021-02-05,Active
555,EMP-000560,LOC-0015,Samuel Anderson,IT,Supervisor,2024-05-19,Active
556,EMP-000561,LOC-0033,Bonnie Ramirez,Operations,Coordinator,2022-08-21,Active
557,EMP-000562,LOC-0037,James Bender,Operations,Specialist,2022-01-22,Inactive
558,EMP-000563,LOC-0089,Kristine Stanley,Sales,Manager,2020-03-21,Active
559,EMP-000564,LOC-0056,James Carter,Operations,Manager,2020-05-19,Active
560,EMP-000565,LOC-0051,Matthew Hernandez,Operations,Specialist,2023-02-08,Active
561,EMP-000566,LOC-0087,Michael Beck,Operations,Coordinator,2025-05-13,Active
562,EMP-000567,LOC-0039,William Tate,Supply Chain,Operator,2024-08-24,Active
563,EMP-000568,LOC-0086,Christopher Smith,Sales,Engineer,2022-09-24,Active
564,EMP-000569,LOC-0038,Whitney Peterson,Production,Manager,2020-09-08,Active
565,EMP-000570,LOC-0068,Rebecca Walker,Operations,Operator,2022-11-03,Active
566,EMP-000571,LOC-0100,Samantha Martin,Operations,Coordinator,2025-04-06,Active
567,EMP-000572,LOC-0065,Melissa Hale,Production,Analyst,2021-07-18,Active
568,EMP-000573,LOC-0007,Ryan Carpenter,Finance,Specialist,2024-10-12,Active
569,EMP-000574,LOC-0087,Travis Meadows,Operations,Engineer,2022-01-26,Active
570,EMP-000575,LOC-0006,Nathan Wyatt,Operations,Specialist,2024-02-09,Active
571,EMP-000576,LOC-0065,Tyler Rodriguez,Production,Manager,2020-11-23,Active
572,EMP-000577,LOC-0064,Kyle Campbell,IT,Supervisor,2021-08-20,Active
573,EMP-000578,LOC-0073,Dustin Hernandez,Operations,Analyst,2021-05-04,Active
574,EMP-000579,LOC-0034,Holly Holder,Supply Chain,Engineer,2020-10-23,Active
575,EMP-000580,LOC-0013,Christine Everett,Production,Coordinator,2019-10-19,Active
576,EMP-000581,LOC-0079,Wendy Hurst,Operations,Operator,2025-09-25,Active
577,EMP-000582,LOC-0043,Kenneth Ramirez,Operations,Engineer,2021-09-15,Active
578,EMP-000583,LOC-0009,Monica Nelson,Production,Coordinator,2023-05-07,Active
579,EMP-000584,LOC-0047,Jeffery Garcia,Supply Chain,Engineer,2021-10-17,Active
580,EMP-000585,LOC-0011,Todd Graham,Operations,Analyst,2022-11-28,Active
581,EMP-000586,LOC-0054,Danny Russell,IT,Operator,2024-06-13,Active
582,EMP-000587,LOC-0071,Erika Patterson,Sales,Operator,2025-09-08,Inactive
583,EMP-000588,LOC-0022,Peter Dixon,IT,Engineer,2023-06-12,Active
584,EMP-000589,LOC-0051,Heather Johnson,IT,Coordinator,2025-10-22,Active
585,EMP-000590,LOC-0038,Theresa Moses,Operations,Analyst,2024-07-26,Active
586,EMP-000591,LOC-0072,Susan Butler,Maintenance,Manager,2020-06-19,Active
587,EMP-000592,LOC-0013,Colleen Erickson,IT,Engineer,2024-02-26,Active
588,EMP-000593,LOC-0043,Amanda Cobb,Maintenance,Supervisor,2024-05-11,Active
589,EMP-000594,LOC-0029,Tammy Waters,Human Resources,Specialist,2020-11-30,Active
590,EMP-000595,LOC-0023,Julie Dixon,Finance,Operator,2019-05-19,Active
591,EMP-000596,LOC-0023,Eric Phillips,Finance,Specialist,2024-12-15,Active
592,EMP-000597,LOC-0038,Eric Smith,Operations,Specialist,2020-07-03,Active
593,EMP-000598,LOC-0087,Victoria Lambert,Supply Chain,Coordinator,2019-06-29,Active
594,EMP-000599,LOC-0021,Tanya Brown,Operations,Coordinator,2020-12-03,Active
595,EMP-000600,LOC-0047,Alexandra Smith,Operations,Supervisor,2022-12-16,Active
596,EMP-000601,LOC-0098,Mrs. Alexandra Long,IT,Analyst,2022-04-20,Active
597,EMP-000602,LOC-0021,Rachel Roberts,Finance,Specialist,2024-12-27,Active
598,EMP-000603,LOC-0088,Judith Vega,Supply Chain,Supervisor,2023-09-08,Active
599,EMP-000604,LOC-0051,Mandy Lawrence,Operations,Technician,2024-12-31,Active
600,EMP-000605,LOC-0076,Stephanie Marsh,Human Resources,Manager,2025-11-04,Active
601,EMP-000606,LOC-0060,Taylor Russo,Production,Technician,2024-06-14,Active
602,EMP-000607,LOC-0094,Kim Bradley,Human Resources,Engineer,2022-10-19,Active
603,EMP-000608,LOC-0049,Matthew White,Production,Specialist,2024-03-03,Active
604,EMP-000609,LOC-0023,Mrs. Pamela Reed,Sales,Supervisor,2023-06-11,Active
605,EMP-000610,LOC-0041,Barry Kemp,Operations,Analyst,2023-06-13,Active
606,EMP-000611,LOC-0099,Heather Sanchez,Production,Analyst,2023-01-20,Active
607,EMP-000612,LOC-0013,Jennifer Snyder,Production,Operator,2022-01-01,Active
608,EMP-000613,LOC-0050,Zachary Bowman,Operations,Coordinator,2021-01-14,Active
609,EMP-000614,LOC-0003,Patricia Lee,Finance,Manager,2021-12-22,Active
610,EMP-000615,LOC-0020,Joel Armstrong,Supply Chain,Coordinator,2025-10-31,Inactive
611,EMP-000616,LOC-0025,Janet Allison,Production,Manager,2025-12-23,Active
612,EMP-000617,LOC-0009,Hannah Franklin,Maintenance,Analyst,2022-12-10,Active
613,EMP-000618,LOC-0045,Tina Franklin,Finance,Supervisor,2019-10-01,Active
614,EMP-000619,LOC-0022,Jesse Watkins,Operations,Coordinator,2025-12-08,Active
615,EMP-000620,LOC-0077,Andrea Fuller,Production,Coordinator,2025-07-18,Active
616,EMP-000621,LOC-0033,Sarah Reid,Sales,Technician,2022-03-29,Active
617,EMP-000622,LOC-0049,Mindy Morales,Human Resources,Engineer,2019-07-16,Active
618,EMP-000623,LOC-0079,Karen Herring,Human Resources,Specialist,2022-08-24,Active
619,EMP-000624,LOC-0097,Sheri Hall,Human Resources,Technician,2021-08-12,Active
620,EMP-000625,LOC-0026,William Warren,Supply Chain,Technician,2024-06-19,Active
621,EMP-000626,LOC-0046,Rita Wilkins,Operations,Analyst,2024-06-26,Active
622,EMP-000627,LOC-0021,Erik Alexander,Operations,Specialist,2022-12-15,Active
623,EMP-000628,LOC-0055,Susan Perez,Supply Chain,Engineer,2021-10-29,Active
624,EMP-000629,LOC-0041,Grace Allen,Maintenance,Specialist,2020-03-22,Inactive
625,EMP-000630,LOC-0048,John Duffy,Maintenance,Coordinator,2022-01-07,Active
626,EMP-000631,LOC-0057,Gary Murray,Operations,Analyst,2025-07-17,Active
627,EMP-000632,LOC-0015,Brandon Burns,Supply Chain,Analyst,2020-03-13,Active
628,EMP-000633,LOC-0036,Hunter Rogers,Operations,Specialist,2025-06-05,Active
629,EMP-000634,LOC-0020,Rachel Smith,Operations,Engineer,2021-05-08,Active
630,EMP-000635,LOC-0003,Eric Elliott,Operations,Specialist,2022-06-18,Active
631,EMP-000636,LOC-0047,Adam Andrews,Maintenance,Coordinator,2025-08-26,Active
632,EMP-000637,LOC-0062,Crystal Mcgee,Supply Chain,Operator,2019-12-21,Active
633,EMP-000638,LOC-0002,Christina Myers,Human Resources,Engineer,2022-07-18,Active
634,EMP-000639,LOC-0086,Matthew Anderson,Human Resources,Technician,2021-02-15,Active
635,EMP-000640,LOC-0040,Virginia Lowe,Supply Chain,Engineer,2019-08-25,Active
636,EMP-000641,LOC-0003,Kendra Bryant,Operations,Manager,2024-08-19,Inactive
637,EMP-000642,LOC-0039,Jamie Johnson,Sales,Analyst,2024-01-10,Active
638,EMP-000643,LOC-0041,Michelle Jordan,IT,Technician,2025-02-25,Active
639,EMP-000644,LOC-0087,Kim Barrett,Operations,Coordinator,2021-07-23,Active
640,EMP-000645,LOC-0079,Nathan Ortiz,Supply Chain,Supervisor,2021-09-14,Active
641,EMP-000646,LOC-0028,Rodney Bell,Operations,Manager,2022-01-15,Active
642,EMP-000647,LOC-0055,Mr. Richard Marsh DDS,Supply Chain,Analyst,2023-04-06,Active
643,EMP-000648,LOC-0064,Jeffrey Jackson,Sales,Supervisor,2019-02-09,Active
644,EMP-000649,LOC-0058,Julie Black,Supply Chain,Specialist,2023-03-10,Active
645,EMP-000650,LOC-0001,Misty Fernandez,Supply Chain,Supervisor,2020-06-16,Active
646,EMP-000651,LOC-0074,Carol Sanders,Sales,Coordinator,2022-06-22,Active
647,EMP-000653,LOC-0035,Christopher Smith,Production,Manager,2025-02-26,Active
648,EMP-000654,LOC-0028,Philip Martin,Operations,Supervisor,2022-11-03,Active
649,EMP-000655,LOC-0036,Jason Gonzalez,Maintenance,Coordinator,2022-01-29,Inactive
650,EMP-000656,LOC-0024,Jeremy Fox,Operations,Manager,2020-03-05,Active
651,EMP-000657,LOC-0098,Brian Moore,IT,Engineer,2024-04-24,Active
652,EMP-000658,LOC-0024,Michael Briggs,IT,Coordinator,2022-07-04,Active
653,EMP-000659,LOC-0056,Amber Brown,Supply Chain,Supervisor,2022-01-25,Active
654,EMP-000660,LOC-0045,Caroline Elliott,Maintenance,Analyst,2020-07-29,Active
655,EMP-000661,LOC-0008,Lori Young,Operations,Specialist,2025-06-01,Active
656,EMP-000662,LOC-0094,April Schneider,Production,Manager,2023-11-11,Inactive
657,EMP-000663,LOC-0058,Katie Rogers,Finance,Operator,2021-08-27,Active
658,EMP-000664,LOC-0015,Tammy Juarez,Finance,Analyst,2022-11-06,Active
659,EMP-000665,LOC-0030,Melissa Jennings,Finance,Operator,2020-08-05,Active
660,EMP-000666,LOC-0010,Donna Shaffer,Operations,Specialist,2023-09-08,Active
661,EMP-000667,LOC-0034,David Jackson,Production,Specialist,2023-11-18,Active
662,EMP-000668,LOC-0096,Connie Gomez,Production,Operator,2023-05-14,Active
663,EMP-000669,LOC-0010,Rachel Ruiz,Production,Specialist,2023-07-25,Active
664,EMP-000670,LOC-0027,Amber Parker,Supply Chain,Operator,2022-11-16,Active
665,EMP-000671,LOC-0093,Sarah Harris,IT,Manager,2021-07-04,Active
666,EMP-000672,LOC-0027,Andrea Wells,Maintenance,Manager,2020-02-13,Active
667,EMP-000673,LOC-0041,Alexis Haley,IT,Supervisor,2022-03-04,Active
668,EMP-000674,LOC-0033,Travis Rojas,Operations,Coordinator,2019-12-09,Active
669,EMP-000675,LOC-0044,Jordan Castro,Finance,Coordinator,2019-08-06,Active
670,EMP-000676,LOC-0058,Shaun Boyd,Operations,Operator,2022-11-08,Active
671,EMP-000677,LOC-0081,Derrick Spencer,Human Resources,Coordinator,2021-10-12,Active
672,EMP-000678,LOC-0064,Gregory Jackson,Supply Chain,Manager,2020-07-14,Active
673,EMP-000679,LOC-0038,Joann Hill,Operations,Specialist,2019-03-28,Active
674,EMP-000680,LOC-0002,Michael Mclaughlin,Production,Specialist,2022-03-11,Active
675,EMP-000681,LOC-0030,Theresa Kane,Maintenance,Specialist,2023-11-02,Active
676,EMP-000682,LOC-0016,Corey Cisneros,Supply Chain,Supervisor,2023-08-05,Active
677,EMP-000683,LOC-0023,Tammy Rowe,Production,Engineer,2021-06-04,Active
678,EMP-000684,LOC-0081,Misty Davis,Maintenance,Analyst,2025-04-08,Active
679,EMP-000685,LOC-0025,Thomas Bishop,Sales,Manager,2023-09-04,Active
680,EMP-000686,LOC-0098,Charles Moreno,Finance,Coordinator,2022-06-04,Active
681,EMP-000687,LOC-0026,Steven Kelly,Human Resources,Supervisor,2024-01-08,Active
682,EMP-000688,LOC-0011,Richard Mccall,Operations,Engineer,2019-07-15,Active
683,EMP-000689,LOC-0031,Ashley Abbott,Human Resources,Coordinator,2021-01-26,Active
684,EMP-000690,LOC-0042,Kathleen Johnson,IT,Technician,2023-07-15,Active
685,EMP-000691,LOC-0059,Jeremiah Poole,Operations,Operator,2024-11-24,Active
686,EMP-000692,LOC-0042,Alan Wright,Operations,Technician,2021-07-04,Active
687,EMP-000693,LOC-0081,Chad Miller,IT,Specialist,2023-05-31,Active
688,EMP-000694,LOC-0042,Elizabeth Pace,Operations,Analyst,2021-08-16,Active
689,EMP-000695,LOC-0013,Morgan Oliver,Operations,Coordinator,2019-02-06,Active
690,EMP-000696,LOC-0100,David Hunt PhD,IT,Specialist,2023-02-08,Active
691,EMP-000697,LOC-0077,Brandon Lee,Production,Operator,2022-09-06,Active
692,EMP-000698,LOC-0036,Joel Harris,Supply Chain,Coordinator,2022-02-13,Active
693,EMP-000699,LOC-0073,Kevin Adams,IT,Operator,2021-08-04,Active
694,EMP-000700,LOC-0091,Victoria Weaver,IT,Operator,2022-03-22,Active
695,EMP-000701,LOC-0095,Pamela Lopez,Maintenance,Operator,2019-07-26,Inactive
696,EMP-000702,LOC-0074,Michael Diaz,Supply Chain,Manager,2021-12-27,Active
697,EMP-000703,LOC-0061,Alexander Tucker,Human Resources,Supervisor,2019-08-14,Active
698,EMP-000704,LOC-0028,Mark Bishop,Operations,Analyst,2020-08-26,Active
699,EMP-000705,LOC-0078,Maria Berry,Maintenance,Engineer,2021-12-19,Active
700,EMP-000706,LOC-0057,Ryan Moses,Operations,Operator,2025-07-21,Active
701,EMP-000707,LOC-0002,Lisa Thompson,Operations,Supervisor,2024-04-17,Inactive
702,EMP-000708,LOC-0009,Charles Winters,Operations,Technician,2020-08-09,Active
703,EMP-000709,LOC-0085,Rachel Jones,Human Resources,Supervisor,2023-11-29,Active
704,EMP-000710,LOC-0019,Megan Spears,Production,Specialist,2025-09-06,Active
705,EMP-000711,LOC-0018,Regina Drake,Maintenance,Engineer,2021-01-11,Inactive
706,EMP-000712,LOC-0064,Joy Erickson,Supply Chain,Operator,2024-03-04,Inactive
707,EMP-000714,LOC-0033,John Pratt,Operations,Manager,2023-03-21,Inactive
708,EMP-000715,LOC-0028,Tony Dunlap,Supply Chain,Engineer,2024-06-28,Active
709,EMP-000716,LOC-0098,Matthew Ramirez,IT,Coordinator,2024-09-19,Active
710,EMP-000717,LOC-0017,David Weaver,Production,Engineer,2024-08-19,Active
711,EMP-000718,LOC-0014,Michael Oliver,Human Resources,Engineer,2023-10-06,Inactive
712,EMP-000719,LOC-0040,Colleen Jacobs,Supply Chain,Analyst,2022-06-01,Active
713,EMP-000720,LOC-0061,Angela Chen,Supply Chain,Operator,2021-08-18,Active
714,EMP-000721,LOC-0089,Stephanie Hansen,Maintenance,Supervisor,2023-10-27,Active
715,EMP-000722,LOC-0035,Angela Adkins,Finance,Coordinator,2024-01-03,Active
716,EMP-000723,LOC-0067,Roberta Ortiz,Supply Chain,Analyst,2025-07-20,Active
717,EMP-000724,LOC-0018,Steven Mclaughlin,Operations,Analyst,2023-12-10,Active
718,EMP-000725,LOC-0045,Ethan Jones,Supply Chain,Coordinator,2020-07-31,Active
719,EMP-000726,LOC-0002,Linda Carney,IT,Supervisor,2021-06-10,Active
720,EMP-000727,LOC-0078,Melissa Carson,Production,Technician,2023-06-29,Active
721,EMP-000728,LOC-0090,William Herman,Operations,Coordinator,2019-03-06,Active
722,EMP-000729,LOC-0068,Lori Taylor DDS,Supply Chain,Technician,2024-09-11,Active
723,EMP-000730,LOC-0009,Cynthia Jones,Maintenance,Coordinator,2020-10-31,Active
724,EMP-000731,LOC-0061,Tasha Thomas,Sales,Technician,2019-01-16,Active
725,EMP-000732,LOC-0099,Denise Lawson,Operations,Specialist,2019-07-09,Active
726,EMP-000733,LOC-0040,Raymond Jimenez,Supply Chain,Supervisor,2021-12-16,Active
727,EMP-000734,LOC-0068,Mackenzie Pacheco,Production,Operator,2020-10-28,Active
728,EMP-000735,LOC-0029,Edward Barnes,Operations,Specialist,2022-03-01,Active
729,EMP-000736,LOC-0099,Thomas Miller,Operations,Engineer,2019-03-21,Active
730,EMP-000737,LOC-0018,Michael Stevens,Maintenance,Supervisor,2021-06-18,Active
731,EMP-000738,LOC-0047,Rachael Castro,Operations,Manager,2022-04-24,Active
732,EMP-000739,LOC-0080,Cindy Moss,Operations,Specialist,2021-08-10,Active
733,EMP-000740,LOC-0079,Glenn Carter,Production,Operator,2021-05-16,Active
734,EMP-000741,LOC-0086,Shelly Blair,Production,Operator,2022-05-26,Active
735,EMP-000742,LOC-0080,William Thompson,Operations,Operator,2022-06-22,Active
736,EMP-000743,LOC-0089,Lindsey Lopez,Operations,Supervisor,2025-10-28,Active
737,EMP-000744,LOC-0045,Christopher Wells,Operations,Operator,2025-02-03,Active
738,EMP-000745,LOC-0083,Thomas Davis,Operations,Analyst,2024-01-07,Active
739,EMP-000746,LOC-0082,Brittany Johnson,Operations,Operator,2022-03-25,Active
740,EMP-000747,LOC-0095,Jack Mejia,Sales,Technician,2019-08-19,Active
741,EMP-000748,LOC-0042,Andrea Wilson,Maintenance,Manager,2023-01-29,Active
742,EMP-000749,LOC-0098,Melissa Fox,Sales,Engineer,2022-08-12,Active
743,EMP-000750,LOC-0077,Erica Wright,Finance,Supervisor,2019-06-03,Active
744,EMP-000751,LOC-0025,Jesse Johnson,Supply Chain,Coordinator,2023-03-26,Active
745,EMP-000752,LOC-0011,Christopher Medina,Sales,Technician,2025-12-11,Active
746,EMP-000753,LOC-0049,Pamela Cordova,Operations,Specialist,2020-11-18,Active
747,EMP-000754,LOC-0056,Mallory Johnson,Supply Chain,Operator,2024-03-09,Active
748,EMP-000755,LOC-0010,Todd Gray,Finance,Manager,2019-04-19,Active
749,EMP-000756,LOC-0050,Daisy Nguyen,Operations,Technician,2023-11-25,Active
750,EMP-000757,LOC-0037,Michael Warren,Operations,Coordinator,2023-04-19,Active
751,EMP-000758,LOC-0009,Kylie Sosa,IT,Analyst,2021-04-18,Active
752,EMP-000759,LOC-0093,Bryan White,Sales,Engineer,2019-06-15,Active
753,EMP-000760,LOC-0016,Fred Johnson,IT,Operator,2022-04-25,Active
754,EMP-000761,LOC-0008,Craig Bowers,Operations,Supervisor,2019-02-21,Active
755,EMP-000762,LOC-0095,Anna Lawson,Production,Operator,2023-07-17,Active
756,EMP-000763,LOC-0035,Andrea Johnson,Supply Chain,Supervisor,2020-06-16,Active
757,EMP-000764,LOC-0098,Stephanie Christian,Production,Manager,2023-09-06,Active
758,EMP-000765,LOC-0054,Jose Gilbert,Operations,Manager,2019-07-29,Active
759,EMP-000766,LOC-0014,Donna Murphy,Supply Chain,Supervisor,2019-06-01,Active
760,EMP-000767,LOC-0067,Melissa Dominguez,Operations,Manager,2020-08-12,Active
761,EMP-000768,LOC-0053,Angel Mills,Production,Coordinator,2019-11-01,Active
762,EMP-000769,LOC-0074,Tonya Wilson,Finance,Technician,2020-03-11,Active
763,EMP-000770,LOC-0047,Allen Turner,IT,Coordinator,2022-11-03,Active
764,EMP-000771,LOC-0066,Cynthia Torres,Maintenance,Operator,2022-11-27,Active
765,EMP-000772,LOC-0016,Jacob Gonzalez,IT,Engineer,2021-09-13,Active
766,EMP-000773,LOC-0072,Linda Roberts,Maintenance,Analyst,2019-11-21,Active
767,EMP-000774,LOC-0062,Donna Hudson,Maintenance,Manager,2019-10-06,Active
768,EMP-000775,LOC-0028,Jeff Hill,Production,Coordinator,2024-09-04,Active
769,EMP-000776,LOC-0079,Abigail Thomas,Human Resources,Coordinator,2020-02-15,Active
770,EMP-000777,LOC-0084,Angela Henderson,Operations,Technician,2021-06-09,Active
771,EMP-000778,LOC-0076,Charles Kaufman,Sales,Technician,2022-03-18,Active
772,EMP-000779,LOC-0073,Brian Walsh,Operations,Engineer,2021-03-10,Active
773,EMP-000780,LOC-0061,Daniel Martinez,Operations,Operator,2025-12-22,Active
774,EMP-000781,LOC-0005,Mark Herrera,Production,Analyst,2023-03-15,Active
775,EMP-000782,LOC-0058,Christopher Suarez,Production,Supervisor,2021-02-24,Active
776,EMP-000783,LOC-0017,Sheila Wise,Human Resources,Supervisor,2020-07-04,Active
777,EMP-000784,LOC-0040,Anthony Smith,Production,Coordinator,2022-07-18,Active
778,EMP-000785,LOC-0053,Karen Wright,Operations,Engineer,2022-03-18,Active
779,EMP-000787,LOC-0015,Michael Flynn,Production,Operator,2024-06-12,Active
780,EMP-000788,LOC-0003,Isabel Wilcox,Maintenance,Operator,2022-08-07,Active
781,EMP-000789,LOC-0060,John Taylor,Production,Manager,2021-09-12,Active
782,EMP-000790,LOC-0020,Lindsey Williams,Operations,Coordinator,2022-05-06,Active
783,EMP-000791,LOC-0095,Jonathan Mccullough,Operations,Analyst,2019-10-04,Active
784,EMP-000792,LOC-0071,Amber Clayton,IT,Specialist,2025-11-06,Inactive
785,EMP-000793,LOC-0062,Natalie Webb,IT,Coordinator,2022-09-29,Active
786,EMP-000794,LOC-0070,Andrea Phillips,Maintenance,Engineer,2020-11-09,Active
787,EMP-000795,LOC-0028,Mr. Jason Smith PhD,Operations,Specialist,2025-12-17,Active
788,EMP-000796,LOC-0085,Tanya Holt,Production,Supervisor,2021-12-24,Active
789,EMP-000797,LOC-0048,Mary Joyce,Human Resources,Analyst,2025-12-29,Active
790,EMP-000798,LOC-0095,Scott Graham,Operations,Engineer,2024-08-21,Active
791,EMP-000799,LOC-0060,Robert Shaw,Human Resources,Coordinator,2022-01-20,Inactive
792,EMP-000800,LOC-0042,David Hurley,Supply Chain,Coordinator,2021-08-28,Active
793,EMP-000801,LOC-0037,Patricia May,Sales,Operator,2019-10-19,Active
794,EMP-000802,LOC-0046,Mr. Brian Freeman,Operations,Engineer,2020-03-03,Active
795,EMP-000803,LOC-0010,Michael Holland,Sales,Engineer,2023-04-08,Active
796,EMP-000804,LOC-0033,Mackenzie Mathews,Maintenance,Manager,2024-10-29,Active
797,EMP-000805,LOC-0025,Shannon Hill,Operations,Specialist,2020-09-06,Active
798,EMP-000806,LOC-0041,Kristina Washington,Operations,Coordinator,2025-08-08,Active
799,EMP-000807,LOC-0053,Trevor Reyes,Production,Analyst,2019-02-19,Active
800,EMP-000808,LOC-0032,Tyler Ramirez,Sales,Analyst,2021-03-23,Active
801,EMP-000809,LOC-0089,Pamela Smith,Operations,Coordinator,2025-10-30,Active
802,EMP-000810,LOC-0045,Ashley Clark,Operations,Engineer,2022-11-04,Active
803,EMP-000811,LOC-0089,Melissa Khan,Operations,Engineer,2019-03-01,Active
804,EMP-000812,LOC-0055,Daniel Stokes,Supply Chain,Supervisor,2025-05-20,Active
805,EMP-000813,LOC-0087,Larry Long,IT,Technician,2019-03-21,Active
806,EMP-000814,LOC-0070,Tina Kaufman,IT,Specialist,2020-02-25,Active
807,EMP-000815,LOC-0079,Olivia Cameron,Maintenance,Manager,2025-11-01,Inactive
808,EMP-000816,LOC-0039,Kent Rich,Finance,Engineer,2020-10-15,Inactive
809,EMP-000817,LOC-0079,Michael Fischer,Human Resources,Coordinator,2023-11-19,Active
810,EMP-000818,LOC-0026,Candice Lutz,IT,Technician,2021-10-23,Active
811,EMP-000819,LOC-0079,Tracy Mitchell,Human Resources,Manager,2022-06-14,Active
812,EMP-000820,LOC-0045,Ivan Thompson,Sales,Specialist,2024-05-31,Active
813,EMP-000821,LOC-0059,Laura Castro,Human Resources,Operator,2020-07-11,Active
814,EMP-000822,LOC-0093,Adam Scott,Production,Coordinator,2022-05-17,Active
815,EMP-000823,LOC-0046,Jessica Copeland,Maintenance,Technician,2019-02-27,Active
816,EMP-000824,LOC-0082,Donna Smith,Human Resources,Coordinator,2024-01-20,Active
817,EMP-000825,LOC-0045,Emily Anderson,Human Resources,Coordinator,2023-06-03,Active
818,EMP-000826,LOC-0068,Michael Li,Maintenance,Coordinator,2025-08-01,Active
819,EMP-000827,LOC-0062,Mary Smith,Finance,Operator,2025-08-23,Active
820,EMP-000828,LOC-0072,Monica Holden,Finance,Analyst,2019-08-20,Active
821,EMP-000829,LOC-0097,Joshua Hansen,Maintenance,Operator,2023-05-09,Active
822,EMP-000830,LOC-0018,Gabriella Allen,Human Resources,Supervisor,2024-10-14,Active
823,EMP-000831,LOC-0028,Linda Guerrero,Operations,Engineer,2019-05-19,Active
824,EMP-000832,LOC-0030,Andrew Martinez,Operations,Technician,2024-08-31,Active
825,EMP-000833,LOC-0082,Veronica Sanchez,Maintenance,Manager,2025-05-17,Active
826,EMP-000834,LOC-0084,John Stewart,IT,Coordinator,2020-10-24,Active
827,EMP-000835,LOC-0022,Andrew Obrien,Maintenance,Analyst,2021-05-27,Active
828,EMP-000836,LOC-0046,Richard Armstrong,Supply Chain,Analyst,2020-11-04,Active
829,EMP-000837,LOC-0007,Ryan Garcia,Finance,Analyst,2020-08-02,Active
830,EMP-000838,LOC-0033,Barbara Jones,IT,Analyst,2025-01-10,Inactive
831,EMP-000839,LOC-0075,James Reyes,Supply Chain,Operator,2022-02-14,Active
832,EMP-000840,LOC-0008,Christopher Hutchinson,Production,Engineer,2021-09-25,Active
833,EMP-000841,LOC-0043,Luis Sutton,IT,Specialist,2021-08-27,Inactive
834,EMP-000842,LOC-0038,Daniel Kim,Sales,Supervisor,2024-04-02,Active
835,EMP-000843,LOC-0048,Crystal Armstrong,Operations,Manager,2020-01-05,Active
836,EMP-000844,LOC-0088,Sara Lawrence,IT,Analyst,2023-08-28,Active
837,EMP-000845,LOC-0061,Carol Cuevas,IT,Specialist,2024-08-25,Active
838,EMP-000846,LOC-0028,Ryan Thomas,IT,Analyst,2023-05-30,Active
839,EMP-000847,LOC-0039,John Harris,Supply Chain,Supervisor,2019-07-31,Active
840,EMP-000848,LOC-0014,Kaitlyn Rose,Production,Manager,2021-02-22,Active
841,EMP-000849,LOC-0079,John Gray,Production,Manager,2021-12-31,Active
842,EMP-000850,LOC-0093,Billy Carrillo,Production,Coordinator,2020-08-29,Active
843,EMP-000851,LOC-0070,Steven Donovan,Supply Chain,Specialist,2025-11-07,Active
844,EMP-000852,LOC-0023,Victor Ruiz,Operations,Specialist,2020-10-09,Active
845,EMP-000853,LOC-0066,Dawn Reynolds,Supply Chain,Technician,2019-03-16,Active
846,EMP-000854,LOC-0009,Cody Garcia,Production,Supervisor,2024-01-30,Active
847,EMP-000855,LOC-0076,Nicole Evans DVM,Operations,Specialist,2021-07-09,Active
848,EMP-000856,LOC-0062,Victor Hernandez,IT,Analyst,2022-02-12,Active
849,EMP-000857,LOC-0002,Joseph Haney,IT,Technician,2023-03-01,Active
850,EMP-000858,LOC-0088,Belinda Crane,Operations,Specialist,2025-09-18,Active
851,EMP-000859,LOC-0023,Julie Fitzpatrick,Sales,Analyst,2022-04-05,Active
852,EMP-000860,LOC-0011,Jackson Lynn,Maintenance,Operator,2024-08-21,Active
853,EMP-000861,LOC-0072,Christopher Smith,Operations,Engineer,2019-12-28,Inactive
854,EMP-000862,LOC-0029,Brian Murray,Operations,Specialist,2022-01-21,Active
855,EMP-000863,LOC-0037,Crystal Donaldson,Operations,Technician,2023-03-31,Active
856,EMP-000864,LOC-0067,Zachary Smith,Finance,Operator,2025-12-19,Active
857,EMP-000865,LOC-0071,Johnathan Archer,Finance,Manager,2023-09-02,Active
858,EMP-000866,LOC-0001,Brittany Mueller,Human Resources,Engineer,2019-04-06,Active
859,EMP-000867,LOC-0017,Susan Juarez,Operations,Technician,2020-05-16,Active
860,EMP-000868,LOC-0046,Jerry Tran,Operations,Specialist,2024-05-03,Active
861,EMP-000870,LOC-0045,Rebecca Foster,IT,Coordinator,2023-02-23,Active
862,EMP-000871,LOC-0021,Dennis Kelly,Supply Chain,Technician,2022-09-13,Active
863,EMP-000872,LOC-0024,Lisa Collins,Operations,Manager,2024-07-04,Active
864,EMP-000873,LOC-0088,Joshua Dunn,Maintenance,Technician,2020-01-23,Active
865,EMP-000874,LOC-0001,Heather Brown,Operations,Engineer,2023-11-01,Active
866,EMP-000875,LOC-0060,David Martinez,Finance,Operator,2025-04-25,Active
867,EMP-000876,LOC-0084,Elijah Anderson,Operations,Coordinator,2025-05-30,Active
868,EMP-000877,LOC-0044,Brittany Johnson,Supply Chain,Specialist,2023-09-10,Inactive
869,EMP-000878,LOC-0080,Alexander Huerta,Operations,Engineer,2022-05-18,Active
870,EMP-000879,LOC-0075,Franklin Howell,Production,Supervisor,2019-02-09,Active
871,EMP-000880,LOC-0038,Alfred Taylor,Finance,Coordinator,2023-07-14,Active
872,EMP-000881,LOC-0097,Brandon Leonard,Operations,Engineer,2020-06-16,Active
873,EMP-000882,LOC-0078,David Gregory,Finance,Supervisor,2023-04-04,Active
874,EMP-000883,LOC-0032,Lauren Barry,Production,Operator,2020-09-23,Active
875,EMP-000884,LOC-0060,Brandon Booker,Human Resources,Supervisor,2024-04-10,Active
876,EMP-000885,LOC-0090,Katrina Davis,Sales,Coordinator,2022-08-28,Active
877,EMP-000886,LOC-0079,Peggy Garcia,IT,Operator,2019-05-25,Active
878,EMP-000887,LOC-0095,Christopher Huang,Production,Supervisor,2023-09-15,Active
879,EMP-000888,LOC-0092,Samantha Butler,Human Resources,Engineer,2020-12-29,Active
880,EMP-000889,LOC-0091,John Mills,Operations,Analyst,2021-06-20,Active
881,EMP-000890,LOC-0094,Katherine Lawrence,Maintenance,Technician,2020-06-18,Active
882,EMP-000891,LOC-0031,Craig Velasquez,Supply Chain,Manager,2025-04-18,Inactive
883,EMP-000892,LOC-0092,Donna Franco,Maintenance,Analyst,2022-06-07,Active
884,EMP-000893,LOC-0034,Brian Carey,Supply Chain,Technician,2019-09-10,Active
885,EMP-000894,LOC-0008,Jonathon Jones,Finance,Operator,2022-01-01,Active
886,EMP-000895,LOC-0043,Felicia Christian,IT,Analyst,2021-11-16,Active
887,EMP-000896,LOC-0059,Vernon Alvarado,Production,Supervisor,2019-04-19,Active
888,EMP-000897,LOC-0017,Valerie Johnson,Operations,Manager,2021-04-15,Active
889,EMP-000899,LOC-0034,Jared Walker,Supply Chain,Operator,2020-09-16,Active
890,EMP-000900,LOC-0051,Mary Henderson,Operations,Coordinator,2020-06-11,Active
891,EMP-000901,LOC-0059,Brian Clarke,IT,Supervisor,2019-07-31,Active
892,EMP-000902,LOC-0001,Angela Escobar,Supply Chain,Operator,2021-06-28,Active
893,EMP-000903,LOC-0046,Melinda Steele,Operations,Supervisor,2024-07-15,Active
894,EMP-000904,LOC-0034,Victoria Mills,Operations,Analyst,2020-10-10,Active
895,EMP-000905,LOC-0036,Lisa Cruz,Sales,Technician,2021-12-15,Active
896,EMP-000906,LOC-0089,Eric Serrano,Production,Operator,2020-04-06,Active
897,EMP-000907,LOC-0062,Michael Garcia,Production,Engineer,2024-03-26,Active
898,EMP-000908,LOC-0010,Cody Owens,Operations,Operator,2020-01-09,Active
899,EMP-000909,LOC-0079,Cody Williams,Operations,Analyst,2021-09-23,Active
900,EMP-000910,LOC-0038,James Clark,Production,Manager,2023-06-07,Active
901,EMP-000911,LOC-0074,Mary Roberts,Production,Coordinator,2024-10-02,Inactive
902,EMP-000912,LOC-0035,Jenna Ramirez,IT,Technician,2019-02-18,Active
903,EMP-000913,LOC-0064,Alicia Jimenez,Production,Supervisor,2025-07-09,Active
904,EMP-000914,LOC-0099,Dr. Dawn Lynch,Operations,Supervisor,2022-08-17,Active
905,EMP-000915,LOC-0035,Briana Martinez,Maintenance,Engineer,2022-11-14,Active
906,EMP-000916,LOC-0024,David Mccarty,Maintenance,Manager,2021-09-23,Active
907,EMP-000917,LOC-0075,Philip Lee,Finance,Supervisor,2022-06-30,Active
908,EMP-000918,LOC-0020,Benjamin Pena,Production,Technician,2023-09-22,Inactive
909,EMP-000919,LOC-0093,Tammy Daugherty,Operations,Analyst,2022-01-08,Active
910,EMP-000920,LOC-0014,Michael Rojas,Production,Manager,2024-02-21,Active
911,EMP-000921,LOC-0027,Cristina Simpson,Production,Technician,2019-07-10,Active
912,EMP-000922,LOC-0018,Jennifer Lynch,Operations,Engineer,2022-08-03,Active
913,EMP-000923,LOC-0022,Dwayne Walsh,Production,Manager,2023-11-12,Active
914,EMP-000924,LOC-0083,Shawn Lopez,Production,Operator,2022-05-08,Inactive
915,EMP-000925,LOC-0062,Jacob Cervantes,Finance,Coordinator,2022-04-07,Active
916,EMP-000926,LOC-0096,Jeffrey Garrison,Operations,Manager,2019-02-12,Active
917,EMP-000927,LOC-0099,Shannon Rivera,Production,Coordinator,2019-12-01,Active
918,EMP-000928,LOC-0002,Amanda Scott,Finance,Manager,2022-12-28,Active
919,EMP-000929,LOC-0047,Maria Mcfarland,Production,Engineer,2020-02-09,Active
920,EMP-000930,LOC-0059,Matthew Lopez,IT,Manager,2024-06-23,Active
921,EMP-000931,LOC-0053,Kristi Gomez,Operations,Specialist,2023-07-05,Active
922,EMP-000932,LOC-0025,Anthony Caldwell,Finance,Coordinator,2025-01-04,Active
923,EMP-000933,LOC-0085,Angelica Higgins,Maintenance,Coordinator,2022-11-05,Active
924,EMP-000934,LOC-0008,Kenneth Mack,Finance,Manager,2025-04-07,Active
925,EMP-000935,LOC-0035,Ruth Bailey,Supply Chain,Coordinator,2022-11-09,Active
926,EMP-000936,LOC-0039,John Atkinson,Human Resources,Analyst,2024-10-03,Active
927,EMP-000937,LOC-0012,Mr. Roberto Clements,Operations,Supervisor,2020-03-27,Active
928,EMP-000938,LOC-0065,Ruben Perkins,Production,Engineer,2020-12-15,Active
929,EMP-000939,LOC-0082,Troy Mitchell,IT,Supervisor,2019-11-26,Active
930,EMP-000940,LOC-0029,Sean Silva,Production,Manager,2022-11-05,Active
931,EMP-000941,LOC-0070,Brian Campbell,Production,Specialist,2022-02-04,Active
932,EMP-000942,LOC-0068,Peter Garrison,Operations,Operator,2022-02-23,Active
933,EMP-000943,LOC-0091,Jennifer Ayers,Operations,Coordinator,2024-08-04,Active
934,EMP-000944,LOC-0011,Eric Richard,Operations,Supervisor,2019-09-05,Active
935,EMP-000945,LOC-0078,Brandon Jimenez,Supply Chain,Specialist,2024-09-13,Inactive
936,EMP-000946,LOC-0010,Ashley Blake,Supply Chain,Analyst,2025-11-03,Active
937,EMP-000947,LOC-0032,Taylor Griffin,Supply Chain,Operator,2023-04-08,Active
938,EMP-000948,LOC-0033,Carrie Johnson,Supply Chain,Engineer,2025-09-08,Active
939,EMP-000949,LOC-0017,Danielle Buchanan,IT,Engineer,2023-03-17,Active
940,EMP-000950,LOC-0089,Dawn Palmer,Operations,Operator,2023-03-18,Active
941,EMP-000951,LOC-0092,Kelsey Gomez,Production,Specialist,2023-09-21,Active
942,EMP-000952,LOC-0074,Mr. Jesse Lopez,Supply Chain,Technician,2023-11-14,Inactive
943,EMP-000953,LOC-0034,Andrea Smith,Supply Chain,Coordinator,2021-07-30,Active
944,EMP-000954,LOC-0001,Andrea Shaffer,Operations,Coordinator,2023-12-27,Active
945,EMP-000955,LOC-0059,Christopher Mcdonald,IT,Technician,2021-05-25,Active
946,EMP-000956,LOC-0078,Grant Holt,Operations,Specialist,2022-03-04,Active
947,EMP-000957,LOC-0062,Samantha Merritt,Production,Manager,2019-04-02,Active
948,EMP-000958,LOC-0017,Lisa Floyd,Sales,Supervisor,2021-04-07,Active
949,EMP-000959,LOC-0047,Timothy Ramos,Production,Coordinator,2025-07-08,Active
950,EMP-000960,LOC-0018,Chelsea Dalton,Operations,Engineer,2025-01-04,Active
951,EMP-000961,LOC-0081,Dawn Torres,Operations,Technician,2025-10-28,Active
952,EMP-000962,LOC-0008,Erik Perez,Supply Chain,Operator,2023-02-08,Active
953,EMP-000963,LOC-0048,Victoria Roach,IT,Specialist,2021-11-06,Inactive
954,EMP-000964,LOC-0070,Christina Garrett,Finance,Manager,2021-09-28,Active
955,EMP-000965,LOC-0094,David Lowery,IT,Supervisor,2024-02-04,Inactive
956,EMP-000966,LOC-0030,James Simmons,Sales,Manager,2019-12-20,Active
957,EMP-000967,LOC-0035,Dylan Fields,Operations,Engineer,2024-03-11,Active
958,EMP-000968,LOC-0064,Crystal Perez,Production,Supervisor,2021-04-05,Active
959,EMP-000969,LOC-0038,Jason Heath,Sales,Engineer,2023-07-09,Active
960,EMP-000970,LOC-0051,Jennifer Smith,Production,Supervisor,2020-04-30,Active
961,EMP-000971,LOC-0035,William Callahan,Operations,Manager,2020-08-15,Active
962,EMP-000972,LOC-0029,Anthony Dawson,Sales,Manager,2021-04-06,Active
963,EMP-000973,LOC-0063,Scott Gonzalez,Human Resources,Engineer,2022-02-21,Inactive
964,EMP-000974,LOC-0079,Sarah Alexander,IT,Specialist,2025-02-23,Active
965,EMP-000975,LOC-0051,Heather Garcia,Finance,Manager,2019-01-25,Active
966,EMP-000976,LOC-0050,Daisy Villanueva,Production,Operator,2024-07-16,Active
967,EMP-000977,LOC-0071,Laura Kim,Maintenance,Operator,2024-07-07,Active
968,EMP-000978,LOC-0077,Michelle Coleman,Finance,Technician,2021-08-05,Active
969,EMP-000979,LOC-0029,Allison Bowman,Supply Chain,Specialist,2025-05-19,Active
970,EMP-000980,LOC-0047,William Graham,Sales,Operator,2022-08-22,Active
971,EMP-000981,LOC-0044,Mrs. Amanda Martinez,Operations,Analyst,2019-07-19,Active
972,EMP-000982,LOC-0044,Christopher Edwards,Supply Chain,Analyst,2021-09-22,Active
973,EMP-000984,LOC-0044,Rachel Torres,Operations,Operator,2022-01-21,Active
974,EMP-000985,LOC-0013,Rose Williams,Production,Manager,2019-07-08,Active
975,EMP-000986,LOC-0008,Teresa Young,Operations,Specialist,2025-03-16,Active
976,EMP-000987,LOC-0006,Theresa Hall,Operations,Supervisor,2023-11-19,Active
977,EMP-000989,LOC-0089,Gerald Joseph,Operations,Operator,2020-01-03,Active
978,EMP-000990,LOC-0009,Christopher Tucker,Sales,Engineer,2020-09-24,Active
979,EMP-000991,LOC-0048,Michael Brown,Maintenance,Engineer,2021-06-21,Inactive
980,EMP-000992,LOC-0099,Monica Watson,Finance,Coordinator,2024-12-03,Inactive
981,EMP-000993,LOC-0027,Veronica Holt,Maintenance,Supervisor,2022-02-16,Active
982,EMP-000994,LOC-0050,Vincent Martinez,Operations,Specialist,2024-03-07,Active
983,EMP-000995,LOC-0061,Emma Carter DDS,Maintenance,Engineer,2020-02-13,Active
984,EMP-000996,LOC-0016,Christina Mcdaniel,Supply Chain,Operator,2025-02-14,Active
985,EMP-000997,LOC-0081,Michael Yang,Sales,Specialist,2019-10-18,Active
986,EMP-000998,LOC-0046,Caroline Barnes,Supply Chain,Engineer,2023-11-14,Active
987,EMP-000999,LOC-0018,Clarence Mitchell,Operations,Supervisor,2019-09-17,Active
988,EMP-001000,LOC-0004,Christopher Smith,Maintenance,Specialist,2023-08-09,Active
989,EMP-001001,LOC-0028,Kimberly Boyd,IT,Analyst,2025-03-17,Active
990,EMP-001002,LOC-0031,Michael Cook,Production,Coordinator,2022-06-30,Active
991,EMP-001003,LOC-0088,John Miller,Sales,Coordinator,2019-12-07,Active
992,EMP-001004,LOC-0092,Kristen Baker,Supply Chain,Specialist,2021-05-12,Active
993,EMP-001005,LOC-0021,Bridget Wilson,Operations,Operator,2020-08-22,Active
994,EMP-001006,LOC-0041,Andrew Conner,Maintenance,Manager,2025-09-18,Active
995,EMP-001007,LOC-0041,Angela Sanchez,Human Resources,Analyst,2019-09-26,Active
996,EMP-001008,LOC-0088,Vincent Hernandez,Maintenance,Engineer,2020-08-04,Active
997,EMP-001009,LOC-0059,Alexis Ellis,Production,Analyst,2025-01-06,Active
998,EMP-001010,LOC-0028,Thomas Evans,Operations,Supervisor,2021-09-30,Active
999,EMP-001011,LOC-0045,Jasmin Edwards,Maintenance,Coordinator,2021-05-31,Active
1000,EMP-001012,LOC-0071,Steven White,Supply Chain,Supervisor,2025-12-04,Active
1001,EMP-001013,LOC-0075,Kristy Mitchell,Production,Technician,2025-07-26,Active
1002,EMP-001014,LOC-0046,Daniel Jordan,Supply Chain,Supervisor,2022-01-01,Active
1003,EMP-001015,LOC-0096,Michael Watts,Finance,Technician,2021-11-11,Active
1004,EMP-001016,LOC-0019,Kristina Nguyen,Human Resources,Technician,2023-06-08,Active
1005,EMP-001017,LOC-0016,Kelsey Bauer,Finance,Technician,2021-07-19,Active
1006,EMP-001018,LOC-0055,Christine Maddox,Production,Engineer,2024-12-05,Active
1007,EMP-001019,LOC-0006,David Walls,Supply Chain,Supervisor,2025-02-03,Active
1008,EMP-001020,LOC-0036,Martin Patel,Operations,Supervisor,2020-01-24,Active
1009,EMP-001021,LOC-0070,Sara Lopez,Human Resources,Supervisor,2019-06-14,Active
1010,EMP-001022,LOC-0082,Kimberly Johnson,Finance,Technician,2019-05-24,Active
1011,EMP-001023,LOC-0011,Angela Mullins,Finance,Technician,2019-09-23,Active
1012,EMP-001024,LOC-0050,Robert Singleton,Maintenance,Engineer,2019-12-22,Active
1013,EMP-001025,LOC-0047,Jeremy Andersen,Maintenance,Analyst,2019-07-21,Active
1014,EMP-001026,LOC-0049,Gregory Klein,Production,Specialist,2025-05-28,Active
1015,EMP-001027,LOC-0094,Matthew Perez,Operations,Analyst,2020-04-01,Active
1016,EMP-001028,LOC-0004,Brian Day,Production,Manager,2024-12-30,Active
1017,EMP-001029,LOC-0061,Dwayne French,Sales,Analyst,2024-12-09,Inactive
1018,EMP-001030,LOC-0059,Richard Johnson,Operations,Coordinator,2021-10-16,Active
1019,EMP-001031,LOC-0043,Robert Winters,Supply Chain,Operator,2021-04-04,Active
1020,EMP-001032,LOC-0070,Emily Ortega,Operations,Specialist,2024-06-14,Active
1021,EMP-001033,LOC-0085,Christina Choi,Operations,Manager,2025-04-09,Active
1022,EMP-001034,LOC-0051,Elizabeth Hobbs,Maintenance,Coordinator,2020-05-08,Active
1023,EMP-001035,LOC-0062,Benjamin Dominguez,Production,Engineer,2023-09-07,Active
1024,EMP-001036,LOC-0049,Anna Hernandez,Maintenance,Analyst,2021-05-31,Active
1025,EMP-001037,LOC-0035,Glenda Robles,Maintenance,Technician,2025-06-21,Active
1026,EMP-001038,LOC-0039,Brenda Chandler,Finance,Analyst,2024-03-14,Active
1027,EMP-001039,LOC-0018,Zachary Espinoza,Operations,Technician,2021-01-13,Active
1028,EMP-001040,LOC-0024,Mark Taylor,Sales,Analyst,2020-12-05,Active
1029,EMP-001041,LOC-0033,Brenda Scott,Operations,Manager,2025-07-10,Active
1030,EMP-001042,LOC-0086,Patrick Oliver,Production,Technician,2020-08-23,Inactive
1031,EMP-001043,LOC-0031,Doris Dunn,Sales,Coordinator,2023-01-23,Active
1032,EMP-001044,LOC-0084,John Parker,Operations,Operator,2024-11-02,Active
1033,EMP-001045,LOC-0012,Kimberly Mckay,IT,Coordinator,2025-08-11,Active
1034,EMP-001046,LOC-0051,Robert Lawrence,Production,Coordinator,2022-05-31,Active
1035,EMP-001047,LOC-0013,Veronica Conrad,IT,Technician,2022-09-22,Active
1036,EMP-001048,LOC-0089,Marcus Brewer,Production,Specialist,2020-03-26,Active
1037,EMP-001049,LOC-0064,Tamara Brady,Supply Chain,Supervisor,2019-06-08,Active
1038,EMP-001050,LOC-0076,Michaela Anderson,Finance,Manager,2019-11-13,Active
1039,EMP-001051,LOC-0010,Kendra Fitzgerald,Finance,Operator,2022-12-20,Active
1040,EMP-001052,LOC-0088,Philip Parrish,Operations,Supervisor,2020-05-27,Active
1041,EMP-001053,LOC-0066,Carla Lawrence,Operations,Specialist,2024-05-04,Active
1042,EMP-001054,LOC-0035,Anthony Adams,Sales,Manager,2021-06-09,Inactive
1043,EMP-001055,LOC-0046,Jacob Gray,Maintenance,Analyst,2024-05-19,Active
1044,EMP-001056,LOC-0017,Dr. Lisa Rhodes,Production,Manager,2021-10-12,Active
1045,EMP-001057,LOC-0057,Shelley Simmons,Operations,Analyst,2022-02-16,Inactive
1046,EMP-001058,LOC-0023,Deborah Young,Operations,Supervisor,2021-07-04,Active
1047,EMP-001059,LOC-0087,Jane Stanley,IT,Coordinator,2020-05-05,Active
1048,EMP-001060,LOC-0080,Bethany Vega,Finance,Engineer,2021-10-14,Inactive
1049,EMP-001061,LOC-0069,Sarah Gonzalez,Maintenance,Operator,2020-03-20,Active
1050,EMP-001062,LOC-0035,Thomas Martinez,Supply Chain,Analyst,2025-02-13,Active
1051,EMP-001063,LOC-0006,Andrew Lee,Operations,Analyst,2022-09-27,Active
1052,EMP-001064,LOC-0095,Brittany Francis,Finance,Manager,2021-09-26,Active
1053,EMP-001065,LOC-0033,Lori Mcfarland,Human Resources,Manager,2020-01-03,Active
1054,EMP-001066,LOC-0100,Madeline Meyers,Supply Chain,Technician,2025-10-18,Active
1055,EMP-001067,LOC-0075,Steven Harding,Finance,Analyst,2019-05-23,Active
1056,EMP-001068,LOC-0068,Anthony Cervantes,Maintenance,Engineer,2025-04-30,Active
1057,EMP-001069,LOC-0041,Randall Miranda MD,Operations,Analyst,2024-05-08,Inactive
1058,EMP-001070,LOC-0100,Briana Johnson,Finance,Coordinator,2025-04-26,Active
1059,EMP-001071,LOC-0005,Craig Powell,Operations,Analyst,2020-09-19,Active
1060,EMP-001072,LOC-0083,John Bennett,Finance,Coordinator,2023-07-15,Active
1061,EMP-001073,LOC-0074,Logan Mccarthy,Human Resources,Manager,2024-07-24,Active
1062,EMP-001074,LOC-0070,Jeffery Mason,Supply Chain,Manager,2020-08-13,Active
1063,EMP-001075,LOC-0008,Christopher Gutierrez,Sales,Technician,2020-09-14,Active
1064,EMP-001076,LOC-0020,Robert Johnston,Operations,Supervisor,2025-10-14,Active
1065,EMP-001077,LOC-0002,Terry Bauer Jr.,Production,Manager,2022-09-13,Active
1066,EMP-001078,LOC-0078,Mrs. Crystal Brock,Finance,Engineer,2023-07-14,Active
1067,EMP-001079,LOC-0040,Karen Peters,Production,Engineer,2020-02-27,Active
1068,EMP-001080,LOC-0036,Sean King,Finance,Technician,2024-04-06,Active
1069,EMP-001081,LOC-0030,Sherry Galvan,Operations,Manager,2019-09-28,Active
1070,EMP-001082,LOC-0092,Jonathan Cunningham,Operations,Technician,2023-06-19,Active
1071,EMP-001083,LOC-0068,Sarah Cain,Finance,Engineer,2020-02-15,Active
1072,EMP-001084,LOC-0100,Cindy Willis,Finance,Operator,2024-05-22,Active
1073,EMP-001085,LOC-0074,Jennifer Lee,Production,Analyst,2019-01-13,Inactive
1074,EMP-001086,LOC-0064,Amy Woods,Finance,Manager,2019-10-25,Active
1075,EMP-001087,LOC-0005,William Strickland,Production,Coordinator,2019-10-17,Active
1076,EMP-001088,LOC-0079,Nicholas Vaughan,Maintenance,Supervisor,2019-01-08,Active
1077,EMP-001089,LOC-0088,Maria Owens,Supply Chain,Coordinator,2020-04-13,Active
1078,EMP-001090,LOC-0066,Linda Roberts,Production,Operator,2025-03-19,Active
1079,EMP-001091,LOC-0095,Stephanie Johnson,Finance,Supervisor,2020-05-09,Active
1080,EMP-001092,LOC-0074,Brandon Campbell,Operations,Manager,2020-02-18,Active
1081,EMP-001093,LOC-0004,Julie Webb,Supply Chain,Coordinator,2020-06-27,Active
1082,EMP-001094,LOC-0054,Richard Lopez,Finance,Operator,2022-11-05,Active
1083,EMP-001095,LOC-0038,John Gonzalez,Maintenance,Technician,2023-05-13,Active
1084,EMP-001096,LOC-0020,Veronica Douglas,Operations,Manager,2024-07-10,Active
1085,EMP-001097,LOC-0017,Keith Wells,Supply Chain,Technician,2025-06-25,Active
1086,EMP-001098,LOC-0074,Christopher Smith,Maintenance,Coordinator,2022-06-22,Active
1087,EMP-001099,LOC-0050,Christopher Williams,Operations,Technician,2021-12-18,Active
1088,EMP-001100,LOC-0088,Cassandra Washington,Operations,Supervisor,2020-11-06,Active
1089,EMP-001101,LOC-0083,Maria Baker,Supply Chain,Coordinator,2024-07-26,Active
1090,EMP-001103,LOC-0024,Amy Jones,IT,Engineer,2024-01-02,Active
1091,EMP-001104,LOC-0100,Veronica Davis,Production,Analyst,2023-12-30,Active
1092,EMP-001105,LOC-0067,Angela Navarro,Supply Chain,Manager,2023-05-01,Active
1093,EMP-001106,LOC-0009,Johnny Gutierrez,Human Resources,Engineer,2019-01-24,Active
1094,EMP-001107,LOC-0093,Terry Krause,Maintenance,Technician,2025-06-17,Active
1095,EMP-001108,LOC-0072,Jacob Long,Operations,Operator,2021-10-01,Active
1096,EMP-001109,LOC-0092,Shawn Robbins,Sales,Supervisor,2023-05-05,Active
1097,EMP-001110,LOC-0009,Brianna Hensley,Operations,Coordinator,2024-04-16,Active
1098,EMP-001111,LOC-0063,Brianna Sullivan,Supply Chain,Technician,2021-10-05,Active
1099,EMP-001112,LOC-0004,Shannon Richards,Sales,Specialist,2020-02-25,Active
1100,EMP-001113,LOC-0058,Briana Myers,IT,Analyst,2021-10-22,Active
1101,EMP-001114,LOC-0018,Megan Perez,Finance,Engineer,2021-07-08,Active
1102,EMP-001115,LOC-0036,Brian Mccullough,Production,Technician,2021-06-14,Active
1103,EMP-001116,LOC-0046,Bryan Jackson,Production,Supervisor,2023-05-19,Active
1104,EMP-001117,LOC-0062,Kristina Hoover,Finance,Specialist,2023-09-15,Active
1105,EMP-001118,LOC-0092,Denise Campbell,Operations,Technician,2020-07-16,Active
1106,EMP-001119,LOC-0078,Ian Jones,Production,Technician,2024-06-21,Active
1107,EMP-001120,LOC-0100,Cameron Malone,IT,Specialist,2021-09-09,Active
1108,EMP-001121,LOC-0010,Sarah Moore,Production,Manager,2020-11-05,Active
1109,EMP-001122,LOC-0059,David Barrett,Supply Chain,Supervisor,2023-10-13,Active
1110,EMP-001123,LOC-0026,Kenneth Powers,Supply Chain,Supervisor,2025-02-13,Active
1111,EMP-001124,LOC-0087,Heather Ryan,Production,Analyst,2025-12-08,Inactive
1112,EMP-001125,LOC-0099,Caitlin Booker,Supply Chain,Specialist,2021-04-29,Active
1113,EMP-001126,LOC-0088,Cathy Patel DDS,Operations,Specialist,2023-12-14,Active
1114,EMP-001127,LOC-0012,Edward Cooper,Supply Chain,Manager,2019-11-17,Active
1115,EMP-001128,LOC-0055,Lindsey Henry,Human Resources,Engineer,2022-12-13,Active
1116,EMP-001129,LOC-0034,Steven Martin,Production,Supervisor,2021-08-17,Active
1117,EMP-001130,LOC-0039,Sarah Dean,Operations,Coordinator,2022-12-12,Active
1118,EMP-001131,LOC-0030,Jessica Larson,Production,Coordinator,2020-09-03,Active
1119,EMP-001132,LOC-0013,Joel Franco,Operations,Supervisor,2021-03-07,Active
1120,EMP-001133,LOC-0006,Gabriel Bryant,Production,Analyst,2023-01-18,Active
1121,EMP-001134,LOC-0037,Manuel Lee,Operations,Coordinator,2023-06-18,Active
1122,EMP-001135,LOC-0018,Aaron Garza,Production,Technician,2021-02-21,Active
1123,EMP-001136,LOC-0014,Benjamin Bell,Production,Analyst,2022-09-23,Active
1124,EMP-001137,LOC-0075,Matthew Peters,Maintenance,Specialist,2021-05-25,Active
1125,EMP-001138,LOC-0086,Jose Johnson,Operations,Supervisor,2024-11-01,Active
1126,EMP-001139,LOC-0035,Deborah Johnson,Sales,Manager,2025-04-05,Active
1127,EMP-001140,LOC-0092,Carol Aguirre,Sales,Operator,2022-07-11,Active
1128,EMP-001141,LOC-0033,Christopher Smith,Finance,Specialist,2022-07-03,Active
1129,EMP-001142,LOC-0002,Rachel Townsend,Production,Coordinator,2025-02-12,Active
1130,EMP-001143,LOC-0037,Whitney Martinez,Human Resources,Analyst,2023-07-07,Active
1131,EMP-001144,LOC-0001,Sarah Simpson,IT,Supervisor,2024-10-18,Active
1132,EMP-001145,LOC-0095,Sean Myers,Finance,Manager,2025-01-24,Active
1133,EMP-001146,LOC-0070,Brandon Sullivan,Human Resources,Technician,2021-10-26,Active
1134,EMP-001147,LOC-0074,Maria Jackson,Maintenance,Operator,2025-11-30,Active
1135,EMP-001148,LOC-0091,Jonathan Chung Jr.,Operations,Engineer,2022-02-22,Inactive
1136,EMP-001149,LOC-0052,Kathryn Stevenson,Sales,Analyst,2022-12-28,Active
1137,EMP-001150,LOC-0004,William Sanchez,Operations,Engineer,2021-04-27,Active
1138,EMP-001151,LOC-0022,Mary Walter,Sales,Specialist,2019-09-12,Active
1139,EMP-001152,LOC-0006,Albert Butler,Production,Analyst,2024-11-11,Active
1140,EMP-001153,LOC-0003,Brittany Hansen DDS,Maintenance,Operator,2024-04-07,Active
1141,EMP-001154,LOC-0036,Mrs. Frances Cox MD,Sales,Engineer,2019-02-14,Active
1142,EMP-001155,LOC-0052,James Diaz,Maintenance,Specialist,2019-12-24,Active
1143,EMP-001156,LOC-0008,Laura Brewer,Supply Chain,Supervisor,2020-11-28,Active
1144,EMP-001157,LOC-0059,Sandra Jones,Operations,Supervisor,2022-08-26,Active
1145,EMP-001158,LOC-0078,Alyssa Parker,Supply Chain,Operator,2025-09-30,Active
1146,EMP-001159,LOC-0006,Shannon Rowe,Finance,Operator,2024-04-24,Active
1147,EMP-001160,LOC-0091,Antonio Ross,Supply Chain,Supervisor,2021-08-10,Active
1148,EMP-001161,LOC-0054,Amber Price,Maintenance,Engineer,2020-08-20,Active
1149,EMP-001162,LOC-0091,Brandon Johns,Supply Chain,Supervisor,2021-08-15,Inactive
1150,EMP-001163,LOC-0091,Justin Trevino,Maintenance,Manager,2020-06-05,Active
1151,EMP-001164,LOC-0041,Elizabeth Thomas,IT,Technician,2024-04-13,Active
1152,EMP-001165,LOC-0085,Edgar Espinoza,Maintenance,Operator,2023-12-24,Active
1153,EMP-001166,LOC-0008,Cathy Petersen,Supply Chain,Specialist,2021-06-24,Active
1154,EMP-001167,LOC-0011,Justin King,Human Resources,Engineer,2019-07-15,Active
1155,EMP-001168,LOC-0015,Veronica Herrera,Operations,Supervisor,2020-10-23,Active
1156,EMP-001169,LOC-0048,Catherine Gonzales,Supply Chain,Technician,2020-06-06,Active
1157,EMP-001170,LOC-0058,Aaron Sanders,Sales,Manager,2023-04-22,Inactive
1158,EMP-001171,LOC-0040,Christopher Reyes,Production,Specialist,2024-12-17,Active
1159,EMP-001172,LOC-0033,Raymond Ross,Supply Chain,Analyst,2022-12-05,Active
1160,EMP-001173,LOC-0091,Melissa White,Human Resources,Coordinator,2024-07-21,Active
1161,EMP-001174,LOC-0080,Brianna Cameron,Supply Chain,Specialist,2023-12-30,Active
1162,EMP-001175,LOC-0055,David Clark,Finance,Analyst,2021-02-01,Active
1163,EMP-001176,LOC-0058,Ryan Wilson,Maintenance,Operator,2023-12-09,Active
1164,EMP-001177,LOC-0016,Jennifer Watts,Operations,Specialist,2021-12-04,Active
1165,EMP-001178,LOC-0057,Kyle Hancock,Operations,Specialist,2025-09-25,Active
1166,EMP-001179,LOC-0089,Brittany Smith,Operations,Specialist,2023-03-17,Active
1167,EMP-001180,LOC-0065,Marvin Soto,Production,Manager,2019-10-31,Active
1168,EMP-001181,LOC-0046,Jennifer Berry MD,Supply Chain,Coordinator,2025-03-28,Active
1169,EMP-001182,LOC-0052,Nancy Solomon,Operations,Technician,2025-01-23,Active
1170,EMP-001183,LOC-0058,Kendra Campbell,Operations,Engineer,2022-09-09,Active
1171,EMP-001184,LOC-0086,Brandon Dillon,IT,Technician,2021-03-12,Active
1172,EMP-001185,LOC-0100,Christopher Ball,IT,Technician,2019-08-06,Active
1173,EMP-001186,LOC-0036,David Golden,Operations,Analyst,2020-05-03,Active
1174,EMP-001187,LOC-0071,Amber Holland,Maintenance,Engineer,2021-10-19,Active
1175,EMP-001188,LOC-0093,April Ross,Human Resources,Operator,2022-07-31,Active
1176,EMP-001189,LOC-0015,Jason Davis,Sales,Analyst,2020-06-23,Active
1177,EMP-001190,LOC-0090,John Andrews,Operations,Analyst,2025-03-26,Active
1178,EMP-001191,LOC-0038,Todd Merritt,Operations,Operator,2023-09-06,Active
1179,EMP-001192,LOC-0053,Mitchell Barnett,Supply Chain,Manager,2025-08-16,Active
1180,EMP-001193,LOC-0096,Timothy Price,Production,Analyst,2024-01-05,Active
1181,EMP-001194,LOC-0008,Brandi Smith,Operations,Supervisor,2022-12-01,Active
1182,EMP-001195,LOC-0005,Jamie Kramer,Operations,Specialist,2022-09-02,Active
1183,EMP-001196,LOC-0071,Lisa Kramer,Production,Supervisor,2020-08-07,Active
1184,EMP-001197,LOC-0086,Patricia Carpenter,Operations,Operator,2025-04-15,Active
1185,EMP-001198,LOC-0030,Sherri Thomas,Finance,Engineer,2020-10-20,Active
1186,EMP-001199,LOC-0061,Christopher Malone,Human Resources,Engineer,2019-09-29,Active
1187,EMP-001200,LOC-0012,Allison Chang,IT,Engineer,2023-06-13,Active
1188,EMP-001201,LOC-0052,Stephanie Koch,Finance,Coordinator,2025-09-03,Active
1189,EMP-001202,LOC-0078,Ian Wilson,Operations,Coordinator,2024-07-01,Active
1190,EMP-001203,LOC-0051,Kimberly Santos,Operations,Coordinator,2021-10-28,Active
1191,EMP-001204,LOC-0053,Kathryn Moran,IT,Analyst,2019-12-24,Active
1192,EMP-001205,LOC-0059,Tyler Silva,Operations,Engineer,2025-09-26,Active
1193,EMP-001206,LOC-0078,Lauren Perez,Production,Engineer,2019-09-04,Active
1194,EMP-001207,LOC-0069,Judy Davidson,Production,Analyst,2022-11-01,Active
1195,EMP-001208,LOC-0077,Miranda Petersen,Operations,Coordinator,2024-06-24,Active
1196,EMP-001209,LOC-0026,Christina Huffman,Operations,Operator,2024-11-23,Active
1197,EMP-001210,LOC-0025,Erin Ward,Operations,Specialist,2020-03-03,Active
1198,EMP-001211,LOC-0057,Tony Watson,Operations,Coordinator,2024-02-29,Active
1199,EMP-001212,LOC-0005,Michael Colon,IT,Technician,2022-12-12,Active
1200,EMP-001213,LOC-0032,Shane Bennett,Operations,Coordinator,2019-09-24,Active
1201,EMP-001214,LOC-0056,William Ortiz,Finance,Coordinator,2019-09-27,Active
1202,EMP-001215,LOC-0078,Richard Rodgers,Sales,Engineer,2024-09-10,Active
1203,EMP-001216,LOC-0029,Shelly Sawyer,Production,Operator,2022-12-24,Active
1204,EMP-001217,LOC-0024,Tanya Thomas,Sales,Analyst,2025-10-22,Active
1205,EMP-001218,LOC-0091,Diane Moses,Operations,Engineer,2023-05-19,Active
1206,EMP-001219,LOC-0093,Melissa Dudley,IT,Supervisor,2025-08-07,Active
1207,EMP-001220,LOC-0035,Emily Scott,Sales,Operator,2024-05-03,Active
1208,EMP-001221,LOC-0088,Jesse Roman,Sales,Manager,2019-01-09,Active
1209,EMP-001222,LOC-0097,Kathryn Burnett,Operations,Coordinator,2023-10-23,Active
1210,EMP-001223,LOC-0082,Jessica Schmidt,Sales,Supervisor,2021-08-12,Active
1211,EMP-001224,LOC-0023,Brian Ramirez,Supply Chain,Coordinator,2022-12-29,Active
1212,EMP-001225,LOC-0053,Lisa Thomas,Human Resources,Manager,2019-03-26,Active
1213,EMP-001226,LOC-0013,Jennifer Davis,Supply Chain,Engineer,2025-12-14,Active
1214,EMP-001227,LOC-0035,Christopher Conway,IT,Coordinator,2024-08-28,Active
1215,EMP-001228,LOC-0023,Sarah Jordan,Production,Manager,2019-12-23,Active
1216,EMP-001229,LOC-0041,Robert Acosta,Operations,Engineer,2025-06-19,Active
1217,EMP-001230,LOC-0096,Danielle Bell,Production,Technician,2021-07-25,Active
1218,EMP-001231,LOC-0021,Robert Collins,Maintenance,Manager,2022-04-13,Active
1219,EMP-001232,LOC-0012,Kathy Adams,Sales,Supervisor,2019-05-16,Active
1220,EMP-001233,LOC-0016,Colleen May,Finance,Engineer,2023-07-06,Active
1221,EMP-001234,LOC-0090,Christina Miller,IT,Engineer,2025-09-30,Inactive
1222,EMP-001235,LOC-0001,Norma Blake,Operations,Analyst,2024-06-21,Active
1223,EMP-001236,LOC-0001,David Ellis,Production,Manager,2023-06-12,Active
1224,EMP-001237,LOC-0031,Kelly Allen,Human Resources,Specialist,2024-05-07,Active
1225,EMP-001238,LOC-0027,Jennifer Harmon,IT,Technician,2025-03-14,Active
1226,EMP-001239,LOC-0077,Nicole Chambers,Operations,Engineer,2021-07-14,Active
1227,EMP-001240,LOC-0021,Rachel Lowe,Production,Technician,2020-06-23,Active
1228,EMP-001241,LOC-0049,Gloria Rasmussen,Production,Coordinator,2019-09-10,Active
1229,EMP-001242,LOC-0084,Kevin Maldonado,Production,Supervisor,2019-01-29,Active
1230,EMP-001243,LOC-0025,Megan Roberts,Production,Supervisor,2021-03-16,Active
1231,EMP-001244,LOC-0049,Kirsten Morris,Operations,Supervisor,2021-06-12,Active
1232,EMP-001245,LOC-0092,Jonathan Wilson,Human Resources,Technician,2019-03-15,Active
1233,EMP-001246,LOC-0075,Clayton Sullivan,Maintenance,Supervisor,2020-05-12,Active
1234,EMP-001247,LOC-0051,Wayne Donaldson,Supply Chain,Operator,2020-01-11,Active
1235,EMP-001248,LOC-0052,Cynthia Blair,Finance,Supervisor,2022-11-22,Active
1236,EMP-001249,LOC-0034,Mr. Stephen Mcdaniel,Production,Engineer,2024-09-22,Inactive
1237,EMP-001250,LOC-0069,Anthony Bowen,Maintenance,Coordinator,2022-04-11,Active
1238,EMP-001251,LOC-0013,Donald Baker,Operations,Engineer,2024-01-22,Active
1239,EMP-001252,LOC-0014,Janice Miller,Sales,Technician,2019-11-11,Active
1240,EMP-001253,LOC-0058,Meghan Cruz,Operations,Coordinator,2024-01-18,Active
1241,EMP-001254,LOC-0042,Cameron Campbell,Supply Chain,Coordinator,2023-04-02,Active
1242,EMP-001255,LOC-0033,Adrian Smith,Production,Manager,2020-01-30,Active
1243,EMP-001256,LOC-0026,Sylvia Bond,Production,Operator,2024-09-28,Active
1244,EMP-001257,LOC-0100,Helen Rodgers,Maintenance,Manager,2025-06-30,Active
1245,EMP-001258,LOC-0002,Brian Craig,Supply Chain,Supervisor,2023-01-28,Inactive
1246,EMP-001259,LOC-0049,Brooke Marquez,Operations,Technician,2019-12-19,Active
1247,EMP-001260,LOC-0080,Dawn Bean,Maintenance,Manager,2023-04-09,Active
1248,EMP-001261,LOC-0035,Charles Gaines,Production,Specialist,2022-07-17,Active
1249,EMP-001262,LOC-0019,Trevor Sutton,Operations,Specialist,2019-10-02,Active
1250,EMP-001263,LOC-0092,Angela Elliott,IT,Specialist,2025-11-08,Active
1251,EMP-001264,LOC-0075,Kara Martinez,Human Resources,Coordinator,2020-11-23,Active
1252,EMP-001265,LOC-0010,Christian Taylor,IT,Coordinator,2022-03-18,Active
1253,EMP-001266,LOC-0066,Jennifer Williams DDS,Production,Supervisor,2025-06-04,Active
1254,EMP-001267,LOC-0009,Kevin Leon,Sales,Supervisor,2024-06-15,Active
1255,EMP-001268,LOC-0081,Anthony Lambert,Maintenance,Coordinator,2024-04-24,Active
1256,EMP-001269,LOC-0097,Thomas Smith,Maintenance,Operator,2022-09-17,Active
1257,EMP-001270,LOC-0072,Mary Price,IT,Coordinator,2025-02-14,Active
1258,EMP-001271,LOC-0048,Jason Hunt,Supply Chain,Analyst,2019-03-06,Active
1259,EMP-001272,LOC-0038,Scott Lopez Jr.,Human Resources,Specialist,2023-05-01,Inactive
1260,EMP-001273,LOC-0007,Cory Bauer,Finance,Specialist,2024-09-06,Active
1261,EMP-001274,LOC-0052,Roy Jimenez,Maintenance,Analyst,2025-03-03,Active
1262,EMP-001275,LOC-0067,Bonnie Montoya,IT,Supervisor,2024-07-02,Active
1263,EMP-001276,LOC-0062,Emily Stewart,Supply Chain,Technician,2024-03-11,Active
1264,EMP-001277,LOC-0080,Justin Villanueva,IT,Supervisor,2020-02-25,Active
1265,EMP-001278,LOC-0016,Patrick Lee,Operations,Manager,2019-06-27,Active
1266,EMP-001279,LOC-0056,Karen Deleon,Operations,Analyst,2025-08-19,Active
1267,EMP-001280,LOC-0046,Amanda Hart,Operations,Analyst,2024-09-02,Active
1268,EMP-001281,LOC-0028,Christopher Perkins,Production,Manager,2022-06-15,Active
1269,EMP-001282,LOC-0032,Katherine Dyer,Supply Chain,Operator,2021-06-12,Active
1270,EMP-001283,LOC-0008,Stephanie Meadows,IT,Engineer,2022-12-20,Active
1271,EMP-001284,LOC-0027,James Gilbert,Supply Chain,Specialist,2022-12-10,Active
1272,EMP-001285,LOC-0011,Tamara Wilkinson,Human Resources,Technician,2024-02-17,Inactive
1273,EMP-001286,LOC-0076,Jacob Sanchez,Operations,Engineer,2020-08-14,Active
1274,EMP-001287,LOC-0086,Faith Craig,Production,Technician,2021-04-20,Active
1275,EMP-001288,LOC-0093,Paula Smith,Operations,Technician,2020-11-28,Active
1276,EMP-001289,LOC-0089,Amy Ingram,Finance,Technician,2021-06-25,Active
1277,EMP-001290,LOC-0055,Isaac Abbott,IT,Supervisor,2019-07-29,Active
1278,EMP-001291,LOC-0023,Heidi Allen,Finance,Supervisor,2020-05-19,Active
1279,EMP-001292,LOC-0018,John Cooper,IT,Operator,2020-11-30,Active
1280,EMP-001293,LOC-0095,Jeanne Ramirez,Sales,Technician,2019-08-01,Active
1281,EMP-001294,LOC-0090,Andrea Foster,Operations,Analyst,2023-01-13,Active
1282,EMP-001295,LOC-0051,Lauren Fischer,Supply Chain,Supervisor,2022-11-26,Active
1283,EMP-001296,LOC-0001,Christian Gonzales,Operations,Supervisor,2019-09-15,Inactive
1284,EMP-001297,LOC-0002,Christopher Martin,Sales,Engineer,2021-08-31,Active
1285,EMP-001298,LOC-0005,Emily Woods,Sales,Technician,2021-05-31,Active
1286,EMP-001299,LOC-0097,Tony Aguilar,Operations,Supervisor,2025-07-17,Active
1287,EMP-001300,LOC-0050,Ralph Smith,Operations,Analyst,2022-03-10,Active
1288,EMP-001302,LOC-0092,Lisa Black MD,Production,Technician,2020-10-20,Active
1289,EMP-001303,LOC-0016,Dr. Douglas Sullivan DVM,Human Resources,Technician,2023-03-11,Active
1290,EMP-001304,LOC-0020,Craig Navarro,Production,Supervisor,2023-08-24,Active
1291,EMP-001305,LOC-0066,Joel Sanchez,Operations,Engineer,2020-09-08,Active
1292,EMP-001306,LOC-0010,Nicholas Rios,Operations,Technician,2022-03-14,Active
1293,EMP-001307,LOC-0030,Kevin Spencer,Operations,Coordinator,2025-06-06,Active
1294,EMP-001308,LOC-0060,Whitney Rodriguez,Operations,Technician,2024-09-28,Active
1295,EMP-001309,LOC-0028,Heather Clark,Sales,Analyst,2019-06-29,Active
1296,EMP-001310,LOC-0024,Jack Atkinson,Supply Chain,Specialist,2025-10-07,Active
1297,EMP-001311,LOC-0037,Mrs. Amber Barrett,Production,Coordinator,2021-10-31,Inactive
1298,EMP-001312,LOC-0085,Donald Lopez,IT,Operator,2025-09-04,Inactive
1299,EMP-001313,LOC-0013,Angela Spears,IT,Manager,2021-10-21,Active
1300,EMP-001314,LOC-0078,Sydney Ellis,Operations,Technician,2024-10-13,Active
1301,EMP-001315,LOC-0098,Kelly Cook,Operations,Analyst,2023-11-01,Active
1302,EMP-001316,LOC-0049,Traci Hensley,Production,Supervisor,2022-03-12,Active
1303,EMP-001317,LOC-0057,Philip Bryant,Production,Analyst,2023-10-24,Active
1304,EMP-001318,LOC-0023,Shane Smith,Production,Manager,2023-09-28,Inactive
1305,EMP-001319,LOC-0082,Savannah Clark,Operations,Manager,2021-06-03,Active
1306,EMP-001320,LOC-0021,Shirley Patterson,Maintenance,Coordinator,2023-01-13,Active
1307,EMP-001321,LOC-0030,Joseph Thompson,Operations,Specialist,2023-08-10,Active
1308,EMP-001322,LOC-0079,Gregory Carlson,Production,Technician,2025-12-24,Active
1309,EMP-001323,LOC-0057,Matthew Jackson,Human Resources,Analyst,2021-06-28,Active
1310,EMP-001324,LOC-0063,James Jenkins,Sales,Specialist,2020-03-17,Active
1311,EMP-001325,LOC-0092,George Stein Jr.,Production,Technician,2025-02-18,Active
1312,EMP-001326,LOC-0025,Michael Wilson,IT,Operator,2023-07-07,Active
1313,EMP-001327,LOC-0075,Kristy Mathews,Production,Coordinator,2022-07-27,Active
1314,EMP-001328,LOC-0064,Andres Campbell,IT,Operator,2023-05-05,Active
1315,EMP-001329,LOC-0062,William Davis,IT,Engineer,2022-10-07,Active
1316,EMP-001330,LOC-0074,James Hayden,IT,Coordinator,2024-03-20,Active
1317,EMP-001331,LOC-0078,Sheila Owen,Operations,Manager,2020-12-04,Active
1318,EMP-001332,LOC-0041,Tracy Williams,Operations,Coordinator,2019-11-04,Active
1319,EMP-001333,LOC-0006,Ian Avery,Production,Supervisor,2024-08-10,Active
1320,EMP-001334,LOC-0073,Jonathan Leblanc,Production,Coordinator,2020-01-11,Inactive
1321,EMP-001335,LOC-0087,Kari Peterson,Human Resources,Technician,2020-02-15,Active
1322,EMP-001336,LOC-0035,Daisy Hill,Maintenance,Analyst,2025-05-20,Active
1323,EMP-001337,LOC-0034,Michael Lane,Supply Chain,Analyst,2023-12-17,Active
1324,EMP-001338,LOC-0035,Mr. Jerry Munoz,Operations,Analyst,2021-07-22,Active
1325,EMP-001339,LOC-0055,James Davis,Operations,Coordinator,2020-05-23,Active
1326,EMP-001340,LOC-0054,Anna Williams,IT,Supervisor,2024-12-08,Active
1327,EMP-001341,LOC-0046,Laura Fritz,Finance,Analyst,2021-08-05,Active
1328,EMP-001342,LOC-0085,Aaron Stewart,Finance,Coordinator,2020-06-24,Active
1329,EMP-001343,LOC-0006,David Ashley,Operations,Manager,2024-04-29,Inactive
1330,EMP-001344,LOC-0003,Dennis Palmer,Operations,Coordinator,2019-05-29,Active
1331,EMP-001345,LOC-0074,Mrs. Amy Macdonald,Finance,Analyst,2024-09-07,Active
1332,EMP-001346,LOC-0090,Sara Mcintosh,Operations,Technician,2021-10-18,Active
1333,EMP-001347,LOC-0006,Johnny Lambert,IT,Coordinator,2020-04-19,Active
1334,EMP-001348,LOC-0060,Stephanie Edwards,Production,Engineer,2020-01-10,Inactive
1335,EMP-001349,LOC-0093,Zachary Johnson,Human Resources,Manager,2021-03-16,Active
1336,EMP-001350,LOC-0085,Cynthia Rivas,Production,Manager,2025-10-15,Active
1337,EMP-001351,LOC-0091,Jordan Cunningham,Maintenance,Manager,2020-10-13,Active
1338,EMP-001352,LOC-0083,Teresa Smith,Finance,Coordinator,2021-04-27,Active
1339,EMP-001353,LOC-0010,Michael Johnson,Production,Coordinator,2021-10-21,Active
1340,EMP-001354,LOC-0065,Kenneth Santiago,Finance,Coordinator,2022-02-03,Active
1341,EMP-001355,LOC-0025,Robert Mcconnell,Sales,Manager,2024-12-03,Active
1342,EMP-001356,LOC-0062,Dalton Clark,Finance,Analyst,2024-02-08,Active
1343,EMP-001357,LOC-0015,Andrew Sullivan,Sales,Coordinator,2019-11-09,Active
1344,EMP-001358,LOC-0049,Joseph Jackson,Operations,Coordinator,2020-10-27,Active
1345,EMP-001359,LOC-0089,Keith Smith,Supply Chain,Engineer,2023-07-24,Active
1346,EMP-001360,LOC-0039,Joshua Stevens,Operations,Coordinator,2019-10-03,Active
1347,EMP-001361,LOC-0099,Kathryn Hurley,Operations,Technician,2024-12-28,Active
1348,EMP-001362,LOC-0085,Lindsay Cox,IT,Technician,2022-05-18,Active
1349,EMP-001363,LOC-0008,Brandi Burch,Production,Coordinator,2021-02-25,Inactive
1350,EMP-001364,LOC-0030,Julia Campbell,Operations,Technician,2023-04-18,Active
1351,EMP-001365,LOC-0019,Kristi Wagner,Supply Chain,Supervisor,2023-11-04,Active
1352,EMP-001366,LOC-0088,Tracy Mason,Supply Chain,Technician,2019-08-27,Active
1353,EMP-001367,LOC-0094,Aaron Simpson,Supply Chain,Engineer,2025-11-17,Active
1354,EMP-001368,LOC-0061,Eric Adkins,Production,Engineer,2022-03-09,Active
1355,EMP-001369,LOC-0060,Dr. Robert Harris DVM,Supply Chain,Coordinator,2020-12-06,Active
1356,EMP-001371,LOC-0040,Cesar Rasmussen,Operations,Engineer,2024-11-23,Active
1357,EMP-001372,LOC-0025,Amanda Allen,Maintenance,Analyst,2022-02-17,Active
1358,EMP-001373,LOC-0073,Christopher Cortez,Supply Chain,Operator,2019-06-07,Active
1359,EMP-001374,LOC-0077,Jake Bird,Production,Coordinator,2021-03-28,Inactive
1360,EMP-001375,LOC-0052,Edward Foster,Human Resources,Coordinator,2021-11-16,Active
1361,EMP-001376,LOC-0007,Dennis Hansen,Finance,Engineer,2019-05-18,Active
1362,EMP-001377,LOC-0082,Charles Anderson,Operations,Coordinator,2023-12-22,Active
1363,EMP-001378,LOC-0009,Andre Gonzalez,Operations,Technician,2022-03-21,Active
1364,EMP-001379,LOC-0003,Rhonda Cooper,Maintenance,Analyst,2019-06-05,Active
1365,EMP-001380,LOC-0018,Victoria Lane,Operations,Engineer,2019-08-04,Active
1366,EMP-001381,LOC-0047,Michelle Horn,Production,Engineer,2023-09-30,Active
1367,EMP-001382,LOC-0098,David Conley,Maintenance,Supervisor,2020-12-11,Active
1368,EMP-001383,LOC-0060,Jose Mcdaniel,Maintenance,Manager,2021-03-28,Active
1369,EMP-001384,LOC-0035,Mary Smith,Operations,Technician,2019-11-26,Active
1370,EMP-001385,LOC-0054,Joshua Coleman,Operations,Operator,2019-05-18,Active
1371,EMP-001386,LOC-0014,Jason Novak,Maintenance,Specialist,2019-03-18,Inactive
1372,EMP-001387,LOC-0006,Jordan Vaughn,Production,Analyst,2025-10-22,Active
1373,EMP-001388,LOC-0015,Cindy Coleman,Supply Chain,Supervisor,2020-02-18,Active
1374,EMP-001389,LOC-0002,Yolanda Nolan,Production,Analyst,2022-06-19,Active
1375,EMP-001390,LOC-0047,Linda Ferguson,Supply Chain,Analyst,2025-08-30,Active
1376,EMP-001391,LOC-0012,Curtis Cabrera,Sales,Manager,2019-11-22,Active
1377,EMP-001392,LOC-0042,Erica Lawrence,Operations,Technician,2019-03-08,Active
1378,EMP-001393,LOC-0031,Christopher Rogers,Human Resources,Operator,2023-08-26,Inactive
1379,EMP-001394,LOC-0040,David Marquez,Finance,Analyst,2025-08-10,Inactive
1380,EMP-001395,LOC-0097,Brenda Bender,Operations,Specialist,2022-06-24,Active
1381,EMP-001396,LOC-0096,Christopher Smith,Finance,Engineer,2021-06-22,Active
1382,EMP-001397,LOC-0023,Mrs. Deanna Atkins,Operations,Operator,2020-10-01,Active
1383,EMP-001399,LOC-0032,Nicholas George,Maintenance,Operator,2025-07-23,Active
1384,EMP-001400,LOC-0049,Kurt Mitchell,IT,Specialist,2020-04-09,Active
1385,EMP-001401,LOC-0044,Lisa Warren,Operations,Supervisor,2019-05-18,Active
1386,EMP-001402,LOC-0094,Grant Day,Operations,Manager,2020-09-01,Inactive
1387,EMP-001403,LOC-0009,Jared Washington,Finance,Supervisor,2024-05-26,Active
1388,EMP-001404,LOC-0071,Erin Mitchell,Supply Chain,Specialist,2022-03-15,Active
1389,EMP-001405,LOC-0054,Gregory Harris,Production,Engineer,2022-08-04,Active
1390,EMP-001406,LOC-0100,Sarah Bender,IT,Manager,2020-04-25,Inactive
1391,EMP-001407,LOC-0084,James Owens,Production,Coordinator,2023-03-22,Active
1392,EMP-001408,LOC-0042,Jessica Wood,IT,Coordinator,2022-05-05,Active
1393,EMP-001409,LOC-0092,Miss Karen Barnes,Supply Chain,Supervisor,2020-10-27,Active
1394,EMP-001410,LOC-0032,Mark Griffin Jr.,Operations,Manager,2020-07-08,Active
1395,EMP-001411,LOC-0030,Scott Nunez,Human Resources,Specialist,2025-08-07,Active
1396,EMP-001412,LOC-0027,Tiffany Moreno,Maintenance,Engineer,2024-09-23,Active
1397,EMP-001413,LOC-0019,Vanessa Floyd,Supply Chain,Engineer,2022-08-28,Active
1398,EMP-001414,LOC-0077,Patricia Brooks,Finance,Technician,2025-08-03,Inactive
1399,EMP-001415,LOC-0055,Jody Stanley,Operations,Specialist,2020-06-12,Active
1400,EMP-001416,LOC-0027,Shawn Foster,Supply Chain,Specialist,2025-08-03,Active
1401,EMP-001417,LOC-0006,Rhonda Cooper,Supply Chain,Manager,2021-09-06,Active
1402,EMP-001418,LOC-0077,Ashley Wilson,Finance,Coordinator,2023-01-02,Active
1403,EMP-001419,LOC-0042,Gary Waller,Production,Engineer,2023-10-04,Active
1404,EMP-001420,LOC-0066,Kyle Myers,Sales,Analyst,2023-12-12,Active
1405,EMP-001421,LOC-0009,Stacy Gordon,IT,Engineer,2023-04-01,Active
1406,EMP-001422,LOC-0048,Carl White,IT,Manager,2019-08-22,Active
1407,EMP-001423,LOC-0041,Mr. Anthony Whitaker MD,Operations,Manager,2024-11-04,Inactive
1408,EMP-001424,LOC-0023,Vickie Moore,Human Resources,Manager,2022-09-19,Active
1409,EMP-001425,LOC-0048,Carrie Christian,Maintenance,Engineer,2022-02-13,Active
1410,EMP-001426,LOC-0042,Tamara Miller,Human Resources,Manager,2020-03-01,Active
1411,EMP-001427,LOC-0091,Tyler Robinson,Supply Chain,Specialist,2023-11-28,Active
1412,EMP-001428,LOC-0097,Edward Contreras,Production,Technician,2024-02-21,Active
1413,EMP-001429,LOC-0045,Kevin Robinson,Maintenance,Coordinator,2024-06-04,Active
1414,EMP-001430,LOC-0036,Lori Villanueva,Operations,Manager,2024-08-20,Active
1415,EMP-001431,LOC-0066,Kyle Jones,Finance,Specialist,2022-10-22,Active
1416,EMP-001432,LOC-0006,Heather Wilson,Supply Chain,Specialist,2021-02-17,Active
1417,EMP-001433,LOC-0023,Heather Miller,Production,Technician,2021-09-28,Active
1418,EMP-001434,LOC-0063,Olivia Mendez,Production,Operator,2025-11-30,Active
1419,EMP-001435,LOC-0021,Jennifer Mendez,Finance,Operator,2021-09-05,Active
1420,EMP-001436,LOC-0050,Patricia Stephens,Human Resources,Coordinator,2024-05-24,Active
1421,EMP-001437,LOC-0018,Anita Martin,Operations,Operator,2020-07-29,Active
1422,EMP-001438,LOC-0023,Aaron Hernandez MD,Sales,Operator,2021-06-30,Active
1423,EMP-001439,LOC-0013,Matthew Harrison,Production,Engineer,2022-06-12,Active
1424,EMP-001440,LOC-0045,Angela Hartman,Finance,Operator,2024-11-20,Active
1425,EMP-001441,LOC-0031,Kyle Miller,Operations,Manager,2022-01-19,Active
1426,EMP-001442,LOC-0074,Linda Stewart,Supply Chain,Coordinator,2020-08-05,Active
1427,EMP-001443,LOC-0022,Jennifer Thompson,IT,Engineer,2023-03-22,Active
1428,EMP-001445,LOC-0044,Mr. Nicholas Reynolds,Human Resources,Coordinator,2024-10-11,Active
1429,EMP-001446,LOC-0016,Brian Ballard,Production,Specialist,2024-04-16,Active
1430,EMP-001447,LOC-0072,Chad Cole,Production,Specialist,2019-08-24,Active
1431,EMP-001448,LOC-0082,Susan Smith,Production,Operator,2023-11-02,Active
1432,EMP-001449,LOC-0058,Ashley Davis,Production,Technician,2024-02-03,Active
1433,EMP-001450,LOC-0097,Jennifer Marshall,Operations,Operator,2022-05-13,Active
1434,EMP-001451,LOC-0072,Stephanie Duke,Sales,Operator,2020-03-05,Active
1435,EMP-001452,LOC-0037,Sandra Carson,Sales,Specialist,2024-07-29,Active
1436,EMP-001453,LOC-0061,Richard Rodriguez,IT,Coordinator,2023-10-10,Active
1437,EMP-001454,LOC-0056,Timothy Briggs,Operations,Coordinator,2024-07-03,Active
1438,EMP-001455,LOC-0076,Mrs. Margaret Fletcher MD,Human Resources,Specialist,2024-01-05,Active
1439,EMP-001456,LOC-0003,Frank Hubbard,Operations,Engineer,2020-09-13,Active
1440,EMP-001457,LOC-0007,Allison Sanders,IT,Supervisor,2024-12-21,Active
1441,EMP-001458,LOC-0054,Matthew Powell,IT,Analyst,2023-01-17,Active
1442,EMP-001459,LOC-0024,Russell Hampton,IT,Supervisor,2025-07-09,Active
1443,EMP-001460,LOC-0001,Haley Sharp,Production,Manager,2022-12-10,Active
1444,EMP-001461,LOC-0046,Laura Anderson,Finance,Analyst,2022-03-21,Active
1445,EMP-001462,LOC-0019,Aaron Horn,Maintenance,Supervisor,2025-04-03,Active
1446,EMP-001463,LOC-0074,Abigail Hanson,Production,Manager,2023-10-25,Inactive
1447,EMP-001464,LOC-0003,Tracy Lambert,Maintenance,Analyst,2025-04-14,Active
1448,EMP-001465,LOC-0086,Brianna Garcia,Production,Operator,2023-12-19,Active
1449,EMP-001466,LOC-0009,Erik Garcia,Maintenance,Technician,2020-06-02,Active
1450,EMP-001467,LOC-0015,Jane Gregory,Maintenance,Manager,2019-12-09,Active
1451,EMP-001468,LOC-0008,Malik Ford,IT,Supervisor,2025-04-18,Active
1452,EMP-001469,LOC-0088,Wayne Blankenship,Supply Chain,Analyst,2024-06-25,Active
1453,EMP-001470,LOC-0022,Gregory Carter,Operations,Manager,2024-01-21,Active
1454,EMP-001471,LOC-0016,Anthony Blevins,Operations,Manager,2024-08-04,Active
1455,EMP-001472,LOC-0082,Kelly Snyder MD,Maintenance,Engineer,2023-09-06,Active
1456,EMP-001473,LOC-0020,Christopher Smith,Operations,Manager,2023-12-04,Active
1457,EMP-001474,LOC-0024,Lori Fernandez,Finance,Operator,2025-07-04,Active
1458,EMP-001475,LOC-0017,Arthur Lloyd,Operations,Technician,2024-02-24,Active
1459,EMP-001476,LOC-0018,Thomas Mercer,Human Resources,Supervisor,2023-08-30,Active
1460,EMP-001477,LOC-0073,Nancy Thomas,Supply Chain,Engineer,2025-02-12,Active
1461,EMP-001478,LOC-0050,Leslie Waller,Supply Chain,Operator,2020-04-04,Active
1462,EMP-001479,LOC-0090,Daniel Holland,IT,Coordinator,2021-06-29,Active
1463,EMP-001480,LOC-0022,Donna Washington,Operations,Technician,2021-07-17,Active
1464,EMP-001481,LOC-0051,Jennifer Lewis,IT,Coordinator,2023-07-04,Active
1465,EMP-001482,LOC-0035,Megan West,Operations,Engineer,2021-07-16,Active
1466,EMP-001483,LOC-0007,Carlos Smith,Operations,Coordinator,2022-01-27,Active
1467,EMP-001484,LOC-0034,Steven Sullivan,Production,Coordinator,2025-05-28,Active
1468,EMP-001485,LOC-0073,Tonya Watson,Human Resources,Operator,2023-05-24,Active
1469,EMP-001486,LOC-0046,John Wallace,Operations,Supervisor,2022-10-08,Active
1470,EMP-001487,LOC-0093,Edward Warren,Maintenance,Engineer,2021-04-15,Active
1471,EMP-001488,LOC-0026,Michelle Ramirez,Sales,Supervisor,2020-02-28,Active
1472,EMP-001489,LOC-0080,Shannon Hayden,Supply Chain,Specialist,2023-06-07,Inactive
1473,EMP-001490,LOC-0047,Jonathan Young,Finance,Engineer,2020-03-23,Active
1474,EMP-001491,LOC-0084,Kelsey Stafford,Production,Coordinator,2019-08-19,Active
1475,EMP-001492,LOC-0009,Benjamin King,Finance,Operator,2022-04-19,Active
1476,EMP-001493,LOC-0035,Austin Hernandez,IT,Operator,2022-11-17,Active
1477,EMP-001494,LOC-0011,Jessica Carrillo,Production,Analyst,2019-05-25,Active
1478,EMP-001495,LOC-0044,David Williams,Production,Operator,2024-04-22,Active
1479,EMP-001496,LOC-0069,Heather Lowe,Supply Chain,Supervisor,2024-03-03,Active
1480,EMP-001497,LOC-0072,William Gray,Operations,Technician,2022-12-07,Active
1481,EMP-001498,LOC-0070,Larry Harris,Production,Coordinator,2019-03-24,Active
1482,EMP-001499,LOC-0063,Debra Allen,Maintenance,Specialist,2021-05-17,Active
1483,EMP-001500,LOC-0053,Jerry Robertson,Human Resources,Technician,2025-03-16,Active
1484,EMP-001501,LOC-0008,Michael Young,Maintenance,Analyst,2021-07-03,Active
1485,EMP-001502,LOC-0005,Kimberly Miller,Production,Engineer,2022-09-24,Active
1486,EMP-001503,LOC-0047,Marvin Estrada,Operations,Technician,2023-09-04,Active
1487,EMP-001504,LOC-0057,Jesse Burns,Operations,Specialist,2020-07-18,Active
1488,EMP-001505,LOC-0038,Kimberly Liu,Supply Chain,Manager,2023-08-10,Active
1489,EMP-001506,LOC-0020,Kim Estrada,Operations,Specialist,2021-10-28,Active
1490,EMP-001507,LOC-0027,Veronica Winters,Finance,Specialist,2025-01-26,Active
1491,EMP-001508,LOC-0072,Ms. Tammy Morris DDS,Finance,Engineer,2019-04-23,Active
1492,EMP-001509,LOC-0049,Stephanie Shea,Operations,Technician,2025-06-17,Inactive
1493,EMP-001510,LOC-0098,Brandon Anderson,Supply Chain,Coordinator,2025-06-29,Active
1494,EMP-001511,LOC-0031,James Thomas,Operations,Operator,2025-06-28,Active
1495,EMP-001512,LOC-0020,Megan Stone MD,Production,Specialist,2020-08-01,Active
1496,EMP-001513,LOC-0042,Kimberly Jimenez,Human Resources,Operator,2019-06-25,Active
1497,EMP-001514,LOC-0007,Jeffery White,Production,Specialist,2023-06-07,Active
1498,EMP-001515,LOC-0026,David Green,Human Resources,Operator,2022-01-14,Active
1499,EMP-001516,LOC-0074,Thomas Tucker,IT,Manager,2024-06-19,Active
1500,EMP-001517,LOC-0053,Richard Reed,Production,Supervisor,2021-12-07,Active
1501,EMP-001518,LOC-0015,Brian Kirk,Operations,Engineer,2023-03-06,Active
1502,EMP-001519,LOC-0097,Christopher Smith,IT,Technician,2021-09-06,Active
1503,EMP-001520,LOC-0087,Henry Potter,IT,Coordinator,2025-07-17,Active
1504,EMP-001521,LOC-0047,Taylor Conrad,Sales,Analyst,2024-08-07,Active
1505,EMP-001522,LOC-0088,Catherine Burgess,Production,Coordinator,2024-11-11,Active
1506,EMP-001523,LOC-0024,Jeanette Adams,IT,Analyst,2023-08-12,Active
1507,EMP-001524,LOC-0069,Sara Hines,IT,Coordinator,2021-10-10,Active
1508,EMP-001525,LOC-0039,Walter Hughes,IT,Manager,2024-03-13,Active
1509,EMP-001526,LOC-0025,Frank Murphy,Operations,Manager,2025-01-22,Active
1510,EMP-001527,LOC-0096,Kathy Jefferson DVM,Production,Specialist,2024-05-21,Active
1511,EMP-001528,LOC-0071,Aaron Pace,Finance,Analyst,2022-05-21,Active
1512,EMP-001529,LOC-0098,Lauren Young,Production,Specialist,2023-10-20,Active
1513,EMP-001530,LOC-0072,Kevin Newman,Supply Chain,Supervisor,2025-11-30,Active
1514,EMP-001531,LOC-0056,Cindy Reilly,Operations,Technician,2022-03-21,Active
1515,EMP-001532,LOC-0044,Kristin Padilla,Operations,Engineer,2025-09-10,Active
1516,EMP-001533,LOC-0094,Scott Suarez,IT,Specialist,2024-04-16,Active
1517,EMP-001534,LOC-0070,Samuel Cuevas,Maintenance,Technician,2019-12-26,Active
1518,EMP-001535,LOC-0077,Jeffrey Boyer,Operations,Analyst,2019-10-14,Active
1519,EMP-001536,LOC-0078,David Case,Operations,Coordinator,2022-07-02,Inactive
1520,EMP-001537,LOC-0082,Tammy Moore,Finance,Technician,2020-12-01,Active
1521,EMP-001538,LOC-0013,Dorothy Haley,Maintenance,Specialist,2019-07-06,Active
1522,EMP-001539,LOC-0091,Virginia Jones,Operations,Operator,2019-07-23,Active
1523,EMP-001540,LOC-0088,Sabrina Brennan,Sales,Operator,2023-01-26,Active
1524,EMP-001541,LOC-0050,Bradley Lowe,Production,Specialist,2023-04-01,Active
1525,EMP-001542,LOC-0070,Tina Thomas,Maintenance,Engineer,2022-09-11,Active
1526,EMP-001543,LOC-0034,Tiffany Jackson,Operations,Analyst,2024-02-14,Active
1527,EMP-001544,LOC-0016,Sarah Wallace,Maintenance,Analyst,2024-12-29,Active
1528,EMP-001545,LOC-0055,Trevor Morales,Maintenance,Coordinator,2022-01-15,Active
1529,EMP-001546,LOC-0029,Cynthia Robinson,Operations,Coordinator,2024-03-20,Active
1530,EMP-001547,LOC-0026,Michael Gillespie,Operations,Technician,2021-09-04,Active
1531,EMP-001548,LOC-0037,Lisa Carroll,Production,Technician,2025-07-17,Inactive
1532,EMP-001549,LOC-0053,Michelle Merritt,Finance,Specialist,2020-06-18,Active
1533,EMP-001550,LOC-0036,Lindsey Price,Production,Engineer,2019-05-26,Active
1534,EMP-001551,LOC-0012,Jessica Riggs,Operations,Specialist,2020-02-18,Active
1535,EMP-001552,LOC-0056,Lisa Thomas,Supply Chain,Specialist,2022-10-09,Active
1536,EMP-001553,LOC-0079,Douglas Gonzalez,Maintenance,Technician,2023-06-05,Active
1537,EMP-001554,LOC-0048,Mary Waller,Production,Engineer,2024-02-19,Inactive
1538,EMP-001555,LOC-0012,Matthew Yates,Production,Engineer,2020-08-23,Active
1539,EMP-001556,LOC-0020,Jessica Lewis,Supply Chain,Specialist,2020-08-11,Inactive
1540,EMP-001557,LOC-0098,Anne Baker,Maintenance,Engineer,2021-03-30,Active
1541,EMP-001558,LOC-0015,Michael Blair,Production,Manager,2020-03-27,Active
1542,EMP-001559,LOC-0002,Richard Hale,Human Resources,Manager,2021-03-01,Active
1543,EMP-001560,LOC-0070,Nicole Thompson,Operations,Technician,2021-01-25,Active
1544,EMP-001561,LOC-0090,Jacob Schmidt,Maintenance,Manager,2020-01-10,Active
1545,EMP-001562,LOC-0001,Susan Valdez,Human Resources,Supervisor,2019-05-24,Active
1546,EMP-001563,LOC-0016,Latoya Ellison,Operations,Specialist,2019-10-13,Active
1547,EMP-001564,LOC-0095,Joseph Phillips,Operations,Coordinator,2023-11-16,Active
1548,EMP-001565,LOC-0025,Sabrina King,Production,Supervisor,2019-05-24,Active
1549,EMP-001566,LOC-0072,Sara Gates,Finance,Manager,2020-11-07,Active
1550,EMP-001567,LOC-0043,Antonio Alexander,Operations,Specialist,2022-12-06,Active
1551,EMP-001568,LOC-0064,Jennifer Mercado,Maintenance,Specialist,2019-02-02,Active
1552,EMP-001569,LOC-0048,Sandra Sosa,Operations,Technician,2022-12-23,Active
1553,EMP-001570,LOC-0072,Melissa Bell,Human Resources,Specialist,2023-10-20,Active
1554,EMP-001571,LOC-0041,Clinton Lopez,Finance,Engineer,2024-02-19,Active
1555,EMP-001572,LOC-0088,Connie Valdez,Production,Analyst,2023-03-31,Active
1556,EMP-001573,LOC-0017,Heather Sparks DVM,IT,Operator,2022-07-15,Active
1557,EMP-001574,LOC-0020,Zachary Day,IT,Specialist,2020-05-30,Active
1558,EMP-001575,LOC-0035,Melanie Heath,Supply Chain,Engineer,2024-06-16,Active
1559,EMP-001576,LOC-0077,Kenneth Nelson,Production,Specialist,2025-02-19,Active
1560,EMP-001577,LOC-0091,Paul Graves,Supply Chain,Specialist,2020-09-30,Active
1561,EMP-001578,LOC-0084,Christopher Warren,IT,Technician,2020-03-23,Active
1562,EMP-001579,LOC-0087,Gregory Cook,IT,Analyst,2020-12-15,Active
1563,EMP-001580,LOC-0087,Holly Vaughn,Finance,Supervisor,2025-07-20,Active
1564,EMP-001581,LOC-0088,Brittany Brewer,Supply Chain,Technician,2025-04-05,Active
1565,EMP-001582,LOC-0061,Sylvia Moore,Operations,Analyst,2019-01-18,Active
1566,EMP-001583,LOC-0049,Thomas Jones,Operations,Engineer,2022-07-05,Active
1567,EMP-001584,LOC-0001,Rebecca Adams,Supply Chain,Supervisor,2022-05-20,Active
1568,EMP-001585,LOC-0012,Holly Doyle,IT,Coordinator,2025-04-02,Active
1569,EMP-001586,LOC-0076,Joshua Reyes Jr.,Finance,Specialist,2024-06-18,Active
1570,EMP-001587,LOC-0061,Peter Murphy,IT,Supervisor,2024-10-01,Active
1571,EMP-001588,LOC-0082,Katelyn Spencer,Operations,Analyst,2024-02-15,Active
1572,EMP-001589,LOC-0019,Jordan West,Supply Chain,Technician,2020-12-07,Active
1573,EMP-001590,LOC-0093,Christopher Giles,IT,Coordinator,2024-10-13,Active
1574,EMP-001591,LOC-0035,Briana Vaughn,Operations,Specialist,2022-08-29,Active
1575,EMP-001592,LOC-0071,Tristan Anderson,Supply Chain,Coordinator,2024-02-05,Active
1576,EMP-001593,LOC-0042,Carolyn Wood,Operations,Supervisor,2023-10-21,Active
1577,EMP-001594,LOC-0021,Bradley Edwards,Operations,Technician,2024-02-06,Active
1578,EMP-001595,LOC-0079,Christopher Wilson,Production,Specialist,2023-11-26,Active
1579,EMP-001596,LOC-0020,John Williams,IT,Engineer,2022-08-04,Active
1580,EMP-001597,LOC-0041,Linda Grant,Production,Manager,2022-01-19,Active
1581,EMP-001598,LOC-0070,Karen Lozano,IT,Manager,2024-05-03,Active
1582,EMP-001599,LOC-0072,Nicholas Long,IT,Coordinator,2020-01-10,Active
1583,EMP-001600,LOC-0005,Dawn Wise,Maintenance,Operator,2023-11-21,Active
1584,EMP-001601,LOC-0090,Belinda Bennett DDS,Operations,Coordinator,2019-05-05,Active
1585,EMP-001602,LOC-0100,Katherine Jones,Operations,Coordinator,2020-10-06,Active
1586,EMP-001603,LOC-0051,Chelsea Villa,Operations,Specialist,2024-03-23,Inactive
1587,EMP-001604,LOC-0050,Lisa Smith,Supply Chain,Technician,2022-12-08,Active
1588,EMP-001605,LOC-0058,Sheila Green,Maintenance,Analyst,2022-07-21,Active
1589,EMP-001607,LOC-0065,Danielle Murray,Supply Chain,Technician,2024-01-17,Active
1590,EMP-001608,LOC-0031,Kelsey Brown,Supply Chain,Manager,2022-08-04,Active
1591,EMP-001609,LOC-0064,Brian Higgins,Supply Chain,Supervisor,2019-08-09,Active
1592,EMP-001610,LOC-0037,Carrie Weiss,Production,Supervisor,2020-06-12,Active
1593,EMP-001611,LOC-0049,Jamie Gilbert,Production,Coordinator,2020-03-25,Active
1594,EMP-001612,LOC-0034,Tracy Crawford,Production,Technician,2024-12-06,Active
1595,EMP-001613,LOC-0030,Brittany Castillo,Production,Specialist,2020-12-29,Active
1596,EMP-001614,LOC-0066,Aaron Colon,Supply Chain,Specialist,2025-04-05,Inactive
1597,EMP-001615,LOC-0060,Tasha Lopez,Operations,Operator,2020-06-27,Active
1598,EMP-001616,LOC-0023,Steven Jackson,Operations,Supervisor,2020-10-19,Active
1599,EMP-001617,LOC-0089,Anthony Garcia,Maintenance,Engineer,2024-07-03,Inactive
1600,EMP-001618,LOC-0028,Donna Baker,Production,Analyst,2025-02-19,Active
1601,EMP-001619,LOC-0091,Jason Payne,Maintenance,Coordinator,2024-09-16,Active
1602,EMP-001620,LOC-0007,Ashley Jefferson,Sales,Manager,2023-07-15,Active
1603,EMP-001621,LOC-0082,William Jackson,Operations,Coordinator,2025-08-01,Active
1604,EMP-001622,LOC-0070,Michael Delacruz,Human Resources,Engineer,2021-09-06,Active
1605,EMP-001623,LOC-0023,Ashley Taylor,Operations,Manager,2021-04-26,Active
1606,EMP-001624,LOC-0042,Samantha Lewis,Operations,Supervisor,2023-08-05,Inactive
1607,EMP-001625,LOC-0021,Patricia Liu,Operations,Specialist,2023-09-01,Active
1608,EMP-001626,LOC-0084,Monica Thomas MD,Operations,Coordinator,2020-09-05,Active
1609,EMP-001627,LOC-0064,Judith Jacobs,Supply Chain,Specialist,2025-08-09,Active
1610,EMP-001628,LOC-0041,Heidi Hernandez,IT,Engineer,2022-12-25,Active
1611,EMP-001629,LOC-0096,Christine Huang,Supply Chain,Supervisor,2023-05-10,Active
1612,EMP-001630,LOC-0028,Donald Lee,Production,Engineer,2024-11-16,Active
1613,EMP-001631,LOC-0055,Anthony Smith,Production,Supervisor,2023-10-11,Active
1614,EMP-001632,LOC-0007,Hannah Neal,IT,Supervisor,2020-07-15,Active
1615,EMP-001633,LOC-0020,Marissa Shepard,Production,Specialist,2025-12-22,Active
1616,EMP-001634,LOC-0065,George Schmitt,Production,Engineer,2025-11-11,Active
1617,EMP-001635,LOC-0030,Donald Jimenez,Operations,Analyst,2023-09-11,Active
1618,EMP-001636,LOC-0059,Juan Jones,Supply Chain,Specialist,2024-05-06,Active
1619,EMP-001637,LOC-0002,Mark Drake,IT,Coordinator,2023-07-10,Active
1620,EMP-001638,LOC-0064,Barbara Carpenter,Maintenance,Analyst,2024-04-05,Active
1621,EMP-001639,LOC-0021,Charles Briggs,Maintenance,Operator,2022-12-16,Active
1622,EMP-001640,LOC-0072,Matthew Pena,Supply Chain,Coordinator,2020-09-07,Active
1623,EMP-001641,LOC-0082,Ashley Baker,Production,Analyst,2020-08-19,Active
1624,EMP-001642,LOC-0025,Mrs. Kari Lewis,Operations,Specialist,2025-04-14,Active
1625,EMP-001643,LOC-0095,Omar Bell,Production,Technician,2021-10-13,Active
1626,EMP-001644,LOC-0060,James Thompson,IT,Technician,2021-07-09,Inactive
1627,EMP-001645,LOC-0018,Richard Hughes,Production,Operator,2025-05-09,Active
1628,EMP-001646,LOC-0062,Gregory Carroll,Operations,Technician,2022-03-27,Active
1629,EMP-001647,LOC-0049,Beverly Brewer,Supply Chain,Operator,2022-12-13,Active
1630,EMP-001648,LOC-0082,Joshua Thomas,Finance,Supervisor,2020-09-12,Active
1631,EMP-001649,LOC-0022,Joan Ellison,Sales,Engineer,2024-07-26,Active
1632,EMP-001650,LOC-0027,Nancy Burton,Operations,Technician,2022-12-31,Active
1633,EMP-001651,LOC-0030,John Brewer,Production,Supervisor,2024-06-21,Active
1634,EMP-001652,LOC-0087,Mark Wright,Operations,Supervisor,2023-03-04,Active
1635,EMP-001653,LOC-0095,Jennifer Roth,Production,Engineer,2019-08-17,Active
1636,EMP-001654,LOC-0057,Anthony Mcmillan,Supply Chain,Engineer,2021-07-29,Active
1637,EMP-001655,LOC-0049,Darin Ramsey,Production,Technician,2023-01-10,Active
1638,EMP-001656,LOC-0090,Tina Steele,Maintenance,Supervisor,2024-06-25,Active
1639,EMP-001657,LOC-0076,Andrew Hubbard,Operations,Supervisor,2023-12-23,Active
1640,EMP-001658,LOC-0022,Casey Kaiser,Human Resources,Technician,2019-06-26,Active
1641,EMP-001659,LOC-0089,William Brown,Maintenance,Manager,2025-12-11,Active
1642,EMP-001660,LOC-0006,Bonnie Wolf,Operations,Specialist,2019-04-30,Active
1643,EMP-001661,LOC-0090,Kathleen Parker,Operations,Supervisor,2020-03-08,Inactive
1644,EMP-001662,LOC-0095,Michael Barnett,Production,Manager,2021-03-16,Active
1645,EMP-001663,LOC-0066,Melinda Sanders,Finance,Analyst,2019-11-03,Active
1646,EMP-001664,LOC-0043,Theresa Lawson,Human Resources,Technician,2021-08-13,Active
1647,EMP-001666,LOC-0020,Kathy Mcintyre,Sales,Supervisor,2020-02-21,Inactive
1648,EMP-001667,LOC-0057,Patricia Beck,Operations,Engineer,2023-07-03,Active
1649,EMP-001668,LOC-0005,Alicia Gonzales,Production,Analyst,2025-10-10,Active
1650,EMP-001669,LOC-0019,Tina Dean PhD,Human Resources,Analyst,2020-06-26,Active
1651,EMP-001670,LOC-0091,Daniel Mitchell,Operations,Engineer,2021-08-10,Active
1652,EMP-001671,LOC-0035,Sarah Young,Supply Chain,Supervisor,2023-01-31,Active
1653,EMP-001672,LOC-0006,Christine Miller,Supply Chain,Supervisor,2019-05-06,Active
1654,EMP-001674,LOC-0096,Dorothy Mitchell,Operations,Analyst,2022-09-15,Active
1655,EMP-001675,LOC-0047,Dr. Catherine Wilkinson,Operations,Coordinator,2020-06-27,Active
1656,EMP-001676,LOC-0024,Jordan Thomas,Human Resources,Engineer,2022-07-11,Active
1657,EMP-001677,LOC-0025,Drew Dean,Operations,Specialist,2019-04-25,Active
1658,EMP-001678,LOC-0099,Michael Gentry DDS,Operations,Engineer,2021-09-02,Active
1659,EMP-001679,LOC-0042,Dana Lopez,Production,Coordinator,2024-03-16,Active
1660,EMP-001680,LOC-0041,Colleen Russell,Maintenance,Analyst,2019-04-14,Active
1661,EMP-001681,LOC-0085,David Anderson,Sales,Manager,2023-01-03,Active
1662,EMP-001682,LOC-0027,Joshua Moore,Sales,Manager,2019-11-15,Inactive
1663,EMP-001683,LOC-0074,Travis Reese,IT,Analyst,2025-08-05,Active
1664,EMP-001684,LOC-0001,Heidi Sawyer,Human Resources,Analyst,2020-07-15,Active
1665,EMP-001685,LOC-0083,Jeff Collins,Production,Technician,2022-08-19,Inactive
1666,EMP-001686,LOC-0008,Jennifer Bishop,IT,Operator,2022-05-31,Active
1667,EMP-001687,LOC-0077,Shelia Myers,Operations,Analyst,2023-02-05,Active
1668,EMP-001689,LOC-0064,Maria Bridges,Maintenance,Specialist,2023-06-24,Active
1669,EMP-001690,LOC-0042,Steve Hardin,Maintenance,Specialist,2024-08-31,Active
1670,EMP-001691,LOC-0009,Alexander Brown,Sales,Coordinator,2023-03-08,Active
1671,EMP-001692,LOC-0065,David Hale,Supply Chain,Analyst,2021-03-10,Active
1672,EMP-001693,LOC-0077,Albert Hunter,Maintenance,Supervisor,2024-12-26,Active
1673,EMP-001694,LOC-0052,Christopher Smith,Human Resources,Specialist,2019-12-31,Active
1674,EMP-001695,LOC-0096,Olivia Walls,IT,Engineer,2025-08-20,Active
1675,EMP-001696,LOC-0013,Michael Rowland,Production,Supervisor,2023-10-04,Inactive
1676,EMP-001697,LOC-0044,Erika Ramos,Supply Chain,Coordinator,2023-09-15,Active
1677,EMP-001698,LOC-0009,April Jones,Operations,Engineer,2023-05-07,Active
1678,EMP-001699,LOC-0065,Robert Walsh,Human Resources,Analyst,2021-09-24,Active
1679,EMP-001700,LOC-0090,Barbara Chen,Finance,Operator,2019-05-09,Inactive
1680,EMP-001701,LOC-0061,Cheryl Lewis,Operations,Analyst,2020-03-13,Active
1681,EMP-001702,LOC-0005,Shelly Hensley,Maintenance,Manager,2019-10-19,Active
1682,EMP-001703,LOC-0069,Taylor Weber,Operations,Analyst,2023-06-21,Active
1683,EMP-001704,LOC-0072,Casey Campbell,Sales,Technician,2019-04-14,Active
1684,EMP-001705,LOC-0043,Matthew Klein,Operations,Specialist,2019-11-09,Active
1685,EMP-001706,LOC-0042,Tiffany Farrell,Operations,Engineer,2023-12-22,Active
1686,EMP-001707,LOC-0085,Cory Myers,Human Resources,Supervisor,2021-10-26,Active
1687,EMP-001708,LOC-0046,Rebecca Williams,Supply Chain,Coordinator,2025-02-16,Active
1688,EMP-001709,LOC-0064,Alexis Le,Production,Specialist,2023-01-18,Active
1689,EMP-001710,LOC-0014,Kerry Robinson,Production,Operator,2019-02-02,Inactive
1690,EMP-001711,LOC-0023,Brian Bradshaw,Operations,Supervisor,2023-11-25,Active
1691,EMP-001712,LOC-0071,Martin Campbell,Production,Analyst,2019-01-04,Active
1692,EMP-001713,LOC-0024,Shelby Paul,Finance,Coordinator,2024-03-02,Inactive
1693,EMP-001714,LOC-0062,Katie Ramirez,Production,Specialist,2022-12-08,Active
1694,EMP-001715,LOC-0087,Monique Garcia,IT,Coordinator,2024-02-13,Active
1695,EMP-001716,LOC-0034,Alexandra Fritz,Production,Manager,2023-02-09,Active
1696,EMP-001717,LOC-0069,Victoria Price,Operations,Operator,2025-07-09,Active
1697,EMP-001718,LOC-0043,Donald Hahn,Operations,Engineer,2025-11-14,Active
1698,EMP-001719,LOC-0042,Patricia Dennis,Operations,Specialist,2022-12-18,Active
1699,EMP-001720,LOC-0099,Alicia Glenn,Production,Specialist,2022-11-04,Inactive
1700,EMP-001721,LOC-0011,Crystal Wolfe,Sales,Analyst,2021-07-29,Active
1701,EMP-001722,LOC-0085,Brian Brown,Sales,Coordinator,2019-09-08,Active
1702,EMP-001723,LOC-0066,Kathryn Peterson,Supply Chain,Technician,2019-07-08,Active
1703,EMP-001724,LOC-0003,Justin Rodriguez,Operations,Coordinator,2025-05-17,Active
1704,EMP-001725,LOC-0011,Kevin Turner,Finance,Coordinator,2025-12-30,Active
1705,EMP-001726,LOC-0097,Jessica Byrd,Supply Chain,Engineer,2024-02-18,Active
1706,EMP-001727,LOC-0011,James Wu,Maintenance,Specialist,2025-11-18,Active
1707,EMP-001728,LOC-0060,Karen Snyder,Maintenance,Analyst,2019-05-02,Active
1708,EMP-001729,LOC-0006,David Avila,Maintenance,Specialist,2024-06-16,Inactive
1709,EMP-001730,LOC-0071,Jacob May,Operations,Engineer,2019-05-22,Active
1710,EMP-001731,LOC-0017,Sarah Robinson,Supply Chain,Operator,2019-01-22,Active
1711,EMP-001732,LOC-0043,Robert Arias,Operations,Operator,2020-01-21,Active
1712,EMP-001733,LOC-0006,Larry Lopez,Supply Chain,Analyst,2025-10-03,Active
1713,EMP-001734,LOC-0001,Duane Nelson,Sales,Analyst,2020-10-11,Active
1714,EMP-001735,LOC-0081,Kelli Hoover,Production,Manager,2024-11-21,Inactive
1715,EMP-001736,LOC-0079,Miss Patricia Payne DDS,Human Resources,Specialist,2019-10-23,Active
1716,EMP-001737,LOC-0060,Joseph Howard,Production,Engineer,2024-11-13,Active
1717,EMP-001738,LOC-0065,Jennifer Robinson,Human Resources,Supervisor,2025-11-28,Active
1718,EMP-001739,LOC-0086,Tina Larson,IT,Coordinator,2023-03-06,Active
1719,EMP-001740,LOC-0089,Michael Wiley,Supply Chain,Engineer,2022-01-21,Active
1720,EMP-001741,LOC-0045,Karen Garcia,IT,Engineer,2025-02-16,Active
1721,EMP-001742,LOC-0019,Kevin Gentry,Production,Coordinator,2019-03-11,Active
1722,EMP-001743,LOC-0058,Jasmine Johnson,Sales,Analyst,2024-11-22,Active
1723,EMP-001744,LOC-0086,Leah Gray,Production,Analyst,2020-05-11,Active
1724,EMP-001745,LOC-0060,Amy Adams,IT,Coordinator,2024-03-21,Active
1725,EMP-001746,LOC-0056,James Casey,Production,Engineer,2020-11-06,Active
1726,EMP-001747,LOC-0003,Jesse Smith,IT,Supervisor,2021-05-30,Active
1727,EMP-001748,LOC-0024,Maria Gardner,Production,Coordinator,2019-05-21,Active
1728,EMP-001749,LOC-0093,Jason Lawrence,Maintenance,Engineer,2020-07-25,Active
1729,EMP-001750,LOC-0091,Tammy Ward,Operations,Specialist,2024-12-30,Inactive
1730,EMP-001751,LOC-0098,Timothy Everett,Production,Specialist,2019-05-24,Inactive
1731,EMP-001752,LOC-0027,Lisa Allen,Operations,Engineer,2023-05-19,Active
1732,EMP-001753,LOC-0076,Thomas Woods,Supply Chain,Supervisor,2020-05-15,Active
1733,EMP-001754,LOC-0020,Adam Butler,Supply Chain,Specialist,2019-12-23,Active
1734,EMP-001755,LOC-0033,Kyle Young,Human Resources,Manager,2024-05-06,Active
1735,EMP-001756,LOC-0071,Ethan Nguyen,Operations,Specialist,2020-11-23,Active
1736,EMP-001757,LOC-0021,Zoe Nelson,Production,Specialist,2024-08-02,Active
1737,EMP-001758,LOC-0054,Laura Rosales,Operations,Supervisor,2021-10-19,Active
1738,EMP-001759,LOC-0033,Heather Leon,Production,Technician,2019-10-06,Active
1739,EMP-001760,LOC-0038,Yvonne Robinson,Maintenance,Coordinator,2020-01-24,Active
1740,EMP-001761,LOC-0071,Ronald Perez,Supply Chain,Specialist,2019-11-16,Active
1741,EMP-001762,LOC-0049,Stephen Miranda,Operations,Engineer,2023-05-05,Active
1742,EMP-001764,LOC-0004,Wanda Garcia,Operations,Manager,2020-08-06,Active
1743,EMP-001765,LOC-0020,Julie Cox,Maintenance,Analyst,2023-06-26,Active
1744,EMP-001766,LOC-0009,Jeffrey Burns,Sales,Specialist,2022-08-20,Active
1745,EMP-001767,LOC-0051,Daniel Reynolds,Sales,Operator,2023-05-18,Active
1746,EMP-001768,LOC-0038,Kendra Thomas,Operations,Manager,2019-08-08,Active
1747,EMP-001769,LOC-0092,Andrew Elliott MD,Operations,Coordinator,2019-12-17,Active
1748,EMP-001770,LOC-0064,Cindy Callahan,IT,Engineer,2020-07-19,Active
1749,EMP-001771,LOC-0069,Jennifer Mckenzie,Production,Operator,2024-09-05,Active
1750,EMP-001772,LOC-0070,Chris Garza,Production,Supervisor,2025-02-11,Active
1751,EMP-001773,LOC-0008,Greg Harmon,Production,Supervisor,2021-02-13,Active
1752,EMP-001774,LOC-0002,Joel Martinez,Production,Analyst,2025-12-09,Active
1753,EMP-001775,LOC-0015,Russell Singleton,Production,Coordinator,2024-07-26,Active
1754,EMP-001776,LOC-0030,Sean Navarro,Finance,Analyst,2024-01-21,Active
1755,EMP-001777,LOC-0022,Michael Figueroa,Maintenance,Engineer,2022-05-06,Active
1756,EMP-001778,LOC-0086,Michelle Davis,Human Resources,Specialist,2020-05-21,Active
1757,EMP-001779,LOC-0052,Sonia Rivas,Operations,Supervisor,2023-05-24,Active
1758,EMP-001780,LOC-0022,Jose Page,Maintenance,Engineer,2022-01-26,Active
1759,EMP-001781,LOC-0056,Steven Robles,IT,Specialist,2025-01-05,Active
1760,EMP-001783,LOC-0091,Peggy Vance,Sales,Coordinator,2022-07-27,Inactive
1761,EMP-001784,LOC-0093,Anthony Fox,Production,Engineer,2021-06-28,Active
1762,EMP-001785,LOC-0041,Jason Munoz,Human Resources,Analyst,2019-12-07,Active
1763,EMP-001786,LOC-0028,Veronica Brown,Sales,Coordinator,2020-12-04,Inactive
1764,EMP-001787,LOC-0100,Joshua Sutton,Maintenance,Technician,2020-11-03,Active
1765,EMP-001788,LOC-0007,Yvonne Hughes,IT,Manager,2023-02-03,Active
1766,EMP-001789,LOC-0061,Elizabeth Lowery,Operations,Coordinator,2024-09-29,Active
1767,EMP-001790,LOC-0031,Brandon Daniels,Production,Technician,2022-08-14,Active
1768,EMP-001791,LOC-0097,Laura Sanchez,Supply Chain,Technician,2022-03-09,Active
1769,EMP-001792,LOC-0080,Ronald Oconnell,IT,Technician,2023-05-18,Active
1770,EMP-001793,LOC-0008,Jared Robinson,Finance,Operator,2021-03-24,Active
1771,EMP-001794,LOC-0023,Gary Lowe II,Operations,Technician,2020-05-25,Active
1772,EMP-001795,LOC-0002,Kyle Baker,Supply Chain,Technician,2020-07-18,Active
1773,EMP-001796,LOC-0084,Alexandra Adams,Operations,Supervisor,2022-02-08,Active
1774,EMP-001797,LOC-0007,Dawn King,Operations,Technician,2024-10-14,Active
1775,EMP-001798,LOC-0050,Morgan Anderson,Sales,Supervisor,2025-09-18,Active
1776,EMP-001799,LOC-0063,Roger Elliott,Production,Technician,2024-11-08,Active
1777,EMP-001800,LOC-0053,Keith Meyer,Operations,Operator,2019-10-25,Active
1778,EMP-001801,LOC-0033,Katherine Baker,Finance,Engineer,2024-12-28,Active
1779,EMP-001802,LOC-0060,Margaret Douglas,Operations,Manager,2023-10-20,Active
1780,EMP-001803,LOC-0077,Juan Glenn,Supply Chain,Operator,2021-07-10,Active
1781,EMP-001804,LOC-0012,Pamela Sanchez,Production,Coordinator,2025-08-02,Active
1782,EMP-001805,LOC-0045,Eugene Edwards,Supply Chain,Technician,2023-09-25,Active
1783,EMP-001806,LOC-0086,Christopher Terry,Operations,Operator,2020-05-19,Active
1784,EMP-001807,LOC-0045,Nicholas Perry Jr.,Operations,Coordinator,2019-04-24,Active
1785,EMP-001808,LOC-0058,Cynthia Stein,Production,Coordinator,2021-01-18,Active
1786,EMP-001809,LOC-0063,Kimberly Foley,Production,Manager,2025-02-18,Active
1787,EMP-001810,LOC-0035,Jordan Jefferson,Maintenance,Operator,2024-03-08,Inactive
1788,EMP-001811,LOC-0055,Mallory Harris,Operations,Engineer,2024-06-22,Active
1789,EMP-001812,LOC-0061,Gabriel Bradshaw,Supply Chain,Analyst,2021-03-18,Active
1790,EMP-001813,LOC-0036,Kevin Ward,Sales,Technician,2020-10-17,Active
1791,EMP-001814,LOC-0011,Rhonda Nash,Maintenance,Specialist,2024-09-05,Active
1792,EMP-001815,LOC-0045,Brent Harper,Production,Manager,2021-02-06,Active
1793,EMP-001816,LOC-0017,Mr. Matthew Bruce,Operations,Technician,2023-10-02,Active
1794,EMP-001817,LOC-0028,James Martin,Operations,Analyst,2020-03-16,Active
1795,EMP-001818,LOC-0051,Robert Moran,Supply Chain,Coordinator,2019-09-26,Active
1796,EMP-001819,LOC-0090,David Knapp,Operations,Analyst,2020-08-17,Active
1797,EMP-001820,LOC-0053,Steve Rivera,IT,Operator,2024-08-07,Active
1798,EMP-001821,LOC-0041,Brittany White,Supply Chain,Supervisor,2021-02-19,Active
1799,EMP-001822,LOC-0038,Matthew Tucker,Maintenance,Coordinator,2021-08-18,Active
1800,EMP-001823,LOC-0024,Dustin Bender,Finance,Supervisor,2023-02-11,Active
1801,EMP-001824,LOC-0028,Gloria Griffith,Operations,Engineer,2021-10-08,Active
1802,EMP-001825,LOC-0024,Rodney Conley,IT,Coordinator,2023-08-18,Inactive
1803,EMP-001826,LOC-0003,Alexander Scott,Supply Chain,Technician,2020-03-12,Active
1804,EMP-001827,LOC-0028,Sheryl Valencia,Maintenance,Supervisor,2020-05-12,Active
1805,EMP-001828,LOC-0079,Christopher Griffin,Supply Chain,Manager,2022-02-22,Inactive
1806,EMP-001829,LOC-0024,Rachael Christensen,Operations,Analyst,2021-07-13,Active
1807,EMP-001830,LOC-0059,Dennis Garcia,Sales,Operator,2019-12-09,Active
1808,EMP-001831,LOC-0098,Evan Floyd,Human Resources,Specialist,2025-10-03,Active
1809,EMP-001832,LOC-0006,Jennifer Taylor,Operations,Operator,2022-03-13,Active
1810,EMP-001833,LOC-0009,Joshua Davis,Operations,Technician,2019-04-04,Active
1811,EMP-001834,LOC-0072,Amy Ellis,Operations,Manager,2020-09-23,Active
1812,EMP-001835,LOC-0050,John Martin,Finance,Engineer,2019-12-25,Active
1813,EMP-001836,LOC-0020,Monica Wagner,Operations,Operator,2019-09-07,Inactive
1814,EMP-001837,LOC-0050,Beverly Long,Supply Chain,Coordinator,2020-04-04,Active
1815,EMP-001838,LOC-0094,Sara Carlson,Sales,Analyst,2023-03-14,Active
1816,EMP-001839,LOC-0094,Margaret Day,Operations,Specialist,2024-10-24,Active
1817,EMP-001840,LOC-0070,Meghan Mathis,Supply Chain,Specialist,2022-08-08,Active
1818,EMP-001841,LOC-0021,Sarah Jones,Operations,Engineer,2023-09-30,Active
1819,EMP-001842,LOC-0023,Kyle Stone,Sales,Specialist,2022-08-19,Active
1820,EMP-001843,LOC-0029,Alyssa Porter,Operations,Specialist,2020-03-21,Active
1821,EMP-001844,LOC-0056,Justin Mendoza,Maintenance,Specialist,2020-09-04,Active
1822,EMP-001845,LOC-0025,Emma Quinn,Sales,Engineer,2025-05-10,Active
1823,EMP-001846,LOC-0091,Jonathon Williams,IT,Manager,2022-08-20,Active
1824,EMP-001847,LOC-0036,Paige Perkins,Operations,Coordinator,2025-11-06,Active
1825,EMP-001848,LOC-0010,Brian Baker,Maintenance,Engineer,2020-07-12,Active
1826,EMP-001849,LOC-0047,Jennifer Cohen,Production,Analyst,2019-07-25,Active
1827,EMP-001850,LOC-0046,Heather Vargas,Production,Engineer,2022-08-04,Active
1828,EMP-001851,LOC-0027,Bryan Carter,Operations,Engineer,2024-12-03,Active
1829,EMP-001852,LOC-0074,Wendy Flores,Maintenance,Supervisor,2021-12-25,Active
1830,EMP-001853,LOC-0074,James Edwards,Human Resources,Coordinator,2022-08-20,Active
1831,EMP-001854,LOC-0092,Christopher Williams,Operations,Operator,2022-10-27,Active
1832,EMP-001855,LOC-0013,Lisa Barton,Operations,Technician,2024-04-15,Active
1833,EMP-001856,LOC-0045,Laura Smith,Operations,Supervisor,2019-04-14,Active
1834,EMP-001857,LOC-0001,Jennifer Jackson,Sales,Manager,2023-09-02,Active
1835,EMP-001858,LOC-0080,Michael Alvarez,Sales,Specialist,2020-11-06,Active
1836,EMP-001859,LOC-0082,Valerie Jordan,Production,Supervisor,2022-10-25,Active
1837,EMP-001860,LOC-0071,George Campbell,Maintenance,Manager,2024-07-13,Active
1838,EMP-001861,LOC-0024,Carla Chase,Operations,Manager,2022-05-30,Active
1839,EMP-001862,LOC-0091,Henry Anderson,Supply Chain,Engineer,2020-08-14,Active
1840,EMP-001863,LOC-0090,Phillip Cruz,Supply Chain,Engineer,2022-01-03,Active
1841,EMP-001864,LOC-0065,John Monroe,Operations,Engineer,2024-11-04,Active
1842,EMP-001865,LOC-0059,Lisa Fuentes MD,IT,Engineer,2024-07-19,Inactive
1843,EMP-001866,LOC-0057,John Carroll,Maintenance,Supervisor,2022-06-22,Inactive
1844,EMP-001867,LOC-0012,Samuel Lawrence,Maintenance,Engineer,2025-09-10,Active
1845,EMP-001868,LOC-0023,Matthew Scott,Operations,Technician,2020-05-21,Active
1846,EMP-001869,LOC-0043,Arthur Evans,Maintenance,Analyst,2024-03-21,Active
1847,EMP-001871,LOC-0009,Keith Dillon,Operations,Supervisor,2024-09-24,Active
1848,EMP-001872,LOC-0091,Lisa Green,Production,Supervisor,2023-10-16,Active
1849,EMP-001873,LOC-0090,Stephanie Lopez,IT,Analyst,2023-02-08,Active
1850,EMP-001874,LOC-0092,Carmen Johnson,Maintenance,Coordinator,2021-09-23,Active
1851,EMP-001875,LOC-0028,Shannon Roman,Finance,Coordinator,2019-07-23,Active
1852,EMP-001876,LOC-0068,Crystal Cook,Supply Chain,Specialist,2019-11-02,Active
1853,EMP-001877,LOC-0039,Oscar Wagner,Human Resources,Specialist,2019-10-16,Active
1854,EMP-001878,LOC-0096,Briana Nguyen,IT,Supervisor,2022-07-18,Active
1855,EMP-001879,LOC-0044,Gina English,Supply Chain,Operator,2025-03-20,Active
1856,EMP-001880,LOC-0019,Jason Frey,Operations,Supervisor,2025-12-30,Active
1857,EMP-001881,LOC-0029,Donna Johnson,Human Resources,Operator,2023-03-15,Active
1858,EMP-001882,LOC-0012,Anna Smith,IT,Engineer,2023-04-05,Active
1859,EMP-001883,LOC-0100,Catherine Hayes,Maintenance,Supervisor,2019-03-29,Active
1860,EMP-001884,LOC-0096,John Rodriguez,Operations,Engineer,2024-12-30,Active
1861,EMP-001885,LOC-0005,Christina Pope,Maintenance,Supervisor,2025-04-23,Active
1862,EMP-001886,LOC-0052,Stephen Clark,Supply Chain,Engineer,2020-06-18,Active
1863,EMP-001887,LOC-0042,David Edwards,Production,Operator,2023-07-08,Active
1864,EMP-001888,LOC-0045,Brittany Nelson,Sales,Manager,2019-11-21,Active
1865,EMP-001889,LOC-0057,David Walker,Operations,Technician,2020-11-15,Active
1866,EMP-001890,LOC-0064,Jason Holland,IT,Analyst,2021-06-16,Active
1867,EMP-001891,LOC-0077,Michael Smith,Supply Chain,Specialist,2021-07-11,Active
1868,EMP-001892,LOC-0068,Allen Arroyo,Maintenance,Specialist,2023-09-17,Active
1869,EMP-001893,LOC-0020,Grant Martin,Operations,Analyst,2023-08-20,Active
1870,EMP-001894,LOC-0052,Erin Salazar,Human Resources,Coordinator,2019-04-12,Active
1871,EMP-001895,LOC-0001,April Brown,Supply Chain,Manager,2024-08-27,Active
1872,EMP-001896,LOC-0009,Alison Thomas,Production,Engineer,2021-11-25,Active
1873,EMP-001897,LOC-0037,Cassandra Castillo,Supply Chain,Analyst,2020-07-26,Active
1874,EMP-001898,LOC-0002,Bailey Jenkins,Finance,Technician,2019-08-05,Inactive
1875,EMP-001899,LOC-0028,Monica Ward,Production,Engineer,2024-03-25,Active
1876,EMP-001900,LOC-0036,Christopher Smith,Maintenance,Analyst,2020-05-29,Active
1877,EMP-001901,LOC-0065,Julie Gilbert,Sales,Coordinator,2021-12-03,Active
1878,EMP-001902,LOC-0090,Robert Campbell DDS,Operations,Manager,2022-04-15,Active
1879,EMP-001903,LOC-0061,Mr. Anthony Soto Jr.,Human Resources,Analyst,2025-08-08,Active
1880,EMP-001904,LOC-0097,Nicole Ray,Operations,Analyst,2021-05-03,Active
1881,EMP-001905,LOC-0056,Gregory Holmes,Production,Operator,2019-07-24,Active
1882,EMP-001906,LOC-0086,Alan Harris,Sales,Specialist,2020-10-03,Active
1883,EMP-001907,LOC-0007,Matthew Lopez,Operations,Coordinator,2024-09-08,Active
1884,EMP-001908,LOC-0012,Kevin Rodriguez,Production,Analyst,2024-01-09,Active
1885,EMP-001909,LOC-0035,Danielle Turner,Supply Chain,Specialist,2025-06-07,Active
1886,EMP-001910,LOC-0024,Jason Clark,Sales,Analyst,2025-04-15,Active
1887,EMP-001911,LOC-0030,Brian Collins,Production,Engineer,2020-02-26,Active
1888,EMP-001912,LOC-0075,Kara Kline,Human Resources,Technician,2025-01-18,Active
1889,EMP-001913,LOC-0054,Paula Fitzgerald,Operations,Manager,2019-02-23,Active
1890,EMP-001914,LOC-0049,Edwin Flores,Human Resources,Coordinator,2022-07-28,Active
1891,EMP-001915,LOC-0055,James Kaiser,Sales,Operator,2022-11-14,Active
1892,EMP-001916,LOC-0037,William Conway,Operations,Operator,2021-07-19,Active
1893,EMP-001917,LOC-0059,Kristen Howard,Sales,Operator,2025-12-10,Active
1894,EMP-001918,LOC-0022,Brian Moore,Operations,Technician,2023-10-03,Active
1895,EMP-001919,LOC-0008,Christopher Smith,Production,Technician,2021-08-16,Active
1896,EMP-001920,LOC-0004,Leroy Spencer,Maintenance,Technician,2024-04-18,Active
1897,EMP-001921,LOC-0063,Patricia Marshall,Finance,Supervisor,2021-01-01,Active
1898,EMP-001922,LOC-0024,Jill Walsh,Supply Chain,Specialist,2020-08-02,Active
1899,EMP-001923,LOC-0063,Yvette Williams,Sales,Manager,2019-09-11,Active
1900,EMP-001924,LOC-0012,Emily Proctor,Operations,Manager,2023-10-26,Active
1901,EMP-001925,LOC-0024,Tiffany Smith,Production,Manager,2024-10-01,Active
1902,EMP-001926,LOC-0039,Jay Thomas,Production,Specialist,2022-07-25,Active
1903,EMP-001927,LOC-0030,Jacqueline Cox,Human Resources,Specialist,2025-09-15,Active
1904,EMP-001928,LOC-0076,Joshua Aguilar,Operations,Analyst,2019-10-28,Active
1905,EMP-001929,LOC-0086,John Morales,Operations,Coordinator,2025-06-02,Active
1906,EMP-001930,LOC-0095,Annette Allen,Production,Operator,2020-07-30,Active
1907,EMP-001931,LOC-0037,Joseph Ballard,Operations,Supervisor,2021-10-06,Active
1908,EMP-001932,LOC-0082,Michael Jacobs,Operations,Technician,2019-08-12,Active
1909,EMP-001933,LOC-0091,Debra Lopez,Operations,Supervisor,2019-07-19,Active
1910,EMP-001934,LOC-0002,Billy Walker,Production,Engineer,2025-12-24,Active
1911,EMP-001935,LOC-0013,Alexis Camacho,Supply Chain,Manager,2025-02-11,Active
1912,EMP-001936,LOC-0028,Vickie Lang,Finance,Analyst,2021-05-28,Inactive
1913,EMP-001937,LOC-0069,Brittany Hampton,IT,Operator,2022-08-03,Active
1914,EMP-001938,LOC-0018,Oscar Dixon,Production,Specialist,2022-10-15,Active
1915,EMP-001939,LOC-0056,Jasmine Huber,Human Resources,Manager,2020-03-30,Active
1916,EMP-001940,LOC-0088,Kiara Ferguson,Sales,Specialist,2025-03-06,Active
1917,EMP-001941,LOC-0077,Kelli Stephens,Production,Manager,2021-11-17,Active
1918,EMP-001942,LOC-0020,Elijah Ortiz,Finance,Specialist,2022-10-28,Active
1919,EMP-001943,LOC-0098,Patrick Perez,Operations,Supervisor,2024-12-02,Active
1920,EMP-001944,LOC-0036,Leroy Manning,IT,Coordinator,2025-02-17,Active
1921,EMP-001946,LOC-0091,Douglas Hill,IT,Technician,2025-06-02,Active
1922,EMP-001947,LOC-0036,Amy Heath,Operations,Engineer,2019-06-05,Active
1923,EMP-001948,LOC-0007,Kelsey Hoover,Production,Engineer,2019-10-21,Active
1924,EMP-001950,LOC-0063,Amanda Rice,Operations,Analyst,2020-01-31,Active
1925,EMP-001951,LOC-0067,Andrew Wheeler,Human Resources,Supervisor,2019-09-03,Active
1926,EMP-001952,LOC-0047,Kyle Trevino,Production,Engineer,2020-08-23,Active
1927,EMP-001953,LOC-0020,Anthony Hernandez,Operations,Technician,2023-06-22,Inactive
1928,EMP-001955,LOC-0087,Dr. Laurie Parker MD,Finance,Analyst,2021-11-11,Active
1929,EMP-001956,LOC-0043,Ricardo Singleton,Production,Engineer,2024-01-23,Active
1930,EMP-001957,LOC-0053,John Rocha,Human Resources,Technician,2025-09-14,Active
1931,EMP-001958,LOC-0064,Patrick Clark,Supply Chain,Manager,2019-07-13,Active
1932,EMP-001959,LOC-0057,Katherine Davis,Operations,Engineer,2025-12-31,Active
1933,EMP-001960,LOC-0036,John Lee,Operations,Coordinator,2020-11-15,Active
1934,EMP-001961,LOC-0045,Juan Baker,IT,Specialist,2025-03-08,Active
1935,EMP-001962,LOC-0085,Gabriel Mcdonald,Operations,Engineer,2023-05-31,Active
1936,EMP-001963,LOC-0084,Patricia Cook,Operations,Supervisor,2023-12-20,Active
1937,EMP-001964,LOC-0027,Tara Bishop,Operations,Engineer,2019-06-05,Active
1938,EMP-001965,LOC-0011,Peter Cantrell,Operations,Manager,2019-07-14,Active
1939,EMP-001966,LOC-0034,Aaron Carey,Production,Engineer,2019-01-24,Active
1940,EMP-001967,LOC-0026,Anne Johnson,Production,Technician,2025-08-20,Active
1941,EMP-001968,LOC-0013,Mr. David Ortega MD,Operations,Specialist,2022-07-29,Active
1942,EMP-001969,LOC-0059,Tasha Garrison,Maintenance,Analyst,2025-07-21,Active
1943,EMP-001970,LOC-0010,Joseph Wood,Sales,Operator,2024-06-05,Active
1944,EMP-001971,LOC-0029,Leslie Harris,Operations,Engineer,2023-04-22,Active
1945,EMP-001972,LOC-0094,Brian Jordan,Maintenance,Engineer,2020-06-03,Active
1946,EMP-001973,LOC-0026,Eric Graham,IT,Manager,2020-07-11,Active
1947,EMP-001974,LOC-0034,George Mcclure,Operations,Operator,2024-10-02,Active
1948,EMP-001975,LOC-0099,Harry Hanson,Maintenance,Coordinator,2023-11-22,Active
1949,EMP-001976,LOC-0054,Katherine Taylor,Supply Chain,Manager,2019-10-21,Active
1950,EMP-001977,LOC-0008,Thomas Jackson,Production,Coordinator,2019-11-28,Active
1951,EMP-001978,LOC-0066,Patricia Fernandez,Production,Coordinator,2021-11-04,Active
1952,EMP-001979,LOC-0021,Brittany Irwin,Sales,Coordinator,2023-10-05,Active
1953,EMP-001980,LOC-0010,Lisa Garner,Supply Chain,Analyst,2025-03-11,Active
1954,EMP-001981,LOC-0019,Teresa Kramer,Supply Chain,Coordinator,2023-01-22,Active
1955,EMP-001982,LOC-0024,Keith Brooks,Supply Chain,Engineer,2019-09-27,Active
1956,EMP-001983,LOC-0042,Kelly Stein,Finance,Analyst,2021-01-25,Active
1957,EMP-001984,LOC-0051,Alexis Rogers,Supply Chain,Coordinator,2020-09-28,Active
1958,EMP-001985,LOC-0018,Blake Wallace,Operations,Operator,2024-06-10,Active
1959,EMP-001986,LOC-0006,Matthew Gonzales,Finance,Coordinator,2024-12-17,Active
1960,EMP-001987,LOC-0084,Lisa Peterson,IT,Operator,2020-01-27,Inactive
1961,EMP-001988,LOC-0056,Mark Sherman,Operations,Engineer,2024-12-01,Active
1962,EMP-001989,LOC-0090,Jennifer Chang,Maintenance,Manager,2024-02-13,Active
1963,EMP-001990,LOC-0088,Amanda Ruiz,Supply Chain,Manager,2023-10-23,Active
1964,EMP-001991,LOC-0011,Melissa Patel DDS,Human Resources,Supervisor,2024-07-19,Active
1965,EMP-001992,LOC-0013,Mrs. Kaitlyn Christian MD,Operations,Manager,2020-06-18,Active
1966,EMP-001993,LOC-0086,Cheryl Taylor,Production,Engineer,2022-01-07,Active
1967,EMP-001994,LOC-0005,Noah Bradley,Maintenance,Specialist,2025-09-07,Active
1968,EMP-001995,LOC-0077,Patricia Mcdonald,Finance,Manager,2021-12-09,Active
1969,EMP-001996,LOC-0028,Scott Franco,Production,Coordinator,2022-11-20,Active
1970,EMP-001997,LOC-0051,David Davis,Human Resources,Analyst,2020-03-04,Active
1971,EMP-001998,LOC-0052,Alexis Gomez,Finance,Specialist,2019-07-12,Active
1972,EMP-001999,LOC-0037,Nathan Avery,Operations,Technician,2024-06-12,Active
1973,EMP-002000,LOC-0088,Sydney Logan,Human Resources,Coordinator,2025-12-03,Active
1974,EMP-002001,LOC-0044,Seth Kelly,Finance,Analyst,2024-04-10,Active
1975,EMP-002002,LOC-0052,Lawrence Davis,Production,Supervisor,2023-10-29,Active
1976,EMP-002003,LOC-0051,Sandra Hendricks,Maintenance,Supervisor,2025-01-07,Active
1977,EMP-002004,LOC-0083,Jordan Russell,Production,Engineer,2024-11-06,Active
1978,EMP-002005,LOC-0046,Robin Barnes,Production,Coordinator,2020-04-08,Active
1979,EMP-002006,LOC-0074,Teresa Elliott,IT,Supervisor,2025-02-01,Active
1980,EMP-002007,LOC-0040,Cindy Armstrong,Operations,Supervisor,2024-08-21,Active
1981,EMP-002008,LOC-0051,Christopher Smith,Production,Analyst,2025-12-07,Inactive
1982,EMP-002009,LOC-0081,Robert Diaz,Sales,Technician,2020-04-08,Inactive
1983,EMP-002010,LOC-0050,James Gutierrez,Sales,Operator,2024-02-22,Active
1984,EMP-002011,LOC-0019,Carol Sanchez,Production,Technician,2019-06-02,Active
1985,EMP-002012,LOC-0044,Charles Martin,Operations,Operator,2020-12-01,Active
1986,EMP-002013,LOC-0091,Noah Ford,IT,Manager,2020-06-29,Active
1987,EMP-002014,LOC-0009,Teresa Coleman,Supply Chain,Analyst,2021-06-06,Inactive
1988,EMP-002015,LOC-0090,Gary Horn,Supply Chain,Engineer,2022-09-19,Active
1989,EMP-002016,LOC-0090,Debra Sullivan,Maintenance,Supervisor,2022-08-09,Active
1990,EMP-002017,LOC-0066,Catherine Taylor,Supply Chain,Technician,2024-02-29,Active
1991,EMP-002018,LOC-0098,Richard Hooper,Finance,Operator,2022-05-14,Active
1992,EMP-002019,LOC-0022,Daniel Green,Production,Coordinator,2023-02-23,Active
1993,EMP-002020,LOC-0057,Robert Poole,Supply Chain,Supervisor,2019-10-06,Active
1994,EMP-002021,LOC-0036,David Hill,Operations,Engineer,2025-09-07,Inactive
1995,EMP-002022,LOC-0065,Donald Caldwell,Production,Manager,2020-05-03,Active
1996,EMP-002023,LOC-0097,Aaron Boyd,Operations,Specialist,2024-10-14,Active
1997,EMP-002024,LOC-0069,Jessica Brown,Operations,Technician,2020-02-28,Active
1998,EMP-002025,LOC-0089,Robert Christian,Sales,Supervisor,2024-03-11,Active
1999,EMP-002026,LOC-0017,Samantha Walker,Sales,Engineer,2024-05-11,Active
2000,EMP-002027,LOC-0001,Leslie Kim,IT,Specialist,2023-06-30,Inactive
2001,EMP-002028,LOC-0092,Christine Valdez,Human Resources,Specialist,2021-10-27,Active
2002,EMP-002029,LOC-0095,Richard Simpson,Maintenance,Specialist,2019-04-08,Active
2003,EMP-002030,LOC-0092,Jeffrey Martin,Operations,Operator,2019-07-11,Active
2004,EMP-002031,LOC-0023,Mark Flynn,Human Resources,Specialist,2022-06-03,Active
2005,EMP-002032,LOC-0016,Susan Harding,Operations,Manager,2019-11-07,Active
2006,EMP-002034,LOC-0001,Jessica White,IT,Manager,2022-12-19,Active
2007,EMP-002035,LOC-0098,David Moore,Operations,Technician,2023-10-03,Active
2008,EMP-002036,LOC-0069,Donald Gomez,Supply Chain,Technician,2023-02-12,Active
2009,EMP-002037,LOC-0021,Sierra Johnson,Production,Operator,2021-02-13,Active
2010,EMP-002038,LOC-0006,Jonathan Gray,Operations,Technician,2022-07-28,Active
2011,EMP-002039,LOC-0029,Jamie Martin,Operations,Technician,2023-02-10,Active
2012,EMP-002040,LOC-0071,Maureen Nixon,Operations,Analyst,2020-05-16,Active
2013,EMP-002041,LOC-0002,Haley Sloan,Human Resources,Manager,2022-05-10,Active
2014,EMP-002042,LOC-0065,Nathan Page,Operations,Analyst,2023-03-13,Active
2015,EMP-002043,LOC-0080,Christopher Torres,IT,Technician,2019-06-10,Active
2016,EMP-002044,LOC-0094,Carmen Miller,Finance,Specialist,2022-02-12,Active
2017,EMP-002045,LOC-0003,Matthew Williams,Supply Chain,Manager,2023-11-05,Active
2018,EMP-002046,LOC-0090,Kevin Perez,Operations,Operator,2020-06-17,Active
2019,EMP-002047,LOC-0009,Morgan Garcia,Human Resources,Engineer,2021-12-16,Active
2020,EMP-002048,LOC-0046,Benjamin Davis,Operations,Supervisor,2019-09-24,Active
2021,EMP-002049,LOC-0087,Nathan Yates,IT,Engineer,2019-06-08,Active
2022,EMP-002050,LOC-0046,Terri Walls,Operations,Coordinator,2020-02-21,Active
2023,EMP-002051,LOC-0086,Sean Young,Operations,Coordinator,2019-07-18,Active
2024,EMP-002052,LOC-0078,Zachary Watson Jr.,Supply Chain,Specialist,2021-04-14,Active
2025,EMP-002053,LOC-0025,Martin Roberts,Operations,Technician,2023-01-06,Active
2026,EMP-002054,LOC-0032,Patrick Johnson,Operations,Engineer,2023-12-24,Active
2027,EMP-002055,LOC-0092,Brian Hartman,IT,Technician,2025-03-21,Active
2028,EMP-002056,LOC-0078,Donald Wilson,Supply Chain,Manager,2024-11-24,Active
2029,EMP-002057,LOC-0053,Kaitlyn Smith,Supply Chain,Coordinator,2022-11-23,Active
2030,EMP-002058,LOC-0048,Jason Watkins,Operations,Engineer,2021-05-25,Active
2031,EMP-002059,LOC-0084,Lindsay Hernandez,Maintenance,Operator,2022-01-08,Active
2032,EMP-002060,LOC-0031,Stefanie Smith,Human Resources,Engineer,2021-08-26,Active
2033,EMP-002061,LOC-0086,Brett Hernandez,Maintenance,Coordinator,2020-06-09,Active
2034,EMP-002062,LOC-0036,Jessica Smith,IT,Manager,2023-01-28,Active
2035,EMP-002063,LOC-0019,John Reyes,Sales,Technician,2025-01-10,Active
2036,EMP-002065,LOC-0030,Andrew Cochran,Maintenance,Operator,2024-06-14,Active
2037,EMP-002066,LOC-0061,John Baker,Supply Chain,Analyst,2020-09-30,Inactive
2038,EMP-002067,LOC-0065,Mark Rivas,Operations,Specialist,2024-09-03,Active
2039,EMP-002068,LOC-0094,Shane Vaughan,Production,Analyst,2019-11-10,Active
2040,EMP-002069,LOC-0019,Curtis Griffin,Production,Coordinator,2023-12-27,Active
2041,EMP-002070,LOC-0023,Ashley Ali,IT,Supervisor,2025-08-12,Active
2042,EMP-002071,LOC-0084,Haley Medina,Maintenance,Analyst,2023-03-22,Active
2043,EMP-002072,LOC-0023,Mr. Dale Simpson,Sales,Supervisor,2023-06-19,Active
2044,EMP-002073,LOC-0079,Christopher Smith,Operations,Technician,2025-08-06,Active
2045,EMP-002074,LOC-0095,Matthew Wilson,Operations,Coordinator,2024-05-26,Active
2046,EMP-002075,LOC-0077,Anthony Garcia,Production,Coordinator,2022-03-28,Active
2047,EMP-002076,LOC-0002,Julia Small,Maintenance,Supervisor,2022-11-20,Active
2048,EMP-002077,LOC-0040,Crystal Ross,Operations,Specialist,2020-11-15,Active
2049,EMP-002078,LOC-0004,Danielle Higgins,Operations,Specialist,2021-12-22,Active
2050,EMP-002079,LOC-0098,Jacqueline Turner,IT,Specialist,2022-06-26,Active
2051,EMP-002080,LOC-0018,Carol Edwards,Finance,Technician,2023-02-17,Active
2052,EMP-002081,LOC-0043,Jamie Santos,Operations,Operator,2022-08-20,Active
2053,EMP-002082,LOC-0082,Randy Daniels,Supply Chain,Engineer,2025-10-09,Active
2054,EMP-002083,LOC-0099,Laura Campbell,Operations,Manager,2020-10-18,Active
2055,EMP-002084,LOC-0072,Jaime Powell,Operations,Technician,2024-03-23,Active
2056,EMP-002085,LOC-0057,Austin Johnston,Operations,Operator,2025-02-14,Inactive
2057,EMP-002086,LOC-0096,Troy Jackson,Supply Chain,Analyst,2019-06-16,Active
2058,EMP-002087,LOC-0023,Julia Harris,Finance,Coordinator,2021-04-01,Active
2059,EMP-002088,LOC-0042,Victoria Richardson,Finance,Specialist,2022-05-05,Active
2060,EMP-002089,LOC-0095,Joanna Osborne,Operations,Operator,2020-11-11,Active
2061,EMP-002090,LOC-0006,Karen Little,Human Resources,Supervisor,2020-08-27,Active
2062,EMP-002091,LOC-0048,Matthew Phillips,Supply Chain,Technician,2021-06-19,Active
2063,EMP-002092,LOC-0033,Victoria Wood,Maintenance,Technician,2022-09-08,Active
2064,EMP-002093,LOC-0086,Eric Kramer,Finance,Supervisor,2024-12-19,Active
2065,EMP-002095,LOC-0093,Thomas Reilly,IT,Operator,2024-09-06,Active
2066,EMP-002097,LOC-0036,Jared Bowen,Production,Supervisor,2020-09-13,Active
2067,EMP-002098,LOC-0016,Aaron Henson,Supply Chain,Coordinator,2022-01-24,Active
2068,EMP-002099,LOC-0097,Timothy Lee,Operations,Coordinator,2023-10-04,Active
2069,EMP-002100,LOC-0056,Jeffrey Johnson,Production,Analyst,2021-12-03,Active
2070,EMP-002101,LOC-0026,Yolanda Castro,Production,Technician,2021-05-05,Active
2071,EMP-002102,LOC-0081,Ryan Haley,Operations,Technician,2023-02-24,Active
2072,EMP-002103,LOC-0059,Karina Christian,Sales,Supervisor,2025-10-29,Active
2073,EMP-002104,LOC-0081,Robert Hutchinson,Production,Analyst,2021-05-12,Active
2074,EMP-002105,LOC-0081,Martha Chung,Maintenance,Technician,2020-06-28,Active
2075,EMP-002106,LOC-0018,Tammy Kelly,Operations,Engineer,2021-05-21,Active
2076,EMP-002107,LOC-0037,Christian Harper,Finance,Coordinator,2020-01-07,Active
2077,EMP-002108,LOC-0072,Karen Pitts,IT,Technician,2019-03-23,Active
2078,EMP-002109,LOC-0091,Natalie Green,Production,Analyst,2021-06-09,Active
2079,EMP-002110,LOC-0005,Chad Schmidt,Finance,Supervisor,2022-05-31,Active
2080,EMP-002111,LOC-0072,Stephanie Wilson,Supply Chain,Operator,2022-07-13,Active
2081,EMP-002112,LOC-0080,Clarence Waters,Production,Operator,2021-01-03,Active
2082,EMP-002113,LOC-0009,Zoe Bates,Maintenance,Specialist,2024-06-03,Active
2083,EMP-002114,LOC-0030,Jamie Rogers,Finance,Supervisor,2020-08-17,Active
2084,EMP-002115,LOC-0014,Anna Rodriguez,Sales,Analyst,2019-08-27,Active
2085,EMP-002116,LOC-0034,Michael Anderson,Supply Chain,Supervisor,2023-06-17,Active
2086,EMP-002117,LOC-0048,Sean Shah,Production,Coordinator,2020-02-09,Active
2087,EMP-002118,LOC-0096,Jared Jimenez,Human Resources,Coordinator,2019-05-25,Active
2088,EMP-002119,LOC-0022,Gabriel Miles,Sales,Supervisor,2020-02-01,Active
2089,EMP-002120,LOC-0023,Mary Perez,Operations,Manager,2023-02-09,Active
2090,EMP-002121,LOC-0008,Steven Elliott,Operations,Specialist,2020-01-23,Inactive
2091,EMP-002122,LOC-0023,Henry Brown,Sales,Manager,2022-09-21,Active
2092,EMP-002123,LOC-0055,Sean Harris,Production,Technician,2021-02-04,Active
2093,EMP-002124,LOC-0088,Samantha Williams,Supply Chain,Supervisor,2019-08-13,Active
2094,EMP-002125,LOC-0020,Stephen Anderson,Sales,Engineer,2019-08-07,Active
2095,EMP-002126,LOC-0064,Brooke Willis,Human Resources,Specialist,2019-08-13,Active
2096,EMP-002127,LOC-0091,Cindy Johnson,Production,Specialist,2024-10-21,Active
2097,EMP-002128,LOC-0017,Sandra Mendoza,Production,Operator,2025-09-11,Active
2098,EMP-002129,LOC-0051,Victoria Fuller,Operations,Coordinator,2023-10-18,Active
2099,EMP-002130,LOC-0056,Jennifer Thompson,Supply Chain,Supervisor,2021-03-29,Active
2100,EMP-002131,LOC-0082,Jennifer Wheeler,Production,Engineer,2022-07-10,Active
2101,EMP-002132,LOC-0048,Patrick Green,Finance,Specialist,2019-01-08,Active
2102,EMP-002133,LOC-0010,Katherine Coleman,Operations,Operator,2022-08-08,Active
2103,EMP-002134,LOC-0040,Lisa Henry,Maintenance,Specialist,2022-10-15,Active
2104,EMP-002135,LOC-0025,Donna Case,Operations,Engineer,2023-08-23,Active
2105,EMP-002136,LOC-0035,Wesley Gonzalez,Maintenance,Analyst,2023-03-14,Active
2106,EMP-002137,LOC-0034,William Curtis,Production,Specialist,2021-10-18,Active
2107,EMP-002138,LOC-0093,Carla Hunter,Operations,Coordinator,2021-10-28,Active
2108,EMP-002139,LOC-0066,Bryan Bond,Maintenance,Coordinator,2020-06-07,Active
2109,EMP-002141,LOC-0049,Anita Woods,Operations,Engineer,2025-03-17,Active
2110,EMP-002142,LOC-0012,Johnathan Bond,Supply Chain,Coordinator,2021-12-20,Active
2111,EMP-002143,LOC-0016,Tyrone Knight,Production,Operator,2019-11-07,Active
2112,EMP-002144,LOC-0087,Cole Garcia,Sales,Analyst,2022-10-18,Active
2113,EMP-002145,LOC-0056,John Pineda,Operations,Operator,2021-06-01,Active
2114,EMP-002146,LOC-0020,Christine Castaneda,Operations,Engineer,2020-02-04,Active
2115,EMP-002147,LOC-0043,Cynthia Wood,Supply Chain,Supervisor,2021-02-05,Active
2116,EMP-002148,LOC-0011,Bruce Trujillo,Maintenance,Technician,2025-11-05,Active
2117,EMP-002149,LOC-0094,Samuel Phillips,Operations,Analyst,2020-04-11,Active
2118,EMP-002150,LOC-0024,Stephanie Rodriguez,Operations,Operator,2022-09-13,Active
2119,EMP-002151,LOC-0038,Matthew Guerrero,Supply Chain,Technician,2022-03-29,Active
2120,EMP-002152,LOC-0070,Maria Torres,Sales,Manager,2021-01-27,Active
2121,EMP-002153,LOC-0082,Tammy Freeman,Finance,Operator,2025-09-20,Active
2122,EMP-002154,LOC-0067,Paul Allen,IT,Engineer,2022-11-30,Active
2123,EMP-002155,LOC-0048,Aaron Greer,Human Resources,Manager,2020-09-23,Active
2124,EMP-002156,LOC-0077,Whitney Stevens,Sales,Manager,2019-10-26,Inactive
2125,EMP-002157,LOC-0011,Derrick Yang,Production,Manager,2020-10-09,Inactive
2126,EMP-002158,LOC-0023,Marvin Rodriguez,Human Resources,Engineer,2025-08-21,Active
2127,EMP-002159,LOC-0090,Luke Stewart,Production,Technician,2020-05-04,Active
2128,EMP-002161,LOC-0038,Monica Harrington,IT,Analyst,2020-04-20,Active
2129,EMP-002162,LOC-0092,Roberto Turner,Finance,Engineer,2019-02-23,Active
2130,EMP-002163,LOC-0006,Shannon Woods,Production,Supervisor,2024-01-03,Active
2131,EMP-002164,LOC-0044,Ms. Monique Prince MD,Operations,Coordinator,2022-08-20,Active
2132,EMP-002165,LOC-0097,Stacey Harris,Production,Manager,2022-03-28,Active
2133,EMP-002166,LOC-0097,Sheila Weber,Production,Supervisor,2021-08-05,Active
2134,EMP-002167,LOC-0089,Henry Mclaughlin,Supply Chain,Manager,2019-06-22,Active
2135,EMP-002168,LOC-0069,Thomas Barr,Sales,Supervisor,2024-10-31,Active
2136,EMP-002169,LOC-0028,Jessica King,Finance,Supervisor,2025-11-09,Active
2137,EMP-002170,LOC-0062,Rachael Acosta,Production,Analyst,2025-09-12,Inactive
2138,EMP-002171,LOC-0049,Betty Valdez,Finance,Specialist,2022-12-19,Active
2139,EMP-002172,LOC-0017,Alyssa Greer,IT,Technician,2019-01-22,Active
2140,EMP-002173,LOC-0054,Christopher Smith,Supply Chain,Technician,2021-10-28,Active
2141,EMP-002174,LOC-0038,Gregory Melendez,IT,Coordinator,2021-10-01,Active
2142,EMP-002175,LOC-0009,Benjamin Fletcher,Operations,Supervisor,2024-09-19,Active
2143,EMP-002176,LOC-0017,Peter Powell,Human Resources,Specialist,2024-05-08,Active
2144,EMP-002177,LOC-0040,Nicholas Cook,IT,Operator,2023-06-22,Active
2145,EMP-002178,LOC-0050,Kristin Hester,IT,Manager,2020-11-28,Active
2146,EMP-002179,LOC-0005,Amanda Anderson,Human Resources,Specialist,2023-11-16,Inactive
2147,EMP-002180,LOC-0065,William Jennings DDS,Production,Manager,2024-02-17,Active
2148,EMP-002181,LOC-0055,Erika Simon,Supply Chain,Coordinator,2023-02-19,Active
2149,EMP-002183,LOC-0089,Steven Schneider,Sales,Operator,2022-12-19,Active
2150,EMP-002184,LOC-0014,Christina White,Operations,Technician,2025-06-22,Active
2151,EMP-002185,LOC-0003,Nancy Smith,IT,Analyst,2024-06-13,Active
2152,EMP-002186,LOC-0026,Jessica Jones,Production,Analyst,2025-12-31,Active
2153,EMP-002187,LOC-0070,Nicole Hurley,IT,Operator,2023-02-10,Active
2154,EMP-002188,LOC-0073,Michael Howell,Operations,Supervisor,2024-03-28,Active
2155,EMP-002189,LOC-0001,Nathan English,Finance,Engineer,2020-12-07,Active
2156,EMP-002190,LOC-0018,Sarah Valdez,Supply Chain,Specialist,2025-05-15,Active
2157,EMP-002191,LOC-0035,Tyler Wright,Production,Coordinator,2020-10-22,Active
2158,EMP-002192,LOC-0070,Natalie Cain,Production,Specialist,2019-12-20,Active
2159,EMP-002193,LOC-0055,Bradley Miller,Operations,Manager,2023-04-01,Active
2160,EMP-002194,LOC-0092,Cynthia Perry,Supply Chain,Engineer,2025-06-14,Active
2161,EMP-002195,LOC-0070,Samantha Ross,Operations,Engineer,2019-03-28,Active
2162,EMP-002196,LOC-0088,Michelle Hall,Sales,Operator,2021-06-12,Active
2163,EMP-002197,LOC-0029,Tiffany Jensen,Operations,Analyst,2022-05-05,Active
2164,EMP-002198,LOC-0078,Austin Jimenez,Production,Manager,2025-12-18,Active
2165,EMP-002199,LOC-0061,Robert Tran,Production,Manager,2024-02-13,Active
2166,EMP-002200,LOC-0023,Lori Perry,Finance,Specialist,2020-08-25,Active
2167,EMP-002201,LOC-0003,Corey Adams,Operations,Coordinator,2023-02-04,Active
2168,EMP-002202,LOC-0072,Mark Gonzalez,Operations,Manager,2022-10-03,Active
2169,EMP-002203,LOC-0007,Ryan Harvey,Sales,Engineer,2024-11-18,Active
2170,EMP-002204,LOC-0021,Natalie Carter,Human Resources,Operator,2020-09-28,Active
2171,EMP-002205,LOC-0056,Michaela Alexander,Operations,Supervisor,2022-09-17,Active
2172,EMP-002206,LOC-0064,Lisa Rodriguez,Production,Specialist,2019-12-19,Active
2173,EMP-002207,LOC-0012,Rick Hood,IT,Operator,2021-02-17,Active
2174,EMP-002208,LOC-0063,John Patel,Maintenance,Analyst,2020-04-04,Active
2175,EMP-002209,LOC-0083,Carrie Smith MD,Sales,Coordinator,2020-11-02,Active
2176,EMP-002210,LOC-0077,Shane Crosby,Operations,Technician,2022-05-20,Active
2177,EMP-002211,LOC-0075,Joe Mullins,IT,Coordinator,2025-11-25,Active
2178,EMP-002212,LOC-0098,Sara Fuller,IT,Analyst,2020-08-12,Active
2179,EMP-002213,LOC-0023,Thomas West,Operations,Technician,2023-04-09,Active
2180,EMP-002214,LOC-0085,George Robertson,Maintenance,Analyst,2024-04-04,Active
2181,EMP-002215,LOC-0068,Jeffery Price,IT,Supervisor,2021-12-31,Active
2182,EMP-002216,LOC-0010,Kristy Greene,Production,Manager,2023-07-29,Active
2183,EMP-002217,LOC-0020,Mr. James Owens PhD,Production,Operator,2020-09-08,Active
2184,EMP-002218,LOC-0008,Mr. Evan Smith,Production,Manager,2024-09-23,Active
2185,EMP-002219,LOC-0064,Judy Rodriguez,IT,Coordinator,2025-09-21,Active
2186,EMP-002220,LOC-0099,Margaret Watson,IT,Analyst,2022-11-02,Active
2187,EMP-002221,LOC-0092,Christopher Smith,Production,Engineer,2020-06-12,Active
2188,EMP-002222,LOC-0050,Clayton Hernandez,Supply Chain,Technician,2023-06-05,Active
2189,EMP-002223,LOC-0058,Megan Young,Operations,Supervisor,2024-03-12,Active
2190,EMP-002224,LOC-0069,Christopher Lee,Finance,Analyst,2025-12-09,Active
2191,EMP-002225,LOC-0076,Jennifer Fox,Human Resources,Coordinator,2022-02-11,Active
2192,EMP-002226,LOC-0034,Shannon Thomas,Operations,Supervisor,2023-11-24,Active
2193,EMP-002227,LOC-0026,Nicholas Nelson,Sales,Operator,2019-08-25,Active
2194,EMP-002228,LOC-0029,Alexander Daniels,Supply Chain,Engineer,2022-04-18,Active
2195,EMP-002229,LOC-0057,Jennifer Fields,Operations,Technician,2022-12-15,Active
2196,EMP-002230,LOC-0080,Teresa Arnold,Production,Manager,2019-01-21,Active
2197,EMP-002231,LOC-0071,Cody Pollard,Production,Specialist,2020-02-27,Active
2198,EMP-002232,LOC-0061,Sean Turner,Production,Coordinator,2019-04-06,Active
2199,EMP-002233,LOC-0058,Rebecca Bailey,Production,Analyst,2019-07-26,Active
2200,EMP-002234,LOC-0056,Tammy Roy,Production,Supervisor,2020-12-15,Active
2201,EMP-002235,LOC-0095,Shannon Fleming,Operations,Coordinator,2022-08-05,Active
2202,EMP-002236,LOC-0047,Chelsea Kim,Finance,Operator,2019-07-23,Active
2203,EMP-002237,LOC-0024,Robert Foster,Finance,Manager,2022-11-21,Active
2204,EMP-002238,LOC-0048,Tyler Hernandez,Maintenance,Engineer,2022-09-04,Active
2205,EMP-002239,LOC-0096,Christopher Monroe,Operations,Manager,2021-01-22,Active
2206,EMP-002240,LOC-0047,Michelle Cole,Production,Engineer,2024-01-31,Active
2207,EMP-002241,LOC-0045,Morgan Kennedy,Operations,Manager,2020-02-17,Active
2208,EMP-002242,LOC-0080,Jennifer Garcia,IT,Manager,2021-08-17,Active
2209,EMP-002243,LOC-0024,Joseph Mckinney,Supply Chain,Engineer,2021-07-31,Active
2210,EMP-002244,LOC-0053,Elizabeth Garcia,Operations,Analyst,2019-08-09,Active
2211,EMP-002245,LOC-0003,Danielle Ortega,Operations,Coordinator,2019-01-05,Active
2212,EMP-002246,LOC-0093,Matthew Orozco,Production,Supervisor,2020-10-09,Active
2213,EMP-002248,LOC-0046,Brian Herring,Supply Chain,Specialist,2022-10-30,Active
2214,EMP-002249,LOC-0022,Raymond Hinton,Operations,Analyst,2019-06-29,Active
2215,EMP-002250,LOC-0040,Henry Cox,Sales,Specialist,2019-04-26,Active
2216,EMP-002251,LOC-0077,Taylor Cooper,Maintenance,Technician,2020-11-03,Inactive
2217,EMP-002252,LOC-0053,Scott Myers,Production,Operator,2019-04-05,Active
2218,EMP-002253,LOC-0074,Jake Porter,Production,Specialist,2019-03-08,Active
2219,EMP-002254,LOC-0003,Sherry Weber,Sales,Operator,2025-12-19,Active
2220,EMP-002255,LOC-0088,Stephanie Wade,Production,Operator,2025-08-02,Active
2221,EMP-002256,LOC-0098,Carlos Black,Operations,Specialist,2025-11-11,Active
2222,EMP-002257,LOC-0064,Richard Adams,Maintenance,Operator,2019-03-17,Active
2223,EMP-002258,LOC-0020,Jeanne Williams,IT,Manager,2024-02-28,Active
2224,EMP-002259,LOC-0003,Elizabeth Smith,Operations,Specialist,2023-09-17,Active
2225,EMP-002260,LOC-0099,Steven Garcia,Human Resources,Analyst,2024-03-12,Active
2226,EMP-002261,LOC-0010,Sherry Black,Production,Analyst,2019-07-04,Active
2227,EMP-002262,LOC-0034,Michelle Allen,Human Resources,Supervisor,2022-09-01,Active
2228,EMP-002263,LOC-0077,Christopher Hester,Operations,Specialist,2022-12-13,Active
2229,EMP-002264,LOC-0035,Michael Andrews,Production,Technician,2020-02-10,Active
2230,EMP-002265,LOC-0012,Robert Powell,IT,Coordinator,2023-09-23,Active
2231,EMP-002266,LOC-0094,Michael Johnson,Operations,Analyst,2020-08-16,Inactive
2232,EMP-002267,LOC-0062,Raymond Webb,Production,Technician,2021-09-18,Active
2233,EMP-002268,LOC-0083,Katherine Schaefer MD,Production,Operator,2025-08-27,Active
2234,EMP-002269,LOC-0020,Brandon Spencer,Operations,Operator,2023-02-09,Active
2235,EMP-002270,LOC-0012,Jill Robertson,Operations,Supervisor,2019-09-03,Active
2236,EMP-002271,LOC-0076,Jeffery Grimes,Supply Chain,Coordinator,2019-04-19,Active
2237,EMP-002272,LOC-0025,Cynthia Jackson,Operations,Technician,2021-01-08,Active
2238,EMP-002273,LOC-0069,Becky Blackburn,Maintenance,Technician,2019-10-19,Active
2239,EMP-002274,LOC-0020,Jennifer Hodges,Production,Specialist,2021-12-24,Active
2240,EMP-002275,LOC-0013,Lauren Hampton,Operations,Coordinator,2025-08-01,Active
2241,EMP-002276,LOC-0003,Tracey Mccarty,Production,Specialist,2025-08-24,Active
2242,EMP-002277,LOC-0096,Gary Walsh,IT,Engineer,2022-05-16,Active
2243,EMP-002278,LOC-0010,Matthew Wheeler,Finance,Specialist,2021-02-13,Active
2244,EMP-002279,LOC-0019,Steven Salazar,IT,Coordinator,2021-09-01,Active
2245,EMP-002280,LOC-0013,William Colon,Production,Manager,2025-06-30,Active
2246,EMP-002281,LOC-0099,Vernon Cole,Maintenance,Supervisor,2025-02-15,Active
2247,EMP-002282,LOC-0066,Hunter Nelson,Operations,Manager,2023-11-10,Inactive
2248,EMP-002283,LOC-0043,Tracey Clark,Supply Chain,Coordinator,2020-03-01,Inactive
2249,EMP-002284,LOC-0048,Sonya Lewis DVM,IT,Operator,2024-08-27,Active
2250,EMP-002285,LOC-0063,Mary Wilson,Maintenance,Manager,2023-08-04,Active
2251,EMP-002286,LOC-0052,Amanda Reed,Human Resources,Engineer,2023-10-25,Active
2252,EMP-002287,LOC-0046,Martin Ellis,Maintenance,Engineer,2024-07-13,Inactive
2253,EMP-002288,LOC-0017,Cole Evans,Production,Operator,2019-01-30,Active
2254,EMP-002289,LOC-0022,Christopher Smith,Supply Chain,Engineer,2021-01-10,Active
2255,EMP-002290,LOC-0010,Julia Farley,Human Resources,Engineer,2020-05-16,Active
2256,EMP-002291,LOC-0045,John Perry,Maintenance,Coordinator,2023-11-11,Active
2257,EMP-002292,LOC-0022,Robert Hicks,Production,Coordinator,2019-10-17,Active
2258,EMP-002293,LOC-0069,Gary Martinez,Maintenance,Technician,2025-12-02,Active
2259,EMP-002294,LOC-0009,William Brock,Supply Chain,Specialist,2019-02-05,Active
2260,EMP-002295,LOC-0100,Christopher Smith,Maintenance,Supervisor,2024-06-15,Active
2261,EMP-002296,LOC-0089,Jody Smith,Finance,Operator,2024-03-10,Active
2262,EMP-002297,LOC-0082,Maria Castro,IT,Specialist,2025-08-13,Active
2263,EMP-002298,LOC-0086,Cynthia Chavez,Maintenance,Specialist,2021-11-01,Active
2264,EMP-002299,LOC-0009,Amanda Torres,Operations,Manager,2023-09-23,Active
2265,EMP-002300,LOC-0012,Pamela Moore,Production,Supervisor,2024-06-25,Active
2266,EMP-002301,LOC-0048,Sara Hansen,Human Resources,Supervisor,2025-08-21,Active
2267,EMP-002302,LOC-0040,Dawn Freeman,Finance,Manager,2023-05-04,Active
2268,EMP-002303,LOC-0020,John Long,Operations,Technician,2019-12-29,Active
2269,EMP-002304,LOC-0090,Jake Young,IT,Manager,2022-08-05,Active
2270,EMP-002305,LOC-0089,Kristen Smith,Supply Chain,Specialist,2025-08-13,Active
2271,EMP-002306,LOC-0005,Michael Bowman,Production,Technician,2023-08-28,Active
2272,EMP-002307,LOC-0098,David Moore,Production,Supervisor,2024-04-26,Active
2273,EMP-002308,LOC-0055,Courtney Brown,IT,Analyst,2024-02-14,Active
2274,EMP-002309,LOC-0020,Brittany Edwards,Production,Technician,2022-11-25,Active
2275,EMP-002310,LOC-0021,Donald Blankenship,Finance,Coordinator,2023-09-19,Inactive
2276,EMP-002311,LOC-0017,Krista Perkins,Production,Specialist,2019-04-26,Active
2277,EMP-002312,LOC-0084,Alexander Johnson,Operations,Specialist,2020-05-24,Active
2278,EMP-002313,LOC-0100,Michael Bentley,IT,Coordinator,2021-04-27,Active
2279,EMP-002314,LOC-0099,Timothy Brooks,Finance,Supervisor,2025-07-27,Active
2280,EMP-002315,LOC-0082,Kimberly Salazar,IT,Supervisor,2023-05-08,Active
2281,EMP-002316,LOC-0094,Jerry Stewart,IT,Technician,2024-05-29,Active
2282,EMP-002317,LOC-0093,Richard Lopez,Maintenance,Technician,2022-11-15,Active
2283,EMP-002318,LOC-0087,Dale White,Supply Chain,Supervisor,2022-08-23,Active
2284,EMP-002319,LOC-0021,Caleb Preston,Production,Engineer,2020-01-01,Active
2285,EMP-002320,LOC-0013,Michelle Davis,Finance,Coordinator,2024-06-09,Active
2286,EMP-002321,LOC-0058,Debra Cardenas,IT,Coordinator,2021-08-26,Active
2287,EMP-002322,LOC-0041,Paul Nunez,Sales,Supervisor,2021-11-25,Active
2288,EMP-002323,LOC-0054,Kathleen Carney,Operations,Coordinator,2022-06-18,Active
2289,EMP-002324,LOC-0081,Jennifer Perez,IT,Manager,2019-12-15,Active
2290,EMP-002325,LOC-0064,Terry Sanchez,Operations,Specialist,2019-09-17,Active
2291,EMP-002326,LOC-0020,Gabriel Smith,Finance,Supervisor,2024-05-14,Inactive
2292,EMP-002327,LOC-0077,Christopher Sparks,Operations,Engineer,2019-10-01,Active
2293,EMP-002328,LOC-0096,Heather Ramirez,Human Resources,Operator,2025-05-21,Active
2294,EMP-002329,LOC-0058,Larry Fowler,Operations,Analyst,2024-12-11,Active
2295,EMP-002330,LOC-0064,Stephen Miller,Maintenance,Coordinator,2020-10-07,Active
2296,EMP-002331,LOC-0011,Bobby Howard,Production,Analyst,2024-07-27,Inactive
2297,EMP-002332,LOC-0020,Seth Clark,Operations,Engineer,2019-02-21,Inactive
2298,EMP-002333,LOC-0077,Veronica Lopez DDS,Supply Chain,Technician,2021-02-05,Active
2299,EMP-002334,LOC-0022,Crystal Harrington,Finance,Supervisor,2020-10-02,Active
2300,EMP-002335,LOC-0064,Joel Tran,Production,Technician,2024-09-06,Active
2301,EMP-002336,LOC-0003,Lance Young,Maintenance,Specialist,2022-11-18,Active
2302,EMP-002337,LOC-0096,Robert Wood,Production,Manager,2024-11-01,Active
2303,EMP-002338,LOC-0077,Wanda Carter,Supply Chain,Supervisor,2023-09-05,Active
2304,EMP-002339,LOC-0029,Joan Spence,Supply Chain,Technician,2022-11-29,Active
2305,EMP-002340,LOC-0003,Madison Becker,Operations,Specialist,2021-10-24,Active
2306,EMP-002341,LOC-0061,Jennifer Vargas,Operations,Engineer,2025-12-14,Active
2307,EMP-002342,LOC-0076,Kimberly James,Supply Chain,Engineer,2023-02-26,Active
2308,EMP-002343,LOC-0093,Thomas Garza,Operations,Coordinator,2020-05-28,Active
2309,EMP-002344,LOC-0032,Mark Martinez,Operations,Analyst,2020-08-24,Active
2310,EMP-002345,LOC-0009,Emily Reeves,Production,Coordinator,2022-10-29,Active
2311,EMP-002346,LOC-0016,Amber Jordan,Sales,Technician,2022-05-07,Active
2312,EMP-002347,LOC-0094,Taylor Forbes DDS,Operations,Technician,2019-11-13,Active
2313,EMP-002348,LOC-0075,William Li,Operations,Coordinator,2024-02-10,Active
2314,EMP-002349,LOC-0061,Jennifer Young,Production,Coordinator,2025-06-02,Active
2315,EMP-002350,LOC-0012,Destiny Aguilar,Maintenance,Manager,2019-02-28,Active
2316,EMP-002351,LOC-0066,Cathy Castaneda,IT,Operator,2021-03-02,Active
2317,EMP-002352,LOC-0058,Stephanie Cross,Production,Manager,2024-01-01,Active
2318,EMP-002353,LOC-0066,Christopher Smith,Production,Technician,2022-06-22,Active
2319,EMP-002354,LOC-0091,Michael Shaw,Production,Specialist,2019-07-31,Active
2320,EMP-002355,LOC-0075,Ryan Flores,IT,Engineer,2022-05-18,Active
2321,EMP-002356,LOC-0034,Tammy Bailey,Operations,Engineer,2019-08-09,Active
2322,EMP-002357,LOC-0025,Derek Patton,Supply Chain,Analyst,2024-01-30,Active
2323,EMP-002358,LOC-0090,William Floyd,Human Resources,Manager,2021-08-11,Active
2324,EMP-002359,LOC-0017,Mark Lara,Sales,Operator,2019-08-31,Active
2325,EMP-002360,LOC-0053,Nicholas Knight,Production,Analyst,2019-01-17,Active
2326,EMP-002361,LOC-0066,Cynthia Martinez DVM,Production,Coordinator,2019-10-24,Active
2327,EMP-002362,LOC-0003,Kenneth Lopez,Production,Specialist,2019-11-12,Active
2328,EMP-002363,LOC-0024,Jason Montoya,Supply Chain,Operator,2023-07-29,Active
2329,EMP-002364,LOC-0033,Michael Turner,Operations,Coordinator,2022-09-18,Active
2330,EMP-002365,LOC-0057,Willie Snyder,Production,Specialist,2024-06-13,Active
2331,EMP-002366,LOC-0021,Charles Miller,Human Resources,Operator,2023-01-29,Active
2332,EMP-002367,LOC-0002,Albert Foster,Human Resources,Coordinator,2023-02-27,Active
2333,EMP-002368,LOC-0078,Marvin Sandoval,Sales,Supervisor,2019-07-16,Active
2334,EMP-002369,LOC-0043,Ronald Williams,Supply Chain,Analyst,2024-09-19,Active
2335,EMP-002370,LOC-0087,Alicia Perez,Production,Engineer,2025-10-08,Active
2336,EMP-002371,LOC-0030,Jason Young,Operations,Specialist,2021-05-28,Active
2337,EMP-002372,LOC-0097,Mr. James Sanchez,IT,Engineer,2023-02-11,Active
2338,EMP-002373,LOC-0097,Ryan Adams,Finance,Analyst,2019-11-03,Active
2339,EMP-002374,LOC-0049,Karen Frost,IT,Analyst,2022-03-24,Active
2340,EMP-002375,LOC-0062,Angela Norton,IT,Specialist,2021-12-20,Active
2341,EMP-002376,LOC-0097,Tina Gonzalez,Maintenance,Manager,2022-04-14,Active
2342,EMP-002377,LOC-0033,Lucas Clark,IT,Engineer,2021-12-06,Active
2343,EMP-002378,LOC-0078,Christina Steele,Operations,Supervisor,2020-12-12,Active
2344,EMP-002379,LOC-0035,Martin Mendez,Supply Chain,Manager,2023-09-26,Active
2345,EMP-002380,LOC-0077,Melissa Kerr,Operations,Technician,2022-01-25,Active
2346,EMP-002381,LOC-0034,Ruth Cox,Supply Chain,Supervisor,2021-08-25,Inactive
2347,EMP-002382,LOC-0056,Crystal Freeman,Maintenance,Operator,2023-07-27,Active
2348,EMP-002383,LOC-0028,Sandra Hogan,Production,Supervisor,2023-07-05,Active
2349,EMP-002384,LOC-0081,Elizabeth Gordon,Operations,Technician,2025-12-07,Active
2350,EMP-002385,LOC-0067,Amy Graham,Maintenance,Coordinator,2021-01-07,Active
2351,EMP-002386,LOC-0009,Kristen Zuniga,Operations,Engineer,2021-10-25,Active
2352,EMP-002387,LOC-0073,Evelyn Monroe,Human Resources,Supervisor,2019-07-04,Active
2353,EMP-002388,LOC-0023,Brenda Payne,Human Resources,Supervisor,2024-11-26,Active
2354,EMP-002389,LOC-0078,Brian Fischer DVM,Operations,Manager,2019-08-26,Active
2355,EMP-002390,LOC-0029,Mary Hodge,Production,Engineer,2022-12-26,Active
2356,EMP-002391,LOC-0001,Ricky Hubbard,Production,Technician,2024-01-13,Active
2357,EMP-002392,LOC-0032,Renee Alexander,Human Resources,Analyst,2023-10-07,Inactive
2358,EMP-002393,LOC-0067,Elizabeth Weber,Operations,Analyst,2022-03-05,Active
2359,EMP-002394,LOC-0005,Seth Bell,Production,Operator,2024-01-17,Active
2360,EMP-002395,LOC-0098,Adam Davis,Maintenance,Coordinator,2022-04-22,Active
2361,EMP-002396,LOC-0002,Anthony Martin,Operations,Analyst,2019-02-11,Active
2362,EMP-002397,LOC-0048,Michael Garcia,Operations,Engineer,2020-09-26,Active
2363,EMP-002398,LOC-0051,Shannon Jackson,Finance,Manager,2024-06-28,Active
2364,EMP-002399,LOC-0003,Maria Jones,Human Resources,Specialist,2024-07-10,Active
2365,EMP-002400,LOC-0026,Ian Summers,IT,Coordinator,2021-02-03,Active
2366,EMP-002401,LOC-0012,Veronica Snyder,IT,Manager,2019-06-12,Active
2367,EMP-002402,LOC-0061,Morgan Vargas,Operations,Specialist,2021-01-04,Active
2368,EMP-002403,LOC-0045,Ronald Young,IT,Analyst,2022-08-25,Active
2369,EMP-002404,LOC-0060,Kenneth Bailey,Supply Chain,Operator,2025-02-08,Active
2370,EMP-002405,LOC-0007,Anthony Farrell,Human Resources,Technician,2019-04-29,Active
2371,EMP-002406,LOC-0011,Laura Adams,Production,Operator,2021-09-03,Active
2372,EMP-002407,LOC-0023,Willie Roberts,Operations,Technician,2020-04-26,Active
2373,EMP-002408,LOC-0005,Justin Jenkins,Production,Operator,2022-03-12,Active
2374,EMP-002409,LOC-0087,Linda Kelley,Maintenance,Operator,2023-09-02,Active
2375,EMP-002411,LOC-0097,Alicia Osborne DVM,Sales,Technician,2021-07-22,Active
2376,EMP-002412,LOC-0009,Deborah Downs,IT,Manager,2019-04-06,Active
2377,EMP-002413,LOC-0020,Nicole Gonzalez,Operations,Engineer,2019-01-12,Active
2378,EMP-002414,LOC-0008,Sergio Nixon,IT,Engineer,2023-07-17,Active
2379,EMP-002415,LOC-0057,Brittany Mack,Operations,Technician,2021-08-04,Active
2380,EMP-002416,LOC-0016,Jeffery Manning,Supply Chain,Supervisor,2022-12-05,Active
2381,EMP-002417,LOC-0094,Timothy Garcia,Operations,Coordinator,2025-03-28,Active
2382,EMP-002418,LOC-0053,Hannah Warner,Production,Coordinator,2024-02-18,Active
2383,EMP-002419,LOC-0019,Brandon Price,Production,Operator,2020-11-14,Active
2384,EMP-002420,LOC-0038,Donald Burch,Supply Chain,Specialist,2019-05-08,Inactive
2385,EMP-002421,LOC-0010,Andrew Velez,Supply Chain,Technician,2020-04-04,Active
2386,EMP-002422,LOC-0025,Alyssa Jackson,IT,Engineer,2021-09-20,Active
2387,EMP-002423,LOC-0054,Jessica Smith,Human Resources,Specialist,2022-03-21,Active
2388,EMP-002424,LOC-0070,Marilyn Stephens,IT,Engineer,2022-02-02,Active
2389,EMP-002425,LOC-0060,Paul Thomas,Operations,Manager,2024-07-29,Inactive
2390,EMP-002426,LOC-0005,Lauren Barrett,Maintenance,Coordinator,2025-01-12,Inactive
2391,EMP-002427,LOC-0031,Brian Hall,Supply Chain,Analyst,2024-08-04,Active
2392,EMP-002428,LOC-0036,Robin Diaz,Supply Chain,Analyst,2020-05-07,Active
2393,EMP-002429,LOC-0027,Andrew Snyder,IT,Supervisor,2023-12-05,Active
2394,EMP-002430,LOC-0036,Daniel Gomez,Production,Analyst,2020-01-11,Active
2395,EMP-002431,LOC-0028,Tiffany Escobar,Production,Analyst,2023-03-17,Active
2396,EMP-002432,LOC-0008,Bradley Macias,Supply Chain,Technician,2024-09-05,Inactive
2397,EMP-002433,LOC-0080,Colin Sanchez,Production,Operator,2023-12-21,Active
2398,EMP-002434,LOC-0058,Curtis Stokes,Finance,Coordinator,2020-12-27,Active
2399,EMP-002435,LOC-0042,Carrie Hamilton,Operations,Coordinator,2022-12-17,Active
2400,EMP-002436,LOC-0034,Samantha Fox,IT,Operator,2023-07-20,Active
2401,EMP-002437,LOC-0005,Russell Fleming,Production,Manager,2019-11-20,Inactive
2402,EMP-002438,LOC-0029,Seth Conner,Operations,Manager,2019-12-23,Active
2403,EMP-002439,LOC-0037,Jacob Jackson,Production,Specialist,2019-04-15,Active
2404,EMP-002440,LOC-0012,Christopher Davis,IT,Operator,2021-11-14,Active
2405,EMP-002441,LOC-0044,Rhonda White,Finance,Supervisor,2025-12-23,Active
2406,EMP-002442,LOC-0085,John Johnson,Finance,Manager,2024-09-24,Inactive
2407,EMP-002443,LOC-0076,Matthew Wilson,Finance,Operator,2023-01-30,Inactive
2408,EMP-002444,LOC-0029,Kimberly Mitchell,Operations,Manager,2019-07-01,Active
2409,EMP-002445,LOC-0075,Matthew Trevino,Operations,Analyst,2022-06-08,Active
2410,EMP-002446,LOC-0052,Jeremy White,Sales,Coordinator,2020-06-28,Inactive
2411,EMP-002448,LOC-0019,Sherri Mcclain,Operations,Technician,2022-10-17,Active
2412,EMP-002449,LOC-0040,Joshua Schmidt,Production,Supervisor,2020-09-02,Active
2413,EMP-002450,LOC-0064,Amanda White,IT,Manager,2022-02-14,Active
2414,EMP-002451,LOC-0095,Timothy Jones,Production,Analyst,2023-11-06,Active
2415,EMP-002452,LOC-0058,Melanie Rodriguez,Production,Coordinator,2025-04-11,Active
2416,EMP-002453,LOC-0063,Anthony Hanson,Production,Supervisor,2024-01-24,Active
2417,EMP-002454,LOC-0039,Stephen Torres,Finance,Specialist,2020-02-22,Active
2418,EMP-002455,LOC-0059,Jared Brown,Supply Chain,Technician,2025-03-25,Active
2419,EMP-002456,LOC-0013,Allison Hoffman,Production,Supervisor,2023-11-04,Active
2420,EMP-002457,LOC-0090,Charles Harvey,Production,Analyst,2023-01-04,Active
2421,EMP-002458,LOC-0009,Michael Schwartz,Supply Chain,Supervisor,2025-07-29,Active
2422,EMP-002459,LOC-0040,Brittany Hoover,Maintenance,Manager,2020-05-29,Inactive
2423,EMP-002460,LOC-0062,Maria Taylor,Sales,Analyst,2024-06-07,Active
2424,EMP-002461,LOC-0066,Taylor Carr,Finance,Coordinator,2023-02-20,Active
2425,EMP-002462,LOC-0067,Jose Sanchez,Maintenance,Analyst,2025-09-05,Active
2426,EMP-002463,LOC-0070,David Gonzalez,Operations,Supervisor,2023-10-31,Active
2427,EMP-002464,LOC-0043,Allison Cole,IT,Manager,2022-10-24,Active
2428,EMP-002465,LOC-0002,Maria Thompson,Finance,Operator,2021-03-29,Active
2429,EMP-002466,LOC-0086,Cassandra Reyes,IT,Engineer,2025-05-14,Active
2430,EMP-002467,LOC-0078,Becky Brooks,Supply Chain,Technician,2022-08-10,Active
2431,EMP-002468,LOC-0086,Melinda Austin,Maintenance,Operator,2022-05-13,Active
2432,EMP-002469,LOC-0080,Joel Miller,Operations,Technician,2023-10-20,Active
2433,EMP-002470,LOC-0053,Michael Lee,Maintenance,Operator,2023-05-07,Active
2434,EMP-002471,LOC-0010,Andrew Johnson,Finance,Operator,2020-04-15,Active
2435,EMP-002472,LOC-0094,Kimberly Le,Operations,Supervisor,2023-03-01,Active
2436,EMP-002473,LOC-0009,Dennis Wilson,Finance,Coordinator,2020-12-28,Active
2437,EMP-002474,LOC-0085,Brian Gallagher,Finance,Coordinator,2023-12-12,Active
2438,EMP-002475,LOC-0046,Ann White,Production,Engineer,2021-01-25,Active
2439,EMP-002476,LOC-0027,Ruth Choi,Operations,Manager,2022-11-10,Active
2440,EMP-002477,LOC-0020,Mr. Kurt Shepherd,Operations,Manager,2022-09-25,Active
2441,EMP-002478,LOC-0026,Francis Rodriguez,Maintenance,Coordinator,2019-10-09,Inactive
2442,EMP-002479,LOC-0060,Christine Hill,Human Resources,Supervisor,2025-07-10,Active
2443,EMP-002480,LOC-0055,Steven Suarez,Human Resources,Technician,2025-10-08,Active
2444,EMP-002481,LOC-0068,Brittany Shelton,IT,Specialist,2022-01-08,Active
2445,EMP-002482,LOC-0003,Tyler Washington,Operations,Engineer,2024-11-18,Active
2446,EMP-002483,LOC-0062,Natalie Williams,Finance,Engineer,2024-08-18,Active
2447,EMP-002484,LOC-0061,Ashley Hickman,IT,Analyst,2023-10-16,Active
2448,EMP-002485,LOC-0009,Brandi Norton,Finance,Coordinator,2024-07-25,Active
2449,EMP-002486,LOC-0021,Nicole Martinez,Supply Chain,Supervisor,2025-03-29,Active
2450,EMP-002487,LOC-0042,Lori Brown,Maintenance,Technician,2020-11-20,Active
2451,EMP-002488,LOC-0014,Steven Frederick,Maintenance,Supervisor,2019-03-07,Active
2452,EMP-002489,LOC-0039,James Martinez,Production,Analyst,2023-10-03,Active
2453,EMP-002490,LOC-0037,Christina Johnson,IT,Coordinator,2024-12-14,Active
2454,EMP-002491,LOC-0006,Eric Levy,IT,Analyst,2019-04-23,Active
2455,EMP-002492,LOC-0066,Rebecca Jones,Maintenance,Supervisor,2019-09-01,Active
2456,EMP-002494,LOC-0024,Kellie Barnett,Operations,Operator,2020-06-04,Active
2457,EMP-002495,LOC-0069,Sandra Lee,IT,Operator,2024-08-09,Active
2458,EMP-002496,LOC-0040,Alexandra White,Supply Chain,Specialist,2020-07-25,Active
2459,EMP-002497,LOC-0016,Erika Hernandez,Production,Operator,2024-10-09,Active
2460,EMP-002498,LOC-0023,Samuel Lane,Sales,Coordinator,2021-08-30,Active
2461,EMP-002499,LOC-0095,Thomas Ramos,Sales,Specialist,2025-01-24,Active
2462,EMP-002500,LOC-0096,Cassandra Munoz,Production,Manager,2024-01-29,Active
2463,EMP-002501,LOC-0045,Marie Patterson DVM,Production,Analyst,2025-03-16,Active
2464,EMP-002502,LOC-0002,Dawn Rodriguez,Operations,Operator,2023-07-03,Active
2465,EMP-002503,LOC-0036,Nicole Brandt,Operations,Operator,2024-07-14,Active
2466,EMP-002504,LOC-0096,Daniel Cuevas,IT,Manager,2024-10-29,Active
2467,EMP-002505,LOC-0066,Michelle Smith,Sales,Analyst,2021-08-27,Active
2468,EMP-002506,LOC-0011,Ana Martinez,Production,Operator,2019-05-18,Active
2469,EMP-002507,LOC-0096,Victor Paul,Human Resources,Specialist,2025-07-01,Active
2470,EMP-002508,LOC-0031,Tammy Blackwell,Production,Analyst,2021-02-13,Active
2471,EMP-002509,LOC-0041,Angelica Nelson,Production,Technician,2020-09-06,Active
2472,EMP-002510,LOC-0021,Michelle Bates,Supply Chain,Specialist,2025-10-26,Inactive
2473,EMP-002511,LOC-0033,Olivia Carter,Operations,Engineer,2020-11-23,Inactive
2474,EMP-002512,LOC-0007,Tom Sweeney,Sales,Technician,2019-01-26,Inactive
2475,EMP-002513,LOC-0007,Edward Hernandez,Finance,Manager,2025-10-20,Active
2476,EMP-002514,LOC-0029,Jason Rodriguez,Production,Analyst,2020-10-01,Active
2477,EMP-002515,LOC-0029,Diane Wong,Operations,Manager,2019-02-12,Inactive
2478,EMP-002516,LOC-0091,Lori Bennett,Supply Chain,Operator,2025-03-31,Active
2479,EMP-002517,LOC-0021,Margaret Nelson,Human Resources,Engineer,2020-08-17,Active
2480,EMP-002518,LOC-0019,Christine Avila,IT,Specialist,2022-12-16,Active
2481,EMP-002519,LOC-0090,Dr. Nicholas Gregory,Operations,Engineer,2020-03-14,Active
2482,EMP-002520,LOC-0061,William Sellers,Production,Analyst,2024-07-08,Active
2483,EMP-002521,LOC-0062,John Casey MD,Production,Coordinator,2020-12-16,Active
2484,EMP-002522,LOC-0082,Ruth Ayala,Human Resources,Engineer,2022-09-02,Active
2485,EMP-002523,LOC-0057,Rachel Flores,Finance,Analyst,2020-02-29,Active
2486,EMP-002524,LOC-0082,Jessica Russell,IT,Operator,2024-02-10,Active
2487,EMP-002525,LOC-0018,Adam Adams,Human Resources,Coordinator,2023-06-21,Active
2488,EMP-002526,LOC-0015,Shawn Flores,Maintenance,Coordinator,2021-08-17,Active
2489,EMP-002527,LOC-0038,Jamie Lopez,Sales,Engineer,2023-05-17,Active
2490,EMP-002528,LOC-0099,Jennifer Burns,Operations,Specialist,2025-11-10,Active
2491,EMP-002529,LOC-0090,Lauren Gray,Production,Coordinator,2025-03-21,Active
2492,EMP-002530,LOC-0066,Joshua Hamilton,Operations,Analyst,2020-12-19,Active
2493,EMP-002531,LOC-0051,Robert Campbell,Finance,Engineer,2020-04-06,Active
2494,EMP-002532,LOC-0053,Sharon Newton,Supply Chain,Supervisor,2021-01-04,Active
2495,EMP-002533,LOC-0099,Michelle Bailey,IT,Analyst,2024-03-24,Active
2496,EMP-002534,LOC-0072,Kristine Miller,Maintenance,Manager,2024-07-16,Active
2497,EMP-002535,LOC-0021,Christopher Howard,Supply Chain,Manager,2024-05-31,Active
2498,EMP-002536,LOC-0018,Kenneth Hernandez,Supply Chain,Engineer,2024-07-10,Active
2499,EMP-002537,LOC-0034,Jose Cordova,Operations,Supervisor,2022-10-14,Active
2500,EMP-002538,LOC-0087,Ryan Moore,Operations,Analyst,2019-02-23,Active
2501,EMP-002539,LOC-0047,Jennifer Frederick,Supply Chain,Technician,2024-04-30,Active
2502,EMP-002540,LOC-0096,Melissa Davis,Operations,Technician,2022-12-16,Active
2503,EMP-002541,LOC-0045,Anthony Riley,Operations,Manager,2022-07-21,Active
2504,EMP-002542,LOC-0072,Nathaniel Bush,Operations,Operator,2020-11-23,Active
2505,EMP-002543,LOC-0031,Gabriela Perez,Finance,Analyst,2021-05-26,Active
2506,EMP-002544,LOC-0068,Joan Flowers,Supply Chain,Engineer,2019-03-23,Active
2507,EMP-002545,LOC-0039,Lisa Reese,IT,Coordinator,2024-08-05,Active
2508,EMP-002546,LOC-0054,Derek Ruiz,Maintenance,Technician,2021-08-23,Active
2509,EMP-002547,LOC-0030,Roger Moore,Operations,Specialist,2023-09-24,Active
2510,EMP-002548,LOC-0027,Tracie Salas,Operations,Coordinator,2023-09-16,Active
2511,EMP-002549,LOC-0033,Chelsea Hawkins,Operations,Analyst,2020-09-21,Active
2512,EMP-002550,LOC-0020,Kathleen Smith,Supply Chain,Coordinator,2021-01-25,Active
2513,EMP-002551,LOC-0034,Anthony Jones,Supply Chain,Specialist,2023-08-03,Active
2514,EMP-002552,LOC-0078,Steven Ochoa,Finance,Manager,2020-11-30,Active
2515,EMP-002553,LOC-0058,Ernest Cox,Production,Manager,2019-03-23,Active
2516,EMP-002554,LOC-0057,Angel Ramirez,IT,Engineer,2023-02-09,Active
2517,EMP-002555,LOC-0024,Raymond Smith,Operations,Analyst,2024-11-03,Inactive
2518,EMP-002556,LOC-0085,Edwin Phillips,Maintenance,Coordinator,2022-01-25,Active
2519,EMP-002557,LOC-0075,Michael Powell,Operations,Manager,2023-10-19,Active
2520,EMP-002558,LOC-0089,Jon Anderson,Maintenance,Specialist,2020-08-24,Active
2521,EMP-002559,LOC-0057,Kelly Roth,IT,Coordinator,2023-08-14,Active
2522,EMP-002560,LOC-0004,Ann Fisher,Finance,Specialist,2025-12-11,Active
2523,EMP-002561,LOC-0072,Denise Garcia,Operations,Coordinator,2021-03-11,Active
2524,EMP-002562,LOC-0096,Jacob Carter,Operations,Manager,2021-05-17,Active
2525,EMP-002563,LOC-0076,Laura Taylor,Operations,Manager,2020-07-20,Active
2526,EMP-002564,LOC-0064,Anthony Patterson,Maintenance,Operator,2019-07-31,Active
2527,EMP-002565,LOC-0096,Larry Lozano,Supply Chain,Coordinator,2025-11-14,Active
2528,EMP-002566,LOC-0049,Mrs. Shannon Martin,Maintenance,Manager,2021-08-30,Active
2529,EMP-002567,LOC-0078,Stephanie Cobb,Production,Coordinator,2024-06-05,Active
2530,EMP-002568,LOC-0005,Katie Orozco,Finance,Engineer,2025-06-14,Active
2531,EMP-002569,LOC-0013,Tara Garcia,IT,Supervisor,2022-03-05,Active
2532,EMP-002570,LOC-0031,Kenneth Reeves,Sales,Manager,2023-09-10,Active
2533,EMP-002571,LOC-0050,Kimberly Peters,Supply Chain,Manager,2024-01-03,Active
2534,EMP-002572,LOC-0027,Daniel Galvan,IT,Specialist,2020-11-02,Inactive
2535,EMP-002573,LOC-0071,Gabriel Ware,Operations,Specialist,2025-02-10,Active
2536,EMP-002574,LOC-0089,Julia Conway,Operations,Operator,2024-02-17,Active
2537,EMP-002575,LOC-0092,Tanya Sheppard,Human Resources,Technician,2019-11-19,Inactive
2538,EMP-002576,LOC-0035,Sarah Miller,Sales,Analyst,2020-02-03,Active
2539,EMP-002577,LOC-0084,Steven Anderson,Maintenance,Engineer,2025-01-12,Active
2540,EMP-002578,LOC-0034,John Cannon,Human Resources,Specialist,2020-03-10,Active
2541,EMP-002579,LOC-0037,Brandon Guzman,Maintenance,Specialist,2023-07-21,Active
2542,EMP-002580,LOC-0037,Stephanie Martin,Sales,Engineer,2021-03-16,Active
2543,EMP-002581,LOC-0065,Christine Harding,Sales,Supervisor,2023-09-26,Active
2544,EMP-002582,LOC-0090,Raymond Rogers,Human Resources,Analyst,2019-06-18,Active
2545,EMP-002583,LOC-0057,Jessica Parks,Finance,Coordinator,2024-01-17,Active
2546,EMP-002584,LOC-0086,Samantha Williams,Sales,Coordinator,2023-09-30,Active
2547,EMP-002585,LOC-0071,Tyrone Lin,IT,Technician,2020-12-03,Active
2548,EMP-002586,LOC-0075,Dennis Berry,Maintenance,Coordinator,2020-09-20,Active
2549,EMP-002587,LOC-0079,Laura Villanueva,Production,Technician,2023-11-18,Active
2550,EMP-002588,LOC-0064,Brandon Perkins,IT,Specialist,2022-03-26,Active
2551,EMP-002589,LOC-0024,Robert Williams,Maintenance,Operator,2024-02-02,Active
2552,EMP-002590,LOC-0081,Sarah Silva,Sales,Operator,2025-04-21,Active
2553,EMP-002591,LOC-0047,Laura Charles,Supply Chain,Coordinator,2023-04-20,Active
2554,EMP-002592,LOC-0100,Kristy Wood,IT,Engineer,2025-03-16,Active
2555,EMP-002593,LOC-0004,Juan Rush,Production,Supervisor,2019-05-28,Active
2556,EMP-002594,LOC-0062,Christopher Gonzalez,Operations,Manager,2023-09-02,Active
2557,EMP-002595,LOC-0025,Shelby Campbell,Production,Technician,2024-09-30,Active
2558,EMP-002596,LOC-0001,William Mayo,Production,Manager,2023-11-15,Active
2559,EMP-002597,LOC-0063,Michelle Gomez,Operations,Supervisor,2023-09-08,Active
2560,EMP-002598,LOC-0040,Collin Johnson,Production,Technician,2025-02-15,Active
2561,EMP-002599,LOC-0022,Brittany Cole,Maintenance,Specialist,2019-03-11,Active
2562,EMP-002600,LOC-0036,Victoria Hamilton,IT,Coordinator,2025-12-24,Active
2563,EMP-002601,LOC-0064,Kathryn Griffin,Finance,Specialist,2023-08-03,Active
2564,EMP-002602,LOC-0035,John Brewer,Human Resources,Coordinator,2025-11-01,Active
2565,EMP-002603,LOC-0035,Raymond Lara,Production,Coordinator,2025-08-21,Active
2566,EMP-002604,LOC-0023,Daniel Le,Maintenance,Supervisor,2020-03-13,Active
2567,EMP-002605,LOC-0074,Anthony Martin,IT,Technician,2023-03-14,Inactive
2568,EMP-002606,LOC-0059,Alyssa Smith,Operations,Coordinator,2023-06-01,Active
2569,EMP-002607,LOC-0051,Jonathan Jacobs,Sales,Analyst,2022-05-01,Active
2570,EMP-002608,LOC-0020,Jared Murphy,Maintenance,Operator,2022-02-13,Active
2571,EMP-002609,LOC-0009,Cindy Fields,Human Resources,Supervisor,2022-12-03,Active
2572,EMP-002610,LOC-0082,Gregory Carrillo,Production,Manager,2020-09-30,Active
2573,EMP-002611,LOC-0040,Erica Potter,Maintenance,Coordinator,2019-05-12,Active
2574,EMP-002612,LOC-0056,Kelly Carson,Maintenance,Manager,2021-10-05,Active
2575,EMP-002613,LOC-0087,Chad Tucker,Human Resources,Supervisor,2025-06-28,Active
2576,EMP-002614,LOC-0078,Sheryl Garcia,Production,Analyst,2025-12-21,Active
2577,EMP-002615,LOC-0054,Evan Horn,Sales,Coordinator,2020-09-17,Active
2578,EMP-002616,LOC-0093,Mary Charles,IT,Technician,2025-01-01,Active
2579,EMP-002617,LOC-0026,Fernando Taylor,Maintenance,Manager,2024-10-07,Active
2580,EMP-002618,LOC-0056,Robert Scott,Sales,Operator,2021-01-25,Active
2581,EMP-002619,LOC-0030,Chris Leonard,Sales,Coordinator,2022-05-01,Active
2582,EMP-002620,LOC-0009,Carl Miller,Production,Analyst,2022-10-11,Active
2583,EMP-002621,LOC-0043,Ryan Taylor,Operations,Coordinator,2019-06-09,Active
2584,EMP-002622,LOC-0026,Robert Perez,Sales,Technician,2020-06-08,Active
2585,EMP-002623,LOC-0088,Tina Buckley,Sales,Specialist,2023-11-23,Active
2586,EMP-002624,LOC-0064,Jessica Carpenter,Operations,Coordinator,2020-07-15,Active
2587,EMP-002625,LOC-0073,Pamela Larson,Operations,Manager,2023-05-23,Active
2588,EMP-002626,LOC-0066,Deborah Clark,Human Resources,Technician,2021-09-06,Active
2589,EMP-002627,LOC-0024,Jonathan Johnson,Operations,Engineer,2023-11-24,Active
2590,EMP-002628,LOC-0038,Charles Webb,Human Resources,Coordinator,2020-06-17,Active
2591,EMP-002629,LOC-0005,Bradley Riggs,Production,Manager,2021-10-28,Inactive
2592,EMP-002630,LOC-0057,Benjamin Obrien,Maintenance,Analyst,2021-08-28,Active
2593,EMP-002632,LOC-0040,George Moore,Human Resources,Operator,2022-02-13,Active
2594,EMP-002633,LOC-0049,David Griffin,Finance,Supervisor,2024-05-20,Active
2595,EMP-002634,LOC-0040,Mrs. Amy Montgomery MD,Finance,Supervisor,2021-01-21,Active
2596,EMP-002635,LOC-0035,Benjamin Mcmillan,Maintenance,Manager,2023-04-24,Active
2597,EMP-002636,LOC-0075,Aaron Marks,Operations,Engineer,2020-09-25,Active
2598,EMP-002637,LOC-0060,Jeremy Williams,Maintenance,Operator,2021-02-19,Inactive
2599,EMP-002638,LOC-0019,Jason Miller,Operations,Engineer,2023-09-11,Active
2600,EMP-002639,LOC-0088,Alexis Rivers,Maintenance,Technician,2023-01-01,Active
2601,EMP-002640,LOC-0030,Christina Parrish,Maintenance,Coordinator,2025-06-17,Active
2602,EMP-002641,LOC-0020,Victoria Garrett,Sales,Engineer,2021-02-21,Active
2603,EMP-002642,LOC-0004,Dakota Baker,Operations,Operator,2024-05-23,Active
2604,EMP-002643,LOC-0087,Michael Elliott,Finance,Coordinator,2020-07-22,Active
2605,EMP-002644,LOC-0072,Cathy Perry,Operations,Operator,2020-08-13,Active
2606,EMP-002645,LOC-0044,Eric Hernandez,IT,Specialist,2025-01-16,Active
2607,EMP-002646,LOC-0052,Troy Mcgrath,Maintenance,Operator,2025-04-21,Active
2608,EMP-002647,LOC-0051,Sarah Woods,Finance,Engineer,2021-04-09,Active
2609,EMP-002648,LOC-0023,Richard Tate,Supply Chain,Supervisor,2020-07-15,Active
2610,EMP-002649,LOC-0044,Jay Lester,Human Resources,Coordinator,2019-12-30,Active
2611,EMP-002650,LOC-0022,Mark Ramirez,Sales,Operator,2024-02-17,Active
2612,EMP-002651,LOC-0071,Julie Mcclure,Production,Supervisor,2020-10-26,Active
2613,EMP-002652,LOC-0098,Margaret Nguyen,Human Resources,Manager,2021-12-21,Active
2614,EMP-002653,LOC-0002,Stuart Mitchell,Production,Specialist,2020-08-15,Active
2615,EMP-002654,LOC-0093,Laura Atkinson,Sales,Supervisor,2021-04-30,Active
2616,EMP-002655,LOC-0074,Victoria Hernandez,Production,Technician,2022-01-14,Active
2617,EMP-002656,LOC-0024,Joseph Holt,Production,Manager,2020-01-05,Active
2618,EMP-002657,LOC-0060,Dr. Casey Conner,Operations,Technician,2025-03-07,Active
2619,EMP-002658,LOC-0082,Keith Brown,Production,Operator,2025-06-29,Active
2620,EMP-002659,LOC-0039,Lisa Miller,Operations,Analyst,2025-06-05,Active
2621,EMP-002660,LOC-0099,Catherine Miller,Human Resources,Analyst,2024-07-23,Active
2622,EMP-002661,LOC-0023,Carol Wall,Production,Technician,2025-04-18,Active
2623,EMP-002662,LOC-0031,Andrew Adams,Finance,Manager,2022-10-10,Active
2624,EMP-002663,LOC-0082,Ryan Carrillo,Supply Chain,Technician,2025-02-09,Active
2625,EMP-002664,LOC-0062,Jennifer Cox,Operations,Manager,2019-10-21,Active
2626,EMP-002665,LOC-0042,Phillip Smith,IT,Engineer,2020-02-12,Active
2627,EMP-002666,LOC-0021,Debra Wright,Production,Supervisor,2023-02-24,Active
2628,EMP-002667,LOC-0048,Shelly Green,IT,Coordinator,2020-05-03,Inactive
2629,EMP-002668,LOC-0056,Jo Garcia,Maintenance,Operator,2020-03-11,Active
2630,EMP-002669,LOC-0046,Jacqueline Townsend,Maintenance,Supervisor,2021-05-05,Active
2631,EMP-002670,LOC-0069,Sandra Blevins,Operations,Specialist,2021-05-19,Active
2632,EMP-002671,LOC-0064,Derrick Payne,Supply Chain,Supervisor,2023-01-10,Active
2633,EMP-002672,LOC-0022,Jessica Gonzales,Supply Chain,Analyst,2019-08-31,Active
2634,EMP-002673,LOC-0094,Megan Wilkins,Sales,Coordinator,2019-01-20,Active
2635,EMP-002674,LOC-0066,Larry Dunn,Operations,Engineer,2019-10-14,Active
2636,EMP-002675,LOC-0057,Judith Bright,Human Resources,Analyst,2024-07-05,Active
2637,EMP-002676,LOC-0077,Jeffrey Austin,Production,Operator,2024-01-24,Active
2638,EMP-002677,LOC-0064,Kelly Hernandez,Supply Chain,Manager,2019-01-23,Active
2639,EMP-002678,LOC-0048,Julie Boyle,Supply Chain,Coordinator,2022-02-28,Active
2640,EMP-002679,LOC-0013,Shawn Davidson,Supply Chain,Supervisor,2023-09-04,Active
2641,EMP-002680,LOC-0036,Anne Drake,Human Resources,Coordinator,2020-12-19,Active
2642,EMP-002681,LOC-0053,Linda Kennedy,IT,Specialist,2024-11-14,Active
2643,EMP-002682,LOC-0093,Rachel Barnes,Production,Manager,2019-04-08,Active
2644,EMP-002683,LOC-0069,Katelyn Bailey,Production,Supervisor,2025-02-03,Active
2645,EMP-002684,LOC-0018,James Powell,Production,Manager,2021-04-23,Active
2646,EMP-002685,LOC-0059,Sara Shields,Human Resources,Operator,2024-07-12,Active
2647,EMP-002686,LOC-0096,Randy Klein,IT,Operator,2024-03-09,Active
2648,EMP-002687,LOC-0046,Rita Foster,Maintenance,Technician,2020-03-06,Active
2649,EMP-002688,LOC-0052,Michelle Schwartz,IT,Analyst,2025-12-28,Active
2650,EMP-002689,LOC-0051,Samuel Frye,Human Resources,Operator,2022-03-18,Active
2651,EMP-002690,LOC-0067,Jessica Tran,Operations,Engineer,2024-07-06,Active
2652,EMP-002691,LOC-0038,Jason Romero,Operations,Specialist,2021-09-06,Active
2653,EMP-002692,LOC-0043,Carlos Torres,Human Resources,Coordinator,2025-10-18,Inactive
2654,EMP-002693,LOC-0099,Lauren Preston,Operations,Analyst,2019-07-24,Active
2655,EMP-002694,LOC-0039,Laura Eaton,Human Resources,Operator,2025-09-14,Active
2656,EMP-002695,LOC-0057,Anthony Allen,Sales,Operator,2021-03-11,Active
2657,EMP-002696,LOC-0069,Susan Gonzales,IT,Technician,2024-03-14,Active
2658,EMP-002697,LOC-0012,Matthew Greene,Operations,Supervisor,2019-05-08,Active
2659,EMP-002698,LOC-0032,James Pierce,Operations,Coordinator,2021-08-17,Active
2660,EMP-002699,LOC-0044,Michael Lee,Operations,Analyst,2022-06-11,Active
2661,EMP-002700,LOC-0014,Michael Bailey,Production,Technician,2023-09-07,Active
2662,EMP-002701,LOC-0034,Angela Moore,Human Resources,Technician,2023-11-15,Active
2663,EMP-002702,LOC-0070,Susan Terry,Operations,Coordinator,2020-02-02,Active
2664,EMP-002703,LOC-0053,Mary Davies,Production,Supervisor,2023-01-07,Active
2665,EMP-002704,LOC-0002,Alexis Fernandez PhD,Human Resources,Specialist,2022-09-19,Active
2666,EMP-002705,LOC-0053,William Lopez,IT,Engineer,2024-01-22,Active
2667,EMP-002706,LOC-0053,Krystal Garcia,IT,Specialist,2024-11-29,Active
2668,EMP-002707,LOC-0089,Grace Thompson,Sales,Technician,2024-09-23,Active
2669,EMP-002708,LOC-0019,Michelle Smith,Operations,Supervisor,2020-05-01,Active
2670,EMP-002709,LOC-0015,Anthony Johnson,Operations,Engineer,2019-07-29,Active
2671,EMP-002710,LOC-0066,Tracy Gilmore,Supply Chain,Coordinator,2025-10-01,Active
2672,EMP-002711,LOC-0040,Dylan Matthews,Operations,Operator,2024-05-09,Inactive
2673,EMP-002712,LOC-0040,Brianna Johnson,Sales,Analyst,2020-01-14,Active
2674,EMP-002713,LOC-0076,Elizabeth Bennett,Production,Operator,2019-03-10,Active
2675,EMP-002714,LOC-0051,Seth Smith,Operations,Manager,2023-01-11,Active
2676,EMP-002715,LOC-0081,Roy Williams,Finance,Manager,2021-01-10,Active
2677,EMP-002716,LOC-0053,Anna Meyer,IT,Manager,2025-03-29,Active
2678,EMP-002717,LOC-0086,Christopher Smith,Operations,Coordinator,2024-01-03,Active
2679,EMP-002718,LOC-0090,Carol Garcia,Production,Technician,2023-01-18,Active
2680,EMP-002719,LOC-0074,Nancy Vazquez,Sales,Supervisor,2019-06-18,Active
2681,EMP-002720,LOC-0075,Brenda Ramirez,Production,Specialist,2022-05-14,Active
2682,EMP-002721,LOC-0051,Sarah Ward,Production,Manager,2024-06-26,Active
2683,EMP-002722,LOC-0063,Mark Moore,Operations,Analyst,2020-10-10,Active
2684,EMP-002723,LOC-0022,Timothy Small,Operations,Engineer,2020-01-15,Active
2685,EMP-002724,LOC-0024,Michael Beltran,Operations,Supervisor,2025-10-17,Active
2686,EMP-002725,LOC-0081,Michael Schaefer,Operations,Specialist,2019-08-16,Active
2687,EMP-002726,LOC-0098,Alicia Paul,Sales,Coordinator,2019-04-17,Active
2688,EMP-002727,LOC-0007,Anthony Chapman,Maintenance,Manager,2022-09-02,Active
2689,EMP-002728,LOC-0048,Heather Davis,Operations,Analyst,2019-07-09,Active
2690,EMP-002729,LOC-0083,Lori Williams,Production,Supervisor,2024-03-22,Active
2691,EMP-002730,LOC-0028,Antonio Mcdaniel,Production,Analyst,2020-05-07,Active
2692,EMP-002731,LOC-0095,Dr. Kristen Wilkinson MD,Supply Chain,Supervisor,2025-09-01,Active
2693,EMP-002732,LOC-0041,Cheryl Peterson,Operations,Coordinator,2020-05-30,Active
2694,EMP-002733,LOC-0020,Amy Johnson,IT,Specialist,2025-11-21,Active
2695,EMP-002734,LOC-0016,Robert Weber,Sales,Analyst,2025-12-22,Inactive
2696,EMP-002735,LOC-0079,Stephen Miller,Production,Specialist,2024-01-30,Active
2697,EMP-002736,LOC-0057,Joel Joseph,Production,Supervisor,2022-05-11,Active
2698,EMP-002737,LOC-0080,Karen Simpson,Maintenance,Technician,2025-07-07,Active
2699,EMP-002738,LOC-0069,Leah Johnson,Supply Chain,Manager,2025-12-22,Active
2700,EMP-002739,LOC-0020,David Allen,IT,Engineer,2020-01-12,Active
2701,EMP-002740,LOC-0052,Gary Moody,IT,Operator,2023-09-27,Inactive
2702,EMP-002741,LOC-0091,John Brown,IT,Technician,2022-06-09,Active
2703,EMP-002742,LOC-0090,Christopher Smith,Operations,Specialist,2024-12-30,Active
2704,EMP-002743,LOC-0012,Richard Clark,IT,Manager,2023-05-11,Active
2705,EMP-002744,LOC-0026,John Walker,Production,Specialist,2024-05-25,Active
2706,EMP-002745,LOC-0081,Kevin Padilla,Operations,Operator,2020-02-28,Active
2707,EMP-002746,LOC-0046,Stephanie Moore,Supply Chain,Technician,2023-12-16,Active
2708,EMP-002747,LOC-0031,Brandon Shea,Supply Chain,Analyst,2019-11-18,Active
2709,EMP-002748,LOC-0016,Kelsey Campbell,IT,Manager,2025-11-22,Active
2710,EMP-002749,LOC-0058,Jerry Stevens,Supply Chain,Analyst,2021-03-25,Active
2711,EMP-002750,LOC-0004,Matthew Cox,Operations,Coordinator,2020-10-19,Active
2712,EMP-002751,LOC-0080,Mark Salazar,Operations,Technician,2023-11-30,Active
2713,EMP-002752,LOC-0018,Stephen Morales,Sales,Manager,2022-04-14,Inactive
2714,EMP-002753,LOC-0052,Julie Allen,Supply Chain,Operator,2022-08-19,Active
2715,EMP-002754,LOC-0081,Larry Simmons,Operations,Technician,2025-11-04,Active
2716,EMP-002755,LOC-0041,Kimberly Snow,Human Resources,Supervisor,2019-10-13,Active
2717,EMP-002756,LOC-0064,Justin Butler,Sales,Technician,2019-04-24,Active
2718,EMP-002757,LOC-0025,Gene Johnson DVM,IT,Operator,2019-03-13,Active
2719,EMP-002758,LOC-0047,Andrea Hernandez,Maintenance,Technician,2023-03-20,Active
2720,EMP-002759,LOC-0072,Nicole Gardner,Maintenance,Manager,2021-08-30,Active
2721,EMP-002760,LOC-0018,Nathan White,Production,Technician,2021-07-27,Active
2722,EMP-002761,LOC-0084,Anita Nolan,Finance,Specialist,2023-10-31,Active
2723,EMP-002762,LOC-0047,David Watkins,IT,Manager,2021-10-14,Active
2724,EMP-002763,LOC-0019,Anthony Murphy,Operations,Coordinator,2023-03-06,Active
2725,EMP-002764,LOC-0058,Cameron Kaufman,Operations,Manager,2021-03-11,Active
2726,EMP-002765,LOC-0001,Corey Monroe,Production,Supervisor,2019-12-20,Active
2727,EMP-002766,LOC-0030,Brenda Cox,Maintenance,Coordinator,2024-08-13,Active
2728,EMP-002767,LOC-0019,Brian Silva,Production,Engineer,2023-04-19,Active
2729,EMP-002768,LOC-0005,David Reilly,Operations,Supervisor,2022-07-10,Active
2730,EMP-002769,LOC-0014,James Blackwell,Production,Analyst,2019-03-20,Active
2731,EMP-002770,LOC-0092,Maria Contreras,Production,Operator,2025-01-15,Active
2732,EMP-002771,LOC-0031,Jeffrey Montgomery,Operations,Operator,2019-02-04,Active
2733,EMP-002772,LOC-0061,Beth Hoover,Operations,Engineer,2024-09-27,Active
2734,EMP-002773,LOC-0090,Brian Rivera,Supply Chain,Engineer,2021-05-04,Active
2735,EMP-002774,LOC-0045,Tracy Conley,Sales,Supervisor,2023-09-01,Active
2736,EMP-002775,LOC-0005,Janice Gregory,Operations,Coordinator,2022-09-14,Active
2737,EMP-002776,LOC-0021,Sarah Bean,Production,Analyst,2019-05-21,Active
2738,EMP-002777,LOC-0058,Lorraine Morris,Maintenance,Manager,2019-03-10,Active
2739,EMP-002778,LOC-0010,Charlene Jones,IT,Technician,2023-09-05,Active
2740,EMP-002779,LOC-0016,Billy Rogers,IT,Engineer,2024-02-21,Active
2741,EMP-002780,LOC-0011,Rebekah Davila,Operations,Manager,2021-08-01,Active
2742,EMP-002781,LOC-0036,Kevin Davis,Production,Coordinator,2024-08-04,Active
2743,EMP-002782,LOC-0085,Richard Reid,Operations,Specialist,2024-10-10,Active
2744,EMP-002783,LOC-0019,Justin Calderon,Maintenance,Manager,2025-11-19,Active
2745,EMP-002784,LOC-0087,Daniel Gould,Operations,Engineer,2024-09-30,Active
2746,EMP-002785,LOC-0063,Vanessa Cortez,Supply Chain,Manager,2020-03-10,Active
2747,EMP-002786,LOC-0035,Daniel Potter,Sales,Analyst,2021-03-10,Active
2748,EMP-002787,LOC-0021,Alexis Ross,Operations,Specialist,2019-06-17,Active
2749,EMP-002788,LOC-0076,James Campbell,Operations,Supervisor,2022-03-21,Active
2750,EMP-002789,LOC-0087,Angela Meyers,IT,Coordinator,2025-08-21,Active
2751,EMP-002790,LOC-0003,Bill Hall,Sales,Operator,2023-08-25,Active
2752,EMP-002791,LOC-0017,Jason Watson,Operations,Analyst,2023-05-21,Active
2753,EMP-002792,LOC-0086,Laurie Moody,Operations,Coordinator,2023-07-05,Active
2754,EMP-002793,LOC-0010,Michael Anderson,Sales,Specialist,2023-09-06,Active
2755,EMP-002794,LOC-0045,Crystal Harris,Production,Technician,2021-05-26,Active
2756,EMP-002795,LOC-0040,Austin Munoz,Maintenance,Coordinator,2024-05-31,Inactive
2757,EMP-002796,LOC-0057,Robert Mcmillan,Supply Chain,Manager,2022-01-17,Inactive
2758,EMP-002797,LOC-0011,Derrick Baldwin,Sales,Supervisor,2021-02-20,Active
2759,EMP-002798,LOC-0086,Marc Wyatt,Maintenance,Manager,2022-08-09,Active
2760,EMP-002799,LOC-0064,Jason Wells,IT,Operator,2023-08-05,Active
2761,EMP-002800,LOC-0088,Matthew Allison,Human Resources,Coordinator,2020-06-01,Active
2762,EMP-002801,LOC-0099,Jenna Mills,Operations,Technician,2023-05-03,Active
2763,EMP-002802,LOC-0036,Elizabeth Ryan,Production,Manager,2024-02-10,Active
2764,EMP-002803,LOC-0057,Christian Singh,Operations,Coordinator,2020-02-28,Active
2765,EMP-002804,LOC-0066,Kimberly Benson,Production,Operator,2024-06-03,Inactive
2766,EMP-002805,LOC-0098,Dr. Joan Buchanan,Operations,Supervisor,2024-09-17,Active
2767,EMP-002806,LOC-0049,Rebecca Nichols,Operations,Analyst,2021-11-28,Active
2768,EMP-002807,LOC-0029,Nichole Davis,Maintenance,Technician,2022-07-26,Active
2769,EMP-002808,LOC-0055,Christopher Barton,Operations,Technician,2020-07-26,Active
2770,EMP-002809,LOC-0031,Daniel Fischer,Operations,Supervisor,2023-04-01,Active
2771,EMP-002810,LOC-0023,Jeffrey Peterson,Operations,Manager,2021-06-03,Active
2772,EMP-002811,LOC-0098,Holly Griffith,Sales,Supervisor,2025-04-17,Active
2773,EMP-002812,LOC-0072,Shannon Wood,Operations,Engineer,2022-01-12,Active
2774,EMP-002813,LOC-0029,David Sullivan,Production,Specialist,2023-05-28,Active
2775,EMP-002814,LOC-0002,Felicia Ewing,IT,Coordinator,2024-03-31,Active
2776,EMP-002815,LOC-0032,Corey Cline,Production,Technician,2021-12-06,Active
2777,EMP-002816,LOC-0016,Robert Marks,Operations,Manager,2022-11-05,Active
2778,EMP-002817,LOC-0028,Debra Rodriguez,IT,Technician,2021-04-18,Active
2779,EMP-002818,LOC-0088,Brent Foster,Operations,Engineer,2023-06-13,Active
2780,EMP-002819,LOC-0020,Adam Brown,Production,Coordinator,2023-03-04,Active
2781,EMP-002820,LOC-0086,Michele Perez,Operations,Coordinator,2021-01-09,Active
2782,EMP-002821,LOC-0015,Erik Harper,Operations,Analyst,2020-02-28,Active
2783,EMP-002822,LOC-0005,Jason Ross,Operations,Technician,2023-05-21,Active
2784,EMP-002823,LOC-0099,Samantha Lyons,Sales,Manager,2021-03-25,Active
2785,EMP-002824,LOC-0096,Roger Brooks,Supply Chain,Engineer,2019-07-05,Active
2786,EMP-002825,LOC-0044,Erica Russell,Supply Chain,Operator,2025-09-13,Active
2787,EMP-002826,LOC-0011,Cynthia Simpson,IT,Analyst,2025-01-14,Active
2788,EMP-002827,LOC-0033,Kristopher Robinson,Finance,Supervisor,2021-11-12,Active
2789,EMP-002828,LOC-0050,Lauren Obrien,Finance,Engineer,2020-04-16,Active
2790,EMP-002829,LOC-0034,James Miller,Supply Chain,Supervisor,2025-09-07,Active
2791,EMP-002830,LOC-0067,Charles Williams,Production,Engineer,2022-11-05,Active
2792,EMP-002831,LOC-0091,Thomas Wyatt,Maintenance,Coordinator,2020-07-01,Active
2793,EMP-002832,LOC-0034,Zachary Graham,Sales,Supervisor,2023-12-23,Active
2794,EMP-002833,LOC-0058,Matthew Blankenship,Operations,Operator,2020-03-02,Active
2795,EMP-002834,LOC-0019,Jacqueline Moreno,Operations,Supervisor,2022-09-19,Active
2796,EMP-002835,LOC-0062,Michelle Jordan,Operations,Manager,2020-08-19,Inactive
2797,EMP-002836,LOC-0011,Adrian Kelley,Production,Supervisor,2025-06-23,Active
2798,EMP-002837,LOC-0055,David Pace,Production,Operator,2025-02-20,Active
2799,EMP-002838,LOC-0044,Renee Brown,Operations,Coordinator,2025-07-31,Active
2800,EMP-002839,LOC-0081,Scott Barrett,Human Resources,Operator,2020-05-07,Active
2801,EMP-002840,LOC-0065,Jeffrey Juarez,Supply Chain,Engineer,2024-08-22,Active
2802,EMP-002841,LOC-0020,Patricia Cobb,Supply Chain,Coordinator,2025-05-19,Active
2803,EMP-002842,LOC-0074,Kevin Cohen,Production,Supervisor,2024-09-19,Active
2804,EMP-002843,LOC-0098,Danielle Patrick,Human Resources,Coordinator,2022-02-05,Active
2805,EMP-002844,LOC-0100,Dr. Justin Flores,Operations,Technician,2019-12-22,Active
2806,EMP-002845,LOC-0018,Jamie Vazquez,Production,Analyst,2022-09-25,Active
2807,EMP-002846,LOC-0031,Nicholas Villanueva,Operations,Engineer,2025-08-31,Active
2808,EMP-002847,LOC-0077,Mrs. Patty Campbell,Production,Technician,2021-05-18,Active
2809,EMP-002848,LOC-0023,Edward Hampton,Supply Chain,Coordinator,2021-05-01,Active
2810,EMP-002849,LOC-0017,Alexandra Hudson,Sales,Manager,2024-11-26,Active
2811,EMP-002850,LOC-0014,Thomas Rodriguez,Operations,Technician,2020-03-18,Active
2812,EMP-002851,LOC-0088,Maria Gomez,Sales,Manager,2020-12-30,Active
2813,EMP-002852,LOC-0018,Stephanie Morales,Supply Chain,Engineer,2024-06-26,Active
2814,EMP-002853,LOC-0089,Carly Black,Sales,Supervisor,2020-10-30,Active
2815,EMP-002854,LOC-0077,Robert Payne,Operations,Coordinator,2019-03-18,Active
2816,EMP-002855,LOC-0001,Virginia Vasquez,Sales,Manager,2025-12-21,Active
2817,EMP-002856,LOC-0082,Lisa Potts,Operations,Operator,2023-03-07,Active
2818,EMP-002857,LOC-0017,Douglas Casey,Operations,Operator,2021-12-30,Active
2819,EMP-002858,LOC-0081,Lisa Smith,Production,Analyst,2023-10-04,Active
2820,EMP-002859,LOC-0070,Justin Medina,Sales,Analyst,2022-08-30,Active
2821,EMP-002860,LOC-0036,Richard Sullivan,Operations,Supervisor,2020-09-08,Active
2822,EMP-002861,LOC-0028,Lisa Wiggins,Production,Specialist,2022-10-21,Active
2823,EMP-002862,LOC-0056,Anthony Johnson,Production,Manager,2022-11-16,Active
2824,EMP-002863,LOC-0058,Sharon Baker,Maintenance,Coordinator,2021-01-21,Active
2825,EMP-002864,LOC-0088,William Vaughn,Sales,Specialist,2022-10-22,Active
2826,EMP-002865,LOC-0066,Joyce Garcia,Supply Chain,Supervisor,2020-03-07,Active
2827,EMP-002866,LOC-0093,Jeffrey Olsen,Production,Analyst,2023-06-06,Active
2828,EMP-002867,LOC-0008,Jodi Edwards,Sales,Coordinator,2020-08-07,Active
2829,EMP-002868,LOC-0067,Joseph Velasquez,IT,Manager,2024-11-24,Active
2830,EMP-002869,LOC-0006,Amanda Rodriguez,Operations,Engineer,2020-04-01,Active
2831,EMP-002870,LOC-0031,William Higgins,Supply Chain,Specialist,2020-10-13,Active
2832,EMP-002871,LOC-0039,Elizabeth Smith,Operations,Technician,2023-01-08,Active
2833,EMP-002872,LOC-0089,April Campbell,IT,Manager,2023-09-23,Active
2834,EMP-002873,LOC-0034,Emily Guerra,Operations,Analyst,2020-10-31,Active
2835,EMP-002874,LOC-0078,Charles French,Supply Chain,Supervisor,2025-09-16,Active
2836,EMP-002875,LOC-0012,Chloe Ferguson,Production,Analyst,2019-02-03,Active
2837,EMP-002876,LOC-0040,Jack Anderson,Production,Coordinator,2020-09-18,Active
2838,EMP-002877,LOC-0048,Thomas Davis,IT,Engineer,2019-09-21,Active
2839,EMP-002878,LOC-0061,Cynthia Clark,Operations,Specialist,2022-01-31,Inactive
2840,EMP-002879,LOC-0049,Lance Collins,Operations,Specialist,2023-03-19,Active
2841,EMP-002880,LOC-0077,Craig Hernandez,Finance,Analyst,2025-09-06,Inactive
2842,EMP-002881,LOC-0039,Felicia Alvarado,Operations,Manager,2019-12-20,Active
2843,EMP-002882,LOC-0026,Bobby Berry,Operations,Coordinator,2023-11-11,Active
2844,EMP-002883,LOC-0046,Emily Sanders,Maintenance,Coordinator,2024-11-06,Active
2845,EMP-002884,LOC-0030,Jodi Long,IT,Manager,2021-09-15,Active
2846,EMP-002885,LOC-0002,James Shaw,Human Resources,Operator,2022-03-09,Active
2847,EMP-002886,LOC-0092,Laurie Hernandez,Sales,Supervisor,2024-06-25,Active
2848,EMP-002887,LOC-0041,Rickey Gallegos,Production,Supervisor,2021-09-19,Active
2849,EMP-002888,LOC-0036,Thomas Mccarthy,Finance,Engineer,2020-02-08,Active
2850,EMP-002889,LOC-0096,Gary Delgado,IT,Technician,2019-06-19,Active
2851,EMP-002891,LOC-0075,Victoria Kennedy,Production,Technician,2020-04-01,Active
2852,EMP-002892,LOC-0062,Mitchell Smith,Sales,Coordinator,2021-07-09,Active
2853,EMP-002893,LOC-0067,Todd Martin,Supply Chain,Analyst,2024-05-04,Active
2854,EMP-002894,LOC-0010,Heather Scott,Production,Supervisor,2024-12-29,Active
2855,EMP-002895,LOC-0052,Tracy Davis,Production,Supervisor,2024-01-06,Active
2856,EMP-002896,LOC-0069,Erica Shah,Supply Chain,Coordinator,2025-02-16,Active
2857,EMP-002897,LOC-0078,Tiffany Lara,Sales,Coordinator,2022-12-28,Active
2858,EMP-002898,LOC-0086,John Cervantes,Maintenance,Supervisor,2020-09-03,Active
2859,EMP-002899,LOC-0040,Sean Lucas,Human Resources,Manager,2019-02-27,Active
2860,EMP-002900,LOC-0072,Mariah Erickson,Production,Coordinator,2025-11-26,Active
2861,EMP-002901,LOC-0031,Jennifer Johnson,Operations,Analyst,2023-05-06,Active
2862,EMP-002902,LOC-0028,April Mitchell,Supply Chain,Manager,2025-05-10,Active
2863,EMP-002903,LOC-0080,Elizabeth Blake,Operations,Specialist,2020-04-24,Active
2864,EMP-002904,LOC-0086,Audrey Randolph DDS,Human Resources,Engineer,2023-11-19,Active
2865,EMP-002905,LOC-0003,Laura Lee,IT,Specialist,2025-08-16,Active
2866,EMP-002906,LOC-0007,Robin Perez,Production,Engineer,2023-09-25,Active
2867,EMP-002907,LOC-0075,Jillian Hendricks,IT,Supervisor,2023-09-21,Active
2868,EMP-002908,LOC-0041,Pam Mcknight,Operations,Technician,2024-09-17,Active
2869,EMP-002909,LOC-0046,Brian Atkins,Operations,Coordinator,2020-12-04,Active
2870,EMP-002910,LOC-0016,Eric Johnson,Operations,Specialist,2021-06-15,Active
2871,EMP-002911,LOC-0021,Rachel Johnson,Production,Technician,2022-04-14,Active
2872,EMP-002912,LOC-0016,Elizabeth Walker,Production,Coordinator,2025-11-19,Active
2873,EMP-002913,LOC-0081,Amy Peterson,Maintenance,Coordinator,2021-03-27,Active
2874,EMP-002914,LOC-0009,Wendy Mccullough,Production,Supervisor,2023-04-13,Active
2875,EMP-002915,LOC-0099,Heather Fernandez,Operations,Manager,2024-01-16,Inactive
2876,EMP-002916,LOC-0095,Laura Johnston,Production,Supervisor,2023-11-10,Active
2877,EMP-002917,LOC-0042,John Dunn,IT,Engineer,2021-05-18,Inactive
2878,EMP-002918,LOC-0031,Curtis Garcia,Maintenance,Technician,2025-02-19,Active
2879,EMP-002919,LOC-0084,Douglas Bowers,Operations,Operator,2024-02-29,Active
2880,EMP-002920,LOC-0094,Daniel Bernard,Production,Engineer,2025-11-25,Active
2881,EMP-002921,LOC-0088,Vanessa Meyers,Operations,Engineer,2021-08-07,Active
2882,EMP-002922,LOC-0024,Darren Smith,Maintenance,Supervisor,2022-09-25,Active
2883,EMP-002923,LOC-0092,Joel Park,Human Resources,Specialist,2023-11-08,Active
2884,EMP-002924,LOC-0027,Teresa Kennedy,Supply Chain,Operator,2020-01-12,Active
2885,EMP-002925,LOC-0017,Christian Flores,Maintenance,Coordinator,2025-12-27,Active
2886,EMP-002926,LOC-0075,Ann Thompson,Maintenance,Engineer,2022-08-21,Active
2887,EMP-002927,LOC-0083,Tim Payne,IT,Operator,2025-01-04,Active
2888,EMP-002928,LOC-0027,Sarah Martinez,IT,Supervisor,2020-06-26,Active
2889,EMP-002929,LOC-0044,Tony Graham,IT,Supervisor,2025-06-17,Active
2890,EMP-002930,LOC-0030,Michael Hays,Operations,Analyst,2019-05-02,Active
2891,EMP-002931,LOC-0092,Carolyn Gibson,IT,Manager,2025-04-05,Active
2892,EMP-002932,LOC-0068,Jacqueline Wheeler,Sales,Technician,2022-01-26,Active
2893,EMP-002933,LOC-0069,Bailey Holland,Production,Specialist,2024-05-22,Active
2894,EMP-002934,LOC-0037,Phillip Davis,Production,Operator,2021-03-14,Active
2895,EMP-002935,LOC-0009,Rebecca Bass,Production,Operator,2019-07-30,Active
2896,EMP-002936,LOC-0095,Amanda Mcdonald,Supply Chain,Specialist,2024-05-22,Inactive
2897,EMP-002937,LOC-0085,Joseph Kane,IT,Operator,2019-01-19,Active
2898,EMP-002938,LOC-0085,Elizabeth Barron,Sales,Operator,2023-01-13,Active
2899,EMP-002939,LOC-0019,Taylor Ortiz,Operations,Operator,2019-01-31,Active
2900,EMP-002940,LOC-0055,Phillip Wilson,Maintenance,Operator,2023-04-18,Active
2901,EMP-002941,LOC-0056,Brittany Wyatt,Operations,Supervisor,2021-11-18,Active
2902,EMP-002942,LOC-0053,Harry Best,Maintenance,Operator,2023-12-28,Active
2903,EMP-002944,LOC-0002,Robin Chapman,IT,Analyst,2025-04-23,Active
2904,EMP-002945,LOC-0081,Tina Daniel,Production,Manager,2025-01-01,Active
2905,EMP-002946,LOC-0024,Katrina Jones,Human Resources,Specialist,2020-11-16,Active
2906,EMP-002947,LOC-0092,Danielle Wallace,Production,Analyst,2025-02-25,Active
2907,EMP-002948,LOC-0018,Lori Hodge,Production,Engineer,2020-11-01,Active
2908,EMP-002949,LOC-0013,Lori Campos,Operations,Manager,2025-03-11,Active
2909,EMP-002950,LOC-0093,Christopher Gamble,Operations,Supervisor,2024-04-08,Active
2910,EMP-002951,LOC-0054,Darren Rice,Production,Coordinator,2023-08-03,Active
2911,EMP-002952,LOC-0079,Amanda Cruz,Production,Operator,2025-11-02,Active
2912,EMP-002953,LOC-0001,Christopher Smith,Finance,Supervisor,2025-06-22,Active
2913,EMP-002954,LOC-0009,Jeffrey Solomon,Production,Specialist,2023-11-04,Active
2914,EMP-002955,LOC-0081,Courtney Jenkins,Maintenance,Engineer,2023-07-13,Active
2915,EMP-002956,LOC-0065,Dawn Roberts,Supply Chain,Operator,2022-06-16,Active
2916,EMP-002957,LOC-0023,Taylor Nguyen,Operations,Operator,2020-12-16,Active
2917,EMP-002958,LOC-0051,Veronica Irwin,Operations,Coordinator,2021-11-24,Inactive
2918,EMP-002959,LOC-0057,Tina Campos,Maintenance,Operator,2023-01-05,Active
2919,EMP-002960,LOC-0056,Adam Lawson,Operations,Supervisor,2023-01-28,Active
2920,EMP-002961,LOC-0080,Patricia Reyes,Operations,Analyst,2023-04-17,Active
2921,EMP-002962,LOC-0097,Gloria Brown,IT,Manager,2020-06-16,Active
2922,EMP-002963,LOC-0100,Lisa Wood,IT,Operator,2020-02-21,Active
2923,EMP-002964,LOC-0060,Christopher Smith,Production,Specialist,2024-05-28,Active
2924,EMP-002966,LOC-0066,Jeffrey Delacruz,Operations,Coordinator,2022-01-09,Active
2925,EMP-002967,LOC-0009,Chad Krueger,IT,Analyst,2025-02-21,Active
2926,EMP-002969,LOC-0094,Sarah Gordon,Production,Coordinator,2025-05-18,Active
2927,EMP-002970,LOC-0013,Wayne Smith,Supply Chain,Operator,2021-04-12,Active
2928,EMP-002971,LOC-0095,Tiffany Cohen,Human Resources,Supervisor,2023-01-24,Inactive
2929,EMP-002972,LOC-0093,Patricia Ross,Human Resources,Analyst,2023-07-22,Inactive
2930,EMP-002973,LOC-0079,Carlos Ruiz,Production,Manager,2024-10-28,Active
2931,EMP-002974,LOC-0016,Ashley Wilson,Operations,Technician,2021-06-21,Active
2932,EMP-002975,LOC-0032,Brian Coffey,Supply Chain,Engineer,2024-05-15,Active
2933,EMP-002976,LOC-0045,Kathryn James,Production,Coordinator,2021-01-06,Active
2934,EMP-002977,LOC-0065,Keith Raymond,Production,Analyst,2022-05-08,Active
2935,EMP-002978,LOC-0041,Stacy Johns,Operations,Coordinator,2022-07-21,Active
2936,EMP-002979,LOC-0078,Cody Stone,Sales,Technician,2022-04-11,Active
2937,EMP-002980,LOC-0055,Rebecca Hendrix,Supply Chain,Operator,2022-04-22,Active
2938,EMP-002981,LOC-0073,Donald Pittman,Maintenance,Specialist,2025-09-26,Active
2939,EMP-002982,LOC-0017,Nicole Bush,Finance,Specialist,2020-06-03,Active
2940,EMP-002983,LOC-0095,Jimmy Mckee,Human Resources,Analyst,2020-08-10,Inactive
2941,EMP-002984,LOC-0055,Gregory Alexander,IT,Analyst,2019-12-10,Active
2942,EMP-002985,LOC-0015,Jon Mahoney,Human Resources,Engineer,2025-02-06,Active
2943,EMP-002986,LOC-0052,Sandra Cruz,Supply Chain,Manager,2022-09-02,Active
2944,EMP-002987,LOC-0031,Donna Sharp,Finance,Analyst,2024-01-01,Active
2945,EMP-002988,LOC-0012,Jessica Quinn,Production,Coordinator,2022-09-14,Active
2946,EMP-002989,LOC-0044,Mark Campbell,Operations,Operator,2022-09-23,Active
2947,EMP-002990,LOC-0098,Victoria Estrada,Sales,Technician,2020-06-06,Active
2948,EMP-002991,LOC-0074,David Gray,Production,Technician,2024-03-30,Active
2949,EMP-002992,LOC-0036,Gregory Jennings,Production,Technician,2022-07-28,Active
2950,EMP-002993,LOC-0063,Nicole Luna,Operations,Supervisor,2019-11-29,Active
2951,EMP-002994,LOC-0023,Richard Flores,IT,Specialist,2024-08-16,Active
2952,EMP-002995,LOC-0046,Rebecca Weeks,Supply Chain,Manager,2023-02-04,Active
2953,EMP-002996,LOC-0023,Gregory Smith,Human Resources,Operator,2020-09-08,Active
2954,EMP-002997,LOC-0073,Kristy Barrett,Human Resources,Engineer,2021-09-26,Active
2955,EMP-002998,LOC-0021,Cory Cole,Supply Chain,Engineer,2025-08-04,Active
2956,EMP-002999,LOC-0070,Carlos Ramirez,Finance,Supervisor,2023-03-14,Active
2957,EMP-003000,LOC-0076,Anthony Perez,Operations,Engineer,2024-04-22,Active
2958,EMP-003001,LOC-0048,Tiffany Hunt,Supply Chain,Specialist,2023-04-26,Inactive
2959,EMP-003002,LOC-0003,Julie Morgan,Sales,Operator,2021-09-26,Active
2960,EMP-003003,LOC-0043,Caleb Cole,Operations,Analyst,2023-03-30,Active
2961,EMP-003004,LOC-0043,Michael Smith,Sales,Engineer,2022-10-18,Active
2962,EMP-003005,LOC-0044,Linda Moore,Maintenance,Specialist,2021-11-29,Active
2963,EMP-003006,LOC-0092,Ashley Strickland,Production,Coordinator,2021-02-16,Active
2964,EMP-003007,LOC-0044,Debra Campbell,Maintenance,Specialist,2024-01-08,Active
2965,EMP-003008,LOC-0006,Julie Martin,Production,Engineer,2024-12-20,Active
2966,EMP-003009,LOC-0032,John Jones,Human Resources,Coordinator,2020-12-29,Active
2967,EMP-003010,LOC-0058,Krystal Webb,Sales,Analyst,2019-04-28,Active
2968,EMP-003011,LOC-0028,Laurie Turner,Maintenance,Coordinator,2021-12-19,Active
2969,EMP-003012,LOC-0055,Melanie Sanchez,Operations,Coordinator,2019-11-11,Active
2970,EMP-003013,LOC-0069,Daniel Long,Maintenance,Engineer,2022-10-23,Active
2971,EMP-003014,LOC-0088,Brian Turner,Maintenance,Manager,2019-01-08,Active
2972,EMP-003015,LOC-0048,Jason Carr,IT,Specialist,2021-09-21,Active
2973,EMP-003016,LOC-0032,Jeffrey Perkins,Supply Chain,Analyst,2025-04-12,Active
2974,EMP-003017,LOC-0005,Rebecca Farmer,Human Resources,Coordinator,2021-10-11,Active
2975,EMP-003018,LOC-0039,Matthew Perez,Maintenance,Specialist,2025-02-19,Active
2976,EMP-003019,LOC-0078,Seth Roth,Production,Technician,2020-06-03,Active
2977,EMP-003020,LOC-0083,Jack Smith,Human Resources,Technician,2025-10-09,Active
2978,EMP-003021,LOC-0100,Mark Pace,IT,Supervisor,2025-04-15,Active
2979,EMP-003022,LOC-0064,Kevin Marshall,Finance,Supervisor,2025-01-12,Active
2980,EMP-003023,LOC-0054,Gary Harper,Operations,Analyst,2019-01-02,Active
2981,EMP-003024,LOC-0099,Lisa Roberts,Production,Engineer,2020-01-27,Active
2982,EMP-003025,LOC-0008,Pamela Hampton,IT,Coordinator,2020-09-27,Active
2983,EMP-003026,LOC-0072,Eric Burgess,Sales,Manager,2020-11-06,Active
2984,EMP-003027,LOC-0065,Anna Johnson,Supply Chain,Supervisor,2023-01-18,Inactive
2985,EMP-003028,LOC-0035,Katelyn Vargas,Supply Chain,Coordinator,2023-08-08,Active
2986,EMP-003029,LOC-0061,Kimberly Myers,Human Resources,Analyst,2022-12-07,Active
2987,EMP-003030,LOC-0078,Steven Foster,Production,Operator,2025-05-30,Active
2988,EMP-003031,LOC-0042,Russell Banks,Production,Technician,2023-04-20,Active
2989,EMP-003033,LOC-0074,Adam Adams,Maintenance,Manager,2025-10-14,Active
2990,EMP-003034,LOC-0006,Jason Keller,Maintenance,Operator,2020-10-07,Active
2991,EMP-003035,LOC-0010,Donna Dunn,Human Resources,Coordinator,2022-01-19,Active
2992,EMP-003036,LOC-0033,Melody Maddox,Sales,Specialist,2025-05-20,Active
2993,EMP-003037,LOC-0097,Angela Finley,Operations,Engineer,2023-03-08,Active
2994,EMP-003038,LOC-0075,Thomas Dean,Finance,Engineer,2024-09-09,Active
2995,EMP-003039,LOC-0068,Patrick Griffin,Operations,Technician,2021-06-30,Active
2996,EMP-003040,LOC-0097,David Garcia,Supply Chain,Technician,2022-05-31,Active
2997,EMP-003041,LOC-0033,Mary Kent,Operations,Technician,2022-09-16,Active
2998,EMP-003042,LOC-0039,Teresa Williams,Operations,Coordinator,2023-11-07,Active
2999,EMP-003043,LOC-0068,Jonathan Kelly,Human Resources,Coordinator,2024-09-01,Inactive
3000,EMP-003044,LOC-0006,Stacy Johnson,Operations,Analyst,2025-01-11,Active
3001,EMP-003046,LOC-0022,Noah Nicholson,Finance,Engineer,2024-05-14,Active
3002,EMP-003047,LOC-0038,Clifford Williams,Finance,Coordinator,2020-05-22,Active
3003,EMP-003048,LOC-0073,Lauren Sanchez,Production,Supervisor,2021-10-16,Active
3004,EMP-003049,LOC-0083,John Martinez,Operations,Specialist,2025-07-16,Active
3005,EMP-003050,LOC-0063,Linda Burgess,Operations,Analyst,2019-08-25,Active
3006,EMP-003051,LOC-0062,Paula Francis,IT,Technician,2019-06-19,Active
3007,EMP-003052,LOC-0059,Nicholas Jones,Supply Chain,Supervisor,2020-04-08,Active
3008,EMP-003053,LOC-0088,Gregory Ray,IT,Specialist,2025-10-02,Inactive
3009,EMP-003054,LOC-0007,Rebecca Chung,Operations,Specialist,2021-09-08,Active
3010,EMP-003055,LOC-0084,Christopher Chavez,Supply Chain,Coordinator,2022-04-07,Inactive
3011,EMP-003056,LOC-0056,Jason Harris,Production,Analyst,2024-11-11,Active
3012,EMP-003057,LOC-0076,Jennifer Nelson,Finance,Operator,2023-05-15,Active
3013,EMP-003058,LOC-0099,Jessica Price,Sales,Analyst,2022-12-26,Active
3014,EMP-003059,LOC-0089,Tonya Finley,Operations,Operator,2021-07-15,Active
3015,EMP-003060,LOC-0046,Marie Harris,Operations,Manager,2021-06-27,Active
3016,EMP-003061,LOC-0003,Vanessa Brown,Operations,Specialist,2024-12-24,Active
3017,EMP-003062,LOC-0008,Tammy Lopez,Production,Engineer,2024-01-10,Active
3018,EMP-003063,LOC-0049,Sarah Herrera,Operations,Specialist,2020-10-27,Active
3019,EMP-003064,LOC-0028,Bradley Hicks,Operations,Supervisor,2024-12-26,Active
3020,EMP-003065,LOC-0013,Michael Torres,Maintenance,Manager,2022-04-08,Active
3021,EMP-003066,LOC-0072,Ariel Butler MD,Maintenance,Coordinator,2025-02-11,Active
3022,EMP-003067,LOC-0020,Christina Pittman,Maintenance,Specialist,2025-01-24,Active
3023,EMP-003068,LOC-0052,Kenneth Michael,Operations,Supervisor,2019-07-19,Active
3024,EMP-003069,LOC-0024,Crystal King,Operations,Manager,2023-09-21,Active
3025,EMP-003070,LOC-0051,Kyle Stephens,Supply Chain,Analyst,2024-03-26,Active
3026,EMP-003071,LOC-0098,Adam Hull,Operations,Specialist,2020-08-07,Active
3027,EMP-003072,LOC-0079,Derek Hines,Maintenance,Technician,2020-05-27,Active
3028,EMP-003073,LOC-0049,Sydney Mitchell,Supply Chain,Engineer,2021-12-01,Inactive
3029,EMP-003074,LOC-0072,Tina Murray,Supply Chain,Analyst,2024-03-14,Active
3030,EMP-003075,LOC-0008,Grant Serrano,Production,Engineer,2022-04-20,Active
3031,EMP-003076,LOC-0097,Matthew Guzman,Production,Operator,2019-02-08,Active
3032,EMP-003077,LOC-0012,Leah Jenkins,Operations,Specialist,2022-10-11,Active
3033,EMP-003078,LOC-0022,Jake Morales,Operations,Analyst,2022-05-15,Active
3034,EMP-003079,LOC-0085,Jennifer Perry,IT,Engineer,2021-08-08,Active
3035,EMP-003080,LOC-0012,Samuel Wall,Production,Coordinator,2019-06-22,Active
3036,EMP-003081,LOC-0052,Mariah Sullivan,Operations,Manager,2022-01-27,Active
3037,EMP-003082,LOC-0027,Kevin Villanueva,Operations,Specialist,2022-02-02,Active
3038,EMP-003083,LOC-0041,Bruce Delacruz,Production,Coordinator,2019-04-12,Active
3039,EMP-003084,LOC-0012,Jacob Walls,Operations,Operator,2019-10-12,Active
3040,EMP-003085,LOC-0088,Wayne Silva,IT,Manager,2020-04-08,Active
3041,EMP-003086,LOC-0076,Amanda Howard,Supply Chain,Engineer,2019-07-23,Active
3042,EMP-003087,LOC-0097,Samantha Dennis,IT,Manager,2023-08-12,Inactive
3043,EMP-003088,LOC-0033,Eileen Snow,Maintenance,Analyst,2022-05-20,Active
3044,EMP-003089,LOC-0086,Dana Wallace,IT,Analyst,2025-09-12,Active
3045,EMP-003090,LOC-0093,Bridget Stewart,IT,Manager,2025-10-08,Active
3046,EMP-003091,LOC-0020,Ashley Cochran,Finance,Specialist,2025-07-05,Active
3047,EMP-003092,LOC-0004,Benjamin Schmidt,Finance,Manager,2019-12-15,Active
3048,EMP-003093,LOC-0009,Kelly Gonzales,Operations,Analyst,2025-12-15,Active
3049,EMP-003095,LOC-0032,Mrs. Karen Jennings,Finance,Specialist,2020-09-29,Active
3050,EMP-003096,LOC-0016,Carol Warner,Supply Chain,Supervisor,2021-08-20,Active
3051,EMP-003097,LOC-0075,Angela Miller,Human Resources,Coordinator,2021-12-01,Active
3052,EMP-003098,LOC-0007,Hannah Jones,Finance,Supervisor,2024-04-26,Active
3053,EMP-003099,LOC-0087,Madison Pope,Operations,Manager,2020-12-25,Active
3054,EMP-003100,LOC-0042,Michelle Martin,Maintenance,Analyst,2023-01-24,Active
3055,EMP-003101,LOC-0032,Michael Miller,Maintenance,Specialist,2021-08-27,Active
3056,EMP-003102,LOC-0044,Thomas Yoder,IT,Operator,2020-11-10,Active
3057,EMP-003103,LOC-0017,Matthew French,Production,Specialist,2019-08-11,Active
3058,EMP-003104,LOC-0016,Brianna Wilson,Sales,Manager,2023-05-13,Inactive
3059,EMP-003105,LOC-0071,Maria Maxwell,Supply Chain,Operator,2023-01-14,Active
3060,EMP-003106,LOC-0035,Chelsea Taylor,Finance,Specialist,2024-09-20,Active
3061,EMP-003107,LOC-0006,Christopher Smith,Supply Chain,Analyst,2025-02-17,Active
3062,EMP-003108,LOC-0072,Adam Hernandez,Maintenance,Operator,2025-09-22,Active
3063,EMP-003109,LOC-0056,Elizabeth Martinez,Supply Chain,Operator,2024-03-28,Active
3064,EMP-003110,LOC-0047,Richard Velazquez,Supply Chain,Specialist,2021-03-13,Active
3065,EMP-003111,LOC-0016,Martha Miller,Operations,Coordinator,2019-02-20,Active
3066,EMP-003112,LOC-0005,David Evans,Operations,Coordinator,2024-05-21,Active
3067,EMP-003113,LOC-0015,Christopher Morrison,Operations,Analyst,2020-03-14,Active
3068,EMP-003114,LOC-0020,Raymond Morrow,Operations,Operator,2020-05-12,Active
3069,EMP-003116,LOC-0059,Michael Woods,Operations,Coordinator,2025-04-04,Active
3070,EMP-003117,LOC-0037,Thomas Evans,Sales,Specialist,2024-02-18,Active
3071,EMP-003118,LOC-0035,Michael Taylor,Production,Engineer,2020-09-02,Active
3072,EMP-003119,LOC-0004,Roger Davidson,Finance,Technician,2019-06-28,Active
3073,EMP-003120,LOC-0008,Audrey Smith,Production,Supervisor,2023-04-19,Active
3074,EMP-003121,LOC-0041,Adam Hamilton,Human Resources,Analyst,2024-12-28,Active
3075,EMP-003122,LOC-0021,Natalie Esparza,Production,Specialist,2020-11-28,Active
3076,EMP-003123,LOC-0074,Logan White,Sales,Analyst,2020-06-05,Active
3077,EMP-003124,LOC-0087,Amy Cruz,Supply Chain,Specialist,2022-02-01,Active
3078,EMP-003125,LOC-0063,Alexander Baker,Maintenance,Analyst,2022-03-01,Active
3079,EMP-003126,LOC-0043,Debra Woods,Supply Chain,Technician,2019-08-14,Active
3080,EMP-003127,LOC-0100,Jennifer Garrett,Operations,Coordinator,2022-09-17,Active
3081,EMP-003128,LOC-0008,Nancy Gutierrez,Operations,Specialist,2021-02-25,Active
3082,EMP-003129,LOC-0016,Mark Carr,Human Resources,Analyst,2020-09-05,Active
3083,EMP-003130,LOC-0061,Leslie Allison,Sales,Analyst,2020-12-24,Active
3084,EMP-003131,LOC-0063,Lawrence Franklin,Operations,Specialist,2024-11-13,Active
3085,EMP-003132,LOC-0064,Breanna Vargas,IT,Manager,2024-07-11,Inactive
3086,EMP-003133,LOC-0100,Jacqueline Carrillo,Operations,Analyst,2024-12-28,Active
3087,EMP-003134,LOC-0021,Christopher Smith,Production,Manager,2022-12-19,Inactive
3088,EMP-003135,LOC-0074,Adrian Maddox,Supply Chain,Technician,2025-05-14,Active
3089,EMP-003136,LOC-0017,Candice Smith,Operations,Manager,2024-11-22,Active
3090,EMP-003137,LOC-0095,Abigail Rodriguez,Production,Coordinator,2022-06-17,Active
3091,EMP-003138,LOC-0069,Nicole Farmer,Maintenance,Analyst,2019-11-17,Active
3092,EMP-003139,LOC-0008,Anthony Moore,IT,Operator,2024-05-26,Active
3093,EMP-003140,LOC-0078,Larry Carter,Finance,Coordinator,2019-05-12,Active
3094,EMP-003141,LOC-0001,Frank Wright,Human Resources,Specialist,2019-10-29,Active
3095,EMP-003142,LOC-0083,Roberto Lewis,Operations,Manager,2021-01-12,Active
3096,EMP-003143,LOC-0059,Jill Rosales,Finance,Technician,2019-10-30,Active
3097,EMP-003144,LOC-0053,Renee Anthony,Human Resources,Engineer,2021-10-28,Active
3098,EMP-003145,LOC-0082,Crystal Ramos,Finance,Engineer,2019-09-30,Active
3099,EMP-003146,LOC-0045,Suzanne Dunlap,Operations,Specialist,2019-05-26,Active
3100,EMP-003147,LOC-0089,Kathy Clark,Operations,Analyst,2024-09-17,Active
3101,EMP-003148,LOC-0033,Jose Acevedo,Supply Chain,Technician,2020-12-30,Active
3102,EMP-003149,LOC-0051,Billy Russell,Production,Specialist,2021-08-27,Active
3103,EMP-003150,LOC-0027,Aaron Dominguez,Production,Manager,2019-05-25,Active
3104,EMP-003151,LOC-0089,Alexander Price,Finance,Operator,2020-04-29,Active
3105,EMP-003152,LOC-0050,Brandon Hunt,Supply Chain,Manager,2023-12-27,Active
3106,EMP-003153,LOC-0040,Amanda May,Maintenance,Specialist,2020-08-09,Active
3107,EMP-003154,LOC-0064,Teresa Conway,Operations,Technician,2025-02-10,Active
3108,EMP-003155,LOC-0019,Christopher Smith,Production,Analyst,2021-09-11,Active
3109,EMP-003156,LOC-0055,Cynthia Scott,Production,Specialist,2020-08-16,Active
3110,EMP-003157,LOC-0095,Dalton Gardner,Human Resources,Technician,2020-03-09,Active
3111,EMP-003158,LOC-0064,Emily Watson,Production,Engineer,2019-01-19,Active
3112,EMP-003159,LOC-0040,Heather Lin PhD,Human Resources,Analyst,2025-07-04,Active
3113,EMP-003160,LOC-0070,Stephanie Kelly,Operations,Operator,2020-04-12,Active
3114,EMP-003161,LOC-0024,Diane Dickson,Supply Chain,Specialist,2025-04-27,Active
3115,EMP-003162,LOC-0043,Robert Reid,Sales,Supervisor,2019-03-09,Active
3116,EMP-003163,LOC-0027,Philip Scott,Operations,Analyst,2022-04-29,Active
3117,EMP-003164,LOC-0061,Casey Hernandez,Operations,Technician,2019-04-06,Active
3118,EMP-003165,LOC-0068,Carl Strickland,Sales,Technician,2025-08-13,Inactive
3119,EMP-003166,LOC-0011,Ashlee Wright DDS,Operations,Coordinator,2022-03-29,Active
3120,EMP-003167,LOC-0047,Susan Griffin,Production,Supervisor,2022-01-18,Active
3121,EMP-003168,LOC-0084,Cathy Becker,Operations,Manager,2023-06-21,Active
3122,EMP-003169,LOC-0018,Joshua Ross,Production,Operator,2024-10-08,Active
3123,EMP-003170,LOC-0035,Kenneth Taylor,IT,Operator,2025-07-24,Active
3124,EMP-003171,LOC-0089,Samantha Myers,Finance,Engineer,2023-10-01,Active
3125,EMP-003172,LOC-0015,Aaron Lewis,Supply Chain,Operator,2025-09-18,Active
3126,EMP-003173,LOC-0092,Matthew Johnson,IT,Coordinator,2022-09-27,Active
3127,EMP-003174,LOC-0040,Michael Clark,Operations,Supervisor,2021-11-06,Active
3128,EMP-003175,LOC-0072,Shane Clark,Operations,Operator,2024-03-23,Active
3129,EMP-003176,LOC-0030,Sally Jones,IT,Engineer,2024-07-02,Active
3130,EMP-003177,LOC-0073,Erik King,IT,Coordinator,2021-05-13,Active
3131,EMP-003178,LOC-0046,Jeffrey Golden,Operations,Specialist,2020-01-05,Inactive
3132,EMP-003179,LOC-0002,Patricia Garcia,Human Resources,Specialist,2021-11-27,Active
3133,EMP-003180,LOC-0050,Michelle Smith,Human Resources,Technician,2021-01-23,Active
3134,EMP-003181,LOC-0034,Christopher Smith,Sales,Coordinator,2019-08-06,Active
3135,EMP-003182,LOC-0008,Todd Guerrero,Operations,Coordinator,2025-07-22,Active
3136,EMP-003183,LOC-0002,Tammy Walter,Maintenance,Operator,2023-06-22,Active
3137,EMP-003184,LOC-0027,Eric Ferguson,IT,Coordinator,2024-11-27,Active
3138,EMP-003186,LOC-0049,Tracy Sharp,Maintenance,Supervisor,2019-11-11,Active
3139,EMP-003187,LOC-0012,Phyllis Johnson,Finance,Specialist,2020-09-01,Active
3140,EMP-003188,LOC-0085,John Arroyo,Operations,Operator,2023-11-11,Active
3141,EMP-003189,LOC-0027,Daniel Lozano,Finance,Engineer,2023-10-28,Active
3142,EMP-003190,LOC-0010,Jessica Adams,Operations,Manager,2023-08-16,Active
3143,EMP-003191,LOC-0072,Thomas Francis,Supply Chain,Technician,2024-08-08,Active
3144,EMP-003192,LOC-0052,Regina Love,Production,Supervisor,2025-04-16,Active
3145,EMP-003193,LOC-0091,Gina Walter,Supply Chain,Specialist,2021-10-01,Active
3146,EMP-003194,LOC-0040,Jennifer Ford,Production,Specialist,2022-09-03,Inactive
3147,EMP-003195,LOC-0008,Martin Pena,Finance,Manager,2019-12-01,Active
3148,EMP-003196,LOC-0087,Charles Montes,Maintenance,Coordinator,2023-02-01,Active
3149,EMP-003197,LOC-0042,Amanda Lam,Supply Chain,Manager,2025-10-14,Active
3150,EMP-003198,LOC-0020,Heather Burgess,Finance,Manager,2020-05-11,Active
3151,EMP-003199,LOC-0093,Paige Arnold,Maintenance,Manager,2019-03-18,Active
3152,EMP-003200,LOC-0037,Zachary Smith,Operations,Engineer,2025-01-21,Active
3153,EMP-003201,LOC-0078,Sheila Wilson,Supply Chain,Technician,2024-03-15,Active
3154,EMP-003202,LOC-0097,Elizabeth Acosta,Supply Chain,Operator,2025-07-23,Active
3155,EMP-003203,LOC-0021,Katherine Lewis,Human Resources,Specialist,2020-02-04,Active
3156,EMP-003204,LOC-0008,Matthew Smith,Supply Chain,Technician,2019-11-23,Active
3157,EMP-003205,LOC-0076,Mark Ray,Sales,Coordinator,2023-09-02,Active
3158,EMP-003206,LOC-0017,Sharon Wright,Maintenance,Engineer,2024-06-29,Active
3159,EMP-003207,LOC-0067,Allison Hernandez,Operations,Technician,2019-04-24,Active
3160,EMP-003208,LOC-0071,Kimberly Stuart,Finance,Technician,2024-07-26,Active
3161,EMP-003209,LOC-0100,Miss Andrea Kirby,Human Resources,Manager,2024-07-11,Active
3162,EMP-003210,LOC-0057,April Perez DDS,IT,Supervisor,2025-12-04,Active
3163,EMP-003211,LOC-0013,Kayla Ramos,Operations,Operator,2021-07-22,Active
3164,EMP-003212,LOC-0084,Luis Hanson,IT,Coordinator,2021-07-25,Active
3165,EMP-003213,LOC-0068,Steven Crawford,Operations,Operator,2019-07-10,Active
3166,EMP-003214,LOC-0023,Diane Torres,Sales,Technician,2025-10-01,Active
3167,EMP-003215,LOC-0091,Sally Foster,Sales,Technician,2025-11-07,Active
3168,EMP-003216,LOC-0036,Jacob Weber,Maintenance,Analyst,2020-01-29,Active
3169,EMP-003217,LOC-0034,Rodney Hayes,Finance,Coordinator,2019-03-30,Active
3170,EMP-003218,LOC-0065,Mark Martinez,Maintenance,Coordinator,2025-01-30,Active
3171,EMP-003219,LOC-0044,Molly Bailey,IT,Engineer,2025-03-02,Active
3172,EMP-003220,LOC-0043,Julie Stout,Operations,Supervisor,2023-09-07,Active
3173,EMP-003221,LOC-0055,Luis Webster,Supply Chain,Operator,2019-11-18,Active
3174,EMP-003222,LOC-0052,Sarah Mendoza,Operations,Manager,2021-05-06,Active
3175,EMP-003223,LOC-0019,Adrian Simpson,Production,Manager,2021-01-25,Active
3176,EMP-003224,LOC-0041,Cynthia Anderson,Production,Supervisor,2023-09-12,Active
3177,EMP-003225,LOC-0013,Walter Barrett,Operations,Technician,2020-03-20,Active
3178,EMP-003226,LOC-0079,Brooke Abbott,Operations,Coordinator,2019-01-12,Inactive
3179,EMP-003227,LOC-0082,Pamela Jordan,Maintenance,Manager,2023-07-10,Active
3180,EMP-003228,LOC-0032,James Jones,Operations,Technician,2024-03-03,Active
3181,EMP-003229,LOC-0030,Melissa Wagner,Operations,Technician,2022-10-08,Active
3182,EMP-003230,LOC-0002,Abigail Contreras,Operations,Engineer,2020-08-01,Active
3183,EMP-003231,LOC-0042,Lisa Adams,Finance,Coordinator,2021-02-05,Active
3184,EMP-003232,LOC-0063,Joshua Smith,Human Resources,Operator,2021-10-19,Active
3185,EMP-003233,LOC-0036,Amanda Williams,Production,Manager,2025-05-17,Active
3186,EMP-003234,LOC-0032,Nancy Sampson,Finance,Specialist,2024-01-12,Active
3187,EMP-003235,LOC-0015,Jose Clements,Supply Chain,Specialist,2022-05-25,Active
3188,EMP-003236,LOC-0064,Nicholas Tran,IT,Analyst,2025-08-24,Active
3189,EMP-003237,LOC-0074,Donna Neal,Production,Engineer,2023-09-13,Active
3190,EMP-003238,LOC-0043,Joshua Marks,Supply Chain,Technician,2023-06-02,Active
3191,EMP-003239,LOC-0001,Willie Robertson,Human Resources,Coordinator,2019-12-27,Inactive
3192,EMP-003240,LOC-0093,Stephanie Zimmerman,Finance,Technician,2024-02-29,Active
3193,EMP-003241,LOC-0083,Edward Miller,Operations,Analyst,2019-08-06,Active
3194,EMP-003242,LOC-0025,Christina Murphy,Production,Supervisor,2023-11-14,Active
3195,EMP-003243,LOC-0020,Robert Flores,Operations,Technician,2023-06-16,Active
3196,EMP-003244,LOC-0060,Alison Perez,IT,Coordinator,2021-05-07,Active
3197,EMP-003245,LOC-0038,Teresa Galloway,Operations,Manager,2021-07-29,Active
3198,EMP-003246,LOC-0071,Michelle Lopez,Sales,Manager,2022-10-26,Inactive
3199,EMP-003247,LOC-0070,Scott Singh,Production,Operator,2019-11-07,Active
3200,EMP-003248,LOC-0079,David Gray,IT,Engineer,2021-06-29,Active
3201,EMP-003249,LOC-0030,Blake Brown,Sales,Technician,2024-11-24,Active
3202,EMP-003250,LOC-0017,Christine Brown,IT,Technician,2021-03-03,Active
3203,EMP-003251,LOC-0054,Dennis Moss,Finance,Technician,2020-02-15,Active
3204,EMP-003252,LOC-0022,Monica Villanueva,Maintenance,Engineer,2024-05-23,Active
3205,EMP-003253,LOC-0021,Lindsay Dyer,Sales,Engineer,2021-09-19,Active
3206,EMP-003254,LOC-0050,Raymond Taylor,Supply Chain,Analyst,2020-08-22,Active
3207,EMP-003255,LOC-0051,Derrick Garcia,Maintenance,Technician,2023-11-02,Active
3208,EMP-003256,LOC-0070,Alexandra Collier,Maintenance,Supervisor,2025-10-29,Active
3209,EMP-003257,LOC-0037,Robin Murray,Production,Supervisor,2019-01-20,Active
3210,EMP-003258,LOC-0040,Joseph Garrison,Sales,Manager,2019-11-11,Active
3211,EMP-003259,LOC-0096,Bethany Duncan,Production,Engineer,2021-02-04,Inactive
3212,EMP-003260,LOC-0056,Jamie Duncan,Supply Chain,Coordinator,2021-12-27,Active
3213,EMP-003261,LOC-0003,Samantha Walker,Operations,Supervisor,2023-05-04,Active
3214,EMP-003262,LOC-0002,Linda Mahoney,Sales,Technician,2024-02-16,Active
3215,EMP-003263,LOC-0043,Elizabeth Lee,Maintenance,Supervisor,2025-05-17,Active
3216,EMP-003264,LOC-0074,Michelle Wilson,Production,Supervisor,2024-07-30,Active
3217,EMP-003265,LOC-0057,Sara Santiago,Human Resources,Coordinator,2025-04-01,Active
3218,EMP-003266,LOC-0057,Gloria Best,Sales,Technician,2025-06-06,Active
3219,EMP-003268,LOC-0070,Jonathon Carlson,Operations,Engineer,2021-02-06,Active
3220,EMP-003269,LOC-0002,Christopher Hooper,Operations,Technician,2019-07-04,Active
3221,EMP-003270,LOC-0096,Jason Travis,Supply Chain,Engineer,2020-05-17,Active
3222,EMP-003271,LOC-0008,Mark Hampton,Operations,Supervisor,2020-01-02,Active
3223,EMP-003272,LOC-0036,Mark Beltran,Supply Chain,Engineer,2019-01-30,Active
3224,EMP-003273,LOC-0048,Daniel Velasquez,Sales,Specialist,2023-01-28,Active
3225,EMP-003274,LOC-0075,Christian Gilmore,Production,Operator,2021-07-23,Active
3226,EMP-003275,LOC-0089,Connor Young,Operations,Supervisor,2020-11-29,Active
3227,EMP-003276,LOC-0057,Julie Reed,Supply Chain,Technician,2019-03-12,Active
3228,EMP-003277,LOC-0050,Christy Cardenas,Production,Engineer,2022-12-13,Active
3229,EMP-003278,LOC-0047,Deborah Carson,Maintenance,Analyst,2023-10-11,Active
3230,EMP-003279,LOC-0022,Barbara Ramos,Human Resources,Specialist,2024-12-01,Active
3231,EMP-003281,LOC-0052,Sara Vasquez,IT,Technician,2023-02-18,Active
3232,EMP-003282,LOC-0013,Frank Conley,Finance,Coordinator,2019-10-22,Active
3233,EMP-003283,LOC-0015,Karen Goodman,Production,Operator,2024-05-25,Active
3234,EMP-003284,LOC-0052,Richard Wilson,Sales,Engineer,2023-09-07,Inactive
3235,EMP-003285,LOC-0086,Meagan Jackson,Operations,Coordinator,2019-06-23,Active
3236,EMP-003286,LOC-0093,Carolyn Williams,Operations,Operator,2021-08-22,Active
3237,EMP-003287,LOC-0029,Michael Sullivan,Production,Manager,2022-12-21,Active
3238,EMP-003288,LOC-0074,April Morgan,Operations,Specialist,2023-01-20,Active
3239,EMP-003289,LOC-0055,Dustin Vazquez,Maintenance,Analyst,2024-12-28,Active
3240,EMP-003290,LOC-0071,Christopher Smith,Production,Engineer,2025-12-20,Active
3241,EMP-003291,LOC-0019,Sean Young,Supply Chain,Coordinator,2021-11-16,Active
3242,EMP-003292,LOC-0059,Evelyn Spencer,Maintenance,Operator,2021-11-14,Active
3243,EMP-003293,LOC-0025,Joseph Underwood,Operations,Supervisor,2025-03-25,Active
3244,EMP-003294,LOC-0054,Frank Howard,Operations,Engineer,2024-04-20,Active
3245,EMP-003295,LOC-0025,Jerry Rivera,Operations,Specialist,2021-12-01,Active
3246,EMP-003296,LOC-0017,Theresa Kelley,Supply Chain,Technician,2020-12-09,Active
3247,EMP-003298,LOC-0098,Cody Acevedo,Operations,Coordinator,2023-07-15,Active
3248,EMP-003299,LOC-0021,Mr. Matthew Mann Jr.,Operations,Analyst,2019-12-18,Active
3249,EMP-003300,LOC-0051,Joseph Taylor,Supply Chain,Coordinator,2020-07-28,Active
3250,EMP-003301,LOC-0010,Michael Reynolds,Human Resources,Coordinator,2022-01-26,Active
3251,EMP-003302,LOC-0032,Brandon Collins,Operations,Supervisor,2020-06-30,Active
3252,EMP-003303,LOC-0051,Tina Williamson,Production,Manager,2020-04-15,Active
3253,EMP-003304,LOC-0002,Vanessa Gould,Sales,Manager,2023-09-20,Active
3254,EMP-003305,LOC-0030,Dawn Young,Production,Coordinator,2022-11-10,Active
3255,EMP-003306,LOC-0006,Jason Chase,Supply Chain,Coordinator,2020-10-06,Active
3256,EMP-003307,LOC-0063,Scott Miller,Operations,Operator,2021-01-16,Active
3257,EMP-003308,LOC-0085,Megan Mathews,Operations,Supervisor,2021-11-01,Active
3258,EMP-003309,LOC-0036,Michael Nguyen,Sales,Engineer,2019-08-09,Active
3259,EMP-003310,LOC-0037,Pamela Cohen,Finance,Supervisor,2020-04-17,Active
3260,EMP-003311,LOC-0082,Nicholas Foster,Supply Chain,Analyst,2025-06-06,Active
3261,EMP-003312,LOC-0003,Matthew Moss,Finance,Engineer,2021-11-25,Active
3262,EMP-003313,LOC-0091,Daniel Daniels,IT,Manager,2019-03-28,Active
3263,EMP-003314,LOC-0006,Elizabeth Porter,Supply Chain,Specialist,2024-11-22,Active
3264,EMP-003315,LOC-0065,Crystal Perez,Sales,Coordinator,2025-12-08,Inactive
3265,EMP-003316,LOC-0038,Jody Hopkins,Production,Analyst,2022-12-13,Active
3266,EMP-003317,LOC-0072,Deborah Lewis,Maintenance,Analyst,2019-04-25,Inactive
3267,EMP-003318,LOC-0081,Mr. Miguel Bennett,Operations,Analyst,2025-05-01,Active
3268,EMP-003319,LOC-0094,Brenda Wade,Maintenance,Manager,2021-01-22,Active
3269,EMP-003320,LOC-0004,Daniel Martinez,Human Resources,Coordinator,2025-05-15,Active
3270,EMP-003321,LOC-0006,James Oneal,Supply Chain,Operator,2019-08-26,Active
3271,EMP-003322,LOC-0009,Brandi Shaw,IT,Operator,2025-06-23,Active
3272,EMP-003323,LOC-0069,Courtney Richards,Maintenance,Coordinator,2023-12-23,Active
3273,EMP-003324,LOC-0035,Billy Donaldson,Production,Supervisor,2020-12-14,Active
3274,EMP-003325,LOC-0095,Gregory Smith,Operations,Manager,2019-12-30,Active
3275,EMP-003326,LOC-0090,James Diaz,Human Resources,Supervisor,2025-03-19,Active
3276,EMP-003327,LOC-0013,Gwendolyn Hale,Human Resources,Specialist,2021-05-04,Active
3277,EMP-003328,LOC-0046,Lori Rodriguez,IT,Specialist,2023-05-03,Inactive
3278,EMP-003329,LOC-0072,Caleb Ramirez,Operations,Engineer,2022-02-16,Active
3279,EMP-003330,LOC-0005,Joshua Hill,IT,Specialist,2020-11-19,Active
3280,EMP-003331,LOC-0016,David Howell,Maintenance,Operator,2025-04-22,Active
3281,EMP-003332,LOC-0036,Charles Perez,Production,Technician,2022-10-01,Active
3282,EMP-003333,LOC-0076,Heather Garza,Sales,Technician,2024-07-02,Active
3283,EMP-003334,LOC-0001,Madison Bryant,Production,Manager,2025-08-23,Active
3284,EMP-003335,LOC-0046,David Jackson,Operations,Analyst,2024-10-27,Inactive
3285,EMP-003336,LOC-0026,Mary Kelly,Supply Chain,Operator,2024-12-02,Active
3286,EMP-003337,LOC-0086,Penny Richardson,Production,Engineer,2025-09-14,Active
3287,EMP-003338,LOC-0032,Mr. Eric Brown,Operations,Specialist,2019-04-18,Active
3288,EMP-003339,LOC-0003,Christopher Webb,Production,Technician,2023-01-24,Active
3289,EMP-003340,LOC-0068,Crystal Silva,Maintenance,Coordinator,2021-10-08,Active
3290,EMP-003341,LOC-0006,Joseph Cantrell,Human Resources,Operator,2020-01-02,Active
3291,EMP-003342,LOC-0086,Vincent Rowland,Operations,Coordinator,2019-04-08,Active
3292,EMP-003343,LOC-0003,Toni Carr,Production,Technician,2019-04-08,Active
3293,EMP-003344,LOC-0076,Jennifer Clay,Sales,Supervisor,2025-06-20,Inactive
3294,EMP-003345,LOC-0045,Yvonne Lopez MD,Finance,Supervisor,2021-06-16,Active
3295,EMP-003346,LOC-0097,Matthew Cooley,Finance,Manager,2021-10-05,Active
3296,EMP-003347,LOC-0016,Katherine Cox,Operations,Specialist,2019-01-13,Active
3297,EMP-003348,LOC-0012,Amber Murphy,Operations,Technician,2020-01-23,Active
3298,EMP-003349,LOC-0048,Destiny Evans,IT,Supervisor,2024-01-19,Active
3299,EMP-003350,LOC-0059,Gary Austin,Production,Coordinator,2024-08-19,Active
3300,EMP-003351,LOC-0079,Carrie Carroll,Operations,Operator,2020-03-29,Active
3301,EMP-003352,LOC-0046,Michael Rivas,IT,Manager,2019-07-03,Inactive
3302,EMP-003353,LOC-0069,James Bates,Operations,Coordinator,2025-01-28,Active
3303,EMP-003354,LOC-0044,Aaron Campbell,Sales,Supervisor,2021-10-28,Active
3304,EMP-003355,LOC-0039,James Cohen,Production,Manager,2023-08-04,Active
3305,EMP-003356,LOC-0024,Crystal Ali,IT,Engineer,2025-11-27,Active
3306,EMP-003357,LOC-0079,Stephanie Bennett,Human Resources,Technician,2025-08-04,Active
3307,EMP-003358,LOC-0011,William Wilson,Supply Chain,Analyst,2021-02-11,Active
3308,EMP-003359,LOC-0042,Jonathan Arnold,Operations,Engineer,2023-06-15,Active
3309,EMP-003360,LOC-0073,Sean White,Production,Technician,2021-10-27,Active
3310,EMP-003361,LOC-0007,Sandra Morgan,IT,Manager,2024-09-20,Active
3311,EMP-003362,LOC-0083,Angela Wolf,Production,Engineer,2019-03-26,Active
3312,EMP-003363,LOC-0002,Kimberly Avila,Production,Analyst,2020-03-03,Active
3313,EMP-003364,LOC-0013,Tiffany Freeman,Operations,Technician,2019-12-15,Active
3314,EMP-003365,LOC-0007,Greg Howard,Supply Chain,Specialist,2023-06-21,Active
3315,EMP-003366,LOC-0059,Andrew Martinez,Production,Supervisor,2023-12-30,Active
3316,EMP-003367,LOC-0026,Christopher Smith,Finance,Coordinator,2024-01-07,Active
3317,EMP-003368,LOC-0044,Robert Santos,Operations,Engineer,2021-02-02,Active
3318,EMP-003369,LOC-0098,Shannon Martin,Production,Analyst,2020-04-23,Active
3319,EMP-003370,LOC-0002,Emily Brown,Maintenance,Analyst,2019-04-24,Active
3320,EMP-003371,LOC-0093,Chad Hughes,Production,Coordinator,2020-03-30,Active
3321,EMP-003372,LOC-0013,Shane Walter,Supply Chain,Engineer,2024-01-20,Active
3322,EMP-003373,LOC-0019,Dylan Nelson,Operations,Supervisor,2021-06-01,Active
3323,EMP-003374,LOC-0016,Robert Allen,Maintenance,Supervisor,2023-03-25,Active
3324,EMP-003375,LOC-0085,Brian Mcgee,IT,Coordinator,2020-11-01,Active
3325,EMP-003376,LOC-0035,Justin Banks,Maintenance,Coordinator,2025-10-10,Active
3326,EMP-003377,LOC-0024,Bryan Macdonald,Operations,Operator,2024-10-05,Active
3327,EMP-003378,LOC-0004,Patrick Morrow,Production,Technician,2022-10-07,Active
3328,EMP-003379,LOC-0071,Tyler Buchanan,Production,Supervisor,2025-03-13,Inactive
3329,EMP-003380,LOC-0051,Sean Lee,Operations,Manager,2019-08-28,Active
3330,EMP-003381,LOC-0098,Dylan Christensen,Operations,Supervisor,2022-07-09,Active
3331,EMP-003382,LOC-0013,Jonathan Boyd,Production,Analyst,2021-05-09,Active
3332,EMP-003383,LOC-0002,Stephen Smith,Operations,Engineer,2024-07-03,Active
3333,EMP-003384,LOC-0036,Francisco Gray,Human Resources,Coordinator,2020-05-03,Active
3334,EMP-003385,LOC-0012,Sherri Fischer,Finance,Coordinator,2023-05-21,Active
3335,EMP-003386,LOC-0025,Jessica Daniels,Operations,Specialist,2022-11-04,Active
3336,EMP-003387,LOC-0058,Jessica Mueller,Supply Chain,Supervisor,2023-06-18,Active
3337,EMP-003388,LOC-0088,Samantha Shepard,Production,Analyst,2021-01-05,Active
3338,EMP-003389,LOC-0079,Benjamin Owens,Operations,Manager,2022-01-20,Active
3339,EMP-003390,LOC-0087,Rhonda Smith,Operations,Supervisor,2020-12-08,Active
3340,EMP-003391,LOC-0016,Daniel Carter,Operations,Technician,2020-02-12,Active
3341,EMP-003392,LOC-0037,Justin Holland,Maintenance,Technician,2023-05-08,Active
3342,EMP-003393,LOC-0054,Jessica Chavez,Supply Chain,Specialist,2025-05-08,Active
3343,EMP-003394,LOC-0013,Andrew Chandler,Production,Engineer,2022-05-01,Active
3344,EMP-003395,LOC-0060,Andrew Peck,Maintenance,Operator,2025-03-15,Active
3345,EMP-003396,LOC-0095,Brian Boyer,Operations,Technician,2023-10-21,Active
3346,EMP-003397,LOC-0099,Hannah Miller,Human Resources,Coordinator,2025-08-25,Active
3347,EMP-003398,LOC-0055,Julie Howard,Sales,Analyst,2023-08-16,Active
3348,EMP-003399,LOC-0067,Amanda Davis,Operations,Operator,2024-04-13,Active
3349,EMP-003400,LOC-0004,Melinda Anderson,Production,Technician,2019-11-03,Active
3350,EMP-003401,LOC-0017,Melissa Schroeder,Production,Supervisor,2020-06-06,Active
3351,EMP-003402,LOC-0081,Brandon Hoffman,Supply Chain,Coordinator,2019-05-27,Active
3352,EMP-003403,LOC-0050,Peter Stewart,IT,Coordinator,2019-10-04,Active
3353,EMP-003404,LOC-0099,Vanessa Ramirez,Production,Coordinator,2022-02-20,Active
3354,EMP-003405,LOC-0073,Linda Hinton,IT,Coordinator,2021-11-21,Active
3355,EMP-003406,LOC-0055,Mary Snyder,Supply Chain,Technician,2025-05-01,Active
3356,EMP-003407,LOC-0047,Mr. Richard Whitney,Sales,Coordinator,2019-01-11,Active
3357,EMP-003408,LOC-0046,Christopher Smith,Human Resources,Manager,2024-08-22,Active
3358,EMP-003409,LOC-0006,John Garcia,Production,Supervisor,2024-05-08,Active
3359,EMP-003410,LOC-0036,Sean Yoder,Maintenance,Operator,2025-02-28,Active
3360,EMP-003411,LOC-0054,Gregory Lara,Production,Operator,2021-11-14,Active
3361,EMP-003412,LOC-0094,Ronald Carpenter,Operations,Engineer,2025-12-18,Inactive
3362,EMP-003413,LOC-0014,Brandi Brady,Operations,Coordinator,2023-01-07,Active
3363,EMP-003414,LOC-0061,Michael Sullivan,Human Resources,Supervisor,2021-11-03,Active
3364,EMP-003415,LOC-0034,Courtney Knapp,Production,Analyst,2021-02-02,Active
3365,EMP-003416,LOC-0007,Eric Jacobs,Operations,Manager,2024-07-27,Active
3366,EMP-003417,LOC-0100,Anne Smith,Production,Coordinator,2020-02-28,Active
3367,EMP-003418,LOC-0055,Larry Flynn,Production,Technician,2021-07-23,Active
3368,EMP-003419,LOC-0090,Molly Meyer,Operations,Analyst,2024-05-13,Active
3369,EMP-003420,LOC-0031,Virginia Smith,Maintenance,Analyst,2019-01-11,Active
3370,EMP-003421,LOC-0026,Ashley Thomas,Production,Analyst,2022-08-25,Active
3371,EMP-003422,LOC-0058,Zachary Adams,Human Resources,Coordinator,2021-11-12,Active
3372,EMP-003423,LOC-0025,Joseph Heath,Operations,Technician,2024-01-08,Active
3373,EMP-003424,LOC-0032,William Mitchell,IT,Manager,2021-02-26,Active
3374,EMP-003425,LOC-0070,Justin Smith,Operations,Analyst,2019-01-24,Active
3375,EMP-003426,LOC-0035,Albert Lara,Sales,Technician,2020-12-30,Active
3376,EMP-003427,LOC-0079,Kimberly Meadows,Finance,Coordinator,2020-08-19,Active
3377,EMP-003428,LOC-0047,Robert Welch,Production,Supervisor,2023-07-14,Active
3378,EMP-003429,LOC-0055,Robin Johnson,Production,Engineer,2019-02-23,Active
3379,EMP-003430,LOC-0055,Brendan Mack,Production,Analyst,2023-02-05,Active
3380,EMP-003431,LOC-0050,Erin Brown,Finance,Analyst,2025-02-24,Active
3381,EMP-003432,LOC-0061,Anthony Ford,Production,Engineer,2019-07-02,Active
3382,EMP-003433,LOC-0098,John Riley,Operations,Supervisor,2024-02-25,Active
3383,EMP-003434,LOC-0036,Selena Nichols,Supply Chain,Coordinator,2024-03-26,Active
3384,EMP-003435,LOC-0058,Brandon Leon,IT,Engineer,2021-06-17,Active
3385,EMP-003436,LOC-0019,Terri Clay,Finance,Coordinator,2025-07-08,Active
3386,EMP-003438,LOC-0037,Beth Schmidt,Supply Chain,Supervisor,2021-04-29,Active
3387,EMP-003439,LOC-0040,Arthur Perry,Production,Specialist,2025-11-21,Active
3388,EMP-003440,LOC-0027,Ms. Amanda Herrera,Production,Coordinator,2023-04-28,Active
3389,EMP-003441,LOC-0019,Wesley Hendrix,Maintenance,Manager,2024-09-05,Active
3390,EMP-003442,LOC-0092,Larry Hart,Production,Supervisor,2020-06-05,Active
3391,EMP-003443,LOC-0019,Brian Castro,Production,Supervisor,2021-06-04,Active
3392,EMP-003444,LOC-0049,David Warner,Production,Supervisor,2019-11-16,Active
3393,EMP-003445,LOC-0030,Todd Evans,Maintenance,Operator,2021-12-23,Active
3394,EMP-003446,LOC-0068,Kathryn Barrett,Finance,Specialist,2019-02-04,Active
3395,EMP-003447,LOC-0022,Joseph Bennett,Operations,Analyst,2019-12-14,Active
3396,EMP-003448,LOC-0046,Christopher Smith,Production,Supervisor,2023-10-25,Active
3397,EMP-003449,LOC-0012,Cynthia Allen,Maintenance,Technician,2023-02-21,Active
3398,EMP-003450,LOC-0016,Sarah Walker,Supply Chain,Coordinator,2019-05-02,Active
3399,EMP-003451,LOC-0001,Jennifer Montoya,Human Resources,Analyst,2024-11-22,Active
3400,EMP-003452,LOC-0065,Corey Duncan,Maintenance,Supervisor,2021-03-16,Active
3401,EMP-003453,LOC-0078,Norma Perry,Sales,Operator,2024-06-23,Active
3402,EMP-003454,LOC-0086,Christopher Keith,Operations,Engineer,2022-05-01,Active
3403,EMP-003455,LOC-0077,Christopher Smith,Finance,Operator,2021-10-07,Active
3404,EMP-003456,LOC-0095,Kimberly Wang,IT,Engineer,2019-10-13,Active
3405,EMP-003457,LOC-0084,Tiffany Middleton,IT,Technician,2025-05-13,Active
3406,EMP-003458,LOC-0032,Jonathan James,Production,Technician,2024-05-19,Active
3407,EMP-003459,LOC-0047,Christine Fowler,Operations,Operator,2021-06-25,Active
3408,EMP-003460,LOC-0048,Alexandra Smith,Production,Manager,2025-11-11,Active
3409,EMP-003461,LOC-0020,Elizabeth Smith,Maintenance,Analyst,2020-10-27,Active
3410,EMP-003462,LOC-0056,Bianca Williams,Production,Supervisor,2023-07-07,Active
3411,EMP-003463,LOC-0081,Lynn Espinoza,Production,Manager,2020-06-01,Active
3412,EMP-003464,LOC-0087,Lori Cross,Finance,Specialist,2022-01-30,Active
3413,EMP-003465,LOC-0005,Leslie Adams,Production,Specialist,2022-05-14,Active
3414,EMP-003466,LOC-0021,Scott Brown,Production,Operator,2022-12-12,Active
3415,EMP-003467,LOC-0056,Randy Garcia,Maintenance,Operator,2025-07-18,Active
3416,EMP-003468,LOC-0094,James Tucker,Operations,Supervisor,2022-12-15,Active
3417,EMP-003469,LOC-0057,Hannah Lawrence,Operations,Specialist,2022-05-26,Active
3418,EMP-003470,LOC-0080,Trevor Evans,Production,Technician,2024-04-24,Active
3419,EMP-003471,LOC-0036,Lauren Vasquez,IT,Operator,2022-04-07,Active
3420,EMP-003472,LOC-0100,Rebecca Palmer,Finance,Analyst,2019-03-23,Active
3421,EMP-003473,LOC-0012,Tammy Mitchell,Operations,Coordinator,2019-10-16,Active
3422,EMP-003474,LOC-0039,Paul Pennington,Supply Chain,Operator,2025-12-19,Active
3423,EMP-003475,LOC-0039,Amanda Young,Production,Analyst,2021-10-09,Active
3424,EMP-003476,LOC-0086,Sarah Garcia,Supply Chain,Manager,2024-01-03,Active
3425,EMP-003477,LOC-0032,Phillip Rose,Operations,Operator,2024-03-08,Inactive
3426,EMP-003478,LOC-0031,Robert Hebert,IT,Supervisor,2024-08-30,Active
3427,EMP-003479,LOC-0067,Debbie Dominguez,Operations,Coordinator,2024-02-01,Active
3428,EMP-003480,LOC-0045,Lisa Garcia,Production,Engineer,2022-07-13,Active
3429,EMP-003481,LOC-0002,Kathryn Mcdowell,Operations,Specialist,2022-09-16,Active
3430,EMP-003482,LOC-0065,Jason Molina,Production,Coordinator,2021-04-12,Active
3431,EMP-003483,LOC-0080,Christopher Smith,Sales,Specialist,2020-07-18,Active
3432,EMP-003484,LOC-0030,Nathan Mckenzie,Operations,Engineer,2023-05-13,Inactive
3433,EMP-003485,LOC-0072,Lauren Garcia,Operations,Supervisor,2020-10-23,Active
3434,EMP-003486,LOC-0059,Craig Bonilla,Human Resources,Engineer,2021-11-11,Active
3435,EMP-003487,LOC-0016,Eileen Parsons,Human Resources,Manager,2019-04-14,Active
3436,EMP-003488,LOC-0005,Lauren Lopez,IT,Analyst,2021-03-01,Active
3437,EMP-003489,LOC-0073,Jonathan Walker,Production,Supervisor,2021-01-02,Active
3438,EMP-003490,LOC-0049,Danielle Lloyd,Operations,Coordinator,2022-12-03,Active
3439,EMP-003491,LOC-0007,Ashley Williams,Human Resources,Specialist,2020-03-15,Active
3440,EMP-003492,LOC-0075,Kristin Hodges,Sales,Technician,2023-03-27,Active
3441,EMP-003493,LOC-0022,William Hernandez,Finance,Technician,2025-02-09,Active
3442,EMP-003494,LOC-0072,Jeffrey Jacobs,Production,Supervisor,2024-12-01,Active
3443,EMP-003495,LOC-0028,Victoria Melton,Operations,Engineer,2023-04-13,Active
3444,EMP-003496,LOC-0075,Julian Wright,Maintenance,Engineer,2021-03-03,Active
3445,EMP-003497,LOC-0085,Stephanie Fowler,Operations,Technician,2021-05-06,Active
3446,EMP-003498,LOC-0060,Michael Richardson,Supply Chain,Technician,2023-06-17,Active
3447,EMP-003499,LOC-0045,Jack Jackson,Operations,Analyst,2019-05-07,Active
3448,EMP-003500,LOC-0081,Ann Thomas,Production,Coordinator,2025-05-07,Active
3449,EMP-003502,LOC-0026,Nicholas Johnson,IT,Operator,2021-10-26,Active
3450,EMP-003503,LOC-0021,David Walker,Sales,Supervisor,2025-06-10,Active
3451,EMP-003504,LOC-0027,Alexander Ball,Operations,Operator,2025-08-26,Active
3452,EMP-003505,LOC-0096,Tammy Harris,Operations,Engineer,2023-07-30,Active
3453,EMP-003506,LOC-0022,Dillon Nunez,Human Resources,Technician,2022-09-19,Active
3454,EMP-003507,LOC-0026,Sabrina Sullivan,Production,Operator,2023-03-14,Active
3455,EMP-003508,LOC-0062,Amanda Spencer,Operations,Analyst,2025-12-07,Inactive
3456,EMP-003509,LOC-0069,Eric Sanders,Operations,Operator,2024-02-27,Active
3457,EMP-003510,LOC-0038,Jeanne Williams,Human Resources,Technician,2019-06-29,Active
3458,EMP-003511,LOC-0016,Curtis Walker,Production,Coordinator,2023-10-06,Active
3459,EMP-003512,LOC-0051,Gabriel Kelley,Operations,Engineer,2019-01-01,Active
3460,EMP-003513,LOC-0041,Scott Daniel,Sales,Operator,2024-07-28,Active
3461,EMP-003514,LOC-0033,Vanessa Gonzalez,Operations,Supervisor,2025-09-09,Active
3462,EMP-003515,LOC-0037,Veronica Leonard,Maintenance,Technician,2025-07-09,Active
3463,EMP-003516,LOC-0010,James Warner,Production,Engineer,2024-06-29,Active
3464,EMP-003517,LOC-0015,Sean Hoffman,Operations,Supervisor,2023-09-15,Active
3465,EMP-003518,LOC-0096,Paul Price,Production,Manager,2024-05-26,Active
3466,EMP-003519,LOC-0083,Hector Weeks,Finance,Coordinator,2020-03-12,Active
3467,EMP-003520,LOC-0001,Eric Holden,Operations,Operator,2024-10-07,Active
3468,EMP-003521,LOC-0089,Vanessa Jensen,IT,Engineer,2021-06-28,Active
3469,EMP-003522,LOC-0035,Kevin Hall,IT,Coordinator,2019-12-04,Inactive
3470,EMP-003523,LOC-0036,Pamela Brown,Production,Supervisor,2023-04-23,Active
3471,EMP-003524,LOC-0010,Bradley Waters,Sales,Coordinator,2024-11-04,Active
3472,EMP-003525,LOC-0051,Kenneth Perry,Operations,Engineer,2023-09-12,Active
3473,EMP-003526,LOC-0096,Andrea Spence,Operations,Manager,2021-08-22,Inactive
3474,EMP-003527,LOC-0044,Joseph Edwards,Operations,Supervisor,2020-11-29,Active
3475,EMP-003528,LOC-0082,Jonathan Crawford,IT,Engineer,2020-07-18,Active
3476,EMP-003529,LOC-0063,Russell Warren,Operations,Coordinator,2025-11-11,Active
3477,EMP-003530,LOC-0041,Tammy Herring,Supply Chain,Specialist,2020-05-05,Active
3478,EMP-003531,LOC-0095,Jennifer Robinson,Maintenance,Engineer,2020-06-08,Active
3479,EMP-003532,LOC-0084,Michele Olson,IT,Supervisor,2022-10-17,Active
3480,EMP-003533,LOC-0020,Erik Brown,Operations,Engineer,2021-04-05,Active
3481,EMP-003534,LOC-0076,Donald Arias,Operations,Engineer,2023-02-16,Active
3482,EMP-003535,LOC-0050,Daniel Vaughn,Maintenance,Specialist,2020-07-17,Active
3483,EMP-003536,LOC-0008,Kyle Robinson,Production,Analyst,2021-07-10,Active
3484,EMP-003537,LOC-0066,Sarah Mccormick,Operations,Operator,2023-05-01,Active
3485,EMP-003538,LOC-0074,Kyle Stark,Maintenance,Supervisor,2019-04-23,Active
3486,EMP-003539,LOC-0079,Daniel Lopez,Production,Coordinator,2021-02-16,Active
3487,EMP-003540,LOC-0091,Frederick Patterson,Production,Operator,2024-05-11,Active
3488,EMP-003541,LOC-0089,Jane Conner,IT,Analyst,2021-04-10,Active
3489,EMP-003542,LOC-0017,Eric Pena,IT,Engineer,2021-03-07,Active
3490,EMP-003543,LOC-0059,Michael Huang,Maintenance,Specialist,2024-01-15,Active
3491,EMP-003544,LOC-0011,Brett Collins,Operations,Coordinator,2022-07-21,Active
3492,EMP-003545,LOC-0085,Lisa Williams,Sales,Coordinator,2024-01-08,Active
3493,EMP-003546,LOC-0099,Seth Bryan,Operations,Manager,2019-06-27,Active
3494,EMP-003547,LOC-0053,Shane Kline,Production,Technician,2022-12-26,Active
3495,EMP-003548,LOC-0100,Lawrence Frederick,Production,Technician,2024-08-07,Active
3496,EMP-003549,LOC-0068,Stacie Sexton,Production,Specialist,2021-03-13,Active
3497,EMP-003550,LOC-0017,Rachel Porter,Maintenance,Coordinator,2020-02-18,Active
3498,EMP-003551,LOC-0098,Karl Robinson,Human Resources,Analyst,2020-12-02,Active
3499,EMP-003552,LOC-0032,Mario Ramirez,Supply Chain,Supervisor,2021-03-08,Active
3500,EMP-003553,LOC-0078,Emily Norman,IT,Technician,2025-06-25,Active
3501,EMP-003554,LOC-0026,Dylan Campbell,Operations,Analyst,2020-01-22,Active
3502,EMP-003555,LOC-0005,Kathy Bishop,Production,Coordinator,2024-05-19,Active
3503,EMP-003556,LOC-0077,Christopher Smith,Finance,Analyst,2025-10-28,Active
3504,EMP-003557,LOC-0070,Erin Bowen,Human Resources,Manager,2024-01-12,Active
3505,EMP-003558,LOC-0019,Peter Rodriguez,Supply Chain,Operator,2019-04-21,Active
3506,EMP-003559,LOC-0027,Amanda White,Operations,Operator,2019-06-03,Active
3507,EMP-003560,LOC-0010,Edward Gross,Operations,Specialist,2025-02-23,Active
3508,EMP-003561,LOC-0022,Chris Douglas,Finance,Technician,2019-05-16,Active
3509,EMP-003562,LOC-0015,Tiffany Mcfarland,Finance,Technician,2019-10-02,Active
3510,EMP-003563,LOC-0022,Christopher Smith,IT,Operator,2025-08-15,Active
3511,EMP-003564,LOC-0035,Mark Foster,Operations,Supervisor,2019-06-25,Active
3512,EMP-003565,LOC-0077,Mark Reid,Human Resources,Supervisor,2022-07-20,Active
3513,EMP-003566,LOC-0003,Brittany Garcia,Operations,Engineer,2020-09-24,Active
3514,EMP-003567,LOC-0079,Maria Hopkins,Operations,Manager,2022-11-09,Active
3515,EMP-003568,LOC-0025,Sheryl Dominguez,Finance,Specialist,2019-01-01,Active
3516,EMP-003569,LOC-0039,Robert Hall,IT,Engineer,2022-11-25,Active
3517,EMP-003570,LOC-0058,Jason Copeland,Operations,Coordinator,2023-06-08,Active
3518,EMP-003571,LOC-0077,Cassandra Henson,Maintenance,Specialist,2024-11-28,Active
3519,EMP-003572,LOC-0085,Mr. John Cooper,Sales,Technician,2024-01-23,Active
3520,EMP-003573,LOC-0065,Rachel Johnson,IT,Analyst,2022-04-06,Inactive
3521,EMP-003574,LOC-0073,Laura Simmons,IT,Analyst,2025-10-16,Active
3522,EMP-003575,LOC-0031,Brian Lewis,Operations,Analyst,2023-01-30,Active
3523,EMP-003576,LOC-0091,Robert Montgomery,Production,Operator,2019-02-04,Active
3524,EMP-003577,LOC-0099,Kayla Henderson,Operations,Supervisor,2022-10-05,Active
3525,EMP-003578,LOC-0097,Sara Jackson,Sales,Analyst,2023-02-08,Active
3526,EMP-003579,LOC-0017,John Donovan,Maintenance,Supervisor,2019-09-08,Active
3527,EMP-003580,LOC-0072,Deborah Wood,Operations,Analyst,2021-01-01,Active
3528,EMP-003581,LOC-0036,Stephen Key,Supply Chain,Coordinator,2019-02-09,Active
3529,EMP-003582,LOC-0035,Stacey Whitaker,Operations,Engineer,2025-05-20,Active
3530,EMP-003583,LOC-0003,Jacob Johnson,Sales,Coordinator,2025-04-24,Active
3531,EMP-003584,LOC-0028,Dustin Nelson,Human Resources,Manager,2019-10-27,Active
3532,EMP-003585,LOC-0083,Kathryn Rowe,Production,Operator,2019-03-21,Active
3533,EMP-003586,LOC-0035,Rebecca Floyd,Human Resources,Operator,2022-08-26,Active
3534,EMP-003587,LOC-0025,Jennifer Allen,Finance,Operator,2024-05-08,Active
3535,EMP-003588,LOC-0063,Debra Berg,Human Resources,Operator,2021-11-20,Active
3536,EMP-003589,LOC-0012,Brittany Rogers,Production,Specialist,2019-07-23,Active
3537,EMP-003590,LOC-0094,Jamie Nelson,Supply Chain,Specialist,2020-04-30,Active
3538,EMP-003591,LOC-0017,Benjamin Ortega,Sales,Supervisor,2020-12-17,Active
3539,EMP-003592,LOC-0005,Joseph Fritz,Operations,Coordinator,2020-10-18,Active
3540,EMP-003593,LOC-0070,Christine Johnson,IT,Manager,2020-08-28,Active
3541,EMP-003594,LOC-0042,Thomas Soto,Supply Chain,Operator,2024-03-13,Active
3542,EMP-003595,LOC-0017,Mary Foster,Supply Chain,Engineer,2023-06-21,Active
3543,EMP-003596,LOC-0073,Denise Wilson,Sales,Analyst,2020-07-20,Active
3544,EMP-003597,LOC-0041,Maria Reynolds,Finance,Manager,2019-07-08,Active
3545,EMP-003598,LOC-0016,Brenda Allen,Human Resources,Coordinator,2025-12-16,Active
3546,EMP-003599,LOC-0061,Mark Pierce,Human Resources,Analyst,2025-12-16,Active
3547,EMP-003600,LOC-0048,Christina Brock,Finance,Analyst,2021-06-29,Active
3548,EMP-003601,LOC-0091,Timothy Lynch,Maintenance,Supervisor,2021-12-23,Active
3549,EMP-003602,LOC-0058,James Jackson,IT,Specialist,2024-01-18,Active
3550,EMP-003603,LOC-0026,Sergio Payne,Production,Specialist,2022-05-02,Active
3551,EMP-003604,LOC-0018,Timothy Coleman,Operations,Manager,2023-09-09,Active
3552,EMP-003606,LOC-0094,Jonathon Johnson,Supply Chain,Technician,2024-09-16,Active
3553,EMP-003607,LOC-0016,Elizabeth Bates,Supply Chain,Coordinator,2020-07-11,Active
3554,EMP-003608,LOC-0069,Melanie Hoffman,IT,Manager,2023-12-14,Inactive
3555,EMP-003609,LOC-0094,Susan Atkins,Finance,Specialist,2022-03-06,Active
3556,EMP-003610,LOC-0084,Mitchell Smith,Operations,Manager,2024-07-01,Active
3557,EMP-003611,LOC-0097,Michael White MD,Operations,Operator,2022-03-18,Active
3558,EMP-003612,LOC-0100,Sarah Ruiz,Operations,Coordinator,2025-06-11,Active
3559,EMP-003613,LOC-0079,Matthew Gillespie,Production,Operator,2020-02-07,Active
3560,EMP-003614,LOC-0100,Joe Williams,Maintenance,Manager,2023-02-09,Active
3561,EMP-003615,LOC-0098,Janet Murray,Supply Chain,Operator,2020-09-12,Active
3562,EMP-003616,LOC-0093,Kimberly Williamson,Operations,Operator,2025-07-24,Active
3563,EMP-003617,LOC-0082,Erik Brooks,Operations,Operator,2024-06-07,Active
3564,EMP-003618,LOC-0014,Summer Torres,Sales,Technician,2024-02-17,Active
3565,EMP-003619,LOC-0092,Brian Hill,Human Resources,Specialist,2024-05-27,Active
3566,EMP-003620,LOC-0005,Casey Petersen,Operations,Analyst,2025-05-10,Active
3567,EMP-003621,LOC-0029,Anna Hess,IT,Engineer,2021-11-24,Active
3568,EMP-003622,LOC-0015,Michelle Noble,Maintenance,Engineer,2020-10-08,Active
3569,EMP-003623,LOC-0014,Sarah Lam,Sales,Coordinator,2025-09-28,Active
3570,EMP-003624,LOC-0033,Amy Garcia,Production,Operator,2023-01-23,Active
3571,EMP-003625,LOC-0024,Ryan Barnett,Operations,Analyst,2021-01-31,Active
3572,EMP-003626,LOC-0023,Jerry Baldwin,Production,Coordinator,2021-07-29,Active
3573,EMP-003627,LOC-0032,Marco Smith,Operations,Coordinator,2024-04-09,Active
3574,EMP-003628,LOC-0039,Brandon Williams,Production,Analyst,2023-02-14,Active
3575,EMP-003629,LOC-0092,Jennifer Butler,Supply Chain,Coordinator,2021-03-18,Active
3576,EMP-003630,LOC-0079,Holly Kennedy,Operations,Operator,2019-11-19,Active
3577,EMP-003631,LOC-0030,Mark Rodriguez,Finance,Technician,2024-02-01,Inactive
3578,EMP-003632,LOC-0060,Anthony Gilbert,Operations,Engineer,2024-09-21,Active
3579,EMP-003633,LOC-0019,Tammie Jacobs,Operations,Technician,2022-10-08,Active
3580,EMP-003634,LOC-0049,Rodney Martinez,Production,Engineer,2024-06-27,Active
3581,EMP-003635,LOC-0078,Michael Hurley,Production,Manager,2020-10-15,Inactive
3582,EMP-003636,LOC-0076,Christopher Frank,Operations,Technician,2019-07-30,Active
3583,EMP-003637,LOC-0045,Alan Sanchez,Operations,Specialist,2023-03-31,Active
3584,EMP-003638,LOC-0024,Melissa Gibson,Finance,Manager,2024-07-24,Active
3585,EMP-003639,LOC-0027,Brent Mathews,Operations,Specialist,2021-02-24,Active
3586,EMP-003640,LOC-0046,Eugene Ferrell,Operations,Manager,2024-02-03,Active
3587,EMP-003641,LOC-0001,Andrew Martinez,Operations,Supervisor,2024-10-07,Inactive
3588,EMP-003642,LOC-0048,Christopher Cox,Operations,Analyst,2024-06-14,Active
3589,EMP-003643,LOC-0037,Paige Padilla,Production,Coordinator,2019-10-24,Active
3590,EMP-003644,LOC-0086,Robert Coleman,Operations,Analyst,2021-04-20,Active
3591,EMP-003645,LOC-0090,Christopher Thomas,Production,Supervisor,2020-11-21,Active
3592,EMP-003646,LOC-0012,Richard Hunter,Operations,Manager,2023-04-01,Active
3593,EMP-003647,LOC-0012,Adam White,Production,Supervisor,2020-06-26,Active
3594,EMP-003648,LOC-0025,Ashley Soto,Production,Coordinator,2025-07-09,Active
3595,EMP-003649,LOC-0074,Aaron Harrison,Operations,Manager,2019-02-28,Active
3596,EMP-003650,LOC-0011,Jennifer Walker,Sales,Analyst,2023-01-09,Inactive
3597,EMP-003651,LOC-0007,Isaiah Foster,Production,Technician,2024-09-05,Active
3598,EMP-003652,LOC-0016,Margaret Lynch,Sales,Technician,2020-12-16,Inactive
3599,EMP-003653,LOC-0080,Diana Walker,Production,Specialist,2022-08-05,Active
3600,EMP-003654,LOC-0078,Rose Gonzales,IT,Supervisor,2020-12-06,Active
3601,EMP-003655,LOC-0008,Whitney Travis,Production,Specialist,2023-10-09,Active
3602,EMP-003656,LOC-0054,Rebecca Bates,IT,Technician,2021-07-16,Inactive
3603,EMP-003657,LOC-0010,Sheila Moran,Production,Manager,2024-06-11,Active
3604,EMP-003658,LOC-0067,Angelica Garcia,Operations,Manager,2020-07-18,Active
3605,EMP-003659,LOC-0097,Paul Sanchez,Operations,Supervisor,2021-03-13,Active
3606,EMP-003660,LOC-0073,Cheryl Whitehead,IT,Technician,2022-09-18,Active
3607,EMP-003661,LOC-0077,Alex Hebert,IT,Engineer,2022-10-09,Active
3608,EMP-003662,LOC-0078,Matthew Fisher,Supply Chain,Specialist,2024-02-16,Active
3609,EMP-003663,LOC-0079,Angela Martin,Production,Specialist,2022-07-20,Inactive
3610,EMP-003665,LOC-0086,Stephanie Cooper,Maintenance,Manager,2019-04-14,Active
3611,EMP-003666,LOC-0064,Allison Duncan,Supply Chain,Analyst,2023-11-06,Active
3612,EMP-003667,LOC-0032,William Freeman,Operations,Specialist,2024-08-17,Active
3613,EMP-003668,LOC-0097,Jennifer Marquez,Maintenance,Coordinator,2019-12-14,Active
3614,EMP-003669,LOC-0071,Heather Bryant,Supply Chain,Specialist,2023-05-05,Active
3615,EMP-003671,LOC-0045,Michael Knapp,Human Resources,Supervisor,2021-04-02,Inactive
3616,EMP-003672,LOC-0096,Brian Price,IT,Technician,2021-04-24,Active
3617,EMP-003673,LOC-0081,Scott English,Operations,Supervisor,2023-08-25,Active
3618,EMP-003674,LOC-0061,Garrett Spencer,Maintenance,Specialist,2024-05-28,Active
3619,EMP-003675,LOC-0002,Steven Hartman,Human Resources,Engineer,2019-01-20,Active
3620,EMP-003676,LOC-0055,Andrew French,Operations,Technician,2020-03-15,Active
3621,EMP-003677,LOC-0060,Leslie Gomez,Production,Supervisor,2023-12-31,Active
3622,EMP-003678,LOC-0010,David Gregory,IT,Analyst,2019-11-04,Active
3623,EMP-003679,LOC-0099,Wayne Cunningham,Human Resources,Engineer,2025-03-29,Active
3624,EMP-003680,LOC-0054,Carmen Jimenez,Operations,Engineer,2021-12-04,Active
3625,EMP-003681,LOC-0048,Christopher Hamilton,Supply Chain,Coordinator,2021-09-29,Active
3626,EMP-003682,LOC-0047,Robert Gonzalez PhD,Maintenance,Technician,2022-10-24,Active
3627,EMP-003683,LOC-0075,James Pearson,Supply Chain,Supervisor,2023-01-24,Inactive
3628,EMP-003684,LOC-0017,Lisa Salazar,Human Resources,Analyst,2022-05-05,Inactive
3629,EMP-003685,LOC-0094,Michelle Benson,Finance,Supervisor,2024-01-31,Active
3630,EMP-003686,LOC-0062,Katherine Morales,Supply Chain,Analyst,2021-06-27,Active
3631,EMP-003687,LOC-0015,Walter Scott,Production,Analyst,2022-06-12,Active
3632,EMP-003688,LOC-0042,Anna Mcdaniel,Supply Chain,Operator,2021-04-04,Active
3633,EMP-003689,LOC-0052,Jessica Mason,Maintenance,Coordinator,2023-07-09,Active
3634,EMP-003690,LOC-0021,Thomas Smith,Production,Operator,2020-04-09,Inactive
3635,EMP-003691,LOC-0037,Corey Bowers,Maintenance,Manager,2022-08-26,Active
3636,EMP-003692,LOC-0023,Mario Lee,Finance,Operator,2022-01-10,Active
3637,EMP-003693,LOC-0083,Anthony Rowe,Production,Technician,2024-07-10,Active
3638,EMP-003694,LOC-0048,Jamie White,Supply Chain,Coordinator,2021-10-14,Active
3639,EMP-003695,LOC-0023,Donna Martinez,Production,Analyst,2022-06-03,Active
3640,EMP-003696,LOC-0069,Carl Turner,Production,Coordinator,2024-11-01,Active
3641,EMP-003697,LOC-0050,Nathaniel Mckinney,Supply Chain,Operator,2023-09-08,Active
3642,EMP-003698,LOC-0044,Mary Hughes,Supply Chain,Analyst,2023-01-26,Active
3643,EMP-003699,LOC-0025,Sandra Lynch,Operations,Supervisor,2021-03-14,Active
3644,EMP-003700,LOC-0077,Elizabeth Roman,Sales,Engineer,2021-05-02,Active
3645,EMP-003701,LOC-0071,Kyle Hart,Production,Specialist,2019-06-05,Active
3646,EMP-003702,LOC-0029,Elizabeth Baker,Finance,Operator,2021-01-10,Inactive
3647,EMP-003703,LOC-0049,John Moore,Production,Manager,2021-05-19,Active
3648,EMP-003704,LOC-0086,Elizabeth Coleman,Human Resources,Analyst,2024-09-18,Active
3649,EMP-003705,LOC-0033,Stephen Wilson,Sales,Manager,2020-09-11,Active
3650,EMP-003706,LOC-0028,Jessica Harper,Supply Chain,Operator,2022-08-25,Active
3651,EMP-003707,LOC-0027,Jessica King,Maintenance,Operator,2020-02-10,Active
3652,EMP-003708,LOC-0078,Shannon Robertson,IT,Coordinator,2024-01-12,Active
3653,EMP-003709,LOC-0099,John Gregory,IT,Engineer,2024-10-10,Active
3654,EMP-003710,LOC-0037,Erin Holden,IT,Operator,2022-10-24,Active
3655,EMP-003711,LOC-0045,Gerald Reyes,Maintenance,Coordinator,2023-04-06,Active
3656,EMP-003712,LOC-0010,Steven Heath,IT,Supervisor,2025-06-21,Active
3657,EMP-003713,LOC-0013,Hayley Stewart,Supply Chain,Engineer,2022-06-06,Active
3658,EMP-003715,LOC-0035,Dorothy Gordon,Operations,Coordinator,2019-01-24,Active
3659,EMP-003716,LOC-0040,Miss Laurie Green,Finance,Operator,2022-10-28,Inactive
3660,EMP-003717,LOC-0022,Danielle Stevenson,Production,Specialist,2019-07-07,Active
3661,EMP-003718,LOC-0061,James Johnson,Supply Chain,Technician,2025-10-01,Active
3662,EMP-003719,LOC-0097,Tracy Lewis,Sales,Technician,2019-06-30,Active
3663,EMP-003720,LOC-0012,Sharon Graves,Production,Supervisor,2020-08-25,Active
3664,EMP-003721,LOC-0012,Alex Rivera,Production,Engineer,2025-11-26,Active
3665,EMP-003722,LOC-0097,Tina Chavez,IT,Manager,2023-10-18,Inactive
3666,EMP-003723,LOC-0025,Danielle Rice,Human Resources,Engineer,2025-08-09,Active
3667,EMP-003724,LOC-0011,John Hunt,Operations,Manager,2020-04-14,Active
3668,EMP-003725,LOC-0029,Bobby Young,Human Resources,Operator,2022-02-26,Active
3669,EMP-003726,LOC-0002,Robin Craig,Maintenance,Manager,2021-04-03,Active
3670,EMP-003727,LOC-0048,Rebecca Cox DVM,Operations,Technician,2021-03-10,Active
3671,EMP-003728,LOC-0002,Aaron Nguyen,Production,Operator,2025-01-02,Active
3672,EMP-003729,LOC-0020,Kelly Gilbert,IT,Supervisor,2022-07-22,Active
3673,EMP-003730,LOC-0036,Margaret Reed,Production,Specialist,2022-07-07,Active
3674,EMP-003731,LOC-0100,Keith Jones,Supply Chain,Specialist,2025-07-20,Active
3675,EMP-003732,LOC-0030,Jessica Nichols,Supply Chain,Manager,2023-04-09,Active
3676,EMP-003733,LOC-0042,Danielle Mahoney,Operations,Analyst,2022-02-05,Active
3677,EMP-003734,LOC-0043,Carolyn Rodgers,Operations,Supervisor,2021-05-25,Active
3678,EMP-003735,LOC-0011,Brandon Lewis,IT,Manager,2023-06-25,Active
3679,EMP-003736,LOC-0071,Bradley Miller,IT,Operator,2019-05-20,Active
3680,EMP-003737,LOC-0066,David Thomas,Operations,Technician,2022-05-04,Active
3681,EMP-003738,LOC-0022,Sarah Smith,Supply Chain,Operator,2021-09-28,Active
3682,EMP-003739,LOC-0094,Kathryn Boyle,Supply Chain,Engineer,2023-11-12,Active
3683,EMP-003740,LOC-0071,Courtney Hart,Production,Supervisor,2022-10-07,Active
3684,EMP-003741,LOC-0011,Richard Buchanan,Production,Analyst,2025-01-07,Active
3685,EMP-003742,LOC-0059,Kelly Graham,Maintenance,Manager,2019-05-14,Active
3686,EMP-003743,LOC-0025,Jeffrey Torres,Production,Analyst,2020-07-01,Inactive
3687,EMP-003744,LOC-0089,William Williams,Supply Chain,Operator,2021-12-14,Active
3688,EMP-003745,LOC-0041,Ellen Rangel,Supply Chain,Supervisor,2025-11-13,Active
3689,EMP-003746,LOC-0041,John Young,Finance,Supervisor,2020-09-15,Active
3690,EMP-003747,LOC-0073,Lauren Lopez,Production,Analyst,2024-09-07,Active
3691,EMP-003748,LOC-0028,Kristen Moore,Operations,Supervisor,2025-10-03,Active
3692,EMP-003749,LOC-0098,Sharon Jensen,Production,Engineer,2025-11-21,Active
3693,EMP-003750,LOC-0054,Mikayla Burns,Production,Operator,2024-06-05,Active
3694,EMP-003751,LOC-0045,David Rogers,IT,Specialist,2024-10-20,Active
3695,EMP-003752,LOC-0062,Kenneth Adkins,Production,Manager,2024-06-15,Active
3696,EMP-003753,LOC-0092,Lauren Lyons,Sales,Specialist,2021-11-22,Active
3697,EMP-003754,LOC-0071,Timothy Wright,Production,Coordinator,2019-04-01,Inactive
3698,EMP-003755,LOC-0052,Darrell Cook,Sales,Specialist,2020-06-02,Active
3699,EMP-003756,LOC-0056,Andrew Oconnor,Human Resources,Operator,2021-01-26,Inactive
3700,EMP-003757,LOC-0083,Sylvia Lloyd,Production,Operator,2025-12-27,Active
3701,EMP-003758,LOC-0045,Joseph Liu,Production,Analyst,2019-10-16,Active
3702,EMP-003759,LOC-0022,Chelsea Wilson,Operations,Operator,2021-09-08,Active
3703,EMP-003760,LOC-0069,Robert Washington,Sales,Technician,2020-04-13,Inactive
3704,EMP-003761,LOC-0043,Tiffany Ross,Operations,Specialist,2024-05-01,Active
3705,EMP-003762,LOC-0098,Gabriel Wilson,Operations,Analyst,2022-05-26,Active
3706,EMP-003763,LOC-0037,Melissa Riggs,Human Resources,Specialist,2021-06-06,Active
3707,EMP-003764,LOC-0066,Matthew Burns,Production,Specialist,2020-03-20,Active
3708,EMP-003765,LOC-0032,Teresa Fritz,Finance,Technician,2023-09-23,Active
3709,EMP-003766,LOC-0059,Hector Fuller,Supply Chain,Analyst,2024-07-26,Active
3710,EMP-003767,LOC-0013,Timothy Dyer,Operations,Manager,2025-04-23,Active
3711,EMP-003768,LOC-0054,Daniel Martinez,Operations,Manager,2022-11-14,Active
3712,EMP-003769,LOC-0058,Thomas Erickson,Operations,Supervisor,2024-05-28,Active
3713,EMP-003770,LOC-0003,Logan Ramos,Supply Chain,Technician,2025-06-21,Active
3714,EMP-003771,LOC-0050,Barbara Green,Sales,Manager,2023-04-24,Active
3715,EMP-003772,LOC-0078,Barbara Baker,Supply Chain,Engineer,2024-06-08,Active
3716,EMP-003773,LOC-0071,William Dominguez,Operations,Supervisor,2023-12-06,Inactive
3717,EMP-003774,LOC-0086,Ms. Wendy Delgado,Sales,Engineer,2022-05-26,Active
3718,EMP-003775,LOC-0089,Ian Perkins,Operations,Engineer,2024-10-27,Active
3719,EMP-003776,LOC-0049,Paige Mitchell,Sales,Operator,2020-07-14,Active
3720,EMP-003777,LOC-0040,Kathryn Jarvis,IT,Specialist,2019-10-13,Active
3721,EMP-003778,LOC-0031,Brianna Wilson,Production,Operator,2025-07-14,Active
3722,EMP-003779,LOC-0095,Lisa Matthews,Operations,Specialist,2023-07-13,Active
3723,EMP-003780,LOC-0094,Andrew Davis,Supply Chain,Technician,2025-07-29,Active
3724,EMP-003781,LOC-0044,Leslie Osborne,Operations,Technician,2024-07-07,Active
3725,EMP-003782,LOC-0048,Nicholas Castillo,Supply Chain,Analyst,2025-05-25,Active
3726,EMP-003783,LOC-0058,Travis Hill,Human Resources,Analyst,2024-11-24,Active
3727,EMP-003784,LOC-0094,Mark Pratt,Operations,Coordinator,2023-07-02,Active
3728,EMP-003785,LOC-0017,Julia Miles,Operations,Supervisor,2024-06-18,Active
3729,EMP-003786,LOC-0002,Mark Conley,Sales,Operator,2022-10-17,Active
3730,EMP-003787,LOC-0097,James Martin,Supply Chain,Manager,2025-02-20,Active
3731,EMP-003789,LOC-0084,Christine Richardson,Operations,Specialist,2019-02-06,Inactive
3732,EMP-003790,LOC-0076,Lindsey Davila,Supply Chain,Manager,2020-12-11,Active
3733,EMP-003791,LOC-0002,Kenneth Wilcox,Production,Engineer,2021-08-17,Active
3734,EMP-003792,LOC-0029,Jenny Brown,Operations,Coordinator,2021-07-12,Active
3735,EMP-003793,LOC-0035,Rhonda Mendoza,Production,Specialist,2020-01-18,Active
3736,EMP-003794,LOC-0011,Christopher Smith,IT,Analyst,2025-12-14,Active
3737,EMP-003795,LOC-0028,Leslie Crawford,Human Resources,Manager,2021-03-31,Active
3738,EMP-003796,LOC-0056,Stephen Hanson,Supply Chain,Engineer,2021-09-15,Inactive
3739,EMP-003797,LOC-0086,Mr. Jerry Rivera,Production,Technician,2022-10-26,Active
3740,EMP-003798,LOC-0082,Gina Baird,Sales,Analyst,2023-11-04,Active
3741,EMP-003800,LOC-0011,James Webb,Supply Chain,Manager,2020-05-23,Active
3742,EMP-003801,LOC-0005,Martha Merritt,Supply Chain,Supervisor,2020-05-20,Active
3743,EMP-003802,LOC-0056,Edwin Vasquez,Finance,Supervisor,2023-07-16,Active
3744,EMP-003803,LOC-0050,Jacob Gilbert,Supply Chain,Manager,2023-01-22,Active
3745,EMP-003804,LOC-0055,Heather Miller,Supply Chain,Operator,2023-04-15,Inactive
3746,EMP-003805,LOC-0069,Christopher Andrews,Supply Chain,Coordinator,2020-11-29,Active
3747,EMP-003806,LOC-0043,Larry Anthony,Maintenance,Specialist,2019-10-19,Inactive
3748,EMP-003807,LOC-0062,Amanda Martinez MD,Production,Specialist,2020-08-19,Active
3749,EMP-003808,LOC-0068,John Daniel,Human Resources,Manager,2023-09-23,Active
3750,EMP-003809,LOC-0078,Maurice Nelson,Operations,Specialist,2024-01-28,Active
3751,EMP-003810,LOC-0097,Sean Strickland,Supply Chain,Engineer,2019-06-25,Active
3752,EMP-003811,LOC-0079,Nicole Quinn,Sales,Operator,2021-04-10,Active
3753,EMP-003812,LOC-0047,Chase Scott,Operations,Analyst,2024-08-25,Active
3754,EMP-003813,LOC-0048,Kelly Pham,Operations,Specialist,2019-06-14,Active
3755,EMP-003815,LOC-0043,Diana Armstrong,Supply Chain,Coordinator,2021-04-03,Active
3756,EMP-003816,LOC-0010,Jason Knight,Operations,Supervisor,2025-04-05,Active
3757,EMP-003817,LOC-0072,Andrea Singh,Operations,Analyst,2019-10-18,Active
3758,EMP-003818,LOC-0015,Loretta Murray,Operations,Supervisor,2025-01-20,Active
3759,EMP-003819,LOC-0062,Ruben Reyes,Production,Supervisor,2019-02-28,Active
3760,EMP-003820,LOC-0080,Susan Bell,Human Resources,Operator,2021-10-25,Active
3761,EMP-003821,LOC-0012,Bill Perez,Production,Coordinator,2019-09-04,Active
3762,EMP-003822,LOC-0042,Tiffany Ford,Maintenance,Coordinator,2021-01-17,Active
3763,EMP-003823,LOC-0015,Jeffrey Dunn,Supply Chain,Operator,2025-06-21,Active
3764,EMP-003824,LOC-0078,Pamela Brown,Operations,Analyst,2023-07-13,Active
3765,EMP-003825,LOC-0100,John Murphy,Maintenance,Specialist,2019-11-04,Active
3766,EMP-003826,LOC-0008,Laura Williams,Finance,Engineer,2019-03-29,Active
3767,EMP-003827,LOC-0010,Justin Woods,Operations,Coordinator,2021-11-25,Inactive
3768,EMP-003828,LOC-0066,Gerald Torres,Operations,Technician,2021-09-03,Active
3769,EMP-003829,LOC-0006,Michael Thompson,Production,Technician,2022-06-14,Active
3770,EMP-003830,LOC-0044,Joseph Hammond,Maintenance,Coordinator,2020-03-24,Active
3771,EMP-003831,LOC-0080,Cindy Mckenzie,Production,Engineer,2023-02-11,Active
3772,EMP-003832,LOC-0078,Wesley Gibson,Maintenance,Supervisor,2020-11-08,Active
3773,EMP-003833,LOC-0028,Christian Smith,Sales,Engineer,2021-10-03,Active
3774,EMP-003834,LOC-0065,Alicia Randolph,Production,Analyst,2020-12-28,Active
3775,EMP-003835,LOC-0033,Kara Sherman,IT,Supervisor,2024-11-05,Active
3776,EMP-003836,LOC-0003,Jennifer Harris,Sales,Technician,2021-08-08,Inactive
3777,EMP-003837,LOC-0066,Elizabeth Hill,Operations,Specialist,2020-02-02,Active
3778,EMP-003838,LOC-0065,Nicole Evans,Operations,Operator,2024-01-24,Active
3779,EMP-003839,LOC-0024,William Cooke,Operations,Operator,2020-01-26,Active
3780,EMP-003840,LOC-0088,Michael Moss,Human Resources,Coordinator,2023-06-25,Active
3781,EMP-003841,LOC-0027,Sarah Hebert,Operations,Analyst,2019-09-01,Active
3782,EMP-003842,LOC-0069,Susan Hess,Operations,Operator,2024-09-23,Active
3783,EMP-003843,LOC-0048,Brenda Buchanan,Human Resources,Analyst,2019-11-10,Active
3784,EMP-003844,LOC-0073,Jimmy Reyes,Operations,Analyst,2025-06-23,Active
3785,EMP-003845,LOC-0086,George Wilson,Sales,Coordinator,2022-06-07,Active
3786,EMP-003846,LOC-0005,Lisa Walker,Supply Chain,Operator,2023-04-03,Active
3787,EMP-003847,LOC-0006,Kenneth Hernandez,Maintenance,Engineer,2023-06-26,Active
3788,EMP-003848,LOC-0047,Nicholas Johnson,Supply Chain,Engineer,2025-02-19,Active
3789,EMP-003849,LOC-0027,Michael Roy,Finance,Coordinator,2023-09-15,Active
3790,EMP-003850,LOC-0070,Nicholas Mendoza,IT,Supervisor,2024-06-25,Active
3791,EMP-003851,LOC-0068,Bernard Lawson,Production,Technician,2021-02-22,Active
3792,EMP-003852,LOC-0097,Ivan Roberts,Operations,Operator,2024-09-26,Active
3793,EMP-003853,LOC-0067,David Kim,IT,Technician,2022-08-09,Active
3794,EMP-003854,LOC-0019,Kathryn Washington,Production,Technician,2020-02-06,Active
3795,EMP-003856,LOC-0058,William Gross,Production,Manager,2024-06-23,Active
3796,EMP-003857,LOC-0099,Nancy Alexander,Production,Specialist,2025-03-12,Active
3797,EMP-003858,LOC-0094,Andrew Robinson,Operations,Operator,2023-02-04,Active
3798,EMP-003859,LOC-0050,Gregory Rich,IT,Specialist,2019-03-01,Active
3799,EMP-003860,LOC-0094,Neil Morgan,Operations,Supervisor,2019-07-16,Active
3800,EMP-003861,LOC-0094,David Johnson,Production,Engineer,2025-08-16,Active
3801,EMP-003862,LOC-0014,Justin Smith,Finance,Technician,2020-08-27,Active
3802,EMP-003863,LOC-0087,Ian Lewis,Production,Coordinator,2019-06-06,Active
3803,EMP-003864,LOC-0017,Blake Walsh,Finance,Technician,2020-02-12,Active
3804,EMP-003865,LOC-0095,Peter Johnson,Operations,Specialist,2025-08-11,Active
3805,EMP-003866,LOC-0003,Mary Jackson,Production,Technician,2021-11-19,Active
3806,EMP-003867,LOC-0051,Jonathan Miller,Maintenance,Operator,2019-04-12,Active
3807,EMP-003868,LOC-0003,Miranda Owens,Maintenance,Operator,2023-11-22,Active
3808,EMP-003869,LOC-0057,Paul Lopez,IT,Technician,2024-12-17,Inactive
3809,EMP-003870,LOC-0032,Bridget Figueroa,Operations,Technician,2025-01-09,Active
3810,EMP-003871,LOC-0014,Malik Smith,Supply Chain,Manager,2023-09-14,Active
3811,EMP-003872,LOC-0052,Adam Lopez,Finance,Engineer,2022-03-02,Active
3812,EMP-003873,LOC-0008,David Glenn,Supply Chain,Specialist,2023-09-13,Active
3813,EMP-003874,LOC-0038,Jason Smith,IT,Operator,2024-02-11,Active
3814,EMP-003875,LOC-0029,Martha Brooks,Operations,Supervisor,2022-08-24,Active
3815,EMP-003876,LOC-0085,Kelly Brewer,Operations,Specialist,2020-01-24,Active
3816,EMP-003877,LOC-0038,Douglas Lopez,Finance,Engineer,2023-10-12,Active
3817,EMP-003878,LOC-0075,Eric Moore,IT,Analyst,2022-01-28,Inactive
3818,EMP-003879,LOC-0020,Jared Santos,Production,Engineer,2024-05-23,Active
3819,EMP-003880,LOC-0092,Melinda Torres,Maintenance,Operator,2024-10-16,Active
3820,EMP-003881,LOC-0008,Marie Miller,Production,Supervisor,2023-11-18,Active
3821,EMP-003882,LOC-0041,Christine Knight,Supply Chain,Engineer,2024-02-06,Active
3822,EMP-003883,LOC-0086,Elijah Miller,Supply Chain,Coordinator,2023-09-19,Active
3823,EMP-003884,LOC-0031,Jill Holmes,Production,Operator,2020-03-18,Active
3824,EMP-003885,LOC-0086,Robert Castro,Operations,Analyst,2020-03-08,Active
3825,EMP-003886,LOC-0061,Gregory Morris,Operations,Specialist,2021-06-30,Active
3826,EMP-003887,LOC-0100,John Gonzalez,Operations,Coordinator,2024-09-06,Inactive
3827,EMP-003888,LOC-0017,Angel Ellis,Production,Analyst,2024-04-10,Active
3828,EMP-003889,LOC-0085,Amy Bernard,Sales,Engineer,2019-08-13,Active
3829,EMP-003890,LOC-0019,Erin Richards,Production,Specialist,2023-11-19,Active
3830,EMP-003891,LOC-0076,Rebecca Taylor,Supply Chain,Manager,2020-07-03,Active
3831,EMP-003892,LOC-0085,Kim Moody,IT,Technician,2021-06-01,Active
3832,EMP-003893,LOC-0058,Patrick Dougherty,Operations,Coordinator,2024-06-22,Active
3833,EMP-003894,LOC-0080,Susan Nelson,IT,Supervisor,2020-10-22,Active
3834,EMP-003895,LOC-0068,Dennis Cunningham,Production,Manager,2023-05-20,Active
3835,EMP-003896,LOC-0037,Alyssa Brock,Human Resources,Engineer,2021-04-13,Active
3836,EMP-003897,LOC-0063,Jasmine Fernandez,Sales,Analyst,2022-05-16,Active
3837,EMP-003898,LOC-0001,Emily Bond,Sales,Engineer,2019-06-04,Active
3838,EMP-003899,LOC-0045,Nicole Paul,Production,Specialist,2024-05-27,Inactive
3839,EMP-003900,LOC-0053,Christopher Peterson,Human Resources,Supervisor,2021-04-19,Active
3840,EMP-003901,LOC-0027,Steven Fox,Maintenance,Analyst,2024-03-11,Active
3841,EMP-003902,LOC-0023,Jacob Wright,Operations,Technician,2019-12-22,Active
3842,EMP-003903,LOC-0001,Douglas Morris,Sales,Operator,2023-02-17,Active
3843,EMP-003904,LOC-0017,Brenda Miller,Production,Engineer,2024-10-24,Active
3844,EMP-003905,LOC-0051,Brian Anderson,Operations,Analyst,2019-08-27,Active
3845,EMP-003906,LOC-0005,Anna Garcia,Operations,Engineer,2023-11-30,Active
3846,EMP-003907,LOC-0064,Jesse Price,Sales,Analyst,2025-12-29,Active
3847,EMP-003908,LOC-0055,Stefanie Sanchez,IT,Manager,2019-09-26,Active
3848,EMP-003909,LOC-0058,Cindy Taylor,Finance,Coordinator,2022-05-16,Active
3849,EMP-003910,LOC-0091,Amy Velez,Production,Coordinator,2023-08-07,Active
3850,EMP-003911,LOC-0051,Austin Mcknight,IT,Operator,2022-05-24,Active
3851,EMP-003912,LOC-0009,Brittany Davis,Production,Engineer,2024-04-11,Active
3852,EMP-003913,LOC-0049,Brian Esparza,Sales,Coordinator,2019-03-15,Active
3853,EMP-003914,LOC-0042,Joseph Cooper,Operations,Technician,2019-08-25,Active
3854,EMP-003915,LOC-0099,Tracy Blake,Production,Engineer,2020-09-16,Active
3855,EMP-003916,LOC-0006,Jennifer Vargas,Maintenance,Engineer,2020-03-24,Active
3856,EMP-003917,LOC-0058,Kristen Owens,Production,Supervisor,2021-11-26,Active
3857,EMP-003918,LOC-0023,Susan Rodriguez,Supply Chain,Supervisor,2020-03-21,Active
3858,EMP-003919,LOC-0031,Scott Brown,Production,Supervisor,2024-01-18,Active
3859,EMP-003920,LOC-0095,Ashley Norris,Operations,Analyst,2020-07-21,Active
3860,EMP-003921,LOC-0073,Benjamin Hernandez,Supply Chain,Coordinator,2021-01-23,Active
3861,EMP-003922,LOC-0090,Amanda Thompson,Operations,Engineer,2020-03-18,Active
3862,EMP-003923,LOC-0002,Patricia Garza,Finance,Coordinator,2025-07-16,Active
3863,EMP-003924,LOC-0092,Phillip Porter,Operations,Specialist,2022-12-31,Active
3864,EMP-003925,LOC-0029,Michael Mills,Finance,Manager,2025-09-04,Inactive
3865,EMP-003926,LOC-0099,Karen Wade,Operations,Technician,2024-04-20,Active
3866,EMP-003927,LOC-0045,John Rice PhD,Operations,Operator,2025-03-08,Active
3867,EMP-003928,LOC-0026,April Campbell,Supply Chain,Technician,2023-05-14,Active
3868,EMP-003929,LOC-0089,Jordan Dunn,Operations,Manager,2022-03-28,Active
3869,EMP-003930,LOC-0063,Andrew Arias,Sales,Supervisor,2024-09-14,Active
3870,EMP-003931,LOC-0004,Jennifer Vazquez,Operations,Specialist,2021-08-15,Active
3871,EMP-003932,LOC-0080,Patrick Griffin,Production,Manager,2023-04-27,Active
3872,EMP-003933,LOC-0062,Kevin Schneider,IT,Specialist,2024-08-07,Active
3873,EMP-003934,LOC-0020,Timothy Allen,Human Resources,Supervisor,2022-01-21,Active
3874,EMP-003935,LOC-0027,Dr. Deborah Davis DDS,Supply Chain,Coordinator,2023-02-01,Active
3875,EMP-003936,LOC-0086,Miss Hannah Johnson,Production,Engineer,2022-05-18,Active
3876,EMP-003937,LOC-0026,Samuel Howard,Supply Chain,Engineer,2020-01-22,Active
3877,EMP-003938,LOC-0075,Nicholas Johnson DVM,Human Resources,Operator,2024-07-08,Active
3878,EMP-003939,LOC-0095,James Shelton,Production,Manager,2019-11-01,Active
3879,EMP-003940,LOC-0028,Tammy Brewer,Finance,Manager,2020-06-03,Inactive
3880,EMP-003941,LOC-0076,Betty Bartlett,Operations,Manager,2022-12-21,Active
3881,EMP-003942,LOC-0027,Lisa Walker,Production,Operator,2025-10-22,Active
3882,EMP-003943,LOC-0037,Kaitlin Wolfe,Maintenance,Engineer,2020-10-09,Active
3883,EMP-003944,LOC-0020,Randy Rios,Operations,Engineer,2025-11-15,Active
3884,EMP-003945,LOC-0080,John Horn Jr.,Production,Analyst,2019-04-22,Active
3885,EMP-003946,LOC-0009,William May,Operations,Supervisor,2025-02-22,Active
3886,EMP-003947,LOC-0052,Wanda Moreno,Sales,Manager,2019-08-20,Active
3887,EMP-003948,LOC-0059,Douglas Jones,Maintenance,Supervisor,2021-03-19,Active
3888,EMP-003949,LOC-0045,Steven Williams,IT,Coordinator,2021-08-26,Active
3889,EMP-003950,LOC-0008,Charles Bradshaw,Operations,Supervisor,2021-11-05,Active
3890,EMP-003951,LOC-0065,Robert Thomas,Finance,Analyst,2022-12-21,Active
3891,EMP-003952,LOC-0022,Jackie Le,Supply Chain,Specialist,2022-11-10,Active
3892,EMP-003953,LOC-0048,Seth Carroll,Operations,Coordinator,2025-07-07,Inactive
3893,EMP-003954,LOC-0047,Mary Jennings,Maintenance,Operator,2025-11-08,Active
3894,EMP-003955,LOC-0069,Breanna Delgado,Operations,Manager,2025-10-25,Inactive
3895,EMP-003957,LOC-0037,Marilyn Arnold,Finance,Analyst,2019-05-06,Active
3896,EMP-003958,LOC-0040,Alexis Ward,Operations,Analyst,2021-10-19,Active
3897,EMP-003959,LOC-0038,Brittany Ramos,Operations,Manager,2023-12-11,Active
3898,EMP-003960,LOC-0011,Lisa Patrick,Production,Analyst,2022-08-21,Active
3899,EMP-003961,LOC-0054,Megan Porter,Supply Chain,Technician,2023-02-01,Active
3900,EMP-003962,LOC-0051,David Thompson,IT,Engineer,2020-07-16,Active
3901,EMP-003963,LOC-0026,John Salazar,Operations,Coordinator,2022-07-21,Active
3902,EMP-003964,LOC-0032,Amber Munoz,Human Resources,Manager,2024-01-16,Active
3903,EMP-003965,LOC-0034,David Lopez,Operations,Analyst,2020-06-09,Active
3904,EMP-003966,LOC-0027,Amanda Baker,Production,Specialist,2021-11-19,Active
3905,EMP-003967,LOC-0075,Gabriel Jones,Operations,Operator,2023-06-27,Active
3906,EMP-003968,LOC-0084,Jonathan Robinson,IT,Operator,2019-05-29,Active
3907,EMP-003969,LOC-0081,Jonathan Delgado,Operations,Coordinator,2023-01-06,Active
3908,EMP-003970,LOC-0100,Joseph Murphy,Maintenance,Technician,2024-03-31,Active
3909,EMP-003971,LOC-0050,Brittany Pruitt,Finance,Analyst,2020-07-07,Active
3910,EMP-003972,LOC-0082,Cheryl Blackwell,Supply Chain,Supervisor,2021-10-16,Active
3911,EMP-003973,LOC-0057,Dominic Hoffman,Maintenance,Coordinator,2020-05-20,Active
3912,EMP-003974,LOC-0025,Michael Graves,Operations,Operator,2025-10-11,Active
3913,EMP-003975,LOC-0071,Michael Ortiz,Supply Chain,Operator,2022-12-22,Active
3914,EMP-003976,LOC-0065,Brandon Thompson,Production,Operator,2022-03-03,Active
3915,EMP-003977,LOC-0006,Megan May,Production,Engineer,2021-07-26,Active
3916,EMP-003978,LOC-0079,Jennifer Hughes,Operations,Supervisor,2024-07-20,Active
3917,EMP-003979,LOC-0064,Anna Horton,Maintenance,Operator,2020-08-31,Active
3918,EMP-003980,LOC-0041,Stanley Strong,Production,Manager,2020-03-16,Active
3919,EMP-003981,LOC-0058,Kristine Scott,Production,Manager,2024-08-04,Active
3920,EMP-003982,LOC-0067,Mr. Richard Cooper DVM,Maintenance,Specialist,2022-12-23,Active
3921,EMP-003983,LOC-0005,Kimberly Bailey,Operations,Coordinator,2025-12-25,Active
3922,EMP-003984,LOC-0027,Blake Gonzalez,Supply Chain,Engineer,2024-09-03,Active
3923,EMP-003985,LOC-0091,Gary Baker,Maintenance,Analyst,2021-12-27,Active
3924,EMP-003987,LOC-0005,John Gray,Operations,Coordinator,2019-01-26,Inactive
3925,EMP-003988,LOC-0096,Kimberly Turner,IT,Operator,2020-09-01,Active
3926,EMP-003989,LOC-0096,Melissa Jordan,Supply Chain,Supervisor,2020-09-21,Active
3927,EMP-003990,LOC-0011,Renee Anderson,Operations,Analyst,2019-06-08,Active
3928,EMP-003991,LOC-0034,Rachel James,Maintenance,Technician,2024-05-25,Active
3929,EMP-003992,LOC-0077,Taylor Rodriguez,Supply Chain,Manager,2023-09-28,Active
3930,EMP-003993,LOC-0096,Dawn Yoder,Production,Operator,2024-08-10,Active
3931,EMP-003994,LOC-0076,Kristopher Flores,Supply Chain,Engineer,2020-07-13,Active
3932,EMP-003995,LOC-0044,Elizabeth Walter,Production,Operator,2021-01-24,Active
3933,EMP-003996,LOC-0080,Jorge Harper,Production,Operator,2019-09-01,Active
3934,EMP-003997,LOC-0030,Michael Harris,Maintenance,Manager,2020-01-30,Active
3935,EMP-003998,LOC-0013,Cory Martin,Sales,Analyst,2020-01-07,Active
3936,EMP-003999,LOC-0045,Micheal Villegas,Production,Operator,2019-12-17,Active
3937,EMP-004000,LOC-0098,Samuel Chan,Supply Chain,Analyst,2022-06-02,Active
3938,EMP-004001,LOC-0085,Linda Moore,Operations,Operator,2021-02-27,Active
3939,EMP-004002,LOC-0098,Kimberly Osborne,Production,Technician,2024-07-18,Active
3940,EMP-004003,LOC-0078,Albert Henson,Operations,Technician,2024-09-23,Active
3941,EMP-004004,LOC-0046,John White,Production,Analyst,2024-12-13,Active
3942,EMP-004006,LOC-0027,Derek Davis,Supply Chain,Specialist,2019-08-09,Active
3943,EMP-004007,LOC-0077,Susan Mitchell,Operations,Operator,2025-01-16,Active
3944,EMP-004008,LOC-0088,Rachel Ross,Sales,Operator,2019-10-07,Active
3945,EMP-004009,LOC-0030,David Jones,Supply Chain,Technician,2024-06-18,Active
3946,EMP-004010,LOC-0016,Melvin Morris,Production,Operator,2019-10-30,Active
3947,EMP-004011,LOC-0011,Michael Simon,Production,Engineer,2024-08-29,Active
3948,EMP-004012,LOC-0095,Gregory Zuniga,Finance,Analyst,2019-06-11,Active
3949,EMP-004013,LOC-0049,Amanda Perry,Production,Manager,2025-09-13,Active
3950,EMP-004014,LOC-0005,Claire Patterson,Production,Manager,2022-11-22,Active
3951,EMP-004015,LOC-0068,Jon Savage,Supply Chain,Operator,2022-06-29,Active
3952,EMP-004016,LOC-0033,Daniel Mcclain,Operations,Manager,2020-01-20,Inactive
3953,EMP-004017,LOC-0060,Christina Bean,Finance,Technician,2019-03-31,Active
3954,EMP-004018,LOC-0051,Sarah Mendez,IT,Supervisor,2022-05-01,Active
3955,EMP-004019,LOC-0060,Rickey Calhoun,Operations,Operator,2019-04-02,Active
3956,EMP-004020,LOC-0030,Courtney Reed,Supply Chain,Technician,2024-10-12,Active
3957,EMP-004021,LOC-0029,Edward Walsh,Operations,Manager,2022-01-09,Active
3958,EMP-004022,LOC-0058,Kimberly Lee,Supply Chain,Specialist,2020-10-01,Active
3959,EMP-004023,LOC-0024,Nicholas Smith,Sales,Manager,2023-03-18,Active
3960,EMP-004024,LOC-0027,Eric Scott,Operations,Engineer,2019-03-03,Active
3961,EMP-004025,LOC-0057,Andrew Hawkins,Supply Chain,Engineer,2025-06-08,Inactive
3962,EMP-004026,LOC-0098,Thomas Watkins,Sales,Operator,2024-04-06,Active
3963,EMP-004027,LOC-0068,Edwin Stephens,Supply Chain,Engineer,2025-06-15,Active
3964,EMP-004028,LOC-0043,Amanda Day,Human Resources,Specialist,2020-07-31,Active
3965,EMP-004029,LOC-0051,Jesus Strickland,Sales,Specialist,2023-07-19,Active
3966,EMP-004030,LOC-0054,Susan Mcbride,Supply Chain,Coordinator,2023-01-17,Active
3967,EMP-004031,LOC-0029,Amy Huang MD,IT,Manager,2024-07-12,Active
3968,EMP-004032,LOC-0063,Michael Johnson,Production,Engineer,2020-12-14,Inactive
3969,EMP-004033,LOC-0034,James Lopez,Operations,Technician,2021-05-24,Active
3970,EMP-004034,LOC-0087,Jared Vance,Production,Specialist,2021-03-24,Active
3971,EMP-004035,LOC-0083,Brian Holmes,Human Resources,Manager,2025-02-13,Active
3972,EMP-004036,LOC-0057,Cory Martin,Maintenance,Manager,2023-09-30,Active
3973,EMP-004038,LOC-0063,Terri Johnston,Sales,Specialist,2025-04-07,Inactive
3974,EMP-004039,LOC-0031,Dawn Moran,Production,Manager,2019-01-01,Active
3975,EMP-004040,LOC-0091,Noah Warren,Operations,Analyst,2019-12-16,Active
3976,EMP-004041,LOC-0082,Lindsay Potts,Operations,Technician,2020-06-21,Active
3977,EMP-004042,LOC-0053,Deborah Fowler,Finance,Engineer,2022-03-06,Active
3978,EMP-004043,LOC-0028,Kathryn Wood,Operations,Engineer,2019-09-26,Active
3979,EMP-004044,LOC-0030,Karen Gonzalez,Production,Technician,2020-06-23,Active
3980,EMP-004045,LOC-0025,William Hudson,Operations,Specialist,2020-01-21,Active
3981,EMP-004046,LOC-0035,James Martinez,Production,Specialist,2020-04-27,Active
3982,EMP-004047,LOC-0032,Cynthia Baker,Human Resources,Technician,2022-04-14,Active
3983,EMP-004048,LOC-0011,Gina Taylor,Production,Coordinator,2022-03-08,Active
3984,EMP-004049,LOC-0036,Scott Green,Finance,Technician,2023-09-28,Active
3985,EMP-004050,LOC-0060,Annette Horne,Human Resources,Technician,2023-07-07,Active
3986,EMP-004051,LOC-0022,Cody Stevens,Operations,Specialist,2024-07-21,Active
3987,EMP-004052,LOC-0095,Mary Jones,Maintenance,Engineer,2022-05-03,Active
3988,EMP-004053,LOC-0077,Michael Green,IT,Coordinator,2022-08-12,Active
3989,EMP-004054,LOC-0074,Virginia Smith,Operations,Operator,2019-02-06,Active
3990,EMP-004055,LOC-0099,Alexa Berry,Operations,Supervisor,2022-04-14,Active
3991,EMP-004056,LOC-0081,Ian Brown,Production,Analyst,2023-01-01,Active
3992,EMP-004057,LOC-0066,Peter Cunningham,Operations,Coordinator,2020-08-01,Active
3993,EMP-004058,LOC-0036,Nicole Jacobs,Supply Chain,Manager,2025-01-26,Active
3994,EMP-004059,LOC-0002,Gina Dean,Operations,Operator,2020-11-07,Active
3995,EMP-004060,LOC-0020,Veronica Robinson,Operations,Supervisor,2024-04-09,Active
3996,EMP-004061,LOC-0012,Katherine Carter,Production,Coordinator,2025-12-01,Active
3997,EMP-004063,LOC-0036,Scott Pitts,Operations,Specialist,2021-06-12,Active
3998,EMP-004064,LOC-0015,Teresa Freeman,Operations,Manager,2023-09-05,Active
3999,EMP-004065,LOC-0047,Travis Brennan,Sales,Analyst,2024-12-12,Active
4000,EMP-004066,LOC-0073,Lisa Jones,Human Resources,Engineer,2019-11-16,Active
4001,EMP-004067,LOC-0014,Alexis Carson,Production,Engineer,2019-10-16,Active
4002,EMP-004068,LOC-0075,John Thomas,Maintenance,Technician,2022-09-14,Active
4003,EMP-004069,LOC-0007,Holly Wells,Production,Manager,2024-08-30,Active
4004,EMP-004070,LOC-0017,Edward Mathis,Operations,Analyst,2020-09-17,Inactive
4005,EMP-004071,LOC-0049,Mary Fisher,Maintenance,Specialist,2019-04-20,Active
4006,EMP-004072,LOC-0022,Brittany Rodriguez,Supply Chain,Specialist,2020-06-22,Active
4007,EMP-004073,LOC-0055,Dr. Kevin Brown,Operations,Engineer,2020-05-11,Active
4008,EMP-004074,LOC-0014,Melvin Hale,Operations,Technician,2025-01-31,Active
4009,EMP-004075,LOC-0095,James Perez,Supply Chain,Specialist,2024-03-10,Active
4010,EMP-004076,LOC-0048,Sergio Massey,Production,Operator,2023-07-10,Active
4011,EMP-004077,LOC-0058,Shelley Abbott,Operations,Engineer,2024-12-24,Active
4012,EMP-004078,LOC-0041,Brian Ramirez,Production,Specialist,2024-10-21,Active
4013,EMP-004079,LOC-0045,Paula Orozco,IT,Engineer,2020-08-11,Inactive
4014,EMP-004080,LOC-0081,James Harris,Operations,Manager,2020-07-10,Active
4015,EMP-004081,LOC-0058,Rebecca Cervantes,Finance,Technician,2024-10-26,Active
4016,EMP-004082,LOC-0006,Sophia Mcdaniel,IT,Coordinator,2023-07-07,Active
4017,EMP-004083,LOC-0052,Stephen Coleman,Finance,Operator,2024-05-03,Active
4018,EMP-004084,LOC-0074,Matthew Newman,Production,Supervisor,2020-08-02,Active
4019,EMP-004085,LOC-0062,Ryan Eaton,Production,Specialist,2021-07-25,Active
4020,EMP-004086,LOC-0099,Timothy Thompson,Maintenance,Supervisor,2024-10-28,Active
4021,EMP-004087,LOC-0063,Dr. Tina Smith DVM,Production,Specialist,2022-01-08,Active
4022,EMP-004088,LOC-0057,Travis Brandt,Operations,Supervisor,2023-03-14,Active
4023,EMP-004089,LOC-0097,Steven Campbell,Sales,Manager,2020-05-14,Active
4024,EMP-004090,LOC-0041,Olivia Vargas,Operations,Engineer,2020-03-07,Active
4025,EMP-004091,LOC-0011,Michelle Decker,Operations,Analyst,2019-04-17,Inactive
4026,EMP-004092,LOC-0002,David Hill,Supply Chain,Technician,2023-04-27,Active
4027,EMP-004093,LOC-0087,Nicole Smith,Finance,Analyst,2019-07-18,Active
4028,EMP-004094,LOC-0058,Tara Compton,Production,Specialist,2023-09-16,Active
4029,EMP-004095,LOC-0023,Courtney Kelly,Supply Chain,Technician,2024-04-25,Active
4030,EMP-004096,LOC-0062,Donald Trujillo,Production,Operator,2024-03-14,Active
4031,EMP-004097,LOC-0007,Cynthia Martin,Production,Manager,2019-03-11,Active
4032,EMP-004098,LOC-0050,Nancy Peterson,Operations,Operator,2022-09-07,Inactive
4033,EMP-004099,LOC-0069,Dr. Derek Sosa,Maintenance,Technician,2019-11-27,Active
4034,EMP-004100,LOC-0002,David Vazquez,Production,Specialist,2024-11-22,Inactive
4035,EMP-004101,LOC-0013,Carla Johnson,IT,Supervisor,2025-01-17,Active
4036,EMP-004102,LOC-0033,Rachael Wall,Finance,Coordinator,2022-07-25,Active
4037,EMP-004103,LOC-0029,Eddie Medina,Production,Operator,2023-12-08,Active
4038,EMP-004104,LOC-0095,Sylvia Henderson,Finance,Analyst,2019-04-29,Active
4039,EMP-004105,LOC-0068,Andrea Miller,Sales,Analyst,2019-04-12,Active
4040,EMP-004106,LOC-0051,Jeanette Blankenship,Maintenance,Engineer,2024-12-12,Active
4041,EMP-004107,LOC-0011,Kelly Fox,Human Resources,Technician,2022-07-29,Active
4042,EMP-004108,LOC-0004,Timothy Moses,Sales,Technician,2025-11-29,Active
4043,EMP-004109,LOC-0047,Sabrina Brown,Sales,Analyst,2022-07-27,Active
4044,EMP-004110,LOC-0063,Joseph Wang,Production,Technician,2021-09-04,Active
4045,EMP-004111,LOC-0053,Matthew Wolfe,Finance,Operator,2025-01-20,Active
4046,EMP-004112,LOC-0022,Dwayne Bennett,Supply Chain,Coordinator,2019-03-10,Active
4047,EMP-004113,LOC-0080,David Alvarez,Finance,Operator,2022-10-24,Active
4048,EMP-004114,LOC-0054,Robert Johnson,Maintenance,Specialist,2021-04-01,Active
4049,EMP-004115,LOC-0023,Shelby Meyers,Finance,Analyst,2023-11-25,Active
4050,EMP-004116,LOC-0070,William James,Production,Specialist,2025-11-10,Active
4051,EMP-004117,LOC-0082,Mr. John Davis,Maintenance,Operator,2025-11-22,Active
4052,EMP-004118,LOC-0035,Breanna Ortiz,Supply Chain,Specialist,2021-03-11,Active
4053,EMP-004119,LOC-0053,Justin Gutierrez,Production,Coordinator,2023-12-25,Active
4054,EMP-004120,LOC-0094,Patricia Bennett,Operations,Technician,2025-03-20,Active
4055,EMP-004121,LOC-0038,Jeremy Sparks,Operations,Engineer,2024-01-06,Active
4056,EMP-004122,LOC-0041,Christina Andrews,Production,Operator,2020-08-26,Active
4057,EMP-004123,LOC-0038,Katherine Williams,Finance,Technician,2024-08-17,Active
4058,EMP-004124,LOC-0058,Dr. Stephanie Christensen,Supply Chain,Engineer,2024-10-30,Active
4059,EMP-004125,LOC-0029,Johnathan Kim,Production,Supervisor,2021-06-16,Active
4060,EMP-004126,LOC-0037,Katrina Hill,Operations,Analyst,2019-07-14,Active
4061,EMP-004127,LOC-0051,Robert Castro,Maintenance,Analyst,2022-03-17,Active
4062,EMP-004128,LOC-0099,Candace Espinoza,Maintenance,Analyst,2025-12-22,Inactive
4063,EMP-004129,LOC-0044,Regina Lloyd,Maintenance,Manager,2021-05-22,Active
4064,EMP-004130,LOC-0095,Jill Parker,Sales,Operator,2025-06-05,Inactive
4065,EMP-004131,LOC-0085,Ashley Thomas,Supply Chain,Engineer,2020-10-15,Active
4066,EMP-004132,LOC-0050,Daryl Ellis,Human Resources,Coordinator,2021-12-02,Active
4067,EMP-004133,LOC-0042,Patrick Lewis,Production,Engineer,2020-12-16,Active
4068,EMP-004134,LOC-0014,Katie Maldonado,Maintenance,Technician,2019-06-16,Active
4069,EMP-004135,LOC-0052,Brandon Cohen,Operations,Operator,2025-08-15,Active
4070,EMP-004136,LOC-0048,Christopher Smith,Finance,Coordinator,2021-03-16,Active
4071,EMP-004137,LOC-0061,Charlotte Warner,Operations,Technician,2023-11-03,Active
4072,EMP-004138,LOC-0030,John Diaz,Sales,Supervisor,2022-07-09,Active
4073,EMP-004139,LOC-0080,Dr. Adrian Brown,Operations,Technician,2025-06-24,Active
4074,EMP-004140,LOC-0044,Richard Clarke,Operations,Operator,2022-08-09,Active
4075,EMP-004141,LOC-0093,Kathleen Horne,Maintenance,Coordinator,2019-06-15,Active
4076,EMP-004142,LOC-0067,Christopher Chavez,Maintenance,Supervisor,2025-11-13,Active
4077,EMP-004143,LOC-0077,Brian Stewart,Operations,Specialist,2022-11-19,Active
4078,EMP-004144,LOC-0056,Andrew Nielsen,Maintenance,Engineer,2023-09-20,Active
4079,EMP-004145,LOC-0039,Kevin Williams,Maintenance,Coordinator,2021-03-19,Active
4080,EMP-004146,LOC-0048,Heather Anderson,Operations,Operator,2019-04-01,Inactive
4081,EMP-004147,LOC-0057,Randy Pham,Maintenance,Engineer,2019-06-19,Active
4082,EMP-004148,LOC-0033,Jeffrey Contreras,Operations,Supervisor,2024-04-17,Active
4083,EMP-004149,LOC-0055,Susan Martinez,Production,Engineer,2019-01-19,Active
4084,EMP-004150,LOC-0090,Stacy Gregory,Operations,Operator,2021-04-11,Active
4085,EMP-004151,LOC-0076,Michael Bender,Finance,Coordinator,2025-05-01,Active
4086,EMP-004152,LOC-0009,Hunter Williams,IT,Engineer,2023-05-27,Active
4087,EMP-004153,LOC-0027,Christopher Brown,IT,Analyst,2022-11-28,Active
4088,EMP-004154,LOC-0046,Victor Bishop,Supply Chain,Engineer,2021-02-02,Active
4089,EMP-004155,LOC-0057,Meghan Stewart,Operations,Specialist,2021-10-15,Active
4090,EMP-004156,LOC-0017,Jennifer James,Operations,Technician,2019-07-17,Inactive
4091,EMP-004157,LOC-0082,Stephanie Edwards,Production,Engineer,2021-07-29,Active
4092,EMP-004158,LOC-0082,Christopher Matthews,Sales,Operator,2023-07-04,Inactive
4093,EMP-004159,LOC-0045,Michael Oconnell,Operations,Operator,2019-03-01,Active
4094,EMP-004160,LOC-0049,Luis Hall,IT,Analyst,2022-09-11,Active
4095,EMP-004161,LOC-0098,Evan Harper,Production,Technician,2020-10-04,Active
4096,EMP-004162,LOC-0079,Kristen Coleman,Operations,Specialist,2019-08-27,Active
4097,EMP-004163,LOC-0006,David Thomas,IT,Operator,2021-05-17,Active
4098,EMP-004164,LOC-0057,Michelle Jordan,Operations,Analyst,2020-07-06,Active
4099,EMP-004165,LOC-0087,Meredith Moore,Maintenance,Technician,2023-06-22,Active
4100,EMP-004166,LOC-0003,Mrs. April Cunningham DDS,Maintenance,Coordinator,2025-01-23,Active
4101,EMP-004167,LOC-0025,Ronald Smith,Operations,Coordinator,2019-08-09,Inactive
4102,EMP-004168,LOC-0006,Jennifer Murillo,Production,Engineer,2021-01-29,Active
4103,EMP-004169,LOC-0013,Taylor West,Production,Specialist,2023-08-19,Active
4104,EMP-004170,LOC-0026,Gregory Pace,Finance,Specialist,2022-10-24,Active
4105,EMP-004171,LOC-0050,Andrew Mccullough,Supply Chain,Engineer,2025-05-29,Active
4106,EMP-004172,LOC-0078,James Jordan,Operations,Analyst,2021-06-25,Active
4107,EMP-004173,LOC-0019,Jeanne Vaughn,Human Resources,Specialist,2023-06-25,Active
4108,EMP-004174,LOC-0034,Tina Anderson MD,Sales,Operator,2025-04-24,Active
4109,EMP-004175,LOC-0016,Kirk Wade,Human Resources,Supervisor,2019-06-21,Inactive
4110,EMP-004176,LOC-0087,Eric Bush,Operations,Analyst,2020-10-12,Inactive
4111,EMP-004178,LOC-0009,Michael Rose,Operations,Supervisor,2019-02-16,Active
4112,EMP-004179,LOC-0002,Lee Torres,Supply Chain,Coordinator,2020-03-26,Active
4113,EMP-004180,LOC-0045,Katherine Henry,Maintenance,Technician,2019-01-09,Active
4114,EMP-004181,LOC-0014,William Vega,Human Resources,Manager,2019-09-17,Active
4115,EMP-004182,LOC-0026,David Hughes,Supply Chain,Operator,2023-02-03,Inactive
4116,EMP-004183,LOC-0062,Amanda Morse,Operations,Engineer,2022-02-23,Active
4117,EMP-004184,LOC-0077,Amber Hill,Finance,Analyst,2020-10-19,Active
4118,EMP-004185,LOC-0003,Maria Griffith,Operations,Technician,2025-09-21,Active
4119,EMP-004186,LOC-0067,Paul Waters DVM,Supply Chain,Technician,2024-07-15,Active
4120,EMP-004187,LOC-0013,William Leblanc,Production,Specialist,2023-01-30,Active
4121,EMP-004189,LOC-0046,Nicole Bradford,Finance,Analyst,2025-02-20,Active
4122,EMP-004190,LOC-0061,David Vincent,Operations,Coordinator,2023-10-09,Active
4123,EMP-004191,LOC-0029,Andrea Jackson,Production,Analyst,2022-03-30,Active
4124,EMP-004192,LOC-0044,Victor Lee,Sales,Coordinator,2025-01-21,Active
4125,EMP-004193,LOC-0035,Jerry Brown,Supply Chain,Coordinator,2020-01-10,Active
4126,EMP-004194,LOC-0084,Mr. Devon Baker,Finance,Supervisor,2025-11-06,Active
4127,EMP-004195,LOC-0073,Cindy Parker,IT,Specialist,2023-02-23,Active
4128,EMP-004196,LOC-0052,Jessica Munoz,Production,Analyst,2022-08-08,Active
4129,EMP-004197,LOC-0072,Scott Boone,Operations,Coordinator,2022-10-03,Active
4130,EMP-004198,LOC-0100,Richard Guzman,Operations,Supervisor,2025-12-09,Active
4131,EMP-004199,LOC-0082,Neil Kirby,Production,Operator,2025-09-23,Active
4132,EMP-004201,LOC-0078,Karen Franco,Finance,Engineer,2024-11-06,Active
4133,EMP-004202,LOC-0068,Lorraine Erickson,Production,Coordinator,2020-06-27,Active
4134,EMP-004203,LOC-0057,John Cruz,Sales,Engineer,2025-05-23,Active
4135,EMP-004204,LOC-0051,Misty Hodge,Finance,Supervisor,2021-11-28,Active
4136,EMP-004205,LOC-0091,Jeremy Chang,Operations,Coordinator,2020-10-29,Active
4137,EMP-004206,LOC-0050,Timothy Garcia,Operations,Technician,2023-02-18,Active
4138,EMP-004207,LOC-0098,Kevin Adams,Sales,Operator,2023-05-12,Active
4139,EMP-004208,LOC-0052,Christian Hansen,Operations,Engineer,2023-01-26,Active
4140,EMP-004209,LOC-0025,Jerry Wood,Production,Analyst,2022-07-01,Active
4141,EMP-004210,LOC-0093,Alan Brown,IT,Supervisor,2023-08-12,Active
4142,EMP-004211,LOC-0094,William Wilkins,IT,Supervisor,2025-04-15,Active
4143,EMP-004212,LOC-0035,Erika Harris,Supply Chain,Operator,2025-10-31,Active
4144,EMP-004213,LOC-0066,Ryan Hodge,Human Resources,Manager,2020-09-12,Active
4145,EMP-004214,LOC-0054,John Gates,Operations,Engineer,2019-10-27,Active
4146,EMP-004215,LOC-0005,Lisa Richardson,Production,Technician,2021-09-15,Active
4147,EMP-004216,LOC-0030,Jennifer Ford,Sales,Analyst,2019-03-19,Active
4148,EMP-004217,LOC-0005,Courtney Schultz,IT,Technician,2020-01-26,Active
4149,EMP-004218,LOC-0035,Brandon Harris,Production,Engineer,2020-04-29,Active
4150,EMP-004219,LOC-0079,Brian Parsons,Production,Operator,2019-01-07,Active
4151,EMP-004220,LOC-0057,Julie Garza,Supply Chain,Analyst,2023-04-23,Active
4152,EMP-004221,LOC-0097,Lisa Brown,Sales,Engineer,2020-04-03,Active
4153,EMP-004222,LOC-0034,Eric Wright,Maintenance,Operator,2022-03-04,Active
4154,EMP-004223,LOC-0075,Tina Freeman,Production,Manager,2019-08-05,Active
4155,EMP-004224,LOC-0015,Jeff Harris,IT,Operator,2022-08-07,Active
4156,EMP-004225,LOC-0077,Christopher Turner,Human Resources,Supervisor,2024-02-12,Active
4157,EMP-004226,LOC-0038,Kim Chandler,IT,Operator,2021-06-04,Inactive
4158,EMP-004227,LOC-0043,Tina Harris,Human Resources,Supervisor,2021-12-19,Active
4159,EMP-004228,LOC-0026,Lee Mcfarland,Production,Coordinator,2019-05-08,Active
4160,EMP-004229,LOC-0081,Timothy Collier,Production,Manager,2024-07-20,Active
4161,EMP-004230,LOC-0044,Guy Miller,Human Resources,Coordinator,2021-07-07,Active
4162,EMP-004231,LOC-0083,James Davenport,IT,Coordinator,2023-10-27,Active
4163,EMP-004232,LOC-0010,Raymond Green,Production,Operator,2023-08-20,Active
4164,EMP-004233,LOC-0002,Misty Williams MD,Production,Supervisor,2022-02-14,Active
4165,EMP-004234,LOC-0097,Dr. Amy Richardson,Operations,Analyst,2020-03-28,Active
4166,EMP-004236,LOC-0038,Amanda Campbell,Finance,Operator,2023-11-19,Active
4167,EMP-004237,LOC-0006,Alexander Aguilar,Human Resources,Engineer,2020-10-03,Active
4168,EMP-004238,LOC-0096,Luke Clark,Maintenance,Operator,2024-08-11,Active
4169,EMP-004239,LOC-0054,Victoria Davis,Finance,Coordinator,2023-05-17,Active
4170,EMP-004240,LOC-0063,Matthew Howard,Supply Chain,Coordinator,2025-10-31,Active
4171,EMP-004241,LOC-0013,John Ochoa,Operations,Analyst,2019-07-30,Active
4172,EMP-004242,LOC-0093,John Miranda,Operations,Operator,2023-02-02,Active
4173,EMP-004243,LOC-0065,Todd Lucas,Sales,Coordinator,2022-12-15,Active
4174,EMP-004244,LOC-0011,Brittany Wright,IT,Technician,2023-04-16,Active
4175,EMP-004245,LOC-0092,Jasmine Russo,Maintenance,Supervisor,2023-10-23,Active
4176,EMP-004246,LOC-0077,Lisa Cummings,Human Resources,Specialist,2024-12-07,Active
4177,EMP-004247,LOC-0087,Tina Sheppard,Finance,Supervisor,2022-06-15,Inactive
4178,EMP-004248,LOC-0039,Amber Lewis,Operations,Operator,2024-10-05,Active
4179,EMP-004249,LOC-0003,Randy Russo,Supply Chain,Technician,2019-04-02,Active
4180,EMP-004250,LOC-0084,Stephanie Jones,Supply Chain,Coordinator,2025-12-09,Active
4181,EMP-004251,LOC-0098,Rebecca Moreno,Production,Specialist,2020-03-30,Active
4182,EMP-004252,LOC-0026,Mary Leach,Production,Specialist,2022-07-31,Active
4183,EMP-004253,LOC-0082,Joseph Gould,IT,Engineer,2020-11-21,Active
4184,EMP-004254,LOC-0071,Timothy Miller,Operations,Specialist,2022-09-04,Active
4185,EMP-004255,LOC-0003,Megan Perez,Production,Engineer,2021-03-30,Active
4186,EMP-004256,LOC-0082,Robert Thompson,Sales,Specialist,2019-02-09,Inactive
4187,EMP-004257,LOC-0015,Glen Manning,Operations,Technician,2022-12-28,Active
4188,EMP-004258,LOC-0053,Kelly Gordon,Production,Supervisor,2019-07-11,Active
4189,EMP-004259,LOC-0094,Sheri Nolan,Sales,Analyst,2020-11-06,Active
4190,EMP-004260,LOC-0097,Adam Perez,IT,Supervisor,2025-11-04,Active
4191,EMP-004261,LOC-0011,Valerie Taylor,Supply Chain,Manager,2022-08-17,Active
4192,EMP-004262,LOC-0026,Jeffrey Johnson,IT,Engineer,2022-09-02,Active
4193,EMP-004263,LOC-0034,David Oliver,Operations,Supervisor,2021-05-19,Active
4194,EMP-004264,LOC-0045,Jesse Little,Supply Chain,Technician,2024-01-17,Active
4195,EMP-004265,LOC-0063,Randy Gregory,Operations,Manager,2024-12-29,Active
4196,EMP-004266,LOC-0089,Jason Scott,Sales,Supervisor,2020-07-02,Active
4197,EMP-004267,LOC-0050,Alexandra Alvarez,Operations,Specialist,2025-09-29,Active
4198,EMP-004268,LOC-0035,Brandon Contreras,IT,Specialist,2022-03-11,Active
4199,EMP-004269,LOC-0069,David Murphy,Human Resources,Analyst,2021-08-23,Active
4200,EMP-004270,LOC-0085,Dr. Gabriella Mckee,IT,Supervisor,2022-05-25,Active
4201,EMP-004271,LOC-0041,Elizabeth Wall,Human Resources,Analyst,2019-02-20,Active
4202,EMP-004272,LOC-0060,Theresa Bridges,Supply Chain,Operator,2020-12-16,Active
4203,EMP-004273,LOC-0053,Lauren Wolfe,IT,Engineer,2021-09-07,Active
4204,EMP-004274,LOC-0062,Edwin Rodriguez,Production,Engineer,2023-05-31,Active
4205,EMP-004275,LOC-0078,Adam Contreras,Maintenance,Manager,2022-05-09,Active
4206,EMP-004276,LOC-0038,Shane Palmer,IT,Analyst,2020-06-16,Active
4207,EMP-004277,LOC-0014,Leah Johnson,Operations,Specialist,2021-02-02,Inactive
4208,EMP-004278,LOC-0025,Cristian Navarro,Production,Supervisor,2019-08-13,Active
4209,EMP-004279,LOC-0047,Sandra Mack,Maintenance,Coordinator,2022-11-27,Active
4210,EMP-004280,LOC-0063,Jordan Booth,Operations,Engineer,2023-06-25,Active
4211,EMP-004281,LOC-0034,Zachary Nielsen,Production,Analyst,2022-03-10,Active
4212,EMP-004282,LOC-0035,Chelsea Lopez DVM,Operations,Supervisor,2024-07-07,Active
4213,EMP-004283,LOC-0035,Patrick Allen,IT,Analyst,2019-03-26,Active
4214,EMP-004284,LOC-0024,Diana Perkins,Operations,Coordinator,2023-02-02,Active
4215,EMP-004285,LOC-0019,Jennifer Gaines,IT,Coordinator,2023-02-16,Active
4216,EMP-004286,LOC-0043,Michael Curtis,Human Resources,Technician,2020-04-07,Active
4217,EMP-004287,LOC-0098,Susan Farmer,Production,Operator,2019-08-08,Active
4218,EMP-004288,LOC-0075,Sarah Swanson,Production,Technician,2023-02-11,Active
4219,EMP-004289,LOC-0036,Dr. Heather Long,Human Resources,Specialist,2022-09-30,Active
4220,EMP-004290,LOC-0070,Hannah King,Production,Analyst,2024-05-14,Active
4221,EMP-004291,LOC-0096,Kayla Dixon,Operations,Engineer,2023-09-14,Active
4222,EMP-004292,LOC-0066,Jeffrey Barker,Maintenance,Engineer,2022-01-21,Active
4223,EMP-004293,LOC-0039,Elizabeth Russell,Human Resources,Manager,2021-10-11,Active
4224,EMP-004294,LOC-0054,Jordan Mcdonald,Sales,Analyst,2023-11-01,Active
4225,EMP-004295,LOC-0055,Abigail Franco,Sales,Specialist,2022-10-07,Active
4226,EMP-004296,LOC-0079,Annette Wright,Production,Specialist,2019-01-26,Active
4227,EMP-004297,LOC-0077,Tammy Stewart,Operations,Specialist,2023-02-13,Active
4228,EMP-004298,LOC-0091,Brittany Robinson,Maintenance,Operator,2024-12-08,Active
4229,EMP-004299,LOC-0035,Robert Morrison,Production,Manager,2025-01-08,Active
4230,EMP-004300,LOC-0058,Alexander Alvarez,Operations,Engineer,2023-12-05,Active
4231,EMP-004301,LOC-0014,Tammy Hansen,Finance,Specialist,2021-08-12,Active
4232,EMP-004302,LOC-0078,Thomas Murray,Supply Chain,Operator,2025-11-22,Active
4233,EMP-004303,LOC-0086,Laura Martinez,Production,Supervisor,2023-02-17,Active
4234,EMP-004304,LOC-0088,Scott Campbell,Supply Chain,Engineer,2019-05-07,Active
4235,EMP-004305,LOC-0061,Jacob Phillips,Supply Chain,Analyst,2025-02-10,Active
4236,EMP-004306,LOC-0035,Samuel Ruiz,Sales,Operator,2019-01-06,Inactive
4237,EMP-004307,LOC-0055,Aaron Garcia,Maintenance,Analyst,2021-11-14,Active
4238,EMP-004308,LOC-0076,Alicia Sanchez,Finance,Coordinator,2022-11-25,Active
4239,EMP-004309,LOC-0081,Christopher Smith,Production,Manager,2019-03-25,Active
4240,EMP-004310,LOC-0079,Brian Ward,IT,Engineer,2025-04-20,Active
4241,EMP-004311,LOC-0020,Melissa Calhoun,Maintenance,Specialist,2021-08-26,Active
4242,EMP-004312,LOC-0046,Ms. Loretta Taylor,IT,Manager,2022-05-19,Active
4243,EMP-004313,LOC-0088,Justin Estrada,Human Resources,Manager,2020-07-21,Active
4244,EMP-004314,LOC-0060,Jeffrey Ramos,Supply Chain,Analyst,2020-07-07,Active
4245,EMP-004315,LOC-0088,Ryan Figueroa,Supply Chain,Coordinator,2020-08-27,Active
4246,EMP-004316,LOC-0030,Adrian Poole,Maintenance,Engineer,2023-04-27,Active
4247,EMP-004317,LOC-0006,Amanda Nelson,Production,Coordinator,2025-06-08,Active
4248,EMP-004318,LOC-0056,Ashley Graves,Sales,Supervisor,2023-06-09,Active
4249,EMP-004319,LOC-0036,Gail Roberts,Operations,Analyst,2024-01-18,Active
4250,EMP-004320,LOC-0094,Deborah Charles,Supply Chain,Engineer,2021-07-19,Active
4251,EMP-004321,LOC-0062,Megan Watkins,Supply Chain,Supervisor,2023-07-24,Inactive
4252,EMP-004322,LOC-0005,Melanie Lopez,Finance,Operator,2022-11-13,Active
4253,EMP-004323,LOC-0030,Bailey Sharp,Operations,Operator,2020-02-06,Inactive
4254,EMP-004324,LOC-0068,Patricia Moore,Supply Chain,Specialist,2019-01-03,Active
4255,EMP-004325,LOC-0056,Tonya Hughes,Operations,Technician,2019-12-13,Active
4256,EMP-004326,LOC-0040,William Gibson,Production,Analyst,2020-02-08,Active
4257,EMP-004327,LOC-0094,Richard Neal,Production,Engineer,2019-11-22,Inactive
4258,EMP-004328,LOC-0008,Sara Bailey,Production,Supervisor,2021-02-10,Active
4259,EMP-004329,LOC-0060,Michelle York,Production,Engineer,2024-09-29,Active
4260,EMP-004330,LOC-0058,Mackenzie Smith,Maintenance,Specialist,2019-11-06,Active
4261,EMP-004331,LOC-0040,William Carr,Operations,Manager,2021-02-06,Active
4262,EMP-004332,LOC-0057,Krista Mcneil,IT,Manager,2021-08-17,Active
4263,EMP-004333,LOC-0075,Thomas Gallagher,Operations,Operator,2022-03-31,Active
4264,EMP-004334,LOC-0058,Lisa Mcbride,Operations,Engineer,2020-01-14,Active
4265,EMP-004335,LOC-0036,Thomas Gaines,Human Resources,Operator,2023-12-20,Inactive
4266,EMP-004336,LOC-0018,Sydney Poole,Production,Manager,2024-08-29,Active
4267,EMP-004337,LOC-0035,Leslie Gonzales,IT,Coordinator,2025-04-30,Active
4268,EMP-004339,LOC-0057,Matthew Ware,Supply Chain,Specialist,2022-12-31,Active
4269,EMP-004340,LOC-0057,Amy Kim,Production,Engineer,2023-09-07,Active
4270,EMP-004341,LOC-0009,Calvin Bowers,Human Resources,Supervisor,2022-02-14,Active
4271,EMP-004342,LOC-0010,Elaine Salas,IT,Analyst,2020-12-07,Inactive
4272,EMP-004343,LOC-0068,Jennifer Peters,IT,Manager,2025-12-30,Active
4273,EMP-004344,LOC-0066,Kimberly Glover,Operations,Manager,2025-06-18,Active
4274,EMP-004345,LOC-0069,Monica Juarez,Production,Manager,2023-02-02,Active
4275,EMP-004346,LOC-0083,Debbie Mendoza,Production,Technician,2022-07-16,Active
4276,EMP-004347,LOC-0050,Andrew Weber,Human Resources,Coordinator,2021-06-21,Inactive
4277,EMP-004348,LOC-0056,Glenn Maynard,Human Resources,Analyst,2020-07-03,Active
4278,EMP-004349,LOC-0065,Bruce Brown,Human Resources,Analyst,2022-08-03,Active
4279,EMP-004350,LOC-0072,Paul Nguyen,Operations,Technician,2023-06-15,Active
4280,EMP-004351,LOC-0057,Jeffrey Hernandez,Supply Chain,Manager,2020-07-29,Inactive
4281,EMP-004352,LOC-0061,Chad Gomez,Operations,Technician,2024-08-08,Active
4282,EMP-004353,LOC-0046,Deanna Duncan,Operations,Supervisor,2023-12-20,Inactive
4283,EMP-004354,LOC-0059,Kimberly King,Production,Manager,2025-04-11,Active
4284,EMP-004355,LOC-0093,Michelle Pierce,Maintenance,Analyst,2019-12-23,Active
4285,EMP-004356,LOC-0021,Kenneth Andrews,Operations,Technician,2025-12-11,Active
4286,EMP-004357,LOC-0100,Christopher Smith,Operations,Supervisor,2019-01-19,Active
4287,EMP-004358,LOC-0018,Gary Thompson,Sales,Engineer,2024-11-08,Active
4288,EMP-004359,LOC-0087,Michael Hill,Production,Engineer,2019-08-24,Active
4289,EMP-004360,LOC-0045,Michael Reeves,Human Resources,Analyst,2019-11-20,Active
4290,EMP-004361,LOC-0023,Austin Foster,Operations,Engineer,2023-12-30,Active
4291,EMP-004362,LOC-0080,Ruben Mendoza,Finance,Operator,2025-07-02,Active
4292,EMP-004363,LOC-0037,Katrina Clark,Production,Manager,2022-02-17,Active
4293,EMP-004364,LOC-0031,Elizabeth Elliott,Production,Specialist,2024-02-26,Active
4294,EMP-004365,LOC-0087,Paul Baker,IT,Manager,2022-09-28,Active
4295,EMP-004366,LOC-0060,Terry Miller,Production,Coordinator,2022-09-10,Active
4296,EMP-004367,LOC-0086,Lauren White,Production,Analyst,2024-02-15,Active
4297,EMP-004368,LOC-0025,Jared Rodriguez,IT,Specialist,2023-08-16,Active
4298,EMP-004369,LOC-0018,Austin Maxwell,Production,Engineer,2023-09-11,Active
4299,EMP-004370,LOC-0035,Matthew Barrett,IT,Specialist,2019-09-18,Active
4300,EMP-004371,LOC-0097,Ashlee Green,Production,Analyst,2025-04-06,Active
4301,EMP-004372,LOC-0013,Cody Melton,Production,Operator,2020-06-13,Active
4302,EMP-004373,LOC-0095,Donna Dixon,Operations,Operator,2023-02-11,Active
4303,EMP-004374,LOC-0039,Lawrence Elliott,Maintenance,Operator,2024-07-25,Active
4304,EMP-004375,LOC-0018,Pamela Wilson,Production,Specialist,2023-02-14,Active
4305,EMP-004376,LOC-0058,Melissa White,Maintenance,Coordinator,2020-11-01,Active
4306,EMP-004378,LOC-0037,Joshua Mccoy,IT,Supervisor,2023-06-03,Active
4307,EMP-004379,LOC-0003,John Garcia,Production,Analyst,2023-06-28,Active
4308,EMP-004380,LOC-0071,Donna Cook,Production,Engineer,2020-11-01,Active
4309,EMP-004381,LOC-0074,Howard Lawrence,IT,Analyst,2025-03-01,Active
4310,EMP-004382,LOC-0085,Victor Gilbert,Operations,Coordinator,2024-08-16,Active
4311,EMP-004383,LOC-0087,Veronica Diaz,Production,Specialist,2024-03-31,Active
4312,EMP-004384,LOC-0008,John Brown,Production,Operator,2020-01-05,Active
4313,EMP-004385,LOC-0012,Amy Novak,Supply Chain,Analyst,2020-01-18,Active
4314,EMP-004386,LOC-0087,Christy Smith,Human Resources,Specialist,2025-05-01,Active
4315,EMP-004387,LOC-0072,Lance Vega,Supply Chain,Operator,2019-11-26,Active
4316,EMP-004388,LOC-0053,Michael Nguyen,Finance,Manager,2025-12-22,Active
4317,EMP-004389,LOC-0018,Micheal Spencer,Human Resources,Supervisor,2020-05-27,Active
4318,EMP-004390,LOC-0076,Jennifer Haney,Operations,Supervisor,2019-05-31,Inactive
4319,EMP-004391,LOC-0041,Andrew Brooks,IT,Coordinator,2025-11-03,Active
4320,EMP-004392,LOC-0010,James Wagner,IT,Coordinator,2023-01-28,Active
4321,EMP-004393,LOC-0032,Brenda Nash,Maintenance,Coordinator,2025-05-16,Active
4322,EMP-004394,LOC-0093,Jessica Stewart,Operations,Analyst,2020-01-16,Active
4323,EMP-004395,LOC-0078,Erika Hunter,Sales,Analyst,2019-02-18,Active
4324,EMP-004396,LOC-0055,Taylor Evans,Maintenance,Supervisor,2024-05-17,Active
4325,EMP-004397,LOC-0009,Cheyenne Carson,Operations,Coordinator,2023-09-24,Active
4326,EMP-004398,LOC-0028,Kim Dixon,Operations,Operator,2021-01-31,Active
4327,EMP-004399,LOC-0043,Benjamin Martin,IT,Analyst,2022-04-25,Active
4328,EMP-004400,LOC-0083,Kara Brown,Production,Engineer,2025-07-22,Active
4329,EMP-004402,LOC-0084,Angela Miller,Production,Analyst,2021-09-12,Active
4330,EMP-004403,LOC-0045,Russell Garcia,Operations,Operator,2022-07-30,Active
4331,EMP-004404,LOC-0014,Mary Edwards,Production,Supervisor,2025-05-03,Active
4332,EMP-004405,LOC-0019,Jeffrey Clark,Production,Supervisor,2024-04-17,Active
4333,EMP-004406,LOC-0099,Cathy Valdez,Supply Chain,Technician,2020-06-12,Active
4334,EMP-004407,LOC-0048,Brandon Carrillo,Production,Manager,2020-04-29,Active
4335,EMP-004408,LOC-0021,Karen Davis,Supply Chain,Coordinator,2019-04-16,Active
4336,EMP-004409,LOC-0022,Melvin Dixon,Finance,Analyst,2020-04-12,Active
4337,EMP-004410,LOC-0099,Jeremy Martin,Production,Engineer,2024-01-28,Active
4338,EMP-004411,LOC-0002,Michelle Kim,Operations,Analyst,2021-06-26,Active
4339,EMP-004412,LOC-0006,Mrs. Donna Jarvis,IT,Coordinator,2022-08-19,Active
4340,EMP-004413,LOC-0012,Karen Williams,Production,Analyst,2024-09-01,Inactive
4341,EMP-004414,LOC-0020,Andrew Sutton,IT,Coordinator,2022-07-21,Active
4342,EMP-004415,LOC-0091,Monica Avery,Production,Supervisor,2021-06-25,Active
4343,EMP-004416,LOC-0096,Jacob Turner,Maintenance,Specialist,2025-12-13,Active
4344,EMP-004417,LOC-0022,Marvin Franklin,Sales,Manager,2023-11-23,Active
4345,EMP-004418,LOC-0028,Nicholas Gates,Operations,Specialist,2024-06-27,Active
4346,EMP-004420,LOC-0071,Michelle Stein,Maintenance,Coordinator,2024-08-31,Active
4347,EMP-004421,LOC-0037,Thomas Conley,Operations,Technician,2023-01-06,Active
4348,EMP-004422,LOC-0066,Robert Gray,Sales,Engineer,2023-06-19,Active
4349,EMP-004423,LOC-0059,Jason Adkins,Operations,Coordinator,2019-03-16,Active
4350,EMP-004424,LOC-0031,Hailey Cole,Maintenance,Specialist,2024-06-18,Active
4351,EMP-004425,LOC-0026,Deborah Johnson,Production,Manager,2022-02-06,Active
4352,EMP-004426,LOC-0073,Suzanne Boyd,Supply Chain,Analyst,2021-06-26,Active
4353,EMP-004427,LOC-0078,David Johnson,Supply Chain,Operator,2024-05-18,Active
4354,EMP-004429,LOC-0030,Paige Warren,Operations,Specialist,2025-11-22,Active
4355,EMP-004430,LOC-0094,Kimberly Craig,Operations,Analyst,2023-10-09,Active
4356,EMP-004431,LOC-0038,Anthony Rivera,Maintenance,Technician,2022-06-20,Active
4357,EMP-004432,LOC-0066,Sharon Johnson,Maintenance,Supervisor,2023-03-26,Active
4358,EMP-004433,LOC-0066,Chloe Morgan,IT,Manager,2025-02-21,Active
4359,EMP-004434,LOC-0001,Jane Townsend,Maintenance,Coordinator,2025-06-15,Active
4360,EMP-004436,LOC-0079,Andrew Wells,Operations,Engineer,2020-11-30,Active
4361,EMP-004437,LOC-0096,Mark Juarez,Production,Technician,2021-12-16,Active
4362,EMP-004438,LOC-0031,Michael Oneill,Production,Coordinator,2022-08-12,Inactive
4363,EMP-004439,LOC-0020,Alyssa Sellers,Production,Specialist,2020-02-20,Inactive
4364,EMP-004440,LOC-0094,Scott Serrano,Operations,Operator,2020-05-14,Active
4365,EMP-004441,LOC-0077,Debra Deleon,Human Resources,Supervisor,2024-12-16,Active
4366,EMP-004442,LOC-0042,Scott Farmer,Operations,Technician,2024-06-18,Active
4367,EMP-004443,LOC-0054,Christopher Hodge,Supply Chain,Specialist,2019-05-24,Active
4368,EMP-004444,LOC-0042,Deborah Klein,IT,Supervisor,2022-07-27,Inactive
4369,EMP-004445,LOC-0099,Michelle Warner,Finance,Operator,2025-05-22,Active
4370,EMP-004446,LOC-0094,Mr. Barry Rivera Jr.,Supply Chain,Analyst,2024-05-13,Active
4371,EMP-004447,LOC-0043,Patricia Williams,Operations,Analyst,2021-06-23,Active
4372,EMP-004448,LOC-0051,Roger Kelly,IT,Analyst,2025-08-01,Active
4373,EMP-004449,LOC-0083,Joseph Sullivan,Operations,Engineer,2023-04-21,Active
4374,EMP-004451,LOC-0041,Lori Goodman,IT,Manager,2025-01-14,Active
4375,EMP-004452,LOC-0041,Crystal Hatfield,IT,Engineer,2019-11-03,Active
4376,EMP-004454,LOC-0043,Carmen Bridges,Finance,Supervisor,2025-09-06,Active
4377,EMP-004455,LOC-0041,Christopher Hughes,Finance,Supervisor,2019-12-13,Active
4378,EMP-004456,LOC-0073,Danny Nguyen,Operations,Technician,2021-11-10,Active
4379,EMP-004457,LOC-0064,Brian Johnson,IT,Engineer,2020-03-21,Active
4380,EMP-004458,LOC-0067,Brandy Miller,Production,Engineer,2022-03-15,Active
4381,EMP-004459,LOC-0024,Christopher Thomas,Production,Manager,2023-01-29,Active
4382,EMP-004460,LOC-0058,Ashley Ellis,Operations,Engineer,2024-01-28,Active
4383,EMP-004461,LOC-0021,George Reyes,Sales,Supervisor,2020-09-29,Active
4384,EMP-004462,LOC-0094,Jesse Carlson,Maintenance,Supervisor,2023-10-03,Active
4385,EMP-004463,LOC-0002,Anthony Mercado DVM,IT,Supervisor,2023-02-18,Active
4386,EMP-004464,LOC-0085,Jean Galloway,Human Resources,Technician,2021-09-10,Active
4387,EMP-004465,LOC-0041,Sandra Diaz,Production,Technician,2024-08-14,Active
4388,EMP-004466,LOC-0090,Mr. Christopher Turner,Sales,Operator,2023-01-02,Active
4389,EMP-004467,LOC-0096,Ruth Flores,Operations,Specialist,2020-09-25,Active
4390,EMP-004468,LOC-0026,Karen Acosta,Sales,Operator,2020-08-26,Active
4391,EMP-004469,LOC-0048,Michael George,Sales,Specialist,2020-04-21,Active
4392,EMP-004470,LOC-0027,Melinda Fowler,Production,Technician,2025-10-13,Active
4393,EMP-004471,LOC-0095,Richard Swanson,Production,Engineer,2019-01-28,Active
4394,EMP-004472,LOC-0097,Mark Foster,Operations,Specialist,2023-02-21,Active
4395,EMP-004473,LOC-0054,Christopher Bryant,Maintenance,Manager,2023-12-16,Active
4396,EMP-004474,LOC-0100,Alexandra Krueger,Operations,Specialist,2022-02-14,Active
4397,EMP-004475,LOC-0093,Alexander Wright,Production,Specialist,2022-09-03,Active
4398,EMP-004476,LOC-0015,Erica Faulkner,Supply Chain,Operator,2024-12-12,Active
4399,EMP-004477,LOC-0065,Benjamin Bishop,Finance,Engineer,2020-02-04,Active
4400,EMP-004478,LOC-0059,Brianna Wagner,Supply Chain,Supervisor,2023-09-08,Active
4401,EMP-004479,LOC-0046,Laura Collins,Operations,Engineer,2019-04-29,Active
4402,EMP-004480,LOC-0035,Julie Smith,IT,Manager,2023-07-24,Active
4403,EMP-004481,LOC-0071,Alicia Tucker,Maintenance,Analyst,2022-10-11,Active
4404,EMP-004482,LOC-0032,Kristi Jenkins,IT,Coordinator,2022-04-21,Inactive
4405,EMP-004483,LOC-0088,Arthur Coleman,Operations,Engineer,2025-05-18,Active
4406,EMP-004484,LOC-0058,Shelby Juarez,Sales,Engineer,2024-05-17,Active
4407,EMP-004485,LOC-0061,Anthony James,Human Resources,Specialist,2022-11-18,Active
4408,EMP-004486,LOC-0012,Tiffany Nelson,Production,Operator,2019-11-30,Active
4409,EMP-004487,LOC-0005,Janet Roberts,Operations,Operator,2023-10-05,Active
4410,EMP-004488,LOC-0039,Brenda Arellano,Maintenance,Analyst,2022-11-18,Active
4411,EMP-004489,LOC-0044,Cory Williams,Operations,Coordinator,2025-03-19,Active
4412,EMP-004490,LOC-0072,Sharon Barton,Supply Chain,Specialist,2023-10-14,Active
4413,EMP-004491,LOC-0022,Shaun Navarro,Finance,Technician,2019-08-25,Active
4414,EMP-004493,LOC-0002,Tyler Myers,Finance,Manager,2023-01-08,Active
4415,EMP-004494,LOC-0096,Christopher Levy,Operations,Coordinator,2021-07-20,Active
4416,EMP-004495,LOC-0016,John Cohen,Production,Operator,2020-11-15,Active
4417,EMP-004496,LOC-0066,Margaret Porter,Operations,Analyst,2019-07-02,Active
4418,EMP-004497,LOC-0062,Tyler Campbell,Operations,Engineer,2023-02-15,Active
4419,EMP-004498,LOC-0056,Aaron Hill,Operations,Technician,2021-10-30,Active
4420,EMP-004499,LOC-0051,Tammy Greene,Operations,Supervisor,2023-03-10,Active
4421,EMP-004500,LOC-0078,Debra Gonzalez,IT,Technician,2025-04-19,Active
4422,EMP-004501,LOC-0056,Dr. Angela Mitchell,Supply Chain,Coordinator,2023-08-07,Active
4423,EMP-004502,LOC-0035,Judy Henry,Finance,Specialist,2019-02-19,Active
4424,EMP-004503,LOC-0090,Karen Johnson,Operations,Analyst,2021-04-16,Active
4425,EMP-004504,LOC-0009,Stephanie Gaines,Operations,Manager,2025-07-13,Inactive
4426,EMP-004505,LOC-0024,James Hunt,Human Resources,Coordinator,2020-12-02,Active
4427,EMP-004506,LOC-0051,James Allen,Production,Engineer,2025-03-12,Active
4428,EMP-004507,LOC-0018,Kimberly Davis,IT,Analyst,2021-11-27,Active
4429,EMP-004508,LOC-0037,Curtis Harris,Production,Engineer,2022-02-27,Active
4430,EMP-004509,LOC-0084,Brandon Bell,Operations,Manager,2019-05-13,Active
4431,EMP-004510,LOC-0024,Mary Russell,IT,Coordinator,2020-01-02,Active
4432,EMP-004511,LOC-0046,Stephen Fields,IT,Supervisor,2019-03-22,Active
4433,EMP-004512,LOC-0036,Richard Hawkins,Production,Coordinator,2023-04-28,Active
4434,EMP-004513,LOC-0061,Elijah Henry,Operations,Specialist,2021-11-16,Inactive
4435,EMP-004514,LOC-0091,Selena King,Maintenance,Engineer,2021-07-28,Active
4436,EMP-004515,LOC-0045,Alan Coleman,Human Resources,Manager,2025-01-22,Active
4437,EMP-004516,LOC-0051,Sheila Ramirez,Sales,Operator,2025-11-18,Active
4438,EMP-004517,LOC-0056,Donna Ellis,Production,Specialist,2019-05-16,Active
4439,EMP-004518,LOC-0035,Aaron Wilson,Production,Manager,2022-05-29,Active
4440,EMP-004519,LOC-0055,Carrie Kim,Operations,Operator,2020-05-27,Active
4441,EMP-004520,LOC-0075,Penny Baker,IT,Engineer,2024-10-20,Active
4442,EMP-004521,LOC-0057,Robert Maldonado,Operations,Operator,2022-05-06,Active
4443,EMP-004522,LOC-0014,Stefanie Johns,Sales,Specialist,2022-01-11,Active
4444,EMP-004523,LOC-0069,Kelly Mcdonald,Production,Operator,2020-11-15,Active
4445,EMP-004524,LOC-0032,Morgan Baker,Operations,Operator,2025-08-20,Active
4446,EMP-004525,LOC-0046,Steven Johnson,Operations,Specialist,2022-04-04,Active
4447,EMP-004526,LOC-0043,Raymond Ramos,Human Resources,Coordinator,2025-12-17,Active
4448,EMP-004527,LOC-0072,Nathan Salazar,Operations,Coordinator,2024-06-09,Active
4449,EMP-004528,LOC-0050,Robert Buchanan,Maintenance,Manager,2022-04-14,Active
4450,EMP-004529,LOC-0055,Justin Skinner,Production,Coordinator,2020-08-16,Active
4451,EMP-004530,LOC-0056,Christopher Benton,Operations,Manager,2019-12-05,Inactive
4452,EMP-004532,LOC-0069,William Montgomery,Production,Operator,2021-12-21,Active
4453,EMP-004533,LOC-0002,Denise Brewer,Production,Operator,2023-12-01,Active
4454,EMP-004535,LOC-0095,Daniel Becker,Human Resources,Engineer,2019-06-18,Active
4455,EMP-004536,LOC-0024,Kathleen Alvarez,Human Resources,Operator,2024-10-06,Active
4456,EMP-004537,LOC-0080,Rebecca Velez,Production,Supervisor,2019-05-23,Active
4457,EMP-004538,LOC-0071,David Lopez,Human Resources,Engineer,2025-09-23,Active
4458,EMP-004539,LOC-0042,Jeremiah Brown,IT,Operator,2020-06-15,Active
4459,EMP-004540,LOC-0049,Lauren Floyd,IT,Manager,2024-06-25,Active
4460,EMP-004541,LOC-0008,Angel Spencer,Supply Chain,Specialist,2024-11-18,Active
4461,EMP-004542,LOC-0070,David Freeman,Sales,Manager,2023-12-23,Active
4462,EMP-004543,LOC-0056,Matthew Lopez DVM,Operations,Specialist,2020-08-22,Active
4463,EMP-004544,LOC-0035,Ashley Ortiz,Maintenance,Manager,2021-06-08,Active
4464,EMP-004545,LOC-0020,Justin Reed,Operations,Analyst,2022-12-10,Active
4465,EMP-004546,LOC-0020,Brian Chan,Operations,Specialist,2023-02-21,Active
4466,EMP-004547,LOC-0025,Mr. Douglas Velazquez,Supply Chain,Analyst,2025-10-27,Active
4467,EMP-004548,LOC-0079,Joshua Richardson,Production,Manager,2020-11-26,Active
4468,EMP-004549,LOC-0041,Kendra Arroyo,Operations,Technician,2022-06-06,Active
4469,EMP-004550,LOC-0019,Donna Miller,Maintenance,Supervisor,2025-07-06,Active
4470,EMP-004551,LOC-0073,Christopher Hull III,Sales,Analyst,2020-04-01,Active
4471,EMP-004552,LOC-0045,Gerald Romero,Human Resources,Engineer,2020-05-28,Active
4472,EMP-004553,LOC-0014,Howard Carter,IT,Technician,2019-04-27,Active
4473,EMP-004554,LOC-0075,Jacqueline Martin,Production,Coordinator,2023-04-11,Active
4474,EMP-004555,LOC-0040,David White,Operations,Analyst,2023-09-21,Active
4475,EMP-004556,LOC-0062,Jasmine Estrada,Production,Operator,2022-08-18,Active
4476,EMP-004557,LOC-0056,Shannon Mcdaniel,Sales,Coordinator,2021-04-17,Active
4477,EMP-004558,LOC-0011,Ethan Farmer,Production,Analyst,2024-05-09,Active
4478,EMP-004559,LOC-0065,Ashley Hudson,Finance,Coordinator,2022-03-08,Active
4479,EMP-004560,LOC-0058,Krista Hernandez,Finance,Specialist,2021-08-04,Active
4480,EMP-004561,LOC-0012,Brian Shaw,Operations,Specialist,2023-05-11,Active
4481,EMP-004562,LOC-0020,Steven Lewis,Maintenance,Specialist,2021-03-29,Active
4482,EMP-004563,LOC-0027,Deborah Phillips,Production,Manager,2019-06-03,Active
4483,EMP-004564,LOC-0095,Alexander Lopez,Production,Specialist,2020-05-15,Active
4484,EMP-004565,LOC-0073,Phillip Torres,Human Resources,Coordinator,2023-01-11,Active
4485,EMP-004566,LOC-0052,Melissa Fowler,Supply Chain,Operator,2022-02-15,Active
4486,EMP-004567,LOC-0074,Joshua Martin,Operations,Technician,2025-04-29,Active
4487,EMP-004568,LOC-0015,Michele Davis,Production,Analyst,2025-11-08,Active
4488,EMP-004569,LOC-0008,Benjamin Finley,Production,Manager,2020-10-10,Active
4489,EMP-004570,LOC-0096,Jason Reyes,Operations,Technician,2021-06-12,Active
4490,EMP-004571,LOC-0077,Aaron Bridges,Operations,Supervisor,2024-03-01,Active
4491,EMP-004572,LOC-0014,Kathryn Norman,Human Resources,Technician,2024-08-26,Active
4492,EMP-004573,LOC-0031,Tina Mullins,Operations,Manager,2023-03-05,Active
4493,EMP-004574,LOC-0057,Lisa Carpenter,Production,Supervisor,2019-11-06,Active
4494,EMP-004575,LOC-0018,Maurice Ramirez,Production,Analyst,2022-12-23,Active
4495,EMP-004576,LOC-0004,Nicholas Blanchard,Operations,Operator,2024-12-29,Active
4496,EMP-004577,LOC-0092,Mrs. Sara Nguyen MD,Finance,Coordinator,2020-02-26,Active
4497,EMP-004578,LOC-0052,James Carter,Sales,Specialist,2022-08-19,Active
4498,EMP-004579,LOC-0100,Adam Morris,Operations,Analyst,2020-08-31,Active
4499,EMP-004580,LOC-0087,Thomas Nelson,Production,Specialist,2023-07-25,Active
4500,EMP-004581,LOC-0017,Natasha Turner,Operations,Technician,2020-04-04,Active
4501,EMP-004582,LOC-0007,Victoria Zuniga,Production,Engineer,2020-08-11,Active
4502,EMP-004583,LOC-0081,Joseph Coleman,Finance,Supervisor,2024-09-12,Inactive
4503,EMP-004584,LOC-0089,Jim Campbell,Maintenance,Supervisor,2025-08-19,Active
4504,EMP-004585,LOC-0015,Robin Fitzpatrick,IT,Coordinator,2025-08-02,Active
4505,EMP-004586,LOC-0100,Christopher Hayes,Human Resources,Supervisor,2020-10-18,Active
4506,EMP-004587,LOC-0012,Ricky Fritz,Operations,Analyst,2023-05-18,Active
4507,EMP-004588,LOC-0003,Michael Fry,Maintenance,Coordinator,2023-01-15,Active
4508,EMP-004589,LOC-0048,Ms. Alison Martin,Production,Operator,2020-08-24,Active
4509,EMP-004590,LOC-0045,Gregory Butler Jr.,Supply Chain,Supervisor,2021-11-20,Active
4510,EMP-004591,LOC-0030,Adam Smith,Sales,Supervisor,2025-10-26,Active
4511,EMP-004592,LOC-0033,Benjamin Hughes,Supply Chain,Engineer,2020-09-12,Active
4512,EMP-004593,LOC-0088,John Benton,Maintenance,Manager,2025-02-01,Active
4513,EMP-004594,LOC-0098,Jordan Stevens,Operations,Engineer,2019-10-04,Active
4514,EMP-004595,LOC-0087,Jessica Mitchell,Sales,Manager,2024-11-01,Active
4515,EMP-004596,LOC-0023,Adrian Thomas,Finance,Manager,2020-04-16,Active
4516,EMP-004597,LOC-0014,Tyler Stone,IT,Operator,2024-03-17,Active
4517,EMP-004598,LOC-0093,Wayne Ellis,Maintenance,Operator,2024-11-17,Active
4518,EMP-004599,LOC-0071,Katherine Haas,Maintenance,Manager,2019-03-04,Active
4519,EMP-004600,LOC-0044,Lori Adams,Operations,Coordinator,2025-03-26,Active
4520,EMP-004601,LOC-0019,Daryl Barnes,Supply Chain,Supervisor,2024-01-13,Active
4521,EMP-004602,LOC-0039,Christina Wolfe,Finance,Coordinator,2022-09-26,Active
4522,EMP-004603,LOC-0094,Kristina Tucker,Operations,Engineer,2023-05-09,Active
4523,EMP-004604,LOC-0089,Samantha Carter,Supply Chain,Supervisor,2019-06-30,Active
4524,EMP-004605,LOC-0057,Justin Mooney,Operations,Engineer,2019-07-21,Active
4525,EMP-004607,LOC-0028,Juan Butler,Production,Specialist,2021-11-19,Active
4526,EMP-004608,LOC-0014,Anna King,Supply Chain,Operator,2025-12-07,Active
4527,EMP-004609,LOC-0014,Russell Williams,Operations,Coordinator,2024-02-13,Active
4528,EMP-004610,LOC-0066,Katrina Bowman,Operations,Engineer,2023-01-01,Active
4529,EMP-004611,LOC-0067,Robert Bailey,Supply Chain,Operator,2022-04-13,Active
4530,EMP-004612,LOC-0034,Joel Khan,Operations,Specialist,2019-01-05,Active
4531,EMP-004613,LOC-0046,Monica Weaver,Operations,Specialist,2020-01-27,Active
4532,EMP-004614,LOC-0050,Crystal Young,Supply Chain,Specialist,2020-02-02,Active
4533,EMP-004615,LOC-0031,Regina Smith,Production,Analyst,2025-06-15,Active
4534,EMP-004616,LOC-0031,Cindy Johnson,Maintenance,Analyst,2020-06-06,Active
4535,EMP-004617,LOC-0005,Adam Mcconnell,IT,Operator,2021-09-20,Active
4536,EMP-004618,LOC-0081,Nathan Duncan,Supply Chain,Coordinator,2022-08-11,Active
4537,EMP-004619,LOC-0075,Joann Roberts,Production,Analyst,2025-11-03,Active
4538,EMP-004620,LOC-0078,Kathleen Francis,Sales,Analyst,2021-08-24,Active
4539,EMP-004621,LOC-0024,Wayne Huff,IT,Analyst,2022-05-15,Inactive
4540,EMP-004622,LOC-0052,Patricia Hicks DDS,Supply Chain,Specialist,2022-11-14,Active
4541,EMP-004623,LOC-0037,Martin Marshall,Human Resources,Coordinator,2021-06-10,Active
4542,EMP-004624,LOC-0007,Alison Wright,IT,Operator,2024-12-29,Active
4543,EMP-004625,LOC-0034,Robert Alvarado,Operations,Manager,2021-10-24,Active
4544,EMP-004626,LOC-0048,Adam Mason,Supply Chain,Analyst,2024-06-26,Active
4545,EMP-004627,LOC-0046,Dana Carroll,Production,Specialist,2025-01-10,Active
4546,EMP-004628,LOC-0068,Robert Carney,Sales,Operator,2022-08-14,Active
4547,EMP-004629,LOC-0052,Barbara Jenkins,Human Resources,Engineer,2023-04-05,Active
4548,EMP-004630,LOC-0027,Angela Perez,Operations,Analyst,2021-03-14,Active
4549,EMP-004631,LOC-0042,Lisa Reid,Finance,Supervisor,2019-10-07,Active
4550,EMP-004632,LOC-0044,Phillip Collins,Finance,Manager,2019-05-14,Active
4551,EMP-004633,LOC-0003,John Daniel,Finance,Specialist,2022-12-06,Active
4552,EMP-004634,LOC-0091,Alison Elliott,Operations,Operator,2025-12-13,Active
4553,EMP-004635,LOC-0040,Mr. Daniel Hart,Production,Analyst,2023-10-14,Active
4554,EMP-004636,LOC-0061,Mrs. Destiny Williams,Finance,Operator,2022-03-10,Active
4555,EMP-004637,LOC-0005,Vanessa Ballard,Sales,Technician,2025-10-19,Active
4556,EMP-004638,LOC-0037,Dr. Ronnie Roy,Human Resources,Engineer,2025-01-10,Active
4557,EMP-004639,LOC-0017,Debbie Hughes,Production,Specialist,2024-05-29,Active
4558,EMP-004640,LOC-0075,Carol Howard,Finance,Engineer,2021-11-02,Active
4559,EMP-004641,LOC-0023,Caitlin Miller,Operations,Technician,2021-05-23,Active
4560,EMP-004642,LOC-0027,Eric Callahan,Finance,Specialist,2021-09-25,Active
4561,EMP-004643,LOC-0092,Rose Roberts,Production,Operator,2024-08-13,Active
4562,EMP-004644,LOC-0032,Jamie Jackson,Sales,Analyst,2021-10-18,Active
4563,EMP-004645,LOC-0091,Cynthia Reed,Human Resources,Engineer,2024-01-19,Active
4564,EMP-004646,LOC-0014,Adam Hunt,Production,Operator,2022-06-20,Active
4565,EMP-004647,LOC-0095,Kimberly Lee,Sales,Coordinator,2021-09-11,Active
4566,EMP-004648,LOC-0025,Laura Cooper,Operations,Manager,2023-07-10,Active
4567,EMP-004649,LOC-0016,Jennifer Robinson,Maintenance,Technician,2024-01-16,Active
4568,EMP-004650,LOC-0083,Johnny Miller,IT,Coordinator,2022-09-13,Active
4569,EMP-004651,LOC-0033,Garrett Riley,Human Resources,Coordinator,2022-07-14,Active
4570,EMP-004652,LOC-0031,Joseph Bradford,Human Resources,Manager,2019-09-01,Active
4571,EMP-004653,LOC-0036,Nicholas Garcia,Supply Chain,Supervisor,2025-08-25,Active
4572,EMP-004654,LOC-0070,Hayley Harrington,Operations,Supervisor,2025-10-04,Active
4573,EMP-004655,LOC-0021,Brian Arnold,Supply Chain,Specialist,2021-12-13,Active
4574,EMP-004656,LOC-0086,Alexander Roth,Production,Engineer,2023-02-20,Active
4575,EMP-004657,LOC-0030,Christopher Smith,Maintenance,Supervisor,2024-10-04,Active
4576,EMP-004658,LOC-0089,Ian Meyer,Production,Supervisor,2023-04-20,Active
4577,EMP-004659,LOC-0092,Sherry Cline DVM,Human Resources,Operator,2024-07-15,Active
4578,EMP-004661,LOC-0041,Cynthia Rogers,Human Resources,Supervisor,2019-08-20,Active
4579,EMP-004662,LOC-0012,Laura Maldonado,Finance,Operator,2019-09-22,Inactive
4580,EMP-004663,LOC-0048,Cassie Foster,Production,Specialist,2022-07-12,Active
4581,EMP-004664,LOC-0035,Kaitlin Cannon,Human Resources,Specialist,2022-03-14,Active
4582,EMP-004665,LOC-0025,Allison Sherman,Operations,Coordinator,2023-03-15,Active
4583,EMP-004666,LOC-0088,Brian Montgomery,Production,Technician,2021-10-16,Active
4584,EMP-004667,LOC-0021,Joseph Huffman,Production,Specialist,2019-03-05,Active
4585,EMP-004668,LOC-0097,Donna Berg,IT,Manager,2020-08-30,Active
4586,EMP-004669,LOC-0008,Mark Clay,IT,Engineer,2023-10-19,Active
4587,EMP-004670,LOC-0078,Morgan Bush,Operations,Technician,2023-06-26,Active
4588,EMP-004671,LOC-0085,Monica Johnson,Finance,Engineer,2019-01-04,Active
4589,EMP-004672,LOC-0005,Matthew Boyd,Sales,Technician,2024-04-16,Active
4590,EMP-004673,LOC-0017,Heidi Ortega,Operations,Technician,2020-12-10,Active
4591,EMP-004674,LOC-0098,Aaron Rodriguez,Finance,Technician,2019-11-01,Active
4592,EMP-004676,LOC-0065,Valerie Alexander,Supply Chain,Operator,2024-12-13,Active
4593,EMP-004677,LOC-0080,Casey Nichols,Production,Engineer,2020-08-13,Active
4594,EMP-004678,LOC-0002,Michael Becker,Supply Chain,Supervisor,2024-03-21,Active
4595,EMP-004679,LOC-0031,Diana Lloyd,Supply Chain,Operator,2020-01-15,Active
4596,EMP-004680,LOC-0042,Marco Williams MD,Operations,Supervisor,2025-11-03,Active
4597,EMP-004681,LOC-0071,Angela Silva,IT,Supervisor,2021-05-18,Active
4598,EMP-004682,LOC-0067,Jose Johnson,Operations,Supervisor,2021-05-19,Active
4599,EMP-004683,LOC-0059,Jessica Edwards,Operations,Supervisor,2024-01-25,Active
4600,EMP-004684,LOC-0049,Dorothy Taylor,Production,Specialist,2023-06-03,Active
4601,EMP-004685,LOC-0088,Christopher Taylor,Operations,Manager,2025-02-05,Active
4602,EMP-004686,LOC-0093,Brett Salas,Production,Engineer,2020-05-06,Active
4603,EMP-004687,LOC-0067,Michaela Durham,IT,Analyst,2025-01-12,Active
4604,EMP-004688,LOC-0098,Lisa Robinson,Production,Coordinator,2024-04-01,Active
4605,EMP-004689,LOC-0071,Robin Harris,Production,Coordinator,2021-02-16,Active
4606,EMP-004690,LOC-0058,Colleen Morris,IT,Coordinator,2020-01-17,Inactive
4607,EMP-004691,LOC-0001,Thomas Johnson,Production,Analyst,2025-12-18,Active
4608,EMP-004692,LOC-0042,Bradley Moreno,IT,Supervisor,2024-02-20,Active
4609,EMP-004693,LOC-0013,Diane Mitchell,Operations,Engineer,2022-12-08,Active
4610,EMP-004694,LOC-0057,Samantha Perez,Production,Technician,2024-10-19,Active
4611,EMP-004695,LOC-0075,Kelly Luna,Operations,Supervisor,2024-07-17,Active
4612,EMP-004696,LOC-0056,Pamela Dunn,Production,Engineer,2022-05-25,Active
4613,EMP-004697,LOC-0084,Lance Tucker,Operations,Supervisor,2021-02-13,Inactive
4614,EMP-004698,LOC-0045,Christian Johnston,Operations,Operator,2021-05-24,Active
4615,EMP-004699,LOC-0037,Cheryl Benson,Operations,Analyst,2025-02-24,Active
4616,EMP-004700,LOC-0081,Courtney Reyes,Production,Engineer,2025-11-06,Active
4617,EMP-004701,LOC-0011,Carl Ferguson,Operations,Supervisor,2022-04-04,Active
4618,EMP-004702,LOC-0034,Darren Zimmerman,IT,Engineer,2023-09-30,Active
4619,EMP-004703,LOC-0047,Bonnie Tucker,Supply Chain,Engineer,2019-10-19,Active
4620,EMP-004704,LOC-0088,Danielle Williams,Operations,Analyst,2022-06-18,Active
4621,EMP-004705,LOC-0093,Kimberly Floyd,Operations,Engineer,2024-10-28,Active
4622,EMP-004706,LOC-0086,Donald Sims,Human Resources,Operator,2022-12-19,Active
4623,EMP-004707,LOC-0059,Heidi Horn,Operations,Specialist,2024-08-20,Active
4624,EMP-004708,LOC-0095,Katherine Mitchell,Production,Specialist,2021-02-11,Active
4625,EMP-004709,LOC-0018,Brian Lewis,Operations,Supervisor,2020-09-13,Active
4626,EMP-004710,LOC-0015,John Smith,Operations,Supervisor,2024-05-11,Active
4627,EMP-004711,LOC-0095,Richard Kane,Finance,Engineer,2023-07-15,Active
4628,EMP-004712,LOC-0099,John Scott,Operations,Specialist,2020-07-09,Active
4629,EMP-004713,LOC-0076,Paige Barnes,Production,Analyst,2020-04-08,Active
4630,EMP-004714,LOC-0052,Jordan Brown,Production,Operator,2019-09-13,Active
4631,EMP-004715,LOC-0077,Christian Sutton,Finance,Engineer,2019-10-13,Active
4632,EMP-004716,LOC-0060,Kathryn Fuentes,Maintenance,Coordinator,2021-09-04,Active
4633,EMP-004717,LOC-0021,Lauren Perry,IT,Coordinator,2025-07-20,Inactive
4634,EMP-004718,LOC-0088,Aaron Watson,Supply Chain,Engineer,2020-07-27,Active
4635,EMP-004719,LOC-0089,Leslie Wise,Supply Chain,Supervisor,2020-10-15,Inactive
4636,EMP-004720,LOC-0055,Christopher Smith,Production,Supervisor,2023-09-30,Active
4637,EMP-004721,LOC-0079,Terri Mcdonald,Human Resources,Manager,2022-07-25,Active
4638,EMP-004722,LOC-0026,Amanda Mays,Operations,Supervisor,2019-01-01,Active
4639,EMP-004723,LOC-0011,Chris Dillon,Supply Chain,Coordinator,2024-02-24,Active
4640,EMP-004724,LOC-0016,Sandra Dawson,IT,Analyst,2022-01-31,Active
4641,EMP-004725,LOC-0044,Jorge Perez,Production,Coordinator,2024-01-12,Active
4642,EMP-004726,LOC-0017,Oscar Torres,Production,Specialist,2023-12-06,Active
4643,EMP-004727,LOC-0048,Carl Best,Operations,Manager,2022-11-12,Active
4644,EMP-004728,LOC-0055,Alicia Jones,Sales,Coordinator,2023-05-23,Active
4645,EMP-004729,LOC-0027,Richard Morales,Maintenance,Operator,2024-08-18,Active
4646,EMP-004730,LOC-0055,Hayden Garcia,Sales,Manager,2025-01-03,Active
4647,EMP-004731,LOC-0100,Megan Perez,Maintenance,Coordinator,2022-07-20,Active
4648,EMP-004732,LOC-0001,Michael Sexton,Maintenance,Engineer,2019-08-04,Active
4649,EMP-004733,LOC-0099,Joseph Mcdowell,Production,Coordinator,2025-10-05,Active
4650,EMP-004734,LOC-0018,Matthew Green,Production,Coordinator,2019-06-19,Active
4651,EMP-004735,LOC-0072,Thomas Porter,Human Resources,Coordinator,2020-07-06,Active
4652,EMP-004736,LOC-0096,Jennifer Waters,Maintenance,Engineer,2022-06-12,Active
4653,EMP-004738,LOC-0075,Paul Wagner,Operations,Specialist,2021-08-08,Active
4654,EMP-004739,LOC-0015,James Suarez,Maintenance,Specialist,2023-09-20,Active
4655,EMP-004740,LOC-0099,Timothy Griffin,Finance,Specialist,2022-12-21,Active
4656,EMP-004741,LOC-0094,Whitney Anderson,Production,Specialist,2021-10-17,Active
4657,EMP-004742,LOC-0053,Kevin Yang Jr.,Operations,Specialist,2025-01-31,Active
4658,EMP-004743,LOC-0046,Elizabeth Nunez,Maintenance,Specialist,2019-06-03,Active
4659,EMP-004744,LOC-0064,Daniel Welch,Sales,Coordinator,2022-02-12,Active
4660,EMP-004745,LOC-0051,Miss Jessica Griffin,Operations,Specialist,2019-06-07,Active
4661,EMP-004746,LOC-0090,Erica Irwin,IT,Specialist,2022-12-18,Active
4662,EMP-004747,LOC-0042,Laura Wyatt,Maintenance,Specialist,2020-09-03,Active
4663,EMP-004748,LOC-0083,Katie Barr,Operations,Specialist,2021-12-11,Active
4664,EMP-004749,LOC-0093,Jennifer Sullivan,Production,Manager,2020-03-10,Active
4665,EMP-004750,LOC-0040,Jonathan Smith,Finance,Operator,2025-09-13,Active
4666,EMP-004751,LOC-0007,James Huffman,Operations,Specialist,2025-05-10,Active
4667,EMP-004752,LOC-0100,John Jones,Maintenance,Technician,2022-02-28,Active
4668,EMP-004753,LOC-0054,Russell Meadows,Supply Chain,Manager,2023-01-27,Active
4669,EMP-004754,LOC-0020,Shannon Green,Supply Chain,Technician,2020-07-24,Active
4670,EMP-004755,LOC-0014,James Christian,Maintenance,Coordinator,2022-11-11,Active
4671,EMP-004756,LOC-0050,Kevin Torres,Operations,Supervisor,2022-06-05,Active
4672,EMP-004757,LOC-0010,Nicole Miller,IT,Engineer,2022-02-07,Active
4673,EMP-004758,LOC-0095,Christopher Smith,Operations,Technician,2023-04-28,Active
4674,EMP-004759,LOC-0032,Anthony Roberts,Operations,Manager,2025-07-25,Active
4675,EMP-004760,LOC-0071,Kevin Pierce,Operations,Technician,2019-08-06,Active
4676,EMP-004761,LOC-0012,Christine Campbell,Finance,Manager,2024-10-07,Inactive
4677,EMP-004762,LOC-0009,Kathy Young,Supply Chain,Operator,2023-11-15,Active
4678,EMP-004763,LOC-0003,Jasmine Garcia,Sales,Manager,2023-11-03,Active
4679,EMP-004764,LOC-0025,Virginia Jensen,Production,Analyst,2022-03-17,Inactive
4680,EMP-004765,LOC-0078,Carmen Hernandez,Operations,Coordinator,2019-05-10,Active
4681,EMP-004766,LOC-0055,Mark Fisher,Production,Engineer,2025-10-20,Active
4682,EMP-004767,LOC-0081,Michael Roberts,Operations,Engineer,2024-06-22,Active
4683,EMP-004768,LOC-0062,Kimberly Rasmussen,Operations,Analyst,2021-09-28,Active
4684,EMP-004769,LOC-0061,Sabrina Webb,Sales,Technician,2024-04-14,Active
4685,EMP-004770,LOC-0080,Laura Bartlett,Maintenance,Analyst,2019-10-28,Active
4686,EMP-004771,LOC-0031,Cathy Morrow,Operations,Operator,2022-05-23,Active
4687,EMP-004772,LOC-0052,Erin Johnson,Operations,Coordinator,2023-03-20,Active
4688,EMP-004773,LOC-0070,Robert Johnson,Production,Supervisor,2021-04-26,Active
4689,EMP-004774,LOC-0007,Maria Harding,Supply Chain,Manager,2025-12-17,Active
4690,EMP-004775,LOC-0065,Steven Villarreal,Human Resources,Technician,2022-06-01,Active
4691,EMP-004776,LOC-0053,Teresa Thomas,Supply Chain,Supervisor,2020-08-06,Active
4692,EMP-004777,LOC-0074,Teresa Hammond,Sales,Specialist,2022-06-22,Active
4693,EMP-004778,LOC-0047,Ethan Abbott,Operations,Manager,2021-03-12,Active
4694,EMP-004779,LOC-0001,Eric Smith,Production,Analyst,2021-01-06,Active
4695,EMP-004780,LOC-0081,Makayla Davis,Operations,Engineer,2021-06-08,Active
4696,EMP-004781,LOC-0007,Megan Page,Operations,Engineer,2025-08-23,Active
4697,EMP-004782,LOC-0060,Amanda Payne,IT,Coordinator,2019-10-10,Active
4698,EMP-004783,LOC-0007,Jonathan Mcclain,Maintenance,Supervisor,2025-06-14,Active
4699,EMP-004784,LOC-0037,Jeffrey Hunter,Operations,Analyst,2025-03-14,Active
4700,EMP-004785,LOC-0090,Elizabeth Jacobs,Production,Specialist,2025-06-27,Active
4701,EMP-004786,LOC-0026,Nathaniel Jones,Operations,Manager,2024-10-10,Active
4702,EMP-004787,LOC-0019,Christy Taylor,Production,Coordinator,2020-05-01,Active
4703,EMP-004788,LOC-0055,John Stewart,Maintenance,Analyst,2025-08-05,Active
4704,EMP-004789,LOC-0027,Gabriela Torres,Operations,Operator,2024-10-16,Active
4705,EMP-004790,LOC-0037,Shannon David,Maintenance,Supervisor,2021-03-12,Active
4706,EMP-004791,LOC-0071,Abigail Thornton,Maintenance,Coordinator,2020-06-28,Active
4707,EMP-004792,LOC-0017,Teresa Hunt,Maintenance,Engineer,2025-07-10,Active
4708,EMP-004793,LOC-0100,Carrie Garcia,Production,Manager,2024-01-20,Active
4709,EMP-004794,LOC-0029,Timothy Novak,Supply Chain,Coordinator,2019-11-24,Active
4710,EMP-004795,LOC-0040,Samantha Gutierrez,Sales,Operator,2025-08-25,Active
4711,EMP-004796,LOC-0014,Tyler Martinez,Operations,Engineer,2025-01-15,Inactive
4712,EMP-004797,LOC-0018,Kenneth Griffin,Production,Manager,2025-06-04,Active
4713,EMP-004798,LOC-0047,Warren Shields,Production,Manager,2022-11-29,Active
4714,EMP-004799,LOC-0030,Carl Morris,Operations,Manager,2020-05-20,Inactive
4715,EMP-004800,LOC-0073,Sherry Burnett,Sales,Analyst,2023-08-06,Active
4716,EMP-004801,LOC-0013,Yolanda Solis,Supply Chain,Specialist,2021-03-30,Active
4717,EMP-004802,LOC-0065,Joel Smith,Operations,Operator,2019-01-28,Active
4718,EMP-004803,LOC-0044,Patricia Brown,Finance,Analyst,2023-10-07,Active
4719,EMP-004804,LOC-0077,Jonathan Johnson,Production,Operator,2023-07-08,Active
4720,EMP-004805,LOC-0031,Suzanne Contreras,Production,Engineer,2023-11-03,Active
4721,EMP-004806,LOC-0009,Kyle Howard,Operations,Coordinator,2020-04-18,Active
4722,EMP-004807,LOC-0029,Jeremiah Willis DDS,Production,Coordinator,2023-06-15,Active
4723,EMP-004808,LOC-0097,Sarah Logan,Production,Supervisor,2022-10-02,Active
4724,EMP-004809,LOC-0003,Marie Jackson,Human Resources,Technician,2025-08-31,Active
4725,EMP-004810,LOC-0093,Amber Morales,Operations,Engineer,2021-11-02,Active
4726,EMP-004811,LOC-0031,Kathy Campbell,Human Resources,Engineer,2024-02-06,Active
4727,EMP-004813,LOC-0047,Shannon Clarke,Production,Manager,2025-04-20,Active
4728,EMP-004814,LOC-0029,James Neal,IT,Technician,2025-01-19,Inactive
4729,EMP-004815,LOC-0029,Christina Carter,Sales,Technician,2023-05-01,Active
4730,EMP-004816,LOC-0088,Cindy Reynolds,Maintenance,Operator,2024-08-22,Active
4731,EMP-004817,LOC-0067,Rachel Kelly,Production,Technician,2021-07-08,Inactive
4732,EMP-004818,LOC-0097,Lori Davis,Production,Engineer,2022-05-18,Active
4733,EMP-004819,LOC-0074,Anna Hall,Production,Coordinator,2020-10-10,Active
4734,EMP-004820,LOC-0048,Emily Watts,Supply Chain,Supervisor,2023-10-19,Active
4735,EMP-004821,LOC-0093,Ronald Hill,Finance,Engineer,2020-12-22,Active
4736,EMP-004822,LOC-0031,Jennifer Stafford,Human Resources,Specialist,2025-09-18,Active
4737,EMP-004823,LOC-0014,Yolanda Hoover,Production,Analyst,2022-06-04,Inactive
4738,EMP-004824,LOC-0078,Susan Bryant,Production,Specialist,2022-09-21,Active
4739,EMP-004825,LOC-0038,William Boyd,Maintenance,Supervisor,2023-05-24,Active
4740,EMP-004826,LOC-0039,Steven Logan,Operations,Coordinator,2024-11-04,Active
4741,EMP-004827,LOC-0026,Willie Gray,Production,Coordinator,2022-02-13,Active
4742,EMP-004828,LOC-0013,Carl Gordon,Sales,Coordinator,2021-03-26,Active
4743,EMP-004829,LOC-0025,Leroy Mccall,Production,Operator,2019-07-15,Active
4744,EMP-004830,LOC-0073,Wendy Vega,Production,Technician,2025-08-03,Active
4745,EMP-004831,LOC-0084,Kyle Allen,Operations,Technician,2024-07-09,Active
4746,EMP-004832,LOC-0073,David King,Production,Engineer,2020-06-19,Active
4747,EMP-004833,LOC-0072,Danielle Miranda,Operations,Analyst,2020-08-25,Active
4748,EMP-004834,LOC-0064,Christina Preston,Maintenance,Technician,2019-06-14,Active
4749,EMP-004835,LOC-0049,Sylvia Jones,Finance,Engineer,2025-05-24,Active
4750,EMP-004836,LOC-0028,Timothy Miranda,Operations,Coordinator,2020-06-27,Active
4751,EMP-004837,LOC-0034,Gary Williams,Operations,Specialist,2025-01-18,Active
4752,EMP-004838,LOC-0083,Robert Collins,IT,Specialist,2024-09-06,Active
4753,EMP-004839,LOC-0060,Brandi Hebert,Maintenance,Specialist,2024-10-08,Active
4754,EMP-004840,LOC-0089,Raymond Hughes,Production,Supervisor,2025-05-27,Inactive
4755,EMP-004841,LOC-0034,Elizabeth Jackson,Operations,Supervisor,2025-04-09,Active
4756,EMP-004842,LOC-0050,Christopher Willis,IT,Supervisor,2021-08-27,Active
4757,EMP-004843,LOC-0011,Katie Williams,Production,Specialist,2021-04-25,Inactive
4758,EMP-004844,LOC-0034,Jackson Kaiser,Supply Chain,Manager,2020-02-26,Active
4759,EMP-004845,LOC-0083,Joseph Copeland,Finance,Manager,2019-08-27,Active
4760,EMP-004846,LOC-0098,Carl Garrett,IT,Specialist,2019-05-17,Active
4761,EMP-004847,LOC-0013,Megan Richardson,Maintenance,Manager,2019-01-30,Active
4762,EMP-004848,LOC-0060,Chelsea Wagner,Maintenance,Manager,2020-07-02,Active
4763,EMP-004849,LOC-0053,Jill Jensen,Operations,Supervisor,2023-05-21,Active
4764,EMP-004850,LOC-0095,Jacqueline Alvarado,Sales,Operator,2023-12-08,Active
4765,EMP-004851,LOC-0066,Timothy Chapman,Operations,Operator,2021-10-23,Active
4766,EMP-004852,LOC-0028,Mr. David Phillips,Finance,Analyst,2024-08-03,Active
4767,EMP-004853,LOC-0062,Christopher Smith,Operations,Specialist,2021-05-12,Active
4768,EMP-004854,LOC-0009,Amanda Huber,Production,Analyst,2020-06-30,Active
4769,EMP-004855,LOC-0038,Angela Medina,Supply Chain,Analyst,2022-04-10,Active
4770,EMP-004856,LOC-0062,Garrett Olson,Finance,Analyst,2020-03-01,Active
4771,EMP-004857,LOC-0001,Jennifer Hughes,Maintenance,Specialist,2024-10-15,Active
4772,EMP-004858,LOC-0019,Joseph Fleming,Production,Operator,2020-02-04,Active
4773,EMP-004859,LOC-0064,Kathleen Booker,Finance,Operator,2023-01-02,Active
4774,EMP-004860,LOC-0038,Kristina Murphy,Finance,Manager,2020-04-22,Active
4775,EMP-004861,LOC-0092,Mrs. Allison Jones,IT,Analyst,2019-02-22,Active
4776,EMP-004862,LOC-0056,Joseph Thompson,Production,Operator,2019-10-23,Active
4777,EMP-004864,LOC-0067,Peter Thomas,Finance,Technician,2020-06-18,Active
4778,EMP-004865,LOC-0067,Diana Chambers,Finance,Supervisor,2020-07-20,Active
4779,EMP-004866,LOC-0096,Shannon Howell,Operations,Supervisor,2023-07-16,Active
4780,EMP-004867,LOC-0042,James Woods,IT,Manager,2020-04-30,Active
4781,EMP-004868,LOC-0060,Samantha Parks,Supply Chain,Analyst,2020-09-11,Active
4782,EMP-004869,LOC-0093,Frank Smith,Supply Chain,Engineer,2022-04-05,Active
4783,EMP-004870,LOC-0008,Michael Randall,Operations,Supervisor,2020-10-06,Active
4784,EMP-004871,LOC-0063,David Cooper,Operations,Specialist,2024-06-19,Active
4785,EMP-004872,LOC-0026,Gina Mack,Production,Operator,2021-03-14,Active
4786,EMP-004873,LOC-0048,Michael Kelly,Supply Chain,Engineer,2021-09-24,Active
4787,EMP-004874,LOC-0081,Andre Kelly,Production,Manager,2023-01-29,Active
4788,EMP-004875,LOC-0072,Jason Shaw,Production,Manager,2020-10-27,Active
4789,EMP-004876,LOC-0054,Monica Russo,Finance,Operator,2022-11-03,Active
4790,EMP-004877,LOC-0037,Michelle Johnson,Operations,Technician,2023-09-03,Active
4791,EMP-004878,LOC-0035,Kirsten Fitzgerald,Operations,Analyst,2025-07-31,Active
4792,EMP-004879,LOC-0057,Matthew Benson,Operations,Operator,2024-11-26,Active
4793,EMP-004880,LOC-0099,Haley Carr,Maintenance,Specialist,2023-05-07,Active
4794,EMP-004881,LOC-0001,Mckenzie Parker,Human Resources,Manager,2024-01-17,Active
4795,EMP-004882,LOC-0027,Virginia Donovan,Sales,Engineer,2020-10-28,Active
4796,EMP-004883,LOC-0059,Teresa Underwood,Maintenance,Engineer,2021-03-10,Active
4797,EMP-004884,LOC-0028,Eric Mcconnell,Sales,Analyst,2020-06-20,Active
4798,EMP-004885,LOC-0081,Michael Lynch,Production,Analyst,2023-03-07,Active
4799,EMP-004886,LOC-0036,Gregory Jenkins,IT,Operator,2021-06-23,Active
4800,EMP-004887,LOC-0050,Natasha Young,Human Resources,Manager,2021-02-15,Active
4801,EMP-004888,LOC-0025,Jared Bell,IT,Manager,2025-11-14,Active
4802,EMP-004889,LOC-0081,William Rodriguez,Operations,Specialist,2023-09-20,Active
4803,EMP-004890,LOC-0047,Bruce Davis,Supply Chain,Analyst,2023-06-06,Active
4804,EMP-004891,LOC-0047,Ashley Davis,Production,Operator,2022-04-26,Inactive
4805,EMP-004892,LOC-0078,James Lee,Operations,Coordinator,2020-10-19,Active
4806,EMP-004893,LOC-0071,Daniel Carpenter,IT,Technician,2025-05-07,Active
4807,EMP-004894,LOC-0009,Krystal Mitchell,Operations,Technician,2019-11-27,Active
4808,EMP-004895,LOC-0009,Robert Turner,Operations,Coordinator,2023-04-06,Active
4809,EMP-004896,LOC-0096,Ana Lee,IT,Manager,2020-01-16,Active
4810,EMP-004897,LOC-0030,Brooke Bush,Operations,Technician,2019-07-30,Active
4811,EMP-004898,LOC-0096,Patricia Allen,Operations,Operator,2025-04-27,Active
4812,EMP-004899,LOC-0007,Veronica Gardner,Supply Chain,Technician,2021-10-11,Active
4813,EMP-004900,LOC-0073,George Harris,Supply Chain,Specialist,2022-08-29,Active
4814,EMP-004901,LOC-0001,Sherry Galvan,Supply Chain,Supervisor,2022-12-22,Active
4815,EMP-004902,LOC-0089,Michele Callahan,Maintenance,Supervisor,2021-10-25,Active
4816,EMP-004903,LOC-0031,Nathan Lewis,Operations,Specialist,2021-08-29,Active
4817,EMP-004904,LOC-0004,Anthony Johnson,Production,Specialist,2025-02-12,Active
4818,EMP-004905,LOC-0030,Jesse Freeman,Finance,Specialist,2020-12-08,Active
4819,EMP-004906,LOC-0042,Joshua Reed,Production,Coordinator,2024-03-23,Active
4820,EMP-004907,LOC-0082,Meagan Torres,Operations,Manager,2025-06-11,Active
4821,EMP-004908,LOC-0094,Valerie Neal,Production,Specialist,2025-03-12,Active
4822,EMP-004909,LOC-0001,Matthew Brooks,Operations,Specialist,2024-11-15,Active
4823,EMP-004910,LOC-0006,Larry Brown,Production,Coordinator,2020-04-02,Active
4824,EMP-004911,LOC-0076,Caleb Hodges,Production,Manager,2023-02-08,Active
4825,EMP-004912,LOC-0018,Luke White,Supply Chain,Coordinator,2022-07-07,Active
4826,EMP-004913,LOC-0081,Jill Dawson,Finance,Analyst,2020-06-22,Active
4827,EMP-004914,LOC-0056,Zachary Nolan,Supply Chain,Engineer,2021-01-29,Active
4828,EMP-004915,LOC-0004,Michael King,Operations,Engineer,2020-03-01,Active
4829,EMP-004916,LOC-0021,Ms. Stephanie Gillespie MD,Maintenance,Engineer,2023-05-04,Active
4830,EMP-004917,LOC-0015,William Garcia,Operations,Technician,2023-11-09,Active
4831,EMP-004918,LOC-0021,John Fitzpatrick,Production,Operator,2023-09-30,Active
4832,EMP-004919,LOC-0051,William Parker,Finance,Analyst,2022-12-16,Active
4833,EMP-004920,LOC-0042,Jason Barton,Production,Supervisor,2023-03-31,Active
4834,EMP-004921,LOC-0005,Donna Edwards,IT,Supervisor,2022-12-29,Active
4835,EMP-004922,LOC-0068,Karen Willis,IT,Specialist,2023-03-26,Active
4836,EMP-004923,LOC-0024,Tanner Terry,Production,Engineer,2023-09-14,Active
4837,EMP-004924,LOC-0015,Stephen Randall,Operations,Manager,2020-07-18,Active
4838,EMP-004925,LOC-0003,Maria Kirby,Production,Specialist,2023-07-02,Inactive
4839,EMP-004926,LOC-0053,Mary Moore,Supply Chain,Engineer,2022-03-14,Active
4840,EMP-004927,LOC-0065,Jeremiah Wagner,Operations,Coordinator,2023-07-01,Active
4841,EMP-004928,LOC-0046,John Powell,Operations,Analyst,2022-07-29,Active
4842,EMP-004929,LOC-0006,Mary Burgess,Finance,Coordinator,2021-05-03,Active
4843,EMP-004930,LOC-0032,Barbara Nelson,Production,Supervisor,2025-04-09,Active
4844,EMP-004931,LOC-0098,Ariel Myers,Operations,Analyst,2025-12-12,Active
4845,EMP-004932,LOC-0075,Sarah Bond,Maintenance,Analyst,2019-09-06,Active
4846,EMP-004933,LOC-0071,Abigail Woodward,Finance,Operator,2024-10-19,Active
4847,EMP-004934,LOC-0051,Brian Jones,Operations,Engineer,2021-04-08,Active
4848,EMP-004935,LOC-0016,Francisco Savage,Production,Operator,2022-03-19,Active
4849,EMP-004936,LOC-0053,Matthew Weaver,Operations,Analyst,2025-09-10,Active
4850,EMP-004937,LOC-0007,Sonya Reyes,Operations,Supervisor,2021-10-28,Active
4851,EMP-004938,LOC-0049,Mary Arnold,Production,Supervisor,2019-06-07,Active
4852,EMP-004939,LOC-0052,Timothy Davidson MD,Maintenance,Analyst,2023-12-24,Active
4853,EMP-004940,LOC-0022,Jennifer Ward MD,Production,Technician,2025-04-09,Active
4854,EMP-004941,LOC-0063,Corey Martin,Sales,Engineer,2020-04-09,Active
4855,EMP-004942,LOC-0048,Maureen Sullivan,Production,Coordinator,2019-03-02,Active
4856,EMP-004943,LOC-0045,Lori Jones,Production,Specialist,2025-12-22,Active
4857,EMP-004944,LOC-0005,Daniel Sanders,Operations,Engineer,2019-02-06,Active
4858,EMP-004945,LOC-0053,Daniel Perry,Maintenance,Operator,2022-12-09,Inactive
4859,EMP-004946,LOC-0039,Julie Moore,Operations,Supervisor,2024-07-03,Active
4860,EMP-004947,LOC-0050,Erik Mitchell,Sales,Manager,2020-05-25,Active
4861,EMP-004948,LOC-0020,Ryan Smith,Sales,Specialist,2024-02-20,Active
4862,EMP-004949,LOC-0072,David Greer,Operations,Technician,2023-07-28,Active
4863,EMP-004950,LOC-0067,Heather Lynch,Supply Chain,Technician,2023-04-14,Active
4864,EMP-004951,LOC-0022,Eric Morgan,Production,Specialist,2025-10-27,Active
4865,EMP-004952,LOC-0055,Erik Francis,Production,Specialist,2024-01-20,Active
4866,EMP-004953,LOC-0074,Michael Hill,Finance,Coordinator,2024-06-08,Inactive
4867,EMP-004954,LOC-0039,Angela Gilbert,Production,Manager,2019-03-15,Active
4868,EMP-004955,LOC-0058,Andrew Hayden,Supply Chain,Engineer,2020-11-21,Active
4869,EMP-004956,LOC-0005,Anthony Peterson,Human Resources,Specialist,2019-11-30,Active
4870,EMP-004957,LOC-0095,Michael Carney,Maintenance,Supervisor,2024-12-31,Active
4871,EMP-004958,LOC-0043,Justin Allen,Human Resources,Engineer,2022-09-10,Active
4872,EMP-004959,LOC-0046,Brianna Brown,Production,Operator,2020-01-04,Active
4873,EMP-004960,LOC-0070,Alex Gentry,Maintenance,Technician,2022-12-10,Active
4874,EMP-004961,LOC-0017,Donald Hill,Sales,Manager,2021-05-01,Active
4875,EMP-004962,LOC-0041,Jimmy Mckinney,IT,Manager,2025-01-10,Inactive
4876,EMP-004963,LOC-0042,Beverly Gomez,Sales,Operator,2022-05-21,Active
4877,EMP-004964,LOC-0062,Vanessa Adams,Production,Engineer,2020-01-12,Active
4878,EMP-004965,LOC-0042,Alexis Gonzalez,Sales,Manager,2025-03-24,Inactive
4879,EMP-004966,LOC-0071,Barbara Beltran,Production,Operator,2024-12-01,Active
4880,EMP-004967,LOC-0037,Ryan Hicks,Sales,Analyst,2025-01-22,Active
4881,EMP-004968,LOC-0078,William Johnson,Finance,Manager,2025-01-26,Active
4882,EMP-004969,LOC-0024,James Richardson,Operations,Technician,2022-12-05,Active
4883,EMP-004970,LOC-0016,James Chavez,Sales,Operator,2021-04-26,Active
4884,EMP-004971,LOC-0024,Megan Smith,IT,Coordinator,2021-11-15,Active
4885,EMP-004972,LOC-0078,Kristina Reyes,Production,Analyst,2021-09-03,Active
4886,EMP-004973,LOC-0042,Heidi Perry,Finance,Analyst,2021-05-17,Active
4887,EMP-004974,LOC-0091,Patricia Church,Production,Manager,2025-04-27,Active
4888,EMP-004975,LOC-0015,Anthony Serrano,Finance,Analyst,2024-09-05,Active
4889,EMP-004976,LOC-0041,Melissa Cole,Maintenance,Specialist,2023-04-17,Active
4890,EMP-004977,LOC-0001,Jamie White,Production,Manager,2025-11-14,Active
4891,EMP-004978,LOC-0004,Dr. Bethany Curry,Operations,Analyst,2020-12-24,Active
4892,EMP-004979,LOC-0049,Kristin Moore,Operations,Analyst,2021-08-03,Active
4893,EMP-004980,LOC-0009,David Wood,IT,Coordinator,2024-03-03,Active
4894,EMP-004981,LOC-0078,Joseph Contreras,Supply Chain,Coordinator,2025-01-28,Active
4895,EMP-004982,LOC-0036,Gregory Henderson,Maintenance,Coordinator,2025-06-11,Active
4896,EMP-004983,LOC-0028,Bridget Torres,Production,Specialist,2022-09-16,Active
4897,EMP-004984,LOC-0018,Annette Wagner,Supply Chain,Operator,2022-01-09,Active
4898,EMP-004985,LOC-0078,Carrie Warren,Production,Supervisor,2024-08-23,Active
4899,EMP-004986,LOC-0005,Joy Villarreal,Operations,Supervisor,2020-12-10,Active
4900,EMP-004987,LOC-0094,Kelsey Lara,Maintenance,Analyst,2020-04-25,Active
4901,EMP-004988,LOC-0096,Drew Mann,Supply Chain,Specialist,2021-12-13,Active
4902,EMP-004989,LOC-0065,Gavin Hall,Operations,Specialist,2024-05-14,Active
4903,EMP-004990,LOC-0076,Bryan Mendoza,Operations,Operator,2024-10-24,Active
4904,EMP-004991,LOC-0074,Ryan Lowe,IT,Specialist,2019-12-13,Active
4905,EMP-004992,LOC-0013,Jason Bates,Production,Engineer,2023-11-19,Active
4906,EMP-004993,LOC-0075,David Hickman,Supply Chain,Manager,2021-07-25,Active
4907,EMP-004994,LOC-0001,Christopher Smith,Sales,Specialist,2025-12-09,Active
4908,EMP-004995,LOC-0077,Laura Arnold,Maintenance,Engineer,2023-12-04,Active
4909,EMP-004996,LOC-0033,Jack Garcia,Production,Technician,2019-07-21,Inactive
4910,EMP-004997,LOC-0079,Gabrielle Anderson,Sales,Supervisor,2024-04-14,Active
4911,EMP-004998,LOC-0024,Christopher Brooks,Finance,Supervisor,2024-07-31,Active
4912,EMP-004999,LOC-0023,Jennifer Lane,Operations,Analyst,2019-06-08,Active
4913,EMP-005000,LOC-0075,Christopher Smith,Finance,Coordinator,2025-12-12,Active
