employee_key,employee_id,location_key,employee_name,department,role,hire_date,status
1,EMP-000001,60,Jessica Esparza,Human Resources,Supervisor,2017-11-14,Active
2,EMP-000002,65,Mary Sweeney,Operations,Specialist,2016-06-10,Active
3,EMP-000003,60,Melissa Miller,Finance,Engineer,2017-05-28,Inactive
4,EMP-000004,19,Christopher Merritt,IT,Supervisor,2016-05-09,Inactive
5,EMP-000005,39,Michael Rojas,Sales,Manager,2018-01-06,Active
6,EMP-000006,71,George Lopez,IT,Specialist,2017-09-25,Active
7,EMP-000007,89,Erin Allen,Supply Chain,Operator,2017-06-15,Active
8,EMP-000008,59,Rita Bray,IT,Specialist,2016-05-29,Active
9,EMP-000009,24,Susan Schmidt,Supply Chain,Coordinator,2016-01-25,Active
10,EMP-000010,94, Jeffrey Collins ,Maintenance,Operator,2017-09-15,Active
11,EMP-000011,17,Parker Garza,Supply Chain,Supervisor,2016-07-16,Active
12,EMP-000012,23,Eric Martin,Human Resources,Operator,2017-01-13,Active
13,EMP-000013,85,Michael Griffin,Human Resources,Supervisor,2016-05-28,Active
14,EMP-000014,90,Frank Frederick,Supply Chain,Coordinator,2016-07-27,Active
15,EMP-000015,38,Robert Atkinson,IT,Supervisor,2016-07-22,Active
16,EMP-000016,51,Christine Cox,Supply Chain,Engineer,2017-01-21,Active
17,EMP-000017,11,Wyatt Moore,Human Resources,Coordinator,2016-06-03,Active
18,EMP-000018,26,Lisa Berger,Operations,Operator,2016-06-06,Active
19,EMP-000019,100,Kaylee Allen,Finance,Analyst,2016-12-23,Active
20,EMP-000020,98,Samuel Williams,IT,Coordinator,2018-02-06,Active
21,EMP-000021,82,Anthony Montes,Sales,Specialist,2016-12-29,Active
22,EMP-000022,10,Tonya Anderson,Operations,Specialist,2018-11-27,Active
23,EMP-000023,90,Brooke Poole,Human Resources,Supervisor,2016-01-20,Active
24,EMP-000024,94,Amanda Long,Human Resources,Engineer,2018-05-16,Active
25,EMP-000025,29,Lisa Meyer,Human Resources,Coordinator,2016-10-20,Active
26,EMP-000026,47,Michael Kennedy,Operations,Coordinator,2016-05-06,Active
27,EMP-000027,48,Matthew Conley,Maintenance,Coordinator,2018-07-25,Active
28,EMP-000028,100,Jennifer Brown,Maintenance,Coordinator,2017-07-08,Active
29,EMP-000029,10,John Hughes,Sales,Coordinator,2016-06-01,Active
30,EMP-000030,44,Daniel Hurley,Maintenance,Operator,2016-03-09,Active
31,EMP-000031,99,Dana Mann,Supply Chain,Analyst,2018-06-29,Active
32,EMP-000032,59,Brenda Ho,Finance,Supervisor,2018-06-30,Active
33,EMP-000033,62,Mark Gray,Maintenance,Supervisor,2016-06-05,Active
34,EMP-000034,77,Scott Knapp,Finance,Specialist,2018-08-25,Active
35,EMP-000035,97,Dawn Parks,Finance,Analyst,2018-10-10,Active
36,EMP-000036,84,Catherine Ferguson,Sales,Engineer,2017-10-30,Active
37,EMP-000037,78,Lisa Long,IT,Supervisor,2018-08-14,Active
38,EMP-000038,1,Whitney Reilly,Maintenance,Engineer,2016-12-22,Active
39,EMP-000039,72,Alexis Lindsey,Finance,Supervisor,2016-02-29,Active
40,EMP-000040,17,George Boyd,Sales,Supervisor,2018-11-09,Active
41,EMP-000041,20,Timothy Lopez,Maintenance,Coordinator,2017-02-22,Active
42,EMP-000042,37,Kelly Perez,Supply Chain,Supervisor,2017-12-12,Active
43,EMP-000043,70,Jennifer Lopez,Supply Chain,Analyst,2018-09-06,Active
44,EMP-000044,46,Laurie Martinez,Human Resources,Manager,2017-02-04,Active
45,EMP-000045,40,Patrick Sexton,Finance,Engineer,2016-11-23,Active
46,EMP-000046,53,Jason Mejia,Supply Chain,Supervisor,2017-02-28,Active
47,EMP-000047,15,Christopher Simmons,Sales,Operator,2018-04-01,Active
48,EMP-000048,52,Sara Wood,Supply Chain,Operator,2018-04-12,Active
49,EMP-000049,27,Lisa Farrell,Sales,Operator,2017-03-08,Active
50,EMP-000050,66,Henry Hawkins,Maintenance,Specialist,2017-05-01,Active
51,EMP-000051,31,Heather Lewis,Human Resources,Operator,2017-01-19,Active
52,EMP-000052,7,April Mckee,Operations,Supervisor,2017-06-02,Active
53,EMP-000053,68,Tina Guerrero,Sales,Supervisor,2016-02-09,Active
54,EMP-000054,19,Renee Brown,Supply Chain,Specialist,2016-07-04,Active
55,EMP-000055,96,Michael Lowery,Operations,Operator,2018-06-06,Active
56,EMP-000056,44,Justin Collins Jr.,Operations,Coordinator,2017-01-05,Active
57,EMP-000057,68,Patrick Davis,Sales,Operator,2018-10-08,Inactive
58,EMP-000058,68,Melinda Marshall,Operations,Operator,2018-08-07,Active
59,EMP-000059,25,Terrence Guerrero,Sales,Manager,2016-02-07,Active
60,EMP-000060,24,Jerry Sanders,Operations,Manager,2017-09-19,Active
61,EMP-000061,75,Olivia Farmer,Supply Chain,Manager,2018-09-01,Active
62,EMP-000062,49,Heather Mcdonald,Maintenance,Analyst,2016-12-29,Active
63,EMP-000063,55,Andrea Williamson,Supply Chain,Specialist,2017-08-27,Active
64,EMP-000064,50,Scott Price,Maintenance,Specialist,2017-11-09,Active
65,EMP-000065,77,Brandon Perry,Operations,Manager,2017-03-27,Active
66,EMP-000066,33,Michelle James,Finance,Supervisor,2017-11-20,Active
67,EMP-000067,29,Lucas Thornton,IT,Analyst,2017-06-11,Active
68,EMP-000068,11,Alexander Taylor,IT,Manager,2018-04-28,Active
69,EMP-000069,71,Stephanie Harrington,Finance,Analyst,2017-03-22,Active
70,EMP-000070,74,Ian Potts,Maintenance,Engineer,2018-01-20,Active
71,EMP-000071,6,Kerry Trevino,Human Resources,Operator,2017-08-02,Inactive
72,EMP-000072,3,Alison Wolfe MD,Sales,Analyst,2018-02-06,Active
73,EMP-000073,13,Amanda Roman,Sales,Analyst,2016-11-15,Active
74,EMP-000074,4,Stephanie Cabrera,Maintenance,Specialist,2018-02-10,Active
75,EMP-000075,83,Alicia Adams,Finance,Supervisor,2018-02-15,Active
76,EMP-000076,61,Tiffany Hurley,Supply Chain,Coordinator,2016-11-16,Inactive
77,EMP-000077,89,Katherine Braun,IT,Operator,2017-12-02,Active
78,EMP-000078,37,Austin Powell,Operations,Coordinator,2018-12-27,Active
79,EMP-000079,20,Jesse Mitchell,Operations,Specialist,2017-08-06,Active
80,EMP-000080,9,Joy Rollins,Finance,Specialist,2017-08-30,Active
81,EMP-000081,70,Patrick Scott,Supply Chain,Manager,2018-01-30,Active
82,EMP-000082,83,Cynthia Mccullough,Operations,Engineer,2016-04-21,Active
83,EMP-000083,63,Lisa Graham,Maintenance,Specialist,2018-01-05,Active
84,EMP-000084,8,Justin Montgomery,Supply Chain,Engineer,2018-11-02,Active
85,EMP-000085,71,Curtis Olson,Finance,Manager,2016-05-30,Active
86,EMP-000086,16,Casey Black,IT,Specialist,2017-03-28,Active
87,EMP-000087,82,Samantha Long,Supply Chain,Operator,2016-04-10,Active
88,EMP-000088,50,David Wilson,Human Resources,Engineer,2016-09-17,Active
89,EMP-000089,21,William Scott,Human Resources,Operator,2017-06-06,Inactive
90,EMP-000090,26,Sherry Green,Human Resources,Engineer,2017-08-23,Active
91,EMP-000091,44,Michele Miller,Sales,Operator,2017-07-21,Active
92,EMP-000092,25,Katelyn Tyler,Finance,Analyst,2018-04-19,Active
93,EMP-000093,47,Jamie Banks,Sales,Supervisor,2016-06-06,Active
94,EMP-000094,45,Timothy Brown,Operations,Engineer,2016-11-12,Active
95,EMP-000095,34,Roberto Edwards,Supply Chain,Supervisor,2016-03-11,Active
96,EMP-000096,16,Billy Weber,Sales,Operator,2018-12-26,Inactive
97,EMP-000097,13,Frank Schneider,Maintenance,Manager,2016-10-01,Active
98,EMP-000098,33,Gordon Johnston,Sales,Manager,2017-08-25,Active
99,EMP-000099,38,Joseph Russell,Maintenance,Engineer,2017-05-05,Active
100,EMP-000100,36,Chelsey Foley,IT,Coordinator,2016-09-12,Inactive
101,EMP-000101,43,Perry Reed,Maintenance,Operator,2018-12-21,Active
102,EMP-000102,96,Richard Wilkerson,Finance,Supervisor,2018-12-01,Active
103,EMP-000103,61,Jennifer Cardenas,IT,Engineer,2017-09-18,Active
104,EMP-000104,67,Mr. Thomas Hatfield,IT,Operator,2018-08-20,Active
105,EMP-000105,57,Scott Figueroa,Maintenance,Specialist,2018-04-14,Inactive
106,EMP-000106,96,Gregory Gibson,IT,Operator,2017-12-01,Active
107,EMP-000107,24,Ellen Fields,Operations,Manager,2016-08-24,Inactive
108,EMP-000108,92,Michael Jones,Human Resources,Coordinator,2017-01-03,Inactive
109,EMP-000109,26,Henry Hanson,Supply Chain,Specialist,2018-09-19,Active
110,EMP-000110,29,Johnny Harris,Supply Chain,Manager,2017-11-27,Active
111,EMP-000111,71,Lori Lewis,Sales,Coordinator,2018-07-03,Active
112,EMP-000112,61,Anthony Fitzgerald,Human Resources,Engineer,2017-11-24,Active
113,EMP-000113,89,Adam Hall,Supply Chain,Analyst,2017-09-05,Inactive
114,EMP-000114,51,Christine Turner,Supply Chain,Specialist,2018-03-07,Active
115,EMP-000115,73,Christy Mcfarland,Operations,Specialist,2017-01-02,Active
116,EMP-000116,84,Dana Chapman,Finance,Operator,2016-06-11,Active
117,EMP-000117,46,Alejandro Kidd,IT,Engineer,2018-06-25,Active
118,EMP-000118,66,Daniel Lopez MD,Sales,Manager,2017-04-16,Active
119,EMP-000119,64,Zachary Barnett,IT,Engineer,2016-05-25,Active
120,EMP-000120,23,Susan Hawkins,Supply Chain,Engineer,2016-12-26,Active
121,EMP-000121,91,Renee Kim,Finance,Supervisor,2017-06-22,Active
122,EMP-000122,93,Jessica Garza,IT,Operator,2017-11-14,Active
123,EMP-000123,24,Courtney Harris,Maintenance,Coordinator,2017-04-01,Active
124,EMP-000124,57,James Carroll,Operations,Coordinator,2017-06-17,Active
125,EMP-000125,36,Nicholas Brandt,Operations,Engineer,2018-06-25,Active
126,EMP-000126,47,Ethan Shepherd,Human Resources,Coordinator,2018-06-08,Active
127,EMP-000127,77,Mariah Daniels,Human Resources,Coordinator,2016-11-02,Active
128,EMP-000128,2,Cheyenne Brown,Supply Chain,Engineer,2018-11-24,Active
129,EMP-000129,39,Stephen Martinez,IT,Analyst,2018-12-17,Active
130,EMP-000130,7,Robert Smith,IT,Supervisor,2018-08-15,Active
131,EMP-000131,2,Nancy Hayes,Human Resources,Supervisor,2018-07-07,Active
132,EMP-000132,49,Stacy Ayala,Sales,Coordinator,2016-06-05,Active
133,EMP-000133,76,Jeffrey Franco,Supply Chain,Coordinator,2018-01-08,Active
134,EMP-000134,39,Rebecca Lin,Supply Chain,Manager,2016-05-15,Active
135,EMP-000135,93,Nicole Rosario,Human Resources,Engineer,2016-09-12,Active
136,EMP-000136,9,Alexis Conrad,Maintenance,Analyst,2018-10-29,Active
137,EMP-000137,37,Marcus Cox,IT,Supervisor,2018-03-14,Active
138,EMP-000138,85,Daniel Smith,Sales,Analyst,2018-06-01,Active
139,EMP-000139,32,Gina Patterson,IT,Operator,2017-09-04,Active
140,EMP-000140,29,Mary Oconnell,Supply Chain,Coordinator,2017-07-28,Active
141,EMP-000141,46,Marcus Phillips,Sales,Engineer,2016-11-10,Active
142,EMP-000142,37,Amanda Adams,Operations,Manager,2017-08-07,Active
143,EMP-000143,88,David Marks,IT,Coordinator,2016-11-02,Inactive
144,EMP-000144,79,Tyler Martin,Maintenance,Manager,2017-05-15,Active
145,EMP-000145,93,Don Bryant,Human Resources,Coordinator,2016-02-27,Active
146,EMP-000146,15,Brittany Roberts,Supply Chain,Supervisor,2017-12-29,Active
147,EMP-000147,49,Misty Simpson,Human Resources,Specialist,2018-09-26,Inactive
148,EMP-000148,33,Darren Flores,Finance,Coordinator,2018-02-06,Active
149,EMP-000149,1,Gregory Shea,Maintenance,Specialist,2018-09-25,Active
150,EMP-000150,4,Christopher Morris,Human Resources,Specialist,2017-11-12,Active
151,EMP-000151,72,Bobby Carr,Human Resources,Analyst,2016-03-04,Active
152,EMP-000152,52,Christina Curtis,Human Resources,Engineer,2016-09-11,Active
153,EMP-000153,28,Calvin Singh,Sales,Supervisor,2018-09-10,Active
154,EMP-000154,75,Scott Holmes,Human Resources,Specialist,2017-06-19,Active
155,EMP-000155,65,Jose Rios,Human Resources,Analyst,2017-07-12,Active
156,EMP-000156,89,Robert Gonzalez,Finance,Manager,2017-10-19,Active
157,EMP-000157,46,Margaret Tran,Sales,Coordinator,2016-06-15,Active
158,EMP-000158,96,Douglas Murray,Supply Chain,Analyst,2017-12-06,Active
159,EMP-000159,20,Sean Rasmussen,Finance,Specialist,2017-05-19,Active
160,EMP-000160,83,Michael Wright,Operations,Operator,2016-10-04,Active
161,EMP-000161,30,William Leonard,Maintenance,Specialist,2017-12-30,Active
162,EMP-000162,23,Vickie Sanders,Sales,Analyst,2017-02-28,Active
163,EMP-000163,76,Gina Merritt,Human Resources,Operator,2017-01-04,Active
164,EMP-000164,36,Dennis Thomas,IT,Supervisor,2017-02-21,Inactive
165,EMP-000165,11,Stacey Nguyen,Finance,Specialist,2017-07-12,Active
166,EMP-000166,7,Jacqueline Ramsey,Operations,Supervisor,2017-11-06,Active
167,EMP-000167,29,Taylor Perez,IT,Specialist,2016-09-18,Active
168,EMP-000168,86,Kathleen Williams,Maintenance,Operator,2017-09-28,Active
169,EMP-000169,75,Jennifer Glass,Maintenance,Manager,2018-07-15,Inactive
170,EMP-000170,42,Yvette Williams,Supply Chain,Analyst,2017-12-10,Active
171,EMP-000171,69,Catherine Tyler,Sales,Operator,2016-08-15,Active
172,EMP-000172,77,Sharon Hernandez,Human Resources,Coordinator,2016-12-31,Active
173,EMP-000173,7,Marie Terry,Finance,Operator,2017-05-08,Active
174,EMP-000174,23,Debbie Berry,Sales,Manager,2017-10-06,Active
175,EMP-000175,71,Brett Costa,Supply Chain,Supervisor,2018-08-31,Active
176,EMP-000176,1,William Evans,Supply Chain,Supervisor,2018-08-16,Active
177,EMP-000177,86,Ryan Fuentes,Supply Chain,Manager,2018-01-26,Active
178,EMP-000178,86,Shannon Ingram,IT,Manager,2018-03-23,Active
179,EMP-000179,35,Gabriel Ross,Finance,Operator,2018-09-28,Active
180,EMP-000180,10,Eric Goodwin,Supply Chain,Manager,2016-04-26,Active
181,EMP-000181,95,Kathryn Thomas,Maintenance,Analyst,2018-05-08,Active
182,EMP-000182,58,Amy Bailey,Supply Chain,Operator,2017-07-02,Active
183,EMP-000183,9,Nichole Knight,Human Resources,Supervisor,2016-04-01,Active
184,EMP-000184,90,Kimberly Williams,Human Resources,Coordinator,2016-10-11,Active
185,EMP-000185,63,Edward Scott,Maintenance,Analyst,2016-03-02,Active
186,EMP-000186,66,Christopher Osborn,Maintenance,Specialist,2016-08-13,Active
187,EMP-000187,53,Anthony Luna,Operations,Engineer,2017-01-02,Active
188,EMP-000188,18,Brittney Ferguson,Maintenance,Operator,2016-06-10,Active
189,EMP-000189,79,Sara Ferguson,Maintenance,Operator,2018-12-26,Active
190,EMP-000190,92,Patrick Warren,Maintenance,Engineer,2018-10-03,Active
191,EMP-000191,84,Michael Adkins,Operations,Supervisor,2016-09-21,Active
192,EMP-000192,45,Henry Barnett,Operations,Engineer,2017-06-26,Inactive
193,EMP-000193,17,Andrew Gray,Operations,Engineer,2017-04-10,Inactive
194,EMP-000194,41,Harry Hunt,Operations,Manager,2017-04-05,Active
195,EMP-000195,57,Michael Harris,Human Resources,Engineer,2018-10-21,Active
196,EMP-000196,16,Ricky Wilson,Human Resources,Operator,2016-03-03,Active
197,EMP-000197,41,Phillip Vazquez,IT,Engineer,2017-05-25,Active
198,EMP-000198,90,Shane Riddle,Human Resources,Supervisor,2016-07-31,Active
199,EMP-000199,46,Jeffrey Richards,IT,Specialist,2017-07-21,Active
200,EMP-000200,75,Mary Lopez,IT,Manager,2016-12-22,Active
201,EMP-000201,97,James Castro,Sales,Coordinator,2016-10-06,Active
202,EMP-000202,1,Kenneth Owens,Maintenance,Coordinator,2018-08-14,Active
203,EMP-000203,32,Tony Mathews,Finance,Manager,2018-02-01,Active
204,EMP-000204,68,Heather Wood,Sales,Specialist,2016-06-22,Inactive
205,EMP-000205,3,Johnathan Spencer,Operations,Analyst,2016-01-24,Active
206,EMP-000206,84,Keith Allen,Human Resources,Coordinator,2017-11-19,Inactive
207,EMP-000207,62,Grant Avila,Sales,Specialist,2017-12-23,Active
208,EMP-000208,79,Sonya Clark,Supply Chain,Engineer,2016-12-29,Active
209,EMP-000209,87,Michael Wagner,Operations,Specialist,2016-09-06,Active
210,EMP-000210,59,Thomas Mckinney,Human Resources,Coordinator,2018-06-01,Active
211,EMP-000211,43,Jonathan Martinez,Maintenance,Manager,2018-02-28,Active
212,EMP-000212,81,Cynthia Bernard,Supply Chain,Supervisor,2017-11-16,Active
213,EMP-000213,80,Erica Horn,Human Resources,Engineer,2017-02-20,Active
214,EMP-000214,19,Peter Gonzales,Human Resources,Coordinator,2017-04-20,Inactive
215,EMP-000215,63,Carol Obrien,Finance,Coordinator,2016-01-22,Active
216,EMP-000216,4,Jeffrey Blair,Supply Chain,Engineer,2016-11-13,Inactive
217,EMP-000217,99,Stephanie Smith,Operations,Engineer,2018-11-07,Active
218,EMP-000218,85,Christine Molina,Operations,Manager,2016-05-26,Active
219,EMP-000219,61,Christina Chandler,Finance,Supervisor,2016-09-28,Active
220,EMP-000220,84,Amy Anderson,Maintenance,Coordinator,2018-11-01,Active
221,EMP-000221,65,Andrew Rodgers,Finance,Engineer,2018-08-30,Inactive
222,EMP-000222,30,Ashley Reynolds,Sales,Specialist,2017-07-23,Active
223,EMP-000223,42,Charles Bates,Maintenance,Operator,2016-12-25,Active
224,EMP-000224,80,Lauren Wood,Human Resources,Coordinator,2016-05-01,Active
225,EMP-000225,97,Russell Compton,Supply Chain,Engineer,2017-07-31,Active
226,EMP-000226,89,Kelly Jackson,Sales,Operator,2016-08-14,Active
227,EMP-000227,59,Samuel Hampton,Maintenance,Engineer,2017-04-08,Active
228,EMP-000228,46,Chelsea Wright,Maintenance,Manager,2018-07-09,Inactive
229,EMP-000229,86,Rebecca Stewart,IT,Analyst,2016-04-20,Active
230,EMP-000230,60,Taylor Moon,Finance,Operator,2018-02-02,Active
231,EMP-000231,28,Sean Kane,Maintenance,Engineer,2017-03-28,Active
232,EMP-000232,9,Brian Sellers DVM,Operations,Analyst,2017-11-18,Active
233,EMP-000233,56,Brittany Johnson,Supply Chain,Coordinator,2017-03-07,Active
234,EMP-000234,7,Jillian Martin,IT,Supervisor,2017-07-10,Active
235,EMP-000235,88,Valerie Martin,IT,Specialist,2016-09-19,Active
236,EMP-000236,57,Angela Ryan,Finance,Engineer,2016-02-01,Active
237,EMP-000237,61,Shelby Lopez,Supply Chain,Supervisor,2017-09-22,Active
238,EMP-000238,24,Taylor Ford,Supply Chain,Analyst,2016-11-07,Active
239,EMP-000239,47,Brandi Watts,Finance,Supervisor,2016-05-01,Inactive
240,EMP-000240,68,Hannah Huber,Operations,Analyst,2016-05-28,Active
241,EMP-000241,75,Taylor Williams,Human Resources,Analyst,2016-08-27,Active
242,EMP-000242,39,Jamie Roy,IT,Supervisor,2017-09-15,Inactive
243,EMP-000243,33,Blake Forbes,Human Resources,Engineer,2018-03-17,Active
244,EMP-000244,92,Danielle Peterson,Maintenance,Analyst,2017-07-26,Active
245,EMP-000245,71,Dylan Rodriguez,IT,Manager,2016-12-01,Active
246,EMP-000246,22,Bailey Berry,Sales,Specialist,2017-02-10,Active
247,EMP-000247,61,Phillip Mckay,IT,Engineer,2018-09-19,Active
248,EMP-000248,4,Cassie Coleman DDS,Finance,Analyst,2018-01-18,Active
249,EMP-000249,3,Justin Campbell,Supply Chain,Analyst,2016-11-23,Active
250,EMP-000250,100,Erin Warren,IT,Analyst,2016-12-25,Active
251,EMP-000251,82,Daniel Smith,Operations,Supervisor,2016-09-13,Active
252,EMP-000252,15,Jesse Nunez,Operations,Operator,2018-11-14,Active
253,EMP-000253,57,Andrew Gomez,Maintenance,Analyst,2016-02-20,Active
254,EMP-000254,53,Melissa Smith,Human Resources,Specialist,2016-01-13,Active
255,EMP-000255,85,Katherine Green,Operations,Operator,2018-04-06,Active
256,EMP-000256,18,Lee Martin,Sales,Analyst,2018-12-24,Inactive
257,EMP-000257,7,Steven Wright,Maintenance,Supervisor,2017-08-09,Active
258,EMP-000258,76,Marc Wolfe,Sales,Supervisor,2017-05-03,Inactive
259,EMP-000259,14,Paul Woods,Operations,Supervisor,2018-09-12,Active
260,EMP-000260,59,Judith Cooper,Operations,Manager,2016-02-19,Active
261,EMP-000261,25,Brian Serrano,Maintenance,Engineer,2017-01-02,Active
262,EMP-000262,53,Nathaniel Conley,Supply Chain,Manager,2017-09-29,Active
263,EMP-000263,12,Robert Kirk,Supply Chain,Specialist,2016-04-12,Active
264,EMP-000264,13,Heather Rodgers DDS,Operations,Coordinator,2016-09-11,Active
265,EMP-000265,96,Daniel Goodman,Supply Chain,Analyst,2017-02-15,Active
266,EMP-000266,11,Jennifer Mcintosh,Operations,Analyst,2017-04-23,Active
267,EMP-000267,51, Stephen Brown ,Maintenance,Coordinator,2018-11-26,Active
268,EMP-000268,47,Stacy Francis,Operations,Analyst,2016-10-05,Active
269,EMP-000269,25,Cynthia Patterson,Finance,Coordinator,2017-04-21,Active
270,EMP-000270,28,Deborah Sparks,Human Resources,Supervisor,2017-02-19,Active
271,EMP-000271,48,Jeffrey Page,Sales,Engineer,2017-05-02,Active
272,EMP-000272,100,Matthew Payne,Operations,Manager,2018-07-21,Active
273,EMP-000273,6,Mark Wilkins,Sales,Supervisor,2016-03-11,Inactive
274,EMP-000274,87,David Harris,Supply Chain,Engineer,2017-01-14,Active
275,EMP-000275,76,Tammy Garrett,Supply Chain,Supervisor,2016-05-07,Active
276,EMP-000276,27,Linda Hopkins,Operations,Specialist,2018-04-17,Inactive
277,EMP-000277,100,Crystal Soto,Supply Chain,Coordinator,2017-07-08,Active
278,EMP-000278,2,Samantha Mooney,Supply Chain,Supervisor,2018-02-18,Active
279,EMP-000279,15,Christine Soto,Finance,Coordinator,2016-01-19,Active
280,EMP-000280,21,Jonathan Hale,Supply Chain,Specialist,2016-10-18,Active
281,EMP-000281,60,Adam Curtis,Maintenance,Operator,2016-07-14,Active
282,EMP-000282,57,Tristan Walker,Sales,Coordinator,2016-07-15,Active
283,EMP-000283,42,William Martinez,Supply Chain,Coordinator,2016-11-07,Inactive
284,EMP-000284,72,Michael Powers,Finance,Coordinator,2017-03-10,Active
285,EMP-000285,65,Megan Christensen,IT,Coordinator,2016-02-25,Inactive
286,EMP-000286,10,Matthew Perez,Finance,Manager,2017-12-14,Active
287,EMP-000287,74,Jacob Sawyer,Operations,Operator,2017-02-23,Inactive
288,EMP-000288,91,Daniel Hughes,Maintenance,Supervisor,2016-07-26,Active
289,EMP-000289,92,Shane Sanchez,Operations,Analyst,2018-11-04,Active
290,EMP-000290,66,Tasha Rogers,Sales,Engineer,2017-12-23,Active
291,EMP-000291,84,Shawn Ponce,Finance,Manager,2018-03-27,Active
292,EMP-000292,28,Jason Jackson,Maintenance,Engineer,2018-09-18,Active
293,EMP-000293,92,Brian Jones,Finance,Specialist,2018-05-06,Active
294,EMP-000294,3,Alex Barr,Sales,Specialist,2018-09-12,Active
295,EMP-000295,24,Mrs. Sherry Pittman,Finance,Coordinator,2018-11-25,Active
296,EMP-000296,96,Susan Williams,Sales,Coordinator,2017-01-05,Inactive
297,EMP-000297,22,Megan Mccoy,IT,Engineer,2017-06-26,Active
298,EMP-000298,27,Michael Henderson,Maintenance,Coordinator,2016-06-14,Active
299,EMP-000299,60,Michael Reilly,Operations,Engineer,2018-09-12,Active
300,EMP-000300,2,Andrew Kirk,Operations,Coordinator,2016-12-23,Active
301,EMP-000301,33,Edwin Mahoney,Human Resources,Engineer,2018-01-26,Active
302,EMP-000302,74,April West,Human Resources,Coordinator,2017-06-13,Active
303,EMP-000303,19,Stephen Hawkins,Maintenance,Analyst,2017-10-01,Active
304,EMP-000304,35,Brian Leon,Human Resources,Operator,2017-12-20,Active
305,EMP-000305,68,Francisco Martin,Supply Chain,Manager,2017-04-01,Active
306,EMP-000306,81,Nathan Branch,Sales,Specialist,2016-12-23,Active
307,EMP-000307,3,Jessica Payne,Finance,Operator,2016-12-10,Active
308,EMP-000308,86,Sarah Burton,Supply Chain,Coordinator,2018-10-17,Active
309,EMP-000309,2,Michelle Trevino,Supply Chain,Manager,2018-09-01,Active
310,EMP-000310,33,Colton Cox,Finance,Operator,2016-09-18,Inactive
311,EMP-000311,93,Lisa Pope,IT,Manager,2018-07-29,Active
312,EMP-000312,21,Ronald Jackson,Finance,Specialist,2016-03-04,Active
313,EMP-000313,78,Frank Foster,Maintenance,Manager,2018-01-01,Active
314,EMP-000314,63,Shelley Heath,IT,Manager,2017-10-20,Active
315,EMP-000315,34,Daniel Long,Supply Chain,Supervisor,2017-01-28,Active
316,EMP-000316,57,Tara Barber,Supply Chain,Operator,2017-11-22,Active
317,EMP-000317,84,Andrew Hawkins,Sales,Operator,2017-07-24,Active
318,EMP-000318,89, Paul Owens ,Finance,Manager,2016-08-04,Active
319,EMP-000319,49,Carolyn Larsen,Supply Chain,Manager,2017-04-29,Active
320,EMP-000320,6,Micheal Hamilton,Finance,Operator,2016-05-27,Active
321,EMP-000321,2,Stephanie Hardy,Finance,Analyst,2017-07-19,Active
322,EMP-000322,57,Ronnie Castillo,Operations,Analyst,2017-05-29,Active
323,EMP-000323,100,Suzanne Shepherd,Maintenance,Engineer,2018-08-06,Active
324,EMP-000324,63,Kevin Johnson,Maintenance,Operator,2018-03-17,Active
325,EMP-000325,18,Andrea Norman,Maintenance,Specialist,2016-06-13,Inactive
326,EMP-000326,64,Christina Howe,Finance,Specialist,2016-09-16,Active
327,EMP-000327,97,Taylor Taylor,Operations,Coordinator,2016-06-14,Active
328,EMP-000328,3,John Johnson,Supply Chain,Analyst,2018-04-04,Active
329,EMP-000329,60,Kelli Fletcher,IT,Manager,2018-03-18,Active
330,EMP-000330,100,Sharon Hart,Finance,Supervisor,2018-12-20,Active
331,EMP-000331,80,Christopher Smith,Sales,Operator,2017-04-21,Active
332,EMP-000332,83,Hannah Mcgrath,Maintenance,Manager,2016-12-06,Active
333,EMP-000333,35,Michael Saunders,IT,Supervisor,2018-07-19,Active
334,EMP-000334,58,Jason Downs,IT,Engineer,2018-01-07,Active
335,EMP-000335,92,Tara Martin,Maintenance,Analyst,2017-03-03,Active
336,EMP-000336,98,Gina Frazier,Human Resources,Operator,2017-09-20,Active
337,EMP-000337,4,Desiree Allen,IT,Analyst,2017-05-30,Active
338,EMP-000338,31,Joshua Lewis,Operations,Operator,2016-08-26,Active
339,EMP-000339,2,Jennifer Leon,Supply Chain,Coordinator,2018-03-15,Active
340,EMP-000340,74,Jessica Rose,Operations,Specialist,2018-12-09,Active
341,EMP-000341,96,Mr. Alexander Yu,Human Resources,Manager,2016-07-28,Active
342,EMP-000342,65,Peter Robinson,Finance,Manager,2017-09-21,Active
343,EMP-000343,3,Andrea Taylor,Maintenance,Engineer,2018-10-21,Active
344,EMP-000344,8,Amanda Alexander,Human Resources,Supervisor,2016-12-21,Active
345,EMP-000345,82,William Delacruz,Maintenance,Coordinator,2017-02-05,Active
346,EMP-000346,28,Jason Travis,Sales,Analyst,2016-07-25,Inactive
347,EMP-000347,25,Elizabeth Jordan,Human Resources,Analyst,2016-04-18,Active
348,EMP-000348,70,Lee Herrera,Operations,Operator,2017-12-06,Active
349,EMP-000349,60,Curtis Bradshaw,Sales,Specialist,2018-07-07,Active
350,EMP-000350,97,Cathy Johnson,Maintenance,Analyst,2017-07-09,Active
351,EMP-000351,34,Eric Gonzalez,Operations,Supervisor,2018-11-25,Inactive
352,EMP-000352,11,Rebecca Atkinson,Sales,Engineer,2016-03-27,Active
353,EMP-000353,74,Daniel Cervantes,Supply Chain,Operator,2016-08-26,Active
354,EMP-000354,75,Amy Nguyen,Human Resources,Manager,2016-02-27,Active
355,EMP-000355,14,Angelica Green,Sales,Specialist,2018-02-14,Active
356,EMP-000356,45,Diane Brown,Operations,Analyst,2017-07-16,Active
357,EMP-000357,82,Krystal Thompson,Sales,Operator,2016-02-29,Active
358,EMP-000358,5,Karen Carter,Operations,Coordinator,2017-12-15,Active
359,EMP-000359,19,Rebecca Santos,Supply Chain,Specialist,2017-01-11,Active
360,EMP-000360,57,Chris Melendez,Finance,Operator,2018-05-19,Active
361,EMP-000361,88,Angel Chambers,Sales,Manager,2016-10-09,Inactive
362,EMP-000362,8,Kim Woodward,Operations,Manager,2016-03-18,Active
363,EMP-000363,7,Tiffany Sanchez,Human Resources,Operator,2016-06-25,Active
364,EMP-000364,67,Barbara Weber MD,Operations,Operator,2017-10-12,Active
365,EMP-000365,90,Mark Wood,Sales,Supervisor,2017-03-14,Active
366,EMP-000366,75,Jacqueline Nguyen,Supply Chain,Supervisor,2018-09-30,Active
367,EMP-000367,66,Andrew Hall,Supply Chain,Manager,2016-11-23,Active
368,EMP-000368,41,Amy Sharp,IT,Engineer,2016-01-27,Active
369,EMP-000369,3,Victoria Webb,Maintenance,Operator,2018-08-02,Active
370,EMP-000370,80,Michelle Hill,Finance,Analyst,2018-10-03,Active
371,EMP-000371,64,Ryan Lopez,Maintenance,Manager,2017-03-31,Active
372,EMP-000372,32,Kelly Rogers,Finance,Operator,2018-11-16,Active
373,EMP-000373,99,Derrick Valdez,Maintenance,Operator,2016-09-22,Active
374,EMP-000374,66,Rebecca Parker,Sales,Operator,2016-09-05,Active
375,EMP-000375,35,Andrea Smith,Sales,Supervisor,2016-08-08,Active
376,EMP-000376,93,Deborah Munoz,Sales,Supervisor,2016-01-09,Active
377,EMP-000377,94,Debbie Smith,Sales,Engineer,2016-12-05,Inactive
378,EMP-000378,15,Joseph Walker,Operations,Engineer,2016-09-18,Active
379,EMP-000379,93,Stacey Tanner,Maintenance,Engineer,2016-02-08,Active
380,EMP-000380,75,Kimberly Wagner,Sales,Analyst,2018-09-03,Inactive
381,EMP-000381,93,Elizabeth Evans,Finance,Coordinator,2017-05-17,Active
382,EMP-000382,61,Michelle Frost,Sales,Coordinator,2018-10-17,Active
383,EMP-000383,80,Joshua Lawrence,Sales,Engineer,2018-07-04,Active
384,EMP-000384,64,Victoria Meza,Maintenance,Operator,2016-07-15,Inactive
385,EMP-000385,84,Christina Lopez,Human Resources,Analyst,2018-08-23,Active
386,EMP-000386,14,Alicia Davis,Human Resources,Operator,2018-03-24,Active
387,EMP-000387,21,Timothy Marsh,IT,Engineer,2018-12-02,Active
388,EMP-000388,43,Dawn Crosby,IT,Operator,2016-10-29,Active
389,EMP-000389,83,Daniel Barrett,Finance,Operator,2017-10-27,Active
390,EMP-000390,95,Bonnie Romero,Finance,Manager,2016-11-24,Active
391,EMP-000391,12,Nancy Floyd,Supply Chain,Coordinator,2018-01-30,Active
392,EMP-000392,21,Isabel Evans,Operations,Engineer,2018-02-04,Inactive
393,EMP-000393,59,Justin Myers,IT,Supervisor,2017-08-13,Active
394,EMP-000394,14,Marc Bartlett,Sales,Engineer,2017-08-15,Active
395,EMP-000395,82,Jessica Knight,Operations,Manager,2017-06-22,Active
396,EMP-000396,94,Robin Sheppard,Human Resources,Engineer,2017-09-16,Active
397,EMP-000397,88,Hector Wong,Sales,Operator,2017-08-24,Active
398,EMP-000398,21,Gary Wilson,Supply Chain,Coordinator,2016-05-10,Active
399,EMP-000399,25,Brandi Maldonado,Maintenance,Engineer,2018-09-25,Active
400,EMP-000400,38,Ashley Gilbert,Maintenance,Analyst,2018-09-17,Active
401,EMP-000401,62,Krystal Clayton,Finance,Coordinator,2017-05-24,Active
402,EMP-000402,98,Michelle Mckinney,Supply Chain,Operator,2017-10-15,Active
403,EMP-000403,4,Anna Santiago,Finance,Specialist,2017-08-11,Active
404,EMP-000404,25,Jacob Smith,Operations,Engineer,2017-01-28,Active
405,EMP-000405,41,Paula Carter,Finance,Engineer,2016-12-15,Active
406,EMP-000406,38,Alexandra Swanson,Sales,Specialist,2017-09-22,Active
407,EMP-000407,8,Matthew Carrillo,Supply Chain,Analyst,2017-11-09,Active
408,EMP-000408,63,Danielle Ward,Supply Chain,Operator,2017-10-11,Inactive
409,EMP-000409,79,Alyssa Murray,Sales,Analyst,2016-10-11,Active
410,EMP-000410,6,Mrs. Danielle Carter MD,Maintenance,Coordinator,2017-12-27,Active
411,EMP-000411,70,Misty Richmond,Supply Chain,Analyst,2018-01-31,Active
412,EMP-000412,75,Mary Davis MD,IT,Specialist,2017-12-12,Active
413,EMP-000413,81,Chad Garza Jr.,Supply Chain,Coordinator,2016-11-26,Active
414,EMP-000414,43,Michael Roberts,IT,Specialist,2018-01-25,Active
415,EMP-000415,86,Tommy Barnes,Maintenance,Supervisor,2017-12-21,Active
416,EMP-000416,85,Lance Becker,Sales,Supervisor,2018-03-23,Active
417,EMP-000417,96,Brianna Mueller,Maintenance,Coordinator,2017-11-29,Active
418,EMP-000418,21,Craig Olson,Supply Chain,Operator,2018-11-30,Active
419,EMP-000419,79,Cody Campbell,Maintenance,Analyst,2018-03-24,Active
420,EMP-000420,42,Austin Smith,Supply Chain,Analyst,2016-07-08,Active
421,EMP-000421,76,Carl Gaines,Finance,Specialist,2017-07-21,Active
422,EMP-000422,79,David Sims,Sales,Coordinator,2016-12-02,Active
423,EMP-000423,56,John Grant,Supply Chain,Manager,2018-07-02,Active
424,EMP-000424,60,Daniel Butler,Finance,Specialist,2017-02-19,Active
425,EMP-000425,47,Amy Frederick,Operations,Analyst,2016-10-27,Active
426,EMP-000426,70,Michael Hart,IT,Operator,2018-08-01,Active
427,EMP-000427,79,Patricia Bryant,Finance,Specialist,2017-02-09,Active
428,EMP-000428,28,Tracy Jones,IT,Analyst,2018-02-03,Active
429,EMP-000429,82,Brandi Black,Sales,Specialist,2017-08-25,Active
430,EMP-000430,49,Alyssa Thomas,Operations,Supervisor,2016-02-08,Active
431,EMP-000431,51,Wesley Thomas,Operations,Analyst,2016-04-28,Active
432,EMP-000432,83,Tyrone Ayala,Sales,Operator,2018-11-26,Active
433,EMP-000433,82,Gail Garner DVM,Finance,Analyst,2017-07-20,Active
434,EMP-000434,80,Amanda Morales,Human Resources,Coordinator,2017-07-13,Active
435,EMP-000435,10,Kimberly Grant,Sales,Manager,2016-03-29,Active
436,EMP-000436,47,Francisco Bailey,Maintenance,Coordinator,2016-05-19,Active
437,EMP-000437,56,Jonathan Thompson,Supply Chain,Operator,2017-03-05,Inactive
438,EMP-000438,16,Amy Baker,Human Resources,Coordinator,2018-10-27,Active
439,EMP-000439,51,Samuel Walls,Operations,Manager,2016-07-16,Active
440,EMP-000440,80,Samuel Anderson,Sales,Manager,2018-03-16,Active
441,EMP-000441,55,Bonnie Ramirez,Supply Chain,Coordinator,2018-03-27,Active
442,EMP-000442,2,James Bender,Sales,Manager,2018-03-12,Active
443,EMP-000443,9,Kristine Stanley,IT,Manager,2018-05-02,Active
444,EMP-000444,41,James Carter,Human Resources,Specialist,2016-02-29,Active
445,EMP-000445,6,Matthew Hernandez,Finance,Manager,2017-05-20,Active
446,EMP-000446,99,Michael Beck,Sales,Coordinator,2016-01-12,Active
447,EMP-000447,19,William Tate,Maintenance,Coordinator,2018-06-05,Active
448,EMP-000448,49,William Barrera,Maintenance,Coordinator,2016-07-27,Active
449,EMP-000449,38,Whitney Peterson,Human Resources,Analyst,2017-10-02,Active
450,EMP-000450,86,Rebecca Walker,Operations,Manager,2017-08-08,Active
451,EMP-000451,87,Samantha Martin,Maintenance,Engineer,2016-03-12,Active
452,EMP-000452,78,Melissa Hale,Operations,Engineer,2016-09-10,Active
453,EMP-000453,99,Ryan Carpenter,Sales,Coordinator,2018-05-21,Active
454,EMP-000454,59,Travis Meadows,Finance,Operator,2017-07-15,Active
455,EMP-000455,30,Nathan Wyatt,Finance,Analyst,2018-01-04,Active
456,EMP-000456,47,Tyler Rodriguez,Operations,Analyst,2016-01-31,Active
457,EMP-000457,62,Kyle Campbell,Human Resources,Specialist,2018-06-28,Inactive
458,EMP-000458,4,Dustin Hernandez,Sales,Specialist,2018-03-10,Active
459,EMP-000459,24,Holly Holder,Operations,Coordinator,2016-01-13,Inactive
460,EMP-000460,9,Christine Everett,Maintenance,Coordinator,2018-06-22,Active
461,EMP-000461,34,Wendy Hurst,Maintenance,Specialist,2016-07-01,Active
462,EMP-000462,65,Kenneth Ramirez,IT,Engineer,2016-05-04,Active
463,EMP-000463,59,Monica Nelson,IT,Engineer,2016-05-19,Active
464,EMP-000464,3,Jeffery Garcia,Sales,Engineer,2016-01-01,Active
465,EMP-000465,13,Todd Graham,Sales,Specialist,2018-02-28,Active
466,EMP-000466,65,Danny Russell,Supply Chain,Engineer,2017-11-16,Active
467,EMP-000467,83,Erika Patterson,Sales,Coordinator,2018-12-25,Active
468,EMP-000468,70,Peter Dixon,Operations,Specialist,2016-07-24,Active
469,EMP-000469,20,Heather Johnson,IT,Manager,2017-05-04,Active
470,EMP-000470,30,Theresa Moses,IT,Manager,2018-10-07,Active
471,EMP-000471,39,Susan Butler,Sales,Engineer,2016-08-25,Active
472,EMP-000472,91,Colleen Erickson,Finance,Operator,2016-02-14,Active
473,EMP-000473,75,Amanda Cobb,IT,Coordinator,2018-05-19,Active
474,EMP-000474,65,Tammy Waters,Supply Chain,Supervisor,2017-06-14,Active
475,EMP-000475,62,Julie Dixon,Human Resources,Analyst,2018-07-04,Active
476,EMP-000476,21,Eric Phillips,Sales,Operator,2018-12-11,Active
477,EMP-000477,84,Eric Smith,Human Resources,Operator,2018-07-26,Active
478,EMP-000478,57,Victoria Lambert,Finance,Manager,2017-07-24,Inactive
479,EMP-000479,67,Tanya Brown,Maintenance,Engineer,2017-04-13,Active
480,EMP-000480,63,Alexandra Smith,Human Resources,Analyst,2016-08-16,Inactive
481,EMP-000481,21,Mrs. Alexandra Long,Sales,Manager,2016-05-08,Active
482,EMP-000482,62,Rachel Roberts,Sales,Operator,2018-11-22,Active
483,EMP-000483,83,Judith Vega,Maintenance,Specialist,2016-02-01,Active
484,EMP-000484,11,Mandy Lawrence,Finance,Manager,2016-07-04,Active
485,EMP-000485,34,Stephanie Marsh,Sales,Coordinator,2017-05-02,Active
486,EMP-000486,48,Taylor Russo,Maintenance,Operator,2016-12-09,Active
487,EMP-000487,89,Kim Bradley,Sales,Manager,2016-03-02,Active
488,EMP-000488,50,Matthew White,Operations,Supervisor,2017-12-22,Active
489,EMP-000489,23,Mrs. Pamela Reed,Operations,Coordinator,2018-11-15,Active
490,EMP-000490,50,Barry Kemp,Maintenance,Manager,2016-09-21,Active
491,EMP-000491,70,Heather Sanchez,IT,Manager,2018-12-30,Active
492,EMP-000492,87,Jennifer Snyder,Maintenance,Analyst,2017-01-21,Active
493,EMP-000493,56,Zachary Bowman,Supply Chain,Manager,2016-04-07,Active
494,EMP-000494,66,Patricia Lee,Operations,Analyst,2018-03-23,Active
495,EMP-000495,80,Joel Armstrong,Human Resources,Coordinator,2017-04-24,Active
496,EMP-000496,83,Janet Allison,IT,Coordinator,2017-07-26,Active
497,EMP-000497,88,Hannah Franklin,Operations,Specialist,2016-10-29,Active
498,EMP-000498,61,Tina Franklin,Maintenance,Manager,2016-12-30,Inactive
499,EMP-000499,74,Jesse Watkins,Human Resources,Manager,2016-08-24,Active
500,EMP-000500,58,Andrea Fuller,Supply Chain,Analyst,2017-05-17,Active
501,EMP-000501,80,Sarah Reid,Maintenance,Supervisor,2017-07-09,Active
502,EMP-000502,78,Mindy Morales,Human Resources,Specialist,2018-09-20,Active
503,EMP-000503,91,Karen Herring,Finance,Manager,2018-05-17,Active
504,EMP-000504,88,Sheri Hall,IT,Analyst,2018-05-08,Active
505,EMP-000505,95,William Warren,Operations,Manager,2018-07-08,Active
506,EMP-000506,75,Rita Wilkins,Operations,Engineer,2018-08-03,Active
507,EMP-000507,85,Erik Alexander,IT,Specialist,2017-10-10,Active
508,EMP-000508,16,Susan Perez,IT,Manager,2016-06-20,Inactive
509,EMP-000509,87,Grace Allen,Supply Chain,Specialist,2017-05-14,Active
510,EMP-000510,14,John Duffy,Supply Chain,Specialist,2016-06-23,Active
511,EMP-000511,68,Gary Murray,Finance,Manager,2016-04-19,Active
512,EMP-000512,97,Brandon Burns,Supply Chain,Specialist,2017-04-28,Active
513,EMP-000513,99,Hunter Rogers,Supply Chain,Specialist,2017-01-07,Active
514,EMP-000514,71,Rachel Smith,Sales,Coordinator,2018-02-13,Active
515,EMP-000515,92,Eric Elliott,Finance,Operator,2018-07-02,Active
516,EMP-000516,52,Adam Andrews,Human Resources,Operator,2016-03-01,Active
517,EMP-000517,73,Crystal Mcgee,Human Resources,Manager,2018-11-13,Active
518,EMP-000518,86,Christina Myers,Human Resources,Engineer,2018-04-23,Active
519,EMP-000519,3,Matthew Anderson,Operations,Specialist,2017-07-12,Active
520,EMP-000520,15,Virginia Lowe,Maintenance,Supervisor,2017-03-14,Active
521,EMP-000521,9,Kendra Bryant,Supply Chain,Manager,2018-11-27,Active
522,EMP-000522,57,Jamie Johnson,Operations,Specialist,2018-02-22,Active
523,EMP-000523,23,Michelle Jordan,Sales,Supervisor,2018-04-29,Active
524,EMP-000524,21,Kim Barrett,Finance,Analyst,2016-01-18,Active
525,EMP-000525,94,Nathan Ortiz,Sales,Coordinator,2016-09-11,Inactive
526,EMP-000526,53,Rodney Bell,IT,Manager,2016-08-01,Active
527,EMP-000527,95,Mr. Richard Marsh DDS,Maintenance,Analyst,2017-09-04,Active
528,EMP-000528,95,Jeffrey Jackson,Operations,Operator,2016-01-05,Active
529,EMP-000529,81,Julie Black,IT,Coordinator,2018-12-30,Active
530,EMP-000530,77,Misty Fernandez,Finance,Operator,2018-09-07,Active
531,EMP-000531,23,Carol Sanders,Operations,Manager,2018-09-11,Active
532,EMP-000532,85,Vincent Miller,Supply Chain,Specialist,2018-03-31,Active
533,EMP-000533,65,Kelsey Nguyen,Human Resources,Coordinator,2017-08-19,Active
534,EMP-000534,82,Philip Martin,Human Resources,Specialist,2017-03-02,Active
535,EMP-000535,34,Jason Gonzalez,IT,Analyst,2016-07-17,Inactive
536,EMP-000536,23,Jeremy Fox,Sales,Engineer,2018-01-27,Active
537,EMP-000537,64,Brian Moore,IT,Supervisor,2017-04-13,Active
538,EMP-000538,31,Michael Briggs,Operations,Engineer,2016-12-27,Active
539,EMP-000539,19,Amber Brown,IT,Specialist,2016-04-09,Active
540,EMP-000540,21,Caroline Elliott,IT,Manager,2018-04-16,Inactive
541,EMP-000541,43,Lori Young,Sales,Analyst,2018-04-25,Active
542,EMP-000542,94,April Schneider,Sales,Specialist,2017-10-20,Active
543,EMP-000543,2,Katie Rogers,Human Resources,Operator,2016-08-09,Active
544,EMP-000544,59,Tammy Juarez,IT,Coordinator,2017-01-08,Active
545,EMP-000545,21,Melissa Jennings,Maintenance,Specialist,2017-05-18,Active
546,EMP-000546,59,Donna Shaffer,Finance,Analyst,2017-05-22,Active
547,EMP-000547,20,David Jackson,Maintenance,Engineer,2018-11-10,Active
548,EMP-000548,26,Connie Gomez,Sales,Manager,2017-11-30,Active
549,EMP-000549,94,Rachel Ruiz,Maintenance,Supervisor,2017-05-03,Inactive
550,EMP-000550,13,Amber Parker,Supply Chain,Coordinator,2017-05-19,Active
551,EMP-000551,54,Sarah Harris,Sales,Supervisor,2018-08-21,Active
552,EMP-000552,53,Andrea Wells,Sales,Manager,2016-01-30,Active
553,EMP-000553,15,Alexis Haley,Finance,Operator,2018-05-25,Active
554,EMP-000554,85,Travis Rojas,Finance,Operator,2016-04-21,Active
555,EMP-000555,30,Jordan Castro,Sales,Manager,2018-12-26,Active
556,EMP-000556,28,Shaun Boyd,Sales,Operator,2017-11-12,Active
557,EMP-000557,33,Derrick Spencer,Maintenance,Engineer,2016-07-16,Active
558,EMP-000558,57,Gregory Jackson,Operations,Coordinator,2018-05-26,Active
559,EMP-000559,51,Joann Hill,Finance,Specialist,2017-06-04,Active
560,EMP-000560,17,Michael Mclaughlin,Operations,Coordinator,2016-09-27,Active
561,EMP-000561,42,Theresa Kane,IT,Specialist,2017-06-14,Active
562,EMP-000562,31,Corey Cisneros,Finance,Coordinator,2016-01-17,Active
563,EMP-000563,30,Tammy Rowe,Human Resources,Coordinator,2017-01-07,Active
564,EMP-000564,76,Misty Davis,Human Resources,Manager,2017-01-04,Active
565,EMP-000565,12,Thomas Bishop,Operations,Specialist,2018-01-11,Active
566,EMP-000566,43,Charles Moreno,Maintenance,Coordinator,2017-03-09,Active
567,EMP-000567,2,Steven Kelly,Maintenance,Coordinator,2016-03-01,Active
568,EMP-000568,39,Richard Mccall,Supply Chain,Analyst,2017-04-15,Active
569,EMP-000569,76,Ashley Abbott,Finance,Specialist,2016-06-27,Active
570,EMP-000570,18,Kathleen Johnson,Supply Chain,Specialist,2017-03-29,Inactive
571,EMP-000571,20,Jeremiah Poole,Sales,Engineer,2016-12-09,Inactive
572,EMP-000572,59,Alan Wright,IT,Supervisor,2017-10-31,Active
573,EMP-000573,36,Chad Miller,Operations,Analyst,2017-07-07,Active
574,EMP-000574,98,Elizabeth Pace,Sales,Supervisor,2017-06-19,Active
575,EMP-000575,45,Morgan Oliver,Human Resources,Coordinator,2017-05-06,Active
576,EMP-000576,22,David Hunt PhD,IT,Operator,2016-12-02,Active
577,EMP-000577,39,Brandon Lee,IT,Manager,2016-02-25,Active
578,EMP-000578,30,Joel Harris,IT,Operator,2016-10-12,Active
579,EMP-000579,81,Kevin Adams,IT,Operator,2017-09-17,Active
580,EMP-000580,72,Victoria Weaver,Sales,Engineer,2017-03-25,Active
581,EMP-000581,1,Pamela Lopez,IT,Analyst,2016-11-26,Inactive
582,EMP-000582,92,Michael Diaz,IT,Coordinator,2018-04-20,Active
583,EMP-000583,86,Alexander Tucker,Supply Chain,Coordinator,2018-05-16,Active
584,EMP-000584,48,Mark Bishop,Human Resources,Supervisor,2016-02-23,Active
585,EMP-000585,50,Maria Berry,Human Resources,Specialist,2017-05-21,Active
586,EMP-000586,72,Ryan Moses,IT,Specialist,2018-06-03,Active
587,EMP-000587,72,Lisa Thompson,Operations,Coordinator,2017-09-17,Active
588,EMP-000588,12,Charles Winters,IT,Specialist,2018-06-03,Active
589,EMP-000589,28,Rachel Jones,Finance,Operator,2018-06-20,Active
590,EMP-000590,44,Megan Spears,Maintenance,Specialist,2016-01-13,Active
591,EMP-000591,8,Regina Drake,Operations,Supervisor,2016-04-29,Inactive
592,EMP-000592,6,Joy Erickson,Maintenance,Coordinator,2017-10-01,Active
593,EMP-000593,27,Jennifer Barker,Maintenance,Analyst,2018-02-22,Active
594,EMP-000594,50,John Pratt,IT,Analyst,2018-04-19,Active
595,EMP-000595,6,Tony Dunlap,Operations,Operator,2018-11-09,Active
596,EMP-000596,54,Matthew Ramirez,Finance,Coordinator,2016-12-14,Active
597,EMP-000597,94,David Weaver,Maintenance,Engineer,2016-05-20,Active
598,EMP-000598,30,Michael Oliver,Maintenance,Specialist,2018-07-22,Active
599,EMP-000599,52,Colleen Jacobs,Human Resources,Supervisor,2017-06-05,Active
600,EMP-000600,48,Angela Chen,Operations,Operator,2016-05-28,Active
601,EMP-000601,23,Stephanie Hansen,Supply Chain,Analyst,2018-11-17,Active
602,EMP-000602,35,Angela Adkins,Operations,Operator,2016-12-21,Active
603,EMP-000603,10,Roberta Ortiz,IT,Supervisor,2017-08-27,Active
604,EMP-000604,90,Steven Mclaughlin,Supply Chain,Engineer,2016-06-24,Active
605,EMP-000605,27,Ethan Jones,Sales,Analyst,2018-10-09,Active
606,EMP-000606,88,Linda Carney,Maintenance,Coordinator,2018-04-27,Inactive
607,EMP-000607,66,Melissa Carson,Human Resources,Operator,2017-07-11,Active
608,EMP-000608,39,William Herman,Supply Chain,Engineer,2016-11-22,Active
609,EMP-000609,80,Lori Taylor DDS,Sales,Specialist,2016-10-26,Inactive
610,EMP-000610,6,Cynthia Jones,Maintenance,Supervisor,2017-01-07,Active
611,EMP-000611,19,Tasha Thomas,IT,Engineer,2016-09-11,Active
612,EMP-000612,22,Denise Lawson,IT,Specialist,2018-05-29,Active
613,EMP-000613,76,Raymond Jimenez,Finance,Analyst,2017-04-28,Active
614,EMP-000614,25,Mackenzie Pacheco,Supply Chain,Analyst,2016-12-31,Active
615,EMP-000615,50,Edward Barnes,Operations,Operator,2018-07-28,Active
616,EMP-000616,76,Thomas Miller,Supply Chain,Specialist,2017-02-22,Active
617,EMP-000617,60,Michael Stevens,Maintenance,Operator,2016-05-05,Active
618,EMP-000618,95,Rachael Castro,IT,Coordinator,2017-01-03,Active
619,EMP-000619,62,Cindy Moss,Finance,Specialist,2018-06-20,Active
620,EMP-000620,93,Glenn Carter,Human Resources,Analyst,2016-09-26,Active
621,EMP-000621,18,Shelly Blair,Supply Chain,Manager,2016-11-23,Active
622,EMP-000622,83,William Thompson,Operations,Specialist,2016-01-31,Active
623,EMP-000623,31,Lindsey Lopez,Finance,Specialist,2016-12-23,Active
624,EMP-000624,65,Christopher Wells,Sales,Operator,2017-01-04,Active
625,EMP-000625,18,Thomas Davis,Sales,Supervisor,2016-01-23,Active
626,EMP-000626,29,Brittany Johnson,Operations,Analyst,2017-04-09,Active
627,EMP-000627,84,Jack Mejia,Sales,Manager,2017-05-01,Active
628,EMP-000628,87,Andrea Wilson,Sales,Analyst,2017-08-04,Active
629,EMP-000629,69,Melissa Fox,Human Resources,Operator,2017-03-04,Active
630,EMP-000630,84,Erica Wright,Supply Chain,Analyst,2016-01-26,Active
631,EMP-000631,74,Jesse Johnson,Supply Chain,Coordinator,2017-12-18,Active
632,EMP-000632,41,Christopher Medina,Maintenance,Manager,2017-01-25,Active
633,EMP-000633,41,Pamela Cordova,Finance,Specialist,2018-10-17,Active
634,EMP-000634,41,Mallory Johnson,Human Resources,Operator,2016-01-25,Active
635,EMP-000635,64,Todd Gray,Finance,Specialist,2017-07-15,Active
636,EMP-000636,27,Daisy Nguyen,IT,Analyst,2018-07-31,Active
637,EMP-000637,82,Michael Warren,Finance,Coordinator,2016-10-01,Active
638,EMP-000638,81,Kylie Sosa,Finance,Supervisor,2018-08-06,Active
639,EMP-000639,7,Bryan White,Supply Chain,Supervisor,2016-01-21,Active
640,EMP-000640,42,Fred Johnson,Supply Chain,Supervisor,2016-03-18,Active
641,EMP-000641,37,Craig Bowers,Finance,Operator,2017-12-05,Active
642,EMP-000642,77,Anna Lawson,IT,Engineer,2016-07-28,Active
643,EMP-000643,23,Andrea Johnson,Operations,Analyst,2018-06-03,Active
644,EMP-000644,42,Stephanie Christian,Human Resources,Supervisor,2016-11-11,Active
645,EMP-000645,5,Jose Gilbert,IT,Supervisor,2017-11-23,Active
646,EMP-000646,38,Donna Murphy,Sales,Analyst,2018-04-30,Active
647,EMP-000647,84,Melissa Dominguez,IT,Operator,2017-10-06,Active
648,EMP-000648,22,Angel Mills,Maintenance,Analyst,2018-03-30,Active
649,EMP-000649,30,Tonya Wilson,Maintenance,Operator,2017-09-26,Active
650,EMP-000650,49,Allen Turner,Operations,Engineer,2018-03-29,Active
651,EMP-000651,19,Cynthia Torres,IT,Coordinator,2016-11-15,Active
652,EMP-000652,70,Jacob Gonzalez,Sales,Manager,2016-01-03,Active
653,EMP-000653,68,Linda Roberts,Finance,Manager,2018-03-18,Active
654,EMP-000654,78,Donna Hudson,Human Resources,Analyst,2016-11-14,Active
655,EMP-000655,3,Jeff Hill,IT,Analyst,2017-08-31,Active
656,EMP-000656,26,Abigail Thomas,Finance,Specialist,2018-11-14,Active
657,EMP-000657,44,Angela Henderson,Maintenance,Engineer,2017-08-20,Active
658,EMP-000658,59,Charles Kaufman,Operations,Analyst,2017-04-18,Active
659,EMP-000659,22,Brian Walsh,Supply Chain,Specialist,2018-11-27,Active
660,EMP-000660,48,Daniel Martinez,Operations,Analyst,2016-03-29,Active
661,EMP-000661,64,Mark Herrera,Human Resources,Analyst,2018-12-05,Active
662,EMP-000662,57,Christopher Suarez,Finance,Operator,2017-02-07,Active
663,EMP-000663,99,Sheila Wise,Maintenance,Supervisor,2016-12-02,Active
664,EMP-000664,7,Anthony Smith,Human Resources,Specialist,2018-11-12,Inactive
665,EMP-000665,96,Karen Wright,Human Resources,Operator,2018-10-14,Active
666,EMP-000666,73,Sharon Bell,Finance,Engineer,2018-06-03,Active
667,EMP-000667,71,Michael Flynn,Sales,Analyst,2018-06-25,Active
668,EMP-000668,10,Isabel Wilcox,Operations,Coordinator,2017-03-05,Active
669,EMP-000669,22,John Taylor,Maintenance,Engineer,2017-08-27,Active
670,EMP-000670,82,Lindsey Williams,Human Resources,Operator,2018-06-11,Active
671,EMP-000671,75,Jonathan Mccullough,Finance,Engineer,2016-12-27,Active
672,EMP-000672,12,Amber Clayton,Maintenance,Specialist,2017-01-26,Active
673,EMP-000673,75,Natalie Webb,Operations,Supervisor,2016-04-05,Active
674,EMP-000674,28,Andrea Phillips,Sales,Manager,2016-06-16,Active
675,EMP-000675,97,Mr. Jason Smith PhD,Operations,Operator,2017-02-11,Active
676,EMP-000676,74,Tanya Holt,Sales,Manager,2017-06-12,Active
677,EMP-000677,59,Mary Joyce,IT,Coordinator,2016-09-25,Active
678,EMP-000678,73,Scott Graham,Finance,Manager,2016-11-24,Active
679,EMP-000679,55,Robert Shaw,Operations,Operator,2017-05-14,Active
680,EMP-000680,99,David Hurley,Finance,Supervisor,2016-06-05,Active
681,EMP-000681,75,Patricia May,Sales,Analyst,2017-11-28,Inactive
682,EMP-000682,58,Mr. Brian Freeman,Human Resources,Analyst,2017-03-31,Active
683,EMP-000683,76,Michael Holland,Finance,Coordinator,2017-12-27,Active
684,EMP-000684,4,Mackenzie Mathews,Supply Chain,Operator,2018-09-15,Active
685,EMP-000685,63,Shannon Hill,Finance,Supervisor,2016-11-17,Active
686,EMP-000686,82,Kristina Washington,Operations,Specialist,2018-07-16,Active
687,EMP-000687,13,Trevor Reyes,Human Resources,Supervisor,2016-10-12,Active
688,EMP-000688,51,Tyler Ramirez,Maintenance,Operator,2017-10-27,Active
689,EMP-000689,23,Pamela Smith,Human Resources,Analyst,2017-10-12,Active
690,EMP-000690,81,Ashley Clark,Finance,Coordinator,2016-06-22,Active
691,EMP-000691,54,Melissa Khan,IT,Operator,2017-07-16,Active
692,EMP-000692,83,Daniel Stokes,Human Resources,Engineer,2017-10-26,Active
693,EMP-000693,36,Larry Long,Supply Chain,Specialist,2016-09-04,Active
694,EMP-000694,87,Tina Kaufman,Maintenance,Manager,2017-10-06,Active
695,EMP-000695,51,Olivia Cameron,IT,Supervisor,2016-02-25,Active
696,EMP-000696,94,Kent Rich,Maintenance,Specialist,2018-01-03,Active
697,EMP-000697,99,Michael Fischer,Supply Chain,Coordinator,2018-06-10,Active
698,EMP-000698,69,Candice Lutz,Maintenance,Operator,2018-06-16,Active
699,EMP-000699,27,Tracy Mitchell,IT,Supervisor,2017-11-22,Inactive
700,EMP-000700,8,Ivan Thompson,Maintenance,Coordinator,2018-09-03,Active
701,EMP-000701,83,Laura Castro,Supply Chain,Operator,2017-11-01,Active
702,EMP-000702,57,Adam Scott,Sales,Engineer,2016-07-09,Active
703,EMP-000703,79,Jessica Copeland,Finance,Specialist,2018-01-04,Active
704,EMP-000704,10,Donna Smith,Finance,Supervisor,2018-01-13,Active
705,EMP-000705,55,Emily Anderson,Supply Chain,Specialist,2016-02-26,Active
706,EMP-000706,86,Michael Li,Human Resources,Coordinator,2018-01-23,Active
707,EMP-000707,99,Mary Smith,Maintenance,Operator,2016-08-27,Active
708,EMP-000708,53,Monica Holden,Human Resources,Coordinator,2017-11-05,Active
709,EMP-000709,32,Joshua Hansen,Maintenance,Specialist,2017-03-04,Inactive
710,EMP-000710,82,Gabriella Allen,Finance,Engineer,2018-11-24,Active
711,EMP-000711,25,Linda Guerrero,Human Resources,Engineer,2018-10-20,Active
712,EMP-000712,16,Andrew Martinez,IT,Analyst,2016-11-15,Active
713,EMP-000713,82,Veronica Sanchez,Maintenance,Manager,2018-12-20,Active
714,EMP-000714,45,John Stewart,Maintenance,Specialist,2016-10-12,Active
715,EMP-000715,22,Andrew Obrien,Finance,Engineer,2016-11-02,Active
716,EMP-000716,32,Richard Armstrong,Sales,Engineer,2016-10-14,Active
717,EMP-000717,67,Ryan Garcia,Supply Chain,Operator,2018-12-23,Active
718,EMP-000718,28,Barbara Jones,Human Resources,Supervisor,2017-04-30,Active
719,EMP-000719,53,James Reyes,Operations,Supervisor,2018-06-14,Inactive
720,EMP-000720,19,Christopher Hutchinson,IT,Analyst,2016-08-06,Inactive
721,EMP-000721,36,Luis Sutton,IT,Manager,2018-01-04,Inactive
722,EMP-000722,70,Daniel Kim,Maintenance,Coordinator,2016-01-14,Active
723,EMP-000723,10,Crystal Armstrong,IT,Supervisor,2017-12-04,Active
724,EMP-000724,8,Sara Lawrence,Maintenance,Analyst,2017-02-27,Active
725,EMP-000725,16,Carol Cuevas,Sales,Specialist,2017-08-08,Active
726,EMP-000726,55,Ryan Thomas,Operations,Coordinator,2018-06-29,Active
727,EMP-000727,84,John Harris,Operations,Coordinator,2016-09-03,Active
728,EMP-000728,94,Kaitlyn Rose,Human Resources,Engineer,2018-12-06,Active
729,EMP-000729,1,John Gray,Supply Chain,Supervisor,2016-06-25,Inactive
730,EMP-000730,43,Billy Carrillo,Sales,Manager,2016-11-14,Active
731,EMP-000731,56,Steven Donovan,Finance,Manager,2017-02-03,Active
732,EMP-000732,56,Victor Ruiz,Human Resources,Analyst,2016-04-24,Active
733,EMP-000733,18,Dawn Reynolds,Operations,Engineer,2016-08-09,Active
734,EMP-000734,47,Cody Garcia,Operations,Engineer,2016-06-17,Active
735,EMP-000735,80,Nicole Evans DVM,Finance,Operator,2017-03-14,Active
736,EMP-000736,44,Victor Hernandez,Finance,Engineer,2018-01-28,Inactive
737,EMP-000737,81,Joseph Haney,Finance,Analyst,2017-02-08,Active
738,EMP-000738,55,Belinda Crane,Operations,Engineer,2017-11-17,Active
739,EMP-000739,51,Julie Fitzpatrick,Supply Chain,Engineer,2017-09-23,Active
740,EMP-000740,16,Jackson Lynn,IT,Coordinator,2016-11-24,Active
741,EMP-000741,30,Elizabeth Boyer,Operations,Manager,2016-10-08,Active
742,EMP-000742,36,Brian Murray,Operations,Specialist,2018-11-14,Active
743,EMP-000743,12,Crystal Donaldson,Supply Chain,Specialist,2018-07-24,Active
744,EMP-000744,29,Zachary Smith,Supply Chain,Manager,2016-06-29,Active
745,EMP-000745,15,Johnathan Archer,Human Resources,Engineer,2017-06-10,Active
746,EMP-000746,8,Brittany Mueller,Finance,Analyst,2017-04-09,Active
747,EMP-000747,47,Susan Juarez,Operations,Engineer,2017-12-11,Active
748,EMP-000748,75,Jerry Tran,Supply Chain,Manager,2017-06-03,Active
749,EMP-000749,21,David Davis,Operations,Specialist,2017-09-26,Active
750,EMP-000750,56,Rebecca Foster,Supply Chain,Specialist,2017-08-12,Active
751,EMP-000751,8,Dennis Kelly,Operations,Coordinator,2018-06-22,Active
752,EMP-000752,27,Lisa Collins,Maintenance,Specialist,2016-11-19,Active
753,EMP-000753,72,Joshua Dunn,Human Resources,Operator,2016-10-10,Active
754,EMP-000754,23,Heather Brown,Supply Chain,Specialist,2017-12-18,Inactive
755,EMP-000755,48,David Martinez,Operations,Operator,2018-05-02,Inactive
756,EMP-000756,16,Elijah Anderson,Operations,Coordinator,2018-11-17,Active
757,EMP-000757,8,Brittany Johnson,Sales,Manager,2018-09-04,Active
758,EMP-000758,20,Alexander Huerta,Human Resources,Operator,2016-01-04,Active
759,EMP-000759,23,Franklin Howell,IT,Supervisor,2018-03-07,Inactive
760,EMP-000760,8,Alfred Taylor,Finance,Analyst,2016-01-16,Active
761,EMP-000761,11,Brandon Leonard,Supply Chain,Supervisor,2016-11-27,Active
762,EMP-000762,6,David Gregory,Sales,Analyst,2018-07-01,Active
763,EMP-000763,81,Lauren Barry,Finance,Specialist,2017-10-16,Active
764,EMP-000764,20,Brandon Booker,Human Resources,Manager,2017-07-15,Active
765,EMP-000765,71,Katrina Davis,Operations,Manager,2016-07-02,Active
766,EMP-000766,32,Peggy Garcia,IT,Engineer,2016-08-03,Active
767,EMP-000767,48,Christopher Huang,Finance,Analyst,2016-09-01,Active
768,EMP-000768,41,Samantha Butler,Finance,Engineer,2018-06-24,Active
769,EMP-000769,66,John Mills,Operations,Engineer,2016-03-03,Active
770,EMP-000770,53,Katherine Lawrence,Sales,Coordinator,2016-04-02,Active
771,EMP-000771,76,Craig Velasquez,Sales,Supervisor,2018-03-28,Active
772,EMP-000772,56,Donna Franco,Finance,Analyst,2016-05-30,Active
773,EMP-000773,58,Brian Carey,Supply Chain,Manager,2017-06-20,Active
774,EMP-000774,90,Jonathon Jones,IT,Engineer,2018-07-23,Active
775,EMP-000775,13,Felicia Christian,Maintenance,Specialist,2016-05-08,Active
776,EMP-000776,62,Vernon Alvarado,Human Resources,Operator,2016-04-20,Inactive
777,EMP-000777,25,Valerie Johnson,Operations,Manager,2016-01-04,Active
778,EMP-000778,69,Morgan Werner,Human Resources,Coordinator,2018-09-27,Active
779,EMP-000779,24,Jared Walker,IT,Engineer,2018-05-22,Active
780,EMP-000780,41,Mary Henderson,Human Resources,Coordinator,2016-11-06,Active
781,EMP-000781,24,Brian Clarke,Operations,Specialist,2017-03-11,Active
782,EMP-000782,55,Angela Escobar,IT,Specialist,2018-06-11,Active
783,EMP-000783,14,Melinda Steele,Maintenance,Supervisor,2018-08-04,Active
784,EMP-000784,27,Victoria Mills,Operations,Engineer,2016-09-29,Active
785,EMP-000785,59, Lisa Cruz ,IT,Operator,2016-08-09,Active
786,EMP-000786,81,Eric Serrano,Supply Chain,Manager,2018-02-01,Inactive
787,EMP-000787,17,Michael Garcia,Supply Chain,Engineer,2018-11-05,Active
788,EMP-000788,93,Cody Owens,Finance,Supervisor,2016-01-17,Active
789,EMP-000789,47,Cody Williams,Operations,Analyst,2016-08-29,Active
790,EMP-000790,97,James Clark,Human Resources,Specialist,2016-11-09,Active
791,EMP-000791,75,Mary Roberts,Maintenance,Analyst,2018-05-01,Active
792,EMP-000792,93,Jenna Ramirez,Supply Chain,Manager,2016-12-02,Active
793,EMP-000793,70,Alicia Jimenez,Sales,Manager,2016-05-25,Active
794,EMP-000794,84,Dr. Dawn Lynch,Human Resources,Engineer,2016-05-19,Active
795,EMP-000795,72,Briana Martinez,Operations,Manager,2018-06-15,Active
796,EMP-000796,87,David Mccarty,Sales,Specialist,2017-10-27,Active
797,EMP-000797,11,Philip Lee,IT,Manager,2018-08-18,Active
798,EMP-000798,80,Benjamin Pena,Maintenance,Analyst,2017-10-06,Active
799,EMP-000799,61,Tammy Daugherty,IT,Analyst,2016-10-14,Active
800,EMP-000800,60,Michael Rojas,Maintenance,Manager,2016-11-12,Active
801,EMP-000801,26,Cristina Simpson,Supply Chain,Manager,2017-10-06,Active
802,EMP-000802,4,Jennifer Lynch,Maintenance,Supervisor,2018-06-10,Active
803,EMP-000803,23,Dwayne Walsh,Human Resources,Engineer,2016-05-03,Active
804,EMP-000804,24,Shawn Lopez,Sales,Specialist,2016-10-14,Active
805,EMP-000805,36,Jacob Cervantes,Operations,Coordinator,2017-05-22,Active
806,EMP-000806,68,Jeffrey Garrison,Maintenance,Manager,2017-08-11,Active
807,EMP-000807,85,Shannon Rivera,Operations,Supervisor,2017-12-13,Inactive
808,EMP-000808,44,Amanda Scott,Maintenance,Manager,2018-11-13,Active
809,EMP-000809,17,Maria Mcfarland,Supply Chain,Analyst,2016-07-17,Active
810,EMP-000810,70,Matthew Lopez,Supply Chain,Supervisor,2017-02-16,Active
811,EMP-000811,42,Kristi Gomez,Human Resources,Analyst,2016-12-10,Active
812,EMP-000812,96,Anthony Caldwell,Supply Chain,Engineer,2016-11-26,Active
813,EMP-000813,40,Angelica Higgins,Finance,Coordinator,2017-02-27,Inactive
814,EMP-000814,93,Kenneth Mack,Maintenance,Manager,2016-11-26,Active
815,EMP-000815,50,Ruth Bailey,Human Resources,Analyst,2017-09-28,Active
816,EMP-000816,22,John Atkinson,Finance,Supervisor,2018-09-26,Active
817,EMP-000817,25,Mr. Roberto Clements,Supply Chain,Manager,2018-06-12,Inactive
818,EMP-000818,54,Ruben Perkins,Operations,Specialist,2018-07-03,Active
819,EMP-000819,24,Troy Mitchell,IT,Operator,2016-10-02,Active
820,EMP-000820,55,Sean Silva,Maintenance,Analyst,2016-03-22,Active
821,EMP-000821,84,Brian Campbell,Supply Chain,Engineer,2017-06-28,Active
822,EMP-000822,13,Peter Garrison,Operations,Manager,2016-05-14,Active
823,EMP-000823,31,Jennifer Ayers,IT,Operator,2016-02-08,Active
824,EMP-000824,55,Eric Richard,IT,Manager,2016-06-12,Active
825,EMP-000825,85,Brandon Jimenez,Human Resources,Coordinator,2017-06-14,Active
826,EMP-000826,75,Ashley Blake,Sales,Analyst,2017-12-22,Active
827,EMP-000827,45,Taylor Griffin,Operations,Coordinator,2018-08-18,Active
828,EMP-000828,57,Carrie Johnson,Finance,Engineer,2018-02-27,Active
829,EMP-000829,14,Danielle Buchanan,Human Resources,Supervisor,2018-10-18,Active
830,EMP-000830,63,Dawn Palmer,Human Resources,Operator,2017-08-01,Active
831,EMP-000831,89,Kelsey Gomez,Human Resources,Engineer,2018-03-09,Active
832,EMP-000832,63,Mr. Jesse Lopez,Maintenance,Manager,2018-10-10,Active
833,EMP-000833,100,Andrea Smith,Sales,Engineer,2016-06-25,Active
834,EMP-000834,20,Andrea Shaffer,Finance,Coordinator,2017-06-11,Active
835,EMP-000835,43,Christopher Mcdonald,Finance,Analyst,2016-02-15,Active
836,EMP-000836,100,Grant Holt,Maintenance,Specialist,2017-12-03,Active
837,EMP-000837,41,Samantha Merritt,Sales,Manager,2016-07-12,Active
838,EMP-000838,91,Lisa Floyd,Human Resources,Analyst,2017-03-17,Active
839,EMP-000839,22,Timothy Ramos,Sales,Analyst,2017-01-20,Active
840,EMP-000840,94,Chelsea Dalton,Operations,Coordinator,2018-06-20,Active
841,EMP-000841,3,Dawn Torres,Maintenance,Manager,2016-03-17,Active
842,EMP-000842,46,Erik Perez,Finance,Engineer,2018-07-19,Active
843,EMP-000843,15,Victoria Roach,Maintenance,Engineer,2018-12-17,Inactive
844,EMP-000844,43,Christina Garrett,Supply Chain,Manager,2016-10-10,Active
845,EMP-000845,77,David Lowery,Operations,Operator,2016-06-24,Inactive
846,EMP-000846,30,James Simmons,Finance,Analyst,2017-04-07,Active
847,EMP-000847,27,Dylan Fields,IT,Operator,2017-06-08,Active
848,EMP-000848,11,Crystal Perez,Maintenance,Engineer,2016-01-13,Active
849,EMP-000849,95,Jason Heath,Supply Chain,Coordinator,2016-10-08,Active
850,EMP-000850,94,Jennifer Smith,Operations,Engineer,2018-12-29,Active
851,EMP-000851,14,William Callahan,Human Resources,Analyst,2018-10-11,Active
852,EMP-000852,6,Anthony Dawson,Operations,Analyst,2018-09-23,Active
853,EMP-000853,72,Scott Gonzalez,Operations,Supervisor,2018-12-20,Active
854,EMP-000854,34,Sarah Alexander,IT,Operator,2018-12-23,Active
855,EMP-000855,57,Heather Garcia,Operations,Operator,2018-10-20,Active
856,EMP-000856,2,Daisy Villanueva,Maintenance,Specialist,2017-09-17,Active
857,EMP-000857,32,Laura Kim,Maintenance,Supervisor,2016-05-06,Active
858,EMP-000858,51,Michelle Coleman,Maintenance,Analyst,2017-10-18,Active
859,EMP-000859,13,Allison Bowman,Maintenance,Specialist,2017-06-27,Active
860,EMP-000860,92,William Graham,Sales,Manager,2016-02-07,Active
861,EMP-000861,54,Mrs. Amanda Martinez,Operations,Coordinator,2017-04-25,Active
862,EMP-000862,35,Christopher Edwards,Supply Chain,Manager,2016-12-27,Active
863,EMP-000863,80,Denise Wilson,Sales,Supervisor,2017-05-01,Active
864,EMP-000864,74,Rachel Torres,Supply Chain,Analyst,2017-05-19,Active
865,EMP-000865,83,Rose Williams,IT,Coordinator,2017-07-11,Active
866,EMP-000866,62,Teresa Young,Finance,Manager,2017-07-02,Active
867,EMP-000867,20,Theresa Hall,Human Resources,Coordinator,2016-01-19,Active
868,EMP-000868,40,Madison Pitts,Finance,Engineer,2017-10-13,Active
869,EMP-000869,52,Gerald Joseph,Human Resources,Manager,2018-06-11,Active
870,EMP-000870,73,Christopher Tucker,Sales,Coordinator,2016-04-23,Active
871,EMP-000871,32,Michael Brown,Maintenance,Supervisor,2016-11-04,Active
872,EMP-000872,33,Monica Watson,Supply Chain,Operator,2017-02-28,Active
873,EMP-000873,50,Veronica Holt,Sales,Coordinator,2018-12-31,Active
874,EMP-000874,4,Vincent Martinez,Operations,Specialist,2018-07-25,Active
875,EMP-000875,30,Emma Carter DDS,Human Resources,Supervisor,2017-08-11,Active
876,EMP-000876,14,Christina Mcdaniel,Operations,Engineer,2017-04-06,Active
877,EMP-000877,4,Michael Yang,Human Resources,Supervisor,2017-11-07,Active
878,EMP-000878,13,Caroline Barnes,Sales,Coordinator,2017-03-27,Active
879,EMP-000879,82,Clarence Mitchell,Human Resources,Manager,2018-11-02,Inactive
880,EMP-000880,6,Brett Wolfe,Maintenance,Coordinator,2017-09-05,Active
881,EMP-000881,87,Kimberly Boyd,Operations,Engineer,2018-08-03,Active
882,EMP-000882,9,Michael Cook,Maintenance,Analyst,2016-12-21,Inactive
883,EMP-000883,54,John Miller,Supply Chain,Analyst,2017-11-01,Active
884,EMP-000884,52,Kristen Baker,Human Resources,Operator,2018-06-30,Active
885,EMP-000885,40,Bridget Wilson,Human Resources,Manager,2017-09-14,Active
886,EMP-000886,99,Andrew Conner,Supply Chain,Manager,2018-07-30,Active
887,EMP-000887,8,Angela Sanchez,Operations,Analyst,2018-03-09,Active
888,EMP-000888,97,Vincent Hernandez,Supply Chain,Specialist,2016-03-13,Active
889,EMP-000889,33,Alexis Ellis,Maintenance,Coordinator,2017-12-24,Active
890,EMP-000890,71,Thomas Evans,Supply Chain,Engineer,2017-05-01,Active
891,EMP-000891,6,Jasmin Edwards,Supply Chain,Supervisor,2016-08-27,Active
892,EMP-000892,70,Steven White,Finance,Supervisor,2018-04-24,Active
893,EMP-000893,16,Kristy Mitchell,IT,Coordinator,2018-08-03,Active
894,EMP-000894,11,Daniel Jordan,Operations,Operator,2018-03-12,Active
895,EMP-000895,11,Michael Watts,Maintenance,Supervisor,2016-07-03,Active
896,EMP-000896,51,Kristina Nguyen,Maintenance,Engineer,2016-02-14,Active
897,EMP-000897,68,Kelsey Bauer,Supply Chain,Engineer,2016-02-08,Active
898,EMP-000898,27,Christine Maddox,Finance,Operator,2017-02-25,Active
899,EMP-000899,47,David Walls,Maintenance,Specialist,2017-10-31,Active
900,EMP-000900,32,Martin Patel,Supply Chain,Specialist,2018-06-13,Active
901,EMP-000901,5,Sara Lopez,Human Resources,Coordinator,2018-11-09,Active
902,EMP-000902,82,Kimberly Johnson,Supply Chain,Specialist,2017-02-09,Active
903,EMP-000903,56,Angela Mullins,Finance,Operator,2018-10-07,Active
904,EMP-000904,53,Robert Singleton,Finance,Engineer,2016-09-22,Active
905,EMP-000905,30,Jeremy Andersen,Maintenance,Coordinator,2016-07-28,Active
906,EMP-000906,17,Gregory Klein,Human Resources,Operator,2017-11-05,Active
907,EMP-000907,55,Matthew Perez,IT,Coordinator,2016-06-22,Inactive
908,EMP-000908,11,Brian Day,Operations,Specialist,2018-07-28,Active
909,EMP-000909,52,Dwayne French,Human Resources,Analyst,2016-08-20,Active
910,EMP-000910,27,Richard Johnson,IT,Engineer,2016-04-17,Active
911,EMP-000911,35,Robert Winters,Finance,Manager,2018-06-11,Active
912,EMP-000912,78,Emily Ortega,Finance,Operator,2018-03-24,Active
913,EMP-000913,55,Christina Choi,Operations,Operator,2018-03-09,Active
914,EMP-000914,38,Elizabeth Hobbs,Supply Chain,Operator,2018-02-02,Active
915,EMP-000915,42,Benjamin Dominguez,Supply Chain,Specialist,2016-08-25,Active
916,EMP-000916,71,Anna Hernandez,Supply Chain,Analyst,2017-10-08,Active
917,EMP-000917,6,Glenda Robles,Operations,Coordinator,2017-10-22,Active
918,EMP-000918,44,Brenda Chandler,Maintenance,Manager,2017-07-25,Active
919,EMP-000919,22,Zachary Espinoza,Supply Chain,Operator,2017-11-08,Active
920,EMP-000920,59,Mark Taylor,Finance,Manager,2018-02-27,Active
921,EMP-000921,69,Brenda Scott,Supply Chain,Operator,2017-06-22,Active
922,EMP-000922,3,Patrick Oliver,Supply Chain,Specialist,2017-06-24,Active
923,EMP-000923,72,Doris Dunn,Supply Chain,Specialist,2017-02-21,Active
924,EMP-000924,66,John Parker,IT,Manager,2017-02-04,Inactive
925,EMP-000925,78,Kimberly Mckay,Sales,Supervisor,2018-07-24,Active
926,EMP-000926,31,Robert Lawrence,Operations,Supervisor,2018-12-24,Active
927,EMP-000927,57,Veronica Conrad,IT,Specialist,2016-01-08,Active
928,EMP-000928,8,Marcus Brewer,Maintenance,Analyst,2016-12-28,Active
929,EMP-000929,29,Tamara Brady,Maintenance,Analyst,2017-08-01,Active
930,EMP-000930,55,Michaela Anderson,Operations,Analyst,2018-02-21,Active
931,EMP-000931,45,Kendra Fitzgerald,Sales,Manager,2018-04-14,Active
932,EMP-000932,88,Philip Parrish,Maintenance,Manager,2018-05-23,Active
933,EMP-000933,52,Carla Lawrence,Sales,Coordinator,2017-06-18,Active
934,EMP-000934,84,Anthony Adams,Operations,Manager,2017-01-09,Active
935,EMP-000935,51,Jacob Gray,IT,Specialist,2016-06-27,Active
936,EMP-000936,83,Dr. Lisa Rhodes,Operations,Engineer,2016-02-10,Active
937,EMP-000937,98,Shelley Simmons,Operations,Specialist,2017-11-12,Active
938,EMP-000938,3,Deborah Young,Sales,Analyst,2018-02-25,Active
939,EMP-000939,23,Jane Stanley,IT,Engineer,2018-11-22,Active
940,EMP-000940,52,Bethany Vega,Sales,Analyst,2016-12-08,Active
941,EMP-000941,6,Sarah Gonzalez,Sales,Operator,2016-07-18,Active
942,EMP-000942,50,Thomas Martinez,Human Resources,Engineer,2016-07-26,Active
943,EMP-000943,44,Andrew Lee,Human Resources,Manager,2017-11-11,Active
944,EMP-000944,18,Brittany Francis,Supply Chain,Operator,2016-01-29,Active
945,EMP-000945,24,Lori Mcfarland,Supply Chain,Coordinator,2016-05-06,Active
946,EMP-000946,64,Madeline Meyers,Sales,Supervisor,2016-01-20,Active
947,EMP-000947,88,Steven Harding,Sales,Manager,2016-09-01,Active
948,EMP-000948,87,Anthony Cervantes,IT,Specialist,2016-11-30,Active
949,EMP-000949,48,Randall Miranda MD,Human Resources,Analyst,2016-02-04,Active
950,EMP-000950,40,Briana Johnson,Sales,Specialist,2016-12-10,Active
951,EMP-000951,77,Craig Powell,Maintenance,Operator,2018-04-05,Active
952,EMP-000952,51,John Bennett,Human Resources,Supervisor,2018-04-17,Active
953,EMP-000953,62,Logan Mccarthy,Supply Chain,Analyst,2018-11-26,Active
954,EMP-000954,71,Jeffery Mason,Operations,Supervisor,2017-08-30,Active
955,EMP-000955,67,Christopher Gutierrez,Human Resources,Specialist,2016-02-23,Active
956,EMP-000956,54,Robert Johnston,IT,Supervisor,2016-08-24,Active
957,EMP-000957,33,Terry Bauer Jr.,Maintenance,Specialist,2017-03-26,Active
958,EMP-000958,98,Mrs. Crystal Brock,IT,Specialist,2018-06-26,Active
959,EMP-000959,40,Karen Peters,Supply Chain,Supervisor,2016-10-16,Active
960,EMP-000960,6,Sean King,Human Resources,Supervisor,2018-10-10,Active
961,EMP-000961,94,Sherry Galvan,Human Resources,Supervisor,2017-09-10,Active
962,EMP-000962,46,Jonathan Cunningham,Sales,Operator,2018-06-08,Inactive
963,EMP-000963,78,Sarah Cain,Supply Chain,Specialist,2018-12-31,Active
964,EMP-000964,28,Cindy Willis,Operations,Specialist,2016-12-24,Active
965,EMP-000965,19,Jennifer Lee,Human Resources,Engineer,2017-10-07,Active
966,EMP-000966,76,Amy Woods,Operations,Coordinator,2018-06-10,Active
967,EMP-000967,74,William Strickland,Operations,Specialist,2017-08-04,Active
968,EMP-000968,51,Nicholas Vaughan,Human Resources,Manager,2016-10-08,Inactive
969,EMP-000969,69,Maria Owens,Operations,Engineer,2016-01-15,Inactive
970,EMP-000970,2,Linda Roberts,Human Resources,Specialist,2017-01-18,Active
971,EMP-000971,62,Stephanie Johnson,Finance,Engineer,2017-10-05,Active
972,EMP-000972,76,Brandon Campbell,Finance,Operator,2018-05-14,Active
973,EMP-000973,1,Julie Webb,Maintenance,Specialist,2017-05-31,Active
974,EMP-000974,83,Richard Lopez,Supply Chain,Operator,2017-08-12,Active
975,EMP-000975,34,John Gonzalez,IT,Engineer,2016-01-25,Active
976,EMP-000976,85,Veronica Douglas,Human Resources,Specialist,2016-09-19,Inactive
977,EMP-000977,73,Keith Wells,Sales,Operator,2017-04-08,Active
978,EMP-000978,10,Jennifer Bishop,Sales,Coordinator,2017-08-11,Active
979,EMP-000979,22,Christopher Williams,Maintenance,Coordinator,2018-09-16,Active
980,EMP-000980,100,Cassandra Washington,Supply Chain,Supervisor,2018-10-28,Active
981,EMP-000981,35,Maria Baker,IT,Coordinator,2018-03-28,Active
982,EMP-000982,48,Tiffany Peterson,Supply Chain,Supervisor,2017-04-05,Active
983,EMP-000983,31,Amy Jones,IT,Analyst,2018-12-28,Active
984,EMP-000984,39,Veronica Davis,Maintenance,Supervisor,2017-01-31,Active
985,EMP-000985,54,Angela Navarro,Supply Chain,Manager,2018-10-31,Active
986,EMP-000986,9,Johnny Gutierrez,Supply Chain,Operator,2016-10-01,Active
987,EMP-000987,80,Terry Krause,IT,Specialist,2017-10-29,Active
988,EMP-000988,34,Jacob Long,Maintenance,Manager,2018-06-02,Active
989,EMP-000989,90,Shawn Robbins,Human Resources,Supervisor,2017-04-03,Active
990,EMP-000990,55,Brianna Hensley,IT,Operator,2017-11-22,Active
991,EMP-000991,74,Brianna Sullivan,Human Resources,Analyst,2018-09-15,Active
992,EMP-000992,68,Shannon Richards,Sales,Analyst,2017-09-26,Active
993,EMP-000993,97,Briana Myers,Maintenance,Supervisor,2016-07-19,Active
994,EMP-000994,3,Megan Perez,Maintenance,Specialist,2016-09-25,Active
995,EMP-000995,35,Brian Mccullough,Maintenance,Operator,2016-06-13,Active
996,EMP-000996,64,Bryan Jackson,Sales,Analyst,2018-03-10,Active
997,EMP-000997,24,Kristina Hoover,Maintenance,Analyst,2017-07-15,Active
998,EMP-000998,85,Denise Campbell,Operations,Engineer,2017-06-11,Active
999,EMP-000999,17,Ian Jones,Maintenance,Operator,2016-11-10,Active
1000,EMP-001000,7,Cameron Malone,Operations,Supervisor,2018-01-09,Active
1001,EMP-001001,50,Sarah Moore,IT,Manager,2017-05-15,Active
1002,EMP-001002,16,David Barrett,Sales,Manager,2018-03-15,Inactive
1003,EMP-001003,50,Kenneth Powers,Human Resources,Manager,2018-05-02,Active
1004,EMP-001004,17,Heather Ryan,Supply Chain,Analyst,2018-08-26,Inactive
1005,EMP-001005,33,Caitlin Booker,Maintenance,Specialist,2017-12-15,Active
1006,EMP-001006,95,Cathy Patel DDS,Maintenance,Supervisor,2018-03-11,Active
1007,EMP-001007,86,Edward Cooper,Sales,Operator,2016-05-08,Active
1008,EMP-001008,43,Lindsey Henry,Supply Chain,Supervisor,2018-05-10,Active
1009,EMP-001009,73,Steven Martin,Maintenance,Coordinator,2017-05-18,Active
1010,EMP-001010,99,Sarah Dean,Human Resources,Manager,2017-04-21,Active
1011,EMP-001011,73,Jessica Larson,Sales,Specialist,2018-05-21,Inactive
1012,EMP-001012,98,Joel Franco,Sales,Manager,2017-01-01,Active
1013,EMP-001013,92,Gabriel Bryant,IT,Operator,2017-05-17,Active
1014,EMP-001014,83,Manuel Lee,Operations,Analyst,2017-10-12,Active
1015,EMP-001015,29,Aaron Garza,Finance,Manager,2016-11-04,Active
1016,EMP-001016,31,Benjamin Bell,Sales,Analyst,2016-04-01,Active
1017,EMP-001017,65,Matthew Peters,Human Resources,Manager,2017-07-07,Active
1018,EMP-001018,81,Jose Johnson,Finance,Engineer,2018-10-24,Active
1019,EMP-001019,54,Deborah Johnson,Maintenance,Coordinator,2017-12-21,Active
1020,EMP-001020,7,Carol Aguirre,Sales,Engineer,2017-04-04,Active
1021,EMP-001021,24,Jennifer Hernandez,Human Resources,Supervisor,2017-02-21,Active
1022,EMP-001022,82,Rachel Townsend,Sales,Supervisor,2016-03-29,Active
1023,EMP-001023,10,Whitney Martinez,Supply Chain,Manager,2018-05-03,Active
1024,EMP-001024,50,Sarah Simpson,IT,Supervisor,2016-07-11,Active
1025,EMP-001025,65,Sean Myers,Finance,Supervisor,2018-12-27,Active
1026,EMP-001026,19,Brandon Sullivan,IT,Analyst,2017-08-01,Active
1027,EMP-001027,17,Maria Jackson,Finance,Coordinator,2016-07-20,Active
1028,EMP-001028,45,Jonathan Chung Jr.,Sales,Coordinator,2016-03-14,Inactive
1029,EMP-001029,51,Kathryn Stevenson,Maintenance,Analyst,2017-08-28,Active
1030,EMP-001030,82,William Sanchez,Supply Chain,Supervisor,2018-10-02,Active
1031,EMP-001031,12,Mary Walter,Operations,Analyst,2017-05-04,Active
1032,EMP-001032,42,Albert Butler,Human Resources,Analyst,2016-08-16,Active
1033,EMP-001033,60,Brittany Hansen DDS,Maintenance,Manager,2016-06-20,Active
1034,EMP-001034,51,Mrs. Frances Cox MD,Sales,Specialist,2018-01-22,Active
1035,EMP-001035,55,James Diaz,Operations,Operator,2018-06-21,Active
1036,EMP-001036,48,Laura Brewer,Maintenance,Operator,2017-02-28,Inactive
1037,EMP-001037,66,Sandra Jones,Finance,Engineer,2017-05-11,Active
1038,EMP-001038,3,Alyssa Parker,Human Resources,Specialist,2016-06-30,Active
1039,EMP-001039,59,Shannon Rowe,IT,Engineer,2017-10-18,Active
1040,EMP-001040,91,Antonio Ross,Operations,Analyst,2018-08-10,Inactive
1041,EMP-001041,38,Amber Price,Maintenance,Operator,2017-08-21,Active
1042,EMP-001042,18,Brandon Johns,Sales,Supervisor,2016-12-06,Inactive
1043,EMP-001043,41,Justin Trevino,Sales,Coordinator,2017-06-05,Active
1044,EMP-001044,48,Elizabeth Thomas,Human Resources,Manager,2018-04-22,Active
1045,EMP-001045,24,Edgar Espinoza,Maintenance,Coordinator,2016-03-15,Active
1046,EMP-001046,94,Cathy Petersen,Maintenance,Manager,2016-05-16,Active
1047,EMP-001047,9,Justin King,Supply Chain,Supervisor,2018-08-08,Active
1048,EMP-001048,63,Veronica Herrera,Supply Chain,Operator,2018-06-08,Active
1049,EMP-001049,62,Catherine Gonzales,Maintenance,Supervisor,2016-10-07,Active
1050,EMP-001050,53,Aaron Sanders,Supply Chain,Coordinator,2016-07-14,Active
1051,EMP-001051,71,Christopher Reyes,Supply Chain,Supervisor,2016-11-19,Active
1052,EMP-001052,80,Raymond Ross,Operations,Manager,2017-09-28,Active
1053,EMP-001053,66,Melissa White,Human Resources,Specialist,2017-11-26,Active
1054,EMP-001054,12,Brianna Cameron,Supply Chain,Specialist,2017-05-20,Active
1055,EMP-001055,58,David Clark,Sales,Operator,2017-07-19,Active
1056,EMP-001056,7,Ryan Wilson,IT,Coordinator,2017-02-23,Active
1057,EMP-001057,21,Jennifer Watts,Human Resources,Engineer,2018-05-08,Active
1058,EMP-001058,57,Kyle Hancock,Human Resources,Operator,2018-09-09,Active
1059,EMP-001059,31,Brittany Smith,Sales,Coordinator,2017-12-12,Active
1060,EMP-001060,8,Marvin Soto,Operations,Operator,2016-03-26,Active
1061,EMP-001061,45,Jennifer Berry MD,Finance,Manager,2017-01-27,Active
1062,EMP-001062,14,Nancy Solomon,Operations,Operator,2017-12-07,Active
1063,EMP-001063,28,Kendra Campbell,Human Resources,Coordinator,2017-09-29,Active
1064,EMP-001064,57,Brandon Dillon,Finance,Operator,2018-06-18,Active
1065,EMP-001065,78,Christopher Ball,Operations,Engineer,2017-03-22,Active
1066,EMP-001066,73,David Golden,Human Resources,Engineer,2018-08-29,Active
1067,EMP-001067,27,Amber Holland,Operations,Analyst,2016-05-27,Active
1068,EMP-001068,36,April Ross,Supply Chain,Analyst,2018-08-01,Active
1069,EMP-001069,66,Jason Davis,Finance,Specialist,2017-06-01,Active
1070,EMP-001070,79,John Andrews,Finance,Supervisor,2017-12-20,Active
1071,EMP-001071,55,Todd Merritt,Supply Chain,Manager,2016-05-15,Active
1072,EMP-001072,12,Mitchell Barnett,Finance,Operator,2018-09-09,Active
1073,EMP-001073,87,Timothy Price,IT,Specialist,2017-07-02,Inactive
1074,EMP-001074,70,Brandi Smith,Supply Chain,Operator,2017-06-20,Active
1075,EMP-001075,25,Jamie Kramer,Maintenance,Coordinator,2017-09-03,Active
1076,EMP-001076,35,Lisa Kramer,Sales,Operator,2017-11-22,Active
1077,EMP-001077,35,Patricia Carpenter,Human Resources,Engineer,2016-10-26,Active
1078,EMP-001078,44,Sherri Thomas,Supply Chain,Supervisor,2017-04-14,Active
1079,EMP-001079,44,Christopher Malone,Supply Chain,Manager,2016-03-13,Active
1080,EMP-001080,79,Allison Chang,Human Resources,Specialist,2017-08-16,Active
1081,EMP-001081,78,Stephanie Koch,Supply Chain,Coordinator,2017-04-18,Active
1082,EMP-001082,81,Ian Wilson,Finance,Supervisor,2016-07-28,Active
1083,EMP-001083,1,Kimberly Santos,Sales,Engineer,2016-11-28,Active
1084,EMP-001084,26,Kathryn Moran,Finance,Coordinator,2016-09-21,Active
1085,EMP-001085,73,Tyler Silva,Sales,Operator,2018-03-10,Active
1086,EMP-001086,67,Lauren Perez,Maintenance,Engineer,2017-02-27,Active
1087,EMP-001087,100,Judy Davidson,Sales,Supervisor,2017-01-26,Active
1088,EMP-001088,28,Miranda Petersen,Human Resources,Specialist,2018-02-16,Active
1089,EMP-001089,56,Christina Huffman,Operations,Analyst,2017-08-17,Active
1090,EMP-001090,11,Erin Ward,Supply Chain,Coordinator,2018-08-07,Active
1091,EMP-001091,78,Tony Watson,Supply Chain,Supervisor,2018-10-26,Active
1092,EMP-001092,83,Michael Colon,Maintenance,Engineer,2018-06-14,Active
1093,EMP-001093,22,Shane Bennett,Finance,Manager,2016-08-30,Active
1094,EMP-001094,60,William Ortiz,Finance,Coordinator,2017-04-02,Active
1095,EMP-001095,85,Richard Rodgers,Sales,Engineer,2017-01-04,Active
1096,EMP-001096,64,Shelly Sawyer,Supply Chain,Manager,2018-03-16,Active
1097,EMP-001097,35,Tanya Thomas,Maintenance,Operator,2017-07-30,Active
1098,EMP-001098,68,Diane Moses,Finance,Engineer,2018-11-14,Active
1099,EMP-001099,55,Melissa Dudley,Operations,Operator,2017-09-19,Active
1100,EMP-001100,81,Emily Scott,Finance,Coordinator,2018-11-17,Active
1101,EMP-001101,99,Jesse Roman,Sales,Manager,2018-06-13,Active
1102,EMP-001102,84, Kathryn Burnett ,Human Resources,Engineer,2016-03-04,Active
1103,EMP-001103,70,Jessica Schmidt,Operations,Manager,2016-02-06,Active
1104,EMP-001104,13,Brian Ramirez,Finance,Manager,2017-05-10,Active
1105,EMP-001105,26,Lisa Thomas,Human Resources,Manager,2018-12-22,Inactive
1106,EMP-001106,1,Jennifer Davis,Operations,Operator,2016-07-09,Active
1107,EMP-001107,50,Christopher Conway,Maintenance,Analyst,2017-12-06,Active
1108,EMP-001108,48,Sarah Jordan,Supply Chain,Manager,2017-07-31,Active
1109,EMP-001109,32,Robert Acosta,Finance,Specialist,2017-07-28,Active
1110,EMP-001110,59,Danielle Bell,IT,Coordinator,2018-12-29,Active
1111,EMP-001111,65,Robert Collins,Supply Chain,Specialist,2017-12-13,Active
1112,EMP-001112,22,Kathy Adams,Maintenance,Specialist,2018-12-03,Active
1113,EMP-001113,100,Colleen May,Maintenance,Engineer,2018-08-29,Active
1114,EMP-001114,10,Christina Miller,IT,Manager,2017-06-19,Inactive
1115,EMP-001115,41,Norma Blake,Maintenance,Manager,2018-10-22,Active
1116,EMP-001116,16,David Ellis,IT,Supervisor,2017-05-01,Active
1117,EMP-001117,63,Kelly Allen,IT,Engineer,2016-11-08,Active
1118,EMP-001118,87,Jennifer Harmon,Supply Chain,Analyst,2017-12-25,Active
1119,EMP-001119,95,Nicole Chambers,Sales,Engineer,2018-04-06,Active
1120,EMP-001120,22,Rachel Lowe,Supply Chain,Analyst,2017-05-20,Active
1121,EMP-001121,73,Gloria Rasmussen,Human Resources,Analyst,2016-05-11,Active
1122,EMP-001122,53,Kevin Maldonado,Finance,Specialist,2016-01-30,Inactive
1123,EMP-001123,22,Megan Roberts,Human Resources,Manager,2017-01-23,Active
1124,EMP-001124,46,Kirsten Morris,IT,Manager,2017-02-05,Active
1125,EMP-001125,47,Jonathan Wilson,Sales,Supervisor,2017-01-16,Active
1126,EMP-001126,81,Clayton Sullivan,Sales,Supervisor,2018-05-18,Active
1127,EMP-001127,88,Wayne Donaldson,Supply Chain,Engineer,2017-02-23,Active
1128,EMP-001128,45,Cynthia Blair,Operations,Operator,2016-03-08,Active
1129,EMP-001129,27,Mr. Stephen Mcdaniel,Finance,Analyst,2018-10-07,Active
1130,EMP-001130,19,Anthony Bowen,Sales,Specialist,2016-09-04,Active
1131,EMP-001131,77,Donald Baker,Human Resources,Specialist,2018-07-28,Active
1132,EMP-001132,33,Janice Miller,Finance,Coordinator,2018-01-03,Active
1133,EMP-001133,10,Meghan Cruz,Supply Chain,Analyst,2017-11-22,Active
1134,EMP-001134,73,Cameron Campbell,IT,Coordinator,2016-07-12,Active
1135,EMP-001135,35,Adrian Smith,Human Resources,Specialist,2016-01-01,Active
1136,EMP-001136,72,Sylvia Bond,Sales,Analyst,2018-09-20,Active
1137,EMP-001137,11,Helen Rodgers,Maintenance,Analyst,2018-08-20,Active
1138,EMP-001138,36,Brian Craig,Supply Chain,Supervisor,2016-06-10,Active
1139,EMP-001139,55,Brooke Marquez,Operations,Supervisor,2016-02-23,Active
1140,EMP-001140,85,Dawn Bean,Sales,Analyst,2017-08-01,Active
1141,EMP-001141,88,Charles Gaines,Supply Chain,Supervisor,2016-02-19,Active
1142,EMP-001142,83,Trevor Sutton,Human Resources,Supervisor,2018-09-29,Active
1143,EMP-001143,14,Angela Elliott,Human Resources,Specialist,2016-12-23,Active
1144,EMP-001144,55,Kara Martinez,Sales,Analyst,2018-10-25,Inactive
1145,EMP-001145,58,Christian Taylor,Sales,Manager,2016-09-28,Active
1146,EMP-001146,61,Jennifer Williams DDS,Human Resources,Manager,2018-05-26,Active
1147,EMP-001147,6,Kevin Leon,Finance,Analyst,2017-06-07,Active
1148,EMP-001148,33,Anthony Lambert,Operations,Specialist,2016-05-04,Inactive
1149,EMP-001149,93,Thomas Smith,Supply Chain,Engineer,2016-06-01,Active
1150,EMP-001150,51,Mary Price,Finance,Operator,2016-02-09,Active
1151,EMP-001151,67, Jason Hunt ,Finance,Engineer,2016-05-07,Active
1152,EMP-001152,50,Scott Lopez Jr.,Supply Chain,Coordinator,2017-06-18,Active
1153,EMP-001153,40,Cory Bauer,IT,Supervisor,2016-08-29,Inactive
1154,EMP-001154,82,Roy Jimenez,Sales,Analyst,2017-06-03,Active
1155,EMP-001155,97,Bonnie Montoya,Operations,Operator,2016-10-15,Active
1156,EMP-001156,66,Emily Stewart,Finance,Coordinator,2017-12-23,Active
1157,EMP-001157,86,Justin Villanueva,Sales,Manager,2018-01-03,Active
1158,EMP-001158,62,Patrick Lee,Sales,Operator,2017-04-26,Active
1159,EMP-001159,51,Karen Deleon,Supply Chain,Engineer,2018-06-17,Active
1160,EMP-001160,45,Amanda Hart,Human Resources,Engineer,2016-08-27,Active
1161,EMP-001161,51,Christopher Perkins,Human Resources,Manager,2018-05-09,Active
1162,EMP-001162,71,Katherine Dyer,Human Resources,Analyst,2018-10-20,Active
1163,EMP-001163,66,Stephanie Meadows,Human Resources,Manager,2017-07-05,Active
1164,EMP-001164,62,James Gilbert,Operations,Operator,2016-05-24,Active
1165,EMP-001165,47,Tamara Wilkinson,Supply Chain,Specialist,2018-08-09,Active
1166,EMP-001166,44,Jacob Sanchez,Operations,Coordinator,2016-04-21,Active
1167,EMP-001167,13,Faith Craig,Supply Chain,Engineer,2018-02-27,Inactive
1168,EMP-001168,29,Paula Smith,Maintenance,Engineer,2016-04-05,Active
1169,EMP-001169,85,Amy Ingram,Maintenance,Operator,2016-12-07,Active
1170,EMP-001170,88,Isaac Abbott,Human Resources,Supervisor,2018-03-30,Active
1171,EMP-001171,57,Heidi Allen,Operations,Manager,2018-06-25,Active
1172,EMP-001172,53,John Cooper,Operations,Engineer,2018-12-01,Active
1173,EMP-001173,75,Jeanne Ramirez,Operations,Analyst,2018-03-17,Active
1174,EMP-001174,78,Andrea Foster,Finance,Specialist,2017-08-23,Active
1175,EMP-001175,57,Lauren Fischer,Operations,Operator,2016-06-28,Active
1176,EMP-001176,36,Christian Gonzales,IT,Analyst,2016-07-04,Active
1177,EMP-001177,11,Christopher Martin,Finance,Manager,2018-05-20,Active
1178,EMP-001178,18,Emily Woods,Human Resources,Operator,2017-06-13,Active
1179,EMP-001179,4,Tony Aguilar,Supply Chain,Operator,2018-07-21,Active
1180,EMP-001180,52,Ralph Smith,Sales,Engineer,2016-02-22,Active
1181,EMP-001181,48,Adrian Hamilton,Supply Chain,Analyst,2016-07-28,Active
1182,EMP-001182,77,Lisa Black MD,Finance,Analyst,2016-06-19,Active
1183,EMP-001183,92,Dr. Douglas Sullivan DVM,Human Resources,Engineer,2018-12-23,Active
1184,EMP-001184,15,Craig Navarro,Sales,Manager,2017-05-11,Active
1185,EMP-001185,61,Joel Sanchez,Supply Chain,Coordinator,2016-08-05,Active
1186,EMP-001186,92,Nicholas Rios,Maintenance,Specialist,2018-12-04,Active
1187,EMP-001187,18,Kevin Spencer,Finance,Coordinator,2017-07-01,Active
1188,EMP-001188,97,Whitney Rodriguez,Maintenance,Coordinator,2017-11-22,Active
1189,EMP-001189,33,Heather Clark,Supply Chain,Supervisor,2018-12-31,Active
1190,EMP-001190,46,Jack Atkinson,IT,Analyst,2017-08-21,Active
1191,EMP-001191,78,Mrs. Amber Barrett,Supply Chain,Coordinator,2018-02-23,Active
1192,EMP-001192,5,Donald Lopez,Maintenance,Manager,2018-12-11,Active
1193,EMP-001193,11,Angela Spears,Operations,Operator,2017-02-09,Active
1194,EMP-001194,34,Sydney Ellis,Human Resources,Specialist,2017-03-20,Active
1195,EMP-001195,19,Kelly Cook,Operations,Operator,2018-07-10,Inactive
1196,EMP-001196,29,Traci Hensley,IT,Operator,2018-03-21,Active
1197,EMP-001197,11,Philip Bryant,Maintenance,Specialist,2016-01-24,Inactive
1198,EMP-001198,87,Shane Smith,IT,Analyst,2017-04-06,Active
1199,EMP-001199,86,Savannah Clark,Sales,Operator,2017-08-17,Active
1200,EMP-001200,83,Shirley Patterson,Maintenance,Coordinator,2017-05-24,Active
1201,EMP-001201,88,Joseph Thompson,IT,Specialist,2018-02-24,Active
1202,EMP-001202,100,Gregory Carlson,Human Resources,Engineer,2016-06-01,Active
1203,EMP-001203,8,Matthew Jackson,Maintenance,Coordinator,2017-06-03,Active
1204,EMP-001204,61,James Jenkins,Maintenance,Coordinator,2016-04-27,Active
1205,EMP-001205,97,George Stein Jr.,IT,Specialist,2018-12-12,Active
1206,EMP-001206,62,Michael Wilson,Sales,Analyst,2017-12-07,Active
1207,EMP-001207,6,Kristy Mathews,Human Resources,Analyst,2018-09-24,Active
1208,EMP-001208,71,Andres Campbell,Operations,Operator,2018-02-14,Active
1209,EMP-001209,14,William Davis,Maintenance,Operator,2018-05-13,Active
1210,EMP-001210,11,James Hayden,Operations,Manager,2017-10-07,Active
1211,EMP-001211,100,Sheila Owen,IT,Operator,2016-07-31,Active
1212,EMP-001212,55,Tracy Williams,Operations,Supervisor,2017-12-10,Active
1213,EMP-001213,77,Ian Avery,Finance,Operator,2018-01-23,Active
1214,EMP-001214,7,Jonathan Leblanc,Human Resources,Engineer,2016-06-28,Active
1215,EMP-001215,81,Kari Peterson,Sales,Engineer,2016-12-11,Active
1216,EMP-001216,70,Daisy Hill,Sales,Engineer,2018-06-03,Inactive
1217,EMP-001217,91,Michael Lane,Operations,Engineer,2018-02-10,Active
1218,EMP-001218,68,Mr. Jerry Munoz,Human Resources,Operator,2018-06-08,Active
1219,EMP-001219,97,James Davis,Operations,Engineer,2018-04-02,Active
1220,EMP-001220,51,Anna Williams,Sales,Specialist,2016-01-26,Active
1221,EMP-001221,6,Laura Fritz,Supply Chain,Supervisor,2016-08-10,Active
1222,EMP-001222,83,Aaron Stewart,Finance,Supervisor,2016-03-11,Active
1223,EMP-001223,36,David Ashley,Human Resources,Engineer,2016-03-02,Active
1224,EMP-001224,14,Dennis Palmer,Human Resources,Engineer,2016-10-21,Active
1225,EMP-001225,35,Mrs. Amy Macdonald,Sales,Operator,2018-08-30,Active
1226,EMP-001226,75,Sara Mcintosh,Human Resources,Operator,2018-05-09,Active
1227,EMP-001227,7,Johnny Lambert,IT,Engineer,2018-12-21,Inactive
1228,EMP-001228,96,Stephanie Edwards,Operations,Engineer,2018-05-05,Active
1229,EMP-001229,11,Zachary Johnson,IT,Engineer,2017-08-12,Active
1230,EMP-001230,50,Cynthia Rivas,Supply Chain,Manager,2016-12-29,Active
1231,EMP-001231,11,Jordan Cunningham,Sales,Manager,2017-04-19,Active
1232,EMP-001232,85,Teresa Smith,Human Resources,Specialist,2018-07-03,Active
1233,EMP-001233,81,Michael Johnson,Supply Chain,Analyst,2018-12-02,Active
1234,EMP-001234,51,Kenneth Santiago,Finance,Operator,2018-03-11,Active
1235,EMP-001235,78,Robert Mcconnell,Finance,Coordinator,2018-04-08,Active
1236,EMP-001236,16, Dalton Clark ,Supply Chain,Coordinator,2018-02-16,Active
1237,EMP-001237,62,Andrew Sullivan,Finance,Specialist,2017-09-30,Active
1238,EMP-001238,1,Joseph Jackson,Finance,Engineer,2018-10-08,Active
1239,EMP-001239,8,Keith Smith,Human Resources,Manager,2018-07-10,Active
1240,EMP-001240,38,Joshua Stevens,Supply Chain,Operator,2018-11-02,Active
1241,EMP-001241,4,Kathryn Hurley,Maintenance,Engineer,2016-09-10,Active
1242,EMP-001242,30,Lindsay Cox,Supply Chain,Operator,2017-04-20,Active
1243,EMP-001243,53,Brandi Burch,Supply Chain,Manager,2016-10-17,Active
1244,EMP-001244,15,Julia Campbell,Operations,Coordinator,2017-04-22,Active
1245,EMP-001245,79,Kristi Wagner,Supply Chain,Manager,2016-04-26,Active
1246,EMP-001246,34,Tracy Mason,IT,Operator,2016-07-02,Active
1247,EMP-001247,93,Aaron Simpson,Human Resources,Analyst,2016-04-26,Active
1248,EMP-001248,15, Eric Adkins ,IT,Specialist,2017-03-23,Inactive
1249,EMP-001249,11,Dr. Robert Harris DVM,Finance,Supervisor,2017-04-24,Inactive
1250,EMP-001250,19,Richard Watson,Maintenance,Supervisor,2018-07-16,Active
1251,EMP-001251,99,Cesar Rasmussen,Supply Chain,Manager,2018-08-07,Active
1252,EMP-001252,71,Amanda Allen,Human Resources,Supervisor,2016-09-14,Active
1253,EMP-001253,73,Christopher Cortez,Finance,Specialist,2018-09-22,Active
1254,EMP-001254,99,Jake Bird,Operations,Manager,2018-09-05,Active
1255,EMP-001255,40,Edward Foster,Human Resources,Coordinator,2018-12-02,Active
1256,EMP-001256,13,Dennis Hansen,Human Resources,Supervisor,2016-10-31,Active
1257,EMP-001257,29,Charles Anderson,Maintenance,Specialist,2017-07-28,Active
1258,EMP-001258,12,Andre Gonzalez,Operations,Manager,2017-09-23,Active
1259,EMP-001259,43,Rhonda Cooper,IT,Analyst,2018-04-10,Active
1260,EMP-001260,70,Victoria Lane,Sales,Supervisor,2018-03-27,Active
1261,EMP-001261,27,Michelle Horn,Finance,Coordinator,2016-02-29,Active
1262,EMP-001262,73,David Conley,Human Resources,Coordinator,2016-08-15,Active
1263,EMP-001263,14,Jose Mcdaniel,Finance,Analyst,2018-05-05,Inactive
1264,EMP-001264,40,Mary Smith,IT,Manager,2016-09-13,Active
1265,EMP-001265,95,Joshua Coleman,Sales,Analyst,2018-03-15,Active
1266,EMP-001266,37,Jason Novak,Supply Chain,Operator,2016-04-12,Active
1267,EMP-001267,83,Jordan Vaughn,Operations,Supervisor,2017-09-24,Active
1268,EMP-001268,79,Cindy Coleman,IT,Analyst,2018-09-02,Active
1269,EMP-001269,29,Yolanda Nolan,Maintenance,Operator,2016-06-20,Active
1270,EMP-001270,91,Linda Ferguson,Human Resources,Specialist,2017-01-22,Inactive
1271,EMP-001271,97,Curtis Cabrera,Sales,Specialist,2016-12-28,Active
1272,EMP-001272,56,Erica Lawrence,Operations,Coordinator,2017-04-04,Active
1273,EMP-001273,79,Christopher Rogers,IT,Engineer,2018-04-01,Active
1274,EMP-001274,16,David Marquez,Sales,Specialist,2018-09-14,Active
1275,EMP-001275,90,Brenda Bender,Human Resources,Coordinator,2018-08-27,Active
1276,EMP-001276,35,Amber Browning,Finance,Engineer,2018-07-15,Active
1277,EMP-001277,13,Mrs. Deanna Atkins,Human Resources,Manager,2018-01-15,Active
1278,EMP-001278,96,David Johnson,Operations,Supervisor,2018-11-11,Active
1279,EMP-001279,66,Nicholas George,Finance,Supervisor,2016-11-06,Active
1280,EMP-001280,75,Kurt Mitchell,Supply Chain,Manager,2017-12-25,Inactive
1281,EMP-001281,30,Lisa Warren,Human Resources,Specialist,2016-07-15,Active
1282,EMP-001282,24,Grant Day,IT,Supervisor,2016-05-27,Active
1283,EMP-001283,41,Jared Washington,Supply Chain,Specialist,2018-06-10,Active
1284,EMP-001284,66,Erin Mitchell,Sales,Coordinator,2016-06-02,Active
1285,EMP-001285,53,Gregory Harris,IT,Supervisor,2016-02-18,Active
1286,EMP-001286,31,Sarah Bender,Operations,Supervisor,2016-12-28,Active
1287,EMP-001287,23,James Owens,Human Resources,Engineer,2016-12-27,Active
1288,EMP-001288,13,Jessica Wood,IT,Manager,2016-09-20,Active
1289,EMP-001289,88,Miss Karen Barnes,IT,Operator,2016-01-10,Active
1290,EMP-001290,96,Mark Griffin Jr.,Maintenance,Engineer,2016-11-04,Active
1291,EMP-001291,67,Scott Nunez,Maintenance,Operator,2017-12-23,Active
1292,EMP-001292,64,Tiffany Moreno,IT,Coordinator,2016-10-24,Active
1293,EMP-001293,29,Vanessa Floyd,Operations,Supervisor,2016-05-15,Active
1294,EMP-001294,63,Patricia Brooks,Human Resources,Engineer,2017-04-12,Inactive
1295,EMP-001295,100,Jody Stanley,Human Resources,Coordinator,2016-02-05,Active
1296,EMP-001296,90,Shawn Foster,Supply Chain,Specialist,2017-03-11,Active
1297,EMP-001297,64,Rhonda Cooper,Finance,Engineer,2016-10-24,Active
1298,EMP-001298,44,Ashley Wilson,Sales,Engineer,2018-12-08,Active
1299,EMP-001299,100,Gary Waller,IT,Analyst,2016-04-13,Active
1300,EMP-001300,28,Kyle Myers,Sales,Manager,2018-01-09,Active
1301,EMP-001301,67,Stacy Gordon,Finance,Analyst,2017-02-11,Active
1302,EMP-001302,53,Carl White,Maintenance,Engineer,2017-04-10,Active
1303,EMP-001303,87,Mr. Anthony Whitaker MD,Maintenance,Supervisor,2017-04-14,Active
1304,EMP-001304,95,Vickie Moore,Maintenance,Operator,2018-01-10,Active
1305,EMP-001305,64,Carrie Christian,Operations,Coordinator,2018-07-28,Active
1306,EMP-001306,56,Tamara Miller,Finance,Analyst,2017-08-26,Active
1307,EMP-001307,12,Tyler Robinson,Human Resources,Engineer,2017-01-02,Active
1308,EMP-001308,35,Edward Contreras,Operations,Engineer,2018-12-16,Active
1309,EMP-001309,5,Kevin Robinson,Maintenance,Supervisor,2017-10-15,Active
1310,EMP-001310,99,Lori Villanueva,Supply Chain,Manager,2017-04-23,Active
1311,EMP-001311,45,Kyle Jones,Supply Chain,Analyst,2017-11-15,Active
1312,EMP-001312,33,Heather Wilson,IT,Manager,2016-04-01,Active
1313,EMP-001313,33,Heather Miller,Supply Chain,Analyst,2016-10-27,Inactive
1314,EMP-001314,65,Olivia Mendez,IT,Coordinator,2018-11-21,Inactive
1315,EMP-001315,14,Jennifer Mendez,Sales,Specialist,2018-06-25,Active
1316,EMP-001316,88,Patricia Stephens,Finance,Analyst,2017-04-30,Active
1317,EMP-001317,90,Anita Martin,Human Resources,Manager,2018-04-04,Active
1318,EMP-001318,72,Aaron Hernandez MD,Sales,Analyst,2018-06-13,Active
1319,EMP-001319,68,Matthew Harrison,Maintenance,Operator,2017-05-25,Active
1320,EMP-001320,51,Angela Hartman,Supply Chain,Engineer,2017-03-23,Inactive
1321,EMP-001321,84,Kyle Miller,Maintenance,Analyst,2016-10-07,Active
1322,EMP-001322,34,Linda Stewart,IT,Specialist,2018-10-17,Active
1323,EMP-001323,56,Jennifer Thompson,Finance,Engineer,2017-09-29,Active
1324,EMP-001324,33,Tyler Patterson,Sales,Analyst,2018-04-25,Inactive
1325,EMP-001325,82,Mr. Nicholas Reynolds,Operations,Engineer,2018-08-06,Active
1326,EMP-001326,46,Brian Ballard,Maintenance,Manager,2017-07-23,Active
1327,EMP-001327,21,Chad Cole,Supply Chain,Supervisor,2017-12-15,Active
1328,EMP-001328,52,Susan Smith,Operations,Operator,2017-12-01,Active
1329,EMP-001329,72,Ashley Davis,Human Resources,Analyst,2016-12-24,Active
1330,EMP-001330,27,Jennifer Marshall,Supply Chain,Specialist,2016-03-30,Active
1331,EMP-001331,34,Stephanie Duke,Maintenance,Engineer,2018-05-27,Active
1332,EMP-001332,32,Sandra Carson,Sales,Operator,2018-09-09,Active
1333,EMP-001333,65,Richard Rodriguez,IT,Analyst,2018-02-13,Inactive
1334,EMP-001334,74,Timothy Briggs,Operations,Operator,2017-07-03,Inactive
1335,EMP-001335,85,Mrs. Margaret Fletcher MD,Maintenance,Supervisor,2016-07-30,Active
1336,EMP-001336,21,Frank Hubbard,Supply Chain,Engineer,2017-02-03,Active
1337,EMP-001337,95,Allison Sanders,Finance,Supervisor,2018-04-09,Active
1338,EMP-001338,67,Matthew Powell,Operations,Analyst,2017-02-19,Active
1339,EMP-001339,9,Russell Hampton,Sales,Analyst,2018-09-15,Active
1340,EMP-001340,58,Haley Sharp,Operations,Specialist,2016-09-30,Active
1341,EMP-001341,56,Laura Anderson,Sales,Operator,2018-11-26,Active
1342,EMP-001342,72,Aaron Horn,Supply Chain,Engineer,2018-07-24,Active
1343,EMP-001343,27,Abigail Hanson,Human Resources,Operator,2017-08-14,Active
1344,EMP-001344,40,Tracy Lambert,Finance,Manager,2017-01-14,Active
1345,EMP-001345,29,Brianna Garcia,Supply Chain,Analyst,2018-01-25,Active
1346,EMP-001346,57,Erik Garcia,Operations,Analyst,2018-01-27,Active
1347,EMP-001347,34,Jane Gregory,Supply Chain,Analyst,2016-10-19,Active
1348,EMP-001348,73,Malik Ford,Operations,Engineer,2016-09-11,Active
1349,EMP-001349,95,Wayne Blankenship,Operations,Manager,2018-11-11,Active
1350,EMP-001350,95,Gregory Carter,IT,Specialist,2016-09-24,Active
1351,EMP-001351,94,Anthony Blevins,Supply Chain,Specialist,2018-03-25,Active
1352,EMP-001352,12,Kelly Snyder MD,IT,Supervisor,2016-08-31,Active
1353,EMP-001353,53,Jacob Gross Jr.,Finance,Engineer,2016-02-27,Active
1354,EMP-001354,13,Lori Fernandez,Maintenance,Analyst,2018-03-15,Active
1355,EMP-001355,100,Arthur Lloyd,Operations,Specialist,2017-12-23,Inactive
1356,EMP-001356,17,Thomas Mercer,Sales,Coordinator,2016-12-10,Active
1357,EMP-001357,29,Nancy Thomas,Finance,Specialist,2016-09-21,Active
1358,EMP-001358,40,Leslie Waller,Supply Chain,Coordinator,2016-03-23,Active
1359,EMP-001359,75,Daniel Holland,IT,Engineer,2018-04-30,Active
1360,EMP-001360,44,Donna Washington,Sales,Supervisor,2017-07-02,Active
1361,EMP-001361,14,Jennifer Lewis,Supply Chain,Engineer,2016-09-09,Inactive
1362,EMP-001362,57,Megan West,Human Resources,Manager,2016-04-04,Active
1363,EMP-001363,76,Carlos Smith,Maintenance,Analyst,2016-07-16,Active
1364,EMP-001364,26,Steven Sullivan,Maintenance,Engineer,2018-11-29,Active
1365,EMP-001365,66,Tonya Watson,Finance,Specialist,2018-03-12,Inactive
1366,EMP-001366,84,John Wallace,Sales,Coordinator,2017-06-22,Inactive
1367,EMP-001367,74,Edward Warren,Supply Chain,Coordinator,2018-06-05,Active
1368,EMP-001368,3,Michelle Ramirez,Human Resources,Specialist,2017-05-01,Active
1369,EMP-001369,83,Shannon Hayden,Supply Chain,Operator,2018-11-13,Active
1370,EMP-001370,98,Jonathan Young,IT,Supervisor,2018-04-07,Active
1371,EMP-001371,48,Kelsey Stafford,Finance,Specialist,2017-05-28,Active
1372,EMP-001372,89,Benjamin King,Operations,Engineer,2018-08-15,Active
1373,EMP-001373,62,Austin Hernandez,Human Resources,Operator,2018-04-03,Active
1374,EMP-001374,31,Jessica Carrillo,Maintenance,Specialist,2018-04-25,Active
1375,EMP-001375,45,David Williams,Maintenance,Supervisor,2017-12-26,Active
1376,EMP-001376,60,Heather Lowe,IT,Engineer,2016-10-27,Active
1377,EMP-001377,77,William Gray,Operations,Manager,2018-11-24,Active
1378,EMP-001378,68,Larry Harris,Finance,Specialist,2018-05-31,Active
1379,EMP-001379,4,Debra Allen,Human Resources,Specialist,2018-02-08,Active
1380,EMP-001380,20,Jerry Robertson,Operations,Operator,2017-01-12,Active
1381,EMP-001381,27,Michael Young,Sales,Manager,2018-10-09,Active
1382,EMP-001382,100,Kimberly Miller,Maintenance,Analyst,2018-07-06,Active
1383,EMP-001383,25,Marvin Estrada,Maintenance,Specialist,2017-06-30,Active
1384,EMP-001384,18,Jesse Burns,Human Resources,Operator,2018-06-19,Active
1385,EMP-001385,91,Kimberly Liu,Supply Chain,Engineer,2017-08-08,Inactive
1386,EMP-001386,9,Kim Estrada,Supply Chain,Analyst,2017-10-09,Active
1387,EMP-001387,40,Veronica Winters,Operations,Engineer,2016-12-28,Active
1388,EMP-001388,74,Ms. Tammy Morris DDS,IT,Analyst,2018-09-15,Active
1389,EMP-001389,91,Stephanie Shea,Finance,Specialist,2017-02-28,Active
1390,EMP-001390,82,Brandon Anderson,Operations,Coordinator,2017-01-14,Active
1391,EMP-001391,59,James Thomas,Operations,Operator,2018-09-25,Active
1392,EMP-001392,17,Megan Stone MD,Sales,Manager,2017-11-30,Active
1393,EMP-001393,60,Kimberly Jimenez,Sales,Analyst,2017-05-02,Active
1394,EMP-001394,17,Jeffery White,Operations,Coordinator,2016-12-07,Inactive
1395,EMP-001395,18,David Green,Operations,Coordinator,2018-11-17,Active
1396,EMP-001396,23,Thomas Tucker,IT,Manager,2016-09-15,Active
1397,EMP-001397,29,Richard Reed,Operations,Operator,2018-02-02,Active
1398,EMP-001398,60,Brian Kirk,Finance,Engineer,2016-10-09,Active
1399,EMP-001399,38,Kevin Robinson,Supply Chain,Supervisor,2018-02-22,Active
1400,EMP-001400,56,Henry Potter,Sales,Operator,2016-11-05,Inactive
1401,EMP-001401,18,Taylor Conrad,Human Resources,Engineer,2018-11-06,Active
1402,EMP-001402,58,Catherine Burgess,Sales,Analyst,2017-12-21,Active
1403,EMP-001403,19,Jeanette Adams,IT,Specialist,2016-03-25,Active
1404,EMP-001404,7,Sara Hines,Operations,Engineer,2016-09-29,Active
1405,EMP-001405,2,Walter Hughes,Operations,Supervisor,2017-09-28,Active
1406,EMP-001406,70,Frank Murphy,Finance,Manager,2018-02-26,Active
1407,EMP-001407,71,Kathy Jefferson DVM,Sales,Engineer,2016-06-22,Active
1408,EMP-001408,30,Aaron Pace,Operations,Supervisor,2018-03-24,Active
1409,EMP-001409,75,Lauren Young,Supply Chain,Supervisor,2017-01-28,Active
1410,EMP-001410,46,Kevin Newman,Operations,Specialist,2016-11-15,Active
1411,EMP-001411,47,Cindy Reilly,Finance,Operator,2018-01-16,Active
1412,EMP-001412,19,Kristin Padilla,Maintenance,Coordinator,2017-11-17,Active
1413,EMP-001413,56,Scott Suarez,Sales,Operator,2016-10-09,Inactive
1414,EMP-001414,52,Samuel Cuevas,Finance,Coordinator,2016-12-20,Active
1415,EMP-001415,55,Jeffrey Boyer,Operations,Analyst,2016-08-30,Active
1416,EMP-001416,27,David Case,Human Resources,Analyst,2016-04-13,Active
1417,EMP-001417,9,Tammy Moore,Finance,Supervisor,2016-09-30,Active
1418,EMP-001418,62,Dorothy Haley,Sales,Operator,2017-09-02,Active
1419,EMP-001419,24,Virginia Jones,Supply Chain,Engineer,2017-06-24,Active
1420,EMP-001420,21,Sabrina Brennan,Maintenance,Analyst,2017-10-27,Active
1421,EMP-001421,7,Bradley Lowe,Sales,Engineer,2016-11-16,Active
1422,EMP-001422,9,Tina Thomas,Finance,Supervisor,2016-11-02,Active
1423,EMP-001423,64,Tiffany Jackson,IT,Specialist,2017-07-23,Active
1424,EMP-001424,84,Sarah Wallace,Supply Chain,Engineer,2018-10-05,Active
1425,EMP-001425,62,Trevor Morales,Supply Chain,Analyst,2017-06-26,Active
1426,EMP-001426,47,Cynthia Robinson,Supply Chain,Specialist,2016-10-06,Active
1427,EMP-001427,30,Michael Gillespie,Supply Chain,Supervisor,2018-02-01,Active
1428,EMP-001428,26,Lisa Carroll,Human Resources,Coordinator,2018-01-15,Active
1429,EMP-001429,8,Michelle Merritt,Operations,Analyst,2016-07-09,Active
1430,EMP-001430,90,Lindsey Price,Maintenance,Coordinator,2018-03-18,Active
1431,EMP-001431,32,Jessica Riggs,IT,Coordinator,2016-07-30,Active
1432,EMP-001432,69,Lisa Thomas,Finance,Coordinator,2018-11-03,Active
1433,EMP-001433,11,Douglas Gonzalez,Operations,Analyst,2017-12-17,Active
1434,EMP-001434,58,Mary Waller,Maintenance,Specialist,2018-10-19,Active
1435,EMP-001435,7,Matthew Yates,Operations,Manager,2017-05-11,Active
1436,EMP-001436,34,Jessica Lewis,Human Resources,Supervisor,2016-09-05,Active
1437,EMP-001437,1,Anne Baker,Sales,Operator,2018-09-09,Active
1438,EMP-001438,63,Michael Blair,Supply Chain,Specialist,2017-10-16,Active
1439,EMP-001439,50,Richard Hale,IT,Supervisor,2016-03-29,Active
1440,EMP-001440,6,Nicole Thompson,Operations,Analyst,2017-01-22,Active
1441,EMP-001441,42,Jacob Schmidt,Sales,Engineer,2016-05-13,Active
1442,EMP-001442,93,Susan Valdez,Supply Chain,Operator,2018-06-11,Active
1443,EMP-001443,21,Latoya Ellison,Finance,Operator,2016-12-09,Active
1444,EMP-001444,53,Joseph Phillips,IT,Operator,2018-08-20,Active
1445,EMP-001445,96,Sabrina King,IT,Manager,2017-09-09,Active
1446,EMP-001446,75,Sara Gates,Supply Chain,Operator,2017-08-08,Inactive
1447,EMP-001447,7,Antonio Alexander,Sales,Operator,2018-06-28,Active
1448,EMP-001448,98,Jennifer Mercado,Human Resources,Specialist,2016-07-27,Inactive
1449,EMP-001449,30,Sandra Sosa,Human Resources,Analyst,2016-09-18,Active
1450,EMP-001450,15,Melissa Bell,Sales,Specialist,2018-12-19,Active
1451,EMP-001451,73,Clinton Lopez,Sales,Manager,2018-11-20,Active
1452,EMP-001452,25,Connie Valdez,Maintenance,Analyst,2016-06-02,Inactive
1453,EMP-001453,28,Heather Sparks DVM,Human Resources,Coordinator,2017-03-17,Inactive
1454,EMP-001454,21,Zachary Day,Maintenance,Analyst,2018-02-11,Active
1455,EMP-001455,88,Melanie Heath,Supply Chain,Analyst,2018-01-29,Active
1456,EMP-001456,3,Kenneth Nelson,Operations,Coordinator,2016-04-13,Active
1457,EMP-001457,11,Paul Graves,Human Resources,Operator,2018-12-01,Active
1458,EMP-001458,32,Christopher Warren,Sales,Supervisor,2017-04-05,Active
1459,EMP-001459,36,Gregory Cook,IT,Operator,2017-05-11,Active
1460,EMP-001460,71,Holly Vaughn,Human Resources,Analyst,2017-06-01,Active
1461,EMP-001461,12,Brittany Brewer,Supply Chain,Analyst,2018-10-25,Active
1462,EMP-001462,31,Sylvia Moore,IT,Engineer,2016-09-03,Active
1463,EMP-001463,71,Thomas Jones,Finance,Specialist,2018-10-23,Active
1464,EMP-001464,83,Rebecca Adams,Supply Chain,Manager,2016-09-30,Inactive
1465,EMP-001465,85,Holly Doyle,Sales,Specialist,2018-01-30,Active
1466,EMP-001466,82,Joshua Reyes Jr.,Sales,Analyst,2016-03-12,Active
1467,EMP-001467,77,Peter Murphy,Sales,Supervisor,2016-02-08,Active
1468,EMP-001468,50,Katelyn Spencer,Sales,Supervisor,2018-07-22,Active
1469,EMP-001469,32,Jordan West,Finance,Specialist,2016-10-11,Active
1470,EMP-001470,8,Christopher Giles,Operations,Manager,2016-06-30,Inactive
1471,EMP-001471,14,Briana Vaughn,IT,Operator,2018-09-26,Active
1472,EMP-001472,37,Tristan Anderson,Finance,Specialist,2017-03-28,Active
1473,EMP-001473,43,Carolyn Wood,Maintenance,Operator,2017-11-21,Active
1474,EMP-001474,43,Bradley Edwards,Human Resources,Engineer,2018-03-11,Active
1475,EMP-001475,14,Christopher Wilson,IT,Analyst,2016-08-30,Active
1476,EMP-001476,67,John Williams,Operations,Manager,2017-08-24,Active
1477,EMP-001477,33,Linda Grant,Maintenance,Operator,2017-06-09,Active
1478,EMP-001478,90,Karen Lozano,Finance,Specialist,2018-12-05,Active
1479,EMP-001479,94,Nicholas Long,Finance,Specialist,2018-11-09,Active
1480,EMP-001480,8,Dawn Wise,Human Resources,Supervisor,2017-09-03,Active
1481,EMP-001481,13,Belinda Bennett DDS,IT,Manager,2016-07-22,Active
1482,EMP-001482,58,Katherine Jones,IT,Manager,2016-08-06,Active
1483,EMP-001483,11,Chelsea Villa,Sales,Manager,2016-03-11,Active
1484,EMP-001484,40,Lisa Smith,Human Resources,Engineer,2016-08-11,Active
1485,EMP-001485,40,Sheila Green,Supply Chain,Manager,2016-05-15,Active
1486,EMP-001486,17,Thomas Barnes,Maintenance,Analyst,2018-06-23,Active
1487,EMP-001487,50,Danielle Murray,Supply Chain,Operator,2016-04-28,Active
1488,EMP-001488,93,Kelsey Brown,Maintenance,Engineer,2018-11-22,Active
1489,EMP-001489,7,Brian Higgins,Sales,Coordinator,2017-10-13,Active
1490,EMP-001490,89,Carrie Weiss,Sales,Engineer,2016-07-14,Active
1491,EMP-001491,41,Jamie Gilbert,Finance,Operator,2016-01-24,Active
1492,EMP-001492,49,Tracy Crawford,Finance,Supervisor,2016-06-26,Active
1493,EMP-001493,49,Brittany Castillo,Sales,Coordinator,2017-09-27,Active
1494,EMP-001494,35,Aaron Colon,Supply Chain,Analyst,2016-04-09,Active
1495,EMP-001495,6,Tasha Lopez,Human Resources,Specialist,2017-06-10,Active
1496,EMP-001496,10,Steven Jackson,Sales,Operator,2016-09-11,Active
1497,EMP-001497,28,Anthony Garcia,Operations,Coordinator,2016-01-29,Active
1498,EMP-001498,48, Donna Baker ,Human Resources,Specialist,2016-06-10,Active
1499,EMP-001499,57,Jason Payne,Human Resources,Coordinator,2017-10-30,Active
1500,EMP-001500,37,Ashley Jefferson,Human Resources,Operator,2016-01-22,Inactive
1501,EMP-001501,35,William Jackson,Sales,Specialist,2016-05-27,Inactive
1502,EMP-001502,75,Michael Delacruz,Human Resources,Specialist,2018-09-06,Active
1503,EMP-001503,55,Ashley Taylor,Finance,Manager,2018-09-06,Active
1504,EMP-001504,54,Samantha Lewis,Sales,Supervisor,2018-05-10,Inactive
1505,EMP-001505,60,Patricia Liu,Human Resources,Operator,2018-03-20,Active
1506,EMP-001506,37,Monica Thomas MD,Maintenance,Analyst,2017-01-03,Active
1507,EMP-001507,84,Judith Jacobs,Operations,Operator,2016-12-11,Active
1508,EMP-001508,37,Heidi Hernandez,Human Resources,Manager,2016-01-21,Active
1509,EMP-001509,80,Christine Huang,Sales,Analyst,2016-04-24,Active
1510,EMP-001510,94,Donald Lee,Supply Chain,Coordinator,2016-12-21,Active
1511,EMP-001511,73,Anthony Smith,Maintenance,Coordinator,2018-06-29,Active
1512,EMP-001512,58,Hannah Neal,Sales,Engineer,2016-09-26,Active
1513,EMP-001513,23,Marissa Shepard,Human Resources,Engineer,2016-12-20,Active
1514,EMP-001514,41,George Schmitt,Finance,Manager,2018-11-12,Inactive
1515,EMP-001515,5,Donald Jimenez,IT,Analyst,2017-10-04,Active
1516,EMP-001516,88,Juan Jones,Operations,Supervisor,2017-06-02,Active
1517,EMP-001517,85,Mark Drake,Human Resources,Analyst,2017-06-24,Active
1518,EMP-001518,99,Barbara Carpenter,Supply Chain,Engineer,2017-08-17,Active
1519,EMP-001519,57,Charles Briggs,Maintenance,Manager,2016-10-20,Active
1520,EMP-001520,47,Matthew Pena,Operations,Engineer,2016-03-09,Active
1521,EMP-001521,76,Ashley Baker,Finance,Supervisor,2016-04-22,Active
1522,EMP-001522,72,Mrs. Kari Lewis,Finance,Specialist,2017-08-10,Active
1523,EMP-001523,23,Omar Bell,Operations,Specialist,2018-04-01,Active
1524,EMP-001524,93,James Thompson,Maintenance,Operator,2016-10-15,Active
1525,EMP-001525,29,Richard Hughes,Finance,Operator,2017-11-21,Active
1526,EMP-001526,23,Gregory Carroll,Sales,Manager,2016-12-13,Active
1527,EMP-001527,82,Beverly Brewer,Human Resources,Engineer,2017-08-04,Inactive
1528,EMP-001528,75,Joshua Thomas,Maintenance,Supervisor,2018-11-25,Inactive
1529,EMP-001529,54,Joan Ellison,Operations,Engineer,2017-11-27,Active
1530,EMP-001530,84,Nancy Burton,Operations,Engineer,2018-11-19,Active
1531,EMP-001531,14,John Brewer,Finance,Coordinator,2016-12-11,Active
1532,EMP-001532,44,Mark Wright,IT,Coordinator,2017-04-16,Active
1533,EMP-001533,41,Jennifer Roth,Human Resources,Engineer,2018-03-26,Active
1534,EMP-001534,72,Anthony Mcmillan,Sales,Engineer,2017-09-30,Active
1535,EMP-001535,72,Darin Ramsey,Operations,Analyst,2017-04-30,Active
1536,EMP-001536,4,Tina Steele,Finance,Operator,2017-10-26,Active
1537,EMP-001537,32,Andrew Hubbard,Sales,Analyst,2018-09-23,Active
1538,EMP-001538,66,Casey Kaiser,Finance,Specialist,2017-08-22,Active
1539,EMP-001539,60,William Brown,Operations,Engineer,2017-07-10,Active
1540,EMP-001540,63,Bonnie Wolf,Human Resources,Manager,2016-05-31,Active
1541,EMP-001541,42,Kathleen Parker,IT,Manager,2018-12-03,Active
1542,EMP-001542,5,Michael Barnett,Sales,Engineer,2018-07-24,Active
1543,EMP-001543,45,Melinda Sanders,Supply Chain,Analyst,2016-05-05,Inactive
1544,EMP-001544,67,Theresa Lawson,Supply Chain,Supervisor,2018-05-11,Active
1545,EMP-001545,54,David Shaw,IT,Coordinator,2016-08-17,Active
1546,EMP-001546,40,Kathy Mcintyre,Operations,Coordinator,2018-09-13,Active
1547,EMP-001547,60,Patricia Beck,Human Resources,Engineer,2017-10-17,Active
1548,EMP-001548,19,Alicia Gonzales,Finance,Specialist,2016-05-07,Active
1549,EMP-001549,97,Tina Dean PhD,Operations,Supervisor,2016-03-29,Active
1550,EMP-001550,51,Daniel Mitchell,IT,Supervisor,2017-11-06,Active
1551,EMP-001551,40,Sarah Young,Operations,Manager,2016-12-01,Active
1552,EMP-001552,34,Christine Miller,Supply Chain,Operator,2017-01-14,Active
1553,EMP-001553,44,Kevin Perkins,Sales,Analyst,2017-04-22,Active
1554,EMP-001554,62,Dorothy Mitchell,Finance,Supervisor,2017-02-04,Active
1555,EMP-001555,37,Dr. Catherine Wilkinson,Sales,Manager,2016-04-19,Active
1556,EMP-001556,34,Jordan Thomas,IT,Supervisor,2018-10-02,Active
1557,EMP-001557,7,Drew Dean,Operations,Manager,2016-03-23,Active
1558,EMP-001558,2,Michael Gentry DDS,Operations,Supervisor,2017-03-07,Active
1559,EMP-001559,39,Dana Lopez,Maintenance,Supervisor,2017-05-27,Active
1560,EMP-001560,9,Colleen Russell,Human Resources,Engineer,2018-10-14,Active
1561,EMP-001561,56,David Anderson,Sales,Engineer,2017-01-09,Active
1562,EMP-001562,47,Joshua Moore,IT,Operator,2017-07-28,Active
1563,EMP-001563,9,Travis Reese,Sales,Analyst,2017-11-10,Active
1564,EMP-001564,11,Heidi Sawyer,Finance,Coordinator,2017-02-08,Active
1565,EMP-001565,56,Jeff Collins,Maintenance,Specialist,2017-04-19,Active
1566,EMP-001566,91,Jennifer Bishop,IT,Specialist,2018-12-08,Active
1567,EMP-001567,28,Shelia Myers,Supply Chain,Manager,2018-04-07,Active
1568,EMP-001568,62,Elizabeth Richardson MD,Sales,Engineer,2018-12-06,Active
1569,EMP-001569,47,Maria Bridges,Maintenance,Operator,2018-08-09,Inactive
1570,EMP-001570,70,Steve Hardin,Operations,Engineer,2017-03-05,Active
1571,EMP-001571,3,Alexander Brown,Human Resources,Specialist,2018-04-01,Active
1572,EMP-001572,22,David Hale,Finance,Manager,2017-07-21,Active
1573,EMP-001573,71,Albert Hunter,Finance,Coordinator,2018-10-25,Active
1574,EMP-001574,46,Christopher Smith,Human Resources,Supervisor,2016-06-10,Active
1575,EMP-001575,88,Olivia Walls,Sales,Analyst,2017-04-15,Active
1576,EMP-001576,33,Michael Rowland,Maintenance,Supervisor,2016-11-16,Active
1577,EMP-001577,36,Erika Ramos,Maintenance,Operator,2016-09-08,Active
1578,EMP-001578,68,April Jones,Operations,Engineer,2018-01-17,Active
1579,EMP-001579,33,Robert Walsh,Supply Chain,Supervisor,2017-09-26,Active
1580,EMP-001580,1,Barbara Chen,Sales,Operator,2016-10-22,Active
1581,EMP-001581,54,Cheryl Lewis,Human Resources,Specialist,2018-10-28,Active
1582,EMP-001582,4,Shelly Hensley,Operations,Specialist,2016-05-22,Active
1583,EMP-001583,77,Taylor Weber,Operations,Analyst,2018-10-08,Active
1584,EMP-001584,33,Casey Campbell,IT,Specialist,2017-02-24,Active
1585,EMP-001585,71,Matthew Klein,Human Resources,Specialist,2016-04-02,Active
1586,EMP-001586,19,Tiffany Farrell,Finance,Engineer,2016-10-22,Active
1587,EMP-001587,98,Cory Myers,Finance,Engineer,2018-03-06,Active
1588,EMP-001588,61,Rebecca Williams,Operations,Specialist,2016-05-16,Active
1589,EMP-001589,60,Alexis Le,Sales,Operator,2016-06-16,Active
1590,EMP-001590,21,Kerry Robinson,Supply Chain,Analyst,2018-09-01,Active
1591,EMP-001591,67,Brian Bradshaw,Maintenance,Specialist,2018-12-29,Active
1592,EMP-001592,98,Martin Campbell,Operations,Specialist,2018-11-07,Active
1593,EMP-001593,73,Shelby Paul,Operations,Manager,2017-09-15,Active
1594,EMP-001594,99,Katie Ramirez,Operations,Specialist,2018-09-09,Active
1595,EMP-001595,31,Monique Garcia,Sales,Operator,2017-02-05,Active
1596,EMP-001596,81,Alexandra Fritz,Supply Chain,Supervisor,2017-04-18,Active
1597,EMP-001597,25,Victoria Price,Operations,Specialist,2016-01-25,Active
1598,EMP-001598,88,Donald Hahn,Finance,Supervisor,2016-01-27,Active
1599,EMP-001599,14,Patricia Dennis,Human Resources,Analyst,2016-03-02,Active
1600,EMP-001600,3,Alicia Glenn,Finance,Manager,2016-02-26,Active
1601,EMP-001601,84,Crystal Wolfe,Operations,Manager,2017-04-09,Active
1602,EMP-001602,81,Brian Brown,Finance,Manager,2018-02-26,Active
1603,EMP-001603,45,Kathryn Peterson,Human Resources,Analyst,2017-12-04,Active
1604,EMP-001604,69,Justin Rodriguez,Finance,Engineer,2016-09-18,Active
1605,EMP-001605,60,Kevin Turner,Operations,Operator,2018-01-25,Active
1606,EMP-001606,83,Jessica Byrd,Finance,Manager,2018-10-01,Active
1607,EMP-001607,53,James Wu,Maintenance,Manager,2016-02-04,Active
1608,EMP-001608,49,Karen Snyder,Supply Chain,Specialist,2017-08-06,Active
1609,EMP-001609,92,David Avila,IT,Analyst,2017-11-18,Active
1610,EMP-001610,68,Jacob May,IT,Operator,2018-10-22,Active
1611,EMP-001611,99,Sarah Robinson,Maintenance,Supervisor,2016-05-08,Active
1612,EMP-001612,77,Robert Arias,Supply Chain,Supervisor,2018-09-08,Active
1613,EMP-001613,99,Larry Lopez,Maintenance,Manager,2017-07-30,Active
1614,EMP-001614,67,Duane Nelson,IT,Analyst,2017-09-08,Active
1615,EMP-001615,65,Kelli Hoover,Operations,Operator,2018-02-07,Active
1616,EMP-001616,49,Miss Patricia Payne DDS,Operations,Coordinator,2016-06-13,Active
1617,EMP-001617,39,Joseph Howard,Finance,Engineer,2017-11-04,Active
1618,EMP-001618,8,Jennifer Robinson,Operations,Manager,2018-09-14,Active
1619,EMP-001619,14,Tina Larson,Maintenance,Manager,2017-10-07,Active
1620,EMP-001620,65,Michael Wiley,Maintenance,Analyst,2016-09-30,Active
1621,EMP-001621,77,Karen Garcia,Operations,Supervisor,2016-06-30,Active
1622,EMP-001622,2,Kevin Gentry,Operations,Specialist,2016-06-12,Active
1623,EMP-001623,13,Jasmine Johnson,Sales,Analyst,2018-04-13,Active
1624,EMP-001624,10,Leah Gray,Sales,Analyst,2016-09-24,Active
1625,EMP-001625,3,Amy Adams,Human Resources,Coordinator,2016-08-16,Active
1626,EMP-001626,45,James Casey,Sales,Operator,2018-04-26,Active
1627,EMP-001627,35,Jesse Smith,Human Resources,Supervisor,2018-12-11,Inactive
1628,EMP-001628,62,Maria Gardner,Maintenance,Supervisor,2017-04-03,Active
1629,EMP-001629,76,Jason Lawrence,Finance,Specialist,2018-09-11,Active
1630,EMP-001630,78,Tammy Ward,Maintenance,Engineer,2016-07-14,Active
1631,EMP-001631,97,Timothy Everett,Finance,Supervisor,2018-07-15,Active
1632,EMP-001632,12,Lisa Allen,Operations,Engineer,2018-09-09,Active
1633,EMP-001633,70,Thomas Woods,Sales,Coordinator,2016-08-14,Active
1634,EMP-001634,33,Adam Butler,Finance,Coordinator,2017-03-25,Active
1635,EMP-001635,40,Kyle Young,Human Resources,Coordinator,2018-02-28,Active
1636,EMP-001636,35,Ethan Nguyen,IT,Analyst,2017-10-26,Active
1637,EMP-001637,17,Zoe Nelson,Supply Chain,Operator,2018-10-01,Active
1638,EMP-001638,72,Laura Rosales,Maintenance,Supervisor,2017-01-12,Active
1639,EMP-001639,97,Heather Leon,Operations,Operator,2018-11-06,Active
1640,EMP-001640,47,Yvonne Robinson,Finance,Operator,2018-06-13,Active
1641,EMP-001641,61,Ronald Perez,Finance,Coordinator,2018-12-17,Active
1642,EMP-001642,63,Stephen Miranda,Human Resources,Coordinator,2018-07-05,Inactive
1643,EMP-001643,37,Todd Hawkins,Maintenance,Supervisor,2017-10-04,Active
1644,EMP-001644,75,Wanda Garcia,Finance,Operator,2016-12-23,Active
1645,EMP-001645,28,Julie Cox,Maintenance,Manager,2018-01-23,Inactive
1646,EMP-001646,25,Jeffrey Burns,Human Resources,Manager,2018-07-10,Active
1647,EMP-001647,15,Daniel Reynolds,Sales,Analyst,2016-03-29,Active
1648,EMP-001648,89,Kendra Thomas,Sales,Operator,2016-07-18,Active
1649,EMP-001649,32,Andrew Elliott MD,Sales,Coordinator,2017-04-02,Active
1650,EMP-001650,55,Cindy Callahan,Supply Chain,Operator,2018-04-02,Active
1651,EMP-001651,19,Jennifer Mckenzie,Maintenance,Specialist,2017-10-08,Active
1652,EMP-001652,62,Chris Garza,Supply Chain,Analyst,2016-10-21,Active
1653,EMP-001653,29,Greg Harmon,Supply Chain,Engineer,2018-09-02,Active
1654,EMP-001654,36,Joel Martinez,Supply Chain,Coordinator,2016-06-09,Active
1655,EMP-001655,53,Russell Singleton,Maintenance,Supervisor,2018-08-29,Active
1656,EMP-001656,68,Sean Navarro,Finance,Specialist,2017-12-28,Active
1657,EMP-001657,100,Michael Figueroa,Finance,Coordinator,2016-02-14,Active
1658,EMP-001658,43,Michelle Davis,Supply Chain,Operator,2017-11-24,Active
1659,EMP-001659,51,Sonia Rivas,Human Resources,Engineer,2018-08-17,Active
1660,EMP-001660,43,Jose Page,Sales,Operator,2016-06-19,Active
1661,EMP-001661,77,Steven Robles,Finance,Supervisor,2016-12-20,Inactive
1662,EMP-001662,84,James Mcdonald,Operations,Coordinator,2018-07-08,Active
1663,EMP-001663,43,Peggy Vance,Human Resources,Operator,2017-10-16,Active
1664,EMP-001664,65,Anthony Fox,Human Resources,Analyst,2018-03-10,Active
1665,EMP-001665,87,Jason Munoz,Sales,Specialist,2016-04-27,Active
1666,EMP-001666,98,Veronica Brown,Finance,Supervisor,2017-10-12,Inactive
1667,EMP-001667,95,Joshua Sutton,Operations,Specialist,2017-07-31,Active
1668,EMP-001668,47,Yvonne Hughes,IT,Manager,2017-06-27,Active
1669,EMP-001669,40,Elizabeth Lowery,Maintenance,Supervisor,2017-03-04,Active
1670,EMP-001670,39,Brandon Daniels,Finance,Supervisor,2016-09-23,Active
1671,EMP-001671,51,Laura Sanchez,Supply Chain,Manager,2016-03-07,Active
1672,EMP-001672,86,Ronald Oconnell,Finance,Supervisor,2017-03-28,Active
1673,EMP-001673,92,Jared Robinson,IT,Manager,2017-08-29,Active
1674,EMP-001674,3,Gary Lowe II,Sales,Manager,2018-01-23,Active
1675,EMP-001675,27,Kyle Baker,Human Resources,Supervisor,2018-08-19,Active
1676,EMP-001676,82,Alexandra Adams,IT,Operator,2016-08-03,Active
1677,EMP-001677,28,Dawn King,Operations,Specialist,2016-10-03,Active
1678,EMP-001678,8,Morgan Anderson,Sales,Manager,2018-03-11,Active
1679,EMP-001679,89,Roger Elliott,Finance,Analyst,2016-12-13,Active
1680,EMP-001680,86,Keith Meyer,Supply Chain,Operator,2016-06-23,Active
1681,EMP-001681,74,Katherine Baker,Supply Chain,Coordinator,2018-11-30,Active
1682,EMP-001682,5,Margaret Douglas,Sales,Engineer,2018-10-23,Active
1683,EMP-001683,24,Juan Glenn,Maintenance,Operator,2018-02-08,Active
1684,EMP-001684,35,Pamela Sanchez,IT,Manager,2017-01-08,Inactive
1685,EMP-001685,45,Eugene Edwards,IT,Supervisor,2016-06-06,Active
1686,EMP-001686,24,Christopher Terry,Supply Chain,Coordinator,2017-07-14,Inactive
1687,EMP-001687,12,Nicholas Perry Jr.,Human Resources,Coordinator,2016-04-29,Active
1688,EMP-001688,93,Cynthia Stein,Finance,Engineer,2016-11-02,Active
1689,EMP-001689,11,Kimberly Foley,Maintenance,Specialist,2017-01-12,Active
1690,EMP-001690,63,Jordan Jefferson,Sales,Operator,2017-12-01,Active
1691,EMP-001691,75,Mallory Harris,Operations,Supervisor,2016-06-06,Active
1692,EMP-001692,54,Gabriel Bradshaw,Supply Chain,Analyst,2018-04-14,Active
1693,EMP-001693,46,Kevin Ward,Supply Chain,Coordinator,2016-11-21,Active
1694,EMP-001694,32,Rhonda Nash,Finance,Engineer,2017-05-24,Active
1695,EMP-001695,51, Brent Harper ,Supply Chain,Engineer,2017-04-20,Active
1696,EMP-001696,51,Mr. Matthew Bruce,Human Resources,Operator,2017-07-02,Active
1697,EMP-001697,51,James Martin,Finance,Supervisor,2016-08-13,Active
1698,EMP-001698,81,Robert Moran,IT,Analyst,2017-07-26,Active
1699,EMP-001699,92,David Knapp,Supply Chain,Engineer,2018-12-08,Active
1700,EMP-001700,32,Steve Rivera,Maintenance,Analyst,2017-12-15,Inactive
1701,EMP-001701,14,Brittany White,Maintenance,Manager,2017-05-14,Active
1702,EMP-001702,71,Matthew Tucker,Finance,Analyst,2016-04-02,Active
1703,EMP-001703,19,Dustin Bender,IT,Engineer,2018-01-06,Inactive
1704,EMP-001704,31,Gloria Griffith,Supply Chain,Specialist,2018-11-06,Active
1705,EMP-001705,95,Rodney Conley,Sales,Engineer,2018-06-12,Active
1706,EMP-001706,74,Alexander Scott,Sales,Manager,2016-09-15,Active
1707,EMP-001707,27,Sheryl Valencia,Supply Chain,Manager,2017-05-29,Active
1708,EMP-001708,55,Christopher Griffin,Sales,Supervisor,2016-04-21,Active
1709,EMP-001709,17,Rachael Christensen,IT,Analyst,2016-01-26,Active
1710,EMP-001710,84,Dennis Garcia,Supply Chain,Coordinator,2018-06-02,Active
1711,EMP-001711,55,Evan Floyd,IT,Specialist,2016-08-14,Active
1712,EMP-001712,2,Jennifer Taylor,IT,Analyst,2016-04-16,Active
1713,EMP-001713,25,Joshua Davis,Finance,Specialist,2017-03-06,Active
1714,EMP-001714,52,Amy Ellis,Operations,Manager,2016-07-01,Active
1715,EMP-001715,2,John Martin,Maintenance,Specialist,2016-09-05,Active
1716,EMP-001716,25,Monica Wagner,Human Resources,Analyst,2016-03-04,Active
1717,EMP-001717,11,Beverly Long,IT,Coordinator,2018-11-16,Active
1718,EMP-001718,96,Sara Carlson,Maintenance,Engineer,2017-12-27,Active
1719,EMP-001719,53,Margaret Day,Human Resources,Analyst,2017-05-02,Active
1720,EMP-001720,25,Meghan Mathis,Human Resources,Manager,2018-04-08,Active
1721,EMP-001721,24,Sarah Jones,Maintenance,Supervisor,2016-12-23,Active
1722,EMP-001722,18,Kyle Stone,Maintenance,Supervisor,2016-11-26,Active
1723,EMP-001723,19,Alyssa Porter,IT,Coordinator,2017-08-30,Active
1724,EMP-001724,28,Justin Mendoza,Operations,Supervisor,2016-09-22,Active
1725,EMP-001725,1,Emma Quinn,Maintenance,Operator,2016-06-12,Active
1726,EMP-001726,53,Jonathon Williams,Sales,Coordinator,2016-05-12,Active
1727,EMP-001727,19,Paige Perkins,Supply Chain,Manager,2016-09-16,Active
1728,EMP-001728,97,Brian Baker,IT,Manager,2017-03-11,Active
1729,EMP-001729,15,Jennifer Cohen,Human Resources,Supervisor,2018-04-10,Active
1730,EMP-001730,74,Heather Vargas,Human Resources,Coordinator,2018-02-23,Active
1731,EMP-001731,19,Bryan Carter,IT,Engineer,2016-12-14,Active
1732,EMP-001732,95,Wendy Flores,Sales,Manager,2016-08-17,Active
1733,EMP-001733,84,James Edwards,IT,Coordinator,2017-04-04,Active
1734,EMP-001734,11,Christopher Williams,Human Resources,Supervisor,2016-08-10,Active
1735,EMP-001735,13,Lisa Barton,Operations,Coordinator,2018-12-19,Active
1736,EMP-001736,97,Laura Smith,Human Resources,Operator,2016-11-05,Active
1737,EMP-001737,18,Jennifer Jackson,Maintenance,Engineer,2016-03-23,Active
1738,EMP-001738,73,Michael Alvarez,Sales,Manager,2018-10-10,Active
1739,EMP-001739,4,Valerie Jordan,Maintenance,Manager,2018-06-03,Active
1740,EMP-001740,63,George Campbell,Operations,Manager,2016-06-09,Active
1741,EMP-001741,89,Carla Chase,Finance,Manager,2016-02-19,Inactive
1742,EMP-001742,42,Henry Anderson,Human Resources,Manager,2017-10-19,Active
1743,EMP-001743,6,Phillip Cruz,Supply Chain,Supervisor,2016-12-18,Active
1744,EMP-001744,15,John Monroe,Supply Chain,Coordinator,2016-10-10,Active
1745,EMP-001745,25,Lisa Fuentes MD,Human Resources,Coordinator,2018-07-02,Active
1746,EMP-001746,10,John Carroll,Human Resources,Supervisor,2016-01-08,Active
1747,EMP-001747,51,Samuel Lawrence,Finance,Specialist,2017-08-27,Active
1748,EMP-001748,4,Matthew Scott,Sales,Analyst,2016-01-02,Active
1749,EMP-001749,2,Arthur Evans,Finance,Specialist,2017-07-09,Active
1750,EMP-001750,93,Kristen Brennan,Sales,Manager,2017-01-03,Active
1751,EMP-001751,3,Keith Dillon,Sales,Supervisor,2018-06-20,Active
1752,EMP-001752,19,Lisa Green,Maintenance,Specialist,2017-12-01,Active
1753,EMP-001753,62,Stephanie Lopez,IT,Specialist,2018-03-18,Active
1754,EMP-001754,12,Carmen Johnson,Sales,Analyst,2016-03-12,Active
1755,EMP-001755,52,Shannon Roman,Human Resources,Analyst,2017-10-17,Active
1756,EMP-001756,45,Crystal Cook,Operations,Supervisor,2018-12-26,Active
1757,EMP-001757,91,Oscar Wagner,Human Resources,Engineer,2018-12-28,Active
1758,EMP-001758,25,Briana Nguyen,IT,Analyst,2018-04-22,Active
1759,EMP-001759,18,Gina English,IT,Engineer,2017-07-15,Active
1760,EMP-001760,20,Jason Frey,Supply Chain,Analyst,2018-09-13,Inactive
1761,EMP-001761,50,Donna Johnson,Finance,Supervisor,2018-03-18,Active
1762,EMP-001762,10,Anna Smith,Operations,Operator,2018-11-24,Active
1763,EMP-001763,14,Catherine Hayes,Operations,Supervisor,2016-10-31,Active
1764,EMP-001764,2,John Rodriguez,Human Resources,Specialist,2016-02-01,Active
1765,EMP-001765,6,Christina Pope,IT,Supervisor,2017-08-21,Active
1766,EMP-001766,89,Stephen Clark,IT,Operator,2017-07-05,Active
1767,EMP-001767,39,David Edwards,Sales,Analyst,2017-06-17,Active
1768,EMP-001768,62,Brittany Nelson,Sales,Manager,2018-10-23,Active
1769,EMP-001769,31,David Walker,IT,Specialist,2018-01-26,Active
1770,EMP-001770,53,Jason Holland,Finance,Operator,2017-06-08,Active
1771,EMP-001771,40,Michael Smith,IT,Operator,2018-06-29,Active
1772,EMP-001772,60,Allen Arroyo,Finance,Analyst,2018-07-14,Active
1773,EMP-001773,100,Grant Martin,Maintenance,Manager,2017-02-19,Active
1774,EMP-001774,34,Erin Salazar,Operations,Engineer,2018-02-15,Active
1775,EMP-001775,70,April Brown,IT,Specialist,2016-02-13,Active
1776,EMP-001776,16,Alison Thomas,Sales,Manager,2018-02-06,Active
1777,EMP-001777,6,Cassandra Castillo,Finance,Operator,2017-02-01,Active
1778,EMP-001778,87,Bailey Jenkins,Supply Chain,Engineer,2016-06-19,Active
1779,EMP-001779,47,Monica Ward,Operations,Coordinator,2018-01-04,Active
1780,EMP-001780,58,Christopher Smith,Operations,Analyst,2017-11-24,Active
1781,EMP-001781,63,Julie Gilbert,IT,Operator,2018-07-24,Active
1782,EMP-001782,80,Robert Campbell DDS,Maintenance,Supervisor,2016-08-24,Active
1783,EMP-001783,64,Mr. Anthony Soto Jr.,Human Resources,Analyst,2016-11-01,Active
1784,EMP-001784,79,Nicole Ray,Human Resources,Coordinator,2016-05-26,Active
1785,EMP-001785,4,Gregory Holmes,Human Resources,Coordinator,2018-07-08,Active
1786,EMP-001786,12,Alan Harris,IT,Analyst,2018-11-21,Active
1787,EMP-001787,84,Matthew Lopez,Finance,Manager,2016-02-21,Active
1788,EMP-001788,77,Kevin Rodriguez,Operations,Engineer,2018-04-01,Active
1789,EMP-001789,56,Danielle Turner,Supply Chain,Engineer,2017-02-15,Active
1790,EMP-001790,57,Jason Clark,Human Resources,Analyst,2017-10-31,Active
1791,EMP-001791,58,Brian Collins,Supply Chain,Coordinator,2018-03-28,Active
1792,EMP-001792,63,Kara Kline,Supply Chain,Analyst,2016-07-30,Active
1793,EMP-001793,96,Paula Fitzgerald,IT,Manager,2016-08-01,Active
1794,EMP-001794,57,Edwin Flores,Human Resources,Coordinator,2018-07-07,Active
1795,EMP-001795,61,James Kaiser,Operations,Coordinator,2017-03-01,Active
1796,EMP-001796,7,William Conway,Supply Chain,Engineer,2017-02-26,Active
1797,EMP-001797,31,Kristen Howard,Supply Chain,Supervisor,2016-06-28,Active
1798,EMP-001798,83,Brian Moore,IT,Manager,2018-08-24,Active
1799,EMP-001799,83,Jared Garcia,Human Resources,Manager,2018-11-30,Active
1800,EMP-001800,34,Leroy Spencer,IT,Analyst,2017-02-24,Active
1801,EMP-001801,84,Patricia Marshall,Sales,Manager,2018-07-20,Active
1802,EMP-001802,17,Jill Walsh,Human Resources,Coordinator,2018-04-07,Active
1803,EMP-001803,4,Yvette Williams,Supply Chain,Specialist,2017-06-10,Active
1804,EMP-001804,77,Emily Proctor,Operations,Coordinator,2016-03-27,Active
1805,EMP-001805,40,Tiffany Smith,Supply Chain,Engineer,2016-01-06,Active
1806,EMP-001806,100,Jay Thomas,Maintenance,Coordinator,2016-10-24,Active
1807,EMP-001807,73,Jacqueline Cox,IT,Coordinator,2017-11-18,Active
1808,EMP-001808,18,Joshua Aguilar,Human Resources,Specialist,2017-01-26,Active
1809,EMP-001809,52,John Morales,Finance,Analyst,2018-01-02,Active
1810,EMP-001810,1,Annette Allen,Sales,Analyst,2016-02-07,Inactive
1811,EMP-001811,11,Joseph Ballard,Operations,Operator,2018-07-26,Active
1812,EMP-001812,63,Michael Jacobs,IT,Analyst,2018-03-04,Active
1813,EMP-001813,85,Debra Lopez,Sales,Specialist,2018-06-02,Active
1814,EMP-001814,67,Billy Walker,Maintenance,Analyst,2017-12-21,Active
1815,EMP-001815,21,Alexis Camacho,Operations,Supervisor,2016-08-03,Active
1816,EMP-001816,95,Vickie Lang,Finance,Engineer,2017-04-30,Active
1817,EMP-001817,18,Brittany Hampton,Finance,Engineer,2016-07-20,Active
1818,EMP-001818,40,Oscar Dixon,IT,Analyst,2017-07-31,Active
1819,EMP-001819,77,Jasmine Huber,Supply Chain,Specialist,2018-05-22,Active
1820,EMP-001820,42,Kiara Ferguson,IT,Engineer,2018-03-12,Active
1821,EMP-001821,39,Kelli Stephens,Maintenance,Operator,2016-01-12,Active
1822,EMP-001822,72,Elijah Ortiz,Sales,Specialist,2016-07-02,Active
1823,EMP-001823,87,Patrick Perez,Operations,Coordinator,2016-02-03,Inactive
1824,EMP-001824,42,Leroy Manning,Operations,Manager,2017-04-10,Active
1825,EMP-001825,16,John Levine,Sales,Operator,2016-12-13,Active
1826,EMP-001826,2,Douglas Hill,Sales,Manager,2018-06-27,Active
1827,EMP-001827,26,Amy Heath,Sales,Manager,2016-09-15,Active
1828,EMP-001828,92,Kelsey Hoover,Operations,Supervisor,2018-07-18,Active
1829,EMP-001829,43,Benjamin Henry,Maintenance,Supervisor,2018-07-05,Active
1830,EMP-001830,61,Amanda Rice,Operations,Analyst,2018-07-12,Active
1831,EMP-001831,43,Andrew Wheeler,Maintenance,Analyst,2018-01-19,Active
1832,EMP-001832,57,Kyle Trevino,Human Resources,Manager,2018-07-06,Active
1833,EMP-001833,56,Anthony Hernandez,Maintenance,Operator,2017-01-22,Active
1834,EMP-001834,51,Lindsey Meyer,IT,Engineer,2017-09-10,Active
1835,EMP-001835,62,Dr. Laurie Parker MD,Operations,Engineer,2016-08-31,Active
1836,EMP-001836,76,Ricardo Singleton,Sales,Engineer,2016-01-29,Active
1837,EMP-001837,91,John Rocha,Operations,Specialist,2016-05-21,Active
1838,EMP-001838,80,Patrick Clark,Maintenance,Operator,2016-02-09,Active
1839,EMP-001839,72,Katherine Davis,Sales,Coordinator,2018-10-28,Active
1840,EMP-001840,58,John Lee,Operations,Specialist,2017-09-30,Active
1841,EMP-001841,54,Juan Baker,IT,Specialist,2017-03-26,Active
1842,EMP-001842,35,Gabriel Mcdonald,Finance,Coordinator,2017-06-08,Active
1843,EMP-001843,71,Patricia Cook,Supply Chain,Specialist,2017-08-09,Active
1844,EMP-001844,16,Tara Bishop,Maintenance,Engineer,2017-07-28,Active
1845,EMP-001845,29,Peter Cantrell,Supply Chain,Analyst,2017-12-07,Inactive
1846,EMP-001846,99,Aaron Carey,Maintenance,Supervisor,2016-04-03,Active
1847,EMP-001847,28,Anne Johnson,Sales,Supervisor,2017-03-31,Active
1848,EMP-001848,74,Mr. David Ortega MD,Operations,Supervisor,2017-09-04,Active
1849,EMP-001849,58,Tasha Garrison,IT,Supervisor,2018-08-15,Active
1850,EMP-001850,1,Joseph Wood,Finance,Supervisor,2016-06-11,Active
1851,EMP-001851,60,Leslie Harris,Finance,Operator,2016-05-30,Active
1852,EMP-001852,63,Brian Jordan,Supply Chain,Analyst,2016-11-05,Active
1853,EMP-001853,77,Eric Graham,Sales,Manager,2018-08-15,Active
1854,EMP-001854,3,George Mcclure,Supply Chain,Operator,2016-02-20,Active
1855,EMP-001855,99,Harry Hanson,Finance,Specialist,2016-11-08,Active
1856,EMP-001856,14,Katherine Taylor,Operations,Manager,2017-07-12,Active
1857,EMP-001857,15,Thomas Jackson,Human Resources,Specialist,2016-11-02,Active
1858,EMP-001858,58,Patricia Fernandez,IT,Specialist,2017-12-29,Active
1859,EMP-001859,82,Brittany Irwin,Supply Chain,Analyst,2017-11-17,Active
1860,EMP-001860,82,Lisa Garner,Sales,Coordinator,2018-08-17,Active
1861,EMP-001861,13,Teresa Kramer,Operations,Engineer,2017-12-30,Active
1862,EMP-001862,64,Keith Brooks,Operations,Operator,2018-09-02,Active
1863,EMP-001863,56,Kelly Stein,Operations,Supervisor,2017-03-11,Active
1864,EMP-001864,66,Alexis Rogers,Human Resources,Coordinator,2017-11-07,Active
1865,EMP-001865,13,Blake Wallace,Operations,Coordinator,2016-05-18,Active
1866,EMP-001866,72,Matthew Gonzales,Maintenance,Engineer,2016-01-23,Active
1867,EMP-001867,71,Lisa Peterson,Finance,Engineer,2016-05-03,Active
1868,EMP-001868,52,Mark Sherman,Operations,Coordinator,2018-04-16,Active
1869,EMP-001869,46,Jennifer Chang,Finance,Analyst,2017-09-26,Active
1870,EMP-001870,72,Amanda Ruiz,IT,Specialist,2018-09-16,Active
1871,EMP-001871,93,Melissa Patel DDS,Supply Chain,Engineer,2017-10-28,Inactive
1872,EMP-001872,92,Mrs. Kaitlyn Christian MD,Finance,Coordinator,2016-05-03,Active
1873,EMP-001873,97,Cheryl Taylor,Finance,Supervisor,2018-06-25,Active
1874,EMP-001874,86,Noah Bradley,Maintenance,Analyst,2017-11-08,Inactive
1875,EMP-001875,41,Patricia Mcdonald,Human Resources,Operator,2017-11-15,Active
1876,EMP-001876,65,Scott Franco,Operations,Engineer,2016-07-31,Active
1877,EMP-001877,25,David Davis,Maintenance,Manager,2017-03-23,Active
1878,EMP-001878,73,Alexis Gomez,Human Resources,Manager,2017-12-24,Active
1879,EMP-001879,4,Nathan Avery,Supply Chain,Supervisor,2018-01-27,Active
1880,EMP-001880,99, Sydney Logan ,Human Resources,Analyst,2018-04-24,Active
1881,EMP-001881,97,Seth Kelly,Finance,Manager,2017-06-19,Active
1882,EMP-001882,61,Lawrence Davis,Human Resources,Coordinator,2017-11-22,Active
1883,EMP-001883,40,Sandra Hendricks,Supply Chain,Operator,2018-09-27,Active
1884,EMP-001884,84,Jordan Russell,Operations,Analyst,2017-10-25,Active
1885,EMP-001885,91,Robin Barnes,IT,Analyst,2017-07-25,Active
1886,EMP-001886,27,Teresa Elliott,Human Resources,Analyst,2018-06-11,Active
1887,EMP-001887,92,Cindy Armstrong,Sales,Manager,2016-04-03,Active
1888,EMP-001888,34,Deborah Baldwin,IT,Analyst,2018-07-02,Active
1889,EMP-001889,8,Robert Diaz,Maintenance,Supervisor,2016-03-18,Active
1890,EMP-001890,51,James Gutierrez,Finance,Specialist,2017-02-08,Active
1891,EMP-001891,8,Carol Sanchez,Maintenance,Manager,2018-10-24,Active
1892,EMP-001892,45,Charles Martin,Sales,Manager,2017-11-04,Active
1893,EMP-001893,60,Noah Ford,Finance,Coordinator,2017-09-10,Inactive
1894,EMP-001894,13,Teresa Coleman,Supply Chain,Coordinator,2017-07-30,Active
1895,EMP-001895,45,Gary Horn,Supply Chain,Supervisor,2017-04-21,Active
1896,EMP-001896,97,Debra Sullivan,Finance,Analyst,2016-07-02,Active
1897,EMP-001897,36,Catherine Taylor,Finance,Engineer,2017-01-15,Active
1898,EMP-001898,30,Richard Hooper,Finance,Operator,2018-12-30,Active
1899,EMP-001899,52,Daniel Green,Supply Chain,Supervisor,2016-02-16,Active
1900,EMP-001900,47,Robert Poole,Operations,Supervisor,2018-11-29,Active
1901,EMP-001901,24,David Hill,Maintenance,Specialist,2016-07-28,Active
1902,EMP-001902,61,Donald Caldwell,Operations,Coordinator,2017-12-07,Active
1903,EMP-001903,73,Aaron Boyd,Sales,Engineer,2017-03-10,Active
1904,EMP-001904,22,Jessica Brown,Sales,Engineer,2017-06-21,Active
1905,EMP-001905,27,Robert Christian,Finance,Coordinator,2016-04-26,Active
1906,EMP-001906,87,Samantha Walker,Human Resources,Operator,2016-01-15,Active
1907,EMP-001907,8,Leslie Kim,Human Resources,Specialist,2018-12-09,Active
1908,EMP-001908,19,Christine Valdez,Finance,Engineer,2016-10-07,Active
1909,EMP-001909,8,Richard Simpson,Human Resources,Specialist,2017-07-03,Active
1910,EMP-001910,47,Jeffrey Martin,Sales,Specialist,2018-02-27,Active
1911,EMP-001911,23,Mark Flynn,Finance,Engineer,2018-06-13,Active
1912,EMP-001912,71,Susan Harding,Finance,Manager,2018-03-18,Active
1913,EMP-001913,8,Fernando Steele,Finance,Supervisor,2017-06-30,Inactive
1914,EMP-001914,83,Jessica White,Human Resources,Engineer,2018-03-29,Active
1915,EMP-001915,99,David Moore,Sales,Engineer,2017-05-21,Active
1916,EMP-001916,17,Donald Gomez,IT,Supervisor,2016-08-04,Active
1917,EMP-001917,76,Sierra Johnson,Finance,Supervisor,2018-10-13,Active
1918,EMP-001918,58,Jonathan Gray,Maintenance,Specialist,2017-03-05,Active
1919,EMP-001919,20,Jamie Martin,Operations,Operator,2016-12-08,Active
1920,EMP-001920,95,Maureen Nixon,Operations,Supervisor,2017-04-03,Active
1921,EMP-001921,89,Haley Sloan,Sales,Engineer,2016-04-24,Active
1922,EMP-001922,9,Nathan Page,Human Resources,Analyst,2016-10-10,Active
1923,EMP-001923,28,Christopher Torres,Sales,Manager,2018-07-10,Active
1924,EMP-001924,28,Carmen Miller,Human Resources,Coordinator,2017-08-27,Active
1925,EMP-001925,45,Matthew Williams,Supply Chain,Specialist,2016-12-19,Active
1926,EMP-001926,62,Kevin Perez,Operations,Analyst,2018-12-26,Active
1927,EMP-001927,38,Morgan Garcia,Finance,Specialist,2016-01-27,Active
1928,EMP-001928,66,Benjamin Davis,Supply Chain,Coordinator,2017-06-30,Active
1929,EMP-001929,52,Nathan Yates,IT,Manager,2016-04-18,Active
1930,EMP-001930,93,Terri Walls,Sales,Specialist,2018-12-12,Active
1931,EMP-001931,8,Sean Young,Operations,Specialist,2017-11-16,Active
1932,EMP-001932,10,Zachary Watson Jr.,IT,Coordinator,2016-07-26,Active
1933,EMP-001933,41,Martin Roberts,Sales,Coordinator,2016-04-27,Active
1934,EMP-001934,80,Patrick Johnson,IT,Analyst,2018-01-05,Active
1935,EMP-001935,79,Brian Hartman,Sales,Operator,2016-06-07,Active
1936,EMP-001936,88,Donald Wilson,Human Resources,Analyst,2016-02-25,Active
1937,EMP-001937,17,Kaitlyn Smith,Supply Chain,Engineer,2016-09-22,Active
1938,EMP-001938,6,Jason Watkins,Maintenance,Specialist,2018-07-25,Active
1939,EMP-001939,84,Lindsay Hernandez,Operations,Specialist,2018-05-31,Active
1940,EMP-001940,14,Stefanie Smith,Maintenance,Analyst,2017-09-03,Active
1941,EMP-001941,54,Brett Hernandez,Supply Chain,Specialist,2016-10-05,Active
1942,EMP-001942,45,Jessica Smith,IT,Analyst,2016-08-07,Active
1943,EMP-001943,75,John Reyes,Operations,Analyst,2018-10-13,Active
1944,EMP-001944,51,Scott Smith,Supply Chain,Analyst,2016-12-22,Inactive
1945,EMP-001945,1,Andrew Cochran,Finance,Engineer,2017-08-07,Active
1946,EMP-001946,28,John Baker,Supply Chain,Operator,2017-07-05,Active
1947,EMP-001947,87,Mark Rivas,Human Resources,Manager,2017-12-25,Active
1948,EMP-001948,70,Shane Vaughan,Finance,Specialist,2017-09-18,Active
1949,EMP-001949,88,Curtis Griffin,Operations,Engineer,2018-08-20,Active
1950,EMP-001950,46,Ashley Ali,Sales,Coordinator,2016-11-03,Active
1951,EMP-001951,36,Haley Medina,Sales,Analyst,2017-08-11,Active
1952,EMP-001952,68,Mr. Dale Simpson,Sales,Engineer,2017-05-19,Inactive
1953,EMP-001953,29,Sarah Phillips,Human Resources,Analyst,2017-10-30,Active
1954,EMP-001954,92,Matthew Wilson,Human Resources,Supervisor,2018-06-07,Active
1955,EMP-001955,25,Anthony Garcia,Sales,Coordinator,2016-03-27,Inactive
1956,EMP-001956,64,Julia Small,Supply Chain,Specialist,2018-02-01,Active
1957,EMP-001957,43,Crystal Ross,Operations,Coordinator,2017-03-20,Active
1958,EMP-001958,90,Danielle Higgins,Supply Chain,Analyst,2018-09-02,Active
1959,EMP-001959,23,Jacqueline Turner,Human Resources,Manager,2018-03-03,Active
1960,EMP-001960,46,Carol Edwards,Human Resources,Operator,2016-02-19,Active
1961,EMP-001961,47,Jamie Santos,IT,Manager,2016-11-12,Active
1962,EMP-001962,73,Randy Daniels,Finance,Supervisor,2018-08-12,Active
1963,EMP-001963,79,Laura Campbell,Sales,Coordinator,2017-11-20,Active
1964,EMP-001964,60,Jaime Powell,Maintenance,Coordinator,2018-10-20,Active
1965,EMP-001965,83,Austin Johnston,Operations,Specialist,2017-05-28,Active
1966,EMP-001966,91,Troy Jackson,Human Resources,Coordinator,2016-03-23,Active
1967,EMP-001967,27,Julia Harris,Supply Chain,Supervisor,2018-01-27,Active
1968,EMP-001968,46,Victoria Richardson,Human Resources,Coordinator,2016-07-18,Active
1969,EMP-001969,21,Joanna Osborne,Supply Chain,Engineer,2016-02-08,Active
1970,EMP-001970,35,Karen Little,Operations,Specialist,2018-11-29,Active
1971,EMP-001971,51,Matthew Phillips,Human Resources,Supervisor,2016-10-17,Active
1972,EMP-001972,37,Victoria Wood,Human Resources,Engineer,2016-06-07,Active
1973,EMP-001973,81,Eric Kramer,Finance,Engineer,2018-04-14,Active
1974,EMP-001974,75,Tracey Christian,Operations,Engineer,2016-08-02,Active
1975,EMP-001975,3,Thomas Reilly,Sales,Engineer,2017-10-13,Active
1976,EMP-001976,10,Jeremy Juarez,Operations,Engineer,2018-12-06,Active
1977,EMP-001977,12,Jared Bowen,IT,Supervisor,2018-06-19,Active
1978,EMP-001978,97,Aaron Henson,Sales,Manager,2017-02-12,Active
1979,EMP-001979,70,Timothy Lee,Operations,Manager,2017-09-23,Active
1980,EMP-001980,45,Jeffrey Johnson,Sales,Engineer,2017-10-25,Active
1981,EMP-001981,29,Yolanda Castro,Sales,Specialist,2018-09-30,Active
1982,EMP-001982,30,Ryan Haley,Operations,Specialist,2018-11-25,Active
1983,EMP-001983,88,Karina Christian,Supply Chain,Engineer,2016-05-04,Active
1984,EMP-001984,59,Robert Hutchinson,Human Resources,Supervisor,2018-10-17,Active
1985,EMP-001985,94,Martha Chung,Finance,Supervisor,2016-04-24,Active
1986,EMP-001986,43,Tammy Kelly,IT,Coordinator,2017-07-05,Active
1987,EMP-001987,94,Christian Harper,Operations,Manager,2016-05-24,Inactive
1988,EMP-001988,38,Karen Pitts,Maintenance,Engineer,2017-11-16,Active
1989,EMP-001989,1,Natalie Green,Maintenance,Analyst,2017-03-22,Active
1990,EMP-001990,21,Chad Schmidt,Sales,Supervisor,2018-09-11,Active
1991,EMP-001991,12,Stephanie Wilson,IT,Analyst,2016-04-27,Active
1992,EMP-001992,6,Clarence Waters,Supply Chain,Specialist,2016-09-30,Active
1993,EMP-001993,34,Zoe Bates,Maintenance,Supervisor,2018-05-24,Active
1994,EMP-001994,50,Jamie Rogers,Human Resources,Engineer,2017-06-08,Active
1995,EMP-001995,52,Anna Rodriguez,Supply Chain,Analyst,2018-08-08,Active
1996,EMP-001996,2,Michael Anderson,IT,Analyst,2016-03-17,Active
1997,EMP-001997,83,Sean Shah,Human Resources,Engineer,2018-04-14,Active
1998,EMP-001998,37,Jared Jimenez,Supply Chain,Coordinator,2016-05-15,Active
1999,EMP-001999,6,Gabriel Miles,Supply Chain,Operator,2017-11-16,Active
2000,EMP-002000,25,Mary Perez,Finance,Analyst,2016-03-20,Active
2001,EMP-002001,36,Steven Elliott,Operations,Supervisor,2016-04-14,Active
2002,EMP-002002,38,Henry Brown,IT,Operator,2018-07-17,Inactive
2003,EMP-002003,80,Sean Harris,Finance,Supervisor,2016-04-02,Inactive
2004,EMP-002004,49,Samantha Williams,Human Resources,Specialist,2016-12-13,Active
2005,EMP-002005,62,Stephen Anderson,Operations,Operator,2017-07-16,Active
2006,EMP-002006,88,Brooke Willis,Maintenance,Engineer,2017-05-14,Active
2007,EMP-002007,78,Cindy Johnson,Sales,Analyst,2018-08-05,Active
2008,EMP-002008,98,Sandra Mendoza,Finance,Operator,2017-12-01,Active
2009,EMP-002009,73,Victoria Fuller,Operations,Engineer,2017-11-03,Inactive
2010,EMP-002010,77,Jennifer Thompson,Maintenance,Supervisor,2018-10-19,Active
2011,EMP-002011,32,Jennifer Wheeler,Finance,Operator,2017-06-10,Active
2012,EMP-002012,16,Patrick Green,Sales,Engineer,2016-07-16,Active
2013,EMP-002013,76,Katherine Coleman,Operations,Manager,2017-02-05,Active
2014,EMP-002014,96,Lisa Henry,IT,Coordinator,2017-10-08,Active
2015,EMP-002015,80,Donna Case,Supply Chain,Coordinator,2016-01-20,Active
2016,EMP-002016,18,Wesley Gonzalez,Human Resources,Operator,2018-10-21,Inactive
2017,EMP-002017,57,William Curtis,IT,Engineer,2016-08-11,Active
2018,EMP-002018,38,Carla Hunter,Maintenance,Operator,2016-11-23,Inactive
2019,EMP-002019,1,Bryan Bond,Finance,Supervisor,2016-12-28,Active
2020,EMP-002020,19,Sally Gomez,Maintenance,Operator,2018-07-24,Active
2021,EMP-002021,3,Anita Woods,Finance,Operator,2016-08-15,Active
2022,EMP-002022,44,Johnathan Bond,Human Resources,Analyst,2017-09-06,Active
2023,EMP-002023,84,Tyrone Knight,Supply Chain,Operator,2017-06-01,Inactive
2024,EMP-002024,60,Cole Garcia,Operations,Coordinator,2017-09-17,Active
2025,EMP-002025,51,John Pineda,Human Resources,Supervisor,2016-12-25,Active
2026,EMP-002026,70,Christine Castaneda,Sales,Manager,2017-08-11,Active
2027,EMP-002027,74,Cynthia Wood,Maintenance,Operator,2016-08-05,Active
2028,EMP-002028,68,Bruce Trujillo,Supply Chain,Operator,2018-01-21,Active
2029,EMP-002029,85,Samuel Phillips,Finance,Manager,2018-06-16,Active
2030,EMP-002030,3,Stephanie Rodriguez,Human Resources,Coordinator,2017-12-13,Active
2031,EMP-002031,14,Matthew Guerrero,Supply Chain,Specialist,2016-03-07,Active
2032,EMP-002032,94,Maria Torres,Maintenance,Operator,2016-04-20,Active
2033,EMP-002033,30,Tammy Freeman,Operations,Coordinator,2016-07-15,Active
2034,EMP-002034,48,Paul Allen,Finance,Analyst,2017-11-29,Active
2035,EMP-002035,84,Aaron Greer,Operations,Specialist,2016-01-27,Active
2036,EMP-002036,2,Whitney Stevens,Human Resources,Supervisor,2018-12-27,Inactive
2037,EMP-002037,41,Derrick Yang,Maintenance,Coordinator,2016-08-08,Active
2038,EMP-002038,10,Marvin Rodriguez,Sales,Engineer,2016-10-30,Active
2039,EMP-002039,78,Luke Stewart,Finance,Engineer,2018-03-19,Active
2040,EMP-002040,81,Chad Wilson,Sales,Specialist,2016-07-23,Active
2041,EMP-002041,2,Monica Harrington,Operations,Specialist,2018-12-16,Active
2042,EMP-002042,44,Roberto Turner,Finance,Supervisor,2017-09-23,Active
2043,EMP-002043,39,Shannon Woods,Supply Chain,Engineer,2018-02-02,Active
2044,EMP-002044,68,Ms. Monique Prince MD,Sales,Specialist,2017-07-03,Active
2045,EMP-002045,64,Stacey Harris,Sales,Operator,2017-05-25,Inactive
2046,EMP-002046,38,Sheila Weber,Maintenance,Operator,2018-04-26,Active
2047,EMP-002047,91,Henry Mclaughlin,Human Resources,Engineer,2018-07-23,Active
2048,EMP-002048,30,Thomas Barr,Operations,Coordinator,2016-05-28,Active
2049,EMP-002049,67,Jessica King,Maintenance,Operator,2017-07-05,Active
2050,EMP-002050,50,Rachael Acosta,Human Resources,Analyst,2017-10-10,Active
2051,EMP-002051,11,Betty Valdez,Maintenance,Specialist,2016-06-25,Active
2052,EMP-002052,34,Alyssa Greer,IT,Manager,2017-02-11,Inactive
2053,EMP-002053,53,Raymond Carey,Maintenance,Engineer,2016-03-27,Active
2054,EMP-002054,38,Gregory Melendez,Supply Chain,Operator,2016-06-18,Active
2055,EMP-002055,68,Benjamin Fletcher,Sales,Operator,2016-05-20,Active
2056,EMP-002056,55,Peter Powell,Human Resources,Manager,2016-06-01,Active
2057,EMP-002057,27,Nicholas Cook,Operations,Engineer,2017-03-28,Active
2058,EMP-002058,88,Kristin Hester,Supply Chain,Coordinator,2017-05-08,Active
2059,EMP-002059,81,Amanda Anderson,Sales,Coordinator,2016-04-09,Active
2060,EMP-002060,2,William Jennings DDS,Human Resources,Coordinator,2016-04-14,Inactive
2061,EMP-002061,6,Erika Simon,Finance,Analyst,2017-05-25,Active
2062,EMP-002062,57,Brian Torres,Human Resources,Manager,2016-09-24,Active
2063,EMP-002063,26,Steven Schneider,Finance,Manager,2018-05-15,Active
2064,EMP-002064,13,Christina White,Supply Chain,Specialist,2016-11-05,Active
2065,EMP-002065,43,Nancy Smith,Sales,Analyst,2018-10-01,Active
2066,EMP-002066,57,Jessica Jones,Operations,Manager,2017-03-29,Active
2067,EMP-002067,11,Nicole Hurley,Maintenance,Specialist,2016-11-14,Active
2068,EMP-002068,82,Michael Howell,Human Resources,Manager,2017-05-30,Inactive
2069,EMP-002069,88,Nathan English,Supply Chain,Supervisor,2018-04-09,Active
2070,EMP-002070,61,Sarah Valdez,Maintenance,Operator,2016-03-25,Active
2071,EMP-002071,78,Tyler Wright,Finance,Manager,2018-10-09,Active
2072,EMP-002072,17,Natalie Cain,Finance,Supervisor,2016-05-04,Active
2073,EMP-002073,13,Bradley Miller,IT,Manager,2017-12-24,Active
2074,EMP-002074,90,Cynthia Perry,Human Resources,Coordinator,2016-08-25,Active
2075,EMP-002075,90,Samantha Ross,Finance,Coordinator,2016-10-15,Inactive
2076,EMP-002076,11,Michelle Hall,Supply Chain,Specialist,2016-08-31,Active
2077,EMP-002077,15,Tiffany Jensen,Finance,Manager,2016-07-20,Inactive
2078,EMP-002078,79,Austin Jimenez,Sales,Operator,2018-06-14,Active
2079,EMP-002079,54,Robert Tran,Human Resources,Supervisor,2016-07-28,Active
2080,EMP-002080,73,Lori Perry,Human Resources,Engineer,2017-06-05,Active
2081,EMP-002081,22,Corey Adams,Human Resources,Specialist,2017-05-16,Active
2082,EMP-002082,96,Mark Gonzalez,Sales,Engineer,2018-05-12,Active
2083,EMP-002083,27,Ryan Harvey,IT,Manager,2016-03-22,Active
2084,EMP-002084,73,Natalie Carter,IT,Operator,2018-02-02,Active
2085,EMP-002085,37,Michaela Alexander,Operations,Specialist,2018-01-15,Active
2086,EMP-002086,79,Lisa Rodriguez,Human Resources,Engineer,2017-09-12,Active
2087,EMP-002087,42,Rick Hood,Sales,Coordinator,2017-03-20,Active
2088,EMP-002088,90,John Patel,Supply Chain,Engineer,2018-04-07,Active
2089,EMP-002089,63,Carrie Smith MD,IT,Operator,2018-09-17,Active
2090,EMP-002090,31,Shane Crosby,Maintenance,Supervisor,2016-02-04,Active
2091,EMP-002091,57,Joe Mullins,Human Resources,Engineer,2017-07-09,Active
2092,EMP-002092,73,Sara Fuller,Human Resources,Manager,2017-12-26,Active
2093,EMP-002093,70,Thomas West,Finance,Coordinator,2017-11-07,Active
2094,EMP-002094,82,George Robertson,IT,Specialist,2018-03-13,Active
2095,EMP-002095,77,Jeffery Price,Human Resources,Coordinator,2016-03-30,Active
2096,EMP-002096,23,Kristy Greene,Finance,Coordinator,2016-06-18,Active
2097,EMP-002097,41,Mr. James Owens PhD,Maintenance,Specialist,2018-10-08,Active
2098,EMP-002098,90,Mr. Evan Smith,Operations,Operator,2016-04-21,Active
2099,EMP-002099,16,Judy Rodriguez,Supply Chain,Analyst,2016-08-05,Active
2100,EMP-002100,86,Margaret Watson,Supply Chain,Operator,2018-10-03,Active
2101,EMP-002101,13,Chad Bean,Sales,Analyst,2018-10-06,Active
2102,EMP-002102,59,Clayton Hernandez,Finance,Coordinator,2018-06-13,Active
2103,EMP-002103,48,Megan Young,IT,Analyst,2017-03-14,Active
2104,EMP-002104,7,Christopher Lee,Sales,Supervisor,2018-12-30,Active
2105,EMP-002105,47,Jennifer Fox,Finance,Supervisor,2018-06-14,Active
2106,EMP-002106,83,Shannon Thomas,Human Resources,Engineer,2016-04-12,Active
2107,EMP-002107,26,Nicholas Nelson,Operations,Analyst,2017-04-05,Active
2108,EMP-002108,40,Alexander Daniels,Supply Chain,Operator,2017-01-15,Active
2109,EMP-002109,77,Jennifer Fields,Operations,Engineer,2017-03-13,Active
2110,EMP-002110,28,Teresa Arnold,Finance,Engineer,2017-09-06,Active
2111,EMP-002111,2,Cody Pollard,Human Resources,Analyst,2017-04-17,Active
2112,EMP-002112,99,Sean Turner,Sales,Engineer,2017-03-19,Active
2113,EMP-002113,80,Rebecca Bailey,Finance,Operator,2018-10-18,Active
2114,EMP-002114,16,Tammy Roy,Operations,Supervisor,2016-04-12,Active
2115,EMP-002115,99,Shannon Fleming,Maintenance,Analyst,2018-03-22,Active
2116,EMP-002116,4,Chelsea Kim,Human Resources,Engineer,2017-09-09,Active
2117,EMP-002117,91,Robert Foster,IT,Coordinator,2018-11-01,Active
2118,EMP-002118,46,Tyler Hernandez,Maintenance,Manager,2016-07-13,Active
2119,EMP-002119,15,Christopher Monroe,Sales,Engineer,2017-03-21,Active
2120,EMP-002120,14,Michelle Cole,Human Resources,Specialist,2016-12-05,Active
2121,EMP-002121,74,Morgan Kennedy,Supply Chain,Specialist,2016-01-15,Active
2122,EMP-002122,27,Jennifer Garcia,Maintenance,Specialist,2018-03-31,Active
2123,EMP-002123,2,Joseph Mckinney,IT,Analyst,2017-06-03,Active
2124,EMP-002124,65,Elizabeth Garcia,Human Resources,Supervisor,2018-12-06,Inactive
2125,EMP-002125,90,Danielle Ortega,Finance,Engineer,2016-09-10,Active
2126,EMP-002126,17,Matthew Orozco,Operations,Coordinator,2017-05-29,Active
2127,EMP-002127,50,Anna Smith,Finance,Specialist,2016-10-11,Active
2128,EMP-002128,28,Brian Herring,Finance,Specialist,2018-12-29,Active
2129,EMP-002129,12,Raymond Hinton,Sales,Manager,2017-01-30,Inactive
2130,EMP-002130,47,Henry Cox,Operations,Operator,2017-06-07,Active
2131,EMP-002131,38,Taylor Cooper,Operations,Engineer,2016-03-19,Active
2132,EMP-002132,72,Scott Myers,Supply Chain,Manager,2017-05-17,Active
2133,EMP-002133,30,Jake Porter,Human Resources,Analyst,2017-01-26,Active
2134,EMP-002134,20,Sherry Weber,Supply Chain,Specialist,2016-12-16,Active
2135,EMP-002135,5,Stephanie Wade,Human Resources,Manager,2016-02-22,Active
2136,EMP-002136,30,Carlos Black,IT,Analyst,2018-08-23,Active
2137,EMP-002137,37,Richard Adams,Finance,Operator,2018-02-28,Active
2138,EMP-002138,32,Jeanne Williams,Supply Chain,Operator,2016-07-05,Active
2139,EMP-002139,70,Elizabeth Smith,Finance,Coordinator,2016-10-08,Active
2140,EMP-002140,62,Steven Garcia,Supply Chain,Analyst,2018-04-27,Active
2141,EMP-002141,58,Sherry Black,Maintenance,Operator,2016-01-15,Active
2142,EMP-002142,30,Michelle Allen,Maintenance,Engineer,2016-07-04,Active
2143,EMP-002143,19,Christopher Hester,IT,Operator,2016-02-02,Active
2144,EMP-002144,41,Michael Andrews,IT,Specialist,2016-07-13,Active
2145,EMP-002145,68,Robert Powell,Maintenance,Coordinator,2016-03-29,Active
2146,EMP-002146,20,Michael Johnson,Operations,Operator,2017-02-02,Active
2147,EMP-002147,59,Raymond Webb,IT,Supervisor,2017-08-09,Active
2148,EMP-002148,3,Katherine Schaefer MD,Operations,Operator,2017-02-19,Active
2149,EMP-002149,66,Brandon Spencer,Human Resources,Manager,2018-08-28,Active
2150,EMP-002150,25,Jill Robertson,Finance,Manager,2018-08-13,Active
2151,EMP-002151,55,Jeffery Grimes,Human Resources,Specialist,2018-04-28,Active
2152,EMP-002152,32,Cynthia Jackson,IT,Operator,2016-10-01,Active
2153,EMP-002153,69,Becky Blackburn,Supply Chain,Manager,2016-11-21,Active
2154,EMP-002154,73,Jennifer Hodges,Supply Chain,Engineer,2016-01-25,Active
2155,EMP-002155,73,Lauren Hampton,IT,Specialist,2016-02-26,Active
2156,EMP-002156,87,Tracey Mccarty,Maintenance,Operator,2018-04-22,Active
2157,EMP-002157,80,Gary Walsh,Finance,Supervisor,2016-07-19,Inactive
2158,EMP-002158,21,Matthew Wheeler,Human Resources,Operator,2017-01-09,Active
2159,EMP-002159,55,Steven Salazar,Finance,Coordinator,2018-09-13,Active
2160,EMP-002160,83,William Colon,Finance,Supervisor,2017-07-13,Inactive
2161,EMP-002161,37,Vernon Cole,Maintenance,Manager,2017-11-05,Active
2162,EMP-002162,79,Hunter Nelson,IT,Engineer,2016-10-03,Inactive
2163,EMP-002163,13,Tracey Clark,Sales,Manager,2016-10-15,Active
2164,EMP-002164,88,Sonya Lewis DVM,Finance,Supervisor,2016-07-01,Active
2165,EMP-002165,91,Mary Wilson,Maintenance,Analyst,2018-12-14,Active
2166,EMP-002166,6,Amanda Reed,Maintenance,Supervisor,2016-04-21,Active
2167,EMP-002167,39,Martin Ellis,Sales,Coordinator,2017-04-16,Active
2168,EMP-002168,97,Cole Evans,Maintenance,Manager,2018-11-06,Active
2169,EMP-002169,18,Shannon Matthews,Maintenance,Manager,2018-11-02,Active
2170,EMP-002170,32,Julia Farley,Supply Chain,Manager,2018-10-16,Inactive
2171,EMP-002171,67,John Perry,Operations,Coordinator,2018-06-16,Active
2172,EMP-002172,56,Robert Hicks,Human Resources,Operator,2017-06-15,Active
2173,EMP-002173,78,Gary Martinez,Operations,Analyst,2016-04-22,Inactive
2174,EMP-002174,51,William Brock,Supply Chain,Engineer,2016-03-12,Active
2175,EMP-002175,83,Jordan Jones,Supply Chain,Coordinator,2016-05-23,Active
2176,EMP-002176,41,Jody Smith,Maintenance,Coordinator,2016-12-21,Active
2177,EMP-002177,63,Maria Castro,Supply Chain,Analyst,2017-07-24,Active
2178,EMP-002178,91,Cynthia Chavez,Human Resources,Operator,2018-07-26,Active
2179,EMP-002179,39,Amanda Torres,Finance,Manager,2018-01-07,Active
2180,EMP-002180,7,Pamela Moore,Finance,Analyst,2016-07-22,Active
2181,EMP-002181,32,Sara Hansen,Supply Chain,Engineer,2017-02-13,Active
2182,EMP-002182,39,Dawn Freeman,IT,Operator,2018-07-11,Active
2183,EMP-002183,67,John Long,Human Resources,Operator,2016-11-27,Active
2184,EMP-002184,66,Jake Young,Sales,Manager,2017-12-20,Inactive
2185,EMP-002185,73,Kristen Smith,IT,Analyst,2017-09-26,Active
2186,EMP-002186,40,Michael Bowman,Maintenance,Analyst,2018-05-19,Active
2187,EMP-002187,43,David Moore,Maintenance,Engineer,2016-06-30,Active
2188,EMP-002188,55,Courtney Brown,IT,Engineer,2016-07-25,Active
2189,EMP-002189,95,Brittany Edwards,Operations,Coordinator,2016-01-15,Active
2190,EMP-002190,97,Donald Blankenship,Maintenance,Supervisor,2018-05-01,Active
2191,EMP-002191,10,Krista Perkins,Operations,Manager,2016-10-03,Inactive
2192,EMP-002192,64,Alexander Johnson,Operations,Operator,2017-06-20,Active
2193,EMP-002193,6,Michael Bentley,Operations,Analyst,2018-07-23,Active
2194,EMP-002194,6,Timothy Brooks,Human Resources,Coordinator,2016-04-22,Active
2195,EMP-002195,76,Kimberly Salazar,Human Resources,Analyst,2016-05-08,Active
2196,EMP-002196,91,Jerry Stewart,IT,Operator,2016-09-22,Active
2197,EMP-002197,23,Richard Lopez,Human Resources,Specialist,2017-09-04,Active
2198,EMP-002198,94,Dale White,IT,Coordinator,2016-12-29,Active
2199,EMP-002199,100,Caleb Preston,Supply Chain,Manager,2018-06-09,Active
2200,EMP-002200,71,Michelle Davis,Sales,Engineer,2018-04-04,Active
2201,EMP-002201,54,Debra Cardenas,Finance,Supervisor,2017-05-29,Active
2202,EMP-002202,66,Paul Nunez,Human Resources,Coordinator,2016-04-08,Active
2203,EMP-002203,14,Kathleen Carney,Maintenance,Operator,2016-07-20,Active
2204,EMP-002204,88,Jennifer Perez,Sales,Manager,2016-01-21,Inactive
2205,EMP-002205,59,Terry Sanchez,IT,Engineer,2016-06-15,Active
2206,EMP-002206,14,Gabriel Smith,Human Resources,Operator,2016-03-15,Inactive
2207,EMP-002207,97,Christopher Sparks,Maintenance,Coordinator,2016-11-27,Active
2208,EMP-002208,20,Heather Ramirez,Human Resources,Specialist,2018-01-03,Active
2209,EMP-002209,40,Larry Fowler,Operations,Manager,2017-12-15,Active
2210,EMP-002210,34,Stephen Miller,Human Resources,Operator,2018-12-18,Active
2211,EMP-002211,82,Bobby Howard,Maintenance,Operator,2016-11-18,Active
2212,EMP-002212,58,Seth Clark,Operations,Operator,2018-10-05,Active
2213,EMP-002213,96,Veronica Lopez DDS,Human Resources,Manager,2016-06-06,Active
2214,EMP-002214,93,Crystal Harrington,IT,Coordinator,2017-06-22,Active
2215,EMP-002215,49,Joel Tran,Human Resources,Supervisor,2017-03-11,Active
2216,EMP-002216,56,Lance Young,Human Resources,Supervisor,2018-01-22,Active
2217,EMP-002217,21,Robert Wood,Human Resources,Operator,2018-08-28,Active
2218,EMP-002218,31,Wanda Carter,Sales,Operator,2018-06-29,Active
2219,EMP-002219,22,Joan Spence,Supply Chain,Supervisor,2016-05-04,Active
2220,EMP-002220,76,Madison Becker,Sales,Operator,2018-12-29,Active
2221,EMP-002221,50,Jennifer Vargas,Human Resources,Operator,2017-01-13,Active
2222,EMP-002222,17,Kimberly James,Supply Chain,Manager,2018-09-12,Active
2223,EMP-002223,49,Thomas Garza,Sales,Coordinator,2017-04-20,Active
2224,EMP-002224,94,Mark Martinez,Sales,Supervisor,2018-06-09,Active
2225,EMP-002225,53,Emily Reeves,Supply Chain,Specialist,2018-03-10,Inactive
2226,EMP-002226,95,Amber Jordan,Sales,Coordinator,2018-07-24,Active
2227,EMP-002227,41, Taylor Forbes DDS ,Maintenance,Operator,2016-02-22,Active
2228,EMP-002228,89, William Li ,Human Resources,Manager,2017-03-12,Active
2229,EMP-002229,63,Jennifer Young,Sales,Operator,2018-09-18,Active
2230,EMP-002230,14,Destiny Aguilar,Human Resources,Operator,2017-05-28,Active
2231,EMP-002231,50,Cathy Castaneda,Sales,Analyst,2018-06-11,Active
2232,EMP-002232,2,Stephanie Cross,Human Resources,Coordinator,2018-09-07,Active
2233,EMP-002233,64,Claudia Valenzuela,Human Resources,Analyst,2016-07-01,Active
2234,EMP-002234,12,Michael Shaw,Supply Chain,Specialist,2018-08-11,Active
2235,EMP-002235,39,Ryan Flores,Sales,Specialist,2018-07-15,Active
2236,EMP-002236,65,Tammy Bailey,IT,Specialist,2017-06-03,Inactive
2237,EMP-002237,86,Derek Patton,Supply Chain,Analyst,2017-02-18,Active
2238,EMP-002238,30,William Floyd,Maintenance,Operator,2018-01-07,Active
2239,EMP-002239,48,Mark Lara,Finance,Manager,2018-07-24,Active
2240,EMP-002240,86,Nicholas Knight,Sales,Coordinator,2018-02-20,Inactive
2241,EMP-002241,19,Cynthia Martinez DVM,Supply Chain,Operator,2018-03-24,Active
2242,EMP-002242,92,Kenneth Lopez,Sales,Manager,2017-06-13,Active
2243,EMP-002243,91,Jason Montoya,Sales,Operator,2017-02-10,Inactive
2244,EMP-002244,56,Michael Turner,Operations,Manager,2018-09-06,Active
2245,EMP-002245,88,Willie Snyder,Sales,Manager,2018-11-30,Active
2246,EMP-002246,42,Charles Miller,Operations,Specialist,2016-06-03,Active
2247,EMP-002247,5,Albert Foster,Finance,Specialist,2017-03-10,Active
2248,EMP-002248,99,Marvin Sandoval,Supply Chain,Specialist,2016-01-25,Active
2249,EMP-002249,16,Ronald Williams,Maintenance,Analyst,2018-12-16,Inactive
2250,EMP-002250,74,Alicia Perez,Supply Chain,Supervisor,2017-07-18,Active
2251,EMP-002251,87,Jason Young,IT,Analyst,2016-06-28,Active
2252,EMP-002252,46,Mr. James Sanchez,Operations,Specialist,2018-12-13,Active
2253,EMP-002253,84,Ryan Adams,Finance,Operator,2017-09-09,Active
2254,EMP-002254,7,Karen Frost,Maintenance,Engineer,2017-05-31,Active
2255,EMP-002255,23,Angela Norton,Sales,Analyst,2017-08-21,Inactive
2256,EMP-002256,5,Tina Gonzalez,Sales,Coordinator,2017-11-17,Active
2257,EMP-002257,100,Lucas Clark,Maintenance,Manager,2016-04-14,Active
2258,EMP-002258,19,Christina Steele,IT,Operator,2018-01-15,Active
2259,EMP-002259,97,Martin Mendez,Human Resources,Analyst,2018-08-31,Active
2260,EMP-002260,58,Melissa Kerr,Human Resources,Supervisor,2018-09-30,Active
2261,EMP-002261,48,Ruth Cox,IT,Analyst,2018-10-12,Active
2262,EMP-002262,16,Crystal Freeman,Finance,Operator,2017-09-11,Active
2263,EMP-002263,35,Sandra Hogan,IT,Specialist,2017-03-28,Active
2264,EMP-002264,77,Elizabeth Gordon,Sales,Specialist,2017-03-24,Active
2265,EMP-002265,93,Amy Graham,Supply Chain,Engineer,2016-10-25,Active
2266,EMP-002266,92,Kristen Zuniga,Human Resources,Analyst,2018-11-06,Active
2267,EMP-002267,98,Evelyn Monroe,Operations,Operator,2016-12-28,Active
2268,EMP-002268,13,Brenda Payne,Operations,Manager,2018-05-30,Active
2269,EMP-002269,11,Brian Fischer DVM,Finance,Specialist,2016-10-14,Active
2270,EMP-002270,1,Mary Hodge,Operations,Operator,2016-01-19,Active
2271,EMP-002271,66,Ricky Hubbard,IT,Supervisor,2016-07-02,Active
2272,EMP-002272,71,Renee Alexander,IT,Analyst,2018-09-23,Inactive
2273,EMP-002273,16,Elizabeth Weber,Finance,Supervisor,2017-07-03,Active
2274,EMP-002274,12,Seth Bell,Supply Chain,Operator,2018-11-11,Inactive
2275,EMP-002275,32,Adam Davis,Human Resources,Analyst,2017-10-04,Active
2276,EMP-002276,31,Anthony Martin,Finance,Manager,2018-11-12,Active
2277,EMP-002277,57,Michael Garcia,Operations,Coordinator,2018-10-27,Active
2278,EMP-002278,40,Shannon Jackson,Operations,Analyst,2017-11-21,Active
2279,EMP-002279,64,Maria Jones,Sales,Engineer,2016-09-20,Active
2280,EMP-002280,49,Ian Summers,Operations,Engineer,2017-03-27,Active
2281,EMP-002281,83,Veronica Snyder,Human Resources,Specialist,2016-07-26,Active
2282,EMP-002282,68,Morgan Vargas,Supply Chain,Engineer,2017-02-02,Active
2283,EMP-002283,30,Ronald Young,Finance,Operator,2016-07-20,Active
2284,EMP-002284,19,Kenneth Bailey,Finance,Specialist,2017-03-06,Active
2285,EMP-002285,49,Anthony Farrell,Human Resources,Analyst,2018-09-21,Active
2286,EMP-002286,99,Laura Adams,Finance,Manager,2017-11-16,Active
2287,EMP-002287,5,Willie Roberts,Finance,Analyst,2017-01-30,Active
2288,EMP-002288,38,Justin Jenkins,IT,Engineer,2016-04-29,Active
2289,EMP-002289,71,Linda Kelley,Operations,Coordinator,2016-10-14,Active
2290,EMP-002290,54,Lisa Jackson,Supply Chain,Operator,2017-09-11,Active
2291,EMP-002291,38,Alicia Osborne DVM,Finance,Coordinator,2017-09-11,Active
2292,EMP-002292,39,Deborah Downs,Finance,Coordinator,2017-04-17,Inactive
2293,EMP-002293,32,Nicole Gonzalez,Human Resources,Coordinator,2018-03-24,Active
2294,EMP-002294,97,Sergio Nixon,Supply Chain,Engineer,2016-09-22,Active
2295,EMP-002295,90,Brittany Mack,Finance,Manager,2017-01-03,Active
2296,EMP-002296,35,Jeffery Manning,Operations,Coordinator,2018-10-30,Active
2297,EMP-002297,73,Timothy Garcia,Sales,Manager,2018-09-12,Active
2298,EMP-002298,87,Hannah Warner,Human Resources,Operator,2018-12-22,Active
2299,EMP-002299,100,Brandon Price,Maintenance,Analyst,2017-01-17,Inactive
2300,EMP-002300,55,Donald Burch,IT,Analyst,2016-09-13,Active
2301,EMP-002301,64,Andrew Velez,Supply Chain,Operator,2018-06-08,Active
2302,EMP-002302,83,Alyssa Jackson,Finance,Operator,2018-05-24,Inactive
2303,EMP-002303,99,Jessica Smith,Supply Chain,Supervisor,2018-09-23,Active
2304,EMP-002304,3,Marilyn Stephens,IT,Engineer,2017-05-30,Active
2305,EMP-002305,11,Paul Thomas,Operations,Coordinator,2017-10-19,Active
2306,EMP-002306,71,Lauren Barrett,Maintenance,Operator,2016-08-16,Active
2307,EMP-002307,66,Brian Hall,Human Resources,Specialist,2016-08-05,Active
2308,EMP-002308,41,Robin Diaz,Human Resources,Supervisor,2016-05-01,Active
2309,EMP-002309,8,Andrew Snyder,IT,Manager,2017-10-12,Active
2310,EMP-002310,87,Daniel Gomez,Maintenance,Specialist,2016-04-16,Active
2311,EMP-002311,68,Tiffany Escobar,Maintenance,Engineer,2017-01-06,Active
2312,EMP-002312,13,Bradley Macias,Human Resources,Specialist,2018-02-07,Active
2313,EMP-002313,82,Colin Sanchez,IT,Coordinator,2017-05-21,Active
2314,EMP-002314,70,Curtis Stokes,Finance,Coordinator,2018-03-27,Active
2315,EMP-002315,90,Carrie Hamilton,Human Resources,Engineer,2018-07-20,Active
2316,EMP-002316,94,Samantha Fox,Supply Chain,Specialist,2018-07-15,Active
2317,EMP-002317,25,Russell Fleming,Maintenance,Coordinator,2017-04-18,Active
2318,EMP-002318,91,Seth Conner,Finance,Coordinator,2016-03-22,Active
2319,EMP-002319,89,Jacob Jackson,Sales,Analyst,2018-02-06,Active
2320,EMP-002320,34,Christopher Davis,Supply Chain,Specialist,2018-06-24,Active
2321,EMP-002321,83,Rhonda White,Human Resources,Operator,2018-04-04,Active
2322,EMP-002322,11,John Johnson,Finance,Manager,2018-10-07,Active
2323,EMP-002323,19,Matthew Wilson,Supply Chain,Specialist,2016-03-27,Active
2324,EMP-002324,86,Kimberly Mitchell,Operations,Analyst,2018-10-03,Active
2325,EMP-002325,55,Matthew Trevino,Operations,Supervisor,2017-09-29,Active
2326,EMP-002326,23,Jeremy White,IT,Specialist,2017-12-21,Active
2327,EMP-002327,26,Denise Simpson,Finance,Supervisor,2018-07-19,Active
2328,EMP-002328,60,Sherri Mcclain,Operations,Specialist,2016-06-07,Active
2329,EMP-002329,50,Joshua Schmidt,Human Resources,Specialist,2017-03-03,Active
2330,EMP-002330,29,Amanda White,Operations,Specialist,2017-06-12,Active
2331,EMP-002331,45,Timothy Jones,Maintenance,Analyst,2016-06-29,Inactive
2332,EMP-002332,87,Melanie Rodriguez,Operations,Supervisor,2016-08-24,Inactive
2333,EMP-002333,58,Anthony Hanson,Finance,Manager,2016-07-16,Active
2334,EMP-002334,52,Stephen Torres,IT,Operator,2018-02-19,Active
2335,EMP-002335,8,Jared Brown,Finance,Manager,2016-03-05,Active
2336,EMP-002336,47,Allison Hoffman,Maintenance,Manager,2016-06-12,Active
2337,EMP-002337,80,Charles Harvey,Human Resources,Engineer,2017-11-01,Active
2338,EMP-002338,7,Michael Schwartz,Sales,Manager,2017-11-14,Active
2339,EMP-002339,97,Brittany Hoover,Supply Chain,Supervisor,2018-03-11,Active
2340,EMP-002340,80,Maria Taylor,Maintenance,Analyst,2016-08-09,Active
2341,EMP-002341,89,Taylor Carr,Human Resources,Operator,2018-12-17,Active
2342,EMP-002342,20,Jose Sanchez,Operations,Specialist,2016-10-03,Active
2343,EMP-002343,67,David Gonzalez,Human Resources,Analyst,2017-01-28,Active
2344,EMP-002344,98,Allison Cole,Sales,Analyst,2018-02-06,Active
2345,EMP-002345,90,Maria Thompson,Operations,Manager,2016-04-15,Inactive
2346,EMP-002346,77,Cassandra Reyes,Human Resources,Manager,2016-08-02,Active
2347,EMP-002347,93,Becky Brooks,Finance,Supervisor,2016-06-12,Active
2348,EMP-002348,12,Melinda Austin,Sales,Engineer,2018-01-15,Active
2349,EMP-002349,59,Joel Miller,IT,Supervisor,2018-11-23,Active
2350,EMP-002350,49,Michael Lee,Supply Chain,Manager,2016-10-14,Active
2351,EMP-002351,6,Andrew Johnson,Operations,Manager,2016-01-23,Active
2352,EMP-002352,29,Kimberly Le,Supply Chain,Specialist,2018-07-17,Active
2353,EMP-002353,99,Dennis Wilson,Supply Chain,Coordinator,2018-03-06,Active
2354,EMP-002354,54,Brian Gallagher,Operations,Operator,2018-06-03,Active
2355,EMP-002355,20,Ann White,Supply Chain,Analyst,2017-11-17,Active
2356,EMP-002356,59,Ruth Choi,IT,Analyst,2018-12-17,Active
2357,EMP-002357,59,Mr. Kurt Shepherd,Finance,Coordinator,2017-10-17,Active
2358,EMP-002358,28,Francis Rodriguez,Operations,Coordinator,2017-02-05,Active
2359,EMP-002359,49,Christine Hill,Supply Chain,Engineer,2018-10-25,Active
2360,EMP-002360,81,Steven Suarez,Operations,Specialist,2018-08-05,Active
2361,EMP-002361,49,Brittany Shelton,Maintenance,Coordinator,2018-11-05,Active
2362,EMP-002362,26,Tyler Washington,Maintenance,Engineer,2016-09-29,Active
2363,EMP-002363,37,Natalie Williams,Finance,Analyst,2016-11-30,Active
2364,EMP-002364,86,Ashley Hickman,Supply Chain,Coordinator,2017-07-14,Active
2365,EMP-002365,76,Brandi Norton,Maintenance,Analyst,2016-04-02,Active
2366,EMP-002366,19,Nicole Martinez,Finance,Engineer,2017-11-15,Active
2367,EMP-002367,39,Lori Brown,IT,Supervisor,2016-09-27,Active
2368,EMP-002368,12,Steven Frederick,Maintenance,Analyst,2017-06-20,Active
2369,EMP-002369,2,James Martinez,Operations,Specialist,2016-07-02,Active
2370,EMP-002370,57,Christina Johnson,Operations,Analyst,2017-12-25,Active
2371,EMP-002371,55,Eric Levy,Sales,Operator,2017-04-24,Active
2372,EMP-002372,70,Rebecca Jones,Operations,Analyst,2018-01-06,Active
2373,EMP-002373,53,Amanda Richardson,Supply Chain,Specialist,2018-11-11,Active
2374,EMP-002374,11,Kellie Barnett,Supply Chain,Coordinator,2018-10-29,Active
2375,EMP-002375,22,Sandra Lee,Maintenance,Manager,2018-05-11,Active
2376,EMP-002376,14,Alexandra White,Operations,Supervisor,2016-12-22,Active
2377,EMP-002377,72,Erika Hernandez,Maintenance,Analyst,2016-05-01,Inactive
2378,EMP-002378,16,Samuel Lane,Human Resources,Manager,2016-02-22,Active
2379,EMP-002379,70, Thomas Ramos ,IT,Operator,2016-09-09,Active
2380,EMP-002380,96,Cassandra Munoz,IT,Analyst,2017-05-24,Active
2381,EMP-002381,8,Marie Patterson DVM,Operations,Supervisor,2016-03-14,Active
2382,EMP-002382,33,Dawn Rodriguez,Supply Chain,Specialist,2017-09-19,Active
2383,EMP-002383,23,Nicole Brandt,Finance,Operator,2016-04-20,Active
2384,EMP-002384,21,Daniel Cuevas,Supply Chain,Coordinator,2016-02-17,Active
2385,EMP-002385,52,Michelle Smith,Sales,Manager,2018-02-17,Active
2386,EMP-002386,33,Ana Martinez,Sales,Specialist,2018-11-23,Active
2387,EMP-002387,77,Victor Paul,Sales,Coordinator,2017-10-12,Active
2388,EMP-002388,29,Tammy Blackwell,Finance,Operator,2017-11-16,Active
2389,EMP-002389,99,Angelica Nelson,Supply Chain,Analyst,2017-01-24,Inactive
2390,EMP-002390,14,Michelle Bates,Maintenance,Specialist,2016-03-24,Active
2391,EMP-002391,86,Olivia Carter,Finance,Analyst,2017-05-18,Active
2392,EMP-002392,26,Tom Sweeney,Finance,Specialist,2016-01-11,Active
2393,EMP-002393,22,Edward Hernandez,Operations,Engineer,2018-01-25,Active
2394,EMP-002394,42,Jason Rodriguez,Operations,Engineer,2018-05-09,Active
2395,EMP-002395,53,Diane Wong,Finance,Analyst,2018-08-08,Active
2396,EMP-002396,99,Lori Bennett,Operations,Coordinator,2017-03-20,Active
2397,EMP-002397,5,Margaret Nelson,Maintenance,Engineer,2018-05-30,Active
2398,EMP-002398,22,Christine Avila,Finance,Operator,2016-10-24,Active
2399,EMP-002399,65,Dr. Nicholas Gregory,Supply Chain,Supervisor,2017-10-18,Active
2400,EMP-002400,34,William Sellers,Maintenance,Manager,2016-03-02,Active
2401,EMP-002401,71,John Casey MD,Sales,Specialist,2016-10-11,Active
2402,EMP-002402,44,Ruth Ayala,Operations,Coordinator,2016-02-28,Active
2403,EMP-002403,14,Rachel Flores,IT,Specialist,2017-10-11,Active
2404,EMP-002404,55,Jessica Russell,Supply Chain,Supervisor,2016-12-22,Active
2405,EMP-002405,100,Adam Adams,Operations,Specialist,2017-12-29,Active
2406,EMP-002406,36,Shawn Flores,Sales,Coordinator,2017-05-05,Active
2407,EMP-002407,49,Jamie Lopez,Sales,Coordinator,2018-08-22,Active
2408,EMP-002408,92,Jennifer Burns,Maintenance,Coordinator,2018-09-26,Active
2409,EMP-002409,65,Lauren Gray,Sales,Specialist,2017-02-23,Inactive
2410,EMP-002410,80,Joshua Hamilton,Finance,Operator,2016-10-19,Active
2411,EMP-002411,71,Robert Campbell,Sales,Coordinator,2016-03-15,Active
2412,EMP-002412,21,Sharon Newton,Finance,Specialist,2016-01-25,Active
2413,EMP-002413,72,Michelle Bailey,Finance,Specialist,2018-08-09,Inactive
2414,EMP-002414,75,Kristine Miller,Supply Chain,Coordinator,2017-07-08,Active
2415,EMP-002415,11,Christopher Howard,IT,Operator,2017-12-27,Active
2416,EMP-002416,40,Kenneth Hernandez,Human Resources,Coordinator,2017-06-09,Inactive
2417,EMP-002417,10,Jose Cordova,Maintenance,Coordinator,2017-02-11,Active
2418,EMP-002418,48,Ryan Moore,Maintenance,Supervisor,2018-03-16,Active
2419,EMP-002419,66,Jennifer Frederick,Maintenance,Specialist,2016-08-09,Active
2420,EMP-002420,4,Melissa Davis,Finance,Engineer,2017-02-08,Active
2421,EMP-002421,26,Anthony Riley,Human Resources,Supervisor,2018-08-23,Active
2422,EMP-002422,6,Nathaniel Bush,Finance,Engineer,2016-08-26,Active
2423,EMP-002423,48,Gabriela Perez,Sales,Specialist,2017-08-24,Active
2424,EMP-002424,4,Joan Flowers,Operations,Operator,2017-02-23,Active
2425,EMP-002425,80,Lisa Reese,IT,Supervisor,2016-05-07,Active
2426,EMP-002426,63,Derek Ruiz,IT,Analyst,2016-10-19,Active
2427,EMP-002427,63,Roger Moore,Operations,Manager,2016-06-04,Active
2428,EMP-002428,92,Tracie Salas,Finance,Coordinator,2016-02-05,Active
2429,EMP-002429,8,Chelsea Hawkins,Sales,Specialist,2018-12-13,Active
2430,EMP-002430,71,Kathleen Smith,IT,Analyst,2016-11-13,Active
2431,EMP-002431,45,Anthony Jones,Maintenance,Coordinator,2016-04-20,Active
2432,EMP-002432,36,Steven Ochoa,Finance,Manager,2017-03-28,Active
2433,EMP-002433,91,Ernest Cox,Sales,Engineer,2016-01-12,Active
2434,EMP-002434,15,Angel Ramirez,Sales,Manager,2018-03-03,Active
2435,EMP-002435,21,Raymond Smith,Human Resources,Supervisor,2016-12-18,Active
2436,EMP-002436,71,Edwin Phillips,Operations,Supervisor,2016-06-16,Active
2437,EMP-002437,80,Michael Powell,Finance,Specialist,2016-03-29,Active
2438,EMP-002438,13,Jon Anderson,Sales,Specialist,2017-04-27,Active
2439,EMP-002439,40,Kelly Roth,Operations,Analyst,2016-05-19,Active
2440,EMP-002440,86,Ann Fisher,Human Resources,Engineer,2018-03-15,Active
2441,EMP-002441,77,Denise Garcia,Operations,Engineer,2018-04-18,Active
2442,EMP-002442,34,Jacob Carter,Maintenance,Analyst,2016-11-02,Inactive
2443,EMP-002443,35,Laura Taylor,Supply Chain,Supervisor,2017-07-02,Active
2444,EMP-002444,15,Anthony Patterson,Finance,Supervisor,2018-10-19,Active
2445,EMP-002445,68,Larry Lozano,Human Resources,Coordinator,2016-05-22,Active
2446,EMP-002446,40,Mrs. Shannon Martin,Finance,Operator,2016-06-12,Active
2447,EMP-002447,13,Stephanie Cobb,Sales,Coordinator,2017-11-13,Active
2448,EMP-002448,65,Katie Orozco,IT,Specialist,2018-02-02,Active
2449,EMP-002449,60,Tara Garcia,Sales,Analyst,2016-02-08,Active
2450,EMP-002450,94,Kenneth Reeves,Sales,Engineer,2017-05-25,Active
2451,EMP-002451,46,Kimberly Peters,Supply Chain,Analyst,2016-05-03,Active
2452,EMP-002452,26,Daniel Galvan,Operations,Supervisor,2018-01-22,Active
2453,EMP-002453,81,Gabriel Ware,Maintenance,Manager,2016-07-23,Active
2454,EMP-002454,54,Julia Conway,Maintenance,Engineer,2017-10-16,Active
2455,EMP-002455,88,Tanya Sheppard,IT,Supervisor,2017-10-19,Active
2456,EMP-002456,38,Sarah Miller,Human Resources,Manager,2018-06-30,Active
2457,EMP-002457,52,Steven Anderson,Finance,Manager,2016-10-23,Active
2458,EMP-002458,78,John Cannon,Operations,Engineer,2016-08-31,Active
2459,EMP-002459,5,Brandon Guzman,Maintenance,Specialist,2016-10-05,Active
2460,EMP-002460,76,Stephanie Martin,Maintenance,Specialist,2017-02-22,Active
2461,EMP-002461,93,Christine Harding,IT,Manager,2016-03-30,Inactive
2462,EMP-002462,22,Raymond Rogers,Operations,Coordinator,2018-12-03,Active
2463,EMP-002463,49,Jessica Parks,Maintenance,Coordinator,2018-09-01,Active
2464,EMP-002464,24,Samantha Williams,IT,Engineer,2017-05-05,Active
2465,EMP-002465,36,Tyrone Lin,Maintenance,Coordinator,2018-10-08,Active
2466,EMP-002466,34,Dennis Berry,Sales,Operator,2017-03-16,Active
2467,EMP-002467,11,Laura Villanueva,Maintenance,Coordinator,2017-05-11,Active
2468,EMP-002468,54,Brandon Perkins,Maintenance,Operator,2016-06-30,Active
2469,EMP-002469,24,Robert Williams,IT,Engineer,2017-02-09,Active
2470,EMP-002470,31,Sarah Silva,Finance,Coordinator,2016-04-14,Active
2471,EMP-002471,21,Laura Charles,Supply Chain,Specialist,2018-03-16,Active
2472,EMP-002472,5,Kristy Wood,Operations,Engineer,2016-06-19,Active
2473,EMP-002473,15,Juan Rush,Human Resources,Coordinator,2016-09-01,Active
2474,EMP-002474,77,Christopher Gonzalez,Maintenance,Specialist,2017-09-22,Active
2475,EMP-002475,53,Shelby Campbell,Sales,Supervisor,2017-04-21,Active
2476,EMP-002476,17,William Mayo,Operations,Engineer,2017-11-23,Active
2477,EMP-002477,89,Michelle Gomez,Maintenance,Analyst,2018-10-25,Active
2478,EMP-002478,94,Collin Johnson,Operations,Analyst,2017-09-02,Active
2479,EMP-002479,7,Brittany Cole,Maintenance,Engineer,2018-09-18,Inactive
2480,EMP-002480,91,Victoria Hamilton,Finance,Engineer,2017-08-30,Active
2481,EMP-002481,2,Kathryn Griffin,Human Resources,Engineer,2018-06-25,Active
2482,EMP-002482,86,John Brewer,Finance,Manager,2018-10-12,Inactive
2483,EMP-002483,57,Raymond Lara,Supply Chain,Manager,2017-02-22,Active
2484,EMP-002484,59,Daniel Le,Sales,Specialist,2016-06-04,Inactive
2485,EMP-002485,79,Anthony Martin,Operations,Manager,2017-06-16,Active
2486,EMP-002486,94,Alyssa Smith,Finance,Supervisor,2016-11-28,Active
2487,EMP-002487,9,Jonathan Jacobs,Finance,Analyst,2017-09-02,Active
2488,EMP-002488,83,Jared Murphy,Human Resources,Specialist,2017-12-30,Active
2489,EMP-002489,67,Cindy Fields,Operations,Coordinator,2018-04-13,Active
2490,EMP-002490,4,Gregory Carrillo,Sales,Engineer,2017-10-12,Active
2491,EMP-002491,86,Erica Potter,IT,Coordinator,2018-05-13,Active
2492,EMP-002492,55,Kelly Carson,Supply Chain,Analyst,2016-03-19,Active
2493,EMP-002493,4,Chad Tucker,Human Resources,Manager,2016-01-09,Active
2494,EMP-002494,43,Sheryl Garcia,Maintenance,Supervisor,2018-10-08,Active
2495,EMP-002495,56,Evan Horn,Maintenance,Coordinator,2018-05-11,Active
2496,EMP-002496,24,Mary Charles,Sales,Analyst,2016-05-15,Active
2497,EMP-002497,46,Fernando Taylor,Sales,Analyst,2016-05-13,Active
2498,EMP-002498,72,Robert Scott,Operations,Supervisor,2016-11-11,Active
2499,EMP-002499,10,Chris Leonard,Supply Chain,Specialist,2018-03-14,Active
2500,EMP-002500,21,Carl Miller,Operations,Manager,2018-04-08,Active
2501,EMP-002501,78,Ryan Taylor,Supply Chain,Coordinator,2017-01-26,Active
2502,EMP-002502,58,Robert Perez,Sales,Manager,2016-11-14,Active
2503,EMP-002503,53,Tina Buckley,Human Resources,Operator,2016-06-03,Active
2504,EMP-002504,54,Jessica Carpenter,Supply Chain,Specialist,2016-02-16,Active
2505,EMP-002505,13,Pamela Larson,Maintenance,Manager,2016-11-29,Active
2506,EMP-002506,93,Deborah Clark,Finance,Analyst,2016-09-19,Active
2507,EMP-002507,18,Jonathan Johnson,IT,Analyst,2018-01-08,Active
2508,EMP-002508,23,Charles Webb,Maintenance,Supervisor,2017-08-27,Active
2509,EMP-002509,27,Bradley Riggs,Finance,Manager,2017-09-08,Inactive
2510,EMP-002510,81,Benjamin Obrien,Operations,Coordinator,2018-12-03,Active
2511,EMP-002511,98,Daniel Simpson,IT,Analyst,2018-01-02,Active
2512,EMP-002512,40,George Moore,Supply Chain,Coordinator,2018-03-27,Active
2513,EMP-002513,68,David Griffin,IT,Specialist,2016-02-05,Active
2514,EMP-002514,44,Mrs. Amy Montgomery MD,IT,Manager,2018-10-14,Active
2515,EMP-002515,96,Benjamin Mcmillan,Human Resources,Engineer,2018-10-07,Active
2516,EMP-002516,57,Aaron Marks,Operations,Specialist,2018-04-07,Inactive
2517,EMP-002517,28,Jeremy Williams,Human Resources,Coordinator,2018-12-05,Active
2518,EMP-002518,39,Jason Miller,IT,Coordinator,2016-07-09,Active
2519,EMP-002519,75,Alexis Rivers,Maintenance,Engineer,2016-10-03,Active
2520,EMP-002520,32,Christina Parrish,Supply Chain,Supervisor,2017-03-07,Active
2521,EMP-002521,53,Victoria Garrett,Finance,Supervisor,2017-06-15,Active
2522,EMP-002522,5,Dakota Baker,Human Resources,Analyst,2018-05-29,Active
2523,EMP-002523,69,Michael Elliott,Supply Chain,Manager,2016-02-11,Active
2524,EMP-002524,75,Cathy Perry,Supply Chain,Analyst,2017-02-17,Active
2525,EMP-002525,35,Eric Hernandez,Human Resources,Analyst,2018-08-27,Active
2526,EMP-002526,76,Troy Mcgrath,Sales,Analyst,2016-03-19,Active
2527,EMP-002527,25,Sarah Woods,IT,Supervisor,2017-01-30,Active
2528,EMP-002528,10,Richard Tate,IT,Specialist,2018-05-20,Active
2529,EMP-002529,39,Jay Lester,Sales,Manager,2016-04-19,Active
2530,EMP-002530,79,Mark Ramirez,Sales,Analyst,2018-08-29,Active
2531,EMP-002531,90,Julie Mcclure,Finance,Specialist,2018-07-13,Active
2532,EMP-002532,40,Margaret Nguyen,Sales,Operator,2018-12-13,Active
2533,EMP-002533,51,Stuart Mitchell,IT,Analyst,2016-04-23,Active
2534,EMP-002534,44,Laura Atkinson,Finance,Specialist,2018-03-31,Active
2535,EMP-002535,38,Victoria Hernandez,Maintenance,Supervisor,2017-03-11,Active
2536,EMP-002536,82,Joseph Holt,Operations,Engineer,2016-11-15,Active
2537,EMP-002537,62,Dr. Casey Conner,Sales,Analyst,2016-04-20,Active
2538,EMP-002538,87,Keith Brown,Finance,Engineer,2017-08-19,Active
2539,EMP-002539,48,Lisa Miller,Operations,Engineer,2016-05-20,Active
2540,EMP-002540,72,Catherine Miller,Finance,Manager,2018-03-07,Active
2541,EMP-002541,62,Carol Wall,IT,Engineer,2017-02-01,Active
2542,EMP-002542,93,Andrew Adams,IT,Analyst,2017-12-16,Active
2543,EMP-002543,59,Ryan Carrillo,Human Resources,Manager,2017-06-18,Active
2544,EMP-002544,5,Jennifer Cox,IT,Specialist,2018-05-31,Active
2545,EMP-002545,58,Phillip Smith,Human Resources,Analyst,2017-08-14,Active
2546,EMP-002546,4,Debra Wright,IT,Engineer,2016-09-14,Active
2547,EMP-002547,47,Shelly Green,Finance,Supervisor,2016-09-13,Active
2548,EMP-002548,56,Jo Garcia,Human Resources,Engineer,2017-10-09,Active
2549,EMP-002549,94,Jacqueline Townsend,Finance,Analyst,2017-11-17,Inactive
2550,EMP-002550,55,Sandra Blevins,Sales,Supervisor,2018-09-29,Active
2551,EMP-002551,31,Derrick Payne,IT,Analyst,2017-03-13,Active
2552,EMP-002552,53,Jessica Gonzales,Finance,Operator,2016-02-27,Active
2553,EMP-002553,16,Megan Wilkins,Maintenance,Analyst,2016-02-18,Active
2554,EMP-002554,11,Larry Dunn,Human Resources,Specialist,2017-03-31,Active
2555,EMP-002555,21,Judith Bright,Human Resources,Coordinator,2017-11-14,Active
2556,EMP-002556,5,Jeffrey Austin,Finance,Operator,2016-02-11,Active
2557,EMP-002557,58,Kelly Hernandez,Finance,Supervisor,2017-07-23,Active
2558,EMP-002558,53,Julie Boyle,Supply Chain,Analyst,2016-06-15,Active
2559,EMP-002559,4,Shawn Davidson,Sales,Manager,2016-03-04,Active
2560,EMP-002560,34,Anne Drake,Finance,Operator,2017-05-17,Active
2561,EMP-002561,28,Linda Kennedy,Supply Chain,Manager,2017-01-12,Active
2562,EMP-002562,9,Rachel Barnes,Operations,Supervisor,2016-01-03,Active
2563,EMP-002563,88,Katelyn Bailey,Supply Chain,Coordinator,2018-06-21,Active
2564,EMP-002564,14,James Powell,Sales,Supervisor,2018-06-27,Active
2565,EMP-002565,11,Sara Shields,IT,Coordinator,2017-03-09,Active
2566,EMP-002566,46,Randy Klein,Sales,Manager,2017-08-24,Active
2567,EMP-002567,34,Rita Foster,Finance,Specialist,2017-12-30,Active
2568,EMP-002568,88,Michelle Schwartz,Sales,Engineer,2018-03-30,Active
2569,EMP-002569,48,Samuel Frye,Operations,Analyst,2018-10-30,Active
2570,EMP-002570,19,Jessica Tran,Sales,Manager,2017-06-27,Active
2571,EMP-002571,15,Jason Romero,IT,Coordinator,2018-06-05,Active
2572,EMP-002572,6,Carlos Torres,Finance,Analyst,2016-04-10,Active
2573,EMP-002573,11,Lauren Preston,Human Resources,Specialist,2016-01-29,Active
2574,EMP-002574,90,Laura Eaton,Operations,Manager,2017-08-10,Inactive
2575,EMP-002575,63,Anthony Allen,Maintenance,Manager,2016-12-26,Active
2576,EMP-002576,45,Susan Gonzales,Human Resources,Operator,2017-10-11,Active
2577,EMP-002577,68,Matthew Greene,Supply Chain,Supervisor,2017-02-02,Active
2578,EMP-002578,16,James Pierce,Finance,Supervisor,2018-05-23,Active
2579,EMP-002579,87,Michael Lee,Sales,Analyst,2017-09-29,Active
2580,EMP-002580,50,Michael Bailey,Finance,Operator,2017-10-05,Active
2581,EMP-002581,7,Angela Moore,Operations,Manager,2016-07-15,Active
2582,EMP-002582,52,Susan Terry,IT,Analyst,2016-03-01,Active
2583,EMP-002583,7,Mary Davies,Supply Chain,Manager,2017-05-20,Active
2584,EMP-002584,92,Alexis Fernandez PhD,IT,Manager,2017-07-22,Active
2585,EMP-002585,93,William Lopez,Supply Chain,Operator,2018-07-26,Active
2586,EMP-002586,67,Krystal Garcia,Supply Chain,Operator,2018-12-19,Active
2587,EMP-002587,61,Grace Thompson,Finance,Operator,2016-06-25,Active
2588,EMP-002588,57,Michelle Smith,Sales,Manager,2017-02-10,Active
2589,EMP-002589,86,Anthony Johnson,Sales,Analyst,2017-02-11,Active
2590,EMP-002590,74,Tracy Gilmore,Human Resources,Coordinator,2018-06-01,Active
2591,EMP-002591,65,Dylan Matthews,Supply Chain,Supervisor,2017-06-10,Active
2592,EMP-002592,50,Brianna Johnson,Operations,Coordinator,2017-09-21,Active
2593,EMP-002593,20,Elizabeth Bennett,Human Resources,Coordinator,2018-06-16,Active
2594,EMP-002594,6,Seth Smith,Supply Chain,Analyst,2016-06-06,Active
2595,EMP-002595,15,Roy Williams,Sales,Operator,2018-07-26,Active
2596,EMP-002596,26,Anna Meyer,Maintenance,Supervisor,2017-05-24,Active
2597,EMP-002597,30,Monica Frost,Finance,Coordinator,2017-07-15,Active
2598,EMP-002598,48,Carol Garcia,Supply Chain,Analyst,2018-08-30,Active
2599,EMP-002599,6,Nancy Vazquez,IT,Supervisor,2016-05-17,Active
2600,EMP-002600,45,Brenda Ramirez,Sales,Operator,2017-05-27,Active
2601,EMP-002601,78,Sarah Ward,Supply Chain,Supervisor,2016-02-25,Active
2602,EMP-002602,53,Mark Moore,IT,Coordinator,2016-11-24,Active
2603,EMP-002603,96,Timothy Small,IT,Operator,2018-01-14,Active
2604,EMP-002604,14,Michael Beltran,Supply Chain,Supervisor,2016-08-11,Active
2605,EMP-002605,6,Michael Schaefer,Human Resources,Supervisor,2018-01-12,Active
2606,EMP-002606,23,Alicia Paul,Sales,Supervisor,2017-08-19,Inactive
2607,EMP-002607,96,Anthony Chapman,IT,Manager,2018-12-17,Active
2608,EMP-002608,73,Heather Davis,Human Resources,Operator,2017-09-16,Active
2609,EMP-002609,65,Lori Williams,Sales,Engineer,2017-03-03,Active
2610,EMP-002610,29,Antonio Mcdaniel,Human Resources,Operator,2016-12-28,Active
2611,EMP-002611,22,Dr. Kristen Wilkinson MD,Maintenance,Coordinator,2018-02-18,Active
2612,EMP-002612,30,Cheryl Peterson,Human Resources,Supervisor,2017-10-01,Active
2613,EMP-002613,20,Amy Johnson,Supply Chain,Coordinator,2016-07-30,Active
2614,EMP-002614,46,Robert Weber,Finance,Supervisor,2018-01-21,Active
2615,EMP-002615,100,Stephen Miller,Maintenance,Operator,2016-10-09,Active
2616,EMP-002616,97,Joel Joseph,Operations,Manager,2018-08-22,Active
2617,EMP-002617,1,Karen Simpson,Human Resources,Coordinator,2017-06-22,Active
2618,EMP-002618,96,Leah Johnson,Maintenance,Analyst,2018-02-23,Active
2619,EMP-002619,2,David Allen,Operations,Manager,2017-06-19,Active
2620,EMP-002620,80,Gary Moody,Sales,Analyst,2017-01-19,Active
2621,EMP-002621,12,John Brown,IT,Specialist,2016-07-23,Active
2622,EMP-002622,65,Scott Kelly,Sales,Operator,2017-11-21,Active
2623,EMP-002623,3,Richard Clark,Sales,Specialist,2017-06-15,Active
2624,EMP-002624,58,John Walker,Operations,Operator,2016-04-26,Active
2625,EMP-002625,54,Kevin Padilla,Sales,Operator,2017-11-27,Active
2626,EMP-002626,20,Stephanie Moore,IT,Operator,2018-09-04,Active
2627,EMP-002627,32,Brandon Shea,Finance,Coordinator,2016-08-16,Active
2628,EMP-002628,48,Kelsey Campbell,Finance,Engineer,2018-03-03,Active
2629,EMP-002629,13,Jerry Stevens,IT,Engineer,2017-06-18,Active
2630,EMP-002630,47,Matthew Cox,Finance,Operator,2018-03-03,Inactive
2631,EMP-002631,79,Mark Salazar,Maintenance,Coordinator,2016-07-20,Active
2632,EMP-002632,61,Stephen Morales,Finance,Engineer,2017-07-30,Active
2633,EMP-002633,9,Julie Allen,Operations,Supervisor,2018-07-02,Active
2634,EMP-002634,66,Larry Simmons,Human Resources,Supervisor,2017-06-12,Inactive
2635,EMP-002635,79,Kimberly Snow,Maintenance,Manager,2016-04-30,Active
2636,EMP-002636,47,Justin Butler,Supply Chain,Specialist,2016-12-20,Active
2637,EMP-002637,20,Gene Johnson DVM,Human Resources,Operator,2018-01-22,Active
2638,EMP-002638,17,Andrea Hernandez,Operations,Coordinator,2016-03-11,Inactive
2639,EMP-002639,51,Nicole Gardner,Finance,Operator,2017-10-08,Active
2640,EMP-002640,68,Nathan White,Operations,Manager,2017-02-13,Active
2641,EMP-002641,97,Anita Nolan,Supply Chain,Supervisor,2018-10-05,Active
2642,EMP-002642,45,David Watkins,Sales,Engineer,2018-05-14,Active
2643,EMP-002643,64,Anthony Murphy,Sales,Engineer,2016-10-03,Active
2644,EMP-002644,87,Cameron Kaufman,Finance,Coordinator,2016-04-01,Active
2645,EMP-002645,58,Corey Monroe,Human Resources,Supervisor,2017-08-15,Active
2646,EMP-002646,35,Brenda Cox,Maintenance,Manager,2017-10-14,Active
2647,EMP-002647,28,Brian Silva,Sales,Manager,2017-03-23,Active
2648,EMP-002648,89,David Reilly,Operations,Supervisor,2016-09-21,Active
2649,EMP-002649,75,James Blackwell,IT,Analyst,2017-02-08,Active
2650,EMP-002650,50,Maria Contreras,Operations,Analyst,2016-01-27,Active
2651,EMP-002651,83,Jeffrey Montgomery,Finance,Operator,2016-08-02,Active
2652,EMP-002652,57,Beth Hoover,Sales,Manager,2017-07-16,Active
2653,EMP-002653,2,Brian Rivera,Finance,Specialist,2018-02-04,Inactive
2654,EMP-002654,47,Tracy Conley,Human Resources,Operator,2017-02-15,Active
2655,EMP-002655,60,Janice Gregory,Operations,Engineer,2017-05-08,Active
2656,EMP-002656,36,Sarah Bean,Sales,Engineer,2017-05-17,Active
2657,EMP-002657,53,Lorraine Morris,Sales,Engineer,2018-05-08,Active
2658,EMP-002658,18,Charlene Jones,Supply Chain,Operator,2017-07-28,Active
2659,EMP-002659,40,Billy Rogers,Sales,Supervisor,2017-09-27,Inactive
2660,EMP-002660,25,Rebekah Davila,Human Resources,Analyst,2018-01-19,Active
2661,EMP-002661,21,Kevin Davis,Supply Chain,Operator,2018-12-16,Active
2662,EMP-002662,65,Richard Reid,Operations,Operator,2016-01-07,Active
2663,EMP-002663,57,Justin Calderon,Supply Chain,Manager,2016-08-21,Active
2664,EMP-002664,18,Daniel Gould,Finance,Operator,2018-05-28,Active
2665,EMP-002665,13,Vanessa Cortez,Supply Chain,Manager,2016-05-10,Active
2666,EMP-002666,37,Daniel Potter,Maintenance,Operator,2016-05-29,Active
2667,EMP-002667,15,Alexis Ross,IT,Engineer,2017-06-03,Active
2668,EMP-002668,45,James Campbell,Human Resources,Analyst,2017-04-09,Active
2669,EMP-002669,12,Angela Meyers,Human Resources,Operator,2018-07-24,Active
2670,EMP-002670,44,Bill Hall,Supply Chain,Supervisor,2018-05-29,Active
2671,EMP-002671,77,Jason Watson,Finance,Supervisor,2017-09-15,Active
2672,EMP-002672,23,Laurie Moody,Finance,Analyst,2016-06-06,Active
2673,EMP-002673,82,Michael Anderson,Supply Chain,Engineer,2017-09-17,Active
2674,EMP-002674,89,Crystal Harris,Human Resources,Operator,2018-10-18,Active
2675,EMP-002675,16,Austin Munoz,Human Resources,Specialist,2017-12-02,Active
2676,EMP-002676,51,Robert Mcmillan,Operations,Analyst,2017-02-06,Active
2677,EMP-002677,67,Derrick Baldwin,Finance,Manager,2016-11-12,Active
2678,EMP-002678,90,Marc Wyatt,Supply Chain,Specialist,2018-11-19,Inactive
2679,EMP-002679,79,Jason Wells,Sales,Engineer,2018-06-23,Active
2680,EMP-002680,11,Matthew Allison,Maintenance,Analyst,2016-11-09,Inactive
2681,EMP-002681,54,Jenna Mills,IT,Coordinator,2016-08-02,Active
2682,EMP-002682,100,Elizabeth Ryan,Supply Chain,Coordinator,2017-10-15,Active
2683,EMP-002683,75,Christian Singh,Maintenance,Specialist,2016-03-09,Active
2684,EMP-002684,85,Kimberly Benson,Supply Chain,Operator,2018-01-26,Active
2685,EMP-002685,79,Dr. Joan Buchanan,Human Resources,Engineer,2017-12-02,Inactive
2686,EMP-002686,91,Rebecca Nichols,Supply Chain,Coordinator,2018-01-27,Active
2687,EMP-002687,66,Nichole Davis,IT,Specialist,2016-12-26,Active
2688,EMP-002688,40,Christopher Barton,Human Resources,Coordinator,2016-05-12,Active
2689,EMP-002689,26,Daniel Fischer,Sales,Supervisor,2018-11-17,Active
2690,EMP-002690,83,Jeffrey Peterson,Maintenance,Supervisor,2016-03-17,Active
2691,EMP-002691,40,Holly Griffith,Operations,Supervisor,2018-05-09,Active
2692,EMP-002692,29, Shannon Wood ,Sales,Manager,2018-05-02,Active
2693,EMP-002693,16,David Sullivan,IT,Supervisor,2017-09-26,Active
2694,EMP-002694,25,Felicia Ewing,Human Resources,Analyst,2017-08-10,Active
2695,EMP-002695,12,Corey Cline,Maintenance,Supervisor,2016-12-30,Active
2696,EMP-002696,37,Robert Marks,Supply Chain,Specialist,2017-01-01,Active
2697,EMP-002697,69,Debra Rodriguez,Operations,Specialist,2018-02-01,Active
2698,EMP-002698,12,Brent Foster,Human Resources,Supervisor,2016-06-06,Active
2699,EMP-002699,2,Adam Brown,Operations,Supervisor,2017-04-09,Active
2700,EMP-002700,71,Michele Perez,Operations,Specialist,2016-09-02,Active
2701,EMP-002701,36,Erik Harper,Sales,Engineer,2017-08-29,Active
2702,EMP-002702,77,Jason Ross,IT,Engineer,2018-12-28,Active
2703,EMP-002703,35,Samantha Lyons,Human Resources,Supervisor,2018-06-10,Active
2704,EMP-002704,28,Roger Brooks,IT,Analyst,2018-01-06,Active
2705,EMP-002705,52,Erica Russell,Sales,Specialist,2016-06-15,Active
2706,EMP-002706,36,Cynthia Simpson,Operations,Supervisor,2017-08-09,Active
2707,EMP-002707,58,Kristopher Robinson,Finance,Operator,2017-12-17,Active
2708,EMP-002708,14,Lauren Obrien,Finance,Coordinator,2017-12-13,Active
2709,EMP-002709,96,James Miller,Human Resources,Coordinator,2017-11-17,Active
2710,EMP-002710,80,Charles Williams,Finance,Operator,2016-01-16,Active
2711,EMP-002711,12,Thomas Wyatt,Maintenance,Operator,2018-07-17,Active
2712,EMP-002712,92,Zachary Graham,Maintenance,Operator,2018-03-06,Active
2713,EMP-002713,88,Matthew Blankenship,Sales,Specialist,2018-12-17,Inactive
2714,EMP-002714,46,Jacqueline Moreno,Operations,Specialist,2018-07-19,Active
2715,EMP-002715,20,Michelle Jordan,Maintenance,Manager,2016-08-02,Active
2716,EMP-002716,46,Adrian Kelley,Supply Chain,Operator,2017-09-28,Active
2717,EMP-002717,91,David Pace,Sales,Engineer,2016-11-15,Active
2718,EMP-002718,69,Renee Brown,Operations,Manager,2018-01-28,Active
2719,EMP-002719,94,Scott Barrett,Sales,Supervisor,2016-11-29,Active
2720,EMP-002720,55,Jeffrey Juarez,Maintenance,Manager,2017-06-04,Active
2721,EMP-002721,28,Patricia Cobb,Sales,Manager,2016-07-13,Active
2722,EMP-002722,94,Kevin Cohen,Finance,Operator,2017-04-28,Active
2723,EMP-002723,17,Danielle Patrick,IT,Analyst,2018-03-14,Active
2724,EMP-002724,45,Dr. Justin Flores,Finance,Manager,2018-03-05,Active
2725,EMP-002725,57,Jamie Vazquez,Maintenance,Operator,2018-02-05,Active
2726,EMP-002726,91,Nicholas Villanueva,Supply Chain,Engineer,2016-07-10,Active
2727,EMP-002727,40,Mrs. Patty Campbell,Maintenance,Operator,2016-03-04,Active
2728,EMP-002728,31,Edward Hampton,Finance,Manager,2018-01-29,Active
2729,EMP-002729,86,Alexandra Hudson,Sales,Operator,2018-09-26,Active
2730,EMP-002730,88,Thomas Rodriguez,IT,Analyst,2018-07-28,Active
2731,EMP-002731,11,Maria Gomez,IT,Manager,2016-09-12,Active
2732,EMP-002732,61,Stephanie Morales,Operations,Coordinator,2017-10-14,Active
2733,EMP-002733,22,Carly Black,Finance,Manager,2016-12-17,Active
2734,EMP-002734,73,Robert Payne,Supply Chain,Coordinator,2018-04-18,Active
2735,EMP-002735,31,Virginia Vasquez,Maintenance,Manager,2017-07-12,Active
2736,EMP-002736,47,Lisa Potts,Supply Chain,Specialist,2016-06-21,Active
2737,EMP-002737,56,Douglas Casey,Operations,Operator,2017-11-04,Active
2738,EMP-002738,58,Lisa Smith,Finance,Supervisor,2017-05-08,Active
2739,EMP-002739,34,Justin Medina,Sales,Engineer,2016-01-25,Active
2740,EMP-002740,61,Richard Sullivan,Human Resources,Analyst,2018-01-21,Active
2741,EMP-002741,81,Lisa Wiggins,Human Resources,Analyst,2017-10-04,Active
2742,EMP-002742,88,Anthony Johnson,Operations,Supervisor,2017-01-26,Active
2743,EMP-002743,60,Sharon Baker,IT,Coordinator,2018-05-11,Active
2744,EMP-002744,45,William Vaughn,Maintenance,Coordinator,2018-02-20,Active
2745,EMP-002745,62,Joyce Garcia,IT,Engineer,2017-07-06,Active
2746,EMP-002746,45,Jeffrey Olsen,Operations,Specialist,2016-05-27,Active
2747,EMP-002747,23,Jodi Edwards,IT,Coordinator,2017-07-16,Active
2748,EMP-002748,84,Joseph Velasquez,Maintenance,Analyst,2016-08-07,Active
2749,EMP-002749,4,Amanda Rodriguez,IT,Analyst,2016-03-27,Active
2750,EMP-002750,32,William Higgins,Operations,Supervisor,2018-02-10,Active
2751,EMP-002751,34,Elizabeth Smith,Operations,Manager,2016-02-12,Active
2752,EMP-002752,25,April Campbell,Operations,Supervisor,2018-01-04,Active
2753,EMP-002753,24,Emily Guerra,Human Resources,Specialist,2018-02-06,Active
2754,EMP-002754,88,Charles French,Supply Chain,Engineer,2017-03-26,Inactive
2755,EMP-002755,5,Chloe Ferguson,Finance,Engineer,2018-12-21,Active
2756,EMP-002756,2,Jack Anderson,IT,Specialist,2018-03-03,Active
2757,EMP-002757,14,Thomas Davis,Human Resources,Engineer,2016-09-05,Active
2758,EMP-002758,31,Cynthia Clark,Finance,Operator,2016-10-02,Active
2759,EMP-002759,69,Lance Collins,Operations,Engineer,2016-07-19,Active
2760,EMP-002760,5,Craig Hernandez,Finance,Operator,2017-08-22,Active
2761,EMP-002761,4,Felicia Alvarado,Maintenance,Supervisor,2017-02-23,Active
2762,EMP-002762,24,Bobby Berry,Human Resources,Supervisor,2017-09-27,Active
2763,EMP-002763,2,Emily Sanders,Operations,Supervisor,2016-09-02,Inactive
2764,EMP-002764,2,Jodi Long,IT,Analyst,2017-02-03,Active
2765,EMP-002765,41,James Shaw,Finance,Engineer,2017-12-28,Active
2766,EMP-002766,84,Laurie Hernandez,Finance,Manager,2018-02-26,Active
2767,EMP-002767,17,Rickey Gallegos,Maintenance,Coordinator,2016-12-27,Active
2768,EMP-002768,49,Thomas Mccarthy,Human Resources,Coordinator,2016-02-17,Active
2769,EMP-002769,46,Gary Delgado,Maintenance,Engineer,2018-11-26,Active
2770,EMP-002770,42,David Robbins,IT,Coordinator,2017-10-26,Active
2771,EMP-002771,46,Victoria Kennedy,Human Resources,Engineer,2018-07-01,Active
2772,EMP-002772,19,Mitchell Smith,Human Resources,Supervisor,2018-02-22,Inactive
2773,EMP-002773,23,Todd Martin,Finance,Specialist,2018-07-04,Active
2774,EMP-002774,88,Heather Scott,Maintenance,Analyst,2017-05-17,Active
2775,EMP-002775,76,Tracy Davis,Sales,Supervisor,2018-09-08,Active
2776,EMP-002776,20,Erica Shah,Supply Chain,Specialist,2016-04-04,Active
2777,EMP-002777,67,Tiffany Lara,Operations,Manager,2017-03-31,Active
2778,EMP-002778,24,John Cervantes,IT,Supervisor,2017-10-13,Active
2779,EMP-002779,79,Sean Lucas,Supply Chain,Manager,2016-06-12,Active
2780,EMP-002780,11,Mariah Erickson,Maintenance,Specialist,2017-07-17,Active
2781,EMP-002781,92,Jennifer Johnson,IT,Supervisor,2018-06-12,Active
2782,EMP-002782,5,April Mitchell,Supply Chain,Supervisor,2016-09-08,Active
2783,EMP-002783,93,Elizabeth Blake,Human Resources,Operator,2018-06-19,Active
2784,EMP-002784,96,Audrey Randolph DDS,IT,Specialist,2016-04-28,Active
2785,EMP-002785,73,Laura Lee,Maintenance,Analyst,2018-02-28,Active
2786,EMP-002786,61,Robin Perez,Human Resources,Manager,2017-12-03,Active
2787,EMP-002787,16,Jillian Hendricks,Finance,Engineer,2018-02-27,Active
2788,EMP-002788,22,Pam Mcknight,Sales,Operator,2017-05-05,Active
2789,EMP-002789,69,Brian Atkins,Operations,Coordinator,2017-11-29,Active
2790,EMP-002790,73,Eric Johnson,Supply Chain,Engineer,2018-12-07,Active
2791,EMP-002791,19,Rachel Johnson,Finance,Manager,2017-11-25,Active
2792,EMP-002792,52,Elizabeth Walker,Supply Chain,Supervisor,2017-01-15,Active
2793,EMP-002793,81,Amy Peterson,Finance,Operator,2017-09-26,Active
2794,EMP-002794,30,Wendy Mccullough,Operations,Engineer,2017-08-26,Active
2795,EMP-002795,8,Heather Fernandez,Human Resources,Coordinator,2018-11-28,Active
2796,EMP-002796,63,Laura Johnston,Sales,Specialist,2018-07-02,Active
2797,EMP-002797,11,John Dunn,Maintenance,Supervisor,2016-10-17,Active
2798,EMP-002798,47,Curtis Garcia,IT,Operator,2017-08-08,Active
2799,EMP-002799,96,Douglas Bowers,Maintenance,Analyst,2016-11-25,Active
2800,EMP-002800,21,Daniel Bernard,Maintenance,Engineer,2016-03-08,Active
2801,EMP-002801,84,Vanessa Meyers,Maintenance,Supervisor,2018-09-15,Active
2802,EMP-002802,6,Darren Smith,Human Resources,Manager,2018-05-23,Active
2803,EMP-002803,30,Joel Park,Maintenance,Coordinator,2018-07-27,Active
2804,EMP-002804,17,Teresa Kennedy,IT,Supervisor,2016-05-09,Active
2805,EMP-002805,50,Christian Flores,Maintenance,Supervisor,2017-12-04,Active
2806,EMP-002806,88,Ann Thompson,Operations,Supervisor,2017-09-24,Active
2807,EMP-002807,11,Tim Payne,Sales,Analyst,2016-03-07,Active
2808,EMP-002808,100,Sarah Martinez,Sales,Specialist,2018-05-08,Inactive
2809,EMP-002809,82,Tony Graham,Finance,Coordinator,2017-08-29,Active
2810,EMP-002810,88,Michael Hays,Operations,Analyst,2018-12-22,Active
2811,EMP-002811,32,Carolyn Gibson,Human Resources,Engineer,2017-08-22,Active
2812,EMP-002812,55,Jacqueline Wheeler,Supply Chain,Manager,2018-03-02,Inactive
2813,EMP-002813,6,Bailey Holland,Sales,Specialist,2017-08-16,Active
2814,EMP-002814,39,Phillip Davis,Operations,Specialist,2017-03-08,Active
2815,EMP-002815,52,Rebecca Bass,Sales,Specialist,2016-08-20,Active
2816,EMP-002816,90,Amanda Mcdonald,Operations,Engineer,2016-11-07,Active
2817,EMP-002817,62,Joseph Kane,Supply Chain,Manager,2017-11-13,Active
2818,EMP-002818,64,Elizabeth Barron,Maintenance,Operator,2018-01-23,Active
2819,EMP-002819,88,Taylor Ortiz,Human Resources,Specialist,2018-10-24,Active
2820,EMP-002820,33,Phillip Wilson,Finance,Specialist,2016-09-01,Inactive
2821,EMP-002821,25,Brittany Wyatt,Finance,Supervisor,2018-10-12,Active
2822,EMP-002822,45,Harry Best,IT,Coordinator,2017-05-06,Active
2823,EMP-002823,4,Melissa French,Supply Chain,Operator,2016-08-09,Active
2824,EMP-002824,60,Robin Chapman,Operations,Coordinator,2018-11-27,Active
2825,EMP-002825,29,Tina Daniel,Sales,Analyst,2017-06-22,Active
2826,EMP-002826,76,Katrina Jones,Finance,Manager,2017-02-22,Active
2827,EMP-002827,31,Danielle Wallace,Supply Chain,Engineer,2018-12-01,Inactive
2828,EMP-002828,56,Lori Hodge,Human Resources,Manager,2017-11-21,Active
2829,EMP-002829,17,Lori Campos,Operations,Supervisor,2016-06-04,Active
2830,EMP-002830,15,Christopher Gamble,Operations,Engineer,2017-12-28,Active
2831,EMP-002831,69,Darren Rice,Supply Chain,Coordinator,2018-08-03,Active
2832,EMP-002832,74,Amanda Cruz,Sales,Engineer,2016-12-16,Active
2833,EMP-002833,82,Brooke Jenkins,Finance,Specialist,2017-02-20,Active
2834,EMP-002834,88,Jeffrey Solomon,Sales,Engineer,2017-12-31,Active
2835,EMP-002835,87,Courtney Jenkins,Sales,Engineer,2016-04-14,Active
2836,EMP-002836,37,Dawn Roberts,IT,Engineer,2016-08-04,Active
2837,EMP-002837,60,Taylor Nguyen,IT,Specialist,2016-08-11,Active
2838,EMP-002838,66,Veronica Irwin,Human Resources,Analyst,2017-08-27,Inactive
2839,EMP-002839,31,Tina Campos,Sales,Manager,2016-01-21,Active
2840,EMP-002840,79,Adam Lawson,Supply Chain,Supervisor,2018-08-19,Active
2841,EMP-002841,72,Patricia Reyes,Operations,Operator,2018-08-23,Active
2842,EMP-002842,62,Gloria Brown,Supply Chain,Manager,2016-12-25,Active
2843,EMP-002843,74,Lisa Wood,Human Resources,Analyst,2018-03-22,Active
2844,EMP-002844,84,Wendy Kelly,Finance,Analyst,2016-09-12,Active
2845,EMP-002845,1,Alexander Garrett,Finance,Engineer,2016-09-12,Active
2846,EMP-002846,72,Jeffrey Delacruz,Human Resources,Specialist,2016-10-23,Active
2847,EMP-002847,18,Chad Krueger,IT,Specialist,2016-09-13,Active
2848,EMP-002848,15,Stacey Johnson,Finance,Operator,2016-03-28,Active
2849,EMP-002849,56,Sarah Gordon,Finance,Specialist,2018-01-17,Active
2850,EMP-002850,59,Wayne Smith,Operations,Supervisor,2017-03-09,Inactive
2851,EMP-002851,93,Tiffany Cohen,Human Resources,Coordinator,2016-10-28,Active
2852,EMP-002852,78,Patricia Ross,Operations,Engineer,2016-03-20,Active
2853,EMP-002853,9,Carlos Ruiz,Sales,Analyst,2017-05-07,Active
2854,EMP-002854,67, Ashley Wilson ,Sales,Supervisor,2016-11-25,Active
2855,EMP-002855,44,Brian Coffey,Finance,Engineer,2017-02-09,Active
2856,EMP-002856,78,Kathryn James,Finance,Analyst,2017-01-22,Active
2857,EMP-002857,56,Keith Raymond,IT,Engineer,2016-04-13,Inactive
2858,EMP-002858,63,Stacy Johns,IT,Analyst,2017-06-16,Active
2859,EMP-002859,4,Cody Stone,IT,Operator,2016-01-26,Active
2860,EMP-002860,83,Rebecca Hendrix,IT,Specialist,2016-07-12,Active
2861,EMP-002861,98,Donald Pittman,Supply Chain,Analyst,2018-03-29,Inactive
2862,EMP-002862,11,Nicole Bush,Sales,Manager,2018-04-24,Active
2863,EMP-002863,71,Jimmy Mckee,Supply Chain,Coordinator,2018-01-18,Active
2864,EMP-002864,87,Gregory Alexander,Maintenance,Coordinator,2018-05-09,Active
2865,EMP-002865,40,Jon Mahoney,IT,Engineer,2018-01-26,Active
2866,EMP-002866,38,Sandra Cruz,Human Resources,Coordinator,2018-03-03,Active
2867,EMP-002867,80,Donna Sharp,Supply Chain,Manager,2016-03-14,Active
2868,EMP-002868,20,Jessica Quinn,Finance,Manager,2017-04-16,Inactive
2869,EMP-002869,77,Mark Campbell,Sales,Coordinator,2018-06-19,Active
2870,EMP-002870,18,Victoria Estrada,Operations,Supervisor,2018-07-17,Active
2871,EMP-002871,42,David Gray,Human Resources,Engineer,2016-09-06,Active
2872,EMP-002872,29,Gregory Jennings,Operations,Coordinator,2018-12-20,Active
2873,EMP-002873,21,Nicole Luna,Human Resources,Manager,2017-09-02,Active
2874,EMP-002874,42,Richard Flores,IT,Specialist,2018-02-19,Active
2875,EMP-002875,5,Rebecca Weeks,Human Resources,Supervisor,2016-03-20,Active
2876,EMP-002876,88,Gregory Smith,Supply Chain,Supervisor,2018-08-27,Active
2877,EMP-002877,2,Kristy Barrett,Human Resources,Coordinator,2018-06-13,Active
2878,EMP-002878,44,Cory Cole,Operations,Manager,2017-08-24,Active
2879,EMP-002879,39,Carlos Ramirez,Supply Chain,Supervisor,2017-04-13,Active
2880,EMP-002880,58,Anthony Perez,Finance,Coordinator,2016-01-14,Inactive
2881,EMP-002881,12,Tiffany Hunt,Finance,Manager,2017-10-11,Active
2882,EMP-002882,7,Julie Morgan,Human Resources,Specialist,2018-04-20,Active
2883,EMP-002883,7,Caleb Cole,Sales,Coordinator,2017-11-06,Active
2884,EMP-002884,22,Michael Smith,Maintenance,Specialist,2016-02-06,Active
2885,EMP-002885,56,Linda Moore,Maintenance,Specialist,2017-04-30,Active
2886,EMP-002886,3,Ashley Strickland,Finance,Analyst,2018-04-02,Active
2887,EMP-002887,65,Debra Campbell,Maintenance,Supervisor,2016-09-03,Active
2888,EMP-002888,65,Julie Martin,Supply Chain,Engineer,2016-11-07,Active
2889,EMP-002889,19,John Jones,Maintenance,Operator,2017-05-17,Active
2890,EMP-002890,73,Krystal Webb,IT,Manager,2017-05-21,Active
2891,EMP-002891,30,Laurie Turner,Operations,Operator,2016-01-17,Active
2892,EMP-002892,89,Melanie Sanchez,Finance,Analyst,2018-04-21,Inactive
2893,EMP-002893,16,Daniel Long,Human Resources,Engineer,2017-04-20,Active
2894,EMP-002894,36,Brian Turner,Finance,Specialist,2017-05-20,Active
2895,EMP-002895,73,Jason Carr,Supply Chain,Analyst,2018-01-30,Active
2896,EMP-002896,19,Jeffrey Perkins,Supply Chain,Analyst,2017-09-02,Active
2897,EMP-002897,66,Rebecca Farmer,Finance,Operator,2017-05-12,Active
2898,EMP-002898,7,Matthew Perez,Human Resources,Operator,2016-05-18,Active
2899,EMP-002899,69,Seth Roth,Human Resources,Analyst,2018-08-29,Active
2900,EMP-002900,34,Jack Smith,Finance,Engineer,2017-08-26,Active
2901,EMP-002901,9,Mark Pace,Sales,Manager,2017-03-13,Active
2902,EMP-002902,56,Kevin Marshall,Supply Chain,Analyst,2018-02-22,Active
2903,EMP-002903,9,Gary Harper,Human Resources,Engineer,2017-09-10,Active
2904,EMP-002904,62,Lisa Roberts,Finance,Supervisor,2017-09-24,Active
2905,EMP-002905,83,Pamela Hampton,Maintenance,Supervisor,2016-05-16,Active
2906,EMP-002906,29,Eric Burgess,Human Resources,Operator,2017-05-30,Active
2907,EMP-002907,41,Anna Johnson,Human Resources,Analyst,2018-07-20,Active
2908,EMP-002908,93,Katelyn Vargas,Supply Chain,Analyst,2017-10-28,Active
2909,EMP-002909,65,Kimberly Myers,Maintenance,Operator,2017-08-11,Active
2910,EMP-002910,49,Steven Foster,Supply Chain,Operator,2017-05-18,Active
2911,EMP-002911,70,Russell Banks,Maintenance,Supervisor,2018-10-26,Active
2912,EMP-002912,88,Justin Leonard,Supply Chain,Manager,2018-12-16,Active
2913,EMP-002913,67,Adam Adams,Human Resources,Specialist,2017-02-14,Active
2914,EMP-002914,35,Jason Keller,Supply Chain,Operator,2017-05-20,Active
2915,EMP-002915,96,Donna Dunn,Sales,Coordinator,2016-11-20,Inactive
2916,EMP-002916,43,Melody Maddox,Maintenance,Manager,2017-12-18,Active
2917,EMP-002917,87,Angela Finley,IT,Coordinator,2018-06-28,Active
2918,EMP-002918,32,Thomas Dean,Operations,Coordinator,2018-08-13,Active
2919,EMP-002919,69,Patrick Griffin,Operations,Analyst,2017-02-26,Active
2920,EMP-002920,59,David Garcia,Sales,Coordinator,2016-07-01,Active
2921,EMP-002921,34,Mary Kent,Supply Chain,Supervisor,2017-02-04,Inactive
2922,EMP-002922,33,Teresa Williams,Sales,Specialist,2017-11-22,Active
2923,EMP-002923,13,Jonathan Kelly,Maintenance,Manager,2018-01-31,Active
2924,EMP-002924,84,Stacy Johnson,Maintenance,Specialist,2018-05-27,Active
2925,EMP-002925,1,Melissa Dennis,Supply Chain,Supervisor,2017-07-24,Inactive
2926,EMP-002926,97,Noah Nicholson,Supply Chain,Coordinator,2017-03-21,Active
2927,EMP-002927,94,Clifford Williams,Finance,Operator,2017-02-06,Active
2928,EMP-002928,21, Lauren Sanchez ,Finance,Analyst,2017-11-01,Active
2929,EMP-002929,94,John Martinez,Maintenance,Supervisor,2018-01-02,Active
2930,EMP-002930,72,Linda Burgess,Sales,Engineer,2018-07-24,Active
2931,EMP-002931,71,Paula Francis,Finance,Supervisor,2017-09-11,Active
2932,EMP-002932,12,Nicholas Jones,Sales,Operator,2017-10-19,Active
2933,EMP-002933,13,Gregory Ray,Finance,Specialist,2017-01-25,Active
2934,EMP-002934,69,Rebecca Chung,Finance,Engineer,2018-03-15,Active
2935,EMP-002935,92,Christopher Chavez,Supply Chain,Operator,2016-03-04,Active
2936,EMP-002936,62,Jason Harris,Finance,Engineer,2017-07-31,Active
2937,EMP-002937,53,Jennifer Nelson,Human Resources,Engineer,2016-04-09,Active
2938,EMP-002938,65,Jessica Price,Supply Chain,Coordinator,2016-05-16,Active
2939,EMP-002939,52,Tonya Finley,Operations,Engineer,2017-11-11,Active
2940,EMP-002940,12,Marie Harris,Finance,Coordinator,2016-09-27,Active
2941,EMP-002941,19,Vanessa Brown,Finance,Supervisor,2017-07-17,Inactive
2942,EMP-002942,92,Tammy Lopez,Operations,Engineer,2016-06-24,Active
2943,EMP-002943,13,Sarah Herrera,IT,Analyst,2016-09-08,Active
2944,EMP-002944,98,Bradley Hicks,Operations,Specialist,2016-11-01,Active
2945,EMP-002945,5,Michael Torres,Finance,Coordinator,2017-07-26,Active
2946,EMP-002946,18,Ariel Butler MD,Operations,Analyst,2017-10-13,Active
2947,EMP-002947,68,Christina Pittman,Finance,Analyst,2017-01-01,Inactive
2948,EMP-002948,97,Kenneth Michael,Operations,Specialist,2016-07-22,Active
2949,EMP-002949,45,Crystal King,Maintenance,Coordinator,2018-08-05,Active
2950,EMP-002950,67,Kyle Stephens,Operations,Specialist,2016-04-26,Active
2951,EMP-002951,52,Adam Hull,Maintenance,Coordinator,2016-10-16,Active
2952,EMP-002952,72,Derek Hines,Supply Chain,Specialist,2018-11-18,Inactive
2953,EMP-002953,68,Sydney Mitchell,Operations,Operator,2018-07-26,Active
2954,EMP-002954,42,Tina Murray,Human Resources,Manager,2018-11-24,Active
2955,EMP-002955,70,Grant Serrano,Supply Chain,Supervisor,2017-02-16,Active
2956,EMP-002956,71,Matthew Guzman,Finance,Manager,2016-05-12,Active
2957,EMP-002957,31,Leah Jenkins,Maintenance,Coordinator,2018-01-25,Active
2958,EMP-002958,48,Jake Morales,Finance,Manager,2017-07-16,Active
2959,EMP-002959,57,Jennifer Perry,Supply Chain,Specialist,2017-09-12,Active
2960,EMP-002960,4,Samuel Wall,Supply Chain,Engineer,2018-08-19,Active
2961,EMP-002961,19,Mariah Sullivan,IT,Analyst,2016-10-16,Active
2962,EMP-002962,88,Kevin Villanueva,IT,Coordinator,2018-04-29,Active
2963,EMP-002963,55,Bruce Delacruz,Finance,Engineer,2016-10-10,Active
2964,EMP-002964,56,Jacob Walls,Human Resources,Analyst,2016-08-31,Active
2965,EMP-002965,97,Wayne Silva,Human Resources,Operator,2017-01-18,Active
2966,EMP-002966,16,Amanda Howard,Sales,Coordinator,2016-04-27,Active
2967,EMP-002967,62,Samantha Dennis,Supply Chain,Coordinator,2018-10-05,Active
2968,EMP-002968,77,Eileen Snow,Human Resources,Specialist,2017-08-30,Active
2969,EMP-002969,13,Dana Wallace,Operations,Manager,2017-08-31,Active
2970,EMP-002970,82,Bridget Stewart,Supply Chain,Coordinator,2016-10-05,Active
2971,EMP-002971,73,Ashley Cochran,Finance,Specialist,2017-01-11,Active
2972,EMP-002972,29,Benjamin Schmidt,Supply Chain,Coordinator,2016-01-25,Active
2973,EMP-002973,34,Kelly Gonzales,Operations,Analyst,2016-01-27,Active
2974,EMP-002974,15,Joseph Murray,Finance,Operator,2016-06-26,Active
2975,EMP-002975,42,Mrs. Karen Jennings,Operations,Specialist,2018-06-26,Active
2976,EMP-002976,21,Carol Warner,Operations,Analyst,2017-04-16,Active
2977,EMP-002977,56,Angela Miller,Operations,Specialist,2017-06-21,Active
2978,EMP-002978,12,Hannah Jones,Supply Chain,Engineer,2016-09-01,Active
2979,EMP-002979,40,Madison Pope,Supply Chain,Specialist,2016-01-11,Active
2980,EMP-002980,27,Michelle Martin,IT,Manager,2018-02-20,Active
2981,EMP-002981,5,Michael Miller,Finance,Operator,2017-10-06,Active
2982,EMP-002982,64,Thomas Yoder,Operations,Supervisor,2018-07-23,Inactive
2983,EMP-002983,78,Matthew French,Maintenance,Supervisor,2016-02-15,Active
2984,EMP-002984,38,Brianna Wilson,Supply Chain,Specialist,2018-10-14,Active
2985,EMP-002985,79,Maria Maxwell,Maintenance,Analyst,2016-05-02,Inactive
2986,EMP-002986,5,Chelsea Taylor,Operations,Engineer,2018-01-08,Active
2987,EMP-002987,71,Evan White,Sales,Supervisor,2016-03-07,Active
2988,EMP-002988,79,Adam Hernandez,Sales,Manager,2018-07-31,Active
2989,EMP-002989,27,Elizabeth Martinez,IT,Analyst,2018-04-14,Active
2990,EMP-002990,31,Richard Velazquez,Operations,Analyst,2016-04-06,Active
2991,EMP-002991,23,Martha Miller,IT,Operator,2017-12-01,Active
2992,EMP-002992,41,David Evans,Maintenance,Operator,2018-09-28,Active
2993,EMP-002993,79,Christopher Morrison,Maintenance,Operator,2017-02-27,Active
2994,EMP-002994,24,Raymond Morrow,Finance,Supervisor,2016-08-10,Active
2995,EMP-002995,8,Anthony Cunningham,Human Resources,Coordinator,2018-09-28,Active
2996,EMP-002996,6,Michael Woods,Human Resources,Analyst,2016-12-18,Active
2997,EMP-002997,14,Thomas Evans,Sales,Supervisor,2018-12-10,Active
2998,EMP-002998,89,Michael Taylor,Finance,Manager,2017-01-14,Active
2999,EMP-002999,26,Roger Davidson,Maintenance,Manager,2016-05-27,Active
3000,EMP-003000,75,Audrey Smith,Supply Chain,Engineer,2016-03-31,Active
3001,EMP-003001,92,Adam Hamilton,IT,Manager,2016-06-08,Active
3002,EMP-003002,6,Natalie Esparza,Maintenance,Manager,2016-03-04,Active
3003,EMP-003003,88,Logan White,Maintenance,Analyst,2018-07-30,Active
3004,EMP-003004,87,Amy Cruz,Human Resources,Specialist,2016-06-05,Active
3005,EMP-003005,22,Alexander Baker,Supply Chain,Supervisor,2016-09-02,Active
3006,EMP-003006,42,Debra Woods,Sales,Operator,2016-09-28,Active
3007,EMP-003007,53,Jennifer Garrett,Maintenance,Supervisor,2018-07-11,Active
3008,EMP-003008,13,Nancy Gutierrez,Maintenance,Supervisor,2018-10-01,Active
3009,EMP-003009,100,Mark Carr,Human Resources,Manager,2017-05-22,Active
3010,EMP-003010,55,Leslie Allison,Maintenance,Analyst,2016-09-13,Active
3011,EMP-003011,19,Lawrence Franklin,Human Resources,Engineer,2016-06-29,Active
3012,EMP-003012,66,Breanna Vargas,IT,Supervisor,2018-02-19,Active
3013,EMP-003013,24,Jacqueline Carrillo,Human Resources,Supervisor,2017-06-30,Active
3014,EMP-003014,75,Brian Turner,IT,Manager,2018-04-04,Active
3015,EMP-003015,11,Adrian Maddox,Finance,Supervisor,2018-03-27,Active
3016,EMP-003016,71,Candice Smith,Operations,Analyst,2017-02-12,Active
3017,EMP-003017,93,Abigail Rodriguez,Operations,Specialist,2017-09-28,Active
3018,EMP-003018,38,Nicole Farmer,IT,Engineer,2018-06-16,Active
3019,EMP-003019,5,Anthony Moore,IT,Operator,2016-04-11,Active
3020,EMP-003020,24,Larry Carter,Human Resources,Analyst,2016-01-25,Active
3021,EMP-003021,48,Frank Wright,Human Resources,Coordinator,2018-03-31,Active
3022,EMP-003022,73,Roberto Lewis,Operations,Specialist,2018-10-02,Active
3023,EMP-003023,90,Jill Rosales,Maintenance,Coordinator,2016-05-10,Active
3024,EMP-003024,19,Renee Anthony,Maintenance,Engineer,2018-05-15,Active
3025,EMP-003025,55,Crystal Ramos,Supply Chain,Supervisor,2018-08-19,Active
3026,EMP-003026,44,Suzanne Dunlap,IT,Analyst,2018-04-22,Active
3027,EMP-003027,93,Kathy Clark,Finance,Analyst,2016-06-12,Active
3028,EMP-003028,28,Jose Acevedo,Maintenance,Engineer,2016-02-17,Inactive
3029,EMP-003029,41,Billy Russell,Human Resources,Operator,2016-09-23,Active
3030,EMP-003030,5,Aaron Dominguez,Maintenance,Manager,2018-06-24,Active
3031,EMP-003031,76,Alexander Price,Sales,Operator,2016-12-31,Active
3032,EMP-003032,22,Brandon Hunt,Sales,Engineer,2017-12-05,Inactive
3033,EMP-003033,35,Amanda May,IT,Analyst,2016-01-21,Inactive
3034,EMP-003034,44,Teresa Conway,Finance,Operator,2018-07-10,Active
3035,EMP-003035,20,Brandon Sims,Sales,Analyst,2018-08-03,Active
3036,EMP-003036,1,Cynthia Scott,Finance,Manager,2017-12-31,Active
3037,EMP-003037,40,Dalton Gardner,IT,Analyst,2018-12-04,Active
3038,EMP-003038,28,Emily Watson,IT,Supervisor,2018-09-28,Active
3039,EMP-003039,9,Heather Lin PhD,Operations,Specialist,2016-09-23,Active
3040,EMP-003040,63,Stephanie Kelly,Finance,Specialist,2016-10-15,Active
3041,EMP-003041,18,Diane Dickson,Supply Chain,Specialist,2018-07-22,Active
3042,EMP-003042,70,Robert Reid,Operations,Analyst,2016-08-26,Active
3043,EMP-003043,47,Philip Scott,Finance,Manager,2017-11-18,Active
3044,EMP-003044,100,Casey Hernandez,Operations,Supervisor,2016-11-11,Active
3045,EMP-003045,78,Carl Strickland,Finance,Operator,2018-05-20,Active
3046,EMP-003046,14,Ashlee Wright DDS,Finance,Manager,2017-06-09,Active
3047,EMP-003047,91,Susan Griffin,Operations,Coordinator,2016-02-07,Active
3048,EMP-003048,44,Cathy Becker,Operations,Supervisor,2018-06-19,Active
3049,EMP-003049,95,Joshua Ross,Maintenance,Operator,2016-04-11,Active
3050,EMP-003050,39,Kenneth Taylor,Human Resources,Specialist,2018-03-04,Active
3051,EMP-003051,97,Samantha Myers,IT,Engineer,2016-05-24,Active
3052,EMP-003052,40,Aaron Lewis,Maintenance,Coordinator,2018-10-06,Active
3053,EMP-003053,45,Matthew Johnson,Maintenance,Engineer,2018-02-27,Active
3054,EMP-003054,83,Michael Clark,Operations,Engineer,2016-04-29,Active
3055,EMP-003055,4,Shane Clark,IT,Specialist,2017-06-05,Active
3056,EMP-003056,13,Sally Jones,Maintenance,Supervisor,2017-03-04,Active
3057,EMP-003057,99,Erik King,Sales,Engineer,2018-07-31,Active
3058,EMP-003058,87,Jeffrey Golden,Supply Chain,Specialist,2018-08-03,Active
3059,EMP-003059,16,Patricia Garcia,Human Resources,Operator,2017-03-18,Active
3060,EMP-003060,13,Michelle Smith,IT,Operator,2018-11-07,Active
3061,EMP-003061,50,Patrick Fisher,IT,Specialist,2016-08-05,Active
3062,EMP-003062,46,Todd Guerrero,Supply Chain,Specialist,2016-08-22,Active
3063,EMP-003063,13,Tammy Walter,Supply Chain,Supervisor,2018-01-14,Active
3064,EMP-003064,11,Eric Ferguson,Finance,Supervisor,2016-10-05,Active
3065,EMP-003065,30,Patrick Taylor,IT,Engineer,2017-05-17,Active
3066,EMP-003066,13,Tracy Sharp,Finance,Coordinator,2017-03-08,Active
3067,EMP-003067,18,Phyllis Johnson,Human Resources,Operator,2017-09-12,Active
3068,EMP-003068,36,John Arroyo,Operations,Supervisor,2017-01-22,Active
3069,EMP-003069,45,Daniel Lozano,Human Resources,Analyst,2017-11-11,Active
3070,EMP-003070,51,Jessica Adams,Maintenance,Supervisor,2017-01-04,Active
3071,EMP-003071,94,Thomas Francis,Finance,Specialist,2018-05-16,Active
3072,EMP-003072,29,Regina Love,Operations,Specialist,2016-09-08,Active
3073,EMP-003073,8,Gina Walter,Sales,Manager,2018-12-01,Inactive
3074,EMP-003074,96,Jennifer Ford,IT,Supervisor,2018-08-10,Active
3075,EMP-003075,69,Martin Pena,Finance,Coordinator,2018-05-21,Active
3076,EMP-003076,85,Charles Montes,Finance,Coordinator,2017-07-01,Active
3077,EMP-003077,30,Amanda Lam,IT,Operator,2017-01-13,Active
3078,EMP-003078,17,Heather Burgess,Human Resources,Manager,2017-10-18,Active
3079,EMP-003079,22,Paige Arnold,Operations,Manager,2018-03-05,Active
3080,EMP-003080,38,Zachary Smith,Maintenance,Analyst,2018-02-25,Active
3081,EMP-003081,90,Sheila Wilson,Operations,Operator,2018-01-22,Active
3082,EMP-003082,15,Elizabeth Acosta,Maintenance,Coordinator,2016-10-31,Active
3083,EMP-003083,29,Katherine Lewis,Sales,Supervisor,2016-07-10,Active
3084,EMP-003084,72,Matthew Smith,IT,Specialist,2017-05-13,Active
3085,EMP-003085,26,Mark Ray,Finance,Supervisor,2018-08-18,Active
3086,EMP-003086,97,Sharon Wright,Human Resources,Specialist,2016-02-01,Active
3087,EMP-003087,47,Allison Hernandez,Supply Chain,Operator,2017-03-30,Active
3088,EMP-003088,56,Kimberly Stuart,Operations,Specialist,2018-05-27,Active
3089,EMP-003089,28,Miss Andrea Kirby,Sales,Engineer,2016-10-01,Inactive
3090,EMP-003090,83,April Perez DDS,Supply Chain,Manager,2016-01-29,Inactive
3091,EMP-003091,72,Kayla Ramos,Supply Chain,Operator,2018-10-10,Active
3092,EMP-003092,8,Luis Hanson,Supply Chain,Coordinator,2017-11-23,Active
3093,EMP-003093,43,Steven Crawford,Operations,Manager,2017-05-08,Inactive
3094,EMP-003094,79,Diane Torres,Supply Chain,Engineer,2016-10-23,Active
3095,EMP-003095,10,Sally Foster,Sales,Operator,2017-02-19,Active
3096,EMP-003096,34,Jacob Weber,Finance,Supervisor,2017-01-12,Inactive
3097,EMP-003097,28,Rodney Hayes,Maintenance,Analyst,2018-08-14,Active
3098,EMP-003098,91,Mark Martinez,Maintenance,Manager,2017-06-28,Active
3099,EMP-003099,2,Molly Bailey,IT,Supervisor,2016-07-07,Active
3100,EMP-003100,35,Julie Stout,Operations,Supervisor,2017-10-25,Active
3101,EMP-003101,98,Luis Webster,Supply Chain,Supervisor,2018-08-06,Active
3102,EMP-003102,40,Sarah Mendoza,Supply Chain,Supervisor,2016-07-02,Active
3103,EMP-003103,54,Adrian Simpson,Human Resources,Specialist,2016-09-17,Active
3104,EMP-003104,53,Cynthia Anderson,IT,Analyst,2017-08-21,Active
3105,EMP-003105,92,Walter Barrett,Operations,Supervisor,2016-06-22,Active
3106,EMP-003106,76,Brooke Abbott,Maintenance,Engineer,2017-05-02,Active
3107,EMP-003107,80,Pamela Jordan,IT,Operator,2017-04-09,Active
3108,EMP-003108,51,James Jones,Supply Chain,Manager,2016-07-25,Active
3109,EMP-003109,15,Melissa Wagner,Human Resources,Supervisor,2016-03-30,Active
3110,EMP-003110,82,Abigail Contreras,Finance,Operator,2018-10-14,Active
3111,EMP-003111,33,Lisa Adams,Finance,Coordinator,2018-05-22,Active
3112,EMP-003112,24,Joshua Smith,Human Resources,Engineer,2018-08-21,Active
3113,EMP-003113,17,Amanda Williams,Maintenance,Engineer,2017-06-17,Active
3114,EMP-003114,63,Nancy Sampson,Human Resources,Analyst,2018-11-14,Active
3115,EMP-003115,53,Jose Clements,Operations,Specialist,2017-10-29,Active
3116,EMP-003116,64,Nicholas Tran,Operations,Operator,2017-03-18,Active
3117,EMP-003117,26,Donna Neal,Finance,Specialist,2017-07-11,Active
3118,EMP-003118,25,Joshua Marks,Sales,Analyst,2018-06-11,Active
3119,EMP-003119,51,Willie Robertson,Human Resources,Manager,2016-11-27,Active
3120,EMP-003120,66,Stephanie Zimmerman,Sales,Operator,2017-06-10,Active
3121,EMP-003121,64,Edward Miller,Sales,Analyst,2018-11-04,Active
3122,EMP-003122,39,Christina Murphy,IT,Operator,2017-08-24,Active
3123,EMP-003123,18,Robert Flores,Supply Chain,Engineer,2017-08-29,Active
3124,EMP-003124,23,Alison Perez,Sales,Supervisor,2018-10-04,Active
3125,EMP-003125,29,Teresa Galloway,Sales,Analyst,2016-12-15,Inactive
3126,EMP-003126,89,Michelle Lopez,Sales,Manager,2017-11-10,Active
3127,EMP-003127,29,Scott Singh,Operations,Analyst,2017-11-23,Active
3128,EMP-003128,99,David Gray,Maintenance,Engineer,2018-08-31,Active
3129,EMP-003129,69,Blake Brown,Finance,Coordinator,2016-07-28,Active
3130,EMP-003130,37,Christine Brown,IT,Operator,2018-01-15,Active
3131,EMP-003131,88,Dennis Moss,Supply Chain,Analyst,2018-03-02,Active
3132,EMP-003132,57,Monica Villanueva,Human Resources,Operator,2017-06-12,Inactive
3133,EMP-003133,51,Lindsay Dyer,Human Resources,Engineer,2018-08-14,Active
3134,EMP-003134,56,Raymond Taylor,Supply Chain,Specialist,2018-12-26,Active
3135,EMP-003135,20,Derrick Garcia,Finance,Analyst,2018-06-08,Active
3136,EMP-003136,92,Alexandra Collier,Sales,Manager,2017-12-10,Active
3137,EMP-003137,1,Robin Murray,Sales,Manager,2016-03-14,Active
3138,EMP-003138,25,Joseph Garrison,IT,Coordinator,2018-12-30,Active
3139,EMP-003139,18,Bethany Duncan,IT,Engineer,2016-09-07,Active
3140,EMP-003140,24,Jamie Duncan,Operations,Coordinator,2016-09-03,Inactive
3141,EMP-003141,52,Samantha Walker,IT,Operator,2018-01-16,Active
3142,EMP-003142,1,Linda Mahoney,Supply Chain,Coordinator,2016-05-30,Active
3143,EMP-003143,45,Elizabeth Lee,Maintenance,Specialist,2016-10-01,Active
3144,EMP-003144,45,Michelle Wilson,Operations,Manager,2016-07-26,Active
3145,EMP-003145,88,Sara Santiago,Finance,Analyst,2016-09-06,Active
3146,EMP-003146,59,Gloria Best,Human Resources,Engineer,2017-01-28,Active
3147,EMP-003147,32,Carmen Chambers,Sales,Supervisor,2018-07-08,Inactive
3148,EMP-003148,54,Jonathon Carlson,IT,Specialist,2017-09-08,Active
3149,EMP-003149,54,Christopher Hooper,Sales,Manager,2018-06-11,Active
3150,EMP-003150,44,Jason Travis,Maintenance,Engineer,2018-12-06,Active
3151,EMP-003151,48,Mark Hampton,Supply Chain,Supervisor,2017-08-28,Active
3152,EMP-003152,45,Mark Beltran,Operations,Analyst,2017-11-28,Active
3153,EMP-003153,20,Daniel Velasquez,Finance,Manager,2016-08-17,Active
3154,EMP-003154,16,Christian Gilmore,Sales,Coordinator,2018-07-11,Active
3155,EMP-003155,23,Connor Young,Human Resources,Manager,2016-01-11,Active
3156,EMP-003156,80,Julie Reed,Finance,Manager,2016-01-04,Active
3157,EMP-003157,73,Christy Cardenas,Sales,Coordinator,2017-03-08,Active
3158,EMP-003158,8,Deborah Carson,Operations,Engineer,2017-01-07,Inactive
3159,EMP-003159,68,Barbara Ramos,Human Resources,Supervisor,2018-12-24,Active
3160,EMP-003160,48,Cynthia Mccormick,Human Resources,Coordinator,2016-02-16,Active
3161,EMP-003161,67,Sara Vasquez,Sales,Supervisor,2016-04-09,Active
3162,EMP-003162,99,Frank Conley,Human Resources,Manager,2018-02-01,Active
3163,EMP-003163,17,Karen Goodman,Human Resources,Engineer,2016-09-04,Active
3164,EMP-003164,8,Richard Wilson,Human Resources,Manager,2018-09-23,Active
3165,EMP-003165,71,Meagan Jackson,Human Resources,Specialist,2018-09-15,Active
3166,EMP-003166,27,Carolyn Williams,Finance,Specialist,2018-01-08,Active
3167,EMP-003167,36,Michael Sullivan,Maintenance,Analyst,2016-11-26,Active
3168,EMP-003168,78,April Morgan,Supply Chain,Specialist,2018-12-22,Active
3169,EMP-003169,32,Dustin Vazquez,IT,Analyst,2017-01-19,Active
3170,EMP-003170,62,Shawn Mcmillan,Operations,Specialist,2018-05-14,Active
3171,EMP-003171,1,Sean Young,Sales,Manager,2016-05-13,Active
3172,EMP-003172,25,Evelyn Spencer,IT,Analyst,2016-03-05,Active
3173,EMP-003173,82,Joseph Underwood,Supply Chain,Analyst,2016-10-21,Active
3174,EMP-003174,84,Frank Howard,Human Resources,Engineer,2017-10-27,Active
3175,EMP-003175,87,Jerry Rivera,Finance,Analyst,2017-01-24,Active
3176,EMP-003176,23,Theresa Kelley,Maintenance,Supervisor,2016-01-21,Active
3177,EMP-003177,48,Kara Mayer,Supply Chain,Specialist,2018-07-12,Active
3178,EMP-003178,85,Cody Acevedo,Sales,Analyst,2018-06-08,Active
3179,EMP-003179,26,Mr. Matthew Mann Jr.,Sales,Coordinator,2016-05-07,Active
3180,EMP-003180,35,Joseph Taylor,Human Resources,Specialist,2018-05-19,Active
3181,EMP-003181,56,Michael Reynolds,Human Resources,Coordinator,2016-06-05,Active
3182,EMP-003182,12,Brandon Collins,Supply Chain,Analyst,2016-03-08,Active
3183,EMP-003183,18,Tina Williamson,Maintenance,Supervisor,2016-07-08,Active
3184,EMP-003184,5,Vanessa Gould,Finance,Manager,2016-04-10,Active
3185,EMP-003185,69,Dawn Young,Human Resources,Coordinator,2018-01-26,Active
3186,EMP-003186,27,Jason Chase,Maintenance,Supervisor,2016-12-14,Active
3187,EMP-003187,88,Scott Miller,Operations,Specialist,2017-03-05,Active
3188,EMP-003188,53,Megan Mathews,Supply Chain,Manager,2016-12-14,Active
3189,EMP-003189,82,Michael Nguyen,Sales,Specialist,2018-12-31,Active
3190,EMP-003190,36,Pamela Cohen,Maintenance,Engineer,2018-07-26,Active
3191,EMP-003191,52,Nicholas Foster,Sales,Manager,2018-04-02,Active
3192,EMP-003192,23,Matthew Moss,Operations,Coordinator,2017-03-03,Active
3193,EMP-003193,15,Daniel Daniels,Operations,Operator,2017-09-03,Active
3194,EMP-003194,1,Elizabeth Porter,Sales,Supervisor,2016-01-07,Active
3195,EMP-003195,66,Crystal Perez,Human Resources,Engineer,2017-04-06,Active
3196,EMP-003196,32,Jody Hopkins,Maintenance,Manager,2016-08-17,Active
3197,EMP-003197,94,Deborah Lewis,Human Resources,Operator,2018-12-28,Active
3198,EMP-003198,96,Mr. Miguel Bennett,Finance,Supervisor,2016-08-20,Active
3199,EMP-003199,79,Brenda Wade,Human Resources,Engineer,2016-11-29,Inactive
3200,EMP-003200,70,Daniel Martinez,Sales,Manager,2016-02-13,Active
3201,EMP-003201,22,James Oneal,Supply Chain,Operator,2018-07-03,Active
3202,EMP-003202,2,Brandi Shaw,Finance,Analyst,2018-05-28,Active
3203,EMP-003203,62,Courtney Richards,Human Resources,Coordinator,2017-03-24,Active
3204,EMP-003204,87,Billy Donaldson,Supply Chain,Specialist,2017-11-06,Active
3205,EMP-003205,57,Gregory Smith,IT,Engineer,2018-12-28,Active
3206,EMP-003206,38,James Diaz,Sales,Engineer,2016-10-23,Active
3207,EMP-003207,82,Gwendolyn Hale,Supply Chain,Coordinator,2016-09-23,Active
3208,EMP-003208,75,Lori Rodriguez,Finance,Analyst,2018-12-24,Active
3209,EMP-003209,13,Caleb Ramirez,Sales,Manager,2017-04-30,Active
3210,EMP-003210,88,Joshua Hill,Human Resources,Analyst,2018-09-29,Active
3211,EMP-003211,67,David Howell,Operations,Operator,2017-03-22,Active
3212,EMP-003212,99,Charles Perez,Human Resources,Analyst,2016-08-25,Active
3213,EMP-003213,46,Heather Garza,Sales,Analyst,2017-05-10,Active
3214,EMP-003214,71,Madison Bryant,Supply Chain,Supervisor,2016-06-03,Active
3215,EMP-003215,23,David Jackson,Sales,Analyst,2016-02-01,Active
3216,EMP-003216,99,Mary Kelly,Maintenance,Coordinator,2016-11-17,Active
3217,EMP-003217,1,Penny Richardson,Supply Chain,Coordinator,2016-11-08,Active
3218,EMP-003218,88,Mr. Eric Brown,IT,Specialist,2017-01-25,Inactive
3219,EMP-003219,82,Christopher Webb,Finance,Specialist,2018-11-21,Active
3220,EMP-003220,46,Crystal Silva,Sales,Manager,2017-04-09,Active
3221,EMP-003221,90,Joseph Cantrell,IT,Manager,2018-01-12,Inactive
3222,EMP-003222,20,Vincent Rowland,Maintenance,Engineer,2016-04-21,Active
3223,EMP-003223,50,Toni Carr,Human Resources,Manager,2017-02-01,Active
3224,EMP-003224,64,Jennifer Clay,Supply Chain,Analyst,2017-06-07,Active
3225,EMP-003225,95,Yvonne Lopez MD,Supply Chain,Analyst,2018-03-11,Active
3226,EMP-003226,22,Matthew Cooley,Human Resources,Operator,2016-08-17,Inactive
3227,EMP-003227,41,Katherine Cox,IT,Specialist,2016-04-29,Active
3228,EMP-003228,36,Amber Murphy,Sales,Coordinator,2016-12-02,Active
3229,EMP-003229,72,Destiny Evans,Human Resources,Coordinator,2016-12-26,Active
3230,EMP-003230,42,Gary Austin,Supply Chain,Manager,2018-07-11,Active
3231,EMP-003231,10,Carrie Carroll,Sales,Operator,2017-08-25,Active
3232,EMP-003232,87,Michael Rivas,Operations,Manager,2018-05-06,Active
3233,EMP-003233,33,James Bates,IT,Specialist,2018-10-06,Active
3234,EMP-003234,8,Aaron Campbell,Sales,Analyst,2017-03-23,Active
3235,EMP-003235,39,James Cohen,Maintenance,Coordinator,2016-01-20,Active
3236,EMP-003236,37,Crystal Ali,Finance,Engineer,2018-11-03,Active
3237,EMP-003237,61,Stephanie Bennett,IT,Engineer,2017-10-25,Active
3238,EMP-003238,19,William Wilson,IT,Specialist,2017-01-22,Active
3239,EMP-003239,88,Jonathan Arnold,Operations,Supervisor,2018-11-06,Active
3240,EMP-003240,44,Sean White,Maintenance,Manager,2018-10-15,Active
3241,EMP-003241,8,Sandra Morgan,Finance,Operator,2017-10-27,Active
3242,EMP-003242,21,Angela Wolf,Supply Chain,Analyst,2018-12-29,Active
3243,EMP-003243,5,Kimberly Avila,Supply Chain,Engineer,2016-12-16,Active
3244,EMP-003244,29,Tiffany Freeman,IT,Operator,2018-12-11,Active
3245,EMP-003245,99,Greg Howard,Sales,Operator,2018-12-19,Active
3246,EMP-003246,59,Andrew Martinez,Supply Chain,Coordinator,2016-06-01,Active
3247,EMP-003247,85,Cynthia Trujillo,Human Resources,Manager,2018-11-24,Active
3248,EMP-003248,89,Robert Santos,Finance,Engineer,2016-02-09,Active
3249,EMP-003249,8,Shannon Martin,Maintenance,Supervisor,2017-04-22,Active
3250,EMP-003250,42,Emily Brown,Operations,Engineer,2017-04-14,Active
3251,EMP-003251,3,Chad Hughes,Operations,Analyst,2016-08-21,Active
3252,EMP-003252,92,Shane Walter,Sales,Analyst,2017-05-04,Active
3253,EMP-003253,32,Dylan Nelson,Supply Chain,Engineer,2017-12-23,Active
3254,EMP-003254,98,Robert Allen,IT,Analyst,2018-09-10,Active
3255,EMP-003255,92,Brian Mcgee,Human Resources,Engineer,2016-04-26,Active
3256,EMP-003256,28,Justin Banks,Operations,Engineer,2017-05-31,Active
3257,EMP-003257,88,Bryan Macdonald,IT,Specialist,2018-08-03,Active
3258,EMP-003258,58,Patrick Morrow,Finance,Coordinator,2017-12-04,Active
3259,EMP-003259,87,Tyler Buchanan,Sales,Analyst,2016-08-27,Active
3260,EMP-003260,70,Sean Lee,Supply Chain,Coordinator,2016-02-01,Active
3261,EMP-003261,32,Dylan Christensen,Operations,Supervisor,2018-02-23,Active
3262,EMP-003262,94,Jonathan Boyd,Sales,Coordinator,2016-08-02,Active
3263,EMP-003263,94,Stephen Smith,Human Resources,Coordinator,2016-07-23,Active
3264,EMP-003264,47,Francisco Gray,Finance,Engineer,2018-11-06,Active
3265,EMP-003265,26,Sherri Fischer,IT,Operator,2017-12-06,Active
3266,EMP-003266,32,Jessica Daniels,Maintenance,Coordinator,2018-02-04,Active
3267,EMP-003267,96,Jessica Mueller,Sales,Analyst,2017-01-09,Active
3268,EMP-003268,60,Samantha Shepard,Supply Chain,Operator,2018-02-01,Active
3269,EMP-003269,48,Benjamin Owens,Maintenance,Engineer,2017-05-15,Active
3270,EMP-003270,39,Rhonda Smith,Human Resources,Manager,2016-01-26,Inactive
3271,EMP-003271,43,Daniel Carter,Finance,Supervisor,2016-05-26,Active
3272,EMP-003272,47,Justin Holland,Human Resources,Coordinator,2016-04-21,Active
3273,EMP-003273,40,Jessica Chavez,IT,Engineer,2018-01-26,Active
3274,EMP-003274,57,Andrew Chandler,Supply Chain,Analyst,2018-03-05,Active
3275,EMP-003275,70,Andrew Peck,Operations,Manager,2016-02-02,Active
3276,EMP-003276,18,Brian Boyer,Finance,Analyst,2016-06-24,Active
3277,EMP-003277,26,Hannah Miller,Supply Chain,Coordinator,2018-01-07,Active
3278,EMP-003278,45,Julie Howard,Sales,Operator,2018-12-27,Active
3279,EMP-003279,57,Amanda Davis,Maintenance,Supervisor,2017-06-12,Inactive
3280,EMP-003280,87,Melinda Anderson,Operations,Engineer,2016-10-18,Active
3281,EMP-003281,81,Melissa Schroeder,Supply Chain,Analyst,2016-04-12,Active
3282,EMP-003282,100,Brandon Hoffman,Human Resources,Coordinator,2018-07-27,Active
3283,EMP-003283,33,Peter Stewart,IT,Coordinator,2018-12-31,Active
3284,EMP-003284,91,Vanessa Ramirez,Maintenance,Supervisor,2016-11-05,Active
3285,EMP-003285,17,Linda Hinton,Maintenance,Supervisor,2016-11-21,Active
3286,EMP-003286,24,Mary Snyder,Supply Chain,Engineer,2017-08-08,Active
3287,EMP-003287,54,Mr. Richard Whitney,Supply Chain,Specialist,2016-09-05,Active
3288,EMP-003288,63,Jessica Flowers,Human Resources,Operator,2018-03-11,Active
3289,EMP-003289,2,John Garcia,Maintenance,Coordinator,2017-08-11,Inactive
3290,EMP-003290,11,Sean Yoder,Human Resources,Analyst,2017-01-21,Active
3291,EMP-003291,91,Gregory Lara,Maintenance,Engineer,2017-01-08,Active
3292,EMP-003292,27,Ronald Carpenter,Sales,Supervisor,2018-01-19,Active
3293,EMP-003293,76,Brandi Brady,IT,Coordinator,2016-08-05,Active
3294,EMP-003294,49,Michael Sullivan,IT,Coordinator,2018-05-17,Inactive
3295,EMP-003295,55,Courtney Knapp,Supply Chain,Operator,2017-01-17,Active
3296,EMP-003296,45,Eric Jacobs,Operations,Coordinator,2018-02-22,Active
3297,EMP-003297,32,Anne Smith,Human Resources,Operator,2016-11-18,Active
3298,EMP-003298,95,Larry Flynn,Maintenance,Coordinator,2018-04-30,Active
3299,EMP-003299,36,Molly Meyer,Finance,Operator,2016-11-20,Active
3300,EMP-003300,86,Virginia Smith,IT,Engineer,2016-03-01,Active
3301,EMP-003301,92,Ashley Thomas,Finance,Specialist,2018-03-26,Active
3302,EMP-003302,87,Zachary Adams,Finance,Engineer,2018-01-01,Active
3303,EMP-003303,52,Joseph Heath,Finance,Manager,2016-12-18,Active
3304,EMP-003304,80,William Mitchell,Finance,Operator,2016-05-21,Active
3305,EMP-003305,96,Justin Smith,Human Resources,Supervisor,2016-10-24,Active
3306,EMP-003306,77,Albert Lara,IT,Operator,2016-01-17,Active
3307,EMP-003307,20,Kimberly Meadows,Sales,Supervisor,2016-09-09,Active
3308,EMP-003308,62,Robert Welch,Supply Chain,Analyst,2018-12-18,Active
3309,EMP-003309,28,Robin Johnson,Supply Chain,Manager,2017-03-19,Active
3310,EMP-003310,40,Brendan Mack,Human Resources,Manager,2016-12-20,Active
3311,EMP-003311,48,Erin Brown,Finance,Engineer,2018-11-02,Active
3312,EMP-003312,1,Anthony Ford,Sales,Specialist,2016-07-19,Active
3313,EMP-003313,92,John Riley,Finance,Coordinator,2017-11-19,Active
3314,EMP-003314,12,Selena Nichols,IT,Supervisor,2017-09-02,Active
3315,EMP-003315,44,Brandon Leon,Supply Chain,Coordinator,2017-06-24,Active
3316,EMP-003316,5,Terri Clay,Human Resources,Coordinator,2017-10-30,Inactive
3317,EMP-003317,41,Victoria Moran,Human Resources,Analyst,2017-09-18,Active
3318,EMP-003318,83,Beth Schmidt,IT,Engineer,2017-12-26,Active
3319,EMP-003319,9,Arthur Perry,Sales,Engineer,2017-03-09,Active
3320,EMP-003320,50,Ms. Amanda Herrera,Human Resources,Supervisor,2016-12-01,Active
3321,EMP-003321,80,Wesley Hendrix,IT,Manager,2018-05-24,Active
3322,EMP-003322,70,Larry Hart,Sales,Analyst,2017-10-17,Active
3323,EMP-003323,8,Brian Castro,Maintenance,Supervisor,2018-07-16,Active
3324,EMP-003324,22,David Warner,IT,Analyst,2018-04-30,Active
3325,EMP-003325,70,Todd Evans,Operations,Engineer,2017-09-28,Active
3326,EMP-003326,8,Kathryn Barrett,Operations,Operator,2016-05-07,Active
3327,EMP-003327,49,Joseph Bennett,Finance,Supervisor,2016-03-31,Active
3328,EMP-003328,47,Denise Adams,IT,Operator,2017-07-03,Active
3329,EMP-003329,24,Cynthia Allen,IT,Analyst,2018-03-05,Active
3330,EMP-003330,7,Sarah Walker,Supply Chain,Operator,2017-12-25,Active
3331,EMP-003331,9,Jennifer Montoya,Human Resources,Engineer,2017-02-26,Active
3332,EMP-003332,41,Corey Duncan,IT,Operator,2017-05-03,Active
3333,EMP-003333,24,Norma Perry,Operations,Specialist,2017-08-27,Active
3334,EMP-003334,29,Christopher Keith,Maintenance,Coordinator,2018-07-20,Active
3335,EMP-003335,80,Jordan Kent,Sales,Specialist,2017-12-30,Active
3336,EMP-003336,24,Kimberly Wang,Human Resources,Analyst,2018-02-08,Active
3337,EMP-003337,55,Tiffany Middleton,Human Resources,Specialist,2016-08-07,Active
3338,EMP-003338,36,Jonathan James,Maintenance,Coordinator,2016-05-30,Active
3339,EMP-003339,81,Christine Fowler,Finance,Operator,2018-06-24,Active
3340,EMP-003340,56,Alexandra Smith,Finance,Analyst,2016-05-09,Active
3341,EMP-003341,21,Elizabeth Smith,Maintenance,Operator,2016-09-29,Active
3342,EMP-003342,25,Bianca Williams,Human Resources,Operator,2017-08-12,Active
3343,EMP-003343,19,Lynn Espinoza,Operations,Supervisor,2016-04-05,Active
3344,EMP-003344,79,Lori Cross,Maintenance,Operator,2016-07-08,Active
3345,EMP-003345,3,Leslie Adams,Maintenance,Operator,2016-04-03,Active
3346,EMP-003346,31,Scott Brown,Finance,Supervisor,2017-01-31,Active
3347,EMP-003347,36,Randy Garcia,Maintenance,Manager,2017-08-23,Active
3348,EMP-003348,72,James Tucker,Operations,Operator,2017-05-10,Inactive
3349,EMP-003349,96,Hannah Lawrence,IT,Engineer,2018-02-03,Active
3350,EMP-003350,87,Trevor Evans,Human Resources,Analyst,2017-06-17,Active
3351,EMP-003351,57,Lauren Vasquez,IT,Analyst,2016-10-14,Active
3352,EMP-003352,23,Rebecca Palmer,Supply Chain,Manager,2016-08-22,Active
3353,EMP-003353,25,Tammy Mitchell,Finance,Engineer,2018-03-02,Active
3354,EMP-003354,61,Paul Pennington,Supply Chain,Coordinator,2016-03-03,Active
3355,EMP-003355,30,Amanda Young,IT,Specialist,2017-01-06,Inactive
3356,EMP-003356,44,Sarah Garcia,Operations,Coordinator,2017-07-22,Active
3357,EMP-003357,26,Phillip Rose,Supply Chain,Analyst,2016-12-08,Active
3358,EMP-003358,43,Robert Hebert,Sales,Operator,2017-02-23,Active
3359,EMP-003359,57,Debbie Dominguez,Supply Chain,Supervisor,2016-02-13,Active
3360,EMP-003360,92,Lisa Garcia,Operations,Manager,2017-08-30,Active
3361,EMP-003361,92,Kathryn Mcdowell,Human Resources,Engineer,2017-02-09,Active
3362,EMP-003362,52,Jason Molina,Human Resources,Coordinator,2016-12-09,Active
3363,EMP-003363,50,Brandy Wood,IT,Manager,2018-02-21,Active
3364,EMP-003364,42,Nathan Mckenzie,Human Resources,Engineer,2017-11-18,Active
3365,EMP-003365,33,Lauren Garcia,IT,Manager,2017-12-27,Active
3366,EMP-003366,70,Craig Bonilla,Finance,Engineer,2018-05-05,Active
3367,EMP-003367,14,Eileen Parsons,Supply Chain,Coordinator,2017-10-07,Active
3368,EMP-003368,67,Lauren Lopez,Sales,Supervisor,2016-09-24,Active
3369,EMP-003369,91,Jonathan Walker,Operations,Specialist,2018-08-20,Active
3370,EMP-003370,79,Danielle Lloyd,Operations,Operator,2018-07-05,Active
3371,EMP-003371,41,Ashley Williams,Finance,Operator,2016-01-30,Active
3372,EMP-003372,21,Kristin Hodges,Human Resources,Analyst,2018-03-21,Active
3373,EMP-003373,36,William Hernandez,Sales,Manager,2016-08-28,Active
3374,EMP-003374,96,Jeffrey Jacobs,Human Resources,Supervisor,2016-07-28,Active
3375,EMP-003375,33,Victoria Melton,Sales,Operator,2016-08-27,Inactive
3376,EMP-003376,22,Julian Wright,Maintenance,Specialist,2018-01-17,Active
3377,EMP-003377,52,Stephanie Fowler,Finance,Engineer,2017-08-08,Active
3378,EMP-003378,15,Michael Richardson,Maintenance,Coordinator,2016-02-20,Active
3379,EMP-003379,78,Jack Jackson,Sales,Coordinator,2017-08-15,Inactive
3380,EMP-003380,60,Ann Thomas,Sales,Coordinator,2017-02-06,Active
3381,EMP-003381,77,Angelica Chang,Finance,Engineer,2017-09-06,Inactive
3382,EMP-003382,70,Nicholas Johnson,Operations,Engineer,2017-08-11,Active
3383,EMP-003383,92,David Walker,Human Resources,Supervisor,2018-01-12,Active
3384,EMP-003384,24,Alexander Ball,Sales,Coordinator,2018-10-10,Active
3385,EMP-003385,40,Tammy Harris,Human Resources,Engineer,2016-06-16,Active
3386,EMP-003386,60,Dillon Nunez,Supply Chain,Operator,2016-06-22,Active
3387,EMP-003387,20,Sabrina Sullivan,Maintenance,Specialist,2017-01-05,Active
3388,EMP-003388,27,Amanda Spencer,Maintenance,Engineer,2016-05-05,Active
3389,EMP-003389,71,Eric Sanders,Maintenance,Supervisor,2016-03-03,Active
3390,EMP-003390,47,Jeanne Williams,Operations,Operator,2018-01-06,Active
3391,EMP-003391,12,Curtis Walker,IT,Specialist,2016-06-30,Active
3392,EMP-003392,97,Gabriel Kelley,IT,Operator,2017-12-11,Active
3393,EMP-003393,93,Scott Daniel,Supply Chain,Manager,2016-01-26,Active
3394,EMP-003394,57,Vanessa Gonzalez,Human Resources,Operator,2016-11-14,Active
3395,EMP-003395,58,Veronica Leonard,Sales,Manager,2017-04-28,Active
3396,EMP-003396,50,James Warner,IT,Analyst,2018-11-23,Active
3397,EMP-003397,69,Sean Hoffman,Finance,Manager,2017-10-19,Inactive
3398,EMP-003398,78,Paul Price,Sales,Manager,2016-12-01,Active
3399,EMP-003399,67,Hector Weeks,Operations,Specialist,2017-02-28,Active
3400,EMP-003400,77,Eric Holden,Human Resources,Supervisor,2018-10-21,Active
3401,EMP-003401,8,Vanessa Jensen,Finance,Supervisor,2016-12-08,Active
3402,EMP-003402,78,Kevin Hall,Maintenance,Supervisor,2017-12-30,Active
3403,EMP-003403,7,Pamela Brown,IT,Engineer,2016-02-21,Active
3404,EMP-003404,39,Bradley Waters,Human Resources,Analyst,2016-04-06,Active
3405,EMP-003405,75,Kenneth Perry,Supply Chain,Specialist,2018-08-14,Active
3406,EMP-003406,73,Andrea Spence,Maintenance,Specialist,2018-08-21,Active
3407,EMP-003407,53,Joseph Edwards,Operations,Engineer,2017-12-10,Active
3408,EMP-003408,68,Jonathan Crawford,Human Resources,Coordinator,2017-05-31,Active
3409,EMP-003409,28,Russell Warren,Sales,Operator,2018-10-03,Active
3410,EMP-003410,8,Tammy Herring,Maintenance,Specialist,2017-09-14,Active
3411,EMP-003411,87,Jennifer Robinson,Sales,Manager,2017-10-09,Active
3412,EMP-003412,29,Michele Olson,Supply Chain,Analyst,2018-02-04,Active
3413,EMP-003413,45,Erik Brown,Supply Chain,Specialist,2017-10-22,Active
3414,EMP-003414,69,Donald Arias,Supply Chain,Analyst,2016-08-27,Active
3415,EMP-003415,4,Daniel Vaughn,Operations,Operator,2016-11-11,Active
3416,EMP-003416,74,Kyle Robinson,Sales,Coordinator,2017-12-13,Active
3417,EMP-003417,26,Sarah Mccormick,Human Resources,Supervisor,2017-11-27,Active
3418,EMP-003418,5,Kyle Stark,Operations,Supervisor,2017-11-13,Active
3419,EMP-003419,61,Daniel Lopez,Maintenance,Coordinator,2017-04-19,Active
3420,EMP-003420,9,Frederick Patterson,Maintenance,Operator,2018-02-12,Active
3421,EMP-003421,62,Jane Conner,IT,Engineer,2018-09-23,Active
3422,EMP-003422,50,Eric Pena,Operations,Supervisor,2016-10-26,Active
3423,EMP-003423,95,Michael Huang,Operations,Specialist,2018-08-20,Inactive
3424,EMP-003424,48,Brett Collins,Maintenance,Analyst,2018-05-15,Active
3425,EMP-003425,77,Lisa Williams,Maintenance,Manager,2016-08-17,Active
3426,EMP-003426,9,Seth Bryan,Human Resources,Coordinator,2018-12-25,Active
3427,EMP-003427,8,Shane Kline,IT,Operator,2018-11-26,Active
3428,EMP-003428,24,Lawrence Frederick,Finance,Operator,2018-12-26,Active
3429,EMP-003429,94,Stacie Sexton,Sales,Operator,2018-02-27,Active
3430,EMP-003430,39,Rachel Porter,Operations,Coordinator,2016-08-18,Active
3431,EMP-003431,6,Karl Robinson,Supply Chain,Engineer,2016-12-03,Active
3432,EMP-003432,23,Mario Ramirez,Supply Chain,Coordinator,2018-07-02,Active
3433,EMP-003433,62,Emily Norman,Finance,Manager,2017-05-24,Active
3434,EMP-003434,20,Dylan Campbell,IT,Engineer,2017-08-08,Active
3435,EMP-003435,43,Kathy Bishop,Sales,Operator,2018-04-03,Active
3436,EMP-003436,78,Mary Hall,Operations,Supervisor,2018-07-10,Active
3437,EMP-003437,99,Erin Bowen,IT,Operator,2016-10-13,Active
3438,EMP-003438,17,Peter Rodriguez,Supply Chain,Manager,2017-10-12,Active
3439,EMP-003439,100,Amanda White,IT,Engineer,2016-02-28,Active
3440,EMP-003440,72,Edward Gross,Maintenance,Coordinator,2017-04-19,Active
3441,EMP-003441,36,Chris Douglas,Operations,Manager,2016-11-20,Active
3442,EMP-003442,16,Tiffany Mcfarland,Operations,Specialist,2017-08-18,Active
3443,EMP-003443,79,Steven Harrison,Human Resources,Specialist,2016-03-24,Active
3444,EMP-003444,11,Mark Foster,Supply Chain,Coordinator,2017-11-14,Active
3445,EMP-003445,56,Mark Reid,Maintenance,Specialist,2018-03-07,Active
3446,EMP-003446,61,Brittany Garcia,Maintenance,Supervisor,2018-01-18,Active
3447,EMP-003447,34,Maria Hopkins,Finance,Operator,2016-09-07,Active
3448,EMP-003448,79,Sheryl Dominguez,Operations,Specialist,2017-09-30,Active
3449,EMP-003449,79,Robert Hall,Human Resources,Engineer,2018-12-29,Active
3450,EMP-003450,43,Jason Copeland,Human Resources,Manager,2016-11-19,Active
3451,EMP-003451,53,Cassandra Henson,Human Resources,Manager,2016-12-15,Active
3452,EMP-003452,28,Mr. John Cooper,Sales,Coordinator,2017-03-20,Active
3453,EMP-003453,36,Rachel Johnson,Operations,Operator,2016-01-18,Active
3454,EMP-003454,90,Laura Simmons,Sales,Coordinator,2018-03-31,Inactive
3455,EMP-003455,28,Brian Lewis,Operations,Manager,2016-09-04,Active
3456,EMP-003456,92,Robert Montgomery,IT,Specialist,2018-07-24,Active
3457,EMP-003457,81,Kayla Henderson,Maintenance,Operator,2018-08-23,Active
3458,EMP-003458,6,Sara Jackson,Human Resources,Specialist,2016-09-23,Active
3459,EMP-003459,18,John Donovan,Human Resources,Specialist,2016-07-29,Active
3460,EMP-003460,34,Deborah Wood,Human Resources,Manager,2018-04-13,Active
3461,EMP-003461,47,Stephen Key,IT,Supervisor,2016-12-12,Active
3462,EMP-003462,56,Stacey Whitaker,Finance,Specialist,2017-04-01,Active
3463,EMP-003463,26,Jacob Johnson,Sales,Supervisor,2017-02-15,Active
3464,EMP-003464,31,Dustin Nelson,Finance,Manager,2018-03-18,Active
3465,EMP-003465,62,Kathryn Rowe,Sales,Manager,2016-08-29,Active
3466,EMP-003466,86,Rebecca Floyd,Operations,Specialist,2016-04-28,Active
3467,EMP-003467,8,Jennifer Allen,IT,Operator,2018-10-14,Active
3468,EMP-003468,61,Debra Berg,Supply Chain,Operator,2017-11-13,Active
3469,EMP-003469,2,Brittany Rogers,Finance,Coordinator,2017-10-30,Active
3470,EMP-003470,17,Jamie Nelson,Supply Chain,Supervisor,2018-10-08,Active
3471,EMP-003471,70,Benjamin Ortega,Finance,Specialist,2016-02-19,Active
3472,EMP-003472,65,Joseph Fritz,Sales,Operator,2016-07-09,Active
3473,EMP-003473,33,Christine Johnson,Finance,Engineer,2018-08-28,Active
3474,EMP-003474,20,Thomas Soto,Finance,Analyst,2018-07-18,Active
3475,EMP-003475,44,Mary Foster,Human Resources,Operator,2016-04-15,Active
3476,EMP-003476,87,Denise Wilson,Operations,Engineer,2017-04-04,Active
3477,EMP-003477,58,Maria Reynolds,Operations,Analyst,2016-01-15,Inactive
3478,EMP-003478,54,Brenda Allen,Supply Chain,Coordinator,2017-02-07,Active
3479,EMP-003479,70,Mark Pierce,IT,Supervisor,2016-08-23,Active
3480,EMP-003480,37,Christina Brock,Supply Chain,Specialist,2017-03-12,Active
3481,EMP-003481,70,Timothy Lynch,Finance,Operator,2018-10-15,Active
3482,EMP-003482,87,James Jackson,Supply Chain,Supervisor,2017-01-11,Active
3483,EMP-003483,6,Sergio Payne,Finance,Supervisor,2018-08-23,Active
3484,EMP-003484,6,Timothy Coleman,Supply Chain,Specialist,2016-02-02,Active
3485,EMP-003485,19,Kristine Schmidt,IT,Specialist,2016-07-03,Inactive
3486,EMP-003486,68,Jonathon Johnson,IT,Supervisor,2018-04-27,Active
3487,EMP-003487,62,Elizabeth Bates,Operations,Engineer,2018-07-10,Active
3488,EMP-003488,7,Melanie Hoffman,Maintenance,Coordinator,2018-04-06,Active
3489,EMP-003489,76,Susan Atkins,Sales,Operator,2017-06-15,Active
3490,EMP-003490,100,Mitchell Smith,Finance,Coordinator,2018-11-18,Active
3491,EMP-003491,14,Michael White MD,Supply Chain,Manager,2017-03-31,Inactive
3492,EMP-003492,15,Sarah Ruiz,Supply Chain,Coordinator,2016-01-23,Active
3493,EMP-003493,79,Matthew Gillespie,Human Resources,Manager,2016-01-07,Active
3494,EMP-003494,78,Joe Williams,Human Resources,Coordinator,2018-09-06,Active
3495,EMP-003495,2,Janet Murray,Supply Chain,Analyst,2016-01-30,Active
3496,EMP-003496,39,Kimberly Williamson,Human Resources,Analyst,2016-04-23,Active
3497,EMP-003497,71,Erik Brooks,Sales,Supervisor,2017-08-27,Active
3498,EMP-003498,52,Summer Torres,Human Resources,Coordinator,2018-12-12,Active
3499,EMP-003499,62,Brian Hill,Sales,Engineer,2017-07-30,Active
3500,EMP-003500,51,Casey Petersen,Human Resources,Manager,2018-11-19,Inactive
3501,EMP-003501,67,Anna Hess,Finance,Supervisor,2017-07-14,Active
3502,EMP-003502,51,Michelle Noble,IT,Engineer,2018-11-30,Active
3503,EMP-003503,9,Sarah Lam,Operations,Coordinator,2016-09-30,Active
3504,EMP-003504,79,Amy Garcia,Finance,Manager,2017-02-22,Active
3505,EMP-003505,97,Ryan Barnett,Human Resources,Analyst,2016-01-28,Active
3506,EMP-003506,80,Jerry Baldwin,Maintenance,Engineer,2018-03-08,Active
3507,EMP-003507,96,Marco Smith,Supply Chain,Manager,2017-09-19,Active
3508,EMP-003508,75,Brandon Williams,Supply Chain,Engineer,2017-05-20,Inactive
3509,EMP-003509,7,Jennifer Butler,IT,Manager,2018-08-30,Active
3510,EMP-003510,52,Holly Kennedy,Finance,Specialist,2017-01-12,Active
3511,EMP-003511,9,Mark Rodriguez,Supply Chain,Engineer,2018-05-20,Active
3512,EMP-003512,89,Anthony Gilbert,Supply Chain,Supervisor,2017-05-10,Active
3513,EMP-003513,31,Tammie Jacobs,Finance,Manager,2017-01-19,Active
3514,EMP-003514,33,Rodney Martinez,IT,Coordinator,2016-10-13,Active
3515,EMP-003515,27,Michael Hurley,Sales,Specialist,2017-03-19,Inactive
3516,EMP-003516,63,Christopher Frank,Supply Chain,Specialist,2017-05-10,Active
3517,EMP-003517,51,Alan Sanchez,Human Resources,Manager,2018-06-08,Active
3518,EMP-003518,49,Melissa Gibson,Sales,Engineer,2017-07-21,Inactive
3519,EMP-003519,3,Brent Mathews,Sales,Manager,2016-12-28,Active
3520,EMP-003520,100,Eugene Ferrell,Supply Chain,Analyst,2018-12-12,Active
3521,EMP-003521,34,Andrew Martinez,IT,Manager,2016-02-04,Active
3522,EMP-003522,61,Christopher Cox,IT,Supervisor,2017-09-08,Active
3523,EMP-003523,37,Paige Padilla,Operations,Coordinator,2017-10-19,Active
3524,EMP-003524,40,Robert Coleman,Sales,Specialist,2016-06-28,Active
3525,EMP-003525,82,Christopher Thomas,Maintenance,Manager,2017-08-30,Active
3526,EMP-003526,86,Richard Hunter,Human Resources,Manager,2016-03-15,Active
3527,EMP-003527,18,Adam White,Human Resources,Manager,2018-08-14,Active
3528,EMP-003528,75,Ashley Soto,Supply Chain,Analyst,2017-08-23,Active
3529,EMP-003529,15,Aaron Harrison,Maintenance,Manager,2017-03-24,Active
3530,EMP-003530,15,Jennifer Walker,Human Resources,Manager,2016-03-31,Active
3531,EMP-003531,35,Isaiah Foster,Sales,Coordinator,2018-09-28,Active
3532,EMP-003532,67,Margaret Lynch,IT,Specialist,2018-01-21,Active
3533,EMP-003533,55,Diana Walker,Finance,Supervisor,2016-06-09,Active
3534,EMP-003534,65,Rose Gonzales,Sales,Operator,2016-02-22,Active
3535,EMP-003535,69,Whitney Travis,Supply Chain,Engineer,2016-10-20,Active
3536,EMP-003536,84,Rebecca Bates,Finance,Coordinator,2018-09-03,Active
3537,EMP-003537,56,Sheila Moran,Maintenance,Analyst,2016-03-05,Active
3538,EMP-003538,77,Angelica Garcia,Human Resources,Supervisor,2017-12-24,Active
3539,EMP-003539,95,Paul Sanchez,Finance,Coordinator,2016-05-02,Active
3540,EMP-003540,54,Cheryl Whitehead,IT,Engineer,2017-09-28,Active
3541,EMP-003541,46,Alex Hebert,Operations,Analyst,2016-09-29,Active
3542,EMP-003542,49,Matthew Fisher,Supply Chain,Operator,2018-11-17,Active
3543,EMP-003543,92,Angela Martin,Human Resources,Specialist,2017-05-22,Active
3544,EMP-003544,23,Susan Herrera,Supply Chain,Operator,2016-07-25,Inactive
3545,EMP-003545,48,Stephanie Cooper,Finance,Coordinator,2016-03-17,Inactive
3546,EMP-003546,52,Allison Duncan,Supply Chain,Coordinator,2018-10-13,Active
3547,EMP-003547,20,William Freeman,Supply Chain,Analyst,2018-12-09,Active
3548,EMP-003548,82,Jennifer Marquez,Operations,Coordinator,2016-02-26,Inactive
3549,EMP-003549,12,Heather Bryant,IT,Coordinator,2016-02-07,Inactive
3550,EMP-003550,65,Megan Bennett,Sales,Engineer,2016-02-29,Active
3551,EMP-003551,55,Michael Knapp,Finance,Supervisor,2017-01-27,Active
3552,EMP-003552,12,Brian Price,IT,Manager,2016-10-25,Active
3553,EMP-003553,50,Scott English,Finance,Engineer,2016-05-16,Active
3554,EMP-003554,31,Garrett Spencer,Finance,Operator,2018-08-27,Active
3555,EMP-003555,50,Steven Hartman,Finance,Specialist,2016-04-09,Active
3556,EMP-003556,22,Andrew French,Maintenance,Manager,2016-08-03,Active
3557,EMP-003557,88,Leslie Gomez,Supply Chain,Supervisor,2016-06-16,Active
3558,EMP-003558,64,David Gregory,Human Resources,Operator,2017-06-13,Active
3559,EMP-003559,59,Wayne Cunningham,Supply Chain,Supervisor,2018-04-02,Active
3560,EMP-003560,18,Carmen Jimenez,Operations,Specialist,2018-04-26,Active
3561,EMP-003561,84,Christopher Hamilton,Maintenance,Specialist,2018-11-13,Inactive
3562,EMP-003562,28,Robert Gonzalez PhD,Human Resources,Supervisor,2017-09-04,Active
3563,EMP-003563,95,James Pearson,Human Resources,Manager,2016-09-20,Active
3564,EMP-003564,16,Lisa Salazar,Human Resources,Specialist,2018-01-20,Active
3565,EMP-003565,52,Michelle Benson,Maintenance,Manager,2018-05-26,Active
3566,EMP-003566,17,Katherine Morales,Supply Chain,Analyst,2016-12-30,Active
3567,EMP-003567,54,Walter Scott,Supply Chain,Supervisor,2018-01-02,Active
3568,EMP-003568,29,Anna Mcdaniel,Human Resources,Specialist,2018-03-09,Active
3569,EMP-003569,18,Jessica Mason,Sales,Specialist,2016-05-06,Active
3570,EMP-003570,77,Thomas Smith,IT,Operator,2018-10-10,Inactive
3571,EMP-003571,36,Corey Bowers,IT,Specialist,2018-07-01,Active
3572,EMP-003572,15,Mario Lee,Sales,Coordinator,2017-03-28,Active
3573,EMP-003573,48,Anthony Rowe,Supply Chain,Specialist,2018-03-30,Active
3574,EMP-003574,70,Jamie White,Maintenance,Supervisor,2017-01-25,Active
3575,EMP-003575,15,Donna Martinez,Maintenance,Engineer,2018-07-19,Active
3576,EMP-003576,89,Carl Turner,IT,Specialist,2017-09-24,Inactive
3577,EMP-003577,29,Nathaniel Mckinney,Finance,Supervisor,2017-01-05,Inactive
3578,EMP-003578,89,Mary Hughes,Operations,Analyst,2016-09-16,Active
3579,EMP-003579,60,Sandra Lynch,Operations,Specialist,2017-12-12,Inactive
3580,EMP-003580,2,Elizabeth Roman,Supply Chain,Coordinator,2017-04-16,Inactive
3581,EMP-003581,14,Kyle Hart,Operations,Supervisor,2016-12-06,Active
3582,EMP-003582,36,Elizabeth Baker,IT,Engineer,2017-07-29,Active
3583,EMP-003583,36,John Moore,IT,Operator,2017-12-01,Active
3584,EMP-003584,40,Elizabeth Coleman,Finance,Operator,2018-08-15,Active
3585,EMP-003585,20,Stephen Wilson,Finance,Specialist,2016-02-05,Active
3586,EMP-003586,51,Jessica Harper,Finance,Supervisor,2017-07-08,Active
3587,EMP-003587,53,Jessica King,Finance,Manager,2018-07-30,Active
3588,EMP-003588,94,Shannon Robertson,IT,Engineer,2017-03-29,Active
3589,EMP-003589,70,John Gregory,Operations,Coordinator,2016-12-12,Active
3590,EMP-003590,4,Erin Holden,Sales,Supervisor,2016-07-30,Active
3591,EMP-003591,91,Gerald Reyes,Sales,Specialist,2017-04-13,Active
3592,EMP-003592,76,Steven Heath,Supply Chain,Supervisor,2016-02-15,Active
3593,EMP-003593,94,Hayley Stewart,Supply Chain,Manager,2017-04-25,Active
3594,EMP-003594,24,Megan Thornton,Human Resources,Manager,2017-12-03,Active
3595,EMP-003595,19,Dorothy Gordon,Operations,Specialist,2016-03-28,Active
3596,EMP-003596,61,Miss Laurie Green,Human Resources,Operator,2016-02-04,Active
3597,EMP-003597,98,Danielle Stevenson,Human Resources,Engineer,2017-01-25,Active
3598,EMP-003598,57,James Johnson,Finance,Supervisor,2018-01-15,Active
3599,EMP-003599,17,Tracy Lewis,Finance,Coordinator,2016-08-17,Inactive
3600,EMP-003600,20,Sharon Graves,Finance,Manager,2018-01-10,Active
3601,EMP-003601,73,Alex Rivera,Maintenance,Specialist,2016-06-11,Active
3602,EMP-003602,8,Tina Chavez,Finance,Operator,2016-07-27,Active
3603,EMP-003603,7,Danielle Rice,Sales,Operator,2017-09-17,Active
3604,EMP-003604,65,John Hunt,Supply Chain,Coordinator,2017-10-27,Active
3605,EMP-003605,42,Bobby Young,Maintenance,Supervisor,2018-04-25,Active
3606,EMP-003606,11,Robin Craig,Finance,Engineer,2018-09-11,Active
3607,EMP-003607,58,Rebecca Cox DVM,Maintenance,Supervisor,2017-07-14,Active
3608,EMP-003608,3,Aaron Nguyen,Maintenance,Engineer,2017-03-25,Active
3609,EMP-003609,26,Kelly Gilbert,Maintenance,Supervisor,2018-09-24,Active
3610,EMP-003610,83,Margaret Reed,Human Resources,Specialist,2018-08-05,Active
3611,EMP-003611,64,Keith Jones,Human Resources,Manager,2018-03-18,Active
3612,EMP-003612,12,Jessica Nichols,Operations,Operator,2016-10-10,Active
3613,EMP-003613,34,Danielle Mahoney,Operations,Specialist,2016-06-08,Inactive
3614,EMP-003614,94,Carolyn Rodgers,Human Resources,Analyst,2018-08-03,Active
3615,EMP-003615,44,Brandon Lewis,Maintenance,Engineer,2017-05-29,Active
3616,EMP-003616,41,Bradley Miller,Sales,Manager,2018-12-17,Active
3617,EMP-003617,58,David Thomas,Human Resources,Operator,2018-03-15,Active
3618,EMP-003618,85,Sarah Smith,Human Resources,Operator,2016-12-23,Active
3619,EMP-003619,75,Kathryn Boyle,Finance,Engineer,2018-11-29,Active
3620,EMP-003620,86,Courtney Hart,IT,Operator,2016-01-03,Active
3621,EMP-003621,23,Richard Buchanan,Human Resources,Coordinator,2017-09-29,Active
3622,EMP-003622,26,Kelly Graham,Finance,Engineer,2018-10-05,Inactive
3623,EMP-003623,46,Jeffrey Torres,Supply Chain,Operator,2018-10-03,Active
3624,EMP-003624,9,William Williams,Finance,Operator,2018-11-12,Active
3625,EMP-003625,96,Ellen Rangel,Maintenance,Coordinator,2018-06-02,Active
3626,EMP-003626,22,John Young,Sales,Analyst,2018-06-02,Active
3627,EMP-003627,18, Lauren Lopez ,Finance,Supervisor,2018-12-23,Active
3628,EMP-003628,75,Kristen Moore,Finance,Operator,2016-11-21,Active
3629,EMP-003629,99,Sharon Jensen,IT,Specialist,2017-10-13,Active
3630,EMP-003630,64,Mikayla Burns,Finance,Manager,2018-11-27,Active
3631,EMP-003631,98,David Rogers,IT,Supervisor,2016-05-06,Active
3632,EMP-003632,78,Kenneth Adkins,Operations,Engineer,2018-10-09,Active
3633,EMP-003633,2,Lauren Lyons,Sales,Coordinator,2016-09-09,Active
3634,EMP-003634,40,Timothy Wright,IT,Supervisor,2018-12-29,Active
3635,EMP-003635,73,Darrell Cook,Finance,Engineer,2018-07-04,Active
3636,EMP-003636,69,Andrew Oconnor,Operations,Specialist,2016-08-13,Active
3637,EMP-003637,31,Sylvia Lloyd,Sales,Manager,2016-07-08,Inactive
3638,EMP-003638,90,Joseph Liu,Supply Chain,Analyst,2017-01-05,Active
3639,EMP-003639,19,Chelsea Wilson,Operations,Operator,2016-07-28,Inactive
3640,EMP-003640,11,Robert Washington,Operations,Specialist,2018-01-10,Active
3641,EMP-003641,60,Tiffany Ross,Sales,Engineer,2018-04-30,Active
3642,EMP-003642,60,Gabriel Wilson,Human Resources,Analyst,2017-01-04,Active
3643,EMP-003643,59,Melissa Riggs,Operations,Coordinator,2016-10-15,Active
3644,EMP-003644,11,Matthew Burns,Supply Chain,Supervisor,2017-10-19,Active
3645,EMP-003645,34,Teresa Fritz,Finance,Manager,2018-07-12,Active
3646,EMP-003646,95,Hector Fuller,Maintenance,Supervisor,2016-04-07,Active
3647,EMP-003647,31,Timothy Dyer,Supply Chain,Coordinator,2017-06-25,Active
3648,EMP-003648,26,Daniel Martinez,Human Resources,Coordinator,2016-05-25,Active
3649,EMP-003649,61,Thomas Erickson,Sales,Engineer,2017-11-12,Active
3650,EMP-003650,14,Logan Ramos,Human Resources,Supervisor,2018-10-22,Active
3651,EMP-003651,14,Barbara Green,IT,Analyst,2017-01-04,Active
3652,EMP-003652,2,Barbara Baker,Sales,Supervisor,2017-05-15,Inactive
3653,EMP-003653,83,William Dominguez,Finance,Engineer,2016-09-04,Active
3654,EMP-003654,67,Ms. Wendy Delgado,Supply Chain,Manager,2016-01-06,Active
3655,EMP-003655,64,Ian Perkins,Sales,Analyst,2016-12-18,Active
3656,EMP-003656,33,Paige Mitchell,Sales,Analyst,2016-07-08,Active
3657,EMP-003657,8,Kathryn Jarvis,Finance,Supervisor,2018-06-12,Active
3658,EMP-003658,39,Brianna Wilson,IT,Engineer,2018-02-02,Active
3659,EMP-003659,65,Lisa Matthews,Operations,Supervisor,2018-12-21,Active
3660,EMP-003660,34,Andrew Davis,Maintenance,Operator,2017-06-25,Inactive
3661,EMP-003661,73,Leslie Osborne,Supply Chain,Manager,2018-09-10,Active
3662,EMP-003662,45,Nicholas Castillo,Supply Chain,Manager,2016-06-11,Active
3663,EMP-003663,85,Travis Hill,IT,Operator,2018-09-18,Active
3664,EMP-003664,48,Mark Pratt,Sales,Specialist,2018-06-10,Active
3665,EMP-003665,79,Julia Miles,Finance,Analyst,2017-12-01,Active
3666,EMP-003666,17,Mark Conley,Supply Chain,Manager,2016-10-29,Active
3667,EMP-003667,75,James Martin,Finance,Analyst,2018-04-29,Active
3668,EMP-003668,27,Timothy Bruce,Operations,Coordinator,2017-05-28,Active
3669,EMP-003669,57,Christine Richardson,Operations,Operator,2018-09-03,Inactive
3670,EMP-003670,14,Lindsey Davila,Sales,Supervisor,2016-09-26,Active
3671,EMP-003671,63,Kenneth Wilcox,Maintenance,Analyst,2018-02-03,Active
3672,EMP-003672,90,Jenny Brown,Sales,Supervisor,2017-07-10,Active
3673,EMP-003673,42,Rhonda Mendoza,Human Resources,Operator,2017-12-04,Active
3674,EMP-003674,29,Janet Wells,Operations,Engineer,2017-06-21,Active
3675,EMP-003675,97,Leslie Crawford,IT,Engineer,2017-04-29,Active
3676,EMP-003676,23,Stephen Hanson,Operations,Operator,2016-03-19,Active
3677,EMP-003677,89,Mr. Jerry Rivera,Human Resources,Specialist,2018-02-21,Active
3678,EMP-003678,97,Gina Baird,Human Resources,Specialist,2016-09-13,Active
3679,EMP-003679,12,Brian Ramos,Finance,Operator,2017-12-06,Active
3680,EMP-003680,2,James Webb,Human Resources,Manager,2016-12-04,Active
3681,EMP-003681,53,Martha Merritt,Operations,Analyst,2017-03-12,Inactive
3682,EMP-003682,71,Edwin Vasquez,Operations,Analyst,2018-03-17,Active
3683,EMP-003683,21,Jacob Gilbert,Supply Chain,Manager,2017-09-27,Active
3684,EMP-003684,3,Heather Miller,Sales,Operator,2016-10-04,Active
3685,EMP-003685,82,Christopher Andrews,Operations,Supervisor,2017-11-18,Active
3686,EMP-003686,82,Larry Anthony,IT,Specialist,2016-02-10,Active
3687,EMP-003687,35,Amanda Martinez MD,Finance,Supervisor,2017-12-03,Active
3688,EMP-003688,99,John Daniel,Finance,Supervisor,2017-09-11,Active
3689,EMP-003689,96,Maurice Nelson,Human Resources,Engineer,2018-11-18,Active
3690,EMP-003690,95,Sean Strickland,Sales,Operator,2017-06-16,Active
3691,EMP-003691,39,Nicole Quinn,Operations,Coordinator,2017-11-29,Active
3692,EMP-003692,83,Chase Scott,Supply Chain,Supervisor,2016-12-10,Active
3693,EMP-003693,7,Kelly Pham,Maintenance,Manager,2018-12-19,Active
3694,EMP-003694,15,Justin Taylor,IT,Engineer,2016-11-23,Active
3695,EMP-003695,25,Diana Armstrong,Operations,Manager,2018-09-04,Active
3696,EMP-003696,90,Jason Knight,Operations,Supervisor,2017-12-31,Active
3697,EMP-003697,50,Andrea Singh,Maintenance,Specialist,2018-02-07,Active
3698,EMP-003698,20,Loretta Murray,Operations,Engineer,2017-07-09,Active
3699,EMP-003699,41,Ruben Reyes,Operations,Engineer,2018-03-06,Inactive
3700,EMP-003700,81,Susan Bell,Sales,Engineer,2017-02-22,Active
3701,EMP-003701,30,Bill Perez,Sales,Operator,2018-10-23,Active
3702,EMP-003702,96,Tiffany Ford,IT,Analyst,2018-07-10,Active
3703,EMP-003703,58,Jeffrey Dunn,Operations,Operator,2018-03-20,Active
3704,EMP-003704,42,Pamela Brown,Human Resources,Coordinator,2016-08-31,Active
3705,EMP-003705,15,John Murphy,Maintenance,Manager,2017-05-04,Active
3706,EMP-003706,8,Laura Williams,Supply Chain,Operator,2017-08-23,Active
3707,EMP-003707,2,Justin Woods,IT,Engineer,2018-02-05,Active
3708,EMP-003708,61,Gerald Torres,Human Resources,Coordinator,2018-07-25,Active
3709,EMP-003709,11,Michael Thompson,Sales,Specialist,2017-03-16,Active
3710,EMP-003710,93,Joseph Hammond,Finance,Supervisor,2016-02-24,Active
3711,EMP-003711,52,Cindy Mckenzie,Supply Chain,Manager,2018-04-01,Active
3712,EMP-003712,64,Wesley Gibson,Operations,Supervisor,2016-04-19,Inactive
3713,EMP-003713,94,Christian Smith,Sales,Engineer,2018-02-21,Inactive
3714,EMP-003714,22,Alicia Randolph,Human Resources,Operator,2016-11-29,Active
3715,EMP-003715,45,Kara Sherman,Finance,Coordinator,2016-01-01,Active
3716,EMP-003716,25,Jennifer Harris,IT,Analyst,2018-03-20,Active
3717,EMP-003717,69,Elizabeth Hill,Human Resources,Engineer,2018-08-15,Active
3718,EMP-003718,86,Nicole Evans,IT,Engineer,2016-08-17,Active
3719,EMP-003719,58,William Cooke,IT,Engineer,2018-04-25,Active
3720,EMP-003720,26,Michael Moss,IT,Supervisor,2017-07-05,Active
3721,EMP-003721,41,Sarah Hebert,IT,Specialist,2017-10-30,Inactive
3722,EMP-003722,97,Susan Hess,Human Resources,Coordinator,2016-09-23,Active
3723,EMP-003723,39,Brenda Buchanan,IT,Supervisor,2016-04-07,Active
3724,EMP-003724,76,Jimmy Reyes,Operations,Analyst,2018-08-25,Active
3725,EMP-003725,81,George Wilson,Sales,Engineer,2018-02-12,Active
3726,EMP-003726,83,Lisa Walker,Finance,Manager,2018-02-10,Active
3727,EMP-003727,34,Kenneth Hernandez,Human Resources,Engineer,2016-09-24,Active
3728,EMP-003728,45,Nicholas Johnson,Supply Chain,Engineer,2017-04-25,Active
3729,EMP-003729,56,Michael Roy,Human Resources,Operator,2016-06-21,Active
3730,EMP-003730,88,Nicholas Mendoza,IT,Analyst,2018-12-25,Active
3731,EMP-003731,36,Bernard Lawson,Operations,Supervisor,2018-03-27,Active
3732,EMP-003732,7,Ivan Roberts,IT,Supervisor,2018-12-23,Active
3733,EMP-003733,30,David Kim,Maintenance,Manager,2017-10-20,Active
3734,EMP-003734,87,Kathryn Washington,Human Resources,Supervisor,2017-12-30,Active
3735,EMP-003735,67,Emily Tran,Human Resources,Operator,2018-09-28,Active
3736,EMP-003736,9,William Gross,IT,Supervisor,2017-01-27,Active
3737,EMP-003737,93,Nancy Alexander,Human Resources,Supervisor,2016-01-18,Active
3738,EMP-003738,65,Andrew Robinson,Human Resources,Operator,2017-08-30,Active
3739,EMP-003739,11,Gregory Rich,Maintenance,Operator,2017-02-09,Active
3740,EMP-003740,40,Neil Morgan,Maintenance,Specialist,2018-12-17,Active
3741,EMP-003741,5,David Johnson,Supply Chain,Supervisor,2016-03-07,Active
3742,EMP-003742,89,Justin Smith,Sales,Engineer,2018-12-04,Active
3743,EMP-003743,72,Ian Lewis,Maintenance,Supervisor,2018-02-10,Active
3744,EMP-003744,14,Blake Walsh,Supply Chain,Analyst,2018-03-11,Active
3745,EMP-003745,14,Peter Johnson,Sales,Specialist,2017-12-19,Inactive
3746,EMP-003746,42,Mary Jackson,IT,Specialist,2017-11-15,Active
3747,EMP-003747,36,Jonathan Miller,Sales,Supervisor,2018-06-10,Active
3748,EMP-003748,16,Miranda Owens,Sales,Supervisor,2016-01-07,Active
3749,EMP-003749,12,Paul Lopez,Supply Chain,Specialist,2016-10-29,Active
3750,EMP-003750,55,Bridget Figueroa,Sales,Analyst,2016-04-22,Active
3751,EMP-003751,63,Malik Smith,Finance,Supervisor,2016-11-07,Active
3752,EMP-003752,71,Adam Lopez,IT,Manager,2017-09-04,Active
3753,EMP-003753,10,David Glenn,Operations,Engineer,2017-08-28,Inactive
3754,EMP-003754,45,Jason Smith,Sales,Analyst,2018-12-09,Active
3755,EMP-003755,73,Martha Brooks,Sales,Supervisor,2017-02-18,Active
3756,EMP-003756,94,Kelly Brewer,Finance,Supervisor,2018-02-17,Active
3757,EMP-003757,49,Douglas Lopez,Maintenance,Manager,2017-01-10,Active
3758,EMP-003758,71,Eric Moore,Sales,Engineer,2018-11-17,Active
3759,EMP-003759,3,Jared Santos,Maintenance,Operator,2016-07-20,Active
3760,EMP-003760,5,Melinda Torres,Maintenance,Analyst,2016-07-05,Active
3761,EMP-003761,92,Marie Miller,Supply Chain,Operator,2018-04-08,Inactive
3762,EMP-003762,34,Christine Knight,Maintenance,Manager,2017-11-14,Active
3763,EMP-003763,10,Elijah Miller,Maintenance,Operator,2018-03-23,Inactive
3764,EMP-003764,42,Jill Holmes,Sales,Engineer,2018-11-23,Active
3765,EMP-003765,82,Robert Castro,Human Resources,Operator,2016-07-07,Active
3766,EMP-003766,78,Gregory Morris,Human Resources,Engineer,2016-02-28,Active
3767,EMP-003767,69,John Gonzalez,Supply Chain,Coordinator,2018-01-11,Active
3768,EMP-003768,42,Angel Ellis,Human Resources,Analyst,2017-09-10,Active
3769,EMP-003769,50,Amy Bernard,Operations,Analyst,2016-04-22,Inactive
3770,EMP-003770,24,Erin Richards,Maintenance,Analyst,2016-04-25,Active
3771,EMP-003771,65,Rebecca Taylor,IT,Specialist,2018-05-11,Active
3772,EMP-003772,67,Kim Moody,Finance,Manager,2016-08-27,Active
3773,EMP-003773,100,Patrick Dougherty,Sales,Coordinator,2018-11-17,Active
3774,EMP-003774,89,Susan Nelson,Supply Chain,Manager,2017-03-28,Active
3775,EMP-003775,42,Dennis Cunningham,Operations,Specialist,2018-09-03,Active
3776,EMP-003776,65,Alyssa Brock,IT,Manager,2018-12-16,Inactive
3777,EMP-003777,99,Jasmine Fernandez,Operations,Manager,2017-11-02,Active
3778,EMP-003778,45,Emily Bond,Human Resources,Coordinator,2017-01-18,Active
3779,EMP-003779,11,Nicole Paul,Supply Chain,Engineer,2016-11-12,Active
3780,EMP-003780,60,Christopher Peterson,Finance,Supervisor,2018-12-17,Active
3781,EMP-003781,23,Steven Fox,Supply Chain,Specialist,2018-08-09,Active
3782,EMP-003782,1,Jacob Wright,Supply Chain,Coordinator,2018-10-04,Active
3783,EMP-003783,28,Douglas Morris,Maintenance,Supervisor,2018-04-11,Active
3784,EMP-003784,74,Brenda Miller,Finance,Analyst,2017-05-11,Active
3785,EMP-003785,95,Brian Anderson,IT,Analyst,2016-01-02,Active
3786,EMP-003786,58,Anna Garcia,IT,Coordinator,2016-04-08,Active
3787,EMP-003787,52,Jesse Price,Supply Chain,Specialist,2018-09-24,Active
3788,EMP-003788,46,Stefanie Sanchez,IT,Manager,2016-05-26,Active
3789,EMP-003789,20,Cindy Taylor,Human Resources,Manager,2017-10-06,Inactive
3790,EMP-003790,25,Amy Velez,Human Resources,Manager,2016-08-07,Active
3791,EMP-003791,23,Austin Mcknight,Supply Chain,Supervisor,2016-12-19,Inactive
3792,EMP-003792,66,Brittany Davis,Maintenance,Coordinator,2017-12-19,Active
3793,EMP-003793,35,Brian Esparza,Maintenance,Operator,2017-12-07,Active
3794,EMP-003794,33,Joseph Cooper,Sales,Engineer,2017-07-10,Active
3795,EMP-003795,57,Tracy Blake,IT,Operator,2018-08-01,Active
3796,EMP-003796,56,Jennifer Vargas,Supply Chain,Manager,2018-04-13,Active
3797,EMP-003797,54,Kristen Owens,Supply Chain,Specialist,2016-04-16,Active
3798,EMP-003798,26,Susan Rodriguez,Finance,Supervisor,2017-09-06,Active
3799,EMP-003799,57,Scott Brown,Maintenance,Supervisor,2017-09-29,Active
3800,EMP-003800,1,Ashley Norris,IT,Analyst,2017-11-26,Active
3801,EMP-003801,5,Benjamin Hernandez,Maintenance,Supervisor,2016-12-27,Active
3802,EMP-003802,24,Amanda Thompson,IT,Analyst,2017-08-26,Active
3803,EMP-003803,51,Patricia Garza,Sales,Specialist,2018-11-18,Active
3804,EMP-003804,77,Phillip Porter,Human Resources,Supervisor,2016-11-26,Active
3805,EMP-003805,53,Michael Mills,IT,Analyst,2016-06-16,Active
3806,EMP-003806,37,Karen Wade,Finance,Manager,2017-03-29,Inactive
3807,EMP-003807,2,John Rice PhD,IT,Coordinator,2018-08-06,Active
3808,EMP-003808,47,April Campbell,Operations,Specialist,2016-11-03,Active
3809,EMP-003809,45,Jordan Dunn,IT,Coordinator,2017-10-18,Active
3810,EMP-003810,35,Andrew Arias,Finance,Coordinator,2017-01-13,Active
3811,EMP-003811,29,Jennifer Vazquez,Sales,Manager,2017-11-02,Active
3812,EMP-003812,55,Patrick Griffin,Operations,Analyst,2017-10-22,Active
3813,EMP-003813,11,Kevin Schneider,Human Resources,Analyst,2016-01-02,Active
3814,EMP-003814,43,Timothy Allen,Operations,Analyst,2016-04-14,Active
3815,EMP-003815,22,Dr. Deborah Davis DDS,Human Resources,Engineer,2018-03-26,Active
3816,EMP-003816,2,Miss Hannah Johnson,Maintenance,Manager,2016-09-20,Active
3817,EMP-003817,61,Samuel Howard,Finance,Manager,2016-05-05,Active
3818,EMP-003818,61,Nicholas Johnson DVM,Maintenance,Supervisor,2017-06-28,Inactive
3819,EMP-003819,8,James Shelton,Sales,Specialist,2016-07-04,Active
3820,EMP-003820,46,Tammy Brewer,Finance,Specialist,2017-03-01,Active
3821,EMP-003821,91,Betty Bartlett,IT,Specialist,2018-05-25,Active
3822,EMP-003822,37,Lisa Walker,Finance,Coordinator,2017-08-12,Active
3823,EMP-003823,26,Kaitlin Wolfe,Operations,Analyst,2018-08-06,Active
3824,EMP-003824,22,Randy Rios,Human Resources,Manager,2018-06-18,Active
3825,EMP-003825,47,John Horn Jr.,Human Resources,Coordinator,2018-07-14,Active
3826,EMP-003826,76,William May,Human Resources,Engineer,2016-03-15,Active
3827,EMP-003827,24,Wanda Moreno,Supply Chain,Operator,2017-07-09,Active
3828,EMP-003828,75,Douglas Jones,IT,Analyst,2018-07-06,Active
3829,EMP-003829,51,Steven Williams,Finance,Engineer,2016-05-30,Active
3830,EMP-003830,49,Charles Bradshaw,Human Resources,Manager,2016-02-08,Active
3831,EMP-003831,14,Robert Thomas,Human Resources,Manager,2017-07-03,Inactive
3832,EMP-003832,61,Jackie Le,Finance,Analyst,2016-09-13,Active
3833,EMP-003833,49,Seth Carroll,Sales,Supervisor,2018-09-20,Active
3834,EMP-003834,55,Mary Jennings,Human Resources,Analyst,2016-03-24,Active
3835,EMP-003835,25,Breanna Delgado,Finance,Specialist,2017-08-18,Active
3836,EMP-003836,28,Melissa Reynolds,Finance,Specialist,2016-05-18,Inactive
3837,EMP-003837,26,Marilyn Arnold,Sales,Engineer,2017-04-20,Active
3838,EMP-003838,76,Alexis Ward,Maintenance,Operator,2017-10-10,Active
3839,EMP-003839,37,Brittany Ramos,Finance,Analyst,2016-11-14,Active
3840,EMP-003840,20,Lisa Patrick,Operations,Engineer,2018-11-23,Active
3841,EMP-003841,30,Megan Porter,Maintenance,Specialist,2016-02-03,Active
3842,EMP-003842,95,David Thompson,Human Resources,Operator,2017-11-04,Active
3843,EMP-003843,88,John Salazar,Supply Chain,Supervisor,2017-05-21,Active
3844,EMP-003844,98,Amber Munoz,Maintenance,Engineer,2017-04-15,Active
3845,EMP-003845,85,David Lopez,Maintenance,Analyst,2016-02-24,Active
3846,EMP-003846,44,Amanda Baker,Sales,Supervisor,2016-11-11,Active
3847,EMP-003847,57,Gabriel Jones,Operations,Manager,2017-05-25,Active
3848,EMP-003848,36,Jonathan Robinson,Supply Chain,Analyst,2018-12-09,Active
3849,EMP-003849,78,Jonathan Delgado,Supply Chain,Manager,2016-08-09,Active
3850,EMP-003850,37,Joseph Murphy,Operations,Coordinator,2017-02-09,Active
3851,EMP-003851,70,Brittany Pruitt,IT,Operator,2018-10-24,Active
3852,EMP-003852,60,Cheryl Blackwell,Supply Chain,Operator,2017-01-07,Active
3853,EMP-003853,52,Dominic Hoffman,Supply Chain,Engineer,2017-07-16,Active
3854,EMP-003854,34,Michael Graves,Sales,Analyst,2016-05-13,Active
3855,EMP-003855,87,Michael Ortiz,Sales,Coordinator,2016-06-11,Inactive
3856,EMP-003856,17,Brandon Thompson,Human Resources,Operator,2017-11-07,Active
3857,EMP-003857,18,Megan May,Maintenance,Engineer,2017-02-12,Active
3858,EMP-003858,28,Jennifer Hughes,Human Resources,Operator,2018-12-30,Inactive
3859,EMP-003859,5,Anna Horton,Maintenance,Manager,2016-06-04,Inactive
3860,EMP-003860,6,Stanley Strong,Finance,Manager,2017-08-07,Active
3861,EMP-003861,49,Kristine Scott,Finance,Specialist,2018-09-25,Active
3862,EMP-003862,29,Mr. Richard Cooper DVM,Maintenance,Specialist,2017-06-15,Active
3863,EMP-003863,8,Kimberly Bailey,Operations,Manager,2017-11-01,Active
3864,EMP-003864,28,Blake Gonzalez,Sales,Manager,2017-12-13,Active
3865,EMP-003865,90,Gary Baker,Human Resources,Analyst,2018-07-22,Active
3866,EMP-003866,72,Anna Sharp,Operations,Analyst,2017-01-25,Active
3867,EMP-003867,42,John Gray,Finance,Analyst,2018-06-23,Active
3868,EMP-003868,53,Kimberly Turner,Sales,Supervisor,2016-06-15,Active
3869,EMP-003869,5,Melissa Jordan,Supply Chain,Engineer,2018-01-27,Active
3870,EMP-003870,60,Renee Anderson,Operations,Analyst,2017-03-16,Active
3871,EMP-003871,96,Rachel James,Finance,Engineer,2017-04-26,Active
3872,EMP-003872,95,Taylor Rodriguez,IT,Coordinator,2018-10-07,Active
3873,EMP-003873,17,Dawn Yoder,Sales,Specialist,2016-06-22,Active
3874,EMP-003874,23,Kristopher Flores,Operations,Operator,2016-11-14,Active
3875,EMP-003875,100,Elizabeth Walter,Supply Chain,Supervisor,2017-11-28,Active
3876,EMP-003876,27,Jorge Harper,Operations,Engineer,2016-03-07,Active
3877,EMP-003877,1,Michael Harris,IT,Specialist,2017-12-22,Active
3878,EMP-003878,68,Cory Martin,Sales,Analyst,2017-10-19,Active
3879,EMP-003879,64,Micheal Villegas,IT,Engineer,2017-06-10,Active
3880,EMP-003880,42,Samuel Chan,Operations,Coordinator,2018-02-04,Active
3881,EMP-003881,95,Linda Moore,IT,Coordinator,2017-10-17,Active
3882,EMP-003882,82,Kimberly Osborne,Finance,Specialist,2018-04-25,Active
3883,EMP-003883,52,Albert Henson,Finance,Operator,2018-02-03,Active
3884,EMP-003884,93,John White,Maintenance,Engineer,2016-06-25,Active
3885,EMP-003885,52,Deborah Bond,Operations,Manager,2016-06-02,Active
3886,EMP-003886,77,Derek Davis,Sales,Manager,2017-04-18,Active
3887,EMP-003887,90,Susan Mitchell,Supply Chain,Operator,2018-08-21,Inactive
3888,EMP-003888,37,Rachel Ross,Maintenance,Operator,2016-01-07,Inactive
3889,EMP-003889,64,David Jones,IT,Specialist,2016-10-12,Active
3890,EMP-003890,35,Melvin Morris,Finance,Operator,2017-04-06,Active
3891,EMP-003891,81,Michael Simon,IT,Engineer,2017-03-26,Active
3892,EMP-003892,47,Gregory Zuniga,Finance,Engineer,2017-12-15,Inactive
3893,EMP-003893,75,Amanda Perry,Human Resources,Manager,2017-01-04,Active
3894,EMP-003894,57,Claire Patterson,Human Resources,Manager,2016-11-24,Active
3895,EMP-003895,1,Jon Savage,Maintenance,Analyst,2017-11-09,Inactive
3896,EMP-003896,53,Daniel Mcclain,Supply Chain,Operator,2017-06-08,Active
3897,EMP-003897,1,Christina Bean,Maintenance,Engineer,2017-12-09,Active
3898,EMP-003898,51,Sarah Mendez,Supply Chain,Operator,2016-03-31,Active
3899,EMP-003899,67,Rickey Calhoun,IT,Manager,2016-12-31,Active
3900,EMP-003900,98,Courtney Reed,Supply Chain,Coordinator,2018-07-26,Active
3901,EMP-003901,70,Edward Walsh,Finance,Operator,2016-02-24,Active
3902,EMP-003902,26,Kimberly Lee,Maintenance,Coordinator,2017-06-26,Active
3903,EMP-003903,95,Nicholas Smith,Finance,Coordinator,2018-02-20,Active
3904,EMP-003904,52,Eric Scott,Human Resources,Manager,2016-03-29,Active
3905,EMP-003905,72,Andrew Hawkins,Maintenance,Analyst,2018-01-03,Active
3906,EMP-003906,25,Thomas Watkins,Maintenance,Manager,2016-07-18,Active
3907,EMP-003907,22,Edwin Stephens,Operations,Engineer,2018-01-20,Active
3908,EMP-003908,55,Amanda Day,Sales,Engineer,2017-03-23,Active
3909,EMP-003909,5,Jesus Strickland,Supply Chain,Analyst,2016-01-17,Active
3910,EMP-003910,69,Susan Mcbride,Sales,Supervisor,2018-02-10,Active
3911,EMP-003911,28,Amy Huang MD,Operations,Manager,2016-08-17,Active
3912,EMP-003912,24,Michael Johnson,Finance,Analyst,2018-07-14,Active
3913,EMP-003913,39,James Lopez,Human Resources,Manager,2018-02-23,Active
3914,EMP-003914,17,Jared Vance,Finance,Manager,2016-08-11,Active
3915,EMP-003915,19,Brian Holmes,Sales,Supervisor,2018-12-07,Active
3916,EMP-003916,27,Cory Martin,IT,Supervisor,2018-06-07,Active
3917,EMP-003917,30,Emily Sharp,Maintenance,Specialist,2017-07-16,Inactive
3918,EMP-003918,44,Terri Johnston,IT,Operator,2016-06-23,Active
3919,EMP-003919,1,Dawn Moran,Sales,Analyst,2016-03-18,Active
3920,EMP-003920,81,Noah Warren,Sales,Engineer,2017-04-08,Active
3921,EMP-003921,61,Lindsay Potts,Sales,Analyst,2018-01-08,Active
3922,EMP-003922,92,Deborah Fowler,Maintenance,Engineer,2018-08-28,Active
3923,EMP-003923,81,Kathryn Wood,Operations,Engineer,2018-10-12,Active
3924,EMP-003924,18,Karen Gonzalez,Human Resources,Operator,2016-08-07,Active
3925,EMP-003925,97,William Hudson,Supply Chain,Supervisor,2018-06-08,Active
3926,EMP-003926,29,James Martinez,Human Resources,Supervisor,2017-12-16,Active
3927,EMP-003927,97,Cynthia Baker,Maintenance,Engineer,2018-11-06,Active
3928,EMP-003928,56,Gina Taylor,Maintenance,Manager,2017-11-23,Active
3929,EMP-003929,96,Scott Green,Finance,Operator,2018-06-13,Inactive
3930,EMP-003930,54,Annette Horne,Supply Chain,Specialist,2016-08-06,Inactive
3931,EMP-003931,94,Cody Stevens,Human Resources,Analyst,2018-10-24,Inactive
3932,EMP-003932,29,Mary Jones,IT,Coordinator,2016-01-11,Active
3933,EMP-003933,54,Michael Green,Supply Chain,Operator,2016-06-11,Active
3934,EMP-003934,37,Virginia Smith,Finance,Supervisor,2016-04-28,Active
3935,EMP-003935,22,Alexa Berry,Supply Chain,Operator,2017-04-22,Active
3936,EMP-003936,19,Ian Brown,IT,Analyst,2018-07-30,Active
3937,EMP-003937,58,Peter Cunningham,Human Resources,Analyst,2018-11-26,Active
3938,EMP-003938,62,Nicole Jacobs,Maintenance,Supervisor,2016-08-23,Active
3939,EMP-003939,24,Gina Dean,Maintenance,Analyst,2017-01-28,Active
3940,EMP-003940,24,Veronica Robinson,Finance,Operator,2016-02-25,Active
3941,EMP-003941,52,Katherine Carter,IT,Manager,2018-12-27,Active
3942,EMP-003942,90,Jonathan Burns,Sales,Supervisor,2017-03-03,Active
3943,EMP-003943,98,Scott Pitts,Maintenance,Operator,2016-02-03,Active
3944,EMP-003944,73,Teresa Freeman,Human Resources,Manager,2017-07-21,Active
3945,EMP-003945,82,Travis Brennan,Sales,Engineer,2016-12-17,Active
3946,EMP-003946,68,Lisa Jones,Finance,Specialist,2018-04-04,Active
3947,EMP-003947,49,Alexis Carson,Supply Chain,Analyst,2017-02-04,Active
3948,EMP-003948,44,John Thomas,Maintenance,Analyst,2018-05-05,Inactive
3949,EMP-003949,92,Holly Wells,Human Resources,Specialist,2016-04-24,Active
3950,EMP-003950,72,Edward Mathis,IT,Manager,2018-12-11,Active
3951,EMP-003951,58,Mary Fisher,Maintenance,Specialist,2018-06-09,Active
3952,EMP-003952,37,Brittany Rodriguez,Operations,Coordinator,2018-08-08,Active
3953,EMP-003953,46,Dr. Kevin Brown,IT,Specialist,2016-01-15,Active
3954,EMP-003954,65,Melvin Hale,Operations,Engineer,2016-11-21,Active
3955,EMP-003955,94,James Perez,Operations,Manager,2016-09-18,Active
3956,EMP-003956,41,Sergio Massey,IT,Analyst,2018-10-05,Active
3957,EMP-003957,76,Shelley Abbott,IT,Manager,2018-01-01,Active
3958,EMP-003958,44,Brian Ramirez,Maintenance,Engineer,2016-04-18,Active
3959,EMP-003959,35,Paula Orozco,Human Resources,Analyst,2017-09-23,Active
3960,EMP-003960,6,James Harris,IT,Coordinator,2016-07-07,Active
3961,EMP-003961,26,Rebecca Cervantes,Operations,Engineer,2018-11-01,Active
3962,EMP-003962,22,Sophia Mcdaniel,Finance,Coordinator,2017-05-08,Active
3963,EMP-003963,78,Stephen Coleman,Maintenance,Supervisor,2018-09-26,Active
3964,EMP-003964,37,Matthew Newman,IT,Specialist,2017-07-26,Active
3965,EMP-003965,64,Ryan Eaton,Sales,Manager,2018-06-23,Active
3966,EMP-003966,59,Timothy Thompson,Supply Chain,Engineer,2018-05-03,Active
3967,EMP-003967,56,Dr. Tina Smith DVM,Supply Chain,Specialist,2018-12-14,Active
3968,EMP-003968,61,Travis Brandt,Maintenance,Analyst,2017-11-12,Active
3969,EMP-003969,30,Steven Campbell,Maintenance,Coordinator,2016-04-10,Inactive
3970,EMP-003970,13,Olivia Vargas,Supply Chain,Coordinator,2017-05-09,Active
3971,EMP-003971,75,Michelle Decker,Operations,Supervisor,2017-11-01,Active
3972,EMP-003972,69,David Hill,Supply Chain,Specialist,2018-08-11,Active
3973,EMP-003973,19,Nicole Smith,Maintenance,Supervisor,2016-09-22,Inactive
3974,EMP-003974,24,Tara Compton,IT,Engineer,2018-10-15,Active
3975,EMP-003975,57,Courtney Kelly,Human Resources,Supervisor,2017-08-17,Active
3976,EMP-003976,43,Donald Trujillo,Maintenance,Specialist,2017-03-21,Active
3977,EMP-003977,14,Cynthia Martin,Maintenance,Analyst,2017-03-01,Active
3978,EMP-003978,80,Nancy Peterson,Sales,Coordinator,2017-10-25,Active
3979,EMP-003979,29,Dr. Derek Sosa,Finance,Specialist,2017-09-22,Active
3980,EMP-003980,31,David Vazquez,Maintenance,Engineer,2016-05-16,Active
3981,EMP-003981,28,Carla Johnson,IT,Engineer,2018-01-11,Active
3982,EMP-003982,60,Rachael Wall,Finance,Analyst,2018-09-12,Active
3983,EMP-003983,22,Eddie Medina,Operations,Analyst,2016-05-27,Active
3984,EMP-003984,78,Sylvia Henderson,Human Resources,Engineer,2018-01-16,Active
3985,EMP-003985,76,Andrea Miller,Operations,Coordinator,2018-03-27,Active
3986,EMP-003986,71,Jeanette Blankenship,Finance,Engineer,2016-05-17,Active
3987,EMP-003987,7,Kelly Fox,Operations,Engineer,2017-10-12,Active
3988,EMP-003988,37,Timothy Moses,Operations,Analyst,2017-05-30,Active
3989,EMP-003989,29,Sabrina Brown,Sales,Specialist,2016-03-22,Active
3990,EMP-003990,78,Joseph Wang,Supply Chain,Supervisor,2016-02-01,Active
3991,EMP-003991,82,Matthew Wolfe,IT,Supervisor,2017-06-09,Active
3992,EMP-003992,2,Dwayne Bennett,Supply Chain,Engineer,2018-05-30,Active
3993,EMP-003993,1,David Alvarez,Operations,Specialist,2018-06-06,Inactive
3994,EMP-003994,72,Robert Johnson,IT,Engineer,2016-03-10,Active
3995,EMP-003995,75,Shelby Meyers,Finance,Specialist,2016-09-20,Active
3996,EMP-003996,16,William James,Sales,Operator,2016-01-27,Active
3997,EMP-003997,79,Mr. John Davis,Supply Chain,Engineer,2017-11-30,Inactive
3998,EMP-003998,18,Breanna Ortiz,Finance,Analyst,2018-07-14,Active
3999,EMP-003999,33,Justin Gutierrez,Supply Chain,Specialist,2018-08-09,Active
4000,EMP-004000,13,Patricia Bennett,Operations,Engineer,2017-09-19,Active
4001,EMP-004001,52,Jeremy Sparks,Finance,Analyst,2018-06-12,Active
4002,EMP-004002,67,Christina Andrews,Maintenance,Analyst,2017-02-25,Active
4003,EMP-004003,20,Katherine Williams,IT,Supervisor,2017-08-23,Active
4004,EMP-004004,86,Dr. Stephanie Christensen,IT,Manager,2016-11-08,Active
4005,EMP-004005,80,Johnathan Kim,Finance,Operator,2016-09-17,Active
4006,EMP-004006,24,Katrina Hill,Operations,Specialist,2016-08-09,Active
4007,EMP-004007,49,Robert Castro,Supply Chain,Operator,2017-03-12,Active
4008,EMP-004008,43,Candace Espinoza,IT,Manager,2017-03-20,Active
4009,EMP-004009,48,Regina Lloyd,Operations,Manager,2018-06-03,Active
4010,EMP-004010,34,Jill Parker,IT,Analyst,2018-02-19,Active
4011,EMP-004011,94,Ashley Thomas,Operations,Coordinator,2018-03-24,Active
4012,EMP-004012,58,Daryl Ellis,IT,Engineer,2016-12-15,Active
4013,EMP-004013,66,Patrick Lewis,Sales,Coordinator,2016-07-14,Active
4014,EMP-004014,38,Katie Maldonado,IT,Coordinator,2018-12-15,Active
4015,EMP-004015,11,Brandon Cohen,Maintenance,Engineer,2018-09-04,Active
4016,EMP-004016,17,Diane Fitzgerald,Operations,Supervisor,2017-03-29,Active
4017,EMP-004017,97,Charlotte Warner,Maintenance,Supervisor,2016-01-29,Active
4018,EMP-004018,79,John Diaz,Operations,Specialist,2016-03-26,Active
4019,EMP-004019,10,Dr. Adrian Brown,Sales,Engineer,2018-04-19,Inactive
4020,EMP-004020,51,Richard Clarke,Finance,Analyst,2016-07-02,Active
4021,EMP-004021,30,Kathleen Horne,Supply Chain,Operator,2017-03-17,Active
4022,EMP-004022,36,Christopher Chavez,Sales,Manager,2016-03-06,Active
4023,EMP-004023,69,Brian Stewart,Operations,Coordinator,2018-08-13,Active
4024,EMP-004024,76,Andrew Nielsen,Operations,Supervisor,2017-04-13,Active
4025,EMP-004025,30,Kevin Williams,Operations,Analyst,2017-02-06,Active
4026,EMP-004026,48,Heather Anderson,Supply Chain,Manager,2018-06-22,Active
4027,EMP-004027,22,Randy Pham,Supply Chain,Coordinator,2018-03-23,Active
4028,EMP-004028,90,Jeffrey Contreras,Sales,Manager,2018-04-18,Active
4029,EMP-004029,46,Susan Martinez,Human Resources,Operator,2017-08-14,Active
4030,EMP-004030,39,Stacy Gregory,IT,Coordinator,2017-09-29,Active
4031,EMP-004031,68,Michael Bender,Human Resources,Operator,2018-07-07,Active
4032,EMP-004032,40,Hunter Williams,Finance,Operator,2016-09-09,Active
4033,EMP-004033,54,Christopher Brown,Operations,Analyst,2016-02-07,Active
4034,EMP-004034,36,Victor Bishop,Operations,Analyst,2018-01-30,Active
4035,EMP-004035,43,Meghan Stewart,IT,Engineer,2017-01-29,Active
4036,EMP-004036,15,Jennifer James,IT,Manager,2017-12-07,Active
4037,EMP-004037,78,Stephanie Edwards,Human Resources,Manager,2018-08-27,Active
4038,EMP-004038,4,Christopher Matthews,Human Resources,Specialist,2017-06-18,Active
4039,EMP-004039,28,Michael Oconnell,Sales,Specialist,2016-03-08,Active
4040,EMP-004040,37,Luis Hall,Supply Chain,Coordinator,2017-07-13,Inactive
4041,EMP-004041,56,Evan Harper,Human Resources,Specialist,2017-10-28,Active
4042,EMP-004042,86,Kristen Coleman,Human Resources,Coordinator,2017-05-20,Active
4043,EMP-004043,93,David Thomas,Sales,Supervisor,2016-06-24,Active
4044,EMP-004044,6,Michelle Jordan,Operations,Operator,2016-06-01,Active
4045,EMP-004045,79,Meredith Moore,Finance,Manager,2018-08-16,Active
4046,EMP-004046,32,Mrs. April Cunningham DDS,Maintenance,Operator,2017-12-26,Active
4047,EMP-004047,78,Ronald Smith,IT,Analyst,2017-01-24,Active
4048,EMP-004048,12,Jennifer Murillo,Supply Chain,Coordinator,2016-03-19,Active
4049,EMP-004049,12,Taylor West,Human Resources,Operator,2017-06-03,Active
4050,EMP-004050,93,Gregory Pace,Maintenance,Engineer,2017-09-02,Active
4051,EMP-004051,37,Andrew Mccullough,Finance,Specialist,2017-02-25,Active
4052,EMP-004052,13,James Jordan,Operations,Coordinator,2018-05-14,Active
4053,EMP-004053,52,Jeanne Vaughn,Finance,Analyst,2018-12-18,Active
4054,EMP-004054,36,Tina Anderson MD,Operations,Specialist,2017-02-09,Active
4055,EMP-004055,56,Kirk Wade,Supply Chain,Manager,2016-04-01,Active
4056,EMP-004056,72,Eric Bush,Sales,Coordinator,2018-07-04,Inactive
4057,EMP-004057,93,David Miller,Finance,Specialist,2018-12-22,Active
4058,EMP-004058,40,Michael Rose,Human Resources,Coordinator,2016-11-21,Active
4059,EMP-004059,35,Lee Torres,Finance,Coordinator,2017-09-09,Active
4060,EMP-004060,69,Katherine Henry,Finance,Specialist,2018-08-09,Active
4061,EMP-004061,87,William Vega,Supply Chain,Specialist,2016-07-01,Active
4062,EMP-004062,18,David Hughes,Maintenance,Coordinator,2018-12-07,Active
4063,EMP-004063,35,Amanda Morse,Maintenance,Coordinator,2017-12-08,Active
4064,EMP-004064,31,Amber Hill,Sales,Supervisor,2017-09-22,Active
4065,EMP-004065,8,Maria Griffith,Maintenance,Manager,2017-09-11,Active
4066,EMP-004066,99,Paul Waters DVM,Operations,Coordinator,2018-10-02,Active
4067,EMP-004067,77,William Leblanc,IT,Specialist,2017-09-13,Active
4068,EMP-004068,67,Scott Williams,Sales,Engineer,2017-03-06,Active
4069,EMP-004069,37,Nicole Bradford,Human Resources,Analyst,2016-05-06,Active
4070,EMP-004070,60,David Vincent,Finance,Specialist,2018-06-07,Active
4071,EMP-004071,65,Andrea Jackson,Finance,Manager,2017-04-30,Inactive
4072,EMP-004072,13,Victor Lee,Finance,Supervisor,2017-01-05,Inactive
4073,EMP-004073,77,Jerry Brown,IT,Analyst,2016-03-12,Active
4074,EMP-004074,48,Mr. Devon Baker,Finance,Specialist,2018-10-20,Active
4075,EMP-004075,93,Cindy Parker,Operations,Manager,2017-12-14,Active
4076,EMP-004076,7,Jessica Munoz,Supply Chain,Supervisor,2017-04-08,Active
4077,EMP-004077,58,Scott Boone,Finance,Coordinator,2017-09-17,Active
4078,EMP-004078,58,Richard Guzman,Human Resources,Engineer,2018-09-30,Active
4079,EMP-004079,74,Neil Kirby,IT,Manager,2016-02-16,Active
4080,EMP-004080,72,John Black,IT,Specialist,2017-02-23,Active
4081,EMP-004081,25,Karen Franco,Sales,Operator,2016-02-16,Active
4082,EMP-004082,91,Lorraine Erickson,Operations,Specialist,2017-08-07,Active
4083,EMP-004083,35,John Cruz,Operations,Operator,2018-10-30,Active
4084,EMP-004084,35,Misty Hodge,Operations,Operator,2016-06-05,Active
4085,EMP-004085,24,Jeremy Chang,Maintenance,Engineer,2017-12-01,Active
4086,EMP-004086,3,Timothy Garcia,Maintenance,Supervisor,2017-01-13,Inactive
4087,EMP-004087,93,Kevin Adams,Human Resources,Specialist,2016-09-05,Active
4088,EMP-004088,97,Christian Hansen,Sales,Coordinator,2016-05-09,Active
4089,EMP-004089,95,Jerry Wood,Maintenance,Engineer,2017-12-06,Active
4090,EMP-004090,55,Alan Brown,Supply Chain,Analyst,2017-09-24,Active
4091,EMP-004091,7,William Wilkins,Supply Chain,Specialist,2016-07-28,Active
4092,EMP-004092,28,Erika Harris,Supply Chain,Coordinator,2017-12-20,Active
4093,EMP-004093,59,Ryan Hodge,Finance,Manager,2018-04-13,Active
4094,EMP-004094,96,John Gates,Sales,Coordinator,2018-07-06,Active
4095,EMP-004095,88,Lisa Richardson,IT,Coordinator,2016-07-01,Active
4096,EMP-004096,95,Jennifer Ford,Operations,Manager,2016-06-17,Active
4097,EMP-004097,8,Courtney Schultz,Supply Chain,Engineer,2018-03-25,Active
4098,EMP-004098,82,Brandon Harris,Sales,Analyst,2017-03-29,Active
4099,EMP-004099,63,Brian Parsons,Finance,Coordinator,2016-01-19,Active
4100,EMP-004100,45,Julie Garza,Finance,Operator,2016-08-14,Active
4101,EMP-004101,48,Lisa Brown,Operations,Specialist,2017-02-18,Active
4102,EMP-004102,90,Eric Wright,Maintenance,Engineer,2017-03-08,Active
4103,EMP-004103,81, Tina Freeman ,Human Resources,Coordinator,2018-09-26,Active
4104,EMP-004104,89,Jeff Harris,Operations,Supervisor,2017-07-21,Active
4105,EMP-004105,30,Christopher Turner,IT,Supervisor,2017-08-09,Active
4106,EMP-004106,10,Kim Chandler,Human Resources,Supervisor,2017-09-03,Active
4107,EMP-004107,77,Tina Harris,Maintenance,Operator,2017-09-22,Active
4108,EMP-004108,83,Lee Mcfarland,Sales,Engineer,2016-02-21,Active
4109,EMP-004109,20,Timothy Collier,IT,Specialist,2018-10-01,Active
4110,EMP-004110,30,Guy Miller,Operations,Specialist,2017-03-25,Active
4111,EMP-004111,90,James Davenport,Operations,Engineer,2018-08-13,Active
4112,EMP-004112,61,Raymond Green,Operations,Manager,2016-01-27,Active
4113,EMP-004113,85,Misty Williams MD,Maintenance,Coordinator,2016-09-06,Active
4114,EMP-004114,85,Dr. Amy Richardson,Finance,Analyst,2017-06-02,Active
4115,EMP-004115,44,Andrea Carlson,Finance,Coordinator,2016-01-27,Active
4116,EMP-004116,2,Amanda Campbell,Sales,Engineer,2018-05-19,Active
4117,EMP-004117,32,Alexander Aguilar,Operations,Manager,2018-05-11,Active
4118,EMP-004118,76,Luke Clark,Sales,Coordinator,2018-04-18,Active
4119,EMP-004119,66,Victoria Davis,Sales,Operator,2018-11-15,Active
4120,EMP-004120,28,Matthew Howard,Sales,Coordinator,2016-08-07,Active
4121,EMP-004121,56,John Ochoa,Supply Chain,Analyst,2016-07-16,Active
4122,EMP-004122,16,John Miranda,IT,Specialist,2016-02-28,Active
4123,EMP-004123,21,Todd Lucas,Sales,Supervisor,2018-12-29,Active
4124,EMP-004124,5,Brittany Wright,Human Resources,Coordinator,2018-11-11,Active
4125,EMP-004125,65,Jasmine Russo,Finance,Analyst,2016-08-17,Active
4126,EMP-004126,13,Lisa Cummings,Supply Chain,Engineer,2017-01-30,Active
4127,EMP-004127,28,Tina Sheppard,Operations,Operator,2017-01-06,Active
4128,EMP-004128,54,Amber Lewis,IT,Coordinator,2016-11-01,Active
4129,EMP-004129,97,Randy Russo,Operations,Operator,2016-10-29,Active
4130,EMP-004130,47,Stephanie Jones,Supply Chain,Specialist,2016-12-28,Active
4131,EMP-004131,70,Rebecca Moreno,Maintenance,Engineer,2018-09-11,Active
4132,EMP-004132,96,Mary Leach,IT,Specialist,2017-03-07,Active
4133,EMP-004133,38,Joseph Gould,Sales,Operator,2017-07-07,Active
4134,EMP-004134,32,Timothy Miller,Maintenance,Specialist,2017-03-29,Active
4135,EMP-004135,79,Megan Perez,Maintenance,Engineer,2017-01-13,Active
4136,EMP-004136,42,Robert Thompson,Human Resources,Engineer,2018-03-15,Active
4137,EMP-004137,65,Glen Manning,IT,Supervisor,2016-01-11,Active
4138,EMP-004138,48,Kelly Gordon,IT,Operator,2017-06-01,Active
4139,EMP-004139,38,Sheri Nolan,Operations,Engineer,2016-10-25,Active
4140,EMP-004140,36,Adam Perez,Supply Chain,Manager,2018-08-14,Active
4141,EMP-004141,73,Valerie Taylor,Sales,Coordinator,2016-07-01,Active
4142,EMP-004142,75,Jeffrey Johnson,Sales,Supervisor,2016-06-13,Active
4143,EMP-004143,80,David Oliver,Maintenance,Specialist,2018-05-03,Active
4144,EMP-004144,94,Jesse Little,Sales,Manager,2017-06-11,Inactive
4145,EMP-004145,95,Randy Gregory,Finance,Coordinator,2017-07-24,Active
4146,EMP-004146,85,Jason Scott,Finance,Engineer,2018-10-31,Active
4147,EMP-004147,47,Alexandra Alvarez,Sales,Manager,2017-12-09,Active
4148,EMP-004148,51,Brandon Contreras,IT,Coordinator,2017-02-01,Active
4149,EMP-004149,44,David Murphy,IT,Manager,2017-03-30,Active
4150,EMP-004150,45,Dr. Gabriella Mckee,Operations,Supervisor,2018-04-09,Active
4151,EMP-004151,65,Elizabeth Wall,Human Resources,Analyst,2018-11-11,Active
4152,EMP-004152,57,Theresa Bridges,Human Resources,Analyst,2017-02-01,Active
4153,EMP-004153,56,Lauren Wolfe,Finance,Operator,2017-04-05,Active
4154,EMP-004154,97,Edwin Rodriguez,Human Resources,Analyst,2018-09-08,Active
4155,EMP-004155,48,Adam Contreras,Supply Chain,Operator,2018-11-07,Active
4156,EMP-004156,32,Shane Palmer,Finance,Specialist,2018-06-15,Active
4157,EMP-004157,28,Leah Johnson,IT,Manager,2018-09-23,Active
4158,EMP-004158,31,Cristian Navarro,Human Resources,Analyst,2017-08-16,Active
4159,EMP-004159,42,Sandra Mack,Maintenance,Analyst,2018-12-18,Active
4160,EMP-004160,56,Jordan Booth,Human Resources,Manager,2018-10-11,Active
4161,EMP-004161,74,Zachary Nielsen,Human Resources,Operator,2017-03-06,Active
4162,EMP-004162,15,Chelsea Lopez DVM,Supply Chain,Supervisor,2016-08-25,Active
4163,EMP-004163,66,Patrick Allen,IT,Coordinator,2016-03-17,Active
4164,EMP-004164,82,Diana Perkins,Maintenance,Supervisor,2017-02-19,Inactive
4165,EMP-004165,34,Jennifer Gaines,Supply Chain,Coordinator,2017-10-30,Active
4166,EMP-004166,31,Michael Curtis,Human Resources,Specialist,2017-10-02,Active
4167,EMP-004167,12,Susan Farmer,Maintenance,Specialist,2017-02-19,Active
4168,EMP-004168,2,Sarah Swanson,Maintenance,Coordinator,2018-12-01,Active
4169,EMP-004169,1,Dr. Heather Long,Supply Chain,Manager,2017-03-14,Active
4170,EMP-004170,9,Hannah King,Supply Chain,Manager,2018-01-21,Active
4171,EMP-004171,74,Kayla Dixon,IT,Coordinator,2018-01-16,Active
4172,EMP-004172,64,Jeffrey Barker,Finance,Analyst,2016-08-02,Active
4173,EMP-004173,37,Elizabeth Russell,Sales,Coordinator,2016-10-13,Active
4174,EMP-004174,92,Jordan Mcdonald,Supply Chain,Supervisor,2017-10-30,Active
4175,EMP-004175,26,Abigail Franco,Operations,Supervisor,2016-09-23,Active
4176,EMP-004176,3,Annette Wright,Supply Chain,Coordinator,2016-03-02,Active
4177,EMP-004177,92,Tammy Stewart,Maintenance,Coordinator,2018-07-26,Active
4178,EMP-004178,19,Brittany Robinson,Operations,Engineer,2016-03-20,Active
4179,EMP-004179,88,Robert Morrison,Maintenance,Specialist,2016-11-07,Active
4180,EMP-004180,68,Alexander Alvarez,Supply Chain,Specialist,2018-05-05,Active
4181,EMP-004181,100,Tammy Hansen,Supply Chain,Specialist,2016-05-21,Active
4182,EMP-004182,58,Thomas Murray,Maintenance,Specialist,2017-02-13,Active
4183,EMP-004183,35,Laura Martinez,IT,Analyst,2017-01-17,Inactive
4184,EMP-004184,36,Scott Campbell,IT,Operator,2016-01-31,Active
4185,EMP-004185,45,Jacob Phillips,Human Resources,Engineer,2018-06-17,Active
4186,EMP-004186,64,Samuel Ruiz,Finance,Analyst,2018-02-05,Active
4187,EMP-004187,44,Aaron Garcia,Human Resources,Supervisor,2016-07-10,Active
4188,EMP-004188,15,Alicia Sanchez,Supply Chain,Operator,2016-09-21,Active
4189,EMP-004189,21,Cynthia Vaughn,Maintenance,Operator,2016-09-05,Active
4190,EMP-004190,92,Brian Ward,IT,Coordinator,2017-10-01,Active
4191,EMP-004191,20,Melissa Calhoun,Sales,Coordinator,2016-10-18,Active
4192,EMP-004192,71,Ms. Loretta Taylor,IT,Coordinator,2017-02-19,Active
4193,EMP-004193,75,Justin Estrada,Supply Chain,Engineer,2017-10-20,Active
4194,EMP-004194,10,Jeffrey Ramos,Human Resources,Analyst,2017-11-11,Active
4195,EMP-004195,75,Ryan Figueroa,Maintenance,Engineer,2017-01-06,Active
4196,EMP-004196,18,Adrian Poole,Supply Chain,Supervisor,2016-03-18,Active
4197,EMP-004197,35,Amanda Nelson,Operations,Coordinator,2017-03-17,Active
4198,EMP-004198,83,Ashley Graves,Human Resources,Manager,2016-09-24,Active
4199,EMP-004199,9,Gail Roberts,Operations,Supervisor,2016-05-28,Active
4200,EMP-004200,23,Deborah Charles,Finance,Manager,2017-03-20,Active
4201,EMP-004201,84,Megan Watkins,Supply Chain,Engineer,2017-03-05,Active
4202,EMP-004202,9,Melanie Lopez,Sales,Analyst,2017-05-03,Active
4203,EMP-004203,39,Bailey Sharp,Sales,Supervisor,2016-07-10,Active
4204,EMP-004204,17,Patricia Moore,Human Resources,Analyst,2017-08-09,Active
4205,EMP-004205,20,Tonya Hughes,Sales,Operator,2018-09-23,Active
4206,EMP-004206,26,William Gibson,Operations,Manager,2016-03-06,Active
4207,EMP-004207,38,Richard Neal,Maintenance,Supervisor,2017-06-05,Active
4208,EMP-004208,87,Sara Bailey,Sales,Manager,2017-11-07,Active
4209,EMP-004209,69,Michelle York,Supply Chain,Manager,2017-11-29,Active
4210,EMP-004210,78,Mackenzie Smith,Maintenance,Coordinator,2018-05-21,Active
4211,EMP-004211,82,William Carr,Sales,Coordinator,2018-11-10,Active
4212,EMP-004212,85,Krista Mcneil,Supply Chain,Engineer,2017-07-28,Active
4213,EMP-004213,99,Thomas Gallagher,Supply Chain,Manager,2017-02-10,Active
4214,EMP-004214,85,Lisa Mcbride,Supply Chain,Engineer,2016-12-24,Active
4215,EMP-004215,52,Thomas Gaines,Finance,Supervisor,2017-09-07,Active
4216,EMP-004216,25,Sydney Poole,Human Resources,Supervisor,2016-09-19,Active
4217,EMP-004217,58,Leslie Gonzales,Sales,Coordinator,2016-03-07,Active
4218,EMP-004218,38,Matthew Johns,Operations,Engineer,2016-07-05,Active
4219,EMP-004219,2,Matthew Ware,Sales,Analyst,2016-02-02,Active
4220,EMP-004220,55,Amy Kim,Operations,Supervisor,2017-10-01,Active
4221,EMP-004221,56,Calvin Bowers,Human Resources,Coordinator,2017-10-10,Active
4222,EMP-004222,79,Elaine Salas,Human Resources,Supervisor,2016-09-01,Active
4223,EMP-004223,67,Jennifer Peters,Supply Chain,Coordinator,2018-07-10,Active
4224,EMP-004224,12,Kimberly Glover,Sales,Engineer,2018-10-09,Inactive
4225,EMP-004225,10,Monica Juarez,Human Resources,Operator,2017-10-14,Active
4226,EMP-004226,88,Debbie Mendoza,Finance,Engineer,2017-10-25,Active
4227,EMP-004227,95,Andrew Weber,Maintenance,Supervisor,2016-10-10,Active
4228,EMP-004228,72,Glenn Maynard,IT,Specialist,2017-07-08,Active
4229,EMP-004229,93,Bruce Brown,Finance,Supervisor,2018-02-06,Active
4230,EMP-004230,62,Paul Nguyen,Supply Chain,Analyst,2018-03-09,Active
4231,EMP-004231,70,Jeffrey Hernandez,Maintenance,Operator,2018-06-15,Active
4232,EMP-004232,19,Chad Gomez,Sales,Analyst,2016-04-08,Active
4233,EMP-004233,88,Deanna Duncan,Sales,Supervisor,2016-12-20,Active
4234,EMP-004234,68,Kimberly King,Finance,Analyst,2018-10-14,Active
4235,EMP-004235,16,Michelle Pierce,Maintenance,Manager,2018-01-22,Active
4236,EMP-004236,14,Kenneth Andrews,Maintenance,Analyst,2017-10-05,Active
4237,EMP-004237,41,David Nelson,Supply Chain,Manager,2018-02-18,Active
4238,EMP-004238,1,Gary Thompson,Supply Chain,Supervisor,2017-06-10,Active
4239,EMP-004239,21,Michael Hill,IT,Operator,2017-05-20,Active
4240,EMP-004240,20,Michael Reeves,Sales,Supervisor,2017-10-01,Active
4241,EMP-004241,4,Austin Foster,IT,Engineer,2017-07-16,Active
4242,EMP-004242,6,Ruben Mendoza,Operations,Analyst,2016-05-06,Active
4243,EMP-004243,45,Katrina Clark,IT,Analyst,2016-11-12,Active
4244,EMP-004244,63,Elizabeth Elliott,Sales,Manager,2018-05-28,Active
4245,EMP-004245,63,Paul Baker,Finance,Operator,2018-10-18,Active
4246,EMP-004246,80,Terry Miller,Supply Chain,Engineer,2018-07-31,Active
4247,EMP-004247,59,Lauren White,Human Resources,Engineer,2018-01-08,Inactive
4248,EMP-004248,92,Jared Rodriguez,IT,Supervisor,2016-08-28,Active
4249,EMP-004249,27,Austin Maxwell,Sales,Operator,2017-10-23,Active
4250,EMP-004250,50,Matthew Barrett,Maintenance,Manager,2016-03-05,Active
4251,EMP-004251,6,Ashlee Green,IT,Supervisor,2017-08-03,Active
4252,EMP-004252,48,Cody Melton,Operations,Analyst,2016-01-11,Active
4253,EMP-004253,80,Donna Dixon,Operations,Coordinator,2017-09-23,Active
4254,EMP-004254,15,Lawrence Elliott,Supply Chain,Supervisor,2018-03-17,Active
4255,EMP-004255,80,Pamela Wilson,Supply Chain,Specialist,2016-01-14,Active
4256,EMP-004256,66,Melissa White,IT,Engineer,2016-05-15,Active
4257,EMP-004257,39,Steve Johnson,IT,Operator,2016-03-04,Active
4258,EMP-004258,48,Joshua Mccoy,IT,Specialist,2017-11-27,Active
4259,EMP-004259,92,John Garcia,Human Resources,Engineer,2017-06-09,Active
4260,EMP-004260,23,Donna Cook,Operations,Specialist,2018-06-26,Inactive
4261,EMP-004261,72,Howard Lawrence,Maintenance,Coordinator,2016-04-14,Active
4262,EMP-004262,5,Victor Gilbert,Finance,Supervisor,2016-05-12,Active
4263,EMP-004263,71,Veronica Diaz,Maintenance,Analyst,2016-09-23,Active
4264,EMP-004264,95,John Brown,Human Resources,Manager,2017-09-04,Active
4265,EMP-004265,28,Amy Novak,Finance,Coordinator,2018-05-03,Inactive
4266,EMP-004266,75,Christy Smith,Human Resources,Engineer,2016-01-22,Active
4267,EMP-004267,36,Lance Vega,Supply Chain,Supervisor,2017-08-16,Active
4268,EMP-004268,91,Michael Nguyen,Finance,Manager,2018-04-24,Active
4269,EMP-004269,100,Micheal Spencer,Sales,Engineer,2017-12-29,Inactive
4270,EMP-004270,51,Jennifer Haney,Supply Chain,Manager,2016-03-14,Active
4271,EMP-004271,2,Andrew Brooks,Maintenance,Analyst,2018-01-22,Active
4272,EMP-004272,100,James Wagner,Operations,Operator,2017-07-14,Active
4273,EMP-004273,91,Brenda Nash,IT,Manager,2018-12-23,Active
4274,EMP-004274,84,Jessica Stewart,Sales,Supervisor,2018-05-24,Inactive
4275,EMP-004275,91,Erika Hunter,Human Resources,Manager,2016-09-22,Active
4276,EMP-004276,3,Taylor Evans,Supply Chain,Coordinator,2018-10-23,Active
4277,EMP-004277,67,Cheyenne Carson,Human Resources,Manager,2017-12-29,Active
4278,EMP-004278,88,Kim Dixon,Maintenance,Analyst,2016-05-24,Active
4279,EMP-004279,84,Benjamin Martin,Sales,Manager,2016-05-24,Active
4280,EMP-004280,78,Kara Brown,Supply Chain,Coordinator,2017-05-31,Active
4281,EMP-004281,93,Kyle Villanueva,Operations,Supervisor,2018-12-18,Active
4282,EMP-004282,39,Angela Miller,Human Resources,Manager,2017-04-29,Active
4283,EMP-004283,91,Russell Garcia,Maintenance,Specialist,2018-08-29,Inactive
4284,EMP-004284,96,Mary Edwards,Maintenance,Engineer,2016-12-02,Active
4285,EMP-004285,2,Jeffrey Clark,Sales,Operator,2016-06-10,Active
4286,EMP-004286,78,Cathy Valdez,Supply Chain,Engineer,2016-06-17,Active
4287,EMP-004287,43,Brandon Carrillo,Operations,Manager,2017-02-21,Active
4288,EMP-004288,53,Karen Davis,Maintenance,Manager,2017-05-11,Active
4289,EMP-004289,46,Melvin Dixon,Sales,Operator,2017-12-26,Inactive
4290,EMP-004290,86,Jeremy Martin,Supply Chain,Supervisor,2018-08-02,Active
4291,EMP-004291,2,Michelle Kim,Operations,Supervisor,2017-01-14,Active
4292,EMP-004292,75,Mrs. Donna Jarvis,Human Resources,Engineer,2016-09-26,Active
4293,EMP-004293,91,Karen Williams,Operations,Supervisor,2017-12-29,Active
4294,EMP-004294,35,Andrew Sutton,Operations,Coordinator,2016-02-17,Active
4295,EMP-004295,26,Monica Avery,Supply Chain,Coordinator,2016-05-01,Active
4296,EMP-004296,35,Jacob Turner,Operations,Analyst,2016-04-10,Active
4297,EMP-004297,58,Marvin Franklin,Supply Chain,Supervisor,2018-08-01,Active
4298,EMP-004298,11,Nicholas Gates,Operations,Supervisor,2018-04-10,Active
4299,EMP-004299,96,Brent Washington,Supply Chain,Supervisor,2016-07-13,Active
4300,EMP-004300,70,Michelle Stein,Supply Chain,Manager,2018-05-29,Active
4301,EMP-004301,9,Thomas Conley,Finance,Operator,2016-09-13,Inactive
4302,EMP-004302,94,Robert Gray,Supply Chain,Analyst,2017-04-21,Active
4303,EMP-004303,65,Jason Adkins,Maintenance,Coordinator,2017-03-06,Active
4304,EMP-004304,28,Hailey Cole,Supply Chain,Operator,2017-05-13,Active
4305,EMP-004305,82,Deborah Johnson,Human Resources,Supervisor,2017-08-04,Active
4306,EMP-004306,17,Suzanne Boyd,IT,Engineer,2016-05-07,Active
4307,EMP-004307,55,David Johnson,Human Resources,Manager,2016-11-30,Active
4308,EMP-004308,69,Amber Walton,Finance,Specialist,2017-12-18,Active
4309,EMP-004309,24,Paige Warren,Human Resources,Engineer,2018-09-25,Active
4310,EMP-004310,68,Kimberly Craig,Maintenance,Coordinator,2017-09-16,Inactive
4311,EMP-004311,11,Anthony Rivera,Finance,Coordinator,2016-08-14,Active
4312,EMP-004312,43,Sharon Johnson,Supply Chain,Engineer,2016-09-28,Active
4313,EMP-004313,51,Chloe Morgan,Operations,Manager,2016-11-28,Active
4314,EMP-004314,30,Jane Townsend,Finance,Supervisor,2018-12-31,Active
4315,EMP-004315,31,Tiffany Weber,Maintenance,Engineer,2016-04-11,Active
4316,EMP-004316,17,Andrew Wells,Supply Chain,Engineer,2017-07-12,Active
4317,EMP-004317,72,Mark Juarez,Sales,Engineer,2018-01-28,Active
4318,EMP-004318,92,Michael Oneill,Human Resources,Engineer,2017-05-16,Active
4319,EMP-004319,91,Alyssa Sellers,Supply Chain,Manager,2017-04-16,Inactive
4320,EMP-004320,26,Scott Serrano,Maintenance,Engineer,2018-07-16,Active
4321,EMP-004321,17,Debra Deleon,IT,Analyst,2017-09-20,Active
4322,EMP-004322,48,Scott Farmer,Supply Chain,Specialist,2017-05-29,Active
4323,EMP-004323,46,Christopher Hodge,Finance,Operator,2017-09-08,Active
4324,EMP-004324,60,Deborah Klein,Finance,Analyst,2017-03-18,Active
4325,EMP-004325,62,Michelle Warner,Sales,Manager,2017-03-01,Active
4326,EMP-004326,41,Mr. Barry Rivera Jr.,Supply Chain,Coordinator,2016-01-04,Active
4327,EMP-004327,8,Patricia Williams,Supply Chain,Specialist,2017-12-26,Active
4328,EMP-004328,1,Roger Kelly,Finance,Engineer,2017-01-26,Active
4329,EMP-004329,7,Joseph Sullivan,Supply Chain,Operator,2016-04-16,Active
4330,EMP-004330,45,Anna Barnett,Human Resources,Supervisor,2018-12-17,Active
4331,EMP-004331,27,Lori Goodman,Maintenance,Operator,2017-06-13,Active
4332,EMP-004332,25,Crystal Hatfield,Maintenance,Engineer,2017-07-19,Active
4333,EMP-004333,90,Lauren Luna,Supply Chain,Specialist,2016-03-10,Inactive
4334,EMP-004334,58,Carmen Bridges,Supply Chain,Coordinator,2018-01-24,Active
4335,EMP-004335,89,Christopher Hughes,Operations,Supervisor,2017-04-24,Active
4336,EMP-004336,55,Danny Nguyen,Supply Chain,Manager,2017-10-30,Active
4337,EMP-004337,77,Brian Johnson,IT,Manager,2017-11-11,Active
4338,EMP-004338,13,Brandy Miller,Supply Chain,Coordinator,2018-08-23,Active
4339,EMP-004339,92,Christopher Thomas,Supply Chain,Analyst,2018-04-21,Active
4340,EMP-004340,5,Ashley Ellis,Maintenance,Engineer,2018-09-23,Active
4341,EMP-004341,17,George Reyes,IT,Specialist,2018-01-26,Active
4342,EMP-004342,7,Jesse Carlson,Supply Chain,Operator,2017-12-17,Active
4343,EMP-004343,55,Anthony Mercado DVM,Sales,Analyst,2017-09-21,Active
4344,EMP-004344,16,Jean Galloway,Maintenance,Manager,2016-02-26,Active
4345,EMP-004345,19,Sandra Diaz,Finance,Supervisor,2016-07-03,Active
4346,EMP-004346,2,Mr. Christopher Turner,IT,Coordinator,2018-08-14,Active
4347,EMP-004347,58,Ruth Flores,Sales,Engineer,2016-03-14,Active
4348,EMP-004348,10,Karen Acosta,Maintenance,Specialist,2018-12-05,Active
4349,EMP-004349,92,Michael George,Maintenance,Analyst,2018-12-01,Active
4350,EMP-004350,23,Melinda Fowler,IT,Analyst,2017-05-17,Active
4351,EMP-004351,32, Richard Swanson ,IT,Manager,2018-03-31,Active
4352,EMP-004352,20,Mark Foster,Sales,Engineer,2016-06-04,Active
4353,EMP-004353,80,Christopher Bryant,Maintenance,Operator,2016-06-11,Active
4354,EMP-004354,91,Alexandra Krueger,Sales,Analyst,2017-05-20,Inactive
4355,EMP-004355,32,Alexander Wright,Maintenance,Operator,2018-12-03,Active
4356,EMP-004356,82,Erica Faulkner,Operations,Analyst,2017-10-13,Inactive
4357,EMP-004357,71,Benjamin Bishop,Maintenance,Specialist,2018-08-13,Active
4358,EMP-004358,15,Brianna Wagner,Human Resources,Analyst,2016-10-15,Active
4359,EMP-004359,44,Laura Collins,Finance,Manager,2017-07-17,Active
4360,EMP-004360,93,Julie Smith,Maintenance,Engineer,2018-05-13,Active
4361,EMP-004361,15,Alicia Tucker,Maintenance,Engineer,2016-12-14,Active
4362,EMP-004362,77,Kristi Jenkins,IT,Specialist,2016-07-08,Active
4363,EMP-004363,43,Arthur Coleman,Finance,Coordinator,2016-04-27,Active
4364,EMP-004364,75,Shelby Juarez,Operations,Analyst,2018-09-20,Active
4365,EMP-004365,91,Anthony James,Supply Chain,Analyst,2017-06-30,Inactive
4366,EMP-004366,89,Tiffany Nelson,Maintenance,Engineer,2017-11-10,Active
4367,EMP-004367,20,Janet Roberts,Finance,Supervisor,2018-06-01,Active
4368,EMP-004368,77,Brenda Arellano,Maintenance,Manager,2017-05-25,Active
4369,EMP-004369,4,Cory Williams,Maintenance,Manager,2018-09-09,Active
4370,EMP-004370,44,Sharon Barton,Supply Chain,Operator,2016-02-11,Active
4371,EMP-004371,38,Shaun Navarro,Sales,Supervisor,2017-07-04,Active
4372,EMP-004372,68,Kimberly Garrett MD,Human Resources,Operator,2018-07-21,Active
4373,EMP-004373,89,Tyler Myers,Supply Chain,Engineer,2016-07-19,Active
4374,EMP-004374,4,Christopher Levy,Human Resources,Operator,2017-11-29,Active
4375,EMP-004375,25,John Cohen,Operations,Manager,2017-10-25,Active
4376,EMP-004376,19,Margaret Porter,Maintenance,Manager,2016-11-28,Active
4377,EMP-004377,10,Tyler Campbell,Finance,Supervisor,2018-02-22,Active
4378,EMP-004378,56,Aaron Hill,Supply Chain,Coordinator,2017-09-15,Active
4379,EMP-004379,72,Tammy Greene,IT,Specialist,2017-03-17,Active
4380,EMP-004380,23,Debra Gonzalez,Human Resources,Manager,2018-03-01,Active
4381,EMP-004381,95,Dr. Angela Mitchell,Maintenance,Coordinator,2016-12-29,Inactive
4382,EMP-004382,90,Judy Henry,Supply Chain,Analyst,2017-01-24,Active
4383,EMP-004383,42,Karen Johnson,Human Resources,Coordinator,2017-12-09,Active
4384,EMP-004384,37,Stephanie Gaines,Supply Chain,Engineer,2017-06-05,Active
4385,EMP-004385,19,James Hunt,Human Resources,Specialist,2018-04-15,Active
4386,EMP-004386,31,James Allen,Sales,Supervisor,2018-04-16,Active
4387,EMP-004387,29,Kimberly Davis,Finance,Operator,2016-07-14,Active
4388,EMP-004388,69,Curtis Harris,Operations,Specialist,2016-05-21,Active
4389,EMP-004389,41,Brandon Bell,Finance,Analyst,2016-01-02,Inactive
4390,EMP-004390,40,Mary Russell,Operations,Engineer,2018-07-30,Active
4391,EMP-004391,97,Stephen Fields,Maintenance,Operator,2017-10-26,Active
4392,EMP-004392,80,Richard Hawkins,Sales,Coordinator,2016-09-21,Active
4393,EMP-004393,84,Elijah Henry,Human Resources,Coordinator,2016-05-02,Active
4394,EMP-004394,71,Selena King,Human Resources,Supervisor,2017-03-13,Active
4395,EMP-004395,15,Alan Coleman,Supply Chain,Supervisor,2016-03-20,Active
4396,EMP-004396,65,Sheila Ramirez,Sales,Operator,2018-04-08,Active
4397,EMP-004397,49,Donna Ellis,Sales,Manager,2016-03-12,Active
4398,EMP-004398,62,Aaron Wilson,Operations,Engineer,2016-07-31,Active
4399,EMP-004399,24,Carrie Kim,Finance,Engineer,2016-05-16,Active
4400,EMP-004400,93,Penny Baker,Operations,Supervisor,2016-11-22,Active
4401,EMP-004401,16,Robert Maldonado,Sales,Specialist,2018-12-21,Active
4402,EMP-004402,89,Stefanie Johns,IT,Coordinator,2017-08-29,Active
4403,EMP-004403,12,Kelly Mcdonald,Operations,Engineer,2018-09-08,Active
4404,EMP-004404,36,Morgan Baker,Supply Chain,Coordinator,2018-05-11,Active
4405,EMP-004405,5,Steven Johnson,Human Resources,Engineer,2017-04-08,Active
4406,EMP-004406,100,Raymond Ramos,Sales,Operator,2017-04-10,Active
4407,EMP-004407,41,Nathan Salazar,Finance,Supervisor,2018-08-01,Active
4408,EMP-004408,92,Robert Buchanan,Human Resources,Manager,2018-08-13,Active
4409,EMP-004409,35,Justin Skinner,IT,Specialist,2018-10-20,Active
4410,EMP-004410,65,Christopher Benton,Supply Chain,Engineer,2016-09-22,Active
4411,EMP-004411,51,Tiffany Walker,Operations,Supervisor,2018-03-31,Active
4412,EMP-004412,97,William Montgomery,Supply Chain,Operator,2018-08-24,Active
4413,EMP-004413,66,Denise Brewer,IT,Analyst,2018-04-18,Active
4414,EMP-004414,4,Dustin Moore,Operations,Operator,2018-04-23,Active
4415,EMP-004415,23,Daniel Becker,IT,Manager,2016-04-10,Active
4416,EMP-004416,28,Kathleen Alvarez,Operations,Manager,2016-08-16,Active
4417,EMP-004417,18,Rebecca Velez,Maintenance,Specialist,2018-10-27,Active
4418,EMP-004418,20,David Lopez,Operations,Coordinator,2018-06-27,Active
4419,EMP-004419,3,Jeremiah Brown,Maintenance,Operator,2016-07-24,Active
4420,EMP-004420,75,Lauren Floyd,Operations,Analyst,2016-02-03,Active
4421,EMP-004421,82,Angel Spencer,Operations,Manager,2017-05-05,Active
4422,EMP-004422,53,David Freeman,Human Resources,Operator,2017-04-03,Active
4423,EMP-004423,73,Matthew Lopez DVM,Operations,Engineer,2017-11-22,Active
4424,EMP-004424,27,Ashley Ortiz,Operations,Engineer,2017-08-11,Active
4425,EMP-004425,74,Justin Reed,Human Resources,Analyst,2017-10-01,Active
4426,EMP-004426,76,Brian Chan,Human Resources,Specialist,2018-03-02,Active
4427,EMP-004427,13,Mr. Douglas Velazquez,IT,Operator,2017-03-22,Active
4428,EMP-004428,4,Joshua Richardson,Sales,Analyst,2017-10-25,Active
4429,EMP-004429,21,Kendra Arroyo,Maintenance,Supervisor,2018-08-05,Active
4430,EMP-004430,76,Donna Miller,Maintenance,Manager,2018-06-17,Active
4431,EMP-004431,62,Christopher Hull III,Finance,Coordinator,2017-12-15,Active
4432,EMP-004432,74,Gerald Romero,Operations,Operator,2016-08-13,Active
4433,EMP-004433,19,Howard Carter,IT,Specialist,2017-09-27,Active
4434,EMP-004434,62,Jacqueline Martin,Maintenance,Operator,2017-03-15,Active
4435,EMP-004435,66,David White,Maintenance,Specialist,2018-10-21,Active
4436,EMP-004436,47,Jasmine Estrada,Sales,Engineer,2017-03-07,Inactive
4437,EMP-004437,75,Shannon Mcdaniel,Maintenance,Analyst,2017-04-30,Active
4438,EMP-004438,53,Ethan Farmer,Human Resources,Manager,2018-08-15,Active
4439,EMP-004439,87,Ashley Hudson,Sales,Manager,2016-12-01,Active
4440,EMP-004440,92,Krista Hernandez,Supply Chain,Analyst,2016-11-12,Active
4441,EMP-004441,58,Brian Shaw,Finance,Specialist,2018-08-10,Active
4442,EMP-004442,40,Steven Lewis,Sales,Manager,2016-09-07,Active
4443,EMP-004443,51,Deborah Phillips,Supply Chain,Operator,2018-05-18,Active
4444,EMP-004444,22,Alexander Lopez,Human Resources,Analyst,2017-04-25,Active
4445,EMP-004445,97,Phillip Torres,Finance,Supervisor,2017-03-30,Active
4446,EMP-004446,20,Melissa Fowler,IT,Manager,2016-02-12,Active
4447,EMP-004447,70,Joshua Martin,Human Resources,Coordinator,2018-07-02,Active
4448,EMP-004448,18,Michele Davis,Maintenance,Specialist,2016-09-01,Active
4449,EMP-004449,81,Benjamin Finley,Supply Chain,Coordinator,2018-04-24,Active
4450,EMP-004450,77,Jason Reyes,IT,Analyst,2016-09-17,Active
4451,EMP-004451,23,Aaron Bridges,Sales,Operator,2018-07-11,Active
4452,EMP-004452,1,Kathryn Norman,Finance,Manager,2017-04-23,Active
4453,EMP-004453,58,Tina Mullins,Finance,Operator,2017-07-13,Active
4454,EMP-004454,87,Lisa Carpenter,Finance,Supervisor,2017-11-26,Active
4455,EMP-004455,34,Maurice Ramirez,Human Resources,Manager,2017-01-30,Active
4456,EMP-004456,95,Nicholas Blanchard,Maintenance,Supervisor,2018-03-14,Active
4457,EMP-004457,52,Mrs. Sara Nguyen MD,Maintenance,Engineer,2017-11-16,Inactive
4458,EMP-004458,79,James Carter,Operations,Manager,2018-11-06,Active
4459,EMP-004459,41,Adam Morris,Human Resources,Coordinator,2017-10-21,Active
4460,EMP-004460,33,Thomas Nelson,Sales,Manager,2017-03-26,Active
4461,EMP-004461,32,Natasha Turner,Human Resources,Engineer,2017-07-25,Inactive
4462,EMP-004462,32,Victoria Zuniga,Operations,Engineer,2018-09-11,Active
4463,EMP-004463,28,Joseph Coleman,IT,Engineer,2017-06-07,Active
4464,EMP-004464,20,Jim Campbell,IT,Analyst,2018-06-02,Active
4465,EMP-004465,52,Robin Fitzpatrick,IT,Specialist,2016-07-12,Active
4466,EMP-004466,78,Christopher Hayes,IT,Engineer,2017-04-14,Active
4467,EMP-004467,55,Ricky Fritz,Finance,Coordinator,2017-09-04,Active
4468,EMP-004468,38,Michael Fry,Human Resources,Specialist,2018-01-27,Active
4469,EMP-004469,13,Ms. Alison Martin,Human Resources,Operator,2018-04-30,Active
4470,EMP-004470,94,Gregory Butler Jr.,Operations,Manager,2016-04-07,Active
4471,EMP-004471,2,Adam Smith,Human Resources,Coordinator,2018-05-09,Active
4472,EMP-004472,47,Benjamin Hughes,Operations,Engineer,2018-10-08,Active
4473,EMP-004473,15,John Benton,Supply Chain,Coordinator,2016-04-08,Active
4474,EMP-004474,20,Jordan Stevens,IT,Supervisor,2018-02-18,Active
4475,EMP-004475,16,Jessica Mitchell,Operations,Specialist,2017-04-26,Active
4476,EMP-004476,27,Adrian Thomas,Sales,Manager,2018-11-09,Active
4477,EMP-004477,62,Tyler Stone,Maintenance,Manager,2018-05-02,Active
4478,EMP-004478,50,Wayne Ellis,Supply Chain,Supervisor,2016-02-17,Active
4479,EMP-004479,52,Katherine Haas,IT,Operator,2017-02-01,Active
4480,EMP-004480,77,Lori Adams,Supply Chain,Specialist,2017-02-06,Active
4481,EMP-004481,7,Daryl Barnes,Operations,Supervisor,2016-06-08,Active
4482,EMP-004482,21,Christina Wolfe,Sales,Specialist,2017-10-26,Active
4483,EMP-004483,23,Kristina Tucker,Sales,Engineer,2017-05-11,Active
4484,EMP-004484,27,Samantha Carter,Supply Chain,Analyst,2016-09-16,Active
4485,EMP-004485,41,Justin Mooney,Sales,Manager,2016-10-01,Inactive
4486,EMP-004486,59,Raymond Marsh,Finance,Analyst,2018-06-30,Active
4487,EMP-004487,19,Juan Butler,Finance,Specialist,2017-05-22,Active
4488,EMP-004488,92,Anna King,Human Resources,Manager,2016-10-02,Active
4489,EMP-004489,46,Russell Williams,Sales,Engineer,2018-10-05,Active
4490,EMP-004490,86,Katrina Bowman,Human Resources,Analyst,2016-07-03,Active
4491,EMP-004491,69,Robert Bailey,Maintenance,Operator,2017-12-27,Active
4492,EMP-004492,41,Joel Khan,IT,Coordinator,2016-07-07,Active
4493,EMP-004493,8,Monica Weaver,Supply Chain,Operator,2017-09-22,Active
4494,EMP-004494,91,Crystal Young,Supply Chain,Manager,2018-02-18,Active
4495,EMP-004495,36,Regina Smith,Sales,Manager,2017-06-02,Active
4496,EMP-004496,97,Cindy Johnson,Human Resources,Engineer,2016-11-28,Active
4497,EMP-004497,79,Adam Mcconnell,Supply Chain,Specialist,2017-05-13,Active
4498,EMP-004498,38,Nathan Duncan,Human Resources,Analyst,2018-07-30,Active
4499,EMP-004499,66,Joann Roberts,Operations,Manager,2018-02-20,Active
4500,EMP-004500,10,Kathleen Francis,Supply Chain,Manager,2017-09-13,Active
4501,EMP-004501,48,Wayne Huff,Finance,Specialist,2018-06-17,Active
4502,EMP-004502,44,Patricia Hicks DDS,IT,Supervisor,2016-06-08,Active
4503,EMP-004503,63,Martin Marshall,Human Resources,Specialist,2018-04-10,Active
4504,EMP-004504,48,Alison Wright,Operations,Analyst,2016-11-24,Active
4505,EMP-004505,73,Robert Alvarado,IT,Specialist,2016-03-11,Active
4506,EMP-004506,11,Adam Mason,Supply Chain,Coordinator,2018-11-25,Active
4507,EMP-004507,84,Dana Carroll,Finance,Analyst,2016-11-20,Active
4508,EMP-004508,83,Robert Carney,Sales,Manager,2016-09-05,Active
4509,EMP-004509,72,Barbara Jenkins,Finance,Analyst,2018-01-20,Active
4510,EMP-004510,32,Angela Perez,Supply Chain,Coordinator,2016-04-08,Active
4511,EMP-004511,64,Lisa Reid,Finance,Manager,2016-04-22,Active
4512,EMP-004512,59,Phillip Collins,Supply Chain,Operator,2016-01-31,Active
4513,EMP-004513,32,John Daniel,Sales,Manager,2018-07-08,Active
4514,EMP-004514,10,Alison Elliott,Operations,Analyst,2016-04-24,Active
4515,EMP-004515,5,Mr. Daniel Hart,Supply Chain,Supervisor,2017-02-10,Inactive
4516,EMP-004516,83,Mrs. Destiny Williams,Sales,Manager,2016-12-09,Active
4517,EMP-004517,67,Vanessa Ballard,IT,Analyst,2017-08-05,Active
4518,EMP-004518,48,Dr. Ronnie Roy,Human Resources,Engineer,2016-12-14,Active
4519,EMP-004519,11,Debbie Hughes,Supply Chain,Operator,2017-09-03,Active
4520,EMP-004520,97,Carol Howard,Supply Chain,Manager,2016-02-19,Active
4521,EMP-004521,77,Caitlin Miller,Operations,Manager,2018-12-10,Active
4522,EMP-004522,94,Eric Callahan,Human Resources,Analyst,2017-05-10,Active
4523,EMP-004523,91,Rose Roberts,IT,Specialist,2018-03-04,Active
4524,EMP-004524,57,Jamie Jackson,IT,Coordinator,2018-06-03,Inactive
4525,EMP-004525,71,Cynthia Reed,Supply Chain,Specialist,2018-10-09,Active
4526,EMP-004526,90,Adam Hunt,Operations,Operator,2016-05-28,Active
4527,EMP-004527,35,Kimberly Lee,Maintenance,Supervisor,2016-02-03,Active
4528,EMP-004528,98,Laura Cooper,Sales,Coordinator,2017-07-11,Active
4529,EMP-004529,20,Jennifer Robinson,IT,Specialist,2016-09-13,Active
4530,EMP-004530,21,Johnny Miller,Finance,Operator,2018-12-25,Active
4531,EMP-004531,44,Garrett Riley,Maintenance,Operator,2018-09-22,Active
4532,EMP-004532,47,Joseph Bradford,Operations,Coordinator,2016-05-15,Active
4533,EMP-004533,72,Nicholas Garcia,IT,Supervisor,2017-01-30,Active
4534,EMP-004534,14,Hayley Harrington,Sales,Manager,2017-08-08,Active
4535,EMP-004535,80,Brian Arnold,IT,Specialist,2017-03-16,Active
4536,EMP-004536,4,Alexander Roth,Sales,Analyst,2017-11-30,Active
4537,EMP-004537,95,Sonia Ewing,Maintenance,Manager,2016-11-22,Active
4538,EMP-004538,91,Ian Meyer,Finance,Manager,2017-03-10,Active
4539,EMP-004539,29,Sherry Cline DVM,Operations,Specialist,2018-07-10,Active
4540,EMP-004540,24,Audrey Bell,Finance,Supervisor,2016-10-20,Active
4541,EMP-004541,44,Cynthia Rogers,Operations,Operator,2018-01-19,Active
4542,EMP-004542,7,Laura Maldonado,IT,Operator,2018-04-13,Active
4543,EMP-004543,98,Cassie Foster,Human Resources,Engineer,2016-04-20,Active
4544,EMP-004544,78,Kaitlin Cannon,IT,Analyst,2017-09-18,Active
4545,EMP-004545,32,Allison Sherman,Maintenance,Engineer,2017-09-04,Active
4546,EMP-004546,21,Brian Montgomery,IT,Engineer,2017-09-29,Active
4547,EMP-004547,24,Joseph Huffman,Supply Chain,Coordinator,2018-06-17,Active
4548,EMP-004548,52,Donna Berg,IT,Manager,2017-11-08,Active
4549,EMP-004549,6,Mark Clay,Finance,Engineer,2016-03-20,Active
4550,EMP-004550,89,Morgan Bush,Operations,Coordinator,2018-02-10,Active
4551,EMP-004551,96,Monica Johnson,Operations,Analyst,2016-07-26,Active
4552,EMP-004552,30,Matthew Boyd,Maintenance,Specialist,2017-10-12,Active
4553,EMP-004553,56,Heidi Ortega,Supply Chain,Supervisor,2016-01-17,Active
4554,EMP-004554,98,Aaron Rodriguez,Sales,Coordinator,2016-08-04,Active
4555,EMP-004555,28,Brian Wallace,Human Resources,Manager,2018-03-05,Active
4556,EMP-004556,43,Valerie Alexander,Finance,Operator,2018-03-22,Active
4557,EMP-004557,61,Casey Nichols,IT,Coordinator,2018-01-25,Inactive
4558,EMP-004558,36,Michael Becker,Operations,Coordinator,2018-10-09,Active
4559,EMP-004559,77,Diana Lloyd,Maintenance,Specialist,2018-10-05,Active
4560,EMP-004560,84,Marco Williams MD,Maintenance,Coordinator,2016-06-05,Active
4561,EMP-004561,78,Angela Silva,Supply Chain,Operator,2016-01-27,Active
4562,EMP-004562,37,Jose Johnson,Human Resources,Analyst,2017-08-11,Active
4563,EMP-004563,11,Jessica Edwards,Operations,Analyst,2018-05-23,Active
4564,EMP-004564,4,Dorothy Taylor,Operations,Analyst,2017-12-01,Active
4565,EMP-004565,21,Christopher Taylor,Finance,Supervisor,2018-02-11,Active
4566,EMP-004566,84,Brett Salas,Operations,Operator,2018-09-04,Active
4567,EMP-004567,4,Michaela Durham,Sales,Manager,2016-10-19,Active
4568,EMP-004568,11,Lisa Robinson,Human Resources,Specialist,2017-09-20,Active
4569,EMP-004569,13,Robin Harris,Maintenance,Manager,2016-03-16,Active
4570,EMP-004570,79,Colleen Morris,Operations,Operator,2016-11-25,Active
4571,EMP-004571,20,Thomas Johnson,IT,Coordinator,2018-05-19,Active
4572,EMP-004572,9,Bradley Moreno,Operations,Coordinator,2017-07-07,Active
4573,EMP-004573,16,Diane Mitchell,Maintenance,Coordinator,2016-07-10,Active
4574,EMP-004574,64,Samantha Perez,Supply Chain,Coordinator,2018-03-10,Active
4575,EMP-004575,81,Kelly Luna,Human Resources,Coordinator,2016-11-10,Active
4576,EMP-004576,71,Pamela Dunn,Finance,Specialist,2016-11-10,Inactive
4577,EMP-004577,49,Lance Tucker,Sales,Analyst,2017-03-15,Active
4578,EMP-004578,98,Christian Johnston,Operations,Operator,2018-09-03,Active
4579,EMP-004579,13,Cheryl Benson,Human Resources,Analyst,2018-09-13,Active
4580,EMP-004580,74,Courtney Reyes,Finance,Analyst,2018-01-17,Active
4581,EMP-004581,54,Carl Ferguson,Finance,Specialist,2018-10-29,Active
4582,EMP-004582,2,Darren Zimmerman,Supply Chain,Specialist,2016-07-10,Active
4583,EMP-004583,49,Bonnie Tucker,Supply Chain,Specialist,2018-03-23,Active
4584,EMP-004584,26,Danielle Williams,Finance,Coordinator,2018-08-15,Active
4585,EMP-004585,82,Kimberly Floyd,Maintenance,Analyst,2018-08-03,Active
4586,EMP-004586,30,Donald Sims,Human Resources,Coordinator,2018-03-03,Active
4587,EMP-004587,80,Heidi Horn,Human Resources,Specialist,2017-12-26,Inactive
4588,EMP-004588,33,Katherine Mitchell,Sales,Analyst,2017-02-25,Active
4589,EMP-004589,19,Brian Lewis,Supply Chain,Analyst,2016-07-25,Active
4590,EMP-004590,60,John Smith,Sales,Manager,2017-05-08,Active
4591,EMP-004591,9,Richard Kane,Sales,Manager,2017-02-15,Active
4592,EMP-004592,55,John Scott,Finance,Supervisor,2016-11-30,Active
4593,EMP-004593,18,Paige Barnes,Maintenance,Manager,2018-06-25,Inactive
4594,EMP-004594,46,Jordan Brown,Sales,Manager,2017-02-01,Active
4595,EMP-004595,7,Christian Sutton,Sales,Supervisor,2017-08-14,Active
4596,EMP-004596,37,Kathryn Fuentes,Supply Chain,Engineer,2018-10-11,Active
4597,EMP-004597,39,Lauren Perry,IT,Manager,2016-03-25,Active
4598,EMP-004598,28,Aaron Watson,Sales,Coordinator,2016-08-21,Active
4599,EMP-004599,35,Leslie Wise,Sales,Analyst,2016-09-24,Active
4600,EMP-004600,6,Jonathan Taylor,Human Resources,Supervisor,2017-01-05,Active
4601,EMP-004601,50,Terri Mcdonald,Sales,Operator,2017-06-02,Active
4602,EMP-004602,12,Amanda Mays,Finance,Coordinator,2018-05-16,Active
4603,EMP-004603,2,Chris Dillon,Finance,Engineer,2017-11-13,Active
4604,EMP-004604,17,Sandra Dawson,Sales,Supervisor,2018-06-10,Active
4605,EMP-004605,57,Jorge Perez,Human Resources,Specialist,2018-10-15,Active
4606,EMP-004606,79,Oscar Torres,Human Resources,Operator,2016-11-12,Active
4607,EMP-004607,22,Carl Best,Human Resources,Coordinator,2016-03-13,Active
4608,EMP-004608,62,Alicia Jones,Operations,Analyst,2016-04-21,Active
4609,EMP-004609,32,Richard Morales,Maintenance,Coordinator,2016-08-25,Active
4610,EMP-004610,23,Hayden Garcia,IT,Supervisor,2018-12-15,Active
4611,EMP-004611,54,Megan Perez,Supply Chain,Operator,2017-01-05,Active
4612,EMP-004612,7,Michael Sexton,Sales,Manager,2017-10-26,Active
4613,EMP-004613,74,Joseph Mcdowell,Supply Chain,Analyst,2018-07-17,Active
4614,EMP-004614,30,Matthew Green,Maintenance,Coordinator,2017-12-11,Active
4615,EMP-004615,40,Thomas Porter,IT,Specialist,2017-02-18,Active
4616,EMP-004616,78,Jennifer Waters,Sales,Engineer,2017-05-30,Active
4617,EMP-004617,65,Robert Patton,Supply Chain,Specialist,2016-10-04,Active
4618,EMP-004618,16,Paul Wagner,IT,Supervisor,2017-12-18,Active
4619,EMP-004619,30,James Suarez,Human Resources,Coordinator,2016-02-05,Active
4620,EMP-004620,41,Timothy Griffin,Supply Chain,Operator,2018-03-31,Active
4621,EMP-004621,99,Whitney Anderson,IT,Supervisor,2018-05-24,Active
4622,EMP-004622,25,Kevin Yang Jr.,IT,Supervisor,2017-04-01,Active
4623,EMP-004623,83,Elizabeth Nunez,Operations,Coordinator,2017-11-11,Inactive
4624,EMP-004624,3,Daniel Welch,Human Resources,Engineer,2017-10-04,Active
4625,EMP-004625,54,Miss Jessica Griffin,Supply Chain,Operator,2018-01-28,Active
4626,EMP-004626,58,Erica Irwin,Human Resources,Supervisor,2016-09-11,Active
4627,EMP-004627,24,Laura Wyatt,Supply Chain,Analyst,2018-09-10,Active
4628,EMP-004628,90,Katie Barr,Human Resources,Manager,2016-11-27,Active
4629,EMP-004629,57,Jennifer Sullivan,Finance,Analyst,2016-10-15,Inactive
4630,EMP-004630,35,Jonathan Smith,Human Resources,Operator,2016-03-23,Active
4631,EMP-004631,87,James Huffman,Finance,Engineer,2018-02-19,Active
4632,EMP-004632,36,John Jones,IT,Analyst,2016-04-12,Active
4633,EMP-004633,32,Russell Meadows,IT,Supervisor,2017-05-28,Active
4634,EMP-004634,62,Shannon Green,IT,Supervisor,2018-05-20,Active
4635,EMP-004635,93,James Christian,Human Resources,Engineer,2017-12-05,Active
4636,EMP-004636,18,Kevin Torres,Sales,Manager,2018-06-07,Active
4637,EMP-004637,71,Nicole Miller,Sales,Engineer,2016-04-26,Active
4638,EMP-004638,62,Christopher Smith,Supply Chain,Operator,2018-11-02,Active
4639,EMP-004639,20,Anthony Roberts,Operations,Operator,2017-05-15,Active
4640,EMP-004640,91,Kevin Pierce,Maintenance,Operator,2018-07-01,Active
4641,EMP-004641,89,Christine Campbell,Maintenance,Engineer,2017-10-16,Active
4642,EMP-004642,80,Kathy Young,IT,Coordinator,2017-05-20,Active
4643,EMP-004643,24,Jasmine Garcia,IT,Operator,2016-06-04,Active
4644,EMP-004644,14,Virginia Jensen,Human Resources,Operator,2016-04-14,Active
4645,EMP-004645,69,Carmen Hernandez,Sales,Manager,2017-09-21,Active
4646,EMP-004646,50,Mark Fisher,Operations,Manager,2018-08-18,Active
4647,EMP-004647,79,Michael Roberts,Human Resources,Engineer,2016-07-04,Active
4648,EMP-004648,31,Kimberly Rasmussen,Sales,Analyst,2016-07-25,Active
4649,EMP-004649,37,Sabrina Webb,Sales,Manager,2017-06-16,Active
4650,EMP-004650,30,Laura Bartlett,Human Resources,Specialist,2017-10-11,Active
4651,EMP-004651,70,Cathy Morrow,Maintenance,Operator,2016-02-24,Active
4652,EMP-004652,81,Erin Johnson,Operations,Specialist,2018-09-27,Active
4653,EMP-004653,96,Robert Johnson,Finance,Specialist,2017-01-03,Active
4654,EMP-004654,75,Maria Harding,Sales,Supervisor,2016-07-02,Active
4655,EMP-004655,75,Steven Villarreal,Supply Chain,Specialist,2017-06-28,Active
4656,EMP-004656,82,Teresa Thomas,Supply Chain,Supervisor,2017-08-29,Active
4657,EMP-004657,94,Teresa Hammond,IT,Analyst,2017-09-10,Active
4658,EMP-004658,100,Ethan Abbott,Supply Chain,Manager,2017-03-03,Active
4659,EMP-004659,39,Eric Smith,Maintenance,Operator,2018-04-05,Active
4660,EMP-004660,16,Makayla Davis,Human Resources,Coordinator,2016-03-29,Active
4661,EMP-004661,90,Megan Page,IT,Manager,2018-02-07,Active
4662,EMP-004662,42,Amanda Payne,Finance,Specialist,2016-09-21,Active
4663,EMP-004663,44,Jonathan Mcclain,Finance,Supervisor,2016-06-19,Active
4664,EMP-004664,36,Jeffrey Hunter,Finance,Operator,2016-09-24,Active
4665,EMP-004665,96,Elizabeth Jacobs,Supply Chain,Supervisor,2017-04-25,Active
4666,EMP-004666,78,Nathaniel Jones,Finance,Manager,2018-07-28,Active
4667,EMP-004667,27,Christy Taylor,IT,Supervisor,2016-08-09,Active
4668,EMP-004668,36,John Stewart,Human Resources,Analyst,2016-06-30,Active
4669,EMP-004669,44,Gabriela Torres,Operations,Operator,2016-01-07,Active
4670,EMP-004670,46,Shannon David,Operations,Manager,2018-11-18,Active
4671,EMP-004671,73,Abigail Thornton,IT,Manager,2017-04-27,Active
4672,EMP-004672,47,Teresa Hunt,Finance,Coordinator,2018-01-29,Active
4673,EMP-004673,37,Carrie Garcia,Operations,Specialist,2016-09-15,Active
4674,EMP-004674,2,Timothy Novak,Maintenance,Specialist,2017-09-24,Active
4675,EMP-004675,69,Samantha Gutierrez,Operations,Analyst,2017-05-10,Active
4676,EMP-004676,22,Tyler Martinez,Maintenance,Engineer,2016-02-18,Active
4677,EMP-004677,96,Kenneth Griffin,Operations,Coordinator,2016-12-06,Active
4678,EMP-004678,80,Warren Shields,Maintenance,Manager,2018-07-03,Active
4679,EMP-004679,40,Carl Morris,Sales,Analyst,2017-08-05,Active
4680,EMP-004680,51,Sherry Burnett,Sales,Supervisor,2016-01-03,Active
4681,EMP-004681,26,Yolanda Solis,IT,Analyst,2017-09-29,Active
4682,EMP-004682,36,Joel Smith,Supply Chain,Manager,2018-11-20,Active
4683,EMP-004683,93,Patricia Brown,Sales,Supervisor,2017-01-26,Active
4684,EMP-004684,71,Jonathan Johnson,Sales,Specialist,2016-08-14,Active
4685,EMP-004685,26,Suzanne Contreras,Supply Chain,Specialist,2016-12-23,Active
4686,EMP-004686,91,Kyle Howard,Human Resources,Analyst,2016-06-03,Active
4687,EMP-004687,40,Jeremiah Willis DDS,Maintenance,Coordinator,2016-07-10,Active
4688,EMP-004688,74,Sarah Logan,Sales,Specialist,2017-09-01,Active
4689,EMP-004689,12,Marie Jackson,IT,Operator,2017-04-29,Active
4690,EMP-004690,30,Amber Morales,Sales,Coordinator,2016-05-07,Active
4691,EMP-004691,60,Kathy Campbell,Sales,Analyst,2017-08-22,Active
4692,EMP-004692,16,Jennifer Adams,Finance,Manager,2016-02-19,Active
4693,EMP-004693,100,Shannon Clarke,IT,Operator,2018-01-28,Active
4694,EMP-004694,99,James Neal,IT,Supervisor,2018-11-18,Active
4695,EMP-004695,16,Christina Carter,IT,Specialist,2017-06-09,Inactive
4696,EMP-004696,69,Cindy Reynolds,Supply Chain,Manager,2017-12-27,Active
4697,EMP-004697,71,Rachel Kelly,Finance,Analyst,2017-03-04,Active
4698,EMP-004698,19,Lori Davis,Sales,Engineer,2017-09-25,Active
4699,EMP-004699,21,Anna Hall,Supply Chain,Engineer,2016-07-31,Active
4700,EMP-004700,44,Emily Watts,Operations,Analyst,2016-03-16,Active
4701,EMP-004701,89,Ronald Hill,Finance,Engineer,2017-10-18,Active
4702,EMP-004702,36,Jennifer Stafford,IT,Supervisor,2017-07-11,Active
4703,EMP-004703,31,Yolanda Hoover,Operations,Coordinator,2016-03-23,Active
4704,EMP-004704,16,Susan Bryant,Supply Chain,Coordinator,2018-07-16,Active
4705,EMP-004705,20,William Boyd,Maintenance,Manager,2016-03-28,Active
4706,EMP-004706,71,Steven Logan,Maintenance,Coordinator,2017-06-17,Active
4707,EMP-004707,69,Willie Gray,Maintenance,Analyst,2017-11-07,Active
4708,EMP-004708,13,Carl Gordon,Operations,Manager,2018-09-24,Active
4709,EMP-004709,37,Leroy Mccall,Maintenance,Supervisor,2017-02-07,Active
4710,EMP-004710,82,Wendy Vega,Finance,Engineer,2018-06-09,Active
4711,EMP-004711,94,Kyle Allen,Finance,Specialist,2016-07-01,Active
4712,EMP-004712,28,David King,Human Resources,Analyst,2018-05-27,Active
4713,EMP-004713,66,Danielle Miranda,Maintenance,Operator,2018-08-19,Active
4714,EMP-004714,49,Christina Preston,Finance,Supervisor,2017-06-23,Active
4715,EMP-004715,47,Sylvia Jones,Sales,Engineer,2016-10-15,Active
4716,EMP-004716,26,Timothy Miranda,Sales,Supervisor,2017-09-10,Active
4717,EMP-004717,7,Gary Williams,Supply Chain,Operator,2016-05-03,Active
4718,EMP-004718,26,Robert Collins,Operations,Coordinator,2016-05-19,Active
4719,EMP-004719,20,Brandi Hebert,Supply Chain,Specialist,2018-08-17,Active
4720,EMP-004720,46,Raymond Hughes,Maintenance,Operator,2016-11-01,Active
4721,EMP-004721,59,Elizabeth Jackson,Operations,Analyst,2017-03-18,Active
4722,EMP-004722,23,Christopher Willis,IT,Analyst,2017-02-06,Active
4723,EMP-004723,48,Katie Williams,Sales,Coordinator,2018-06-09,Active
4724,EMP-004724,13,Jackson Kaiser,Supply Chain,Operator,2018-11-26,Active
4725,EMP-004725,23,Joseph Copeland,Sales,Engineer,2016-12-28,Active
4726,EMP-004726,8,Carl Garrett,Sales,Analyst,2017-07-22,Active
4727,EMP-004727,95,Megan Richardson,Supply Chain,Specialist,2016-01-09,Active
4728,EMP-004728,73,Chelsea Wagner,Supply Chain,Engineer,2018-06-14,Active
4729,EMP-004729,23,Jill Jensen,Operations,Analyst,2017-04-19,Active
4730,EMP-004730,89,Jacqueline Alvarado,Sales,Manager,2016-07-25,Active
4731,EMP-004731,11,Timothy Chapman,Finance,Engineer,2016-01-04,Active
4732,EMP-004732,30,Mr. David Phillips,Sales,Specialist,2016-09-07,Active
4733,EMP-004733,61,Michelle Luna,Supply Chain,Supervisor,2018-05-31,Active
4734,EMP-004734,82,Amanda Huber,Operations,Coordinator,2017-01-08,Active
4735,EMP-004735,64,Angela Medina,Operations,Operator,2016-12-18,Inactive
4736,EMP-004736,58,Garrett Olson,Sales,Coordinator,2017-08-15,Active
4737,EMP-004737,54,Jennifer Hughes,Supply Chain,Engineer,2017-07-23,Active
4738,EMP-004738,18,Joseph Fleming,Operations,Specialist,2016-02-16,Active
4739,EMP-004739,44,Kathleen Booker,Sales,Specialist,2017-06-02,Active
4740,EMP-004740,88,Kristina Murphy,Operations,Operator,2016-03-02,Active
4741,EMP-004741,99,Mrs. Allison Jones,Sales,Manager,2016-08-17,Active
4742,EMP-004742,2,Joseph Thompson,IT,Specialist,2018-12-16,Active
4743,EMP-004743,93,Scott Ford,IT,Manager,2018-11-01,Active
4744,EMP-004744,76,Peter Thomas,Human Resources,Supervisor,2018-01-07,Active
4745,EMP-004745,97,Diana Chambers,Human Resources,Coordinator,2018-05-15,Active
4746,EMP-004746,68,Shannon Howell,Supply Chain,Manager,2016-03-13,Active
4747,EMP-004747,75,James Woods,Maintenance,Analyst,2018-06-14,Active
4748,EMP-004748,27,Samantha Parks,Operations,Specialist,2017-10-28,Active
4749,EMP-004749,97,Frank Smith,Operations,Engineer,2016-04-18,Active
4750,EMP-004750,34,Michael Randall,Human Resources,Manager,2016-08-29,Active
4751,EMP-004751,82,David Cooper,Sales,Analyst,2016-05-06,Active
4752,EMP-004752,54,Gina Mack,IT,Analyst,2016-07-02,Active
4753,EMP-004753,94,Michael Kelly,IT,Engineer,2016-06-20,Active
4754,EMP-004754,54,Andre Kelly,Maintenance,Specialist,2016-05-01,Inactive
4755,EMP-004755,50,Jason Shaw,Supply Chain,Analyst,2018-02-12,Active
4756,EMP-004756,98,Monica Russo,Human Resources,Manager,2017-09-22,Active
4757,EMP-004757,53,Michelle Johnson,IT,Operator,2017-11-19,Active
4758,EMP-004758,78,Kirsten Fitzgerald,Supply Chain,Specialist,2018-02-21,Active
4759,EMP-004759,77,Matthew Benson,Maintenance,Operator,2017-06-02,Active
4760,EMP-004760,33,Haley Carr,Sales,Operator,2018-03-04,Active
4761,EMP-004761,48,Mckenzie Parker,IT,Coordinator,2018-06-03,Active
4762,EMP-004762,58,Virginia Donovan,Operations,Coordinator,2016-01-13,Active
4763,EMP-004763,47,Teresa Underwood,Sales,Engineer,2018-02-07,Active
4764,EMP-004764,3,Eric Mcconnell,IT,Supervisor,2018-08-20,Active
4765,EMP-004765,5,Michael Lynch,Human Resources,Coordinator,2017-08-22,Active
4766,EMP-004766,60,Gregory Jenkins,Supply Chain,Coordinator,2017-09-07,Active
4767,EMP-004767,52,Natasha Young,Sales,Manager,2018-05-15,Active
4768,EMP-004768,81,Jared Bell,Maintenance,Operator,2017-05-08,Active
4769,EMP-004769,93,William Rodriguez,IT,Manager,2018-10-25,Active
4770,EMP-004770,97,Bruce Davis,Supply Chain,Analyst,2018-03-12,Active
4771,EMP-004771,58,Ashley Davis,Finance,Engineer,2016-09-30,Active
4772,EMP-004772,28,James Lee,Finance,Specialist,2017-06-19,Active
4773,EMP-004773,64,Daniel Carpenter,Supply Chain,Coordinator,2018-01-07,Active
4774,EMP-004774,88,Krystal Mitchell,Supply Chain,Engineer,2018-11-22,Active
4775,EMP-004775,72,Robert Turner,Sales,Manager,2017-07-06,Active
4776,EMP-004776,34,Ana Lee,Human Resources,Engineer,2017-08-10,Active
4777,EMP-004777,97,Brooke Bush,Maintenance,Analyst,2016-05-19,Active
4778,EMP-004778,43,Patricia Allen,Sales,Analyst,2016-11-09,Active
4779,EMP-004779,59,Veronica Gardner,Human Resources,Operator,2017-12-25,Active
4780,EMP-004780,86,George Harris,Maintenance,Supervisor,2017-12-06,Active
4781,EMP-004781,77,Sherry Galvan,Sales,Coordinator,2017-06-22,Active
4782,EMP-004782,90,Michele Callahan,Finance,Supervisor,2016-03-26,Active
4783,EMP-004783,32,Nathan Lewis,Finance,Analyst,2016-08-21,Active
4784,EMP-004784,61,Anthony Johnson,Sales,Analyst,2016-11-28,Active
4785,EMP-004785,23,Jesse Freeman,Operations,Coordinator,2018-07-22,Active
4786,EMP-004786,70,Joshua Reed,Sales,Coordinator,2017-01-16,Active
4787,EMP-004787,96,Meagan Torres,Operations,Operator,2016-12-21,Active
4788,EMP-004788,13,Valerie Neal,Maintenance,Supervisor,2016-05-16,Active
4789,EMP-004789,1,Matthew Brooks,IT,Operator,2017-06-11,Active
4790,EMP-004790,46,Larry Brown,Maintenance,Manager,2018-04-20,Active
4791,EMP-004791,49,Caleb Hodges,Sales,Specialist,2016-10-15,Active
4792,EMP-004792,11,Luke White,IT,Specialist,2017-02-18,Active
4793,EMP-004793,59,Jill Dawson,Sales,Analyst,2018-06-03,Active
4794,EMP-004794,46,Zachary Nolan,Sales,Coordinator,2017-07-25,Active
4795,EMP-004795,39,Michael King,Finance,Specialist,2017-06-02,Inactive
4796,EMP-004796,74,Ms. Stephanie Gillespie MD,Operations,Engineer,2016-07-24,Active
4797,EMP-004797,28,William Garcia,Operations,Engineer,2016-09-23,Active
4798,EMP-004798,57,John Fitzpatrick,Sales,Operator,2018-02-08,Active
4799,EMP-004799,87,William Parker,IT,Supervisor,2016-05-14,Active
4800,EMP-004800,89,Jason Barton,Finance,Engineer,2018-11-25,Active
4801,EMP-004801,79,Donna Edwards,IT,Supervisor,2016-06-06,Active
4802,EMP-004802,45,Karen Willis,IT,Specialist,2016-11-01,Active
4803,EMP-004803,26,Tanner Terry,Operations,Coordinator,2017-05-04,Inactive
4804,EMP-004804,46,Stephen Randall,Operations,Coordinator,2018-02-07,Active
4805,EMP-004805,92,Maria Kirby,Supply Chain,Manager,2018-11-02,Active
4806,EMP-004806,20,Mary Moore,Maintenance,Manager,2017-10-01,Inactive
4807,EMP-004807,15,Jeremiah Wagner,Human Resources,Specialist,2016-01-20,Active
4808,EMP-004808,61,John Powell,Operations,Supervisor,2017-04-13,Active
4809,EMP-004809,36,Mary Burgess,Human Resources,Analyst,2016-10-31,Inactive
4810,EMP-004810,89,Barbara Nelson,Supply Chain,Manager,2017-06-03,Active
4811,EMP-004811,21,Ariel Myers,Operations,Coordinator,2016-01-11,Active
4812,EMP-004812,42,Sarah Bond,Supply Chain,Engineer,2018-02-23,Active
4813,EMP-004813,9,Abigail Woodward,Human Resources,Specialist,2017-05-30,Active
4814,EMP-004814,30,Brian Jones,Operations,Engineer,2018-06-12,Active
4815,EMP-004815,59,Francisco Savage,Finance,Manager,2017-07-04,Inactive
4816,EMP-004816,12,Matthew Weaver,Finance,Engineer,2017-12-18,Active
4817,EMP-004817,87,Sonya Reyes,IT,Specialist,2018-12-16,Active
4818,EMP-004818,11,Mary Arnold,Finance,Supervisor,2017-04-27,Active
4819,EMP-004819,6,Timothy Davidson MD,IT,Analyst,2018-06-16,Active
4820,EMP-004820,62,Jennifer Ward MD,IT,Specialist,2018-08-27,Active
4821,EMP-004821,94,Corey Martin,Supply Chain,Coordinator,2018-06-29,Active
4822,EMP-004822,75,Maureen Sullivan,Operations,Specialist,2018-05-31,Active
4823,EMP-004823,40,Lori Jones,Supply Chain,Manager,2016-05-30,Active
4824,EMP-004824,17,Daniel Sanders,Supply Chain,Analyst,2016-03-01,Active
4825,EMP-004825,52,Daniel Perry,Operations,Analyst,2017-10-04,Active
4826,EMP-004826,56,Julie Moore,Maintenance,Analyst,2016-06-02,Active
4827,EMP-004827,71,Erik Mitchell,Maintenance,Specialist,2018-01-02,Active
4828,EMP-004828,93,Ryan Smith,Operations,Manager,2018-04-10,Inactive
4829,EMP-004829,24,David Greer,Human Resources,Specialist,2017-06-02,Active
4830,EMP-004830,60,Heather Lynch,IT,Manager,2017-04-18,Active
4831,EMP-004831,90,Eric Morgan,Maintenance,Specialist,2016-01-29,Inactive
4832,EMP-004832,46,Erik Francis,Maintenance,Operator,2017-11-02,Active
4833,EMP-004833,38,Michael Hill,Human Resources,Supervisor,2017-09-17,Active
4834,EMP-004834,37,Angela Gilbert,IT,Specialist,2018-05-02,Active
4835,EMP-004835,53,Andrew Hayden,Human Resources,Specialist,2018-10-28,Active
4836,EMP-004836,76,Anthony Peterson,Operations,Supervisor,2018-09-04,Active
4837,EMP-004837,44,Michael Carney,Finance,Coordinator,2016-09-14,Active
4838,EMP-004838,30,Justin Allen,Maintenance,Manager,2016-12-14,Active
4839,EMP-004839,10,Brianna Brown,Human Resources,Engineer,2016-04-14,Active
4840,EMP-004840,2,Alex Gentry,Human Resources,Operator,2017-01-16,Active
4841,EMP-004841,34,Donald Hill,Human Resources,Supervisor,2017-05-17,Active
4842,EMP-004842,92,Jimmy Mckinney,Sales,Engineer,2016-01-03,Inactive
4843,EMP-004843,55,Beverly Gomez,Finance,Engineer,2016-11-05,Active
4844,EMP-004844,39,Vanessa Adams,Finance,Engineer,2017-11-17,Active
4845,EMP-004845,31,Alexis Gonzalez,Human Resources,Operator,2017-04-03,Active
4846,EMP-004846,11,Barbara Beltran,Sales,Engineer,2017-01-03,Active
4847,EMP-004847,48,Ryan Hicks,Operations,Supervisor,2018-05-28,Active
4848,EMP-004848,21,William Johnson,Supply Chain,Specialist,2018-02-04,Active
4849,EMP-004849,60,James Richardson,Operations,Specialist,2018-03-29,Active
4850,EMP-004850,3,James Chavez,IT,Supervisor,2016-03-07,Inactive
4851,EMP-004851,6,Megan Smith,Maintenance,Coordinator,2018-06-18,Inactive
4852,EMP-004852,80,Kristina Reyes,Maintenance,Analyst,2017-07-16,Active
4853,EMP-004853,49,Heidi Perry,Operations,Specialist,2016-07-02,Active
4854,EMP-004854,21,Patricia Church,Maintenance,Engineer,2016-05-14,Active
4855,EMP-004855,40,Anthony Serrano,Finance,Specialist,2016-10-03,Active
4856,EMP-004856,20,Melissa Cole,IT,Manager,2017-06-17,Active
4857,EMP-004857,70,Jamie White,IT,Coordinator,2016-12-17,Active
4858,EMP-004858,29,Dr. Bethany Curry,Supply Chain,Coordinator,2017-01-23,Active
4859,EMP-004859,47,Kristin Moore,IT,Supervisor,2018-06-04,Active
4860,EMP-004860,51,David Wood,Supply Chain,Supervisor,2016-03-20,Active
4861,EMP-004861,56,Joseph Contreras,Finance,Supervisor,2017-07-16,Active
4862,EMP-004862,69,Gregory Henderson,IT,Specialist,2017-05-27,Active
4863,EMP-004863,96,Bridget Torres,Human Resources,Specialist,2018-01-21,Active
4864,EMP-004864,2,Annette Wagner,Human Resources,Engineer,2016-03-25,Active
4865,EMP-004865,52,Carrie Warren,Supply Chain,Supervisor,2018-10-08,Active
4866,EMP-004866,76,Joy Villarreal,Supply Chain,Engineer,2016-08-07,Active
4867,EMP-004867,20,Kelsey Lara,Maintenance,Supervisor,2017-06-10,Active
4868,EMP-004868,81,Drew Mann,Sales,Coordinator,2017-09-24,Active
4869,EMP-004869,48,Gavin Hall,Maintenance,Analyst,2017-02-23,Active
4870,EMP-004870,68,Bryan Mendoza,IT,Manager,2017-04-27,Active
4871,EMP-004871,95,Ryan Lowe,Maintenance,Engineer,2018-09-26,Active
4872,EMP-004872,43,Jason Bates,Human Resources,Operator,2018-06-28,Active
4873,EMP-004873,7,David Hickman,Supply Chain,Coordinator,2017-09-03,Inactive
4874,EMP-004874,35,Wendy Mosley,Operations,Specialist,2016-04-17,Active
4875,EMP-004875,88,Laura Arnold,Maintenance,Analyst,2018-04-25,Active
4876,EMP-004876,30,Jack Garcia,Sales,Engineer,2016-05-08,Active
4877,EMP-004877,57,Gabrielle Anderson,Supply Chain,Analyst,2018-03-11,Inactive
4878,EMP-004878,37,Christopher Brooks,Human Resources,Manager,2017-09-11,Active
4879,EMP-004879,19,Jennifer Lane,Operations,Manager,2017-07-25,Active
4880,EMP-004880,15,Denise Martin,Supply Chain,Supervisor,2017-08-13,Active
4881,EMP-004881,87,Nicole Davis,Supply Chain,Operator,2018-01-15,Active
4882,EMP-004882,94,Michele Kline,Operations,Coordinator,2016-08-05,Active
4883,EMP-004883,87,Linda Sandoval,IT,Engineer,2017-08-16,Active
4884,EMP-004884,85,Emily Brown,IT,Analyst,2016-02-17,Active
4885,EMP-004885,65,Mary Blankenship,Human Resources,Specialist,2017-09-01,Active
4886,EMP-004886,9,Kelly Leonard,Maintenance,Supervisor,2017-10-30,Active
4887,EMP-004887,56,Joanne Mcdaniel,IT,Coordinator,2016-07-06,Active
4888,EMP-004888,9,Angela Shaw,Finance,Manager,2018-04-16,Active
4889,EMP-004889,30,Alyssa Gallegos,Finance,Analyst,2018-04-15,Active
4890,EMP-004890,11,Jacob Chase,IT,Operator,2018-01-30,Active
4891,EMP-004891,100,Kaitlyn Wood,IT,Analyst,2016-01-19,Active
4892,EMP-004892,23,Megan Cox,Supply Chain,Manager,2018-12-19,Active
4893,EMP-004893,61,Gregory Baird,IT,Specialist,2017-07-22,Active
4894,EMP-004894,15,Monique Dominguez,Sales,Engineer,2018-09-03,Active
4895,EMP-004895,63,Darrell King,IT,Supervisor,2018-02-04,Active
4896,EMP-004896,90,Gabrielle Wilkins,IT,Operator,2018-04-18,Active
4897,EMP-004897,73,Wendy Smith,IT,Engineer,2018-07-18,Active
4898,EMP-004898,82,Shirley Smith,Maintenance,Coordinator,2017-03-11,Active
4899,EMP-004899,44,Amanda Villarreal,Sales,Specialist,2016-05-16,Active
4900,EMP-004900,35,Grant Walters,Maintenance,Operator,2018-07-23,Active
4901,EMP-004901,36,Jacob Elliott,Supply Chain,Coordinator,2017-01-08,Active
4902,EMP-004902,31,Angel Garrett,Finance,Manager,2017-02-25,Active
4903,EMP-004903,12,Maurice Barnes,Operations,Coordinator,2017-12-10,Active
4904,EMP-004904,16,Mark Hale,Human Resources,Specialist,2017-12-18,Active
4905,EMP-004905,20,William Farrell,Operations,Analyst,2018-04-30,Active
4906,EMP-004906,8,Andrew Gonzalez,Finance,Operator,2018-09-19,Active
4907,EMP-004907,63,Holly Sparks,Operations,Manager,2017-10-14,Active
4908,EMP-004908,69,Amanda Franklin,Sales,Specialist,2018-02-20,Active
4909,EMP-004909,83,Anna Greene,Maintenance,Specialist,2017-10-23,Active
4910,EMP-004910,86,Melissa Bradley,Supply Chain,Analyst,2017-04-11,Active
4911,EMP-004911,95,Christina Williams,Human Resources,Manager,2017-12-06,Active
4912,EMP-004912,21,Kenneth Parker,Maintenance,Specialist,2016-06-18,Active
4913,EMP-004913,99,Jonathan Pittman,Sales,Specialist,2017-02-25,Active
4914,EMP-004914,10,Lindsay Ross,IT,Supervisor,2017-01-29,Active
4915,EMP-004915,7,Christopher Forbes,Finance,Manager,2017-06-26,Active
4916,EMP-004916,63,Joe Lewis,Human Resources,Coordinator,2016-12-14,Active
4917,EMP-004917,69,Melissa Russell,Operations,Manager,2017-04-30,Active
4918,EMP-004918,50,Jeremy Owen,Maintenance,Manager,2017-09-25,Inactive
4919,EMP-004919,74,Kent Morris,Maintenance,Specialist,2018-10-07,Active
4920,EMP-004920,1,Shannon Nicholson DVM,Maintenance,Operator,2018-04-03,Inactive
4921,EMP-004921,92,Lisa Hawkins,Operations,Operator,2017-09-24,Active
4922,EMP-004922,5,Andrew Norris,Supply Chain,Coordinator,2018-03-03,Active
4923,EMP-004923,28,Madison Green,Maintenance,Specialist,2018-10-23,Active
4924,EMP-004924,26,Randy Alvarez,Human Resources,Analyst,2017-01-31,Active
4925,EMP-004925,91,Elizabeth Morris,Supply Chain,Analyst,2018-03-26,Active
4926,EMP-004926,9,Kayla Baldwin,Sales,Engineer,2018-02-06,Active
4927,EMP-004927,37,Kathryn Francis,Maintenance,Supervisor,2016-12-29,Active
4928,EMP-004928,8,Kerry Fleming,Sales,Specialist,2018-10-14,Active
4929,EMP-004929,31,Stuart Carter,Finance,Analyst,2017-01-19,Active
4930,EMP-004930,20,Nicholas Rogers,Sales,Analyst,2017-11-07,Active
4931,EMP-004931,10,Adrian Moore,IT,Analyst,2018-08-09,Active
4932,EMP-004932,37,Robert Davis,Human Resources,Operator,2018-11-20,Active
4933,EMP-004933,97,Pamela Bailey,Sales,Engineer,2017-03-11,Active
4934,EMP-004934,39,Jared Ramirez,Sales,Engineer,2016-08-25,Active
4935,EMP-004935,22,Dan Rodriguez,Maintenance,Engineer,2018-03-12,Active
4936,EMP-004936,64,Kristin Boyd,Sales,Manager,2018-08-20,Active
4937,EMP-004937,34,John Hicks,Sales,Manager,2016-09-17,Active
4938,EMP-004938,63,Brandon Garcia,IT,Coordinator,2018-09-17,Active
4939,EMP-004939,13,Ryan Brown,IT,Manager,2016-03-19,Active
4940,EMP-004940,72,Sabrina Page,Finance,Operator,2018-12-14,Inactive
4941,EMP-004941,51,Hector Walters,Maintenance,Supervisor,2016-07-30,Active
4942,EMP-004942,57,Jessica Williams,Sales,Operator,2018-08-04,Active
4943,EMP-004943,32,Nicholas Smith,Supply Chain,Specialist,2016-04-29,Active
4944,EMP-004944,7,Steven Nelson,Operations,Analyst,2016-11-19,Active
4945,EMP-004945,60,Katherine Gentry,IT,Analyst,2018-09-12,Active
4946,EMP-004946,13,Elizabeth Robertson,Sales,Supervisor,2017-10-25,Active
4947,EMP-004947,11,Justin Martinez,Maintenance,Analyst,2016-03-26,Active
4948,EMP-004948,5,Anna Banks,Maintenance,Specialist,2018-04-13,Active
4949,EMP-004949,93,Susan Medina,IT,Manager,2018-03-06,Active
4950,EMP-004950,2,Jennifer Porter,Finance,Manager,2018-06-06,Active
4951,EMP-004951,9,James Barker,Maintenance,Coordinator,2018-02-10,Active
4952,EMP-004952,50,Gregory Brewer,IT,Operator,2016-08-10,Active
4953,EMP-004953,64,Susan Jordan,IT,Supervisor,2017-01-28,Active
4954,EMP-004954,100,Dan Kelly,Sales,Specialist,2018-11-05,Inactive
4955,EMP-004955,97,Ashlee Williams,Finance,Analyst,2018-12-03,Active
4956,EMP-004956,36,Lauren Miller,Maintenance,Coordinator,2017-05-07,Active
4957,EMP-004957,86,Margaret Mcclain,Maintenance,Coordinator,2017-05-30,Active
4958,EMP-004958,3,Mr. Steve Turner,Supply Chain,Operator,2018-12-06,Active
4959,EMP-004959,75,Michael Boone,IT,Specialist,2016-02-03,Active
4960,EMP-004960,44,Greg Price,Operations,Analyst,2016-07-29,Active
4961,EMP-004961,64,Dr. Jordan Kennedy,IT,Operator,2018-07-26,Active
4962,EMP-004962,2,Erika Mcdaniel,Operations,Supervisor,2018-03-24,Active
4963,EMP-004963,95,Alexandra Harper,Maintenance,Supervisor,2017-10-26,Active
4964,EMP-004964,93,Amber Walsh,Human Resources,Supervisor,2017-09-11,Active
4965,EMP-004965,56,Wendy Ray,Supply Chain,Analyst,2018-08-04,Active
4966,EMP-004966,12,Dr. Mark Flores,Maintenance,Analyst,2016-11-24,Active
4967,EMP-004967,81,Breanna Green,Human Resources,Specialist,2018-06-20,Active
4968,EMP-004968,52,Jill Melendez,Maintenance,Supervisor,2016-10-08,Active
4969,EMP-004969,47,Shawn Ochoa,Maintenance,Coordinator,2018-01-08,Active
4970,EMP-004970,66,Thomas Rogers,Finance,Analyst,2016-01-02,Active
4971,EMP-004971,68,Jennifer English,Finance,Specialist,2017-05-20,Active
4972,EMP-004972,64,Elizabeth Huerta,Operations,Analyst,2017-08-28,Active
4973,EMP-004973,65,Eric Smith,Operations,Analyst,2017-09-15,Active
4974,EMP-004974,22,Mrs. Allison Collins,IT,Coordinator,2016-07-23,Active
4975,EMP-004975,59,Erin Rogers,Supply Chain,Engineer,2016-09-24,Active
4976,EMP-004976,89,Daniel Davis,Supply Chain,Specialist,2018-06-19,Active
4977,EMP-004977,9,Derek Hernandez,Finance,Specialist,2016-08-11,Active
4978,EMP-004978,16,Paul Nielsen,Human Resources,Coordinator,2016-06-11,Active
4979,EMP-004979,13,Kathleen Henderson,Human Resources,Analyst,2018-02-13,Active
4980,EMP-004980,76,Donald Sherman,Supply Chain,Specialist,2017-01-20,Active
4981,EMP-004981,60,Edgar Holmes,Finance,Analyst,2018-01-12,Active
4982,EMP-004982,46,Casey Pierce,Finance,Specialist,2017-04-21,Active
4983,EMP-004983,91,Emily Colon,Supply Chain,Supervisor,2017-12-07,Active
4984,EMP-004984,30,Richard Lee,Supply Chain,Manager,2018-03-14,Active
4985,EMP-004985,23,Jacob Conway,Sales,Supervisor,2017-05-05,Active
4986,EMP-004986,66,Eduardo Holloway,Human Resources,Coordinator,2016-05-04,Active
4987,EMP-004987,96,David Smith,Supply Chain,Supervisor,2018-04-16,Active
4988,EMP-004988,27,Jamie Mercado,IT,Engineer,2016-09-21,Active
4989,EMP-004989,13,Sierra Price,Finance,Engineer,2017-11-18,Active
4990,EMP-004990,71,Melissa Wagner,Human Resources,Engineer,2018-05-09,Active
4991,EMP-004991,34,David Dickson,IT,Manager,2017-08-08,Active
4992,EMP-004992,66,Natasha Coleman,IT,Engineer,2018-08-26,Active
4993,EMP-004993,77,Travis Nguyen,Supply Chain,Specialist,2017-03-28,Active
4994,EMP-004994,21,Anne Kidd DDS,Sales,Coordinator,2016-02-14,Active
4995,EMP-004995,65,Morgan Guzman,IT,Specialist,2017-11-23,Active
4996,EMP-004996,20,Bianca Estrada,Finance,Manager,2017-03-14,Active
4997,EMP-004997,93,Kristina Blackburn,IT,Engineer,2018-11-10,Active
4998,EMP-004998,89,Sonya Mullen,Human Resources,Supervisor,2018-11-21,Active
4999,EMP-004999,63,Joshua Watson,Sales,Coordinator,2017-11-04,Active
5000,EMP-005000,87,Paula Bailey,IT,Operator,2017-07-01,Inactive
