machine_key,machine_id,location_key,machine_name,machine_type,installation_date,status
1,MCH-000001,79,Atlas Machine 1,CNC Machine,2016-07-21,Operational
2,MCH-000002,57,Atlas Machine 2,Press Machine,2016-08-04,Operational
3,MCH-000003,71,Atlas Machine 3,Packaging Machine,2018-09-13,Operational
4,MCH-000004,23,Atlas Machine 4,Assembly Machine,2018-02-15,Operational
5,MCH-000005,84,Atlas Machine 5,Packaging Machine,2018-02-15,Operational
6,MCH-000006,76,Atlas Machine 6,Cutting Machine,2016-12-22,Operational
7,MCH-000007,92,Atlas Machine 7,CNC Machine,2016-11-20,Operational
8,MCH-000008,11,Atlas Machine 8,Cutting Machine,2017-11-06,Operational
9,MCH-000009,100,Atlas Machine 9,Press Machine,2018-08-01,Operational
10,MCH-000010,1,Atlas Machine 10,Press Machine,2017-08-16,Operational
11,MCH-000011,88,Atlas Machine 11,Packaging Machine,2016-06-12,Operational
12,MCH-000012,7,Atlas Machine 12,CNC Machine,2018-08-10,Maintenance
13,MCH-000013,9,Atlas Machine 13,Press Machine,2017-08-23,Operational
14,MCH-000014,76,Atlas Machine 14,Assembly Machine,2018-12-09,Unknown
15,MCH-000015,94,Atlas Machine 15,Packaging Machine,2016-09-17,Operational
16,MCH-000016,51,Atlas Machine 16,Packaging Machine,2016-08-25,Operational
17,MCH-000017,79,Atlas Machine 17,Press Machine,2018-10-25,Operational
18,MCH-000018,58,Atlas Machine 18,Press Machine,2017-07-15,Inactive
19,MCH-000019,58,Atlas Machine 19,Packaging Machine,2018-04-15,Maintenance
20,MCH-000020,77,Atlas Machine 20,Assembly Machine,2018-06-12,Operational
21,MCH-000021,72,Atlas Machine 21,Assembly Machine,2017-09-23,Operational
22,MCH-000022,73,Atlas Machine 22,Press Machine,2018-04-16,Operational
23,MCH-000023,8,Atlas Machine 23,Assembly Machine,2018-11-13,Operational
24,MCH-000024,92,Atlas Machine 24,Press Machine,2018-10-15,Operational
25,MCH-000025,22,Atlas Machine 25,Cutting Machine,2016-01-18,Operational
26,MCH-000026,65,Atlas Machine 26,CNC Machine,2018-04-06,Operational
27,MCH-000027,84,Atlas Machine 27,Assembly Machine,2018-02-02,Operational
28,MCH-000028,65,Atlas Machine 28,Packaging Machine,2017-08-07,Operational
29,MCH-000029,31,Atlas Machine 29,Cutting Machine,2017-03-03,Maintenance
30,MCH-000030,44,Atlas Machine 30,CNC Machine,2016-09-23,Operational
31,MCH-000031,69,Atlas Machine 31,Assembly Machine,2018-05-06,Operational
32,MCH-000032,71,Atlas Machine 32,CNC Machine,2017-02-18,Operational
33,MCH-000033,31,Atlas Machine 33,Packaging Machine,2018-07-25,Operational
34,MCH-000034,91,Atlas Machine 34,CNC Machine,2016-11-29,Maintenance
35,MCH-000035,85,Atlas Machine 35,Cutting Machine,2016-03-29,Operational
36,MCH-000036,80,Atlas Machine 36,Press Machine,2018-10-24,Operational
37,MCH-000037,15,Atlas Machine 37,Packaging Machine,2016-01-19,Inactive
38,MCH-000038,15,Atlas Machine 38,CNC Machine,2017-07-09,Operational
39,MCH-000039,93,Atlas Machine 39,Packaging Machine,2016-06-06,Operational
40,MCH-000040,11,Atlas Machine 40,Cutting Machine,2018-05-25,Operational
41,MCH-000041,100,Atlas Machine 41,Cutting Machine,2018-01-28,Operational
42,MCH-000042,22,Atlas Machine 42,Press Machine,2016-04-11,Operational
43,MCH-000043,5,Atlas Machine 43,Press Machine,2018-08-25,Operational
44,MCH-000044,99,Atlas Machine 44,Assembly Machine,2017-01-11,Operational
45,MCH-000045,65,Atlas Machine 45,Assembly Machine,2018-11-04,Operational
46,MCH-000046,93,Atlas Machine 46,CNC Machine,2017-11-01,Operational
47,MCH-000047,15,Atlas Machine 47,CNC Machine,2017-11-07,Operational
48,MCH-000048,2,Atlas Machine 48,Cutting Machine,2016-04-11,Operational
49,MCH-000049,81,Atlas Machine 49,CNC Machine,2016-01-21,Operational
50,MCH-000050,73,Atlas Machine 50,Press Machine,2016-01-18,Operational
51,MCH-000051,34,Atlas Machine 51,Assembly Machine,2018-04-15,Operational
52,MCH-000052,54,Atlas Machine 52,Assembly Machine,2017-12-11,Operational
53,MCH-000053,95,Atlas Machine 53,Press Machine,2018-12-26,Operational
54,MCH-000054,37,Atlas Machine 54,Cutting Machine,2018-12-20,Operational
55,MCH-000055,43,Atlas Machine 55,Cutting Machine,2017-02-22,Operational
56,MCH-000056,57,Atlas Machine 56,CNC Machine,2017-10-08,Operational
57,MCH-000057,93,Atlas Machine 57,CNC Machine,2016-03-12,Operational
58,MCH-000058,80,Atlas Machine 58,Cutting Machine,2017-11-03,Operational
59,MCH-000059,22,Atlas Machine 59,Assembly Machine,2016-04-06,Operational
60,MCH-000060,20,Atlas Machine 60,Assembly Machine,2016-03-13,Inactive
61,MCH-000061,3,Atlas Machine 61,Press Machine,2016-02-13,Operational
62,MCH-000062,19,Atlas Machine 62,CNC Machine,2017-08-10,Operational
63,MCH-000063,77,Atlas Machine 63,Cutting Machine,2017-03-26,Maintenance
64,MCH-000064,40,Atlas Machine 64,CNC Machine,2016-02-25,Operational
65,MCH-000065,57,Atlas Machine 65,Press Machine,2017-08-03,Operational
66,MCH-000066,85,Atlas Machine 66,CNC Machine,2016-04-14,Inactive
67,MCH-000067,57,Atlas Machine 67,Cutting Machine,2018-06-29,Operational
68,MCH-000068,40,Atlas Machine 68,Press Machine,2017-01-14,Operational
69,MCH-000069,100,Atlas Machine 69,CNC Machine,2018-04-23,Operational
70,MCH-000070,75,Atlas Machine 70,CNC Machine,2018-10-10,Operational
71,MCH-000071,83,Atlas Machine 71,Packaging Machine,2017-03-06,Operational
72,MCH-000072,72,Atlas Machine 72,CNC Machine,2018-12-22,Operational
73,MCH-000073,85,Atlas Machine 73,Press Machine,2018-10-27,Operational
74,MCH-000074,63,Atlas Machine 74,CNC Machine,2016-10-25,Operational
75,MCH-000075,71,Atlas Machine 75,Cutting Machine,2016-09-13,Maintenance
76,MCH-000076,3,Atlas Machine 76,CNC Machine,2018-02-22,Operational
77,MCH-000077,83,Atlas Machine 77,Cutting Machine,2016-05-14,Operational
78,MCH-000078,51,Atlas Machine 78,Press Machine,2016-10-28,Inactive
79,MCH-000079,40,Atlas Machine 79,CNC Machine,2018-11-07,Maintenance
80,MCH-000080,81,Atlas Machine 80,CNC Machine,2018-07-21,Operational
81,MCH-000081,19,Atlas Machine 81,Cutting Machine,2017-01-30,Operational
82,MCH-000082,99,Atlas Machine 82,Packaging Machine,2016-04-10,Operational
83,MCH-000083,74,Atlas Machine 83,Assembly Machine,2016-08-08,Operational
84,MCH-000084,56,Atlas Machine 84,Cutting Machine,2018-04-07,Operational
85,MCH-000085,67,Atlas Machine 85,Press Machine,2016-07-19,Operational
86,MCH-000086,91,Atlas Machine 86,Packaging Machine,2017-06-24,Operational
87,MCH-000087,94,Atlas Machine 87,CNC Machine,2016-04-10,Operational
88,MCH-000088,56,Atlas Machine 88,Cutting Machine,2018-09-23,Operational
89,MCH-000089,32,Atlas Machine 89,Cutting Machine,2016-08-11,Operational
90,MCH-000090,49,Atlas Machine 90,CNC Machine,2016-12-10,Operational
91,MCH-000091,57,Atlas Machine 91,Assembly Machine,2018-01-28,Operational
92,MCH-000092,18,Atlas Machine 92,Packaging Machine,2018-08-08,Operational
93,MCH-000093,20,Atlas Machine 93,Assembly Machine,2018-12-24,Maintenance
94,MCH-000094,89,Atlas Machine 94,CNC Machine,2016-01-19,Operational
95,MCH-000095,83,Atlas Machine 95,CNC Machine,2017-08-21,Maintenance
96,MCH-000096,4,Atlas Machine 96,Cutting Machine,2016-09-25,Operational
97,MCH-000097,57,Atlas Machine 97,Packaging Machine,2017-03-05,Operational
98,MCH-000098,93,Atlas Machine 98,Cutting Machine,2018-04-23,Operational
99,MCH-000099,81,Atlas Machine 99,Assembly Machine,2016-01-10,Operational
100,MCH-000100,40,Atlas Machine 100,CNC Machine,2018-04-03,Operational
101,MCH-000101,95,Atlas Machine 101,Packaging Machine,2016-06-22,Maintenance
102,MCH-000102,68,Atlas Machine 102,Press Machine,2018-05-31,Operational
103,MCH-000103,4,Atlas Machine 103,Press Machine,2017-02-15,Operational
104,MCH-000104,90,Atlas Machine 104,CNC Machine,2016-03-05,Operational
105,MCH-000105,9,Atlas Machine 105,Assembly Machine,2016-03-27,Operational
106,MCH-000106,4,Atlas Machine 106,Press Machine,2016-11-29,Operational
107,MCH-000107,97,Atlas Machine 107,Cutting Machine,2016-02-18,Operational
108,MCH-000108,11,Atlas Machine 108,CNC Machine,2018-07-02,Operational
109,MCH-000109,48,Atlas Machine 109,Assembly Machine,2016-02-14,Operational
110,MCH-000110,19,Atlas Machine 110,Packaging Machine,2016-02-13,Operational
111,MCH-000111,53,Atlas Machine 111,Press Machine,2018-11-11,Operational
112,MCH-000112,65,Atlas Machine 112,Packaging Machine,2016-06-13,Operational
113,MCH-000113,77,Atlas Machine 113,Press Machine,2018-05-09,Operational
114,MCH-000114,29,Atlas Machine 114,Assembly Machine,2018-08-03,Operational
115,MCH-000115,74,Atlas Machine 115,Assembly Machine,2017-01-19,Maintenance
116,MCH-000116,65,Atlas Machine 116,Packaging Machine,2018-10-26,Operational
117,MCH-000117,43,Atlas Machine 117,Cutting Machine,2018-04-28,Operational
118,MCH-000118,84,Atlas Machine 118,Press Machine,2017-05-14,Operational
119,MCH-000119,63,Atlas Machine 119,Assembly Machine,2016-12-08,Operational
120,MCH-000120,29,Atlas Machine 120,Assembly Machine,2018-08-25,Operational
121,MCH-000121,26,Atlas Machine 121,Packaging Machine,2016-04-25,Inactive
122,MCH-000122,20,Atlas Machine 122,CNC Machine,2018-06-24,Inactive
123,MCH-000123,98,Atlas Machine 123,Press Machine,2018-12-09,Operational
124,MCH-000124,1,Atlas Machine 124,Cutting Machine,2018-07-07,Operational
125,MCH-000125,65,Atlas Machine 125,Assembly Machine,2016-11-19,Operational
126,MCH-000126,76,Atlas Machine 126,CNC Machine,2017-03-07,Operational
127,MCH-000127,51,Atlas Machine 127,Packaging Machine,2018-05-30,Operational
128,MCH-000128,58,Atlas Machine 128,CNC Machine,2016-01-26,Operational
129,MCH-000129,89,Atlas Machine 129,Press Machine,2018-07-11,Operational
130,MCH-000130,18,Atlas Machine 130,Packaging Machine,2018-11-04,Inactive
131,MCH-000131,73,Atlas Machine 131,Packaging Machine,2017-11-20,Operational
132,MCH-000132,4,Atlas Machine 132,Cutting Machine,2017-07-03,Operational
133,MCH-000133,72,Atlas Machine 133,Assembly Machine,2016-10-08,Operational
134,MCH-000134,60,Atlas Machine 134,Assembly Machine,2017-11-09,Operational
135,MCH-000135,54,Atlas Machine 135,Assembly Machine,2018-05-17,Operational
136,MCH-000136,93,Atlas Machine 136,Press Machine,2018-07-20,Operational
137,MCH-000137,81,Atlas Machine 137,Cutting Machine,2016-03-04,Operational
138,MCH-000138,62,Atlas Machine 138,Cutting Machine,2017-02-25,Operational
139,MCH-000139,11,Atlas Machine 139,CNC Machine,2016-06-02,Operational
140,MCH-000140,74,Atlas Machine 140,CNC Machine,2018-09-14,Operational
141,MCH-000141,62,Atlas Machine 141,Assembly Machine,2017-04-28,Operational
142,MCH-000142,92,Atlas Machine 142,Packaging Machine,2018-11-11,Operational
143,MCH-000143,74,Atlas Machine 143,Assembly Machine,2017-04-29,Operational
144,MCH-000144,7,Atlas Machine 144,Press Machine,2017-12-08,Operational
145,MCH-000145,2, Atlas Machine 145 ,Press Machine,2016-02-21,Operational
146,MCH-000146,63,Atlas Machine 146,Press Machine,2017-08-18,Operational
147,MCH-000147,40,Atlas Machine 147,Cutting Machine,2017-08-25,Operational
148,MCH-000148,31,Atlas Machine 148,Press Machine,2016-08-31,Operational
149,MCH-000149,6,Atlas Machine 149,Press Machine,2016-10-22,Operational
150,MCH-000150,65,Atlas Machine 150,CNC Machine,2018-07-09,Operational
151,MCH-000151,44,Atlas Machine 151,Press Machine,2017-12-07,Operational
152,MCH-000152,67,Atlas Machine 152,Assembly Machine,2017-09-10,Operational
153,MCH-000153,92,Atlas Machine 153,Cutting Machine,2018-11-01,Maintenance
154,MCH-000154,72,Atlas Machine 154,Press Machine,2016-04-13,Operational
155,MCH-000155,2,Atlas Machine 155,Press Machine,2018-11-28,Operational
156,MCH-000156,37,Atlas Machine 156,Cutting Machine,2018-09-04,Operational
157,MCH-000157,95,Atlas Machine 157,Press Machine,2017-03-03,Maintenance
158,MCH-000158,32,Atlas Machine 158,CNC Machine,2017-06-11,Operational
159,MCH-000159,91,Atlas Machine 159,Cutting Machine,2016-09-08,Operational
160,MCH-000160,48,Atlas Machine 160,CNC Machine,2018-10-04,Operational
161,MCH-000161,53,Atlas Machine 161,Assembly Machine,2018-06-29,Inactive
162,MCH-000162,4,Atlas Machine 162,Cutting Machine,2017-07-13,Operational
163,MCH-000163,15,Atlas Machine 163,Packaging Machine,2017-08-25,Maintenance
164,MCH-000164,3,Atlas Machine 164,Cutting Machine,2017-11-26,Operational
165,MCH-000165,68,Atlas Machine 165,Packaging Machine,2018-05-22,Operational
166,MCH-000166,48,Atlas Machine 166,Assembly Machine,2017-07-03,Operational
167,MCH-000167,41,Atlas Machine 167,Press Machine,2018-08-30,Operational
168,MCH-000168,90,Atlas Machine 168,Press Machine,2018-10-30,Operational
169,MCH-000169,99,Atlas Machine 169,Cutting Machine,2016-09-04,Operational
170,MCH-000170,4,Atlas Machine 170,Assembly Machine,2018-06-11,Operational
171,MCH-000171,55,Atlas Machine 171,CNC Machine,2017-02-25,Operational
172,MCH-000172,22,Atlas Machine 172,Packaging Machine,2018-08-01,Operational
173,MCH-000173,86,Atlas Machine 173,CNC Machine,2016-09-29,Operational
174,MCH-000174,54,Atlas Machine 174,Cutting Machine,2018-09-17,Operational
175,MCH-000175,49,Atlas Machine 175,Assembly Machine,2017-09-11,Maintenance
176,MCH-000176,32,Atlas Machine 176,Cutting Machine,2016-03-04,Operational
177,MCH-000177,97,Atlas Machine 177,Packaging Machine,2017-12-01,Maintenance
178,MCH-000178,54,Atlas Machine 178,Press Machine,2018-09-02,Operational
179,MCH-000179,100,Atlas Machine 179,Cutting Machine,2018-03-29,Operational
180,MCH-000180,83,Atlas Machine 180,CNC Machine,2018-06-14,Operational
181,MCH-000181,54,Atlas Machine 181,Press Machine,2017-10-26,Operational
182,MCH-000182,26,Atlas Machine 182,Packaging Machine,2017-07-15,Maintenance
183,MCH-000183,11,Atlas Machine 183,Assembly Machine,2017-12-18,Operational
184,MCH-000184,51,Atlas Machine 184,Press Machine,2016-01-19,Operational
185,MCH-000185,49,Atlas Machine 185,Press Machine,2016-04-13,Operational
186,MCH-000186,75,Atlas Machine 186,Press Machine,2017-01-31,Unknown
187,MCH-000187,81,Atlas Machine 187,Press Machine,2017-10-19,Operational
188,MCH-000188,5,Atlas Machine 188,Press Machine,2016-07-04,Operational
189,MCH-000189,86,Atlas Machine 189,CNC Machine,2016-12-12,Operational
190,MCH-000190,4,Atlas Machine 190,CNC Machine,2018-07-13,Operational
191,MCH-000191,98,Atlas Machine 191,Assembly Machine,2016-09-16,Operational
192,MCH-000192,22,Atlas Machine 192,Cutting Machine,2018-07-16,Operational
193,MCH-000193,83,Atlas Machine 193,Packaging Machine,2017-05-29,Operational
194,MCH-000194,88,Atlas Machine 194,CNC Machine,2018-11-02,Operational
195,MCH-000195,76,Atlas Machine 195,CNC Machine,2018-08-31,Operational
196,MCH-000196,26,Atlas Machine 196,Packaging Machine,2018-02-23,Maintenance
197,MCH-000197,38,Atlas Machine 197,Assembly Machine,2018-05-13,Operational
198,MCH-000198,62,Atlas Machine 198,Press Machine,2018-10-11,Operational
199,MCH-000199,65,Atlas Machine 199,Cutting Machine,2018-01-10,Operational
200,MCH-000200,99,Atlas Machine 200,Assembly Machine,2016-06-24,Operational
201,MCH-000201,32,Atlas Machine 201,CNC Machine,2018-09-03,Operational
202,MCH-000202,55,Atlas Machine 202,Assembly Machine,2017-10-30,Operational
203,MCH-000203,95,Atlas Machine 203,Press Machine,2018-06-27,Operational
204,MCH-000204,19,Atlas Machine 204,CNC Machine,2017-04-29,Inactive
205,MCH-000205,22,Atlas Machine 205,Press Machine,2018-01-28,Maintenance
206,MCH-000206,4,Atlas Machine 206,CNC Machine,2016-03-29,Inactive
207,MCH-000207,68,Atlas Machine 207,CNC Machine,2018-06-20,Operational
208,MCH-000208,73,Atlas Machine 208,CNC Machine,2018-06-14,Operational
209,MCH-000209,57,Atlas Machine 209,Packaging Machine,2017-07-21,Operational
210,MCH-000210,37,Atlas Machine 210,Press Machine,2018-05-16,Operational
211,MCH-000211,81,Atlas Machine 211,Assembly Machine,2017-01-21,Operational
212,MCH-000212,53,Atlas Machine 212,Packaging Machine,2016-03-27,Operational
213,MCH-000213,41,Atlas Machine 213,CNC Machine,2017-11-12,Operational
214,MCH-000214,69,Atlas Machine 214,CNC Machine,2018-09-04,Operational
215,MCH-000215,35,Atlas Machine 215,Press Machine,2018-03-05,Operational
216,MCH-000216,5,Atlas Machine 216,Cutting Machine,2016-09-22,Operational
217,MCH-000217,20,Atlas Machine 217,CNC Machine,2018-07-30,Operational
218,MCH-000218,63,Atlas Machine 218,Packaging Machine,2016-11-21,Operational
219,MCH-000219,51,Atlas Machine 219,Assembly Machine,2018-11-21,Operational
220,MCH-000220,93,Atlas Machine 220,Packaging Machine,2017-01-10,Operational
221,MCH-000221,99,Atlas Machine 221,Assembly Machine,2017-05-27,Operational
222,MCH-000222,29,Atlas Machine 222,CNC Machine,2018-02-14,Operational
223,MCH-000223,38,Atlas Machine 223,Press Machine,2016-03-14,Operational
224,MCH-000224,79,Atlas Machine 224,Packaging Machine,2016-09-12,Operational
225,MCH-000225,85,Atlas Machine 225,Cutting Machine,2018-12-26,Operational
226,MCH-000226,67,Atlas Machine 226,Assembly Machine,2017-02-06,Operational
227,MCH-000227,9,Atlas Machine 227,Press Machine,2018-08-01,Operational
228,MCH-000228,63,Atlas Machine 228,CNC Machine,2016-08-27,Operational
229,MCH-000229,89,Atlas Machine 229,CNC Machine,2017-12-05,Operational
230,MCH-000230,18,Atlas Machine 230,Packaging Machine,2017-04-30,Maintenance
231,MCH-000231,57,Atlas Machine 231,Packaging Machine,2017-04-24,Operational
232,MCH-000232,26,Atlas Machine 232,Press Machine,2017-08-21,Operational
233,MCH-000233,72,Atlas Machine 233,Press Machine,2018-05-31,Operational
234,MCH-000234,19,Atlas Machine 234,Packaging Machine,2018-09-02,Operational
235,MCH-000235,26,Atlas Machine 235,CNC Machine,2017-08-29,Operational
236,MCH-000236,85,Atlas Machine 236,Packaging Machine,2017-04-29,Operational
237,MCH-000237,97,Atlas Machine 237,Cutting Machine,2016-08-03,Operational
238,MCH-000238,95,Atlas Machine 238,Packaging Machine,2016-12-13,Operational
239,MCH-000239,31,Atlas Machine 239,Press Machine,2016-08-11,Operational
240,MCH-000240,69,Atlas Machine 240,Press Machine,2016-02-15,Operational
241,MCH-000241,63,Atlas Machine 241,Packaging Machine,2017-12-30,Inactive
242,MCH-000242,26,Atlas Machine 242,Cutting Machine,2017-04-27,Operational
243,MCH-000243,48,Atlas Machine 243,CNC Machine,2018-01-25,Inactive
244,MCH-000244,99,Atlas Machine 244,Press Machine,2018-01-31,Operational
245,MCH-000245,29,Atlas Machine 245,Packaging Machine,2017-08-27,Operational
246,MCH-000246,90,Atlas Machine 246,Press Machine,2018-11-21,Operational
247,MCH-000247,8,Atlas Machine 247,CNC Machine,2017-12-07,Operational
248,MCH-000248,88,Atlas Machine 248,CNC Machine,2018-08-25,Operational
249,MCH-000249,20,Atlas Machine 249,Assembly Machine,2018-06-28,Operational
250,MCH-000250,79,Atlas Machine 250,Cutting Machine,2016-06-17,Operational
251,MCH-000251,88,Atlas Machine 251,Cutting Machine,2018-06-25,Operational
252,MCH-000252,2,Atlas Machine 252,Cutting Machine,2016-10-19,Operational
253,MCH-000253,92,Atlas Machine 253,Press Machine,2018-05-13,Maintenance
254,MCH-000254,77,Atlas Machine 254,Assembly Machine,2017-05-30,Maintenance
255,MCH-000255,58,Atlas Machine 255,Packaging Machine,2017-12-26,Operational
256,MCH-000256,69,Atlas Machine 256,Packaging Machine,2018-04-07,Operational
257,MCH-000257,6,Atlas Machine 257,Cutting Machine,2016-06-14,Operational
258,MCH-000258,6,Atlas Machine 258,Assembly Machine,2016-10-16,Operational
259,MCH-000259,56,Atlas Machine 259,CNC Machine,2016-02-22,Operational
260,MCH-000260,48,Atlas Machine 260,Packaging Machine,2016-12-01,Operational
261,MCH-000261,100,Atlas Machine 261,CNC Machine,2017-09-22,Operational
262,MCH-000262,77,Atlas Machine 262,Assembly Machine,2017-08-17,Inactive
263,MCH-000263,63,Atlas Machine 263,CNC Machine,2017-08-08,Operational
264,MCH-000264,54,Atlas Machine 264,CNC Machine,2017-06-16,Operational
265,MCH-000265,1,Atlas Machine 265,Assembly Machine,2018-07-03,Operational
266,MCH-000266,15,Atlas Machine 266,Packaging Machine,2018-04-02,Operational
267,MCH-000267,18,Atlas Machine 267,Assembly Machine,2016-05-16,Operational
268,MCH-000268,94,Atlas Machine 268,Packaging Machine,2017-01-23,Operational
269,MCH-000269,22,Atlas Machine 269,Packaging Machine,2016-07-22,Operational
270,MCH-000270,43,Atlas Machine 270,CNC Machine,2017-04-01,Operational
271,MCH-000271,57,Atlas Machine 271,CNC Machine,2016-06-15,Operational
272,MCH-000272,99,Atlas Machine 272,Assembly Machine,2018-12-08,Operational
273,MCH-000273,41,Atlas Machine 273,Assembly Machine,2018-11-20,Operational
274,MCH-000274,55,Atlas Machine 274,Packaging Machine,2016-10-10,Operational
275,MCH-000275,62,Atlas Machine 275,Press Machine,2017-03-02,Operational
276,MCH-000276,38,Atlas Machine 276,Press Machine,2017-05-02,Maintenance
277,MCH-000277,89,Atlas Machine 277,Assembly Machine,2017-01-19,Operational
278,MCH-000278,44,Atlas Machine 278,Assembly Machine,2018-08-28,Operational
279,MCH-000279,83,Atlas Machine 279,Packaging Machine,2016-08-20,Operational
280,MCH-000280,90,Atlas Machine 280,Assembly Machine,2017-11-09,Operational
281,MCH-000281,57,Atlas Machine 281,Assembly Machine,2018-07-13,Operational
282,MCH-000282,68,Atlas Machine 282,CNC Machine,2016-12-03,Operational
283,MCH-000283,35,Atlas Machine 283,Cutting Machine,2018-08-01,Operational
284,MCH-000284,8,Atlas Machine 284,Packaging Machine,2018-05-09,Maintenance
285,MCH-000285,4,Atlas Machine 285,Cutting Machine,2016-07-13,Operational
286,MCH-000286,62,Atlas Machine 286,Press Machine,2016-11-02,Operational
287,MCH-000287,100,Atlas Machine 287,CNC Machine,2017-02-18,Operational
288,MCH-000288,74,Atlas Machine 288,CNC Machine,2018-10-04,Operational
289,MCH-000289,53,Atlas Machine 289,CNC Machine,2017-11-10,Operational
290,MCH-000290,98,Atlas Machine 290,Cutting Machine,2017-03-03,Operational
291,MCH-000291,90,Atlas Machine 291,Press Machine,2017-01-31,Operational
292,MCH-000292,81,Atlas Machine 292,Cutting Machine,2018-07-17,Operational
293,MCH-000293,44,Atlas Machine 293,CNC Machine,2017-03-03,Operational
294,MCH-000294,38,Atlas Machine 294,Assembly Machine,2016-01-27,Operational
295,MCH-000295,43,Atlas Machine 295,Press Machine,2018-04-25,Operational
296,MCH-000296,84,Atlas Machine 296,Cutting Machine,2016-01-31,Operational
297,MCH-000297,44,Atlas Machine 297,CNC Machine,2018-04-08,Maintenance
298,MCH-000298,77,Atlas Machine 298,Press Machine,2016-09-21,Inactive
299,MCH-000299,56,Atlas Machine 299,Packaging Machine,2018-10-04,Maintenance
300,MCH-000300,43,Atlas Machine 300,Assembly Machine,2018-02-04,Operational
301,MCH-000301,71,Atlas Machine 301,Press Machine,2017-03-16,Maintenance
302,MCH-000302,77,Atlas Machine 302,Press Machine,2018-02-11,Operational
303,MCH-000303,58,Atlas Machine 303,Press Machine,2018-12-12,Operational
304,MCH-000304,56,Atlas Machine 304,CNC Machine,2016-04-04,Operational
305,MCH-000305,7,Atlas Machine 305,Press Machine,2016-11-10,Maintenance
306,MCH-000306,97,Atlas Machine 306,Cutting Machine,2017-06-23,Operational
307,MCH-000307,98,Atlas Machine 307,Press Machine,2017-08-14,Operational
308,MCH-000308,48,Atlas Machine 308,CNC Machine,2018-07-15,Operational
309,MCH-000309,65,Atlas Machine 309,Press Machine,2018-10-24,Inactive
310,MCH-000310,86,Atlas Machine 310,Packaging Machine,2018-08-13,Operational
311,MCH-000311,68,Atlas Machine 311,Assembly Machine,2018-07-13,Operational
312,MCH-000312,84,Atlas Machine 312,Press Machine,2018-02-07,Operational
313,MCH-000313,65,Atlas Machine 313,CNC Machine,2017-11-27,Operational
314,MCH-000314,7,Atlas Machine 314,Cutting Machine,2016-04-01,Operational
315,MCH-000315,8,Atlas Machine 315,Cutting Machine,2017-01-07,Maintenance
316,MCH-000316,56,Atlas Machine 316,Cutting Machine,2018-02-14,Operational
317,MCH-000317,53,Atlas Machine 317,Assembly Machine,2017-07-20,Operational
318,MCH-000318,67,Atlas Machine 318,Press Machine,2018-09-19,Maintenance
319,MCH-000319,44,Atlas Machine 319,CNC Machine,2017-10-22,Operational
320,MCH-000320,2,Atlas Machine 320,CNC Machine,2018-09-02,Operational
321,MCH-000321,26,Atlas Machine 321,Press Machine,2018-05-17,Operational
322,MCH-000322,74,Atlas Machine 322,Cutting Machine,2016-06-11,Operational
323,MCH-000323,71,Atlas Machine 323,Packaging Machine,2017-09-25,Operational
324,MCH-000324,1,Atlas Machine 324,Assembly Machine,2016-05-03,Operational
325,MCH-000325,80,Atlas Machine 325,Press Machine,2018-10-22,Maintenance
326,MCH-000326,32,Atlas Machine 326,CNC Machine,2018-08-02,Operational
327,MCH-000327,9,Atlas Machine 327,Assembly Machine,2017-02-22,Maintenance
328,MCH-000328,6,Atlas Machine 328,CNC Machine,2017-05-10,Operational
329,MCH-000329,89,Atlas Machine 329,Cutting Machine,2017-07-31,Operational
330,MCH-000330,26,Atlas Machine 330,Packaging Machine,2016-12-30,Operational
331,MCH-000331,79,Atlas Machine 331,CNC Machine,2016-01-14,Operational
332,MCH-000332,15,Atlas Machine 332,Packaging Machine,2018-05-19,Operational
333,MCH-000333,99,Atlas Machine 333,Assembly Machine,2016-08-31,Operational
334,MCH-000334,38,Atlas Machine 334,Packaging Machine,2016-12-18,Operational
335,MCH-000335,38,Atlas Machine 335,Cutting Machine,2017-05-12,Operational
336,MCH-000336,77,Atlas Machine 336,CNC Machine,2016-03-10,Maintenance
337,MCH-000337,69,Atlas Machine 337,CNC Machine,2018-01-22,Operational
338,MCH-000338,90,Atlas Machine 338,Press Machine,2016-01-09,Operational
339,MCH-000339,20,Atlas Machine 339,Press Machine,2016-07-05,Operational
340,MCH-000340,90,Atlas Machine 340,CNC Machine,2017-04-17,Operational
341,MCH-000341,80,Atlas Machine 341,CNC Machine,2016-04-21,Operational
342,MCH-000342,34,Atlas Machine 342,Cutting Machine,2018-11-07,Unknown
343,MCH-000343,15,Atlas Machine 343,CNC Machine,2017-01-23,Operational
344,MCH-000344,100,Atlas Machine 344,CNC Machine,2017-08-09,Operational
345,MCH-000345,79,Atlas Machine 345,Cutting Machine,2018-02-05,Operational
346,MCH-000346,62,Atlas Machine 346,Press Machine,2016-12-20,Operational
347,MCH-000347,86,Atlas Machine 347,CNC Machine,2017-12-31,Operational
348,MCH-000348,84,Atlas Machine 348,Press Machine,2016-07-04,Operational
349,MCH-000349,55,Atlas Machine 349,CNC Machine,2017-03-09,Operational
350,MCH-000350,34,Atlas Machine 350,Assembly Machine,2017-09-20,Operational
351,MCH-000351,38,Atlas Machine 351,Press Machine,2017-08-29,Operational
352,MCH-000352,91,Atlas Machine 352,Cutting Machine,2017-07-17,Operational
353,MCH-000353,99,Atlas Machine 353,CNC Machine,2017-10-26,Maintenance
354,MCH-000354,54,Atlas Machine 354,Press Machine,2018-01-13,Operational
355,MCH-000355,74,Atlas Machine 355,Assembly Machine,2018-07-04,Operational
356,MCH-000356,9,Atlas Machine 356,Cutting Machine,2016-11-05,Operational
357,MCH-000357,56,Atlas Machine 357,Press Machine,2017-08-20,Operational
358,MCH-000358,88,Atlas Machine 358,Assembly Machine,2018-08-09,Operational
359,MCH-000359,63,Atlas Machine 359,Assembly Machine,2016-12-18,Operational
360,MCH-000360,85,Atlas Machine 360,CNC Machine,2018-03-12,Maintenance
361,MCH-000361,34,Atlas Machine 361,CNC Machine,2016-12-29,Operational
362,MCH-000362,29,Atlas Machine 362,Assembly Machine,2018-03-29,Operational
363,MCH-000363,81,Atlas Machine 363,CNC Machine,2017-03-17,Operational
364,MCH-000364,71,Atlas Machine 364,Cutting Machine,2018-12-14,Maintenance
365,MCH-000365,23,Atlas Machine 365,CNC Machine,2018-08-24,Operational
366,MCH-000366,19,Atlas Machine 366,Cutting Machine,2018-04-14,Operational
367,MCH-000367,8,Atlas Machine 367,Cutting Machine,2017-10-09,Operational
368,MCH-000368,8,Atlas Machine 368,Press Machine,2018-10-01,Operational
369,MCH-000369,43,Atlas Machine 369,Press Machine,2016-11-17,Inactive
370,MCH-000370,95,Atlas Machine 370,Packaging Machine,2017-11-03,Operational
371,MCH-000371,23,Atlas Machine 371,Packaging Machine,2018-09-19,Operational
372,MCH-000372,31,Atlas Machine 372,Packaging Machine,2017-08-30,Operational
373,MCH-000373,74,Atlas Machine 373,CNC Machine,2017-07-08,Maintenance
374,MCH-000374,57,Atlas Machine 374,Cutting Machine,2017-10-15,Operational
375,MCH-000375,1,Atlas Machine 375,Cutting Machine,2017-03-27,Maintenance
376,MCH-000376,79,Atlas Machine 376,Assembly Machine,2016-12-04,Operational
377,MCH-000377,51,Atlas Machine 377,Packaging Machine,2017-10-29,Operational
378,MCH-000378,77,Atlas Machine 378,Packaging Machine,2018-03-25,Operational
379,MCH-000379,75,Atlas Machine 379,Assembly Machine,2018-05-21,Inactive
380,MCH-000380,62,Atlas Machine 380,Assembly Machine,2017-03-13,Operational
381,MCH-000381,69,Atlas Machine 381,CNC Machine,2017-04-01,Maintenance
382,MCH-000382,85,Atlas Machine 382,Press Machine,2018-05-15,Operational
383,MCH-000383,89,Atlas Machine 383,Press Machine,2018-11-07,Operational
384,MCH-000384,57,Atlas Machine 384,Packaging Machine,2018-09-15,Operational
385,MCH-000385,6,Atlas Machine 385,Cutting Machine,2018-11-02,Operational
386,MCH-000386,98,Atlas Machine 386,Assembly Machine,2016-04-23,Operational
387,MCH-000387,5,Atlas Machine 387,Assembly Machine,2016-12-27,Operational
388,MCH-000388,23,Atlas Machine 388,Press Machine,2016-09-08,Operational
389,MCH-000389,55,Atlas Machine 389,Assembly Machine,2016-11-14,Operational
390,MCH-000390,38,Atlas Machine 390,Cutting Machine,2016-11-22,Operational
391,MCH-000391,41,Atlas Machine 391,Assembly Machine,2016-10-08,Operational
392,MCH-000392,73,Atlas Machine 392,Packaging Machine,2016-04-14,Operational
393,MCH-000393,63,Atlas Machine 393,Cutting Machine,2016-09-14,Operational
394,MCH-000394,44,Atlas Machine 394,Packaging Machine,2016-08-22,Operational
395,MCH-000395,90,Atlas Machine 395,Packaging Machine,2018-06-03,Maintenance
396,MCH-000396,5,Atlas Machine 396,Press Machine,2016-07-25,Operational
397,MCH-000397,51,Atlas Machine 397,Packaging Machine,2017-06-23,Operational
398,MCH-000398,5,Atlas Machine 398,Assembly Machine,2018-11-12,Operational
399,MCH-000399,63,Atlas Machine 399,Packaging Machine,2016-03-23,Maintenance
400,MCH-000400,26,Atlas Machine 400,CNC Machine,2017-10-01,Operational
401,MCH-000401,48,Atlas Machine 401,Assembly Machine,2016-06-08,Maintenance
402,MCH-000402,19,Atlas Machine 402,Packaging Machine,2016-06-13,Operational
403,MCH-000403,97,Atlas Machine 403,Assembly Machine,2017-01-17,Operational
404,MCH-000404,93,Atlas Machine 404,CNC Machine,2018-09-21,Operational
405,MCH-000405,53,Atlas Machine 405,CNC Machine,2016-12-10,Operational
406,MCH-000406,65,Atlas Machine 406,Cutting Machine,2016-02-25,Operational
407,MCH-000407,23,Atlas Machine 407,Cutting Machine,2016-07-30,Operational
408,MCH-000408,62,Atlas Machine 408,CNC Machine,2018-09-11,Operational
409,MCH-000409,55,Atlas Machine 409,Press Machine,2018-01-18,Operational
410,MCH-000410,51,Atlas Machine 410,Packaging Machine,2016-07-27,Operational
411,MCH-000411,68,Atlas Machine 411,Assembly Machine,2018-08-25,Operational
412,MCH-000412,95,Atlas Machine 412,Packaging Machine,2018-11-11,Maintenance
413,MCH-000413,7,Atlas Machine 413,CNC Machine,2017-12-31,Inactive
414,MCH-000414,86,Atlas Machine 414,Press Machine,2018-03-13,Operational
415,MCH-000415,75,Atlas Machine 415,Assembly Machine,2018-02-19,Operational
416,MCH-000416,75,Atlas Machine 416,Packaging Machine,2018-01-31,Maintenance
417,MCH-000417,53,Atlas Machine 417,Press Machine,2017-09-28,Operational
418,MCH-000418,4,Atlas Machine 418,CNC Machine,2018-08-10,Operational
419,MCH-000419,98,Atlas Machine 419,Packaging Machine,2018-03-30,Maintenance
420,MCH-000420,83,Atlas Machine 420,CNC Machine,2017-09-01,Operational
421,MCH-000421,43,Atlas Machine 421,Packaging Machine,2018-05-09,Operational
422,MCH-000422,80,Atlas Machine 422,CNC Machine,2016-09-09,Operational
423,MCH-000423,9,Atlas Machine 423,CNC Machine,2018-06-15,Operational
424,MCH-000424,55,Atlas Machine 424,Cutting Machine,2017-11-08,Operational
425,MCH-000425,67,Atlas Machine 425,Cutting Machine,2016-01-24,Operational
426,MCH-000426,37,Atlas Machine 426,Assembly Machine,2016-10-27,Unknown
427,MCH-000427,100,Atlas Machine 427,Press Machine,2016-02-02,Operational
428,MCH-000428,55,Atlas Machine 428,Assembly Machine,2017-05-03,Operational
429,MCH-000429,26,Atlas Machine 429,Press Machine,2017-11-22,Operational
430,MCH-000430,56,Atlas Machine 430,CNC Machine,2016-07-04,Inactive
431,MCH-000431,35,Atlas Machine 431,Press Machine,2017-12-31,Operational
432,MCH-000432,33,Atlas Machine 432,Cutting Machine,2017-11-23,Operational
433,MCH-000433,38,Atlas Machine 433,Cutting Machine,2016-01-10,Operational
434,MCH-000434,97,Atlas Machine 434,Assembly Machine,2017-10-21,Maintenance
435,MCH-000435,8,Atlas Machine 435,Cutting Machine,2017-07-18,Operational
436,MCH-000436,94,Atlas Machine 436,Packaging Machine,2016-01-02,Operational
437,MCH-000437,91,Atlas Machine 437,Assembly Machine,2017-10-07,Operational
438,MCH-000438,94,Atlas Machine 438,CNC Machine,2017-09-23,Operational
439,MCH-000439,86,Atlas Machine 439,CNC Machine,2017-10-13,Operational
440,MCH-000440,20,Atlas Machine 440,Assembly Machine,2018-01-27,Operational
441,MCH-000441,95,Atlas Machine 441,Packaging Machine,2016-05-13,Operational
442,MCH-000442,86,Atlas Machine 442,CNC Machine,2018-07-14,Operational
443,MCH-000443,35,Atlas Machine 443,CNC Machine,2016-04-03,Maintenance
444,MCH-000444,23,Atlas Machine 444,CNC Machine,2017-02-28,Operational
445,MCH-000445,95,Atlas Machine 445,CNC Machine,2017-01-28,Operational
446,MCH-000446,77,Atlas Machine 446,Packaging Machine,2018-12-09,Operational
447,MCH-000447,11,Atlas Machine 447,Packaging Machine,2017-06-29,Operational
448,MCH-000448,97,Atlas Machine 448,Assembly Machine,2017-01-04,Operational
449,MCH-000449,90,Atlas Machine 449,Packaging Machine,2018-11-22,Operational
450,MCH-000450,94,Atlas Machine 450,Cutting Machine,2016-09-19,Operational
451,MCH-000451,62,Atlas Machine 451,Packaging Machine,2016-04-20,Operational
452,MCH-000452,22,Atlas Machine 452,Cutting Machine,2017-04-05,Operational
453,MCH-000453,72,Atlas Machine 453,Press Machine,2018-08-12,Unknown
454,MCH-000454,35,Atlas Machine 454,Packaging Machine,2018-12-15,Operational
455,MCH-000455,1,Atlas Machine 455,Press Machine,2016-02-15,Operational
456,MCH-000456,74,Atlas Machine 456,Cutting Machine,2017-11-18,Operational
457,MCH-000457,71,Atlas Machine 457,Packaging Machine,2018-09-03,Operational
458,MCH-000458,75,Atlas Machine 458,CNC Machine,2017-10-17,Inactive
459,MCH-000459,20,Atlas Machine 459,Press Machine,2018-04-24,Operational
460,MCH-000460,71,Atlas Machine 460,Packaging Machine,2016-09-09,Maintenance
461,MCH-000461,60,Atlas Machine 461,CNC Machine,2017-11-17,Operational
462,MCH-000462,97,Atlas Machine 462,Packaging Machine,2018-07-20,Operational
463,MCH-000463,44,Atlas Machine 463,Press Machine,2017-09-26,Operational
464,MCH-000464,77,Atlas Machine 464,CNC Machine,2017-05-12,Operational
465,MCH-000465,2,Atlas Machine 465,CNC Machine,2018-10-13,Operational
466,MCH-000466,92,Atlas Machine 466,CNC Machine,2016-01-29,Operational
467,MCH-000467,90,Atlas Machine 467,CNC Machine,2018-02-25,Operational
468,MCH-000468,68,Atlas Machine 468,Cutting Machine,2017-11-28,Operational
469,MCH-000469,85,Atlas Machine 469,Packaging Machine,2018-07-02,Operational
470,MCH-000470,40,Atlas Machine 470,Assembly Machine,2018-04-29,Operational
471,MCH-000471,55,Atlas Machine 471,Cutting Machine,2017-09-10,Maintenance
472,MCH-000472,31,Atlas Machine 472,Press Machine,2018-11-17,Operational
473,MCH-000473,74,Atlas Machine 473,Press Machine,2017-05-07,Operational
474,MCH-000474,33,Atlas Machine 474,Press Machine,2018-12-02,Operational
475,MCH-000475,98,Atlas Machine 475,Cutting Machine,2018-02-26,Operational
476,MCH-000476,55,Atlas Machine 476,Cutting Machine,2017-06-17,Operational
477,MCH-000477,58,Atlas Machine 477,CNC Machine,2016-01-18,Operational
478,MCH-000478,69,Atlas Machine 478,Assembly Machine,2017-05-03,Operational
479,MCH-000479,88,Atlas Machine 479,Packaging Machine,2018-06-14,Operational
480,MCH-000480,51,Atlas Machine 480,CNC Machine,2016-03-12,Maintenance
481,MCH-000481,35,Atlas Machine 481,Assembly Machine,2017-08-31,Maintenance
482,MCH-000482,6,Atlas Machine 482,Press Machine,2017-09-26,Operational
483,MCH-000483,95,Atlas Machine 483,Press Machine,2016-02-07,Operational
484,MCH-000484,83,Atlas Machine 484,CNC Machine,2016-07-21,Operational
485,MCH-000485,22,Atlas Machine 485,Assembly Machine,2018-08-25,Operational
486,MCH-000486,26,Atlas Machine 486,Press Machine,2017-03-18,Operational
487,MCH-000487,5,Atlas Machine 487,Cutting Machine,2017-07-07,Operational
488,MCH-000488,93,Atlas Machine 488,Cutting Machine,2018-10-24,Operational
489,MCH-000489,23,Atlas Machine 489,Cutting Machine,2018-08-04,Operational
490,MCH-000490,90,Atlas Machine 490,Packaging Machine,2017-05-25,Operational
491,MCH-000491,85,Atlas Machine 491,Assembly Machine,2017-08-12,Inactive
492,MCH-000492,86,Atlas Machine 492,Press Machine,2018-02-12,Operational
493,MCH-000493,93,Atlas Machine 493,Packaging Machine,2018-06-20,Operational
494,MCH-000494,92,Atlas Machine 494,Cutting Machine,2016-12-25,Operational
495,MCH-000495,41,Atlas Machine 495,Packaging Machine,2018-04-22,Maintenance
496,MCH-000496,37,Atlas Machine 496,Cutting Machine,2018-09-19,Operational
497,MCH-000497,18,Atlas Machine 497,Packaging Machine,2017-02-20,Operational
498,MCH-000498,7,Atlas Machine 498,Packaging Machine,2018-09-18,Operational
499,MCH-000499,4,Atlas Machine 499,CNC Machine,2017-11-20,Operational
500,MCH-000500,1,Atlas Machine 500,Packaging Machine,2017-05-21,Operational
501,MCH-000501,23,Atlas Machine 501,Cutting Machine,2018-09-12,Operational
502,MCH-000502,69,Atlas Machine 502,Assembly Machine,2017-01-15,Maintenance
503,MCH-000503,76,Atlas Machine 503,Assembly Machine,2018-10-10,Operational
504,MCH-000504,44,Atlas Machine 504,Assembly Machine,2018-04-04,Inactive
505,MCH-000505,84,Atlas Machine 505,Packaging Machine,2016-12-12,Operational
506,MCH-000506,37,Atlas Machine 506,CNC Machine,2016-02-27,Operational
507,MCH-000507,23,Atlas Machine 507,Cutting Machine,2017-11-22,Operational
508,MCH-000508,54,Atlas Machine 508,CNC Machine,2017-04-26,Operational
509,MCH-000509,18,Atlas Machine 509,Packaging Machine,2016-07-03,Maintenance
510,MCH-000510,86,Atlas Machine 510,Press Machine,2016-04-26,Operational
511,MCH-000511,18,Atlas Machine 511,Packaging Machine,2018-04-26,Operational
512,MCH-000512,63,Atlas Machine 512,Cutting Machine,2017-06-22,Operational
513,MCH-000513,20,Atlas Machine 513,Packaging Machine,2018-08-05,Operational
514,MCH-000514,2,Atlas Machine 514,Packaging Machine,2018-04-06,Operational
515,MCH-000515,9,Atlas Machine 515,Press Machine,2017-06-27,Operational
516,MCH-000516,7,Atlas Machine 516,Press Machine,2017-05-26,Operational
517,MCH-000517,22, Atlas Machine 517 ,Press Machine,2017-01-06,Operational
518,MCH-000518,23,Atlas Machine 518,Packaging Machine,2016-09-06,Operational
519,MCH-000519,72,Atlas Machine 519,Assembly Machine,2018-07-26,Operational
520,MCH-000520,20,Atlas Machine 520,Cutting Machine,2018-04-08,Inactive
521,MCH-000521,29, Atlas Machine 521 ,CNC Machine,2018-01-03,Maintenance
522,MCH-000522,54,Atlas Machine 522,CNC Machine,2017-07-29,Operational
523,MCH-000523,29,Atlas Machine 523,Assembly Machine,2016-02-17,Operational
524,MCH-000524,83,Atlas Machine 524,Packaging Machine,2016-10-07,Operational
525,MCH-000525,35,Atlas Machine 525,Assembly Machine,2018-11-16,Operational
526,MCH-000526,43,Atlas Machine 526,Assembly Machine,2018-04-04,Operational
527,MCH-000527,65,Atlas Machine 527,Press Machine,2017-11-13,Operational
528,MCH-000528,31,Atlas Machine 528,Press Machine,2016-10-21,Operational
529,MCH-000529,60,Atlas Machine 529,Cutting Machine,2016-10-05,Operational
530,MCH-000530,73,Atlas Machine 530,Press Machine,2016-04-17,Operational
531,MCH-000531,95,Atlas Machine 531,CNC Machine,2017-03-17,Operational
532,MCH-000532,88,Atlas Machine 532,CNC Machine,2018-10-23,Operational
533,MCH-000533,69,Atlas Machine 533,Assembly Machine,2016-07-09,Operational
534,MCH-000534,77,Atlas Machine 534,CNC Machine,2016-12-05,Operational
535,MCH-000535,31,Atlas Machine 535,CNC Machine,2016-06-17,Operational
536,MCH-000536,35,Atlas Machine 536,Cutting Machine,2017-11-09,Operational
537,MCH-000537,22, Atlas Machine 537 ,Packaging Machine,2017-01-12,Operational
538,MCH-000538,67,Atlas Machine 538,CNC Machine,2018-11-10,Operational
539,MCH-000539,40,Atlas Machine 539,Packaging Machine,2018-08-22,Operational
540,MCH-000540,34,Atlas Machine 540,CNC Machine,2016-09-26,Operational
541,MCH-000541,99,Atlas Machine 541,Press Machine,2018-01-30,Operational
542,MCH-000542,73,Atlas Machine 542,Packaging Machine,2016-07-27,Operational
543,MCH-000543,69,Atlas Machine 543,Cutting Machine,2018-12-24,Operational
544,MCH-000544,54,Atlas Machine 544,Assembly Machine,2018-07-16,Operational
545,MCH-000545,31,Atlas Machine 545,Cutting Machine,2017-08-17,Operational
546,MCH-000546,93, Atlas Machine 546 ,Packaging Machine,2017-08-11,Operational
547,MCH-000547,11,Atlas Machine 547,Cutting Machine,2016-02-07,Operational
548,MCH-000548,68,Atlas Machine 548,Packaging Machine,2018-05-11,Operational
549,MCH-000549,15,Atlas Machine 549,Press Machine,2017-01-09,Operational
550,MCH-000550,6,Atlas Machine 550,Assembly Machine,2018-09-23,Operational
551,MCH-000551,93,Atlas Machine 551,Cutting Machine,2017-01-01,Operational
552,MCH-000552,44,Atlas Machine 552,Assembly Machine,2017-08-22,Inactive
553,MCH-000553,58,Atlas Machine 553,CNC Machine,2016-04-28,Operational
554,MCH-000554,63,Atlas Machine 554,Press Machine,2018-11-14,Operational
555,MCH-000555,44,Atlas Machine 555,Assembly Machine,2018-04-08,Operational
556,MCH-000556,41,Atlas Machine 556,Press Machine,2017-05-02,Operational
557,MCH-000557,91, Atlas Machine 557 ,Cutting Machine,2017-03-30,Operational
558,MCH-000558,32,Atlas Machine 558,CNC Machine,2017-09-28,Operational
559,MCH-000559,80,Atlas Machine 559,Assembly Machine,2018-11-20,Operational
560,MCH-000560,94,Atlas Machine 560,CNC Machine,2017-04-29,Maintenance
561,MCH-000561,91,Atlas Machine 561,Press Machine,2017-12-07,Operational
562,MCH-000562,88,Atlas Machine 562,Cutting Machine,2017-01-15,Operational
563,MCH-000563,19,Atlas Machine 563,Press Machine,2016-09-30,Operational
564,MCH-000564,65,Atlas Machine 564,CNC Machine,2016-12-20,Operational
565,MCH-000565,56,Atlas Machine 565,Press Machine,2017-04-26,Inactive
566,MCH-000566,22,Atlas Machine 566,Cutting Machine,2016-09-07,Operational
567,MCH-000567,34,Atlas Machine 567,CNC Machine,2017-05-25,Operational
568,MCH-000568,18,Atlas Machine 568,Packaging Machine,2016-09-24,Operational
569,MCH-000569,69,Atlas Machine 569,CNC Machine,2017-03-06,Operational
570,MCH-000570,75,Atlas Machine 570,Packaging Machine,2016-06-08,Operational
571,MCH-000571,74,Atlas Machine 571,Assembly Machine,2017-02-20,Operational
572,MCH-000572,63,Atlas Machine 572,Assembly Machine,2016-12-01,Inactive
573,MCH-000573,68,Atlas Machine 573,CNC Machine,2017-12-26,Operational
574,MCH-000574,63,Atlas Machine 574,Packaging Machine,2016-02-18,Operational
575,MCH-000575,67,Atlas Machine 575,Packaging Machine,2016-06-09,Operational
576,MCH-000576,73,Atlas Machine 576,CNC Machine,2018-11-28,Operational
577,MCH-000577,23,Atlas Machine 577,Assembly Machine,2017-11-22,Maintenance
578,MCH-000578,71,Atlas Machine 578,Press Machine,2017-10-17,Operational
579,MCH-000579,53,Atlas Machine 579,Cutting Machine,2018-08-12,Operational
580,MCH-000580,71,Atlas Machine 580,Press Machine,2018-11-12,Operational
581,MCH-000581,57,Atlas Machine 581,Cutting Machine,2016-07-06,Operational
582,MCH-000582,37,Atlas Machine 582,Packaging Machine,2017-06-08,Operational
583,MCH-000583,92,Atlas Machine 583,Cutting Machine,2017-10-26,Operational
584,MCH-000584,100,Atlas Machine 584,Packaging Machine,2017-09-28,Operational
585,MCH-000585,7, Atlas Machine 585 ,Packaging Machine,2017-08-21,Maintenance
586,MCH-000586,86,Atlas Machine 586,Assembly Machine,2016-07-16,Operational
587,MCH-000587,37,Atlas Machine 587,Packaging Machine,2018-01-06,Operational
588,MCH-000588,53,Atlas Machine 588,CNC Machine,2016-01-22,Operational
589,MCH-000589,97,Atlas Machine 589,Packaging Machine,2016-06-29,Operational
590,MCH-000590,44,Atlas Machine 590,Packaging Machine,2018-11-18,Operational
591,MCH-000591,5,Atlas Machine 591,Packaging Machine,2017-10-25,Maintenance
592,MCH-000592,76,Atlas Machine 592,Packaging Machine,2016-07-14,Operational
593,MCH-000593,92,Atlas Machine 593,Assembly Machine,2017-12-18,Unknown
594,MCH-000594,19,Atlas Machine 594,Packaging Machine,2017-01-30,Operational
595,MCH-000595,2,Atlas Machine 595,Cutting Machine,2016-08-06,Operational
596,MCH-000596,100,Atlas Machine 596,Press Machine,2018-09-10,Operational
597,MCH-000597,2,Atlas Machine 597,Cutting Machine,2016-09-09,Operational
598,MCH-000598,62,Atlas Machine 598,Press Machine,2017-02-22,Operational
599,MCH-000599,83,Atlas Machine 599,Cutting Machine,2016-11-09,Operational
600,MCH-000600,22,Atlas Machine 600,Press Machine,2016-06-09,Operational
601,MCH-000601,79,Atlas Machine 601,CNC Machine,2018-08-17,Operational
602,MCH-000602,72,Atlas Machine 602,Press Machine,2018-02-01,Operational
603,MCH-000603,68,Atlas Machine 603,CNC Machine,2017-05-09,Operational
604,MCH-000604,99,Atlas Machine 604,Press Machine,2016-07-15,Operational
605,MCH-000605,77,Atlas Machine 605,Cutting Machine,2016-12-19,Operational
606,MCH-000606,83,Atlas Machine 606,Cutting Machine,2018-05-14,Operational
607,MCH-000607,3,Atlas Machine 607,Cutting Machine,2016-02-15,Operational
608,MCH-000608,32,Atlas Machine 608,Press Machine,2017-08-31,Operational
609,MCH-000609,11,Atlas Machine 609,Cutting Machine,2016-12-05,Operational
610,MCH-000610,89,Atlas Machine 610,Packaging Machine,2017-12-06,Maintenance
611,MCH-000611,58,Atlas Machine 611,Assembly Machine,2018-04-13,Operational
612,MCH-000612,15,Atlas Machine 612,Assembly Machine,2016-07-22,Operational
613,MCH-000613,62,Atlas Machine 613,Press Machine,2018-09-15,Operational
614,MCH-000614,37,Atlas Machine 614,Press Machine,2016-11-09,Operational
615,MCH-000615,90,Atlas Machine 615,Cutting Machine,2018-04-16,Operational
616,MCH-000616,55,Atlas Machine 616,Packaging Machine,2016-05-17,Operational
617,MCH-000617,15,Atlas Machine 617,Assembly Machine,2018-08-16,Operational
618,MCH-000618,92,Atlas Machine 618,Cutting Machine,2017-12-18,Operational
619,MCH-000619,89,Atlas Machine 619,Press Machine,2017-07-29,Operational
620,MCH-000620,90,Atlas Machine 620,Packaging Machine,2018-05-17,Operational
621,MCH-000621,90,Atlas Machine 621,Press Machine,2017-08-16,Operational
622,MCH-000622,62,Atlas Machine 622,Cutting Machine,2017-02-26,Operational
623,MCH-000623,37,Atlas Machine 623,Assembly Machine,2016-09-13,Operational
624,MCH-000624,48,Atlas Machine 624,Assembly Machine,2017-10-27,Operational
625,MCH-000625,43,Atlas Machine 625,Press Machine,2016-12-16,Operational
626,MCH-000626,38,Atlas Machine 626,Assembly Machine,2016-10-26,Operational
627,MCH-000627,93,Atlas Machine 627,Assembly Machine,2018-11-18,Operational
628,MCH-000628,85,Atlas Machine 628,Cutting Machine,2016-09-10,Operational
629,MCH-000629,68,Atlas Machine 629,Cutting Machine,2017-12-12,Operational
630,MCH-000630,99,Atlas Machine 630,CNC Machine,2016-09-29,Operational
631,MCH-000631,33,Atlas Machine 631,Assembly Machine,2016-11-23,Operational
632,MCH-000632,41,Atlas Machine 632,Press Machine,2018-05-28,Operational
633,MCH-000633,79,Atlas Machine 633,Packaging Machine,2018-03-21,Operational
634,MCH-000634,90,Atlas Machine 634,Press Machine,2016-01-15,Operational
635,MCH-000635,94,Atlas Machine 635,Cutting Machine,2016-01-12,Operational
636,MCH-000636,58,Atlas Machine 636,CNC Machine,2016-11-25,Operational
637,MCH-000637,49,Atlas Machine 637,Cutting Machine,2018-08-05,Operational
638,MCH-000638,85,Atlas Machine 638,Press Machine,2018-07-06,Operational
639,MCH-000639,32,Atlas Machine 639,Cutting Machine,2017-07-11,Operational
640,MCH-000640,20,Atlas Machine 640,Packaging Machine,2018-12-10,Operational
641,MCH-000641,48,Atlas Machine 641,Packaging Machine,2016-04-23,Inactive
642,MCH-000642,81,Atlas Machine 642,Packaging Machine,2017-08-02,Operational
643,MCH-000643,86,Atlas Machine 643,Press Machine,2016-06-29,Inactive
644,MCH-000644,11,Atlas Machine 644,Cutting Machine,2017-06-27,Operational
645,MCH-000645,75,Atlas Machine 645,Packaging Machine,2018-06-06,Operational
646,MCH-000646,40,Atlas Machine 646,Press Machine,2016-03-01,Operational
647,MCH-000647,100,Atlas Machine 647,Assembly Machine,2017-01-14,Operational
648,MCH-000648,75,Atlas Machine 648,Assembly Machine,2016-01-05,Operational
649,MCH-000649,6,Atlas Machine 649,CNC Machine,2016-12-07,Operational
650,MCH-000650,80,Atlas Machine 650,Press Machine,2018-04-05,Operational
651,MCH-000651,84,Atlas Machine 651,Assembly Machine,2018-02-01,Operational
652,MCH-000652,5,Atlas Machine 652,Packaging Machine,2016-09-23,Operational
653,MCH-000653,100,Atlas Machine 653,Assembly Machine,2018-09-09,Operational
654,MCH-000654,9,Atlas Machine 654,Press Machine,2016-08-13,Inactive
655,MCH-000655,31,Atlas Machine 655,Packaging Machine,2017-03-04,Operational
656,MCH-000656,62,Atlas Machine 656,CNC Machine,2016-01-09,Operational
657,MCH-000657,86,Atlas Machine 657,CNC Machine,2018-06-16,Operational
658,MCH-000658,51,Atlas Machine 658,Packaging Machine,2017-08-27,Operational
659,MCH-000659,97,Atlas Machine 659,Cutting Machine,2016-01-14,Operational
660,MCH-000660,76,Atlas Machine 660,Assembly Machine,2016-12-07,Operational
661,MCH-000661,56,Atlas Machine 661,Cutting Machine,2016-01-29,Inactive
662,MCH-000662,51,Atlas Machine 662,Cutting Machine,2018-02-28,Maintenance
663,MCH-000663,1,Atlas Machine 663,CNC Machine,2016-11-16,Operational
664,MCH-000664,31,Atlas Machine 664,Press Machine,2018-01-31,Operational
665,MCH-000665,92,Atlas Machine 665,CNC Machine,2016-05-08,Operational
666,MCH-000666,72,Atlas Machine 666,CNC Machine,2017-05-30,Operational
667,MCH-000667,97,Atlas Machine 667,Packaging Machine,2016-07-18,Operational
668,MCH-000668,5,Atlas Machine 668,Press Machine,2018-11-07,Operational
669,MCH-000669,80,Atlas Machine 669,Cutting Machine,2018-10-29,Operational
670,MCH-000670,53,Atlas Machine 670,CNC Machine,2017-02-08,Inactive
671,MCH-000671,34,Atlas Machine 671,Packaging Machine,2018-10-23,Operational
672,MCH-000672,63,Atlas Machine 672,Packaging Machine,2018-02-15,Operational
673,MCH-000673,89,Atlas Machine 673,Press Machine,2017-06-05,Operational
674,MCH-000674,6,Atlas Machine 674,CNC Machine,2017-09-18,Operational
675,MCH-000675,32,Atlas Machine 675,Cutting Machine,2018-09-18,Operational
676,MCH-000676,72,Atlas Machine 676,CNC Machine,2017-01-30,Operational
677,MCH-000677,91,Atlas Machine 677,Assembly Machine,2018-02-17,Operational
678,MCH-000678,91,Atlas Machine 678,Packaging Machine,2018-04-16,Maintenance
679,MCH-000679,62,Atlas Machine 679,Press Machine,2018-08-23,Operational
680,MCH-000680,1,Atlas Machine 680,Assembly Machine,2018-06-02,Operational
681,MCH-000681,84,Atlas Machine 681,Press Machine,2018-11-28,Operational
682,MCH-000682,40,Atlas Machine 682,Packaging Machine,2016-06-15,Operational
683,MCH-000683,75,Atlas Machine 683,Cutting Machine,2018-01-13,Operational
684,MCH-000684,83,Atlas Machine 684,Cutting Machine,2016-07-16,Operational
685,MCH-000685,54,Atlas Machine 685,Cutting Machine,2016-09-28,Operational
686,MCH-000686,63,Atlas Machine 686,Packaging Machine,2016-10-08,Operational
687,MCH-000687,55,Atlas Machine 687,CNC Machine,2018-08-11,Operational
688,MCH-000688,15,Atlas Machine 688,Cutting Machine,2017-01-11,Operational
689,MCH-000689,67,Atlas Machine 689,Cutting Machine,2018-08-27,Operational
690,MCH-000690,60,Atlas Machine 690,Assembly Machine,2017-02-03,Operational
691,MCH-000691,49,Atlas Machine 691,Press Machine,2017-07-19,Operational
692,MCH-000692,23,Atlas Machine 692,Packaging Machine,2016-04-20,Operational
693,MCH-000693,29,Atlas Machine 693,Assembly Machine,2016-08-14,Operational
694,MCH-000694,18,Atlas Machine 694,Cutting Machine,2018-10-23,Operational
695,MCH-000695,2,Atlas Machine 695,Press Machine,2018-12-13,Operational
696,MCH-000696,38,Atlas Machine 696,Assembly Machine,2016-01-03,Operational
697,MCH-000697,55,Atlas Machine 697,Cutting Machine,2016-06-05,Operational
698,MCH-000698,63,Atlas Machine 698,CNC Machine,2018-04-12,Operational
699,MCH-000699,3,Atlas Machine 699,Packaging Machine,2018-07-21,Operational
700,MCH-000700,80,Atlas Machine 700,Packaging Machine,2018-02-28,Maintenance
701,MCH-000701,55,Atlas Machine 701,Press Machine,2017-02-14,Maintenance
702,MCH-000702,92,Atlas Machine 702,Cutting Machine,2017-02-09,Operational
703,MCH-000703,7,Atlas Machine 703,Cutting Machine,2016-05-13,Operational
704,MCH-000704,37,Atlas Machine 704,Packaging Machine,2016-05-30,Operational
705,MCH-000705,33,Atlas Machine 705,Packaging Machine,2018-09-06,Maintenance
706,MCH-000706,53,Atlas Machine 706,Assembly Machine,2016-04-04,Operational
707,MCH-000707,68,Atlas Machine 707,Press Machine,2018-12-10,Operational
708,MCH-000708,6,Atlas Machine 708,Cutting Machine,2017-10-19,Operational
709,MCH-000709,6,Atlas Machine 709,Packaging Machine,2018-05-17,Operational
710,MCH-000710,92,Atlas Machine 710,Assembly Machine,2018-08-09,Operational
711,MCH-000711,65,Atlas Machine 711,Cutting Machine,2018-01-04,Maintenance
712,MCH-000712,35,Atlas Machine 712,CNC Machine,2016-11-14,Operational
713,MCH-000713,60,Atlas Machine 713,CNC Machine,2016-04-02,Operational
714,MCH-000714,23,Atlas Machine 714,Packaging Machine,2017-07-04,Operational
715,MCH-000715,11,Atlas Machine 715,Press Machine,2017-03-01,Operational
716,MCH-000716,48,Atlas Machine 716,Press Machine,2018-05-29,Operational
717,MCH-000717,43,Atlas Machine 717,Assembly Machine,2016-06-24,Operational
718,MCH-000718,58,Atlas Machine 718,Assembly Machine,2018-03-09,Operational
719,MCH-000719,9,Atlas Machine 719,Packaging Machine,2017-07-21,Operational
720,MCH-000720,3,Atlas Machine 720,Packaging Machine,2016-08-09,Operational
721,MCH-000721,7,Atlas Machine 721,Packaging Machine,2017-05-17,Operational
722,MCH-000722,86,Atlas Machine 722,Press Machine,2018-05-13,Operational
723,MCH-000723,93,Atlas Machine 723,Assembly Machine,2016-05-04,Operational
724,MCH-000724,63,Atlas Machine 724,Assembly Machine,2016-10-19,Operational
725,MCH-000725,34,Atlas Machine 725,Assembly Machine,2016-08-09,Operational
726,MCH-000726,62,Atlas Machine 726,Assembly Machine,2017-09-15,Operational
727,MCH-000727,57,Atlas Machine 727,CNC Machine,2018-10-01,Operational
728,MCH-000728,93,Atlas Machine 728,Press Machine,2016-01-27,Operational
729,MCH-000729,51,Atlas Machine 729,CNC Machine,2017-09-25,Operational
730,MCH-000730,7,Atlas Machine 730,CNC Machine,2018-01-21,Operational
731,MCH-000731,57,Atlas Machine 731,Cutting Machine,2017-07-22,Operational
732,MCH-000732,89,Atlas Machine 732,CNC Machine,2018-03-15,Operational
733,MCH-000733,7,Atlas Machine 733,CNC Machine,2016-12-28,Operational
734,MCH-000734,8,Atlas Machine 734,Press Machine,2016-04-01,Operational
735,MCH-000735,26,Atlas Machine 735,Press Machine,2018-04-25,Operational
736,MCH-000736,53,Atlas Machine 736,Packaging Machine,2016-03-02,Maintenance
737,MCH-000737,22,Atlas Machine 737,Cutting Machine,2017-06-13,Operational
738,MCH-000738,93,Atlas Machine 738,Packaging Machine,2018-02-18,Inactive
739,MCH-000739,90,Atlas Machine 739,Press Machine,2016-05-15,Operational
740,MCH-000740,81,Atlas Machine 740,Press Machine,2018-06-06,Operational
741,MCH-000741,18,Atlas Machine 741,Assembly Machine,2016-04-19,Unknown
742,MCH-000742,54,Atlas Machine 742,Assembly Machine,2017-09-14,Operational
743,MCH-000743,53,Atlas Machine 743,Assembly Machine,2016-02-01,Operational
744,MCH-000744,9,Atlas Machine 744,Cutting Machine,2016-03-21,Operational
745,MCH-000745,19,Atlas Machine 745,Cutting Machine,2017-09-11,Operational
746,MCH-000746,3,Atlas Machine 746,Press Machine,2016-07-28,Operational
747,MCH-000747,37,Atlas Machine 747,CNC Machine,2017-07-05,Operational
748,MCH-000748,81,Atlas Machine 748,Assembly Machine,2017-09-27,Operational
749,MCH-000749,71,Atlas Machine 749,Press Machine,2016-11-19,Operational
750,MCH-000750,86,Atlas Machine 750,Assembly Machine,2016-01-26,Operational
751,MCH-000751,2,Atlas Machine 751,Packaging Machine,2016-01-25,Operational
752,MCH-000752,8,Atlas Machine 752,Assembly Machine,2018-04-02,Operational
753,MCH-000753,43,Atlas Machine 753,Press Machine,2017-12-01,Operational
754,MCH-000754,92,Atlas Machine 754,Assembly Machine,2018-03-11,Maintenance
755,MCH-000755,55,Atlas Machine 755,CNC Machine,2017-07-04,Operational
756,MCH-000756,99,Atlas Machine 756,CNC Machine,2018-08-09,Operational
757,MCH-000757,80,Atlas Machine 757,CNC Machine,2017-04-19,Operational
758,MCH-000758,71,Atlas Machine 758,Press Machine,2016-08-25,Operational
759,MCH-000759,93,Atlas Machine 759,Cutting Machine,2018-08-06,Operational
760,MCH-000760,32,Atlas Machine 760,Cutting Machine,2017-04-11,Operational
761,MCH-000761,7,Atlas Machine 761,Cutting Machine,2018-04-04,Maintenance
762,MCH-000762,90,Atlas Machine 762,Cutting Machine,2017-12-16,Operational
763,MCH-000763,75,Atlas Machine 763,Assembly Machine,2018-04-22,Inactive
764,MCH-000764,1,Atlas Machine 764,Cutting Machine,2018-10-28,Maintenance
765,MCH-000765,19,Atlas Machine 765,Packaging Machine,2016-10-03,Operational
766,MCH-000766,73,Atlas Machine 766,Assembly Machine,2018-06-25,Operational
767,MCH-000767,89,Atlas Machine 767,Cutting Machine,2017-06-11,Operational
768,MCH-000768,67,Atlas Machine 768,Press Machine,2017-01-08,Operational
769,MCH-000769,38,Atlas Machine 769,Assembly Machine,2018-01-14,Operational
770,MCH-000770,68,Atlas Machine 770,Packaging Machine,2018-10-27,Operational
771,MCH-000771,35,Atlas Machine 771,Assembly Machine,2016-07-15,Operational
772,MCH-000772,3,Atlas Machine 772,Packaging Machine,2017-02-15,Maintenance
773,MCH-000773,33,Atlas Machine 773,Cutting Machine,2017-04-01,Operational
774,MCH-000774,84,Atlas Machine 774,Cutting Machine,2018-11-17,Operational
775,MCH-000775,43,Atlas Machine 775,Packaging Machine,2017-08-12,Operational
776,MCH-000776,19,Atlas Machine 776,Packaging Machine,2018-04-06,Operational
777,MCH-000777,97,Atlas Machine 777,Packaging Machine,2016-03-07,Maintenance
778,MCH-000778,7,Atlas Machine 778,Assembly Machine,2017-07-20,Operational
779,MCH-000779,100,Atlas Machine 779,Press Machine,2017-01-14,Operational
780,MCH-000780,22,Atlas Machine 780,Assembly Machine,2016-02-23,Operational
781,MCH-000781,31,Atlas Machine 781,Assembly Machine,2018-04-09,Operational
782,MCH-000782,90,Atlas Machine 782,Assembly Machine,2018-11-10,Operational
783,MCH-000783,22,Atlas Machine 783,CNC Machine,2016-08-04,Operational
784,MCH-000784,20,Atlas Machine 784,Cutting Machine,2018-12-10,Operational
785,MCH-000785,18,Atlas Machine 785,Press Machine,2018-11-20,Operational
786,MCH-000786,71,Atlas Machine 786,Packaging Machine,2018-03-07,Operational
787,MCH-000787,57,Atlas Machine 787,Packaging Machine,2016-08-07,Maintenance
788,MCH-000788,11,Atlas Machine 788,Press Machine,2018-05-28,Operational
789,MCH-000789,41,Atlas Machine 789,Press Machine,2016-05-30,Operational
790,MCH-000790,69,Atlas Machine 790,Assembly Machine,2017-10-13,Operational
791,MCH-000791,83,Atlas Machine 791,Cutting Machine,2018-07-25,Operational
792,MCH-000792,15,Atlas Machine 792,Packaging Machine,2018-09-14,Operational
793,MCH-000793,23,Atlas Machine 793,CNC Machine,2016-02-28,Operational
794,MCH-000794,3,Atlas Machine 794,Cutting Machine,2018-09-21,Operational
795,MCH-000795,97,Atlas Machine 795,Cutting Machine,2018-08-01,Operational
796,MCH-000796,74,Atlas Machine 796,Cutting Machine,2017-12-16,Operational
797,MCH-000797,68,Atlas Machine 797,CNC Machine,2017-03-05,Operational
798,MCH-000798,4,Atlas Machine 798,Packaging Machine,2018-05-25,Operational
799,MCH-000799,33,Atlas Machine 799,CNC Machine,2018-06-13,Operational
800,MCH-000800,7,Atlas Machine 800,Cutting Machine,2016-05-17,Operational
801,MCH-000801,23,Atlas Machine 801,CNC Machine,2018-06-14,Maintenance
802,MCH-000802,43,Atlas Machine 802,Assembly Machine,2017-05-03,Maintenance
803,MCH-000803,94,Atlas Machine 803,CNC Machine,2017-09-20,Maintenance
804,MCH-000804,29,Atlas Machine 804,Press Machine,2018-08-28,Operational
805,MCH-000805,65,Atlas Machine 805,Packaging Machine,2016-03-09,Maintenance
806,MCH-000806,26,Atlas Machine 806,Assembly Machine,2016-03-23,Maintenance
807,MCH-000807,98,Atlas Machine 807,CNC Machine,2017-06-29,Operational
808,MCH-000808,43,Atlas Machine 808,CNC Machine,2018-04-10,Operational
809,MCH-000809,98,Atlas Machine 809,Press Machine,2016-03-14,Operational
810,MCH-000810,89,Atlas Machine 810,Press Machine,2016-09-29,Inactive
811,MCH-000811,83,Atlas Machine 811,Cutting Machine,2016-03-04,Operational
812,MCH-000812,6,Atlas Machine 812,CNC Machine,2017-09-27,Operational
813,MCH-000813,35,Atlas Machine 813,CNC Machine,2018-02-02,Operational
814,MCH-000814,44,Atlas Machine 814,Assembly Machine,2016-03-25,Operational
815,MCH-000815,75,Atlas Machine 815,Packaging Machine,2017-02-17,Operational
816,MCH-000816,7,Atlas Machine 816,Press Machine,2017-12-23,Operational
817,MCH-000817,83,Atlas Machine 817,Press Machine,2016-02-29,Operational
818,MCH-000818,35,Atlas Machine 818,Cutting Machine,2016-10-20,Unknown
819,MCH-000819,94,Atlas Machine 819,CNC Machine,2017-04-09,Operational
820,MCH-000820,4,Atlas Machine 820,CNC Machine,2017-03-08,Operational
821,MCH-000821,22,Atlas Machine 821,Packaging Machine,2018-05-18,Operational
822,MCH-000822,41,Atlas Machine 822,Assembly Machine,2018-02-25,Operational
823,MCH-000823,58,Atlas Machine 823,Cutting Machine,2018-11-08,Operational
824,MCH-000824,37,Atlas Machine 824,CNC Machine,2017-04-01,Operational
825,MCH-000825,63,Atlas Machine 825,CNC Machine,2016-11-10,Operational
826,MCH-000826,73,Atlas Machine 826,Press Machine,2018-06-04,Operational
827,MCH-000827,81,Atlas Machine 827,Cutting Machine,2018-06-05,Inactive
828,MCH-000828,75,Atlas Machine 828,Assembly Machine,2017-03-21,Operational
829,MCH-000829,53,Atlas Machine 829,Press Machine,2017-11-27,Operational
830,MCH-000830,89,Atlas Machine 830,Press Machine,2016-11-13,Operational
831,MCH-000831,9,Atlas Machine 831,Cutting Machine,2016-01-08,Operational
832,MCH-000832,5,Atlas Machine 832,Press Machine,2018-04-14,Operational
833,MCH-000833,2,Atlas Machine 833,CNC Machine,2017-09-28,Operational
834,MCH-000834,77,Atlas Machine 834,Assembly Machine,2016-03-10,Inactive
835,MCH-000835,93,Atlas Machine 835,Packaging Machine,2016-03-23,Operational
836,MCH-000836,89,Atlas Machine 836,CNC Machine,2017-12-23,Operational
837,MCH-000837,19,Atlas Machine 837,CNC Machine,2018-07-28,Operational
838,MCH-000838,22,Atlas Machine 838,Press Machine,2016-11-16,Operational
839,MCH-000839,11,Atlas Machine 839,Press Machine,2017-05-17,Operational
840,MCH-000840,31,Atlas Machine 840,Assembly Machine,2018-08-14,Operational
841,MCH-000841,33,Atlas Machine 841,Packaging Machine,2018-05-30,Operational
842,MCH-000842,41,Atlas Machine 842,CNC Machine,2017-05-19,Operational
843,MCH-000843,37,Atlas Machine 843,Assembly Machine,2018-06-19,Operational
844,MCH-000844,69,Atlas Machine 844,Cutting Machine,2016-06-09,Operational
845,MCH-000845,35,Atlas Machine 845,Packaging Machine,2017-03-21,Operational
846,MCH-000846,2,Atlas Machine 846,Press Machine,2018-12-12,Operational
847,MCH-000847,2,Atlas Machine 847,Assembly Machine,2016-10-07,Operational
848,MCH-000848,55,Atlas Machine 848,Cutting Machine,2016-04-29,Unknown
849,MCH-000849,48,Atlas Machine 849,Press Machine,2016-12-12,Operational
850,MCH-000850,84,Atlas Machine 850,CNC Machine,2018-04-12,Operational
851,MCH-000851,92,Atlas Machine 851,Assembly Machine,2016-05-22,Operational
852,MCH-000852,80,Atlas Machine 852,Assembly Machine,2017-08-27,Inactive
853,MCH-000853,98,Atlas Machine 853,Assembly Machine,2017-04-01,Operational
854,MCH-000854,23,Atlas Machine 854,Cutting Machine,2018-08-25,Operational
855,MCH-000855,76,Atlas Machine 855,Cutting Machine,2017-10-30,Operational
856,MCH-000856,1,Atlas Machine 856,Cutting Machine,2018-03-31,Maintenance
857,MCH-000857,67,Atlas Machine 857,CNC Machine,2018-09-06,Operational
858,MCH-000858,56,Atlas Machine 858,CNC Machine,2017-12-24,Operational
859,MCH-000859,18,Atlas Machine 859,Packaging Machine,2017-12-10,Operational
860,MCH-000860,7,Atlas Machine 860,Assembly Machine,2018-11-03,Maintenance
861,MCH-000861,20,Atlas Machine 861,Cutting Machine,2017-05-06,Operational
862,MCH-000862,35,Atlas Machine 862,Cutting Machine,2016-11-26,Operational
863,MCH-000863,91,Atlas Machine 863,Press Machine,2016-08-31,Operational
864,MCH-000864,22,Atlas Machine 864,Packaging Machine,2017-04-09,Operational
865,MCH-000865,56,Atlas Machine 865,Packaging Machine,2017-05-04,Maintenance
866,MCH-000866,72,Atlas Machine 866,Packaging Machine,2016-11-30,Operational
867,MCH-000867,92,Atlas Machine 867,Press Machine,2018-08-11,Operational
868,MCH-000868,54,Atlas Machine 868,Assembly Machine,2016-06-28,Operational
869,MCH-000869,6,Atlas Machine 869,Assembly Machine,2016-11-04,Operational
870,MCH-000870,31,Atlas Machine 870,CNC Machine,2018-11-30,Operational
871,MCH-000871,92,Atlas Machine 871,CNC Machine,2017-10-31,Operational
872,MCH-000872,6,Atlas Machine 872,CNC Machine,2016-06-26,Operational
873,MCH-000873,73,Atlas Machine 873,CNC Machine,2017-10-25,Maintenance
874,MCH-000874,1,Atlas Machine 874,Packaging Machine,2017-09-17,Maintenance
875,MCH-000875,29,Atlas Machine 875,Assembly Machine,2017-11-04,Operational
876,MCH-000876,33,Atlas Machine 876,Cutting Machine,2016-01-09,Operational
877,MCH-000877,88,Atlas Machine 877,Press Machine,2017-04-07,Operational
878,MCH-000878,5,Atlas Machine 878,CNC Machine,2017-06-18,Operational
879,MCH-000879,9,Atlas Machine 879,Press Machine,2018-08-25,Operational
880,MCH-000880,56,Atlas Machine 880,Packaging Machine,2018-12-15,Operational
881,MCH-000881,79,Atlas Machine 881,CNC Machine,2018-04-09,Operational
882,MCH-000882,100,Atlas Machine 882,Press Machine,2016-03-28,Operational
883,MCH-000883,20,Atlas Machine 883,Assembly Machine,2017-10-05,Operational
884,MCH-000884,75,Atlas Machine 884,Assembly Machine,2018-10-30,Operational
885,MCH-000885,2,Atlas Machine 885,CNC Machine,2016-10-31,Operational
886,MCH-000886,69,Atlas Machine 886,Packaging Machine,2018-03-02,Operational
887,MCH-000887,4,Atlas Machine 887,Press Machine,2016-08-05,Operational
888,MCH-000888,86,Atlas Machine 888,Assembly Machine,2016-02-27,Operational
889,MCH-000889,9,Atlas Machine 889,Packaging Machine,2018-03-15,Operational
890,MCH-000890,81,Atlas Machine 890,Assembly Machine,2018-08-26,Operational
891,MCH-000891,4,Atlas Machine 891,Press Machine,2016-12-03,Operational
892,MCH-000892,97,Atlas Machine 892,Press Machine,2018-04-27,Operational
893,MCH-000893,9,Atlas Machine 893,Cutting Machine,2017-06-05,Operational
894,MCH-000894,8,Atlas Machine 894,Packaging Machine,2018-04-09,Operational
895,MCH-000895,4,Atlas Machine 895,Assembly Machine,2018-11-01,Operational
896,MCH-000896,80,Atlas Machine 896,Assembly Machine,2018-06-08,Operational
897,MCH-000897,38,Atlas Machine 897,Press Machine,2018-08-30,Operational
898,MCH-000898,94,Atlas Machine 898,Assembly Machine,2016-02-18,Operational
899,MCH-000899,62,Atlas Machine 899,Packaging Machine,2017-02-07,Inactive
900,MCH-000900,3,Atlas Machine 900,Press Machine,2017-04-24,Operational
901,MCH-000901,58,Atlas Machine 901,Cutting Machine,2018-08-17,Operational
902,MCH-000902,1,Atlas Machine 902,Cutting Machine,2017-02-16,Operational
903,MCH-000903,48,Atlas Machine 903,Cutting Machine,2016-12-05,Operational
904,MCH-000904,22,Atlas Machine 904,Cutting Machine,2017-04-12,Operational
905,MCH-000905,53,Atlas Machine 905,Assembly Machine,2018-06-30,Operational
906,MCH-000906,94,Atlas Machine 906,CNC Machine,2017-10-29,Operational
907,MCH-000907,84,Atlas Machine 907,Press Machine,2016-01-30,Maintenance
908,MCH-000908,81,Atlas Machine 908,Assembly Machine,2016-08-04,Operational
909,MCH-000909,74,Atlas Machine 909,Press Machine,2017-08-28,Operational
910,MCH-000910,23,Atlas Machine 910,Press Machine,2016-12-08,Operational
911,MCH-000911,89,Atlas Machine 911,Press Machine,2017-09-13,Operational
912,MCH-000912,93,Atlas Machine 912,Assembly Machine,2017-04-23,Operational
913,MCH-000913,98,Atlas Machine 913,Cutting Machine,2016-05-16,Maintenance
914,MCH-000914,20,Atlas Machine 914,Cutting Machine,2018-05-11,Operational
915,MCH-000915,37,Atlas Machine 915,CNC Machine,2017-11-18,Operational
916,MCH-000916,3,Atlas Machine 916,Press Machine,2017-07-15,Operational
917,MCH-000917,7,Atlas Machine 917,Press Machine,2018-01-24,Maintenance
918,MCH-000918,53,Atlas Machine 918,CNC Machine,2017-09-22,Operational
919,MCH-000919,4,Atlas Machine 919,CNC Machine,2017-04-16,Operational
920,MCH-000920,15,Atlas Machine 920,CNC Machine,2018-07-26,Operational
921,MCH-000921,53,Atlas Machine 921,Press Machine,2017-05-31,Operational
922,MCH-000922,37,Atlas Machine 922,Press Machine,2018-07-23,Operational
923,MCH-000923,3,Atlas Machine 923,Assembly Machine,2018-03-12,Operational
924,MCH-000924,92,Atlas Machine 924,Assembly Machine,2017-10-11,Operational
925,MCH-000925,32,Atlas Machine 925,Packaging Machine,2016-06-12,Operational
926,MCH-000926,22,Atlas Machine 926,CNC Machine,2018-08-13,Operational
927,MCH-000927,9,Atlas Machine 927,Press Machine,2018-04-23,Operational
928,MCH-000928,32,Atlas Machine 928,Cutting Machine,2018-09-12,Operational
929,MCH-000929,19,Atlas Machine 929,Packaging Machine,2016-04-05,Operational
930,MCH-000930,5,Atlas Machine 930,Assembly Machine,2018-08-18,Operational
931,MCH-000931,22,Atlas Machine 931,CNC Machine,2016-06-30,Operational
932,MCH-000932,68,Atlas Machine 932,Assembly Machine,2018-06-17,Operational
933,MCH-000933,37,Atlas Machine 933,Assembly Machine,2018-03-02,Operational
934,MCH-000934,49,Atlas Machine 934,CNC Machine,2016-02-20,Inactive
935,MCH-000935,6,Atlas Machine 935,Press Machine,2018-09-11,Operational
936,MCH-000936,93,Atlas Machine 936,Packaging Machine,2016-07-24,Operational
937,MCH-000937,55,Atlas Machine 937,CNC Machine,2017-09-13,Operational
938,MCH-000938,85,Atlas Machine 938,CNC Machine,2017-04-21,Maintenance
939,MCH-000939,43,Atlas Machine 939,Packaging Machine,2016-10-26,Operational
940,MCH-000940,67,Atlas Machine 940,CNC Machine,2018-03-19,Maintenance
941,MCH-000941,71,Atlas Machine 941,Press Machine,2017-01-11,Operational
942,MCH-000942,63,Atlas Machine 942,Press Machine,2018-12-16,Operational
943,MCH-000943,53,Atlas Machine 943,CNC Machine,2018-09-02,Operational
944,MCH-000944,94,Atlas Machine 944,Press Machine,2017-12-03,Operational
945,MCH-000945,29,Atlas Machine 945,Cutting Machine,2017-05-21,Unknown
946,MCH-000946,3,Atlas Machine 946,Cutting Machine,2017-05-23,Operational
947,MCH-000947,93,Atlas Machine 947,Cutting Machine,2018-08-13,Operational
948,MCH-000948,51,Atlas Machine 948,Assembly Machine,2018-12-26,Operational
949,MCH-000949,22,Atlas Machine 949,Cutting Machine,2018-06-17,Operational
950,MCH-000950,90,Atlas Machine 950,Packaging Machine,2017-10-25,Operational
951,MCH-000951,55,Atlas Machine 951,Cutting Machine,2016-10-28,Maintenance
952,MCH-000952,72,Atlas Machine 952,CNC Machine,2016-07-14,Operational
953,MCH-000953,72,Atlas Machine 953,Assembly Machine,2016-04-09,Operational
954,MCH-000954,100,Atlas Machine 954,Packaging Machine,2017-05-03,Operational
955,MCH-000955,97,Atlas Machine 955,Press Machine,2017-12-31,Operational
956,MCH-000956,1,Atlas Machine 956,Cutting Machine,2016-08-10,Operational
957,MCH-000957,75,Atlas Machine 957,CNC Machine,2017-09-06,Maintenance
958,MCH-000958,19,Atlas Machine 958,Cutting Machine,2018-01-08,Operational
959,MCH-000959,48,Atlas Machine 959,Press Machine,2018-06-16,Operational
960,MCH-000960,41,Atlas Machine 960,Cutting Machine,2017-12-21,Operational
961,MCH-000961,68,Atlas Machine 961,Assembly Machine,2017-09-28,Inactive
962,MCH-000962,48,Atlas Machine 962,Press Machine,2016-07-05,Operational
963,MCH-000963,29,Atlas Machine 963,Packaging Machine,2017-08-07,Operational
964,MCH-000964,77,Atlas Machine 964,Assembly Machine,2017-12-08,Operational
965,MCH-000965,60,Atlas Machine 965,Press Machine,2018-12-13,Operational
966,MCH-000966,32,Atlas Machine 966,Packaging Machine,2017-04-22,Operational
967,MCH-000967,51,Atlas Machine 967,Assembly Machine,2018-11-18,Inactive
968,MCH-000968,97,Atlas Machine 968,Press Machine,2018-07-09,Operational
969,MCH-000969,62,Atlas Machine 969,Packaging Machine,2016-01-05,Operational
970,MCH-000970,77,Atlas Machine 970,Cutting Machine,2016-03-08,Operational
971,MCH-000971,4,Atlas Machine 971,Cutting Machine,2017-03-26,Operational
972,MCH-000972,40,Atlas Machine 972,Cutting Machine,2018-10-18,Operational
973,MCH-000973,41,Atlas Machine 973,Assembly Machine,2017-05-20,Operational
974,MCH-000974,51,Atlas Machine 974,Packaging Machine,2016-04-30,Operational
975,MCH-000975,67,Atlas Machine 975,CNC Machine,2017-05-27,Maintenance
976,MCH-000976,98,Atlas Machine 976,Cutting Machine,2017-03-25,Inactive
977,MCH-000977,62,Atlas Machine 977,Cutting Machine,2016-05-22,Operational
978,MCH-000978,15,Atlas Machine 978,Press Machine,2016-04-08,Maintenance
979,MCH-000979,68,Atlas Machine 979,CNC Machine,2017-02-19,Operational
980,MCH-000980,89,Atlas Machine 980,Packaging Machine,2018-06-09,Operational
981,MCH-000981,38,Atlas Machine 981,CNC Machine,2016-10-26,Maintenance
982,MCH-000982,95,Atlas Machine 982,CNC Machine,2016-11-13,Maintenance
983,MCH-000983,58,Atlas Machine 983,Packaging Machine,2017-03-13,Operational
984,MCH-000984,63,Atlas Machine 984,Press Machine,2017-03-31,Operational
985,MCH-000985,41,Atlas Machine 985,Press Machine,2018-09-14,Operational
986,MCH-000986,41,Atlas Machine 986,CNC Machine,2018-10-04,Operational
987,MCH-000987,92,Atlas Machine 987,Packaging Machine,2017-05-27,Maintenance
988,MCH-000988,26,Atlas Machine 988,CNC Machine,2018-05-09,Operational
989,MCH-000989,18,Atlas Machine 989,Assembly Machine,2018-05-03,Inactive
990,MCH-000990,60,Atlas Machine 990,Cutting Machine,2016-04-17,Operational
991,MCH-000991,94,Atlas Machine 991,CNC Machine,2016-05-22,Operational
992,MCH-000992,38,Atlas Machine 992,Assembly Machine,2017-12-07,Operational
993,MCH-000993,34,Atlas Machine 993,Cutting Machine,2018-12-26,Operational
994,MCH-000994,74,Atlas Machine 994,CNC Machine,2017-02-09,Operational
995,MCH-000995,77,Atlas Machine 995,Assembly Machine,2018-07-03,Unknown
996,MCH-000996,73,Atlas Machine 996,Press Machine,2018-05-28,Operational
997,MCH-000997,74,Atlas Machine 997,CNC Machine,2017-09-13,Inactive
998,MCH-000998,68,Atlas Machine 998,Press Machine,2018-05-15,Operational
999,MCH-000999,44,Atlas Machine 999,Packaging Machine,2016-04-23,Operational
1000,MCH-001000,34,Atlas Machine 1000,CNC Machine,2016-10-23,Operational
1001,MCH-001001,49,Atlas Machine 1001,CNC Machine,2017-12-23,Operational
1002,MCH-001002,63,Atlas Machine 1002,Assembly Machine,2016-11-26,Operational
1003,MCH-001003,20, Atlas Machine 1003 ,Packaging Machine,2016-04-25,Operational
1004,MCH-001004,79,Atlas Machine 1004,Press Machine,2016-07-31,Operational
1005,MCH-001005,35,Atlas Machine 1005,Press Machine,2017-12-17,Operational
1006,MCH-001006,54,Atlas Machine 1006,CNC Machine,2017-10-28,Operational
1007,MCH-001007,5,Atlas Machine 1007,Press Machine,2018-03-07,Operational
1008,MCH-001008,1,Atlas Machine 1008,Cutting Machine,2016-08-21,Operational
1009,MCH-001009,85,Atlas Machine 1009,Press Machine,2018-07-22,Inactive
1010,MCH-001010,2,Atlas Machine 1010,Packaging Machine,2017-12-24,Maintenance
1011,MCH-001011,54,Atlas Machine 1011,CNC Machine,2018-12-28,Operational
1012,MCH-001012,62,Atlas Machine 1012,Press Machine,2016-04-14,Operational
1013,MCH-001013,31,Atlas Machine 1013,Packaging Machine,2018-01-11,Operational
1014,MCH-001014,19,Atlas Machine 1014,Press Machine,2016-09-25,Operational
1015,MCH-001015,89,Atlas Machine 1015,Press Machine,2017-02-27,Operational
1016,MCH-001016,97,Atlas Machine 1016,CNC Machine,2016-08-01,Maintenance
1017,MCH-001017,62,Atlas Machine 1017,Assembly Machine,2018-11-19,Operational
1018,MCH-001018,37,Atlas Machine 1018,Press Machine,2016-01-24,Operational
1019,MCH-001019,77,Atlas Machine 1019,Assembly Machine,2017-04-13,Operational
1020,MCH-001020,65,Atlas Machine 1020,Cutting Machine,2016-11-03,Maintenance
1021,MCH-001021,89,Atlas Machine 1021,CNC Machine,2018-06-18,Operational
1022,MCH-001022,51,Atlas Machine 1022,Assembly Machine,2016-10-15,Operational
1023,MCH-001023,6,Atlas Machine 1023,CNC Machine,2017-02-09,Operational
1024,MCH-001024,94,Atlas Machine 1024,Assembly Machine,2017-06-10,Operational
1025,MCH-001025,98,Atlas Machine 1025,Press Machine,2018-05-15,Operational
1026,MCH-001026,6,Atlas Machine 1026,Assembly Machine,2016-03-13,Operational
1027,MCH-001027,20,Atlas Machine 1027,Assembly Machine,2018-02-11,Operational
1028,MCH-001028,92,Atlas Machine 1028,Packaging Machine,2016-05-26,Inactive
1029,MCH-001029,84,Atlas Machine 1029,Cutting Machine,2017-01-29,Operational
1030,MCH-001030,35,Atlas Machine 1030,Cutting Machine,2018-08-29,Operational
1031,MCH-001031,99,Atlas Machine 1031,Assembly Machine,2016-03-02,Operational
1032,MCH-001032,37,Atlas Machine 1032,Cutting Machine,2017-04-11,Operational
1033,MCH-001033,6,Atlas Machine 1033,Cutting Machine,2016-01-11,Operational
1034,MCH-001034,62,Atlas Machine 1034,Press Machine,2017-07-31,Operational
1035,MCH-001035,63,Atlas Machine 1035,Cutting Machine,2017-08-23,Operational
1036,MCH-001036,40,Atlas Machine 1036,Packaging Machine,2016-05-23,Operational
1037,MCH-001037,76,Atlas Machine 1037,Cutting Machine,2018-09-11,Maintenance
1038,MCH-001038,58,Atlas Machine 1038,Packaging Machine,2017-12-10,Operational
1039,MCH-001039,4,Atlas Machine 1039,Press Machine,2016-05-20,Operational
1040,MCH-001040,6,Atlas Machine 1040,Assembly Machine,2016-04-03,Operational
1041,MCH-001041,85,Atlas Machine 1041,CNC Machine,2016-11-10,Operational
1042,MCH-001042,84,Atlas Machine 1042,Packaging Machine,2017-04-09,Inactive
1043,MCH-001043,98,Atlas Machine 1043,Assembly Machine,2018-09-28,Maintenance
1044,MCH-001044,83,Atlas Machine 1044,CNC Machine,2016-12-20,Operational
1045,MCH-001045,8,Atlas Machine 1045,Packaging Machine,2018-04-16,Maintenance
1046,MCH-001046,97,Atlas Machine 1046,Cutting Machine,2016-01-08,Operational
1047,MCH-001047,85,Atlas Machine 1047,Press Machine,2017-11-04,Operational
1048,MCH-001048,6,Atlas Machine 1048,Assembly Machine,2018-05-16,Maintenance
1049,MCH-001049,32,Atlas Machine 1049,Packaging Machine,2017-10-16,Operational
1050,MCH-001050,69,Atlas Machine 1050,Packaging Machine,2017-06-29,Operational
1051,MCH-001051,6,Atlas Machine 1051,Packaging Machine,2017-06-02,Operational
1052,MCH-001052,7,Atlas Machine 1052,Press Machine,2016-12-31,Operational
1053,MCH-001053,11,Atlas Machine 1053,CNC Machine,2017-10-30,Unknown
1054,MCH-001054,89,Atlas Machine 1054,Cutting Machine,2018-07-14,Operational
1055,MCH-001055,73,Atlas Machine 1055,Packaging Machine,2016-02-25,Operational
1056,MCH-001056,49,Atlas Machine 1056,Press Machine,2017-05-05,Operational
1057,MCH-001057,98,Atlas Machine 1057,Assembly Machine,2016-01-06,Operational
1058,MCH-001058,74,Atlas Machine 1058,CNC Machine,2017-04-06,Operational
1059,MCH-001059,67,Atlas Machine 1059,Assembly Machine,2017-05-17,Operational
1060,MCH-001060,51,Atlas Machine 1060,Cutting Machine,2016-06-10,Operational
1061,MCH-001061,53,Atlas Machine 1061,Assembly Machine,2016-06-01,Operational
1062,MCH-001062,65,Atlas Machine 1062,Press Machine,2016-04-27,Operational
1063,MCH-001063,40,Atlas Machine 1063,Packaging Machine,2017-09-25,Operational
1064,MCH-001064,19,Atlas Machine 1064,Cutting Machine,2017-01-06,Operational
1065,MCH-001065,73,Atlas Machine 1065,Assembly Machine,2018-03-19,Operational
1066,MCH-001066,1,Atlas Machine 1066,Packaging Machine,2018-08-18,Operational
1067,MCH-001067,77,Atlas Machine 1067,Cutting Machine,2018-08-14,Operational
1068,MCH-001068,43,Atlas Machine 1068,Cutting Machine,2016-04-08,Operational
1069,MCH-001069,54,Atlas Machine 1069,CNC Machine,2017-07-22,Maintenance
1070,MCH-001070,51,Atlas Machine 1070,CNC Machine,2018-02-24,Operational
1071,MCH-001071,74,Atlas Machine 1071,Cutting Machine,2017-08-19,Operational
1072,MCH-001072,2,Atlas Machine 1072,Cutting Machine,2017-04-02,Operational
1073,MCH-001073,40,Atlas Machine 1073,Press Machine,2017-08-03,Operational
1074,MCH-001074,80,Atlas Machine 1074,CNC Machine,2016-05-14,Operational
1075,MCH-001075,53,Atlas Machine 1075,Assembly Machine,2016-01-11,Operational
1076,MCH-001076,81,Atlas Machine 1076,CNC Machine,2016-08-20,Operational
1077,MCH-001077,65,Atlas Machine 1077,Press Machine,2018-02-18,Operational
1078,MCH-001078,29,Atlas Machine 1078,Press Machine,2016-12-23,Operational
1079,MCH-001079,88,Atlas Machine 1079,Press Machine,2017-06-26,Operational
1080,MCH-001080,35,Atlas Machine 1080,Cutting Machine,2017-05-21,Maintenance
1081,MCH-001081,19,Atlas Machine 1081,Press Machine,2016-04-10,Operational
1082,MCH-001082,60,Atlas Machine 1082,CNC Machine,2017-05-19,Maintenance
1083,MCH-001083,60,Atlas Machine 1083,Assembly Machine,2017-08-15,Operational
1084,MCH-001084,75,Atlas Machine 1084,Packaging Machine,2018-04-25,Operational
1085,MCH-001085,29,Atlas Machine 1085,CNC Machine,2018-01-03,Operational
1086,MCH-001086,60,Atlas Machine 1086,Press Machine,2017-05-14,Maintenance
1087,MCH-001087,69,Atlas Machine 1087,Assembly Machine,2017-11-06,Operational
1088,MCH-001088,77,Atlas Machine 1088,Press Machine,2016-08-08,Operational
1089,MCH-001089,58,Atlas Machine 1089,Assembly Machine,2017-02-09,Operational
1090,MCH-001090,29,Atlas Machine 1090,Packaging Machine,2017-01-08,Operational
1091,MCH-001091,19,Atlas Machine 1091,Assembly Machine,2018-07-29,Maintenance
1092,MCH-001092,79,Atlas Machine 1092,Assembly Machine,2017-07-12,Operational
1093,MCH-001093,20,Atlas Machine 1093,Press Machine,2016-12-07,Operational
1094,MCH-001094,34,Atlas Machine 1094,CNC Machine,2018-07-06,Operational
1095,MCH-001095,83,Atlas Machine 1095,Press Machine,2016-07-23,Operational
1096,MCH-001096,62,Atlas Machine 1096,Cutting Machine,2016-02-23,Operational
1097,MCH-001097,15,Atlas Machine 1097,Packaging Machine,2017-09-07,Operational
1098,MCH-001098,65,Atlas Machine 1098,Assembly Machine,2017-08-14,Operational
1099,MCH-001099,77,Atlas Machine 1099,Packaging Machine,2016-02-19,Inactive
1100,MCH-001100,97,Atlas Machine 1100,CNC Machine,2017-06-21,Operational
1101,MCH-001101,3,Atlas Machine 1101,Press Machine,2016-04-21,Operational
1102,MCH-001102,3,Atlas Machine 1102,Packaging Machine,2017-03-07,Operational
1103,MCH-001103,49,Atlas Machine 1103,CNC Machine,2017-01-28,Operational
1104,MCH-001104,38,Atlas Machine 1104,Cutting Machine,2018-09-07,Operational
1105,MCH-001105,84,Atlas Machine 1105,Press Machine,2016-01-04,Operational
1106,MCH-001106,53,Atlas Machine 1106,CNC Machine,2016-08-06,Operational
1107,MCH-001107,56,Atlas Machine 1107,Cutting Machine,2016-05-30,Operational
1108,MCH-001108,57,Atlas Machine 1108,Packaging Machine,2017-11-04,Operational
1109,MCH-001109,95,Atlas Machine 1109,Assembly Machine,2017-09-06,Operational
1110,MCH-001110,100,Atlas Machine 1110,Packaging Machine,2018-09-21,Operational
1111,MCH-001111,9,Atlas Machine 1111,Cutting Machine,2016-03-18,Operational
1112,MCH-001112,35,Atlas Machine 1112,CNC Machine,2017-06-14,Operational
1113,MCH-001113,37,Atlas Machine 1113,Press Machine,2016-09-28,Operational
1114,MCH-001114,2,Atlas Machine 1114,Press Machine,2017-06-08,Operational
1115,MCH-001115,37,Atlas Machine 1115,Assembly Machine,2017-08-23,Inactive
1116,MCH-001116,68,Atlas Machine 1116,CNC Machine,2018-08-16,Operational
1117,MCH-001117,54,Atlas Machine 1117,Press Machine,2017-12-14,Operational
1118,MCH-001118,65,Atlas Machine 1118,Cutting Machine,2016-11-09,Operational
1119,MCH-001119,1,Atlas Machine 1119,Cutting Machine,2018-03-12,Operational
1120,MCH-001120,49,Atlas Machine 1120,CNC Machine,2017-03-28,Operational
1121,MCH-001121,85,Atlas Machine 1121,Cutting Machine,2016-01-25,Operational
1122,MCH-001122,81,Atlas Machine 1122,Packaging Machine,2018-08-23,Inactive
1123,MCH-001123,53,Atlas Machine 1123,Press Machine,2016-03-09,Operational
1124,MCH-001124,53,Atlas Machine 1124,CNC Machine,2018-10-21,Operational
1125,MCH-001125,32,Atlas Machine 1125,Cutting Machine,2017-02-13,Operational
1126,MCH-001126,57,Atlas Machine 1126,Press Machine,2018-07-06,Operational
1127,MCH-001127,73,Atlas Machine 1127,Packaging Machine,2017-02-22,Operational
1128,MCH-001128,89,Atlas Machine 1128,Press Machine,2016-02-29,Operational
1129,MCH-001129,43,Atlas Machine 1129,Packaging Machine,2018-03-14,Operational
1130,MCH-001130,49,Atlas Machine 1130,Packaging Machine,2016-05-18,Maintenance
1131,MCH-001131,65,Atlas Machine 1131,CNC Machine,2016-12-02,Operational
1132,MCH-001132,54,Atlas Machine 1132,Cutting Machine,2016-02-25,Inactive
1133,MCH-001133,84,Atlas Machine 1133,Assembly Machine,2016-07-31,Operational
1134,MCH-001134,6,Atlas Machine 1134,CNC Machine,2017-02-19,Operational
1135,MCH-001135,20,Atlas Machine 1135,Cutting Machine,2017-09-14,Operational
1136,MCH-001136,71,Atlas Machine 1136,Press Machine,2018-02-09,Operational
1137,MCH-001137,19,Atlas Machine 1137,Press Machine,2017-01-24,Operational
1138,MCH-001138,23,Atlas Machine 1138,Cutting Machine,2016-09-10,Operational
1139,MCH-001139,71,Atlas Machine 1139,Assembly Machine,2016-03-20,Operational
1140,MCH-001140,68,Atlas Machine 1140,Assembly Machine,2018-07-26,Inactive
1141,MCH-001141,26,Atlas Machine 1141,CNC Machine,2018-06-27,Operational
1142,MCH-001142,26,Atlas Machine 1142,Press Machine,2017-09-20,Operational
1143,MCH-001143,3,Atlas Machine 1143,Assembly Machine,2016-10-29,Operational
1144,MCH-001144,29,Atlas Machine 1144,CNC Machine,2018-03-19,Operational
1145,MCH-001145,62,Atlas Machine 1145,Packaging Machine,2016-02-24,Operational
1146,MCH-001146,44,Atlas Machine 1146,Cutting Machine,2018-06-30,Operational
1147,MCH-001147,18,Atlas Machine 1147,CNC Machine,2017-12-23,Operational
1148,MCH-001148,63,Atlas Machine 1148,Assembly Machine,2018-05-21,Operational
1149,MCH-001149,97,Atlas Machine 1149,Packaging Machine,2016-08-31,Operational
1150,MCH-001150,32,Atlas Machine 1150,CNC Machine,2018-05-19,Operational
1151,MCH-001151,23,Atlas Machine 1151,Cutting Machine,2016-05-06,Operational
1152,MCH-001152,41,Atlas Machine 1152,CNC Machine,2016-10-19,Operational
1153,MCH-001153,43,Atlas Machine 1153,Assembly Machine,2016-06-20,Inactive
1154,MCH-001154,2,Atlas Machine 1154,CNC Machine,2018-02-19,Operational
1155,MCH-001155,79,Atlas Machine 1155,Press Machine,2018-11-21,Maintenance
1156,MCH-001156,23,Atlas Machine 1156,Cutting Machine,2017-02-06,Operational
1157,MCH-001157,23,Atlas Machine 1157,Assembly Machine,2017-02-07,Operational
1158,MCH-001158,22,Atlas Machine 1158,Press Machine,2018-01-03,Operational
1159,MCH-001159,77,Atlas Machine 1159,Press Machine,2017-11-11,Operational
1160,MCH-001160,48,Atlas Machine 1160,CNC Machine,2017-06-15,Operational
1161,MCH-001161,49,Atlas Machine 1161,Assembly Machine,2017-09-09,Operational
1162,MCH-001162,67,Atlas Machine 1162,Press Machine,2017-03-18,Inactive
1163,MCH-001163,69,Atlas Machine 1163,Press Machine,2017-03-24,Operational
1164,MCH-001164,83,Atlas Machine 1164,Assembly Machine,2018-04-02,Operational
1165,MCH-001165,9,Atlas Machine 1165,Press Machine,2017-06-17,Maintenance
1166,MCH-001166,4,Atlas Machine 1166,CNC Machine,2018-04-11,Operational
1167,MCH-001167,97,Atlas Machine 1167,Press Machine,2016-08-23,Operational
1168,MCH-001168,37,Atlas Machine 1168,CNC Machine,2016-11-13,Operational
1169,MCH-001169,22,Atlas Machine 1169,Cutting Machine,2016-08-08,Operational
1170,MCH-001170,57,Atlas Machine 1170,Cutting Machine,2018-07-17,Operational
1171,MCH-001171,11,Atlas Machine 1171,Packaging Machine,2016-06-07,Operational
1172,MCH-001172,73,Atlas Machine 1172,CNC Machine,2016-11-09,Operational
1173,MCH-001173,19,Atlas Machine 1173,Assembly Machine,2017-09-21,Operational
1174,MCH-001174,63,Atlas Machine 1174,Press Machine,2017-04-12,Operational
1175,MCH-001175,29,Atlas Machine 1175,CNC Machine,2016-10-17,Maintenance
1176,MCH-001176,79,Atlas Machine 1176,CNC Machine,2017-09-15,Operational
1177,MCH-001177,18,Atlas Machine 1177,CNC Machine,2016-10-24,Operational
1178,MCH-001178,5,Atlas Machine 1178,Press Machine,2016-04-20,Operational
1179,MCH-001179,84,Atlas Machine 1179,Assembly Machine,2018-06-30,Operational
1180,MCH-001180,33,Atlas Machine 1180,Packaging Machine,2018-09-26,Operational
1181,MCH-001181,90,Atlas Machine 1181,Cutting Machine,2017-10-24,Operational
1182,MCH-001182,89,Atlas Machine 1182,Press Machine,2016-03-29,Operational
1183,MCH-001183,54,Atlas Machine 1183,CNC Machine,2016-12-05,Operational
1184,MCH-001184,1,Atlas Machine 1184,Packaging Machine,2017-04-13,Operational
1185,MCH-001185,71,Atlas Machine 1185,Press Machine,2018-12-29,Operational
1186,MCH-001186,58,Atlas Machine 1186,Press Machine,2017-01-29,Maintenance
1187,MCH-001187,60,Atlas Machine 1187,Press Machine,2018-06-27,Operational
1188,MCH-001188,44,Atlas Machine 1188,Press Machine,2017-09-11,Operational
1189,MCH-001189,26,Atlas Machine 1189,Assembly Machine,2016-09-16,Operational
1190,MCH-001190,49,Atlas Machine 1190,Packaging Machine,2016-07-01,Operational
1191,MCH-001191,83,Atlas Machine 1191,Packaging Machine,2018-07-04,Operational
1192,MCH-001192,91,Atlas Machine 1192,CNC Machine,2017-10-10,Operational
1193,MCH-001193,34,Atlas Machine 1193,Packaging Machine,2018-12-25,Operational
1194,MCH-001194,20,Atlas Machine 1194,CNC Machine,2017-03-05,Operational
1195,MCH-001195,3,Atlas Machine 1195,Assembly Machine,2018-08-12,Inactive
1196,MCH-001196,62,Atlas Machine 1196,Packaging Machine,2016-04-05,Operational
1197,MCH-001197,88,Atlas Machine 1197,Cutting Machine,2016-07-09,Maintenance
1198,MCH-001198,86,Atlas Machine 1198,Cutting Machine,2018-11-15,Operational
1199,MCH-001199,54,Atlas Machine 1199,Packaging Machine,2017-04-11,Operational
1200,MCH-001200,19,Atlas Machine 1200,Packaging Machine,2017-11-18,Operational
1201,MCH-001201,38,Atlas Machine 1201,Press Machine,2017-09-27,Maintenance
1202,MCH-001202,92,Atlas Machine 1202,Press Machine,2018-12-21,Operational
1203,MCH-001203,72,Atlas Machine 1203,Press Machine,2017-11-06,Maintenance
1204,MCH-001204,35,Atlas Machine 1204,Cutting Machine,2018-07-05,Inactive
1205,MCH-001205,65,Atlas Machine 1205,Packaging Machine,2017-07-10,Operational
1206,MCH-001206,99, Atlas Machine 1206 ,Packaging Machine,2018-04-07,Operational
1207,MCH-001207,71,Atlas Machine 1207,Press Machine,2016-09-21,Operational
1208,MCH-001208,73,Atlas Machine 1208,Packaging Machine,2017-04-24,Operational
1209,MCH-001209,4, Atlas Machine 1209 ,Assembly Machine,2018-05-27,Operational
1210,MCH-001210,2,Atlas Machine 1210,Assembly Machine,2018-04-11,Operational
1211,MCH-001211,32,Atlas Machine 1211,Packaging Machine,2016-09-16,Operational
1212,MCH-001212,68,Atlas Machine 1212,Press Machine,2018-04-09,Operational
1213,MCH-001213,77,Atlas Machine 1213,Press Machine,2016-08-02,Inactive
1214,MCH-001214,49,Atlas Machine 1214,CNC Machine,2018-05-30,Operational
1215,MCH-001215,74,Atlas Machine 1215,Press Machine,2017-07-25,Operational
1216,MCH-001216,89,Atlas Machine 1216,Assembly Machine,2018-02-01,Operational
1217,MCH-001217,62,Atlas Machine 1217,Packaging Machine,2018-12-07,Operational
1218,MCH-001218,94,Atlas Machine 1218,Press Machine,2018-08-24,Operational
1219,MCH-001219,7,Atlas Machine 1219,Cutting Machine,2018-11-10,Unknown
1220,MCH-001220,43,Atlas Machine 1220,Press Machine,2017-08-26,Operational
1221,MCH-001221,23,Atlas Machine 1221,Packaging Machine,2016-03-02,Operational
1222,MCH-001222,8,Atlas Machine 1222,CNC Machine,2018-01-19,Operational
1223,MCH-001223,80,Atlas Machine 1223,Cutting Machine,2017-11-24,Operational
1224,MCH-001224,43,Atlas Machine 1224,Assembly Machine,2018-07-16,Operational
1225,MCH-001225,44,Atlas Machine 1225,CNC Machine,2017-12-14,Inactive
1226,MCH-001226,3,Atlas Machine 1226,Cutting Machine,2018-09-04,Operational
1227,MCH-001227,81,Atlas Machine 1227,Press Machine,2018-12-29,Operational
1228,MCH-001228,11,Atlas Machine 1228,Packaging Machine,2017-03-05,Operational
1229,MCH-001229,74,Atlas Machine 1229,Press Machine,2017-07-17,Operational
1230,MCH-001230,15,Atlas Machine 1230,Assembly Machine,2016-04-26,Operational
1231,MCH-001231,11,Atlas Machine 1231,Packaging Machine,2017-02-03,Operational
1232,MCH-001232,48,Atlas Machine 1232,Packaging Machine,2016-09-04,Operational
1233,MCH-001233,71,Atlas Machine 1233,CNC Machine,2018-09-25,Operational
1234,MCH-001234,86,Atlas Machine 1234,Press Machine,2017-02-20,Operational
1235,MCH-001235,19,Atlas Machine 1235,Packaging Machine,2016-03-21,Operational
1236,MCH-001236,57,Atlas Machine 1236,Assembly Machine,2016-10-04,Operational
1237,MCH-001237,37,Atlas Machine 1237,Cutting Machine,2016-06-15,Maintenance
1238,MCH-001238,40,Atlas Machine 1238,Packaging Machine,2018-07-05,Operational
1239,MCH-001239,51,Atlas Machine 1239,Press Machine,2018-06-24,Operational
1240,MCH-001240,49,Atlas Machine 1240,Press Machine,2016-11-19,Maintenance
1241,MCH-001241,58,Atlas Machine 1241,Press Machine,2016-12-09,Operational
1242,MCH-001242,43,Atlas Machine 1242,CNC Machine,2016-03-30,Operational
1243,MCH-001243,35,Atlas Machine 1243,CNC Machine,2017-11-24,Operational
1244,MCH-001244,53,Atlas Machine 1244,Assembly Machine,2016-11-16,Operational
1245,MCH-001245,51,Atlas Machine 1245,Cutting Machine,2017-03-09,Operational
1246,MCH-001246,5,Atlas Machine 1246,Packaging Machine,2016-02-22,Operational
1247,MCH-001247,56,Atlas Machine 1247,Assembly Machine,2016-09-28,Operational
1248,MCH-001248,29,Atlas Machine 1248,Cutting Machine,2016-12-12,Operational
1249,MCH-001249,5,Atlas Machine 1249,Packaging Machine,2018-01-28,Operational
1250,MCH-001250,68,Atlas Machine 1250,CNC Machine,2016-02-24,Operational
1251,MCH-001251,23,Atlas Machine 1251,Packaging Machine,2018-07-13,Inactive
1252,MCH-001252,77,Atlas Machine 1252,Packaging Machine,2017-08-19,Operational
1253,MCH-001253,22,Atlas Machine 1253,Cutting Machine,2018-07-04,Operational
1254,MCH-001254,97,Atlas Machine 1254,Packaging Machine,2018-06-17,Operational
1255,MCH-001255,63,Atlas Machine 1255,Press Machine,2017-07-18,Operational
1256,MCH-001256,29,Atlas Machine 1256,Assembly Machine,2018-03-08,Operational
1257,MCH-001257,54,Atlas Machine 1257,Press Machine,2016-03-27,Operational
1258,MCH-001258,98,Atlas Machine 1258,CNC Machine,2017-05-16,Operational
1259,MCH-001259,75,Atlas Machine 1259,Cutting Machine,2018-08-17,Operational
1260,MCH-001260,38,Atlas Machine 1260,Press Machine,2017-06-19,Operational
1261,MCH-001261,73,Atlas Machine 1261,CNC Machine,2018-07-07,Operational
1262,MCH-001262,7,Atlas Machine 1262,Press Machine,2018-06-18,Operational
1263,MCH-001263,100,Atlas Machine 1263,Press Machine,2016-04-26,Maintenance
1264,MCH-001264,37,Atlas Machine 1264,Press Machine,2018-03-01,Operational
1265,MCH-001265,65,Atlas Machine 1265,Assembly Machine,2018-03-05,Operational
1266,MCH-001266,31,Atlas Machine 1266,Press Machine,2017-07-14,Inactive
1267,MCH-001267,94,Atlas Machine 1267,Packaging Machine,2018-05-20,Operational
1268,MCH-001268,69,Atlas Machine 1268,Assembly Machine,2017-06-16,Operational
1269,MCH-001269,44,Atlas Machine 1269,Press Machine,2018-07-18,Operational
1270,MCH-001270,29,Atlas Machine 1270,Press Machine,2017-06-10,Operational
1271,MCH-001271,11,Atlas Machine 1271,Cutting Machine,2018-10-05,Operational
1272,MCH-001272,1,Atlas Machine 1272,Cutting Machine,2016-09-12,Maintenance
1273,MCH-001273,88,Atlas Machine 1273,CNC Machine,2018-11-12,Operational
1274,MCH-001274,29,Atlas Machine 1274,Packaging Machine,2017-11-13,Operational
1275,MCH-001275,22,Atlas Machine 1275,Cutting Machine,2017-11-18,Operational
1276,MCH-001276,11,Atlas Machine 1276,Cutting Machine,2018-05-03,Operational
1277,MCH-001277,51,Atlas Machine 1277,Cutting Machine,2017-11-03,Operational
1278,MCH-001278,19,Atlas Machine 1278,CNC Machine,2016-11-08,Operational
1279,MCH-001279,65,Atlas Machine 1279,Assembly Machine,2016-11-07,Inactive
1280,MCH-001280,7,Atlas Machine 1280,Cutting Machine,2018-03-24,Operational
1281,MCH-001281,57,Atlas Machine 1281,Assembly Machine,2017-10-14,Inactive
1282,MCH-001282,73,Atlas Machine 1282,Cutting Machine,2017-08-07,Inactive
1283,MCH-001283,90,Atlas Machine 1283,Packaging Machine,2017-12-07,Operational
1284,MCH-001284,51,Atlas Machine 1284,Assembly Machine,2016-01-20,Operational
1285,MCH-001285,77,Atlas Machine 1285,Assembly Machine,2018-06-13,Operational
1286,MCH-001286,57,Atlas Machine 1286,Press Machine,2016-11-15,Operational
1287,MCH-001287,74,Atlas Machine 1287,Packaging Machine,2017-12-29,Operational
1288,MCH-001288,89,Atlas Machine 1288,CNC Machine,2018-08-11,Operational
1289,MCH-001289,58,Atlas Machine 1289,Cutting Machine,2018-05-27,Operational
1290,MCH-001290,48,Atlas Machine 1290,Packaging Machine,2016-06-16,Operational
1291,MCH-001291,53,Atlas Machine 1291,CNC Machine,2016-09-13,Operational
1292,MCH-001292,73,Atlas Machine 1292,Press Machine,2016-07-31,Operational
1293,MCH-001293,90,Atlas Machine 1293,Assembly Machine,2017-12-12,Maintenance
1294,MCH-001294,8,Atlas Machine 1294,Assembly Machine,2016-01-31,Operational
1295,MCH-001295,85,Atlas Machine 1295,CNC Machine,2016-10-19,Maintenance
1296,MCH-001296,40,Atlas Machine 1296,Packaging Machine,2017-05-07,Operational
1297,MCH-001297,62,Atlas Machine 1297,Cutting Machine,2016-12-09,Operational
1298,MCH-001298,80,Atlas Machine 1298,Packaging Machine,2018-05-24,Operational
1299,MCH-001299,33,Atlas Machine 1299,Cutting Machine,2017-02-28,Operational
1300,MCH-001300,4,Atlas Machine 1300,Packaging Machine,2016-07-11,Maintenance
1301,MCH-001301,6,Atlas Machine 1301,Press Machine,2016-12-13,Operational
1302,MCH-001302,54,Atlas Machine 1302,Assembly Machine,2016-08-01,Maintenance
1303,MCH-001303,43,Atlas Machine 1303,Assembly Machine,2016-07-11,Operational
1304,MCH-001304,72,Atlas Machine 1304,Packaging Machine,2018-10-10,Operational
1305,MCH-001305,6,Atlas Machine 1305,CNC Machine,2018-10-16,Operational
1306,MCH-001306,86,Atlas Machine 1306,CNC Machine,2018-06-25,Operational
1307,MCH-001307,68, Atlas Machine 1307 ,CNC Machine,2017-05-17,Operational
1308,MCH-001308,19,Atlas Machine 1308,CNC Machine,2017-12-19,Operational
1309,MCH-001309,88,Atlas Machine 1309,Press Machine,2018-08-22,Operational
1310,MCH-001310,37,Atlas Machine 1310,CNC Machine,2016-09-17,Operational
1311,MCH-001311,100, Atlas Machine 1311 ,Cutting Machine,2017-03-31,Maintenance
1312,MCH-001312,84,Atlas Machine 1312,Packaging Machine,2017-12-12,Operational
1313,MCH-001313,69,Atlas Machine 1313,CNC Machine,2017-02-12,Inactive
1314,MCH-001314,7,Atlas Machine 1314,Cutting Machine,2016-08-14,Operational
1315,MCH-001315,26,Atlas Machine 1315,Assembly Machine,2018-11-23,Operational
1316,MCH-001316,55,Atlas Machine 1316,Cutting Machine,2016-01-29,Operational
1317,MCH-001317,4,Atlas Machine 1317,CNC Machine,2018-12-12,Operational
1318,MCH-001318,37,Atlas Machine 1318,Assembly Machine,2018-04-24,Maintenance
1319,MCH-001319,69,Atlas Machine 1319,Packaging Machine,2016-06-24,Operational
1320,MCH-001320,48,Atlas Machine 1320,Packaging Machine,2018-02-02,Operational
1321,MCH-001321,19,Atlas Machine 1321,Cutting Machine,2016-02-19,Operational
1322,MCH-001322,57,Atlas Machine 1322,Packaging Machine,2018-02-14,Operational
1323,MCH-001323,37,Atlas Machine 1323,Packaging Machine,2018-02-23,Operational
1324,MCH-001324,44,Atlas Machine 1324,Press Machine,2017-10-01,Operational
1325,MCH-001325,3,Atlas Machine 1325,Assembly Machine,2016-10-20,Operational
1326,MCH-001326,43,Atlas Machine 1326,Packaging Machine,2017-02-19,Operational
1327,MCH-001327,65,Atlas Machine 1327,Assembly Machine,2018-03-23,Operational
1328,MCH-001328,18,Atlas Machine 1328,Packaging Machine,2018-02-03,Operational
1329,MCH-001329,1,Atlas Machine 1329,Packaging Machine,2017-07-08,Operational
1330,MCH-001330,85,Atlas Machine 1330,CNC Machine,2017-05-09,Operational
1331,MCH-001331,48,Atlas Machine 1331,Assembly Machine,2017-04-18,Operational
1332,MCH-001332,34,Atlas Machine 1332,Press Machine,2016-10-16,Operational
1333,MCH-001333,100,Atlas Machine 1333,Packaging Machine,2017-03-07,Operational
1334,MCH-001334,37,Atlas Machine 1334,Cutting Machine,2018-09-09,Operational
1335,MCH-001335,62,Atlas Machine 1335,Press Machine,2018-03-10,Operational
1336,MCH-001336,38, Atlas Machine 1336 ,CNC Machine,2018-04-30,Operational
1337,MCH-001337,48,Atlas Machine 1337,Cutting Machine,2018-06-08,Operational
1338,MCH-001338,26,Atlas Machine 1338,CNC Machine,2016-03-10,Operational
1339,MCH-001339,8,Atlas Machine 1339,Cutting Machine,2017-10-03,Operational
1340,MCH-001340,95,Atlas Machine 1340,Press Machine,2018-09-03,Operational
1341,MCH-001341,34,Atlas Machine 1341,Press Machine,2017-03-28,Operational
1342,MCH-001342,1,Atlas Machine 1342,Assembly Machine,2017-05-16,Maintenance
1343,MCH-001343,1,Atlas Machine 1343,Press Machine,2017-03-09,Maintenance
1344,MCH-001344,9,Atlas Machine 1344,Press Machine,2018-06-27,Maintenance
1345,MCH-001345,41,Atlas Machine 1345,Assembly Machine,2016-11-09,Operational
1346,MCH-001346,60,Atlas Machine 1346,CNC Machine,2017-06-28,Operational
1347,MCH-001347,23,Atlas Machine 1347,Packaging Machine,2017-04-09,Operational
1348,MCH-001348,72,Atlas Machine 1348,CNC Machine,2016-12-19,Operational
1349,MCH-001349,43,Atlas Machine 1349,Cutting Machine,2018-01-12,Operational
1350,MCH-001350,35,Atlas Machine 1350,CNC Machine,2016-03-06,Operational
1351,MCH-001351,6,Atlas Machine 1351,Cutting Machine,2017-03-12,Maintenance
1352,MCH-001352,44,Atlas Machine 1352,Packaging Machine,2016-07-25,Operational
1353,MCH-001353,60,Atlas Machine 1353,Packaging Machine,2016-12-08,Operational
1354,MCH-001354,72,Atlas Machine 1354,Assembly Machine,2018-08-17,Operational
1355,MCH-001355,22,Atlas Machine 1355,Assembly Machine,2018-05-06,Operational
1356,MCH-001356,88,Atlas Machine 1356,CNC Machine,2017-08-25,Operational
1357,MCH-001357,97,Atlas Machine 1357,Cutting Machine,2018-06-18,Operational
1358,MCH-001358,31,Atlas Machine 1358,Packaging Machine,2017-02-13,Inactive
1359,MCH-001359,19,Atlas Machine 1359,Packaging Machine,2017-04-30,Operational
1360,MCH-001360,6,Atlas Machine 1360,Press Machine,2018-07-30,Operational
1361,MCH-001361,99,Atlas Machine 1361,CNC Machine,2018-08-29,Operational
1362,MCH-001362,73,Atlas Machine 1362,Packaging Machine,2017-12-22,Operational
1363,MCH-001363,51,Atlas Machine 1363,Packaging Machine,2016-11-22,Operational
1364,MCH-001364,41,Atlas Machine 1364,Press Machine,2017-01-15,Inactive
1365,MCH-001365,20,Atlas Machine 1365,CNC Machine,2016-03-17,Operational
1366,MCH-001366,56,Atlas Machine 1366,CNC Machine,2018-09-13,Operational
1367,MCH-001367,84,Atlas Machine 1367,Packaging Machine,2017-10-10,Operational
1368,MCH-001368,98,Atlas Machine 1368,Assembly Machine,2017-08-18,Maintenance
1369,MCH-001369,74,Atlas Machine 1369,Press Machine,2017-09-26,Operational
1370,MCH-001370,79,Atlas Machine 1370,Cutting Machine,2017-05-08,Operational
1371,MCH-001371,2,Atlas Machine 1371,CNC Machine,2016-05-18,Operational
1372,MCH-001372,81,Atlas Machine 1372,Cutting Machine,2017-09-08,Operational
1373,MCH-001373,76,Atlas Machine 1373,Press Machine,2017-06-17,Operational
1374,MCH-001374,18,Atlas Machine 1374,Cutting Machine,2018-02-17,Operational
1375,MCH-001375,97,Atlas Machine 1375,Cutting Machine,2016-10-28,Operational
1376,MCH-001376,67,Atlas Machine 1376,Cutting Machine,2018-07-06,Maintenance
1377,MCH-001377,76,Atlas Machine 1377,CNC Machine,2017-11-24,Operational
1378,MCH-001378,95,Atlas Machine 1378,Press Machine,2018-01-26,Operational
1379,MCH-001379,1,Atlas Machine 1379,Cutting Machine,2017-11-27,Operational
1380,MCH-001380,29,Atlas Machine 1380,CNC Machine,2018-11-19,Operational
1381,MCH-001381,1,Atlas Machine 1381,Press Machine,2017-11-12,Operational
1382,MCH-001382,1,Atlas Machine 1382,Press Machine,2017-08-23,Operational
1383,MCH-001383,65,Atlas Machine 1383,Assembly Machine,2016-05-22,Operational
1384,MCH-001384,62,Atlas Machine 1384,Cutting Machine,2017-06-26,Operational
1385,MCH-001385,15,Atlas Machine 1385,Packaging Machine,2016-09-10,Operational
1386,MCH-001386,15,Atlas Machine 1386,Press Machine,2016-09-11,Operational
1387,MCH-001387,62,Atlas Machine 1387,Assembly Machine,2017-07-21,Maintenance
1388,MCH-001388,55,Atlas Machine 1388,Packaging Machine,2018-09-25,Maintenance
1389,MCH-001389,79,Atlas Machine 1389,Assembly Machine,2016-12-17,Operational
1390,MCH-001390,84,Atlas Machine 1390,Assembly Machine,2018-05-25,Operational
1391,MCH-001391,71,Atlas Machine 1391,Assembly Machine,2017-07-28,Operational
1392,MCH-001392,92,Atlas Machine 1392,CNC Machine,2016-09-12,Operational
1393,MCH-001393,34,Atlas Machine 1393,CNC Machine,2016-08-16,Operational
1394,MCH-001394,4,Atlas Machine 1394,Assembly Machine,2017-12-01,Maintenance
1395,MCH-001395,32,Atlas Machine 1395,Press Machine,2017-03-25,Operational
1396,MCH-001396,57,Atlas Machine 1396,Cutting Machine,2018-06-16,Inactive
1397,MCH-001397,55,Atlas Machine 1397,Assembly Machine,2018-05-21,Maintenance
1398,MCH-001398,71,Atlas Machine 1398,Press Machine,2017-09-08,Operational
1399,MCH-001399,22,Atlas Machine 1399,Press Machine,2017-11-07,Operational
1400,MCH-001400,15,Atlas Machine 1400,Packaging Machine,2017-02-23,Operational
1401,MCH-001401,41,Atlas Machine 1401,Cutting Machine,2018-05-05,Operational
1402,MCH-001402,4, Atlas Machine 1402 ,CNC Machine,2016-09-25,Operational
1403,MCH-001403,94,Atlas Machine 1403,Press Machine,2018-05-06,Operational
1404,MCH-001404,15,Atlas Machine 1404,Assembly Machine,2016-08-23,Operational
1405,MCH-001405,98,Atlas Machine 1405,Packaging Machine,2016-04-21,Inactive
1406,MCH-001406,89,Atlas Machine 1406,Cutting Machine,2017-07-31,Operational
1407,MCH-001407,72,Atlas Machine 1407,Press Machine,2016-09-27,Operational
1408,MCH-001408,62,Atlas Machine 1408,Cutting Machine,2016-02-07,Maintenance
1409,MCH-001409,75,Atlas Machine 1409,Packaging Machine,2017-11-06,Unknown
1410,MCH-001410,34,Atlas Machine 1410,CNC Machine,2016-01-11,Operational
1411,MCH-001411,6,Atlas Machine 1411,Assembly Machine,2017-11-17,Operational
1412,MCH-001412,2,Atlas Machine 1412,Press Machine,2018-11-03,Operational
1413,MCH-001413,5,Atlas Machine 1413,Cutting Machine,2017-05-19,Operational
1414,MCH-001414,40,Atlas Machine 1414,Cutting Machine,2018-10-03,Operational
1415,MCH-001415,8,Atlas Machine 1415,Packaging Machine,2018-12-11,Operational
1416,MCH-001416,5,Atlas Machine 1416,Press Machine,2017-03-27,Operational
1417,MCH-001417,65,Atlas Machine 1417,Cutting Machine,2018-02-26,Inactive
1418,MCH-001418,67,Atlas Machine 1418,CNC Machine,2017-10-21,Operational
1419,MCH-001419,5,Atlas Machine 1419,CNC Machine,2016-04-10,Operational
1420,MCH-001420,26,Atlas Machine 1420,Packaging Machine,2018-09-10,Operational
1421,MCH-001421,20,Atlas Machine 1421,CNC Machine,2018-03-30,Unknown
1422,MCH-001422,90,Atlas Machine 1422,CNC Machine,2017-02-18,Operational
1423,MCH-001423,8,Atlas Machine 1423,CNC Machine,2016-12-11,Operational
1424,MCH-001424,90,Atlas Machine 1424,Press Machine,2018-12-03,Inactive
1425,MCH-001425,72,Atlas Machine 1425,Cutting Machine,2016-06-26,Operational
1426,MCH-001426,83,Atlas Machine 1426,Packaging Machine,2018-08-22,Inactive
1427,MCH-001427,23,Atlas Machine 1427,Packaging Machine,2016-07-29,Operational
1428,MCH-001428,98,Atlas Machine 1428,Press Machine,2018-07-10,Operational
1429,MCH-001429,35,Atlas Machine 1429,CNC Machine,2018-07-28,Operational
1430,MCH-001430,53,Atlas Machine 1430,Press Machine,2018-01-11,Operational
1431,MCH-001431,90,Atlas Machine 1431,Press Machine,2017-09-11,Operational
1432,MCH-001432,20,Atlas Machine 1432,Packaging Machine,2018-12-03,Maintenance
1433,MCH-001433,100,Atlas Machine 1433,Packaging Machine,2017-04-05,Operational
1434,MCH-001434,95,Atlas Machine 1434,Assembly Machine,2017-08-29,Operational
1435,MCH-001435,51,Atlas Machine 1435,Cutting Machine,2017-08-09,Operational
1436,MCH-001436,8,Atlas Machine 1436,Assembly Machine,2017-03-02,Operational
1437,MCH-001437,55,Atlas Machine 1437,Press Machine,2018-11-19,Operational
1438,MCH-001438,73,Atlas Machine 1438,CNC Machine,2018-02-26,Operational
1439,MCH-001439,31,Atlas Machine 1439,Cutting Machine,2017-07-26,Maintenance
1440,MCH-001440,91,Atlas Machine 1440,Cutting Machine,2017-03-29,Operational
1441,MCH-001441,9,Atlas Machine 1441,Cutting Machine,2016-05-09,Operational
1442,MCH-001442,44,Atlas Machine 1442,Cutting Machine,2016-01-16,Operational
1443,MCH-001443,71,Atlas Machine 1443,CNC Machine,2017-03-11,Operational
1444,MCH-001444,51,Atlas Machine 1444,Cutting Machine,2016-09-10,Operational
1445,MCH-001445,62,Atlas Machine 1445,Cutting Machine,2016-05-19,Operational
1446,MCH-001446,95,Atlas Machine 1446,CNC Machine,2016-08-19,Operational
1447,MCH-001447,29,Atlas Machine 1447,Press Machine,2016-11-28,Operational
1448,MCH-001448,68,Atlas Machine 1448,Packaging Machine,2018-08-30,Operational
1449,MCH-001449,40,Atlas Machine 1449,CNC Machine,2018-09-24,Maintenance
1450,MCH-001450,37,Atlas Machine 1450,Press Machine,2017-08-25,Operational
1451,MCH-001451,4,Atlas Machine 1451,Packaging Machine,2017-03-10,Operational
1452,MCH-001452,33,Atlas Machine 1452,Packaging Machine,2016-09-17,Operational
1453,MCH-001453,83,Atlas Machine 1453,Assembly Machine,2018-08-29,Operational
1454,MCH-001454,93,Atlas Machine 1454,Cutting Machine,2017-08-02,Maintenance
1455,MCH-001455,1,Atlas Machine 1455,Assembly Machine,2017-07-15,Operational
1456,MCH-001456,9,Atlas Machine 1456,Cutting Machine,2018-09-13,Inactive
1457,MCH-001457,15,Atlas Machine 1457,Cutting Machine,2016-05-31,Operational
1458,MCH-001458,94,Atlas Machine 1458,Cutting Machine,2017-12-11,Operational
1459,MCH-001459,85,Atlas Machine 1459,Assembly Machine,2016-03-13,Operational
1460,MCH-001460,43,Atlas Machine 1460,Press Machine,2017-02-28,Operational
1461,MCH-001461,7,Atlas Machine 1461,Assembly Machine,2017-02-01,Operational
1462,MCH-001462,89,Atlas Machine 1462,Cutting Machine,2018-09-26,Operational
1463,MCH-001463,90,Atlas Machine 1463,Packaging Machine,2017-08-11,Operational
1464,MCH-001464,7,Atlas Machine 1464,Packaging Machine,2017-04-25,Operational
1465,MCH-001465,37,Atlas Machine 1465,Cutting Machine,2017-07-10,Operational
1466,MCH-001466,58,Atlas Machine 1466,CNC Machine,2018-10-03,Operational
1467,MCH-001467,92,Atlas Machine 1467,Packaging Machine,2017-09-23,Unknown
1468,MCH-001468,63,Atlas Machine 1468,CNC Machine,2018-11-21,Operational
1469,MCH-001469,29,Atlas Machine 1469,Press Machine,2017-12-18,Operational
1470,MCH-001470,73,Atlas Machine 1470,CNC Machine,2016-06-17,Operational
1471,MCH-001471,48,Atlas Machine 1471,Packaging Machine,2018-07-14,Operational
1472,MCH-001472,48,Atlas Machine 1472,CNC Machine,2016-09-28,Inactive
1473,MCH-001473,86,Atlas Machine 1473,Assembly Machine,2017-09-05,Operational
1474,MCH-001474,85,Atlas Machine 1474,Press Machine,2017-02-16,Operational
1475,MCH-001475,34,Atlas Machine 1475,Cutting Machine,2018-04-14,Operational
1476,MCH-001476,56,Atlas Machine 1476,Packaging Machine,2018-07-31,Operational
1477,MCH-001477,92,Atlas Machine 1477,Cutting Machine,2016-08-02,Operational
1478,MCH-001478,80,Atlas Machine 1478,Cutting Machine,2017-09-21,Operational
1479,MCH-001479,32,Atlas Machine 1479,Assembly Machine,2018-08-12,Operational
1480,MCH-001480,67, Atlas Machine 1480 ,Cutting Machine,2016-07-15,Maintenance
1481,MCH-001481,41,Atlas Machine 1481,Cutting Machine,2016-04-04,Maintenance
1482,MCH-001482,85,Atlas Machine 1482,CNC Machine,2016-10-25,Maintenance
1483,MCH-001483,3,Atlas Machine 1483,Cutting Machine,2017-02-17,Operational
1484,MCH-001484,23,Atlas Machine 1484,Cutting Machine,2018-12-29,Inactive
1485,MCH-001485,86,Atlas Machine 1485,Packaging Machine,2018-02-22,Operational
1486,MCH-001486,77,Atlas Machine 1486,Packaging Machine,2018-05-25,Operational
1487,MCH-001487,88,Atlas Machine 1487,Assembly Machine,2018-04-10,Operational
1488,MCH-001488,69,Atlas Machine 1488,Cutting Machine,2018-02-05,Operational
1489,MCH-001489,34,Atlas Machine 1489,CNC Machine,2017-04-10,Operational
1490,MCH-001490,58,Atlas Machine 1490,Packaging Machine,2016-02-17,Operational
1491,MCH-001491,77,Atlas Machine 1491,Cutting Machine,2016-12-12,Operational
1492,MCH-001492,98,Atlas Machine 1492,CNC Machine,2018-10-30,Operational
1493,MCH-001493,83,Atlas Machine 1493,Press Machine,2018-11-09,Inactive
1494,MCH-001494,74,Atlas Machine 1494,Press Machine,2016-10-17,Operational
1495,MCH-001495,40,Atlas Machine 1495,Press Machine,2017-04-11,Operational
1496,MCH-001496,76,Atlas Machine 1496,Packaging Machine,2018-10-04,Maintenance
1497,MCH-001497,69,Atlas Machine 1497,Assembly Machine,2016-04-21,Operational
1498,MCH-001498,44,Atlas Machine 1498,CNC Machine,2016-10-30,Operational
1499,MCH-001499,68,Atlas Machine 1499,Cutting Machine,2017-07-28,Operational
1500,MCH-001500,68,Atlas Machine 1500,Press Machine,2018-06-01,Operational
1501,MCH-001501,35,Atlas Machine 1501,CNC Machine,2017-02-15,Inactive
1502,MCH-001502,49,Atlas Machine 1502,CNC Machine,2017-04-10,Inactive
1503,MCH-001503,29,Atlas Machine 1503,Assembly Machine,2018-12-31,Maintenance
1504,MCH-001504,74,Atlas Machine 1504,CNC Machine,2016-10-18,Operational
1505,MCH-001505,22,Atlas Machine 1505,Packaging Machine,2018-10-24,Operational
1506,MCH-001506,63,Atlas Machine 1506,Packaging Machine,2018-03-10,Operational
1507,MCH-001507,34,Atlas Machine 1507,Packaging Machine,2018-08-15,Operational
1508,MCH-001508,91,Atlas Machine 1508,Assembly Machine,2017-08-08,Inactive
1509,MCH-001509,68,Atlas Machine 1509,Press Machine,2017-08-19,Operational
1510,MCH-001510,34,Atlas Machine 1510,CNC Machine,2016-12-19,Operational
1511,MCH-001511,83,Atlas Machine 1511,Press Machine,2017-04-07,Operational
1512,MCH-001512,22,Atlas Machine 1512,CNC Machine,2018-03-22,Operational
1513,MCH-001513,26,Atlas Machine 1513,Packaging Machine,2017-11-29,Maintenance
1514,MCH-001514,88,Atlas Machine 1514,Press Machine,2016-03-25,Operational
1515,MCH-001515,93,Atlas Machine 1515,Assembly Machine,2016-03-31,Maintenance
1516,MCH-001516,65,Atlas Machine 1516,Cutting Machine,2018-10-27,Operational
1517,MCH-001517,20,Atlas Machine 1517,CNC Machine,2018-12-26,Operational
1518,MCH-001518,80,Atlas Machine 1518,Packaging Machine,2018-07-02,Operational
1519,MCH-001519,7,Atlas Machine 1519,Packaging Machine,2017-03-24,Operational
1520,MCH-001520,57,Atlas Machine 1520,Cutting Machine,2016-03-07,Operational
1521,MCH-001521,20,Atlas Machine 1521,Assembly Machine,2017-04-09,Operational
1522,MCH-001522,90,Atlas Machine 1522,Cutting Machine,2017-05-05,Operational
1523,MCH-001523,1,Atlas Machine 1523,Assembly Machine,2016-01-22,Operational
1524,MCH-001524,48,Atlas Machine 1524,Assembly Machine,2016-03-15,Operational
1525,MCH-001525,49,Atlas Machine 1525,CNC Machine,2016-06-19,Operational
1526,MCH-001526,77,Atlas Machine 1526,Packaging Machine,2016-12-06,Operational
1527,MCH-001527,31,Atlas Machine 1527,Cutting Machine,2018-10-17,Maintenance
1528,MCH-001528,80,Atlas Machine 1528,Assembly Machine,2017-06-12,Operational
1529,MCH-001529,85,Atlas Machine 1529,CNC Machine,2017-11-29,Operational
1530,MCH-001530,93,Atlas Machine 1530,Assembly Machine,2018-12-04,Maintenance
1531,MCH-001531,22,Atlas Machine 1531,Cutting Machine,2016-11-06,Operational
1532,MCH-001532,99,Atlas Machine 1532,CNC Machine,2017-12-17,Operational
1533,MCH-001533,88,Atlas Machine 1533,Assembly Machine,2018-03-18,Operational
1534,MCH-001534,75,Atlas Machine 1534,CNC Machine,2017-07-08,Operational
1535,MCH-001535,80,Atlas Machine 1535,Press Machine,2018-06-12,Maintenance
1536,MCH-001536,93,Atlas Machine 1536,CNC Machine,2017-09-07,Operational
1537,MCH-001537,98,Atlas Machine 1537,Cutting Machine,2018-11-28,Operational
1538,MCH-001538,18,Atlas Machine 1538,Cutting Machine,2017-08-23,Operational
1539,MCH-001539,44,Atlas Machine 1539,Cutting Machine,2018-12-04,Operational
1540,MCH-001540,93,Atlas Machine 1540,Packaging Machine,2017-02-28,Operational
1541,MCH-001541,57,Atlas Machine 1541,Assembly Machine,2018-01-08,Operational
1542,MCH-001542,81,Atlas Machine 1542,CNC Machine,2016-03-20,Maintenance
1543,MCH-001543,57,Atlas Machine 1543,CNC Machine,2016-10-12,Maintenance
1544,MCH-001544,3,Atlas Machine 1544,Packaging Machine,2018-07-11,Operational
1545,MCH-001545,37,Atlas Machine 1545,Packaging Machine,2018-12-29,Operational
1546,MCH-001546,29,Atlas Machine 1546,Packaging Machine,2017-07-14,Operational
1547,MCH-001547,4,Atlas Machine 1547,Assembly Machine,2017-05-08,Operational
1548,MCH-001548,98,Atlas Machine 1548,Cutting Machine,2017-06-24,Operational
1549,MCH-001549,20,Atlas Machine 1549,Cutting Machine,2017-11-08,Operational
1550,MCH-001550,86,Atlas Machine 1550,Cutting Machine,2018-02-03,Operational
1551,MCH-001551,26,Atlas Machine 1551,Assembly Machine,2018-05-06,Operational
1552,MCH-001552,55,Atlas Machine 1552,CNC Machine,2018-01-20,Inactive
1553,MCH-001553,55,Atlas Machine 1553,Press Machine,2016-12-10,Operational
1554,MCH-001554,20,Atlas Machine 1554,Press Machine,2016-10-30,Operational
1555,MCH-001555,81,Atlas Machine 1555,Press Machine,2017-01-13,Operational
1556,MCH-001556,26,Atlas Machine 1556,Press Machine,2018-10-09,Operational
1557,MCH-001557,76,Atlas Machine 1557,CNC Machine,2017-01-29,Operational
1558,MCH-001558,74,Atlas Machine 1558,Press Machine,2018-11-05,Unknown
1559,MCH-001559,38,Atlas Machine 1559,CNC Machine,2017-10-21,Operational
1560,MCH-001560,33,Atlas Machine 1560,Assembly Machine,2018-01-23,Operational
1561,MCH-001561,73,Atlas Machine 1561,Assembly Machine,2016-02-13,Maintenance
1562,MCH-001562,85,Atlas Machine 1562,CNC Machine,2017-01-31,Operational
1563,MCH-001563,5,Atlas Machine 1563,Packaging Machine,2016-12-15,Operational
1564,MCH-001564,90,Atlas Machine 1564,Cutting Machine,2018-08-03,Operational
1565,MCH-001565,3,Atlas Machine 1565,Packaging Machine,2016-10-17,Operational
1566,MCH-001566,65,Atlas Machine 1566,Press Machine,2018-08-10,Operational
1567,MCH-001567,67,Atlas Machine 1567,Cutting Machine,2018-10-08,Maintenance
1568,MCH-001568,71,Atlas Machine 1568,Press Machine,2016-04-05,Operational
1569,MCH-001569,92,Atlas Machine 1569,Cutting Machine,2017-07-29,Maintenance
1570,MCH-001570,81,Atlas Machine 1570,Press Machine,2016-02-19,Operational
1571,MCH-001571,57,Atlas Machine 1571,Assembly Machine,2018-12-21,Operational
1572,MCH-001572,81,Atlas Machine 1572,Packaging Machine,2018-05-21,Operational
1573,MCH-001573,56,Atlas Machine 1573,Press Machine,2016-08-17,Inactive
1574,MCH-001574,48,Atlas Machine 1574,CNC Machine,2018-01-14,Operational
1575,MCH-001575,88,Atlas Machine 1575,Packaging Machine,2016-05-07,Operational
1576,MCH-001576,53,Atlas Machine 1576,CNC Machine,2017-07-09,Operational
1577,MCH-001577,67,Atlas Machine 1577,Packaging Machine,2016-04-28,Operational
1578,MCH-001578,85,Atlas Machine 1578,Cutting Machine,2016-02-02,Operational
1579,MCH-001579,93,Atlas Machine 1579,Cutting Machine,2017-07-09,Operational
1580,MCH-001580,41,Atlas Machine 1580,Cutting Machine,2018-01-17,Operational
1581,MCH-001581,5,Atlas Machine 1581,CNC Machine,2017-12-06,Maintenance
1582,MCH-001582,32,Atlas Machine 1582,Packaging Machine,2017-04-22,Inactive
1583,MCH-001583,29,Atlas Machine 1583,Assembly Machine,2018-01-25,Operational
1584,MCH-001584,72,Atlas Machine 1584,Press Machine,2016-05-21,Operational
1585,MCH-001585,22,Atlas Machine 1585,CNC Machine,2017-01-13,Operational
1586,MCH-001586,38,Atlas Machine 1586,Press Machine,2016-01-09,Operational
1587,MCH-001587,44,Atlas Machine 1587,Assembly Machine,2016-12-20,Operational
1588,MCH-001588,86,Atlas Machine 1588,Assembly Machine,2017-03-08,Operational
1589,MCH-001589,99,Atlas Machine 1589,Cutting Machine,2018-08-24,Operational
1590,MCH-001590,8,Atlas Machine 1590,Cutting Machine,2017-09-02,Operational
1591,MCH-001591,55,Atlas Machine 1591,Cutting Machine,2016-12-17,Operational
1592,MCH-001592,22,Atlas Machine 1592,Press Machine,2016-05-30,Operational
1593,MCH-001593,100,Atlas Machine 1593,CNC Machine,2017-12-03,Operational
1594,MCH-001594,22,Atlas Machine 1594,Packaging Machine,2016-05-06,Operational
1595,MCH-001595,44,Atlas Machine 1595,Packaging Machine,2016-05-27,Operational
1596,MCH-001596,80,Atlas Machine 1596,Press Machine,2018-11-03,Operational
1597,MCH-001597,81,Atlas Machine 1597,Cutting Machine,2016-11-29,Operational
1598,MCH-001598,51,Atlas Machine 1598,Press Machine,2018-01-09,Operational
1599,MCH-001599,54,Atlas Machine 1599,Packaging Machine,2016-02-02,Maintenance
1600,MCH-001600,63,Atlas Machine 1600,Cutting Machine,2017-10-07,Operational
1601,MCH-001601,65,Atlas Machine 1601,CNC Machine,2017-09-09,Operational
1602,MCH-001602,67,Atlas Machine 1602,Assembly Machine,2017-03-26,Operational
1603,MCH-001603,76,Atlas Machine 1603,Cutting Machine,2016-06-15,Inactive
1604,MCH-001604,62,Atlas Machine 1604,Cutting Machine,2018-12-16,Unknown
1605,MCH-001605,68,Atlas Machine 1605,Packaging Machine,2017-03-28,Operational
1606,MCH-001606,89,Atlas Machine 1606,Assembly Machine,2017-06-21,Operational
1607,MCH-001607,18,Atlas Machine 1607,Cutting Machine,2018-04-24,Operational
1608,MCH-001608,95,Atlas Machine 1608,CNC Machine,2018-05-05,Operational
1609,MCH-001609,93,Atlas Machine 1609,Press Machine,2018-11-07,Operational
1610,MCH-001610,98,Atlas Machine 1610,Cutting Machine,2016-02-06,Operational
1611,MCH-001611,20,Atlas Machine 1611,Assembly Machine,2018-03-10,Operational
1612,MCH-001612,48,Atlas Machine 1612,Press Machine,2016-08-20,Operational
1613,MCH-001613,75,Atlas Machine 1613,Cutting Machine,2016-12-10,Maintenance
1614,MCH-001614,74,Atlas Machine 1614,Press Machine,2018-08-29,Operational
1615,MCH-001615,89,Atlas Machine 1615,CNC Machine,2016-05-05,Operational
1616,MCH-001616,20,Atlas Machine 1616,Assembly Machine,2017-03-30,Maintenance
1617,MCH-001617,77,Atlas Machine 1617,Packaging Machine,2018-04-14,Operational
1618,MCH-001618,71,Atlas Machine 1618,Cutting Machine,2018-11-13,Operational
1619,MCH-001619,62,Atlas Machine 1619,Press Machine,2017-09-09,Operational
1620,MCH-001620,58,Atlas Machine 1620,Packaging Machine,2017-11-23,Operational
1621,MCH-001621,58,Atlas Machine 1621,CNC Machine,2017-02-03,Operational
1622,MCH-001622,71,Atlas Machine 1622,Press Machine,2016-10-01,Operational
1623,MCH-001623,44,Atlas Machine 1623,Assembly Machine,2016-01-28,Operational
1624,MCH-001624,8,Atlas Machine 1624,CNC Machine,2017-09-04,Operational
1625,MCH-001625,2,Atlas Machine 1625,CNC Machine,2017-08-02,Operational
1626,MCH-001626,89,Atlas Machine 1626,Assembly Machine,2016-12-22,Operational
1627,MCH-001627,38,Atlas Machine 1627,Cutting Machine,2017-02-21,Operational
1628,MCH-001628,7,Atlas Machine 1628,Cutting Machine,2017-09-25,Operational
1629,MCH-001629,60,Atlas Machine 1629,Press Machine,2016-07-07,Operational
1630,MCH-001630,19,Atlas Machine 1630,Packaging Machine,2016-04-10,Operational
1631,MCH-001631,93,Atlas Machine 1631,Cutting Machine,2017-03-31,Operational
1632,MCH-001632,89,Atlas Machine 1632,Assembly Machine,2017-11-01,Unknown
1633,MCH-001633,6,Atlas Machine 1633,Assembly Machine,2016-02-26,Operational
1634,MCH-001634,41,Atlas Machine 1634,Press Machine,2016-05-13,Operational
1635,MCH-001635,75,Atlas Machine 1635,CNC Machine,2016-06-04,Operational
1636,MCH-001636,98,Atlas Machine 1636,CNC Machine,2018-04-03,Operational
1637,MCH-001637,18,Atlas Machine 1637,Assembly Machine,2016-09-16,Operational
1638,MCH-001638,86,Atlas Machine 1638,Cutting Machine,2018-11-17,Operational
1639,MCH-001639,5,Atlas Machine 1639,Press Machine,2016-10-06,Operational
1640,MCH-001640,40,Atlas Machine 1640,Press Machine,2017-07-02,Maintenance
1641,MCH-001641,76,Atlas Machine 1641,Assembly Machine,2016-02-19,Operational
1642,MCH-001642,63,Atlas Machine 1642,CNC Machine,2017-04-30,Operational
1643,MCH-001643,18,Atlas Machine 1643,Assembly Machine,2017-05-31,Maintenance
1644,MCH-001644,81,Atlas Machine 1644,Assembly Machine,2018-08-17,Operational
1645,MCH-001645,54,Atlas Machine 1645,Assembly Machine,2018-06-17,Operational
1646,MCH-001646,90,Atlas Machine 1646,Press Machine,2017-05-25,Operational
1647,MCH-001647,84,Atlas Machine 1647,Assembly Machine,2016-03-22,Inactive
1648,MCH-001648,97,Atlas Machine 1648,Assembly Machine,2016-07-07,Operational
1649,MCH-001649,32,Atlas Machine 1649,Cutting Machine,2016-01-24,Inactive
1650,MCH-001650,2,Atlas Machine 1650,Packaging Machine,2018-12-28,Operational
1651,MCH-001651,29,Atlas Machine 1651,CNC Machine,2016-11-02,Operational
1652,MCH-001652,31,Atlas Machine 1652,CNC Machine,2018-05-03,Operational
1653,MCH-001653,71,Atlas Machine 1653,Assembly Machine,2018-05-17,Inactive
1654,MCH-001654,62,Atlas Machine 1654,CNC Machine,2018-05-22,Operational
1655,MCH-001655,19,Atlas Machine 1655,Packaging Machine,2016-10-27,Operational
1656,MCH-001656,8,Atlas Machine 1656,Cutting Machine,2017-03-08,Operational
1657,MCH-001657,79,Atlas Machine 1657,Press Machine,2017-08-07,Operational
1658,MCH-001658,26,Atlas Machine 1658,CNC Machine,2016-05-15,Operational
1659,MCH-001659,98,Atlas Machine 1659,CNC Machine,2016-02-27,Operational
1660,MCH-001660,95,Atlas Machine 1660,CNC Machine,2017-11-21,Operational
1661,MCH-001661,19,Atlas Machine 1661,Press Machine,2016-09-01,Inactive
1662,MCH-001662,77,Atlas Machine 1662,Assembly Machine,2016-11-26,Operational
1663,MCH-001663,81,Atlas Machine 1663,Assembly Machine,2017-04-24,Operational
1664,MCH-001664,15,Atlas Machine 1664,Packaging Machine,2018-02-17,Operational
1665,MCH-001665,33,Atlas Machine 1665,Packaging Machine,2017-07-29,Operational
1666,MCH-001666,60,Atlas Machine 1666,CNC Machine,2018-11-16,Operational
1667,MCH-001667,55,Atlas Machine 1667,Cutting Machine,2017-09-09,Operational
1668,MCH-001668,7,Atlas Machine 1668,Press Machine,2017-05-21,Inactive
1669,MCH-001669,18,Atlas Machine 1669,Packaging Machine,2017-09-22,Operational
1670,MCH-001670,100, Atlas Machine 1670 ,Cutting Machine,2018-09-20,Operational
1671,MCH-001671,91,Atlas Machine 1671,Cutting Machine,2017-04-22,Operational
1672,MCH-001672,88,Atlas Machine 1672,CNC Machine,2016-10-24,Operational
1673,MCH-001673,2,Atlas Machine 1673,Cutting Machine,2018-11-28,Inactive
1674,MCH-001674,65,Atlas Machine 1674,Press Machine,2017-03-12,Operational
1675,MCH-001675,58,Atlas Machine 1675,Packaging Machine,2018-10-20,Maintenance
1676,MCH-001676,100,Atlas Machine 1676,CNC Machine,2017-06-29,Operational
1677,MCH-001677,83,Atlas Machine 1677,Press Machine,2018-10-31,Inactive
1678,MCH-001678,22, Atlas Machine 1678 ,Assembly Machine,2018-02-25,Operational
1679,MCH-001679,99,Atlas Machine 1679,Cutting Machine,2017-08-20,Inactive
1680,MCH-001680,89,Atlas Machine 1680,CNC Machine,2016-09-19,Operational
1681,MCH-001681,56,Atlas Machine 1681,CNC Machine,2017-04-02,Operational
1682,MCH-001682,95,Atlas Machine 1682,Assembly Machine,2018-06-18,Operational
1683,MCH-001683,1,Atlas Machine 1683,Packaging Machine,2018-11-22,Operational
1684,MCH-001684,73,Atlas Machine 1684,Press Machine,2018-02-05,Operational
1685,MCH-001685,29,Atlas Machine 1685,Press Machine,2018-03-29,Operational
1686,MCH-001686,90,Atlas Machine 1686,Press Machine,2018-02-16,Operational
1687,MCH-001687,15,Atlas Machine 1687,CNC Machine,2018-03-17,Operational
1688,MCH-001688,4,Atlas Machine 1688,Cutting Machine,2017-06-07,Operational
1689,MCH-001689,5,Atlas Machine 1689,Cutting Machine,2018-09-20,Inactive
1690,MCH-001690,91,Atlas Machine 1690,Press Machine,2016-01-05,Operational
1691,MCH-001691,69,Atlas Machine 1691,Packaging Machine,2018-08-30,Operational
1692,MCH-001692,43,Atlas Machine 1692,Packaging Machine,2018-12-10,Operational
1693,MCH-001693,67,Atlas Machine 1693,Packaging Machine,2016-01-28,Maintenance
1694,MCH-001694,65,Atlas Machine 1694,CNC Machine,2018-02-03,Operational
1695,MCH-001695,2,Atlas Machine 1695,Packaging Machine,2018-09-13,Operational
1696,MCH-001696,97,Atlas Machine 1696,Packaging Machine,2018-11-21,Operational
1697,MCH-001697,84,Atlas Machine 1697,Packaging Machine,2018-02-19,Operational
1698,MCH-001698,20,Atlas Machine 1698,Assembly Machine,2018-05-21,Operational
1699,MCH-001699,33,Atlas Machine 1699,Press Machine,2017-09-01,Operational
1700,MCH-001700,73,Atlas Machine 1700,Packaging Machine,2017-01-16,Operational
1701,MCH-001701,26, Atlas Machine 1701 ,Press Machine,2017-07-08,Maintenance
1702,MCH-001702,79,Atlas Machine 1702,CNC Machine,2017-07-16,Maintenance
1703,MCH-001703,18,Atlas Machine 1703,Cutting Machine,2017-04-22,Operational
1704,MCH-001704,89,Atlas Machine 1704,Cutting Machine,2018-08-16,Operational
1705,MCH-001705,79,Atlas Machine 1705,CNC Machine,2016-06-21,Operational
1706,MCH-001706,4,Atlas Machine 1706,Press Machine,2017-06-10,Operational
1707,MCH-001707,37,Atlas Machine 1707,Packaging Machine,2017-07-03,Operational
1708,MCH-001708,32,Atlas Machine 1708,CNC Machine,2018-05-09,Operational
1709,MCH-001709,35,Atlas Machine 1709,CNC Machine,2016-03-17,Operational
1710,MCH-001710,40,Atlas Machine 1710,Assembly Machine,2016-11-01,Operational
1711,MCH-001711,22,Atlas Machine 1711,Assembly Machine,2017-02-14,Operational
1712,MCH-001712,26,Atlas Machine 1712,Press Machine,2017-01-31,Operational
1713,MCH-001713,57,Atlas Machine 1713,CNC Machine,2017-03-10,Operational
1714,MCH-001714,90,Atlas Machine 1714,Cutting Machine,2016-09-08,Operational
1715,MCH-001715,99,Atlas Machine 1715,Cutting Machine,2018-08-22,Operational
1716,MCH-001716,9,Atlas Machine 1716,Cutting Machine,2017-12-27,Inactive
1717,MCH-001717,43,Atlas Machine 1717,CNC Machine,2018-01-05,Operational
1718,MCH-001718,74,Atlas Machine 1718,Packaging Machine,2016-08-17,Operational
1719,MCH-001719,34,Atlas Machine 1719,Assembly Machine,2017-07-18,Operational
1720,MCH-001720,95,Atlas Machine 1720,Assembly Machine,2016-06-22,Operational
1721,MCH-001721,58,Atlas Machine 1721,Cutting Machine,2016-09-13,Operational
1722,MCH-001722,53,Atlas Machine 1722,Cutting Machine,2016-01-16,Operational
1723,MCH-001723,86,Atlas Machine 1723,Cutting Machine,2016-08-09,Operational
1724,MCH-001724,34,Atlas Machine 1724,Packaging Machine,2017-02-03,Operational
1725,MCH-001725,79,Atlas Machine 1725,Cutting Machine,2016-07-23,Operational
1726,MCH-001726,31,Atlas Machine 1726,CNC Machine,2018-11-14,Operational
1727,MCH-001727,65,Atlas Machine 1727,CNC Machine,2016-04-23,Maintenance
1728,MCH-001728,81,Atlas Machine 1728,Press Machine,2016-02-18,Maintenance
1729,MCH-001729,73,Atlas Machine 1729,CNC Machine,2018-04-05,Maintenance
1730,MCH-001730,93,Atlas Machine 1730,Packaging Machine,2016-01-28,Operational
1731,MCH-001731,57,Atlas Machine 1731,Packaging Machine,2017-05-15,Operational
1732,MCH-001732,68,Atlas Machine 1732,Assembly Machine,2016-12-26,Maintenance
1733,MCH-001733,57,Atlas Machine 1733,CNC Machine,2017-01-05,Operational
1734,MCH-001734,32,Atlas Machine 1734,Press Machine,2018-01-05,Operational
1735,MCH-001735,77,Atlas Machine 1735,Cutting Machine,2017-12-10,Operational
1736,MCH-001736,32,Atlas Machine 1736,Press Machine,2018-11-19,Operational
1737,MCH-001737,22,Atlas Machine 1737,Press Machine,2018-08-19,Operational
1738,MCH-001738,2,Atlas Machine 1738,CNC Machine,2017-03-22,Operational
1739,MCH-001739,1,Atlas Machine 1739,Packaging Machine,2017-04-30,Maintenance
1740,MCH-001740,56,Atlas Machine 1740,Cutting Machine,2017-05-22,Operational
1741,MCH-001741,4,Atlas Machine 1741,Assembly Machine,2017-10-18,Operational
1742,MCH-001742,90,Atlas Machine 1742,Press Machine,2018-08-10,Operational
1743,MCH-001743,62,Atlas Machine 1743,Press Machine,2016-07-22,Operational
1744,MCH-001744,72,Atlas Machine 1744,Assembly Machine,2017-05-07,Operational
1745,MCH-001745,35,Atlas Machine 1745,Assembly Machine,2016-08-03,Operational
1746,MCH-001746,91,Atlas Machine 1746,CNC Machine,2018-03-08,Operational
1747,MCH-001747,94,Atlas Machine 1747,Cutting Machine,2016-11-17,Operational
1748,MCH-001748,85,Atlas Machine 1748,Assembly Machine,2018-08-08,Operational
1749,MCH-001749,35,Atlas Machine 1749,Cutting Machine,2016-06-01,Operational
1750,MCH-001750,38,Atlas Machine 1750,Press Machine,2018-02-11,Operational
1751,MCH-001751,38,Atlas Machine 1751,Assembly Machine,2018-07-20,Operational
1752,MCH-001752,20,Atlas Machine 1752,Assembly Machine,2017-03-26,Operational
1753,MCH-001753,3,Atlas Machine 1753,Press Machine,2018-01-27,Operational
1754,MCH-001754,49,Atlas Machine 1754,Packaging Machine,2017-07-14,Maintenance
1755,MCH-001755,6,Atlas Machine 1755,Packaging Machine,2016-10-08,Operational
1756,MCH-001756,51,Atlas Machine 1756,Assembly Machine,2017-12-05,Operational
1757,MCH-001757,5,Atlas Machine 1757,Assembly Machine,2018-09-29,Operational
1758,MCH-001758,73,Atlas Machine 1758,CNC Machine,2016-05-02,Unknown
1759,MCH-001759,63,Atlas Machine 1759,Packaging Machine,2016-02-07,Operational
1760,MCH-001760,7, Atlas Machine 1760 ,CNC Machine,2016-05-29,Operational
1761,MCH-001761,40,Atlas Machine 1761,Cutting Machine,2017-08-18,Operational
1762,MCH-001762,6,Atlas Machine 1762,Packaging Machine,2018-07-02,Operational
1763,MCH-001763,63,Atlas Machine 1763,Assembly Machine,2018-12-25,Operational
1764,MCH-001764,100,Atlas Machine 1764,Press Machine,2016-08-27,Inactive
1765,MCH-001765,40,Atlas Machine 1765,Cutting Machine,2016-06-16,Inactive
1766,MCH-001766,11,Atlas Machine 1766,CNC Machine,2018-03-03,Operational
1767,MCH-001767,88,Atlas Machine 1767,Packaging Machine,2017-02-06,Operational
1768,MCH-001768,8,Atlas Machine 1768,Press Machine,2018-11-15,Operational
1769,MCH-001769,86,Atlas Machine 1769,CNC Machine,2016-01-07,Operational
1770,MCH-001770,73,Atlas Machine 1770,Assembly Machine,2017-03-20,Inactive
1771,MCH-001771,7,Atlas Machine 1771,Press Machine,2018-05-12,Operational
1772,MCH-001772,34,Atlas Machine 1772,Assembly Machine,2016-03-19,Operational
1773,MCH-001773,83,Atlas Machine 1773,Cutting Machine,2016-12-06,Operational
1774,MCH-001774,29,Atlas Machine 1774,Cutting Machine,2016-06-03,Operational
1775,MCH-001775,80,Atlas Machine 1775,Assembly Machine,2017-04-04,Operational
1776,MCH-001776,2,Atlas Machine 1776,Assembly Machine,2017-02-16,Operational
1777,MCH-001777,100,Atlas Machine 1777,Packaging Machine,2016-05-18,Operational
1778,MCH-001778,49,Atlas Machine 1778,CNC Machine,2017-03-26,Operational
1779,MCH-001779,57,Atlas Machine 1779,Assembly Machine,2016-11-29,Operational
1780,MCH-001780,49,Atlas Machine 1780,CNC Machine,2017-06-08,Operational
1781,MCH-001781,90,Atlas Machine 1781,Press Machine,2016-05-09,Operational
1782,MCH-001782,40,Atlas Machine 1782,CNC Machine,2018-01-02,Operational
1783,MCH-001783,79,Atlas Machine 1783,Press Machine,2017-01-01,Operational
1784,MCH-001784,62,Atlas Machine 1784,Assembly Machine,2016-02-07,Operational
1785,MCH-001785,41,Atlas Machine 1785,Packaging Machine,2018-08-17,Operational
1786,MCH-001786,6,Atlas Machine 1786,Press Machine,2017-06-24,Operational
1787,MCH-001787,11,Atlas Machine 1787,Assembly Machine,2018-03-30,Maintenance
1788,MCH-001788,55,Atlas Machine 1788,Packaging Machine,2017-04-30,Operational
1789,MCH-001789,85,Atlas Machine 1789,CNC Machine,2017-08-04,Operational
1790,MCH-001790,63,Atlas Machine 1790,CNC Machine,2017-07-18,Operational
1791,MCH-001791,8,Atlas Machine 1791,Assembly Machine,2017-01-02,Operational
1792,MCH-001792,58,Atlas Machine 1792,CNC Machine,2018-09-19,Operational
1793,MCH-001793,74,Atlas Machine 1793,Assembly Machine,2017-09-06,Operational
1794,MCH-001794,18,Atlas Machine 1794,Cutting Machine,2017-02-15,Operational
1795,MCH-001795,88,Atlas Machine 1795,Press Machine,2017-10-04,Operational
1796,MCH-001796,31, Atlas Machine 1796 ,Press Machine,2017-03-13,Operational
1797,MCH-001797,35,Atlas Machine 1797,Assembly Machine,2018-12-24,Operational
1798,MCH-001798,22,Atlas Machine 1798,Assembly Machine,2017-10-27,Operational
1799,MCH-001799,60,Atlas Machine 1799,CNC Machine,2016-01-01,Operational
1800,MCH-001800,3,Atlas Machine 1800,CNC Machine,2018-01-24,Operational
1801,MCH-001801,49,Atlas Machine 1801,Cutting Machine,2017-05-20,Operational
1802,MCH-001802,23,Atlas Machine 1802,CNC Machine,2017-02-14,Operational
1803,MCH-001803,4,Atlas Machine 1803,CNC Machine,2018-11-05,Operational
1804,MCH-001804,38,Atlas Machine 1804,Assembly Machine,2017-05-06,Operational
1805,MCH-001805,29,Atlas Machine 1805,CNC Machine,2018-03-21,Maintenance
1806,MCH-001806,48,Atlas Machine 1806,Press Machine,2017-08-12,Operational
1807,MCH-001807,19,Atlas Machine 1807,Press Machine,2016-12-18,Operational
1808,MCH-001808,3,Atlas Machine 1808,Packaging Machine,2017-12-03,Inactive
1809,MCH-001809,77,Atlas Machine 1809,Packaging Machine,2017-04-19,Operational
1810,MCH-001810,15,Atlas Machine 1810,Press Machine,2018-08-09,Operational
1811,MCH-001811,1,Atlas Machine 1811,Cutting Machine,2017-02-17,Operational
1812,MCH-001812,31,Atlas Machine 1812,Packaging Machine,2017-06-02,Operational
1813,MCH-001813,18,Atlas Machine 1813,Cutting Machine,2018-02-01,Operational
1814,MCH-001814,56,Atlas Machine 1814,Packaging Machine,2018-05-09,Operational
1815,MCH-001815,3,Atlas Machine 1815,CNC Machine,2017-11-08,Operational
1816,MCH-001816,40,Atlas Machine 1816,Cutting Machine,2017-12-31,Maintenance
1817,MCH-001817,57,Atlas Machine 1817,Cutting Machine,2016-03-13,Operational
1818,MCH-001818,81,Atlas Machine 1818,Press Machine,2018-11-17,Operational
1819,MCH-001819,80,Atlas Machine 1819,CNC Machine,2016-07-10,Operational
1820,MCH-001820,86,Atlas Machine 1820,Assembly Machine,2016-11-25,Operational
1821,MCH-001821,18,Atlas Machine 1821,Press Machine,2017-08-12,Operational
1822,MCH-001822,5,Atlas Machine 1822,Packaging Machine,2017-03-26,Operational
1823,MCH-001823,35,Atlas Machine 1823,Press Machine,2018-04-04,Operational
1824,MCH-001824,76,Atlas Machine 1824,Packaging Machine,2017-10-03,Operational
1825,MCH-001825,33,Atlas Machine 1825,CNC Machine,2017-06-06,Operational
1826,MCH-001826,53,Atlas Machine 1826,Press Machine,2016-12-27,Operational
1827,MCH-001827,95,Atlas Machine 1827,CNC Machine,2017-01-28,Operational
1828,MCH-001828,91,Atlas Machine 1828,Packaging Machine,2017-12-17,Operational
1829,MCH-001829,6,Atlas Machine 1829,Assembly Machine,2017-01-18,Operational
1830,MCH-001830,33,Atlas Machine 1830,Assembly Machine,2018-09-14,Inactive
1831,MCH-001831,93,Atlas Machine 1831,CNC Machine,2017-10-21,Operational
1832,MCH-001832,2,Atlas Machine 1832,Cutting Machine,2018-11-05,Operational
1833,MCH-001833,83,Atlas Machine 1833,CNC Machine,2017-11-13,Operational
1834,MCH-001834,35,Atlas Machine 1834,Assembly Machine,2018-11-18,Operational
1835,MCH-001835,35,Atlas Machine 1835,Press Machine,2018-03-12,Operational
1836,MCH-001836,32,Atlas Machine 1836,Cutting Machine,2016-12-07,Operational
1837,MCH-001837,71,Atlas Machine 1837,Packaging Machine,2017-06-05,Operational
1838,MCH-001838,4,Atlas Machine 1838,Packaging Machine,2017-12-16,Operational
1839,MCH-001839,62,Atlas Machine 1839,Assembly Machine,2017-04-13,Inactive
1840,MCH-001840,86,Atlas Machine 1840,Packaging Machine,2018-08-17,Operational
1841,MCH-001841,26,Atlas Machine 1841,Packaging Machine,2017-10-12,Maintenance
1842,MCH-001842,92,Atlas Machine 1842,Packaging Machine,2017-04-09,Operational
1843,MCH-001843,90,Atlas Machine 1843,Assembly Machine,2017-03-24,Operational
1844,MCH-001844,92,Atlas Machine 1844,CNC Machine,2017-04-12,Operational
1845,MCH-001845,80,Atlas Machine 1845,Cutting Machine,2018-01-07,Operational
1846,MCH-001846,100,Atlas Machine 1846,Assembly Machine,2016-07-20,Operational
1847,MCH-001847,54,Atlas Machine 1847,Assembly Machine,2017-12-05,Operational
1848,MCH-001848,53,Atlas Machine 1848,Cutting Machine,2018-08-28,Operational
1849,MCH-001849,34,Atlas Machine 1849,CNC Machine,2018-04-22,Operational
1850,MCH-001850,31,Atlas Machine 1850,Packaging Machine,2016-10-02,Operational
1851,MCH-001851,49,Atlas Machine 1851,Assembly Machine,2016-05-10,Operational
1852,MCH-001852,1,Atlas Machine 1852,Assembly Machine,2016-02-16,Operational
1853,MCH-001853,63,Atlas Machine 1853,Assembly Machine,2017-09-29,Operational
1854,MCH-001854,98,Atlas Machine 1854,Packaging Machine,2018-10-06,Operational
1855,MCH-001855,63,Atlas Machine 1855,Assembly Machine,2017-02-25,Operational
1856,MCH-001856,99,Atlas Machine 1856,Press Machine,2016-11-20,Inactive
1857,MCH-001857,73,Atlas Machine 1857,CNC Machine,2018-09-09,Operational
1858,MCH-001858,65,Atlas Machine 1858,Packaging Machine,2018-03-28,Operational
1859,MCH-001859,95,Atlas Machine 1859,Cutting Machine,2018-04-10,Operational
1860,MCH-001860,32,Atlas Machine 1860,CNC Machine,2018-12-29,Operational
1861,MCH-001861,92,Atlas Machine 1861,Packaging Machine,2018-07-23,Operational
1862,MCH-001862,38,Atlas Machine 1862,Packaging Machine,2018-01-12,Operational
1863,MCH-001863,67,Atlas Machine 1863,CNC Machine,2018-11-28,Operational
1864,MCH-001864,22,Atlas Machine 1864,Press Machine,2018-06-06,Operational
1865,MCH-001865,57,Atlas Machine 1865,Assembly Machine,2017-04-22,Maintenance
1866,MCH-001866,81,Atlas Machine 1866,Press Machine,2018-03-16,Maintenance
1867,MCH-001867,44,Atlas Machine 1867,Press Machine,2016-09-05,Operational
1868,MCH-001868,58,Atlas Machine 1868,Assembly Machine,2016-11-23,Operational
1869,MCH-001869,88,Atlas Machine 1869,Press Machine,2018-06-08,Operational
1870,MCH-001870,72,Atlas Machine 1870,Assembly Machine,2016-09-07,Operational
1871,MCH-001871,43,Atlas Machine 1871,Packaging Machine,2017-02-08,Operational
1872,MCH-001872,1,Atlas Machine 1872,Press Machine,2017-03-04,Operational
1873,MCH-001873,37,Atlas Machine 1873,Cutting Machine,2018-08-11,Operational
1874,MCH-001874,63,Atlas Machine 1874,Packaging Machine,2017-05-21,Operational
1875,MCH-001875,4,Atlas Machine 1875,Packaging Machine,2017-02-19,Operational
1876,MCH-001876,80,Atlas Machine 1876,Packaging Machine,2017-05-16,Operational
1877,MCH-001877,55,Atlas Machine 1877,Packaging Machine,2018-04-18,Operational
1878,MCH-001878,76,Atlas Machine 1878,Cutting Machine,2017-02-22,Operational
1879,MCH-001879,55,Atlas Machine 1879,Assembly Machine,2017-01-28,Operational
1880,MCH-001880,86,Atlas Machine 1880,Cutting Machine,2017-09-13,Operational
1881,MCH-001881,7,Atlas Machine 1881,Cutting Machine,2017-11-03,Operational
1882,MCH-001882,79,Atlas Machine 1882,Press Machine,2018-06-13,Maintenance
1883,MCH-001883,100,Atlas Machine 1883,Packaging Machine,2016-06-12,Operational
1884,MCH-001884,94,Atlas Machine 1884,Assembly Machine,2018-03-09,Operational
1885,MCH-001885,6,Atlas Machine 1885,Packaging Machine,2016-07-24,Operational
1886,MCH-001886,35,Atlas Machine 1886,Press Machine,2018-01-19,Operational
1887,MCH-001887,26,Atlas Machine 1887,Cutting Machine,2017-04-15,Operational
1888,MCH-001888,53,Atlas Machine 1888,Press Machine,2017-12-04,Operational
1889,MCH-001889,26,Atlas Machine 1889,Press Machine,2016-08-25,Operational
1890,MCH-001890,51,Atlas Machine 1890,Packaging Machine,2018-06-14,Operational
1891,MCH-001891,1,Atlas Machine 1891,CNC Machine,2017-03-23,Operational
1892,MCH-001892,73,Atlas Machine 1892,Press Machine,2018-03-01,Operational
1893,MCH-001893,71,Atlas Machine 1893,Press Machine,2017-02-01,Operational
1894,MCH-001894,4,Atlas Machine 1894,Press Machine,2016-10-26,Operational
1895,MCH-001895,11,Atlas Machine 1895,Assembly Machine,2018-09-06,Operational
1896,MCH-001896,73,Atlas Machine 1896,CNC Machine,2016-02-25,Operational
1897,MCH-001897,20,Atlas Machine 1897,Press Machine,2016-10-30,Operational
1898,MCH-001898,72,Atlas Machine 1898,CNC Machine,2016-11-07,Maintenance
1899,MCH-001899,49,Atlas Machine 1899,CNC Machine,2018-08-15,Operational
1900,MCH-001900,57,Atlas Machine 1900,Packaging Machine,2016-01-01,Operational
1901,MCH-001901,86,Atlas Machine 1901,Cutting Machine,2018-05-31,Operational
1902,MCH-001902,11,Atlas Machine 1902,Cutting Machine,2018-06-18,Operational
1903,MCH-001903,43,Atlas Machine 1903,CNC Machine,2018-07-26,Operational
1904,MCH-001904,43,Atlas Machine 1904,Cutting Machine,2018-08-16,Operational
1905,MCH-001905,79,Atlas Machine 1905,CNC Machine,2016-10-10,Operational
1906,MCH-001906,62,Atlas Machine 1906,Press Machine,2018-03-31,Operational
1907,MCH-001907,71,Atlas Machine 1907,CNC Machine,2018-07-23,Operational
1908,MCH-001908,62,Atlas Machine 1908,Packaging Machine,2018-08-11,Operational
1909,MCH-001909,73,Atlas Machine 1909,Assembly Machine,2018-05-22,Maintenance
1910,MCH-001910,60,Atlas Machine 1910,Assembly Machine,2018-03-15,Operational
1911,MCH-001911,95,Atlas Machine 1911,Press Machine,2018-12-03,Maintenance
1912,MCH-001912,40,Atlas Machine 1912,Packaging Machine,2018-05-10,Operational
1913,MCH-001913,91,Atlas Machine 1913,Packaging Machine,2016-03-03,Operational
1914,MCH-001914,23,Atlas Machine 1914,Assembly Machine,2018-03-17,Operational
1915,MCH-001915,7,Atlas Machine 1915,Cutting Machine,2018-07-17,Operational
1916,MCH-001916,48,Atlas Machine 1916,Press Machine,2018-09-28,Operational
1917,MCH-001917,71,Atlas Machine 1917,Cutting Machine,2018-06-25,Maintenance
1918,MCH-001918,53,Atlas Machine 1918,Packaging Machine,2016-09-30,Operational
1919,MCH-001919,22,Atlas Machine 1919,CNC Machine,2018-09-23,Operational
1920,MCH-001920,9,Atlas Machine 1920,Packaging Machine,2017-06-21,Operational
1921,MCH-001921,71,Atlas Machine 1921,Press Machine,2017-07-18,Operational
1922,MCH-001922,86,Atlas Machine 1922,CNC Machine,2018-10-05,Operational
1923,MCH-001923,3,Atlas Machine 1923,CNC Machine,2016-06-29,Operational
1924,MCH-001924,32,Atlas Machine 1924,Press Machine,2016-12-08,Operational
1925,MCH-001925,72,Atlas Machine 1925,Packaging Machine,2017-10-22,Operational
1926,MCH-001926,55,Atlas Machine 1926,Packaging Machine,2017-10-29,Operational
1927,MCH-001927,32,Atlas Machine 1927,Packaging Machine,2018-12-14,Operational
1928,MCH-001928,48,Atlas Machine 1928,Press Machine,2016-06-24,Maintenance
1929,MCH-001929,3,Atlas Machine 1929,Press Machine,2017-09-23,Operational
1930,MCH-001930,1,Atlas Machine 1930,Packaging Machine,2017-06-22,Operational
1931,MCH-001931,69,Atlas Machine 1931,Press Machine,2018-03-03,Inactive
1932,MCH-001932,19,Atlas Machine 1932,CNC Machine,2018-07-18,Operational
1933,MCH-001933,32,Atlas Machine 1933,CNC Machine,2017-04-12,Operational
1934,MCH-001934,1,Atlas Machine 1934,CNC Machine,2018-06-08,Operational
1935,MCH-001935,99,Atlas Machine 1935,Packaging Machine,2017-12-29,Operational
1936,MCH-001936,95,Atlas Machine 1936,Packaging Machine,2016-01-13,Operational
1937,MCH-001937,19,Atlas Machine 1937,Assembly Machine,2016-09-11,Operational
1938,MCH-001938,97,Atlas Machine 1938,Assembly Machine,2016-03-17,Operational
1939,MCH-001939,56,Atlas Machine 1939,Press Machine,2016-11-09,Operational
1940,MCH-001940,18,Atlas Machine 1940,CNC Machine,2016-02-09,Operational
1941,MCH-001941,62,Atlas Machine 1941,Cutting Machine,2018-07-24,Operational
1942,MCH-001942,8,Atlas Machine 1942,Press Machine,2018-04-20,Operational
1943,MCH-001943,74,Atlas Machine 1943,Packaging Machine,2016-06-11,Maintenance
1944,MCH-001944,41,Atlas Machine 1944,CNC Machine,2018-08-16,Operational
1945,MCH-001945,68,Atlas Machine 1945,Press Machine,2018-07-23,Operational
1946,MCH-001946,95,Atlas Machine 1946,Press Machine,2018-12-11,Operational
1947,MCH-001947,85,Atlas Machine 1947,Press Machine,2016-08-23,Inactive
1948,MCH-001948,79,Atlas Machine 1948,Packaging Machine,2017-02-24,Operational
1949,MCH-001949,74,Atlas Machine 1949,CNC Machine,2016-06-04,Operational
1950,MCH-001950,99,Atlas Machine 1950,CNC Machine,2017-11-24,Operational
1951,MCH-001951,54,Atlas Machine 1951,Assembly Machine,2018-03-26,Operational
1952,MCH-001952,19,Atlas Machine 1952,CNC Machine,2016-08-25,Operational
1953,MCH-001953,11,Atlas Machine 1953,CNC Machine,2016-05-11,Operational
1954,MCH-001954,83,Atlas Machine 1954,Cutting Machine,2018-09-23,Operational
1955,MCH-001955,29,Atlas Machine 1955,Cutting Machine,2017-03-31,Operational
1956,MCH-001956,97,Atlas Machine 1956,Packaging Machine,2016-07-22,Operational
1957,MCH-001957,15,Atlas Machine 1957,Assembly Machine,2017-08-12,Operational
1958,MCH-001958,34,Atlas Machine 1958,Press Machine,2016-05-10,Operational
1959,MCH-001959,1,Atlas Machine 1959,Packaging Machine,2018-04-16,Operational
1960,MCH-001960,54,Atlas Machine 1960,Press Machine,2018-05-24,Operational
1961,MCH-001961,86,Atlas Machine 1961,Press Machine,2018-01-17,Maintenance
1962,MCH-001962,43,Atlas Machine 1962,Cutting Machine,2017-10-05,Operational
1963,MCH-001963,97,Atlas Machine 1963,CNC Machine,2018-07-18,Operational
1964,MCH-001964,83,Atlas Machine 1964,Cutting Machine,2016-06-06,Operational
1965,MCH-001965,89,Atlas Machine 1965,Press Machine,2016-05-26,Operational
1966,MCH-001966,35,Atlas Machine 1966,Press Machine,2017-09-12,Operational
1967,MCH-001967,93,Atlas Machine 1967,Packaging Machine,2016-02-08,Operational
1968,MCH-001968,53,Atlas Machine 1968,CNC Machine,2018-02-07,Operational
1969,MCH-001969,2,Atlas Machine 1969,Press Machine,2017-12-04,Operational
1970,MCH-001970,15,Atlas Machine 1970,Assembly Machine,2016-01-22,Operational
1971,MCH-001971,93,Atlas Machine 1971,CNC Machine,2016-10-31,Operational
1972,MCH-001972,97,Atlas Machine 1972,CNC Machine,2016-01-17,Operational
1973,MCH-001973,56,Atlas Machine 1973,Assembly Machine,2016-08-20,Operational
1974,MCH-001974,6,Atlas Machine 1974,Assembly Machine,2016-07-02,Operational
1975,MCH-001975,11,Atlas Machine 1975,Cutting Machine,2018-04-04,Operational
1976,MCH-001976,32,Atlas Machine 1976,Cutting Machine,2016-03-21,Operational
1977,MCH-001977,97,Atlas Machine 1977,Cutting Machine,2016-07-10,Operational
1978,MCH-001978,49,Atlas Machine 1978,Packaging Machine,2017-03-02,Maintenance
1979,MCH-001979,58,Atlas Machine 1979,Packaging Machine,2016-06-19,Operational
1980,MCH-001980,67,Atlas Machine 1980,Packaging Machine,2017-06-24,Operational
1981,MCH-001981,77,Atlas Machine 1981,CNC Machine,2018-08-15,Operational
1982,MCH-001982,7,Atlas Machine 1982,Packaging Machine,2018-05-03,Maintenance
1983,MCH-001983,58,Atlas Machine 1983,Press Machine,2018-02-24,Operational
1984,MCH-001984,86,Atlas Machine 1984,Cutting Machine,2017-12-15,Operational
1985,MCH-001985,69,Atlas Machine 1985,Cutting Machine,2016-04-13,Operational
1986,MCH-001986,80,Atlas Machine 1986,Assembly Machine,2017-07-15,Operational
1987,MCH-001987,57,Atlas Machine 1987,Press Machine,2018-12-01,Operational
1988,MCH-001988,26,Atlas Machine 1988,Packaging Machine,2017-10-01,Maintenance
1989,MCH-001989,94,Atlas Machine 1989,Press Machine,2017-07-26,Operational
1990,MCH-001990,94,Atlas Machine 1990,Packaging Machine,2017-08-13,Maintenance
1991,MCH-001991,67,Atlas Machine 1991,Press Machine,2016-07-06,Operational
1992,MCH-001992,1,Atlas Machine 1992,Packaging Machine,2018-01-15,Operational
1993,MCH-001993,51,Atlas Machine 1993,Press Machine,2016-11-27,Operational
1994,MCH-001994,71,Atlas Machine 1994,CNC Machine,2018-03-06,Operational
1995,MCH-001995,67,Atlas Machine 1995,Cutting Machine,2017-02-25,Maintenance
1996,MCH-001996,75,Atlas Machine 1996,Assembly Machine,2017-04-05,Operational
1997,MCH-001997,72,Atlas Machine 1997,Assembly Machine,2017-11-16,Operational
1998,MCH-001998,97,Atlas Machine 1998,CNC Machine,2017-10-07,Maintenance
1999,MCH-001999,93,Atlas Machine 1999,Cutting Machine,2017-11-30,Operational
2000,MCH-002000,72,Atlas Machine 2000,Packaging Machine,2018-07-02,Operational
