product_key,product_id,supplier_key,product_name,category,subcategory,unit_of_measure,unit_cost,unit_price,status
1,PROD-000001,207,Cold Rolled Steel Coil Specialty Series 0001,Raw Materials,Specialty,Liter,478.67,629.38,Active
2,PROD-000002,753,Steel Coupling Specialty Series 0002,Components,Specialty,Each,79.39,119.88,Active
3,PROD-000003,21,Industrial Drive System Standard Series 0003,Industrial Equipment,Standard,Kg,445.2,632.21,Active
4,PROD-000004,181, Drive Shaft Assembly Standard Series 0004 ,Components,Standard,Kg,282.84,451.36,Active
5,PROD-000005,929,Material Handling Unit Specialty Series 0005,Industrial Equipment,Specialty,Liter,216.44,503.45,Active
6,PROD-000006,752,Conveyor Roller Assembly Specialty Series 0006,Components,Specialty,Meter,317.54,544.59,Inactive
7,PROD-000007,950,Precision Bearing Assembly Standard Series 0007,Components,Standard,Meter,16.02,38.88,Active
8,PROD-000008,161,Steel Coupling Premium Series 0008,Components,Premium,Kg,206.08,361.45,Active
9,PROD-000009,57,Proximity Sensor Specialty Series 0009,Electronics,Specialty,Each,364.28,871.4,Inactive
10,PROD-000010,504,Pallet Wrap Assembly Premium Series 0010,Packaging,Premium,Kg,161.82,233.62,Active
11,PROD-000011,911,Stainless Steel Sheet Standard Series 0011,Raw Materials,Standard,Meter,183.67,309.87,Active
12,PROD-000012,120,Engineering Plastic Pellets Standard Series 0012,Raw Materials,Standard,Kg,427.3,559.0,Inactive
13,PROD-000013,949,Cold Rolled Steel Coil Specialty Series 0013,Raw Materials,Specialty,Kg,488.92,948.65,Active
14,PROD-000014,969,Aluminum Sheet Stock Standard Series 0014,Raw Materials,Standard,Meter,310.82,710.22,Active
15,PROD-000015,812,Aluminum Mounting Bracket Specialty Series 0015,Components,Specialty,Each,422.72,543.22,Active
16,PROD-000016,370,Pallet Wrap Assembly Premium Series 0016,Packaging,Premium,Kg,286.57,632.7,Active
17,PROD-000017,328,Motor Control Panel Premium Series 0017,Electronics,Premium,Meter,364.43,764.98,Active
18,PROD-000018,198,Engineering Plastic Pellets Premium Series 0018,Raw Materials,Premium,Kg,276.62,375.14,Active
19,PROD-000019,134,Hydraulic Power Unit Standard Series 0019,Industrial Equipment,Standard,Kg,297.84,587.96,Active
20,PROD-000020,601,Variable Frequency Drive Specialty Series 0020,Electronics,Specialty,Liter,356.93,810.94,Active
21,PROD-000021,113,Polymer Resin Specialty Series 0021,Raw Materials,Specialty,Kg,122.01,256.65,Active
22,PROD-000022,858,Industrial Copper Wire Standard Series 0022,Raw Materials,Standard,Each,473.68,856.69,Active
23,PROD-000023,940,Motor Control Panel Standard Series 0023,Electronics,Standard,Meter,447.64,772.22,Active
24,PROD-000024,474,Conveyor Roller Assembly Specialty Series 0024,Components,Specialty,Each,419.48,786.52,Active
25,PROD-000025,793,Cold Rolled Steel Coil Premium Series 0025,Raw Materials,Premium,Kg,195.54,280.67,Active
26,PROD-000026,845,Steel Coupling Premium Series 0026,Components,Premium,Kg,496.16,715.17,Active
27,PROD-000027,554,Aluminum Mounting Bracket Specialty Series 0027,Components,Specialty,Liter,357.55,646.64,Inactive
28,PROD-000028,81,Drive Shaft Assembly Specialty Series 0028,Components,Specialty,Each,58.35,130.17,Inactive
29,PROD-000029,945,Stainless Steel Sheet Standard Series 0029,Raw Materials,Standard,Each,157.45,293.41,Active
30,PROD-000030,127,Industrial Signal Converter Specialty Series 0030,Electronics,Specialty,Meter,196.91,491.11,Active
31,PROD-000031,120,Industrial Control Module Specialty Series 0031,Electronics,Specialty,Each,381.66,868.52,Active
32,PROD-000032,525,Pneumatic Control Unit Premium Series 0032,Industrial Equipment,Premium,Meter,367.07,613.77,Active
33,PROD-000033,558,Proximity Sensor Standard Series 0033,Electronics,Standard,Liter,484.19,730.75,Active
34,PROD-000034,996,Pallet Wrap Assembly Specialty Series 0034,Packaging,Specialty,Liter,258.94,391.83,Active
35,PROD-000035,754,Stainless Steel Sheet Standard Series 0035,Raw Materials,Standard,Each,479.44,1186.7,Active
36,PROD-000036,760,Industrial Signal Converter Standard Series 0036,Electronics,Standard,Each,73.14,151.13,Active
37,PROD-000037,733,Cold Rolled Steel Coil Premium Series 0037,Raw Materials,Premium,Meter,464.34,1154.01,Active
38,PROD-000038,705,Pneumatic Control Unit Premium Series 0038,Industrial Equipment,Premium,Kg,44.69,89.87,Active
39,PROD-000039,973,Proximity Sensor Specialty Series 0039,Electronics,Specialty,Each,120.08,290.4,Active
40,PROD-000040,456,Process Pump Assembly Specialty Series 0040,Industrial Equipment,Specialty,Meter,413.52,704.39,Active
41,PROD-000041,130,Material Handling Unit Standard Series 0041,Industrial Equipment,Standard,Kg,44.94,57.22,Inactive
42,PROD-000042,521,Engineering Plastic Pellets Standard Series 0042,Raw Materials,Standard,Kg,167.22,307.48,Active
43,PROD-000043,119,Precision Bearing Assembly Standard Series 0043,Components,Standard,Liter,46.15,99.35,Active
44,PROD-000044,355,Pneumatic Control Unit Standard Series 0044,Industrial Equipment,Standard,Liter,497.66,1238.7,Active
45,PROD-000045,810,Industrial Drive System Specialty Series 0045,Industrial Equipment,Specialty,Liter,290.64,719.34,Active
46,PROD-000046,517,Pallet Wrap Assembly Premium Series 0046,Packaging,Premium,Liter,411.52,881.35,Active
47,PROD-000047,814,Motor Control Panel Specialty Series 0047,Electronics,Specialty,Each,447.72,659.24,Inactive
48,PROD-000048,446,Industrial Signal Converter Standard Series 0048,Electronics,Standard,Each,406.57,893.05,Inactive
49,PROD-000049,295,Precision Bearing Assembly Premium Series 0049,Components,Premium,Liter,338.7,521.87,Active
50,PROD-000050,695,Aluminum Sheet Stock Standard Series 0050,Raw Materials,Standard,Each,273.56,595.66,Active
51,PROD-000051,372,Aluminum Mounting Bracket Specialty Series 0051,Components,Specialty,Meter,218.68,283.47,Active
52,PROD-000052,915,Drive Shaft Assembly Premium Series 0052,Components,Premium,Liter,474.02,995.17,Active
53,PROD-000053,573,Material Handling Unit Standard Series 0053,Industrial Equipment,Standard,Meter,453.46,762.55,Active
54,PROD-000054,597,Thermal Processing Unit Standard Series 0054,Industrial Equipment,Standard,Liter,161.06,267.17,Inactive
55,PROD-000055,246,Precision Bearing Assembly Specialty Series 0055,Components,Specialty,Meter,245.9,556.03,Inactive
56,PROD-000056,818,Aluminum Sheet Stock Standard Series 0056,Raw Materials,Standard,Kg,209.16,401.42,Active
57,PROD-000057,571,Industrial Stretch Film Specialty Series 0057,Packaging,Specialty,Meter,225.23,542.96,Active
58,PROD-000058,23,Industrial Copper Wire Specialty Series 0058,Raw Materials,Specialty,Each,480.31,1001.0,Active
59,PROD-000059,711,Heavy-Duty Packaging Sleeve Premium Series 0059,Packaging,Premium,Liter,452.86,590.89,Active
60,PROD-000060,672,Engineering Plastic Pellets Specialty Series 0060,Raw Materials,Specialty,Meter,285.53,535.5,Active
61,PROD-000061,465,Precision Bearing Assembly Premium Series 0061,Components,Premium,Each,230.26,430.18,Active
62,PROD-000062,562,Pneumatic Control Unit Standard Series 0062,Industrial Equipment,Standard,Meter,55.02,129.31,Active
63,PROD-000063,77,Industrial Stretch Film Specialty Series 0063,Packaging,Specialty,Liter,172.46,260.95,Active
64,PROD-000064,433,Power Distribution Module Standard Series 0064,Electronics,Standard,Kg,483.02,633.4,Active
65,PROD-000065,173,Industrial Valve Assembly Standard Series 0065,Components,Standard,Each,193.31,400.21,Active
66,PROD-000066,935,Conveyor Roller Assembly Standard Series 0066,Components,Standard,Kg,134.62,281.11,Active
67,PROD-000067,155,Precision Bearing Assembly Specialty Series 0067,Components,Specialty,Liter,467.13,975.97,Active
68,PROD-000068,26,Variable Frequency Drive Specialty Series 0068,Electronics,Specialty,Kg,174.01,257.16,Active
69,PROD-000069,625,Proximity Sensor Premium Series 0069,Electronics,Premium,Each,429.51,978.63,Active
70,PROD-000070,17,Pallet Wrap Assembly Specialty Series 0070,Packaging,Specialty,Each,208.52,262.35,Active
71,PROD-000071,559,Heavy-Duty Packaging Sleeve Specialty Series 0071,Packaging,Specialty,Kg,248.94,355.97,Inactive
72,PROD-000072,826,Engineering Plastic Pellets Premium Series 0072,Raw Materials,Premium,Kg,334.8,787.42,Active
73,PROD-000073,644,Precision Bearing Assembly Standard Series 0073,Components,Standard,Kg,240.16,397.32,Active
74,PROD-000074,944,Steel Coupling Premium Series 0074,Components,Premium,Each,193.55,437.09,Active
75,PROD-000075,709,Industrial Stretch Film Standard Series 0075,Packaging,Standard,Each,302.65,428.51,Active
76,PROD-000076,261,Process Pump Assembly Premium Series 0076,Industrial Equipment,Premium,Each,232.31,299.46,Active
77,PROD-000077,406,Material Handling Unit Premium Series 0077,Industrial Equipment,Premium,Liter,92.57,140.39,Active
78,PROD-000078,297,Engineering Plastic Pellets Specialty Series 0078,Raw Materials,Specialty,Each,469.83,938.66,Active
79,PROD-000079,682,Cold Rolled Steel Coil Standard Series 0079,Raw Materials,Standard,Each,92.24,211.53,Active
80,PROD-000080,291,Pneumatic Control Unit Specialty Series 0080,Industrial Equipment,Specialty,Liter,197.52,278.48,Active
81,PROD-000081,793,Industrial Stretch Film Standard Series 0081,Packaging,Standard,Kg,124.6,291.03,Active
82,PROD-000082,933,Drive Shaft Assembly Specialty Series 0082,Components,Specialty,Liter,312.59,588.81,Active
83,PROD-000083,393,Stainless Steel Sheet Standard Series 0083,Raw Materials,Standard,Meter,454.06,608.33,Active
84,PROD-000084,221,Industrial Signal Converter Premium Series 0084,Electronics,Premium,Meter,94.57,178.33,Active
85,PROD-000085,37,Precision Bearing Assembly Standard Series 0085,Components,Standard,Meter,27.71,65.89,Active
86,PROD-000086,633,Protective Packaging Insert Premium Series 0086,Packaging,Premium,Kg,45.84,91.76,Active
87,PROD-000087,240,Aluminum Mounting Bracket Premium Series 0087,Components,Premium,Kg,259.48,377.93,Active
88,PROD-000088,34,Industrial Copper Wire Premium Series 0088,Raw Materials,Premium,Meter,172.25,391.31,Active
89,PROD-000089,482,Motor Control Panel Standard Series 0089,Electronics,Standard,Liter,448.65,598.68,Inactive
90,PROD-000090,932,Reusable Transport Crate Specialty Series 0090,Packaging,Specialty,Liter,365.4,591.23,Active
91,PROD-000091,335,Corrugated Shipping Carton Standard Series 0091,Packaging,Standard,Each,313.66,393.13,Active
92,PROD-000092,481,Steel Coupling Standard Series 0092,Components,Standard,Each,418.94,952.05,Active
93,PROD-000093,422,Aluminum Mounting Bracket Specialty Series 0093,Components,Specialty,Kg,256.14,518.1,Active
94,PROD-000094,971,Drive Shaft Assembly Standard Series 0094,Components,Standard,Each,82.46,130.87,Active
95,PROD-000095,947,Motor Control Panel Standard Series 0095,Electronics,Standard,Liter,165.95,266.03,Active
96,PROD-000096,856,Thermal Processing Unit Specialty Series 0096,Industrial Equipment,Specialty,Kg,122.95,259.6,Active
97,PROD-000097,882,Corrugated Shipping Carton Specialty Series 0097,Packaging,Specialty,Liter,210.28,301.65,Active
98,PROD-000098,167,Pneumatic Control Unit Specialty Series 0098,Industrial Equipment,Specialty,Liter,356.29,600.37,Active
99,PROD-000099,12,Polymer Resin Specialty Series 0099,Raw Materials,Specialty,Each,247.36,313.59,Active
100,PROD-000100,541,Industrial Copper Wire Specialty Series 0100,Raw Materials,Specialty,Meter,448.26,875.86,Active
101,PROD-000101,274,Heavy-Duty Packaging Sleeve Standard Series 0101,Packaging,Standard,Liter,235.06,367.92,Active
102,PROD-000102,59,Industrial Signal Converter Specialty Series 0102,Electronics,Specialty,Meter,271.17,643.54,Active
103,PROD-000103,824,Hydraulic Power Unit Standard Series 0103,Industrial Equipment,Standard,Kg,412.11,763.81,Active
104,PROD-000104,343,Aluminum Sheet Stock Premium Series 0104,Raw Materials,Premium,Each,260.46,363.71,Active
105,PROD-000105,250,Aluminum Mounting Bracket Specialty Series 0105,Components,Specialty,Liter,349.17,635.3,Active
106,PROD-000106,764,Drive Shaft Assembly Premium Series 0106,Components,Premium,Each,17.28,42.26,Active
107,PROD-000107,414,Material Handling Unit Specialty Series 0107,Industrial Equipment,Specialty,Kg,330.64,526.79,Active
108,PROD-000108,348,Industrial Signal Converter Premium Series 0108,Electronics,Premium,Meter,290.85,652.23,Active
109,PROD-000109,274,Hydraulic Power Unit Standard Series 0109,Industrial Equipment,Standard,Kg,99.5,144.37,Active
110,PROD-000110,382,Aluminum Sheet Stock Standard Series 0110,Raw Materials,Standard,Liter,445.61,559.7,Active
111,PROD-000111,271,Polymer Resin Premium Series 0111,Raw Materials,Premium,Each,38.91,57.04,Active
112,PROD-000112,598,Power Distribution Module Premium Series 0112,Electronics,Premium,Kg,433.86,927.43,Active
113,PROD-000113,168,Industrial Valve Assembly Specialty Series 0113,Components,Specialty,Kg,345.47,501.56,Active
114,PROD-000114,234,Industrial Signal Converter Specialty Series 0114,Electronics,Specialty,Meter,171.87,329.76,Active
115,PROD-000115,891,Corrugated Shipping Carton Premium Series 0115,Packaging,Premium,Meter,35.38,81.46,Inactive
116,PROD-000116,489,Pneumatic Control Unit Standard Series 0116,Industrial Equipment,Standard,Liter,438.94,640.73,Active
117,PROD-000117,141,Industrial Drive System Premium Series 0117,Industrial Equipment,Premium,Kg,197.75,306.15,Inactive
118,PROD-000118,30,Process Pump Assembly Standard Series 0118,Industrial Equipment,Standard,Meter,51.64,80.59,Active
119,PROD-000119,590,Material Handling Unit Standard Series 0119,Industrial Equipment,Standard,Kg,195.46,475.11,Active
120,PROD-000120,878,Industrial Signal Converter Premium Series 0120,Electronics,Premium,Liter,303.31,555.19,Active
121,PROD-000121,663,Hydraulic Power Unit Standard Series 0121,Industrial Equipment,Standard,Kg,218.34,448.41,Active
122,PROD-000122,904,Aluminum Sheet Stock Specialty Series 0122,Raw Materials,Specialty,Each,117.63,259.39,Active
123,PROD-000123,344,Industrial Stretch Film Standard Series 0123,Packaging,Standard,Meter,152.66,251.9,Active
124,PROD-000124,10,Industrial Copper Wire Premium Series 0124,Raw Materials,Premium,Liter,436.83,889.96,Active
125,PROD-000125,749,Motor Control Panel Standard Series 0125,Electronics,Standard,Each,120.03,269.37,Active
126,PROD-000126,443,Thermal Processing Unit Standard Series 0126,Industrial Equipment,Standard,Kg,74.14,107.65,Active
127,PROD-000127,90,Hydraulic Power Unit Premium Series 0127,Industrial Equipment,Premium,Liter,392.23,767.94,Active
128,PROD-000128,815,Variable Frequency Drive Premium Series 0128,Electronics,Premium,Kg,87.6,215.51,Inactive
129,PROD-000129,144,Industrial Stretch Film Standard Series 0129,Packaging,Standard,Liter,484.8,966.53,Active
130,PROD-000130,904,Power Distribution Module Premium Series 0130,Electronics,Premium,Each,426.36,567.3,Active
131,PROD-000131,133,Heavy-Duty Packaging Sleeve Specialty Series 0131,Packaging,Specialty,Kg,30.0,38.87,Active
132,PROD-000132,12,Industrial Signal Converter Specialty Series 0132,Electronics,Specialty,Kg,419.19,808.98,Active
133,PROD-000133,476,Industrial Control Module Premium Series 0133,Electronics,Premium,Each,186.47,283.35,Active
134,PROD-000134,544,Steel Coupling Premium Series 0134,Components,Premium,Meter,440.71,1056.41,Active
135,PROD-000135,210,Proximity Sensor Standard Series 0135,Electronics,Standard,Liter,346.42,586.66,Active
136,PROD-000136,126,Pallet Wrap Assembly Premium Series 0136,Packaging,Premium,Each,393.85,838.77,Active
137,PROD-000137,773,Stainless Steel Sheet Specialty Series 0137,Raw Materials,Specialty,Liter,263.28,497.83,Active
138,PROD-000138,897,Industrial Signal Converter Specialty Series 0138,Electronics,Specialty,Each,427.23,791.42,Active
139,PROD-000139,566,Hydraulic Power Unit Standard Series 0139,Industrial Equipment,Standard,Liter,119.3,151.95,Active
140,PROD-000140,706,Pneumatic Control Unit Premium Series 0140,Industrial Equipment,Premium,Meter,420.12,690.66,Active
141,PROD-000141,308,Industrial Stretch Film Specialty Series 0141,Packaging,Specialty,Kg,12.81,29.4,Active
142,PROD-000142,799,Drive Shaft Assembly Standard Series 0142,Components,Standard,Each,194.67,389.32,Active
143,PROD-000143,706,Stainless Steel Sheet Specialty Series 0143,Raw Materials,Specialty,Meter,392.49,628.44,Active
144,PROD-000144,782,Engineering Plastic Pellets Premium Series 0144,Raw Materials,Premium,Kg,464.04,789.07,Active
145,PROD-000145,970,Precision Bearing Assembly Standard Series 0145,Components,Standard,Liter,44.61,60.28,Active
146,PROD-000146,988,Protective Packaging Insert Specialty Series 0146,Packaging,Specialty,Meter,188.74,438.8,Active
147,PROD-000147,516,Proximity Sensor Specialty Series 0147,Electronics,Specialty,Each,167.31,240.89,Active
148,PROD-000148,925,Pallet Wrap Assembly Specialty Series 0148,Packaging,Specialty,Liter,209.78,429.81,Active
149,PROD-000149,690,Material Handling Unit Premium Series 0149,Industrial Equipment,Premium,Meter,180.18,343.49,Active
150,PROD-000150,329,Reusable Transport Crate Standard Series 0150,Packaging,Standard,Kg,400.39,761.77,Active
151,PROD-000151,252,Industrial Control Module Premium Series 0151,Electronics,Premium,Each,332.76,623.65,Active
152,PROD-000152,896,Steel Coupling Standard Series 0152,Components,Standard,Kg,184.97,435.16,Active
153,PROD-000153,710,Industrial Drive System Standard Series 0153,Industrial Equipment,Standard,Liter,68.79,121.57,Active
154,PROD-000154,62,Process Pump Assembly Specialty Series 0154,Industrial Equipment,Specialty,Each,190.65,304.57,Active
155,PROD-000155,437,Industrial Valve Assembly Standard Series 0155,Components,Standard,Each,171.49,306.83,Active
156,PROD-000156,703,Conveyor Roller Assembly Premium Series 0156,Components,Premium,Liter,232.32,468.02,Active
157,PROD-000157,813,Cold Rolled Steel Coil Premium Series 0157,Raw Materials,Premium,Each,106.6,219.06,Inactive
158,PROD-000158,896,Pneumatic Control Unit Standard Series 0158,Industrial Equipment,Standard,Kg,441.87,603.0,Active
159,PROD-000159,778,Aluminum Mounting Bracket Specialty Series 0159,Components,Specialty,Liter,48.68,61.26,Active
160,PROD-000160,715,Industrial Copper Wire Standard Series 0160,Raw Materials,Standard,Each,343.06,461.71,Inactive
161,PROD-000161,500,Material Handling Unit Premium Series 0161,Industrial Equipment,Premium,Each,144.86,357.48,Active
162,PROD-000162,383,Reusable Transport Crate Standard Series 0162,Packaging,Standard,Each,24.46,42.18,Active
163,PROD-000163,899,Hydraulic Power Unit Specialty Series 0163,Industrial Equipment,Specialty,Liter,495.55,654.28,Active
164,PROD-000164,482,Variable Frequency Drive Premium Series 0164,Electronics,Premium,Each,385.9,950.14,Active
165,PROD-000165,675,Industrial Drive System Specialty Series 0165,Industrial Equipment,Specialty,Each,159.38,381.63,Active
166,PROD-000166,920,Industrial Copper Wire Premium Series 0166,Raw Materials,Premium,Kg,274.13,670.33,Active
167,PROD-000167,252,Industrial Valve Assembly Specialty Series 0167,Components,Specialty,Each,250.14,566.21,Active
168,PROD-000168,701,Industrial Signal Converter Specialty Series 0168,Electronics,Specialty,Liter,101.6,191.23,Active
169,PROD-000169,703,Industrial Control Module Standard Series 0169,Electronics,Standard,Meter,75.54,135.11,Active
170,PROD-000170,344,Steel Coupling Specialty Series 0170,Components,Specialty,Meter,266.32,461.73,Active
171,PROD-000171,1,Polymer Resin Standard Series 0171,Raw Materials,Standard,Each,134.29,226.11,Active
172,PROD-000172,293,Process Pump Assembly Premium Series 0172,Industrial Equipment,Premium,Meter,118.99,199.97,Active
173,PROD-000173,766,Industrial Valve Assembly Specialty Series 0173,Components,Specialty,Kg,68.58,151.25,Active
174,PROD-000174,111,Engineering Plastic Pellets Specialty Series 0174,Raw Materials,Specialty,Meter,178.18,237.4,Active
175,PROD-000175,339,Corrugated Shipping Carton Specialty Series 0175,Packaging,Specialty,Kg,272.28,450.92,Active
176,PROD-000176,485,Aluminum Sheet Stock Standard Series 0176,Raw Materials,Standard,Liter,25.06,59.39,Active
177,PROD-000177,89,Aluminum Mounting Bracket Standard Series 0177,Components,Standard,Kg,386.55,860.76,Active
178,PROD-000178,605,Process Pump Assembly Premium Series 0178,Industrial Equipment,Premium,Meter,20.85,26.49,Active
179,PROD-000179,27,Motor Control Panel Specialty Series 0179,Electronics,Specialty,Meter,487.84,686.34,Active
180,PROD-000180,191,Thermal Processing Unit Standard Series 0180,Industrial Equipment,Standard,Liter,497.19,639.67,Active
181,PROD-000181,144,Corrugated Shipping Carton Premium Series 0181,Packaging,Premium,Liter,296.3,396.83,Active
182,PROD-000182,862,Variable Frequency Drive Specialty Series 0182,Electronics,Specialty,Each,189.47,340.88,Active
183,PROD-000183,451,Aluminum Mounting Bracket Premium Series 0183,Components,Premium,Kg,169.62,372.49,Inactive
184,PROD-000184,88,Pallet Wrap Assembly Standard Series 0184,Packaging,Standard,Kg,24.0,31.22,Inactive
185,PROD-000185,895,Heavy-Duty Packaging Sleeve Specialty Series 0185,Packaging,Specialty,Liter,428.24,921.39,Active
186,PROD-000186,349,Thermal Processing Unit Specialty Series 0186,Industrial Equipment,Specialty,Kg,193.22,409.02,Active
187,PROD-000187,550,Precision Bearing Assembly Specialty Series 0187,Components,Specialty,Each,151.84,340.91,Active
188,PROD-000188,239,Protective Packaging Insert Specialty Series 0188,Packaging,Specialty,Meter,464.98,871.99,Active
189,PROD-000189,298,Proximity Sensor Premium Series 0189,Electronics,Premium,Each,79.64,198.07,Active
190,PROD-000190,606,Power Distribution Module Premium Series 0190,Electronics,Premium,Liter,354.87,716.19,Active
191,PROD-000191,664,Material Handling Unit Specialty Series 0191,Industrial Equipment,Specialty,Kg,149.2,325.66,Active
192,PROD-000192,461,Reusable Transport Crate Specialty Series 0192,Packaging,Specialty,Each,28.04,58.86,Active
193,PROD-000193,123,Cold Rolled Steel Coil Premium Series 0193,Raw Materials,Premium,Meter,308.99,456.71,Active
194,PROD-000194,473,Aluminum Sheet Stock Standard Series 0194,Raw Materials,Standard,Liter,497.5,923.35,Active
195,PROD-000195,594,Proximity Sensor Standard Series 0195,Electronics,Standard,Kg,451.81,873.27,Active
196,PROD-000196,567,Process Pump Assembly Standard Series 0196,Industrial Equipment,Standard,Liter,491.46,1131.31,Active
197,PROD-000197,527,Heavy-Duty Packaging Sleeve Specialty Series 0197,Packaging,Specialty,Each,150.66,243.46,Active
198,PROD-000198,854,Reusable Transport Crate Specialty Series 0198,Packaging,Specialty,Meter,473.82,907.82,Active
199,PROD-000199,585,Corrugated Shipping Carton Premium Series 0199,Packaging,Premium,Meter,46.65,101.55,Active
200,PROD-000200,940,Steel Coupling Standard Series 0200,Components,Standard,Each,238.82,347.2,Active
201,PROD-000201,170,Industrial Drive System Standard Series 0201,Industrial Equipment,Standard,Liter,42.91,99.27,Active
202,PROD-000202,610,Industrial Copper Wire Premium Series 0202,Raw Materials,Premium,Liter,419.47,850.1,Active
203,PROD-000203,557,Material Handling Unit Specialty Series 0203,Industrial Equipment,Specialty,Meter,50.61,76.7,Active
204,PROD-000204,33,Conveyor Roller Assembly Standard Series 0204,Components,Standard,Each,65.74,110.82,Inactive
205,PROD-000205,953,Cold Rolled Steel Coil Premium Series 0205,Raw Materials,Premium,Each,186.77,456.19,Active
206,PROD-000206,552,Aluminum Sheet Stock Specialty Series 0206,Raw Materials,Specialty,Kg,55.66,116.61,Active
207,PROD-000207,793,Aluminum Mounting Bracket Specialty Series 0207,Components,Specialty,Liter,65.21,133.25,Inactive
208,PROD-000208,77,Pallet Wrap Assembly Standard Series 0208,Packaging,Standard,Meter,382.83,925.31,Active
209,PROD-000209,341,Motor Control Panel Specialty Series 0209,Electronics,Specialty,Kg,37.83,49.32,Active
210,PROD-000210,380,Thermal Processing Unit Premium Series 0210,Industrial Equipment,Premium,Kg,463.51,817.14,Active
211,PROD-000211,66,Precision Bearing Assembly Standard Series 0211,Components,Standard,Each,180.71,371.89,Inactive
212,PROD-000212,718,Aluminum Sheet Stock Premium Series 0212,Raw Materials,Premium,Meter,155.11,203.26,Active
213,PROD-000213,579,Polymer Resin Standard Series 0213,Raw Materials,Standard,Meter,263.83,415.07,Active
214,PROD-000214,724,Power Distribution Module Specialty Series 0214,Electronics,Specialty,Meter,302.99,494.78,Active
215,PROD-000215,159,Material Handling Unit Standard Series 0215,Industrial Equipment,Standard,Meter,92.91,149.48,Active
216,PROD-000216,262,Reusable Transport Crate Standard Series 0216,Packaging,Standard,Each,78.94,166.91,Active
217,PROD-000217,904,Corrugated Shipping Carton Premium Series 0217,Packaging,Premium,Meter,108.11,257.16,Active
218,PROD-000218,552,Aluminum Sheet Stock Premium Series 0218,Raw Materials,Premium,Meter,374.37,870.79,Active
219,PROD-000219,483,Industrial Drive System Specialty Series 0219,Industrial Equipment,Specialty,Kg,467.25,984.93,Active
220,PROD-000220,258,Power Distribution Module Specialty Series 0220,Electronics,Specialty,Liter,112.41,280.15,Active
221,PROD-000221,487,Heavy-Duty Packaging Sleeve Specialty Series 0221,Packaging,Specialty,Liter,68.75,141.86,Active
222,PROD-000222,862,Conveyor Roller Assembly Standard Series 0222,Components,Standard,Kg,475.02,1155.27,Active
223,PROD-000223,837,Corrugated Shipping Carton Standard Series 0223,Packaging,Standard,Meter,399.22,774.43,Active
224,PROD-000224,677,Aluminum Sheet Stock Specialty Series 0224,Raw Materials,Specialty,Each,395.61,737.6,Active
225,PROD-000225,368,Proximity Sensor Premium Series 0225,Electronics,Premium,Meter,313.08,470.36,Active
226,PROD-000226,824,Drive Shaft Assembly Standard Series 0226,Components,Standard,Liter,352.56,695.92,Active
227,PROD-000227,761,Heavy-Duty Packaging Sleeve Premium Series 0227,Packaging,Premium,Meter,167.52,214.97,Active
228,PROD-000228,631,Industrial Signal Converter Premium Series 0228,Electronics,Premium,Meter,140.4,350.66,Active
229,PROD-000229,288,Hydraulic Power Unit Specialty Series 0229,Industrial Equipment,Specialty,Each,270.26,518.38,Active
230,PROD-000230,24,Protective Packaging Insert Premium Series 0230,Packaging,Premium,Liter,457.07,603.9,Active
231,PROD-000231,468,Industrial Drive System Premium Series 0231,Industrial Equipment,Premium,Each,71.49,149.84,Inactive
232,PROD-000232,199,Power Distribution Module Standard Series 0232,Electronics,Standard,Each,239.88,314.6,Active
233,PROD-000233,214,Stainless Steel Sheet Specialty Series 0233,Raw Materials,Specialty,Liter,251.19,526.78,Active
234,PROD-000234,883,Conveyor Roller Assembly Standard Series 0234,Components,Standard,Liter,183.32,250.63,Active
235,PROD-000235,730,Precision Bearing Assembly Specialty Series 0235,Components,Specialty,Kg,315.24,667.37,Active
236,PROD-000236,136,Variable Frequency Drive Premium Series 0236,Electronics,Premium,Liter,316.59,732.92,Active
237,PROD-000237,163,Polymer Resin Specialty Series 0237,Raw Materials,Specialty,Kg,99.09,234.79,Active
238,PROD-000238,708,Industrial Copper Wire Specialty Series 0238,Raw Materials,Specialty,Each,435.47,814.52,Active
239,PROD-000239,244,Industrial Valve Assembly Standard Series 0239,Components,Standard,Kg,29.94,52.99,Inactive
240,PROD-000240,196,Reusable Transport Crate Premium Series 0240,Packaging,Premium,Kg,51.33,127.14,Active
241,PROD-000241,605,Hydraulic Power Unit Premium Series 0241,Industrial Equipment,Premium,Meter,152.85,231.64,Active
242,PROD-000242,174,Aluminum Sheet Stock Specialty Series 0242,Raw Materials,Specialty,Liter,108.38,146.08,Active
243,PROD-000243,91,Polymer Resin Specialty Series 0243,Raw Materials,Specialty,Kg,81.6,117.79,Active
244,PROD-000244,33,Process Pump Assembly Specialty Series 0244,Industrial Equipment,Specialty,Kg,278.68,617.64,Active
245,PROD-000245,678,Stainless Steel Sheet Specialty Series 0245,Raw Materials,Specialty,Meter,256.16,377.24,Active
246,PROD-000246,455,Thermal Processing Unit Specialty Series 0246,Industrial Equipment,Specialty,Each,418.69,715.45,Active
247,PROD-000247,363,Precision Bearing Assembly Specialty Series 0247,Components,Specialty,Liter,283.27,394.23,Active
248,PROD-000248,72,Pneumatic Control Unit Specialty Series 0248,Industrial Equipment,Specialty,Meter,424.86,1026.91,Active
249,PROD-000249,914,Aluminum Mounting Bracket Standard Series 0249,Components,Standard,Meter,482.59,870.64,Active
250,PROD-000250,668,Industrial Copper Wire Premium Series 0250,Raw Materials,Premium,Liter,94.08,179.77,Active
251,PROD-000251,682,Industrial Valve Assembly Specialty Series 0251,Components,Specialty,Meter,201.12,303.68,Active
252,PROD-000252,920,Reusable Transport Crate Premium Series 0252,Packaging,Premium,Kg,16.99,31.14,Inactive
253,PROD-000253,792,Industrial Control Module Premium Series 0253,Electronics,Premium,Each,386.78,773.36,Active
254,PROD-000254,926,Steel Coupling Specialty Series 0254,Components,Specialty,Liter,477.57,617.2,Active
255,PROD-000255,939,Polymer Resin Standard Series 0255,Raw Materials,Standard,Kg,141.06,203.71,Active
256,PROD-000256,913,Power Distribution Module Standard Series 0256,Electronics,Standard,Liter,420.73,883.88,Active
257,PROD-000257,916,Motor Control Panel Standard Series 0257,Electronics,Standard,Each,481.64,868.66,Active
258,PROD-000258,573,Conveyor Roller Assembly Premium Series 0258,Components,Premium,Each,235.36,481.63,Active
259,PROD-000259,186,Cold Rolled Steel Coil Specialty Series 0259,Raw Materials,Specialty,Each,122.54,201.58,Active
260,PROD-000260,965,Protective Packaging Insert Standard Series 0260,Packaging,Standard,Kg,353.15,756.71,Active
261,PROD-000261,765,Industrial Stretch Film Premium Series 0261,Packaging,Premium,Each,224.69,423.26,Active
262,PROD-000262,547,Drive Shaft Assembly Standard Series 0262,Components,Standard,Liter,446.24,1034.03,Active
263,PROD-000263,690,Material Handling Unit Premium Series 0263,Industrial Equipment,Premium,Liter,184.68,426.76,Active
264,PROD-000264,157,Reusable Transport Crate Standard Series 0264,Packaging,Standard,Each,242.62,495.64,Active
265,PROD-000265,13,Industrial Control Module Specialty Series 0265,Electronics,Specialty,Each,211.44,365.77,Inactive
266,PROD-000266,556,Pneumatic Control Unit Specialty Series 0266,Industrial Equipment,Specialty,Meter,405.53,723.12,Active
267,PROD-000267,981,Polymer Resin Standard Series 0267,Raw Materials,Standard,Each,415.86,923.16,Active
268,PROD-000268,558,Drive Shaft Assembly Standard Series 0268,Components,Standard,Liter,255.56,452.03,Active
269,PROD-000269,234,Material Handling Unit Premium Series 0269,Industrial Equipment,Premium,Liter,242.26,500.75,Active
270,PROD-000270,595,Thermal Processing Unit Premium Series 0270,Industrial Equipment,Premium,Meter,468.09,987.6,Active
271,PROD-000271,805,Precision Bearing Assembly Premium Series 0271,Components,Premium,Meter,14.43,33.1,Active
272,PROD-000272,507,Aluminum Sheet Stock Premium Series 0272,Raw Materials,Premium,Each,192.13,409.77,Active
273,PROD-000273,133,Proximity Sensor Premium Series 0273,Electronics,Premium,Each,326.13,650.19,Active
274,PROD-000274,694,Industrial Copper Wire Specialty Series 0274,Raw Materials,Specialty,Each,355.08,818.94,Active
275,PROD-000275,902,Heavy-Duty Packaging Sleeve Specialty Series 0275,Packaging,Specialty,Each,352.12,472.58,Active
276,PROD-000276,802,Conveyor Roller Assembly Premium Series 0276,Components,Premium,Each,486.12,903.44,Active
277,PROD-000277,706,Corrugated Shipping Carton Premium Series 0277,Packaging,Premium,Kg,236.18,388.83,Inactive
278,PROD-000278,781,Pneumatic Control Unit Premium Series 0278,Industrial Equipment,Premium,Liter,251.43,620.0,Active
279,PROD-000279,357, Proximity Sensor Specialty Series 0279 ,Electronics,Specialty,Meter,292.06,546.03,Active
280,PROD-000280,725,Process Pump Assembly Standard Series 0280,Industrial Equipment,Standard,Meter,48.23,65.7,Active
281,PROD-000281,845,Motor Control Panel Specialty Series 0281,Electronics,Specialty,Kg,159.37,211.69,Active
282,PROD-000282,458,Reusable Transport Crate Premium Series 0282,Packaging,Premium,Kg,466.65,911.82,Active
283,PROD-000283,133,Corrugated Shipping Carton Premium Series 0283,Packaging,Premium,Kg,120.47,284.68,Active
284,PROD-000284,21,Pneumatic Control Unit Premium Series 0284,Industrial Equipment,Premium,Liter,245.58,493.96,Active
285,PROD-000285,629,Industrial Drive System Specialty Series 0285,Industrial Equipment,Specialty,Meter,203.41,261.68,Active
286,PROD-000286,534,Drive Shaft Assembly Specialty Series 0286,Components,Specialty,Kg,409.35,843.6,Active
287,PROD-000287,82,Motor Control Panel Specialty Series 0287,Electronics,Specialty,Kg,64.05,107.33,Active
288,PROD-000288,829,Engineering Plastic Pellets Standard Series 0288,Raw Materials,Standard,Each,119.64,260.7,Inactive
289,PROD-000289,12,Cold Rolled Steel Coil Premium Series 0289,Raw Materials,Premium,Liter,493.96,1164.78,Active
290,PROD-000290,823,Pneumatic Control Unit Premium Series 0290,Industrial Equipment,Premium,Each,237.87,347.95,Active
291,PROD-000291,309,Industrial Stretch Film Premium Series 0291,Packaging,Premium,Liter,299.06,399.54,Active
292,PROD-000292,268,Drive Shaft Assembly Standard Series 0292,Components,Standard,Meter,74.99,142.2,Active
293,PROD-000293,817,Material Handling Unit Specialty Series 0293,Industrial Equipment,Specialty,Kg,46.01,111.08,Active
294,PROD-000294,944,Engineering Plastic Pellets Standard Series 0294,Raw Materials,Standard,Each,341.88,787.49,Active
295,PROD-000295,540,Hydraulic Power Unit Specialty Series 0295,Industrial Equipment,Specialty,Each,154.21,288.82,Active
296,PROD-000296,853,Pneumatic Control Unit Specialty Series 0296,Industrial Equipment,Specialty,Meter,213.54,297.05,Active
297,PROD-000297,786,Proximity Sensor Premium Series 0297,Electronics,Premium,Kg,140.02,220.91,Active
298,PROD-000298,776, Process Pump Assembly Standard Series 0298 ,Industrial Equipment,Standard,Kg,59.68,92.07,Inactive
299,PROD-000299,672,Material Handling Unit Standard Series 0299,Industrial Equipment,Standard,Kg,233.0,299.99,Active
300,PROD-000300,13,Engineering Plastic Pellets Premium Series 0300,Raw Materials,Premium,Meter,409.89,903.24,Active
301,PROD-000301,49,Cold Rolled Steel Coil Specialty Series 0301,Raw Materials,Specialty,Liter,460.27,587.04,Active
302,PROD-000302,171,Aluminum Sheet Stock Standard Series 0302,Raw Materials,Standard,Kg,221.14,395.43,Active
303,PROD-000303,59,Industrial Drive System Standard Series 0303,Industrial Equipment,Standard,Kg,131.64,216.51,Active
304,PROD-000304,318,Pallet Wrap Assembly Standard Series 0304,Packaging,Standard,Each,475.64,1062.45,Active
305,PROD-000305,311,Heavy-Duty Packaging Sleeve Standard Series 0305,Packaging,Standard,Each,283.8,676.5,Active
306,PROD-000306,348,Reusable Transport Crate Premium Series 0306,Packaging,Premium,Liter,348.22,840.62,Active
307,PROD-000307,850,Industrial Control Module Specialty Series 0307,Electronics,Specialty,Each,430.24,1002.23,Active
308,PROD-000308,597,Protective Packaging Insert Specialty Series 0308,Packaging,Specialty,Liter,302.46,508.31,Inactive
309,PROD-000309,311,Proximity Sensor Premium Series 0309,Electronics,Premium,Each,499.4,769.59,Active
310,PROD-000310,773,Pallet Wrap Assembly Premium Series 0310,Packaging,Premium,Each,81.06,118.63,Active
311,PROD-000311,859,Heavy-Duty Packaging Sleeve Specialty Series 0311,Packaging,Specialty,Each,479.32,984.76,Active
312,PROD-000312,999,Industrial Signal Converter Premium Series 0312,Electronics,Premium,Meter,45.88,109.26,Active
313,PROD-000313,549,Hydraulic Power Unit Specialty Series 0313,Industrial Equipment,Specialty,Kg,417.22,933.28,Active
314,PROD-000314,581,Aluminum Sheet Stock Premium Series 0314,Raw Materials,Premium,Each,73.6,146.27,Active
315,PROD-000315,123,Aluminum Mounting Bracket Specialty Series 0315,Components,Specialty,Each,379.12,677.88,Active
316,PROD-000316,396,Power Distribution Module Standard Series 0316,Electronics,Standard,Each,456.58,1106.05,Active
317,PROD-000317,784,Stainless Steel Sheet Premium Series 0317,Raw Materials,Premium,Meter,156.83,303.36,Inactive
318,PROD-000318,148,Reusable Transport Crate Specialty Series 0318,Packaging,Specialty,Meter,350.98,789.06,Active
319,PROD-000319,583,Precision Bearing Assembly Specialty Series 0319,Components,Specialty,Meter,236.45,462.93,Active
320,PROD-000320,152,Variable Frequency Drive Premium Series 0320,Electronics,Premium,Meter,452.87,937.48,Inactive
321,PROD-000321,604,Aluminum Mounting Bracket Standard Series 0321,Components,Standard,Kg,285.74,417.11,Active
322,PROD-000322,3,Power Distribution Module Standard Series 0322,Electronics,Standard,Meter,240.95,305.55,Active
323,PROD-000323,724,Motor Control Panel Premium Series 0323,Electronics,Premium,Liter,294.22,388.24,Active
324,PROD-000324,102,Industrial Signal Converter Specialty Series 0324,Electronics,Specialty,Each,90.4,169.29,Active
325,PROD-000325,270,Corrugated Shipping Carton Premium Series 0325,Packaging,Premium,Kg,249.22,589.89,Active
326,PROD-000326,199,Variable Frequency Drive Premium Series 0326,Electronics,Premium,Kg,32.73,43.9,Active
327,PROD-000327,830,Polymer Resin Standard Series 0327,Raw Materials,Standard,Each,421.99,712.33,Active
328,PROD-000328,65,Power Distribution Module Premium Series 0328,Electronics,Premium,Meter,212.88,450.7,Active
329,PROD-000329,115,Industrial Valve Assembly Standard Series 0329,Components,Standard,Liter,176.72,345.36,Active
330,PROD-000330,480,Thermal Processing Unit Specialty Series 0330,Industrial Equipment,Specialty,Meter,117.35,234.1,Active
331,PROD-000331,597,Industrial Control Module Specialty Series 0331,Electronics,Specialty,Kg,417.47,934.02,Active
332,PROD-000332,999,Variable Frequency Drive Premium Series 0332,Electronics,Premium,Liter,437.59,1093.58,Active
333,PROD-000333,830,Proximity Sensor Specialty Series 0333,Electronics,Specialty,Liter,112.08,275.81,Active
334,PROD-000334,446,Pallet Wrap Assembly Standard Series 0334,Packaging,Standard,Kg,441.3,743.77,Active
335,PROD-000335,304,Industrial Valve Assembly Standard Series 0335,Components,Standard,Each,250.98,507.7,Inactive
336,PROD-000336,803,Reusable Transport Crate Premium Series 0336,Packaging,Premium,Kg,234.1,436.71,Active
337,PROD-000337,978,Cold Rolled Steel Coil Premium Series 0337,Raw Materials,Premium,Kg,41.42,63.57,Active
338,PROD-000338,904,Steel Coupling Premium Series 0338,Components,Premium,Kg,495.27,744.21,Inactive
339,PROD-000339,720,Proximity Sensor Standard Series 0339,Electronics,Standard,Kg,456.86,803.59,Active
340,PROD-000340,147,Industrial Copper Wire Specialty Series 0340,Raw Materials,Specialty,Liter,446.39,788.55,Active
341,PROD-000341,337,Industrial Valve Assembly Standard Series 0341,Components,Standard,Each,394.03,493.63,Active
342,PROD-000342,288,Conveyor Roller Assembly Specialty Series 0342,Components,Specialty,Meter,284.72,546.95,Active
343,PROD-000343,534,Industrial Control Module Specialty Series 0343,Electronics,Specialty,Kg,167.87,402.89,Active
344,PROD-000344,839,Steel Coupling Standard Series 0344,Components,Standard,Liter,305.37,400.36,Active
345,PROD-000345,113,Aluminum Mounting Bracket Premium Series 0345,Components,Premium,Each,24.99,62.0,Inactive
346,PROD-000346,290,Pallet Wrap Assembly Specialty Series 0346,Packaging,Specialty,Each,350.6,842.12,Active
347,PROD-000347,670,Heavy-Duty Packaging Sleeve Standard Series 0347,Packaging,Standard,Kg,291.31,548.5,Inactive
348,PROD-000348,445,Thermal Processing Unit Premium Series 0348,Industrial Equipment,Premium,Kg,77.94,127.61,Active
349,PROD-000349,577,Cold Rolled Steel Coil Premium Series 0349,Raw Materials,Premium,Meter,46.08,71.09,Active
350,PROD-000350,120,Pneumatic Control Unit Standard Series 0350,Industrial Equipment,Standard,Meter,318.21,733.66,Active
351,PROD-000351,679,Industrial Stretch Film Specialty Series 0351,Packaging,Specialty,Meter,30.42,61.78,Active
352,PROD-000352,713,Pallet Wrap Assembly Standard Series 0352,Packaging,Standard,Kg,218.07,302.1,Active
353,PROD-000353,214,Material Handling Unit Standard Series 0353,Industrial Equipment,Standard,Meter,194.85,372.32,Active
354,PROD-000354,249,Thermal Processing Unit Specialty Series 0354,Industrial Equipment,Specialty,Meter,265.55,526.69,Active
355,PROD-000355,873,Cold Rolled Steel Coil Premium Series 0355,Raw Materials,Premium,Kg,254.98,394.71,Active
356,PROD-000356,664,Variable Frequency Drive Premium Series 0356,Electronics,Premium,Each,406.06,850.45,Active
357,PROD-000357,648,Proximity Sensor Standard Series 0357,Electronics,Standard,Liter,356.91,691.83,Inactive
358,PROD-000358,248,Power Distribution Module Standard Series 0358,Electronics,Standard,Liter,196.94,315.84,Active
359,PROD-000359,915,Industrial Valve Assembly Specialty Series 0359,Components,Specialty,Liter,153.46,225.95,Active
360,PROD-000360,295,Industrial Signal Converter Specialty Series 0360,Electronics,Specialty,Meter,115.39,182.15,Active
361,PROD-000361,424,Precision Bearing Assembly Premium Series 0361,Components,Premium,Liter,261.31,508.47,Inactive
362,PROD-000362,922,Variable Frequency Drive Premium Series 0362,Electronics,Premium,Each,56.26,101.35,Active
363,PROD-000363,382,Proximity Sensor Specialty Series 0363,Electronics,Specialty,Meter,134.43,271.41,Active
364,PROD-000364,680,Drive Shaft Assembly Specialty Series 0364,Components,Specialty,Kg,327.27,647.67,Active
365,PROD-000365,528,Industrial Valve Assembly Standard Series 0365,Components,Standard,Each,112.34,225.95,Active
366,PROD-000366,925,Reusable Transport Crate Specialty Series 0366,Packaging,Specialty,Kg,199.66,293.33,Active
367,PROD-000367,74,Precision Bearing Assembly Premium Series 0367,Components,Premium,Meter,233.29,468.81,Inactive
368,PROD-000368,320,Steel Coupling Standard Series 0368,Components,Standard,Each,453.17,895.59,Active
369,PROD-000369,917,Industrial Stretch Film Premium Series 0369,Packaging,Premium,Each,206.1,295.85,Active
370,PROD-000370,568,Power Distribution Module Standard Series 0370,Electronics,Standard,Meter,494.62,1222.52,Active
371,PROD-000371,183,Stainless Steel Sheet Specialty Series 0371,Raw Materials,Specialty,Liter,60.09,100.75,Active
372,PROD-000372,52,Thermal Processing Unit Premium Series 0372,Industrial Equipment,Premium,Kg,499.58,637.1,Active
373,PROD-000373,126,Hydraulic Power Unit Premium Series 0373,Industrial Equipment,Premium,Liter,189.98,421.07,Inactive
374,PROD-000374,728,Pneumatic Control Unit Specialty Series 0374,Industrial Equipment,Specialty,Meter,435.04,982.13,Active
375,PROD-000375,47,Polymer Resin Standard Series 0375,Raw Materials,Standard,Kg,429.91,1031.44,Active
376,PROD-000376,233,Process Pump Assembly Specialty Series 0376,Industrial Equipment,Specialty,Each,183.43,429.49,Inactive
377,PROD-000377,842,Material Handling Unit Premium Series 0377,Industrial Equipment,Premium,Liter,240.78,302.88,Active
378,PROD-000378,271,Industrial Signal Converter Standard Series 0378,Electronics,Standard,Kg,187.0,286.96,Active
379,PROD-000379,479,Cold Rolled Steel Coil Standard Series 0379,Raw Materials,Standard,Liter,485.18,686.33,Inactive
380,PROD-000380,413,Variable Frequency Drive Standard Series 0380,Electronics,Standard,Liter,244.63,531.91,Active
381,PROD-000381,375,Proximity Sensor Specialty Series 0381,Electronics,,Kg,467.62,1021.49,Active
382,PROD-000382,93,Process Pump Assembly Standard Series 0382,Industrial Equipment,Standard,Each,211.16,280.24,Active
383,PROD-000383,28,Motor Control Panel Premium Series 0383,Electronics,Premium,Each,203.95,482.19,Active
384,PROD-000384,305,Engineering Plastic Pellets Specialty Series 0384,Raw Materials,Specialty,Each,147.63,338.04,Active
385,PROD-000385,140,Cold Rolled Steel Coil Specialty Series 0385,Raw Materials,Specialty,Kg,315.91,526.35,Active
386,PROD-000386,501,Variable Frequency Drive Specialty Series 0386,Electronics,Specialty,Each,123.01,165.11,Active
387,PROD-000387,957,Proximity Sensor Premium Series 0387,Electronics,Premium,Each,466.06,1037.18,Active
388,PROD-000388,955,Pallet Wrap Assembly Specialty Series 0388,Packaging,Specialty,Each,355.0,808.71,Active
389,PROD-000389,880,Stainless Steel Sheet Specialty Series 0389,Raw Materials,Specialty,Liter,200.18,487.25,Active
390,PROD-000390,176,Industrial Signal Converter Premium Series 0390,Electronics,Premium,Meter,491.77,705.21,Active
391,PROD-000391,6,Hydraulic Power Unit Standard Series 0391,Industrial Equipment,Standard,Kg,462.5,724.3,Active
392,PROD-000392,552,Pneumatic Control Unit Premium Series 0392,Industrial Equipment,Premium,Meter,138.87,210.83,Active
393,PROD-000393,568,Industrial Drive System Standard Series 0393,Industrial Equipment,Standard,Kg,442.77,940.47,Active
394,PROD-000394,676,Pallet Wrap Assembly Standard Series 0394,Packaging,Standard,Meter,98.58,219.68,Active
395,PROD-000395,209,Motor Control Panel Premium Series 0395,Electronics,Premium,Each,354.93,620.17,Active
396,PROD-000396,674,Conveyor Roller Assembly Premium Series 0396,Components,Premium,Each,190.92,307.44,Active
397,PROD-000397,1,Precision Bearing Assembly Standard Series 0397,Components,Standard,Kg,414.86,834.6,Inactive
398,PROD-000398,7,Steel Coupling Standard Series 0398,Components,Standard,Kg,117.65,253.94,Active
399,PROD-000399,883,Polymer Resin Specialty Series 0399,Raw Materials,Specialty,Each,141.91,336.93,Active
400,PROD-000400,1000,Industrial Copper Wire Standard Series 0400,Raw Materials,Standard,Kg,455.03,645.9,Inactive
401,PROD-000401,911,Stainless Steel Sheet Premium Series 0401,Raw Materials,Premium,Kg,373.45,880.68,Active
402,PROD-000402,866,Reusable Transport Crate Specialty Series 0402,Packaging,Specialty,Each,310.79,671.57,Active
403,PROD-000403,847,Cold Rolled Steel Coil Premium Series 0403,Raw Materials,Premium,Liter,255.54,500.24,Active
404,PROD-000404,266,Variable Frequency Drive Premium Series 0404,Electronics,Premium,Kg,390.24,941.0,Active
405,PROD-000405,423,Aluminum Mounting Bracket Standard Series 0405,Components,Standard,Meter,315.29,583.21,Active
406,PROD-000406,641,Process Pump Assembly Premium Series 0406,Industrial Equipment,Premium,Kg,368.63,612.19,Active
407,PROD-000407,336,Heavy-Duty Packaging Sleeve Specialty Series 0407,Packaging,Specialty,Meter,155.33,245.81,Active
408,PROD-000408,773,Thermal Processing Unit Specialty Series 0408,Industrial Equipment,Specialty,Meter,437.97,876.6,Active
409,PROD-000409,39,Industrial Control Module Premium Series 0409,Electronics,Premium,Kg,298.04,415.94,Active
410,PROD-000410,783,Variable Frequency Drive Specialty Series 0410,Electronics,Specialty,Kg,259.28,461.97,Active
411,PROD-000411,72,Proximity Sensor Standard Series 0411,Electronics,Standard,Liter,155.34,194.77,Active
412,PROD-000412,660,Drive Shaft Assembly Specialty Series 0412,Components,Specialty,Liter,102.25,246.93,Active
413,PROD-000413,87,Industrial Valve Assembly Specialty Series 0413,Components,Specialty,Meter,455.75,609.1,Active
414,PROD-000414,253,Reusable Transport Crate Specialty Series 0414,Packaging,Specialty,Liter,479.93,680.77,Active
415,PROD-000415,512,Corrugated Shipping Carton Premium Series 0415,Packaging,Premium,Liter,385.0,608.21,Active
416,PROD-000416,515,Pneumatic Control Unit Specialty Series 0416,Industrial Equipment,Specialty,Meter,160.8,348.32,Active
417,PROD-000417,790,Proximity Sensor Premium Series 0417,Electronics,Premium,Meter,207.07,431.74,Inactive
418,PROD-000418,421,Drive Shaft Assembly Specialty Series 0418,Components,Specialty,Meter,33.56,52.42,Inactive
419,PROD-000419,578,Heavy-Duty Packaging Sleeve Standard Series 0419,Packaging,Standard,Each,76.89,174.08,Active
420,PROD-000420,286,Reusable Transport Crate Premium Series 0420,Packaging,Premium,Kg,39.24,80.11,Active
421,PROD-000421,513,Industrial Control Module Specialty Series 0421,Electronics,Specialty,Each,356.34,809.25,Active
422,PROD-000422,977,Aluminum Sheet Stock Standard Series 0422,Raw Materials,Standard,Liter,316.15,716.17,Active
423,PROD-000423,999,Proximity Sensor Standard Series 0423,Electronics,Standard,Kg,260.65,644.64,Active
424,PROD-000424,301,Process Pump Assembly Premium Series 0424,Industrial Equipment,Premium,Each,18.18,24.38,Active
425,PROD-000425,321,Material Handling Unit Specialty Series 0425,Industrial Equipment,Specialty,Each,460.59,1062.35,Active
426,PROD-000426,823,Engineering Plastic Pellets Premium Series 0426,Raw Materials,Premium,Each,494.31,888.79,Active
427,PROD-000427,107,Corrugated Shipping Carton Premium Series 0427,Packaging,Premium,Liter,164.01,284.14,Active
428,PROD-000428,853,Protective Packaging Insert Specialty Series 0428,Packaging,Specialty,Each,386.95,791.85,Active
429,PROD-000429,225,Polymer Resin Standard Series 0429,Raw Materials,Standard,Each,222.2,466.98,Active
430,PROD-000430,97,Pallet Wrap Assembly Specialty Series 0430,Packaging,Specialty,Meter,40.22,85.52,Active
431,PROD-000431,570,Heavy-Duty Packaging Sleeve Premium Series 0431,Packaging,Premium,Meter,64.29,136.65,Active
432,PROD-000432,761,Thermal Processing Unit Premium Series 0432,Industrial Equipment,Premium,Each,52.86,127.22,Active
433,PROD-000433,845,Precision Bearing Assembly Standard Series 0433,Components,Standard,Each,495.92,956.52,Inactive
434,PROD-000434,890,Variable Frequency Drive Standard Series 0434,Electronics,Standard,Meter,13.15,29.3,Active
435,PROD-000435,625,Industrial Stretch Film Specialty Series 0435,Packaging,Specialty,Liter,102.81,254.56,Active
436,PROD-000436,558,Pallet Wrap Assembly Specialty Series 0436,Packaging,Specialty,Liter,447.71,979.11,Active
437,PROD-000437,499,Stainless Steel Sheet Premium Series 0437,Raw Materials,Premium,Each,295.43,595.78,Active
438,PROD-000438,432,Thermal Processing Unit Standard Series 0438,Industrial Equipment,Standard,Meter,156.41,236.13,Active
439,PROD-000439,870,Hydraulic Power Unit Premium Series 0439,Industrial Equipment,Premium,Meter,73.61,141.28,Inactive
440,PROD-000440,926,Protective Packaging Insert Standard Series 0440,Packaging,Standard,Meter,333.88,542.01,Active
441,PROD-000441,288,Industrial Drive System Premium Series 0441,Industrial Equipment,Premium,Kg,50.45,115.37,Active
442,PROD-000442,269,Industrial Copper Wire Premium Series 0442,Raw Materials,Premium,Each,298.63,529.91,Active
443,PROD-000443,714,Motor Control Panel Specialty Series 0443,Electronics,Specialty,Kg,261.59,357.55,Active
444,PROD-000444,239,Reusable Transport Crate Standard Series 0444,Packaging,Standard,Liter,56.93,82.54,Active
445,PROD-000445,466,Industrial Control Module Specialty Series 0445,Electronics,Specialty,Kg,163.6,262.0,Active
446,PROD-000446,952,Steel Coupling Standard Series 0446,Components,Standard,Meter,179.94,394.26,Active
447,PROD-000447,5,Industrial Drive System Premium Series 0447,Industrial Equipment,Premium,Kg,458.82,903.32,Active
448,PROD-000448,986,Pallet Wrap Assembly Specialty Series 0448,Packaging,Specialty,Kg,413.8,816.3,Active
449,PROD-000449,16,Heavy-Duty Packaging Sleeve Standard Series 0449,Packaging,Standard,Kg,352.94,880.85,Active
450,PROD-000450,118,Industrial Signal Converter Specialty Series 0450,Electronics,Specialty,Kg,247.23,546.06,Active
451,PROD-000451,742,Precision Bearing Assembly Standard Series 0451,Components,Standard,Kg,397.26,977.52,Active
452,PROD-000452,616,Variable Frequency Drive Premium Series 0452,Electronics,Premium,Each,351.13,872.45,Active
453,PROD-000453,370,Aluminum Mounting Bracket Premium Series 0453,Components,Premium,Meter,397.28,906.29,Active
454,PROD-000454,796,Process Pump Assembly Premium Series 0454,Industrial Equipment,Premium,Each,180.56,228.04,Active
455,PROD-000455,166,Stainless Steel Sheet Premium Series 0455,Raw Materials,Premium,Meter,37.29,92.1,Active
456,PROD-000456,932,Industrial Signal Converter Premium Series 0456,Electronics,Premium,Meter,118.42,251.5,Active
457,PROD-000457,667,Precision Bearing Assembly Specialty Series 0457,Components,Specialty,Kg,261.13,552.63,Active
458,PROD-000458,174,Aluminum Sheet Stock Specialty Series 0458,Raw Materials,Specialty,Each,443.5,834.1,Inactive
459,PROD-000459,318,Proximity Sensor Specialty Series 0459,Electronics,Specialty,Liter,114.01,159.7,Active
460,PROD-000460,554,Process Pump Assembly Specialty Series 0460,Industrial Equipment,Specialty,Each,299.67,468.76,Active
461,PROD-000461,195,Material Handling Unit Specialty Series 0461,Industrial Equipment,Specialty,Liter,498.89,924.15,Active
462,PROD-000462,577,Engineering Plastic Pellets Premium Series 0462,Raw Materials,Premium,Liter,325.08,474.79,Active
463,PROD-000463,46,Hydraulic Power Unit Premium Series 0463,Industrial Equipment,Premium,Kg,90.62,203.59,Active
464,PROD-000464,974,Steel Coupling Standard Series 0464,Components,Standard,Liter,417.73,759.98,Active
465,PROD-000465,625,Industrial Stretch Film Standard Series 0465,Packaging,Standard,Meter,374.36,707.57,Active
466,PROD-000466,707,Drive Shaft Assembly Specialty Series 0466,Components,Specialty,Kg,247.29,577.21,Active
467,PROD-000467,890,Stainless Steel Sheet Premium Series 0467,Raw Materials,Premium,Liter,464.39,853.17,Active
468,PROD-000468,862,Engineering Plastic Pellets Standard Series 0468,Raw Materials,Standard,Liter,50.02,89.29,Active
469,PROD-000469,460,Industrial Control Module Standard Series 0469,Electronics,Standard,Meter,176.0,335.11,Active
470,PROD-000470,301,Variable Frequency Drive Standard Series 0470,Electronics,Standard,Kg,35.31,44.5,Active
471,PROD-000471,986,Polymer Resin Standard Series 0471,Raw Materials,Standard,Kg,367.52,804.61,Active
472,PROD-000472,497,Industrial Copper Wire Standard Series 0472,Raw Materials,Standard,Each,25.17,57.47,Inactive
473,PROD-000473,464,Motor Control Panel Premium Series 0473,Electronics,Premium,Each,295.63,480.15,Active
474,PROD-000474,370,Industrial Signal Converter Standard Series 0474,Electronics,Standard,Liter,486.87,760.9,Active
475,PROD-000475,211,Hydraulic Power Unit Specialty Series 0475,Industrial Equipment,Specialty,Liter,383.4,928.79,Active
476,PROD-000476,523,Variable Frequency Drive Premium Series 0476,Electronics,Premium,Liter,435.48,811.95,Active
477,PROD-000477,489,Industrial Drive System Standard Series 0477,Industrial Equipment,Standard,Liter,206.68,282.59,Active
478,PROD-000478,201,Drive Shaft Assembly Standard Series 0478,Components,Standard,Meter,100.83,245.18,Inactive
479,PROD-000479,967,Industrial Valve Assembly Specialty Series 0479,Components,Specialty,Meter,119.25,156.99,Active
480,PROD-000480,169,Thermal Processing Unit Standard Series 0480,Industrial Equipment,Standard,Kg,143.06,314.56,Active
481,PROD-000481,997,Precision Bearing Assembly Specialty Series 0481,Components,Specialty,Liter,104.31,172.32,Active
482,PROD-000482,733,Protective Packaging Insert Premium Series 0482,Packaging,Premium,Meter,114.4,280.35,Active
483,PROD-000483,61,Industrial Drive System Premium Series 0483,Industrial Equipment,Premium,Kg,269.58,383.96,Active
484,PROD-000484,324,Drive Shaft Assembly Premium Series 0484,Components,Premium,Kg,259.12,572.26,Active
485,PROD-000485,305,Motor Control Panel Specialty Series 0485,Electronics,Specialty,Meter,207.02,516.99,Active
486,PROD-000486,35,Reusable Transport Crate Premium Series 0486,Packaging,Premium,Meter,308.98,566.58,Active
487,PROD-000487,816,Cold Rolled Steel Coil Specialty Series 0487,Raw Materials,Specialty,Meter,30.44,49.95,Active
488,PROD-000488,114,Aluminum Sheet Stock Specialty Series 0488,Raw Materials,Specialty,Kg,77.44,109.55,Active
489,PROD-000489,740,Polymer Resin Premium Series 0489,Raw Materials,Premium,Kg,326.18,613.74,Active
490,PROD-000490,731,Drive Shaft Assembly Standard Series 0490,Components,Standard,Meter,204.34,289.29,Active
491,PROD-000491,286,Industrial Valve Assembly Standard Series 0491,Components,Standard,Kg,467.25,1129.18,Active
492,PROD-000492,700,Conveyor Roller Assembly Standard Series 0492,Components,Standard,Each,28.06,47.21,Active
493,PROD-000493,460,Corrugated Shipping Carton Specialty Series 0493,Packaging,Specialty,Each,432.4,905.78,Active
494,PROD-000494,104,Aluminum Sheet Stock Premium Series 0494,Raw Materials,Premium,Liter,159.74,292.03,Active
495,PROD-000495,780,Aluminum Mounting Bracket Standard Series 0495,Components,Standard,Kg,301.6,567.08,Active
496,PROD-000496,249,Power Distribution Module Premium Series 0496,Electronics,Premium,Meter,212.74,300.64,Active
497,PROD-000497,211,Industrial Valve Assembly Specialty Series 0497,Components,Specialty,Kg,309.81,612.46,Active
498,PROD-000498,833,Engineering Plastic Pellets Specialty Series 0498,Raw Materials,Specialty,Liter,28.19,66.31,Active
499,PROD-000499,819,Precision Bearing Assembly Specialty Series 0499,Components,Specialty,Each,73.9,148.74,Active
500,PROD-000500,39,Protective Packaging Insert Standard Series 0500,Packaging,Standard,Liter,267.84,407.37,Active
501,PROD-000501,639,Industrial Drive System Premium Series 0501,Industrial Equipment,Premium,Each,374.6,720.9,Active
502,PROD-000502,297,Process Pump Assembly Standard Series 0502,Industrial Equipment,Standard,Each,229.55,484.75,Active
503,PROD-000503,496,Heavy-Duty Packaging Sleeve Specialty Series 0503,Packaging,Specialty,Kg,468.81,820.11,Active
504,PROD-000504,533,Thermal Processing Unit Specialty Series 0504,Industrial Equipment,Specialty,Meter,268.34,435.44,Active
505,PROD-000505,472,Corrugated Shipping Carton Premium Series 0505,Packaging,Premium,Meter,120.73,213.99,Active
506,PROD-000506,779,Protective Packaging Insert Premium Series 0506,Packaging,Premium,Each,336.09,636.48,Inactive
507,PROD-000507,585,Polymer Resin Premium Series 0507,Raw Materials,Premium,Meter,61.53,85.85,Active
508,PROD-000508,600,Industrial Copper Wire Specialty Series 0508,Raw Materials,Specialty,Each,412.6,800.6,Active
509,PROD-000509,106,Stainless Steel Sheet Premium Series 0509,Raw Materials,Premium,Kg,126.14,304.36,Active
510,PROD-000510,846,Thermal Processing Unit Specialty Series 0510,Industrial Equipment,Specialty,Kg,445.42,1104.15,Active
511,PROD-000511,925,Cold Rolled Steel Coil Standard Series 0511,Raw Materials,Standard,Liter,152.89,293.72,Inactive
512,PROD-000512,527,Pneumatic Control Unit Standard Series 0512,Industrial Equipment,Standard,Meter,304.18,726.59,Active
513,PROD-000513,487,Polymer Resin Specialty Series 0513,Raw Materials,Specialty,Kg,213.69,431.13,Active
514,PROD-000514,279,Drive Shaft Assembly Standard Series 0514,Components,Standard,Each,93.15,119.56,Active
515,PROD-000515,843,Stainless Steel Sheet Premium Series 0515,Raw Materials,Premium,Liter,396.13,734.32,Active
516,PROD-000516,742,Conveyor Roller Assembly Premium Series 0516,Components,Premium,Each,461.19,850.05,Active
517,PROD-000517,793,Precision Bearing Assembly Standard Series 0517,Components,Standard,Kg,127.52,266.61,Active
518,PROD-000518,621,Steel Coupling Specialty Series 0518,Components,Specialty,Each,239.19,365.58,Active
519,PROD-000519,719,Industrial Drive System Premium Series 0519,Industrial Equipment,Premium,Each,358.29,798.88,Active
520,PROD-000520,359,Drive Shaft Assembly Premium Series 0520,Components,Premium,Each,104.08,168.82,Active
521,PROD-000521,404,Industrial Valve Assembly Premium Series 0521,Components,Premium,Each,365.17,631.0,Active
522,PROD-000522,508,Thermal Processing Unit Standard Series 0522,Industrial Equipment,Standard,Each,255.13,404.47,Active
523,PROD-000523,547,Hydraulic Power Unit Standard Series 0523,Industrial Equipment,Standard,Meter,433.0,652.9,Inactive
524,PROD-000524,494,Steel Coupling Standard Series 0524,Components,Standard,Meter,85.31,211.31,Active
525,PROD-000525,214,Polymer Resin Specialty Series 0525,Raw Materials,Specialty,Liter,489.62,1102.16,Active
526,PROD-000526,783,Power Distribution Module Specialty Series 0526,Electronics,Specialty,Each,378.7,668.13,Active
527,PROD-000527,270,Motor Control Panel Premium Series 0527,Electronics,Premium,Each,452.43,950.82,Active
528,PROD-000528,665,Engineering Plastic Pellets Specialty Series 0528,Raw Materials,Specialty,Kg,266.55,386.48,Active
529,PROD-000529,463,Hydraulic Power Unit Premium Series 0529,Industrial Equipment,Premium,Meter,31.07,42.98,Active
530,PROD-000530,207,Variable Frequency Drive Specialty Series 0530,Electronics,Specialty,Liter,89.83,126.51,Active
531,PROD-000531,6,Proximity Sensor Specialty Series 0531,Electronics,Specialty,Meter,266.25,425.07,Active
532,PROD-000532,46,Industrial Copper Wire Specialty Series 0532,Raw Materials,Specialty,Each,201.93,448.55,Active
533,PROD-000533,25,Industrial Valve Assembly Specialty Series 0533,Components,Specialty,Liter,46.06,77.84,Inactive
534,PROD-000534,879,Industrial Signal Converter Specialty Series 0534,Electronics,Specialty,Liter,292.9,564.07,Active
535,PROD-000535,731,Hydraulic Power Unit Premium Series 0535,Industrial Equipment,Premium,Liter,227.54,512.82,Active
536,PROD-000536,758,Protective Packaging Insert Standard Series 0536,Packaging,Standard,Each,428.6,1051.75,Active
537,PROD-000537,886,Polymer Resin Premium Series 0537,Raw Materials,Premium,Liter,404.3,994.01,Active
538,PROD-000538,775,Industrial Copper Wire Premium Series 0538,Raw Materials,Premium,Kg,361.16,657.08,Inactive
539,PROD-000539,480,Stainless Steel Sheet Standard Series 0539,Raw Materials,Standard,Each,358.38,517.52,Inactive
540,PROD-000540,319,Thermal Processing Unit Standard Series 0540,Industrial Equipment,Standard,Each,460.31,1086.39,Active
541,PROD-000541,339,Corrugated Shipping Carton Specialty Series 0541,Packaging,Specialty,Meter,322.73,611.19,Active
542,PROD-000542,385,Variable Frequency Drive Standard Series 0542,Electronics,Standard,Meter,157.19,281.29,Inactive
543,PROD-000543,769,Polymer Resin Standard Series 0543,Raw Materials,Standard,Kg,15.72,33.45,Active
544,PROD-000544,174,Drive Shaft Assembly Premium Series 0544,Components,Premium,Liter,204.81,455.26,Active
545,PROD-000545,347,Material Handling Unit Premium Series 0545,Industrial Equipment,Premium,Kg,465.12,598.83,Active
546,PROD-000546,570,Engineering Plastic Pellets Specialty Series 0546,Raw Materials,Specialty,Liter,326.34,631.06,Active
547,PROD-000547,568,Hydraulic Power Unit Standard Series 0547,Industrial Equipment,Standard,Kg,68.27,145.32,Active
548,PROD-000548,744,Aluminum Sheet Stock Specialty Series 0548,Raw Materials,Specialty,Kg,456.04,638.43,Inactive
549,PROD-000549,723,Polymer Resin Specialty Series 0549,Raw Materials,Specialty,Each,228.8,470.23,Active
550,PROD-000550,916,Power Distribution Module Specialty Series 0550,Electronics,Specialty,Kg,38.54,58.52,Active
551,PROD-000551,846,Heavy-Duty Packaging Sleeve Premium Series 0551,Packaging,Premium,Kg,410.32,579.01,Active
552,PROD-000552,353,Industrial Signal Converter Premium Series 0552,Electronics,Premium,Meter,485.89,1028.47,Active
553,PROD-000553,959,Hydraulic Power Unit Premium Series 0553,Industrial Equipment,Premium,Liter,196.29,269.83,Active
554,PROD-000554,966,Steel Coupling Premium Series 0554,Components,Premium,Each,363.41,492.05,Active
555,PROD-000555,816,Polymer Resin Premium Series 0555,Raw Materials,Premium,Each,270.45,577.56,Active
556,PROD-000556,660,Power Distribution Module Premium Series 0556,Electronics,Premium,Kg,370.25,907.44,Active
557,PROD-000557,797,Heavy-Duty Packaging Sleeve Standard Series 0557,Packaging,Standard,Meter,148.17,294.02,Active
558,PROD-000558,157,Reusable Transport Crate Premium Series 0558,Packaging,Premium,Liter,207.28,315.0,Active
559,PROD-000559,448,Precision Bearing Assembly Standard Series 0559,Components,Standard,Meter,31.15,77.83,Active
560,PROD-000560,935,Variable Frequency Drive Specialty Series 0560,Electronics,Specialty,Meter,202.69,491.55,Active
561,PROD-000561,92,Industrial Stretch Film Specialty Series 0561,Packaging,Specialty,Kg,333.01,769.77,Active
562,PROD-000562,208,Industrial Copper Wire Specialty Series 0562,Raw Materials,Specialty,Each,116.03,178.01,Active
563,PROD-000563,176,Stainless Steel Sheet Specialty Series 0563,Raw Materials,Specialty,Kg,213.53,307.85,Active
564,PROD-000564,247,Conveyor Roller Assembly Specialty Series 0564,Components,Specialty,Kg,418.99,984.67,Active
565,PROD-000565,790,Cold Rolled Steel Coil Premium Series 0565,Raw Materials,Premium,Kg,453.78,592.71,Active
566,PROD-000566,936,Pneumatic Control Unit Premium Series 0566,Industrial Equipment,Premium,Meter,123.46,241.73,Active
567,PROD-000567,893,Industrial Stretch Film Specialty Series 0567,Packaging,Specialty,Each,300.86,400.74,Active
568,PROD-000568,762,Industrial Copper Wire Standard Series 0568,Raw Materials,Standard,Each,120.26,174.1,Active
569,PROD-000569,764,Material Handling Unit Standard Series 0569,Industrial Equipment,Standard,Liter,416.53,715.43,Active
570,PROD-000570,151,Conveyor Roller Assembly Standard Series 0570,Components,Standard,Kg,248.71,458.79,Active
571,PROD-000571,608,Industrial Control Module Specialty Series 0571,Electronics,Specialty,Each,236.42,493.33,Active
572,PROD-000572,915,Protective Packaging Insert Premium Series 0572,Packaging,Premium,Liter,409.75,1023.88,Inactive
573,PROD-000573,931,Polymer Resin Standard Series 0573,Raw Materials,Standard,Meter,375.88,849.63,Active
574,PROD-000574,543,Process Pump Assembly Premium Series 0574,Industrial Equipment,Premium,Each,284.77,608.83,Active
575,PROD-000575,205,Motor Control Panel Specialty Series 0575,Electronics,Specialty,Kg,376.67,520.41,Active
576,PROD-000576,951,Reusable Transport Crate Premium Series 0576,Packaging,Premium,Liter,476.53,1152.73,Active
577,PROD-000577,91,Precision Bearing Assembly Specialty Series 0577,Components,Specialty,Meter,274.3,452.48,Inactive
578,PROD-000578,812, Pneumatic Control Unit Standard Series 0578 ,Industrial Equipment,Standard,Each,230.85,369.66,Active
579,PROD-000579,915,Proximity Sensor Premium Series 0579,Electronics,Premium,Each,208.37,403.45,Active
580,PROD-000580,879,Process Pump Assembly Specialty Series 0580,Industrial Equipment,Specialty,Liter,155.06,226.92,Active
581,PROD-000581,484,Material Handling Unit Specialty Series 0581,Industrial Equipment,Specialty,Liter,430.95,711.78,Active
582,PROD-000582,211,Thermal Processing Unit Premium Series 0582,Industrial Equipment,Premium,Liter,85.65,113.6,Active
583,PROD-000583,785,Hydraulic Power Unit Premium Series 0583,Industrial Equipment,Premium,Liter,401.49,927.87,Active
584,PROD-000584,113,Variable Frequency Drive Specialty Series 0584,Electronics,Specialty,Liter,102.24,204.28,Active
585,PROD-000585,133,Polymer Resin Premium Series 0585,Raw Materials,Premium,Liter,458.33,781.52,Active
586,PROD-000586,916,Process Pump Assembly Premium Series 0586,Industrial Equipment,Premium,Meter,311.64,684.13,Active
587,PROD-000587,26,Motor Control Panel Standard Series 0587,Electronics,Standard,Meter,269.92,629.44,Active
588,PROD-000588,381,Engineering Plastic Pellets Specialty Series 0588,Raw Materials,Specialty,Each,125.43,217.68,Active
589,PROD-000589,584,Corrugated Shipping Carton Standard Series 0589,Packaging,Standard,Each,397.13,624.27,Active
590,PROD-000590,373,Variable Frequency Drive Premium Series 0590,Electronics,Premium,Liter,391.79,774.49,Active
591,PROD-000591,31,Aluminum Mounting Bracket Premium Series 0591,Components,Premium,Meter,442.44,974.9,Inactive
592,PROD-000592,135,Process Pump Assembly Premium Series 0592,Industrial Equipment,Premium,Kg,296.06,652.39,Active
593,PROD-000593,298,Material Handling Unit Standard Series 0593,Industrial Equipment,Standard,Meter,486.05,902.13,Active
594,PROD-000594,421,Industrial Signal Converter Specialty Series 0594,Electronics,Specialty,Kg,180.21,417.41,Active
595,PROD-000595,774,Hydraulic Power Unit Premium Series 0595,Industrial Equipment,Premium,Liter,114.89,145.68,Inactive
596,PROD-000596,705,Variable Frequency Drive Standard Series 0596,Electronics,Standard,Each,448.04,666.97,Active
597,PROD-000597,110,Industrial Drive System Standard Series 0597,Industrial Equipment,Standard,Meter,328.68,809.72,Active
598,PROD-000598,834,Industrial Copper Wire Standard Series 0598,Raw Materials,Standard,Kg,276.87,532.48,Active
599,PROD-000599,449,Material Handling Unit Premium Series 0599,Industrial Equipment,Premium,Kg,396.69,602.95,Active
600,PROD-000600,496,Conveyor Roller Assembly Premium Series 0600,Components,Premium,Kg,328.87,729.55,Inactive
601,PROD-000601,313,Precision Bearing Assembly Standard Series 0601,Components,Standard,Meter,300.95,571.2,Active
602,PROD-000602,19,Pneumatic Control Unit Specialty Series 0602,Industrial Equipment,Specialty,Kg,441.56,569.42,Active
603,PROD-000603,506,Industrial Drive System Specialty Series 0603,Industrial Equipment,Specialty,Liter,134.53,197.05,Active
604,PROD-000604,660,Pallet Wrap Assembly Specialty Series 0604,Packaging,Specialty,Liter,203.07,317.09,Active
605,PROD-000605,525,Industrial Valve Assembly Standard Series 0605,Components,Standard,Each,85.42,156.56,Active
606,PROD-000606,298,Engineering Plastic Pellets Premium Series 0606,Raw Materials,Premium,Kg,320.87,719.81,Active
607,PROD-000607,500,Industrial Control Module Premium Series 0607,Electronics,Premium,Liter,321.01,569.37,Active
608,PROD-000608,261,Protective Packaging Insert Standard Series 0608,Packaging,Standard,Liter,119.12,206.94,Active
609,PROD-000609,446,Aluminum Mounting Bracket Standard Series 0609,Components,Standard,Kg,118.46,282.26,Active
610,PROD-000610,179,Industrial Copper Wire Specialty Series 0610,Raw Materials,Specialty,Each,164.82,290.94,Active
611,PROD-000611,844,Motor Control Panel Standard Series 0611,Electronics,Standard,Each,269.07,556.05,Active
612,PROD-000612,153,Thermal Processing Unit Premium Series 0612,Industrial Equipment,Premium,Each,147.65,342.09,Active
613,PROD-000613,442,Hydraulic Power Unit Specialty Series 0613,Industrial Equipment,Specialty,Each,309.55,639.76,Inactive
614,PROD-000614,682,Steel Coupling Standard Series 0614,Components,Standard,Kg,58.65,136.66,Active
615,PROD-000615,612,Industrial Drive System Premium Series 0615,Industrial Equipment,Premium,Meter,280.01,677.17,Active
616,PROD-000616,864,Pallet Wrap Assembly Standard Series 0616,Packaging,Standard,Liter,445.14,620.17,Active
617,PROD-000617,498,Stainless Steel Sheet Premium Series 0617,Raw Materials,Premium,Liter,482.32,825.52,Active
618,PROD-000618,684,Thermal Processing Unit Specialty Series 0618,Industrial Equipment,Specialty,Kg,470.78,954.41,Active
619,PROD-000619,981,Precision Bearing Assembly Specialty Series 0619,Components,Specialty,Meter,40.94,85.27,Active
620,PROD-000620,934,Pneumatic Control Unit Standard Series 0620,Industrial Equipment,Standard,Liter,478.01,900.27,Active
621,PROD-000621,237,Aluminum Mounting Bracket Standard Series 0621,Components,Standard,Each,291.66,679.17,Active
622,PROD-000622,911,Industrial Copper Wire Premium Series 0622,Raw Materials,Premium,Meter,419.0,848.0,Inactive
623,PROD-000623,763,Material Handling Unit Specialty Series 0623,Industrial Equipment,Specialty,Meter,304.27,740.54,Active
624,PROD-000624,37,Engineering Plastic Pellets Standard Series 0624,Raw Materials,Standard,Each,361.18,573.79,Active
625,PROD-000625,58,Industrial Control Module Standard Series 0625,Electronics,Standard,Kg,498.49,1180.32,Inactive
626,PROD-000626,272,Aluminum Sheet Stock Specialty Series 0626,Raw Materials,Specialty,Liter,378.32,526.19,Active
627,PROD-000627,435,Proximity Sensor Specialty Series 0627,Electronics,Specialty,Kg,210.98,518.68,Active
628,PROD-000628,410,Industrial Copper Wire Standard Series 0628,Raw Materials,Standard,Each,83.69,193.37,Active
629,PROD-000629,276,Motor Control Panel Premium Series 0629,Electronics,Premium,Kg,55.16,83.13,Active
630,PROD-000630,558,Conveyor Roller Assembly Premium Series 0630,Components,Premium,Kg,412.04,769.04,Active
631,PROD-000631,868,Hydraulic Power Unit Specialty Series 0631,Industrial Equipment,Specialty,Meter,49.91,93.7,Active
632,PROD-000632,772,Variable Frequency Drive Standard Series 0632,Electronics,Standard,Liter,477.9,1020.57,Active
633,PROD-000633,614,Proximity Sensor Specialty Series 0633,Electronics,Specialty,Kg,359.12,780.42,Active
634,PROD-000634,197,Power Distribution Module Specialty Series 0634,Electronics,Specialty,Liter,135.68,191.39,Active
635,PROD-000635,419,Material Handling Unit Specialty Series 0635,Industrial Equipment,Specialty,Kg,390.99,610.26,Inactive
636,PROD-000636,337,Reusable Transport Crate Specialty Series 0636,Packaging,Specialty,Liter,296.08,409.86,Active
637,PROD-000637,220,Cold Rolled Steel Coil Premium Series 0637,Raw Materials,Premium,Kg,27.8,39.02,Active
638,PROD-000638,886,Pneumatic Control Unit Specialty Series 0638,Industrial Equipment,Specialty,Kg,487.12,1007.11,Active
639,PROD-000639,560,Polymer Resin Premium Series 0639,Raw Materials,Premium,Kg,273.51,502.22,Inactive
640,PROD-000640,868,Power Distribution Module Premium Series 0640,Electronics,Premium,Kg,135.65,263.9,Active
641,PROD-000641,407,Heavy-Duty Packaging Sleeve Specialty Series 0641,Packaging,Specialty,Meter,376.25,834.08,Active
642,PROD-000642,953,Industrial Signal Converter Standard Series 0642,Electronics,Standard,Meter,51.14,87.56,Active
643,PROD-000643,326,Hydraulic Power Unit Specialty Series 0643,Industrial Equipment,Specialty,Each,484.15,1075.94,Inactive
644,PROD-000644,721,Aluminum Sheet Stock Standard Series 0644,Raw Materials,Standard,Liter,94.55,160.94,Active
645,PROD-000645,223,Proximity Sensor Specialty Series 0645,Electronics,Specialty,Kg,457.16,1104.85,Active
646,PROD-000646,933,Drive Shaft Assembly Specialty Series 0646,Components,Specialty,Each,164.05,386.28,Active
647,PROD-000647,436,Heavy-Duty Packaging Sleeve Specialty Series 0647,Packaging,Specialty,Kg,216.16,450.89,Active
648,PROD-000648,22,Conveyor Roller Assembly Specialty Series 0648,Components,Specialty,Liter,159.1,395.47,Active
649,PROD-000649,308,Cold Rolled Steel Coil Standard Series 0649,Raw Materials,Standard,Liter,29.67,71.05,Active
650,PROD-000650,65,Protective Packaging Insert Premium Series 0650,Packaging,Premium,Liter,459.73,980.76,Active
651,PROD-000651,836,Industrial Stretch Film Specialty Series 0651,Packaging,Specialty,Meter,15.71,26.21,Active
652,PROD-000652,585,Drive Shaft Assembly Specialty Series 0652,Components,Specialty,Liter,385.43,609.89,Active
653,PROD-000653,347,Stainless Steel Sheet Premium Series 0653,Raw Materials,Premium,Meter,227.61,442.76,Active
654,PROD-000654,19,Reusable Transport Crate Standard Series 0654,Packaging,Standard,Liter,326.88,610.06,Active
655,PROD-000655,349,Precision Bearing Assembly Premium Series 0655,Components,Premium,Meter,160.99,297.41,Active
656,PROD-000656,25,Variable Frequency Drive Premium Series 0656,Electronics,Premium,Meter,361.28,732.69,Active
657,PROD-000657,3,Industrial Drive System Standard Series 0657,Industrial Equipment,Standard,Liter,166.04,293.5,Active
658,PROD-000658,439,Industrial Copper Wire Standard Series 0658,Raw Materials,Standard,Meter,437.25,908.47,Active
659,PROD-000659,921,Industrial Valve Assembly Premium Series 0659,Components,Premium,Each,195.33,292.29,Active
660,PROD-000660,248,Industrial Signal Converter Standard Series 0660,Electronics,Standard,Meter,161.36,376.75,Active
661,PROD-000661,469,Cold Rolled Steel Coil Specialty Series 0661,Raw Materials,Specialty,Liter,280.28,630.24,Inactive
662,PROD-000662,819,Protective Packaging Insert Specialty Series 0662,Packaging,Specialty,Liter,425.81,743.64,Active
663,PROD-000663,859,Polymer Resin Premium Series 0663,Raw Materials,Premium,Meter,130.67,259.06,Active
664,PROD-000664,872,Power Distribution Module Standard Series 0664,Electronics,Standard,Each,385.09,707.37,Active
665,PROD-000665,741,Motor Control Panel Premium Series 0665,Electronics,Premium,Liter,213.24,368.72,Active
666,PROD-000666,976,Industrial Signal Converter Premium Series 0666,Electronics,Premium,Kg,237.41,533.49,Active
667,PROD-000667,772,Cold Rolled Steel Coil Standard Series 0667,Raw Materials,Standard,Each,17.33,35.77,Active
668,PROD-000668,936,Pneumatic Control Unit Standard Series 0668,Industrial Equipment,Standard,Meter,329.73,614.52,Active
669,PROD-000669,683,Proximity Sensor Standard Series 0669,Electronics,Standard,Each,203.36,483.79,Active
670,PROD-000670,417,Pallet Wrap Assembly Standard Series 0670,Packaging,Standard,Liter,329.69,519.76,Active
671,PROD-000671,714,Material Handling Unit Premium Series 0671,Industrial Equipment,Premium,Kg,431.11,999.17,Active
672,PROD-000672,83,Reusable Transport Crate Standard Series 0672,Packaging,Standard,Meter,440.41,895.11,Inactive
673,PROD-000673,532,Cold Rolled Steel Coil Standard Series 0673,Raw Materials,Standard,Liter,465.75,767.12,Active
674,PROD-000674,347,Pneumatic Control Unit Standard Series 0674,Industrial Equipment,Standard,Meter,349.02,597.2,Active
675,PROD-000675,400,Industrial Drive System Premium Series 0675,Industrial Equipment,Premium,Liter,438.89,823.2,Active
676,PROD-000676,407,Pallet Wrap Assembly Specialty Series 0676,Packaging,Specialty,Meter,373.27,857.89,Active
677,PROD-000677,799,Material Handling Unit Premium Series 0677,Industrial Equipment,Premium,Kg,375.46,626.86,Active
678,PROD-000678,333,Thermal Processing Unit Standard Series 0678,Industrial Equipment,Standard,Each,444.27,947.37,Active
679,PROD-000679,718,Hydraulic Power Unit Premium Series 0679,Industrial Equipment,Premium,Kg,28.24,45.06,Active
680,PROD-000680,960,Steel Coupling Specialty Series 0680,Components,Specialty,Each,154.93,249.73,Active
681,PROD-000681,950,Polymer Resin Premium Series 0681,Raw Materials,Premium,Liter,435.78,731.96,Inactive
682,PROD-000682,298,Process Pump Assembly Specialty Series 0682,Industrial Equipment,Specialty,Liter,166.94,310.26,Active
683,PROD-000683,699,Stainless Steel Sheet Premium Series 0683,Raw Materials,Premium,Kg,391.08,490.72,Active
684,PROD-000684,823,Thermal Processing Unit Premium Series 0684,Industrial Equipment,Premium,Each,178.96,420.65,Active
685,PROD-000685,26,Precision Bearing Assembly Specialty Series 0685,Components,Specialty,Kg,151.78,216.81,Active
686,PROD-000686,1000,Steel Coupling Standard Series 0686,Components,Standard,Kg,145.11,263.69,Active
687,PROD-000687,463,Aluminum Mounting Bracket Specialty Series 0687,Components,Specialty,Kg,474.25,1012.9,Active
688,PROD-000688,965,Drive Shaft Assembly Standard Series 0688,Components,Standard,Meter,255.51,462.29,Active
689,PROD-000689,125,Industrial Valve Assembly Standard Series 0689,Components,Standard,Each,94.54,125.65,Active
690,PROD-000690,220,Reusable Transport Crate Standard Series 0690,Packaging,Standard,Liter,398.09,671.0,Inactive
691,PROD-000691,83,Corrugated Shipping Carton Specialty Series 0691,Packaging,Specialty,Kg,368.83,748.53,Inactive
692,PROD-000692,814,Pneumatic Control Unit Specialty Series 0692,Industrial Equipment,Specialty,Each,393.07,953.24,Active
693,PROD-000693,698,Aluminum Mounting Bracket Premium Series 0693,Components,Premium,Kg,26.95,38.24,Active
694,PROD-000694,862,Power Distribution Module Standard Series 0694,Electronics,Standard,Kg,360.91,563.81,Active
695,PROD-000695,69,Stainless Steel Sheet Premium Series 0695,Raw Materials,Premium,Liter,495.32,1210.43,Active
696,PROD-000696,111,Industrial Signal Converter Specialty Series 0696,Electronics,Specialty,Meter,362.22,483.88,Active
697,PROD-000697,963,Industrial Control Module Standard Series 0697,Electronics,Standard,Kg,193.79,484.05,Active
698,PROD-000698,577,Protective Packaging Insert Specialty Series 0698,Packaging,Specialty,Liter,20.43,42.84,Active
699,PROD-000699,624,Polymer Resin Specialty Series 0699,Raw Materials,Specialty,Kg,485.13,735.28,Active
700,PROD-000700,614,Process Pump Assembly Premium Series 0700,Industrial Equipment,Premium,Kg,222.72,473.53,Active
701,PROD-000701,44,Material Handling Unit Standard Series 0701,Industrial Equipment,Standard,Meter,480.85,769.23,Active
702,PROD-000702,895,Industrial Signal Converter Premium Series 0702,Electronics,Premium,Each,242.71,520.96,Active
703,PROD-000703,363,Corrugated Shipping Carton Specialty Series 0703,Packaging,Specialty,Liter,391.76,609.58,Active
704,PROD-000704,202,Steel Coupling Standard Series 0704,Components,Standard,Liter,290.71,423.13,Active
705,PROD-000705,215,Polymer Resin Premium Series 0705,Raw Materials,Premium,Meter,465.99,710.15,Active
706,PROD-000706,703,Power Distribution Module Specialty Series 0706,Electronics,Specialty,Meter,48.33,84.9,Active
707,PROD-000707,370,Material Handling Unit Premium Series 0707,Industrial Equipment,Premium,Liter,85.86,136.09,Active
708,PROD-000708,76,Thermal Processing Unit Specialty Series 0708,Industrial Equipment,Specialty,Each,72.46,170.42,Inactive
709,PROD-000709,996,Cold Rolled Steel Coil Standard Series 0709,Raw Materials,Standard,Kg,252.61,592.36,Active
710,PROD-000710,587,Pneumatic Control Unit Specialty Series 0710,Industrial Equipment,Specialty,Liter,105.32,229.64,Active
711,PROD-000711,194,Polymer Resin Premium Series 0711,Raw Materials,Premium,Liter,189.71,245.59,Active
712,PROD-000712,377,Power Distribution Module Premium Series 0712,Electronics,Premium,Liter,220.44,320.38,Active
713,PROD-000713,144,Stainless Steel Sheet Standard Series 0713,Raw Materials,Standard,Kg,43.6,97.22,Active
714,PROD-000714,727,Reusable Transport Crate Standard Series 0714,Packaging,Standard,Meter,210.28,507.32,Active
715,PROD-000715,221,Industrial Control Module Standard Series 0715,Electronics,Standard,Liter,66.5,91.43,Active
716,PROD-000716,744,Protective Packaging Insert Specialty Series 0716,Packaging,Specialty,Kg,322.8,439.46,Active
717,PROD-000717,582,Aluminum Mounting Bracket Specialty Series 0717,Components,Specialty,Liter,202.86,440.09,Inactive
718,PROD-000718,823,Power Distribution Module Specialty Series 0718,Electronics,Specialty,Meter,140.66,233.45,Active
719,PROD-000719,492,Stainless Steel Sheet Standard Series 0719,Raw Materials,Standard,Kg,57.58,107.22,Active
720,PROD-000720,229,Engineering Plastic Pellets Specialty Series 0720,Raw Materials,Specialty,Liter,110.84,155.24,Active
721,PROD-000721,396,Corrugated Shipping Carton Premium Series 0721,Packaging,Premium,Each,312.47,710.38,Active
722,PROD-000722,547,Protective Packaging Insert Standard Series 0722,Packaging,Standard,Liter,399.72,926.84,Active
723,PROD-000723,181,Industrial Drive System Premium Series 0723,Industrial Equipment,Premium,Meter,394.41,638.32,Active
724,PROD-000724,257,Drive Shaft Assembly Premium Series 0724,Components,Premium,Kg,110.44,149.29,Active
725,PROD-000725,750,Heavy-Duty Packaging Sleeve Standard Series 0725,Packaging,Standard,Kg,206.11,448.24,Inactive
726,PROD-000726,38,Industrial Signal Converter Standard Series 0726,Electronics,Standard,Each,325.86,723.97,Active
727,PROD-000727,168,Industrial Control Module Premium Series 0727,Electronics,Premium,Liter,412.75,773.76,Active
728,PROD-000728,394,Pneumatic Control Unit Standard Series 0728,Industrial Equipment,Standard,Meter,125.41,293.81,Active
729,PROD-000729,990,Proximity Sensor Premium Series 0729,Electronics,Premium,Meter,484.15,1052.76,Inactive
730,PROD-000730,885,Pallet Wrap Assembly Standard Series 0730,Packaging,Standard,Meter,92.84,199.41,Active
731,PROD-000731,652,Material Handling Unit Premium Series 0731,Industrial Equipment,Premium,Each,38.62,76.27,Active
732,PROD-000732,735,Industrial Signal Converter Standard Series 0732,Electronics,Standard,Each,166.15,398.66,Active
733,PROD-000733,636,Hydraulic Power Unit Specialty Series 0733,Industrial Equipment,Specialty,Kg,210.65,415.0,Active
734,PROD-000734,484,Protective Packaging Insert Specialty Series 0734,Packaging,Specialty,Each,410.47,893.76,Active
735,PROD-000735,703,Industrial Drive System Premium Series 0735,Industrial Equipment,Premium,Kg,410.82,855.35,Active
736,PROD-000736,945,Industrial Copper Wire Standard Series 0736,Raw Materials,Standard,Each,66.21,115.62,Active
737,PROD-000737,606,Motor Control Panel Standard Series 0737,Electronics,Standard,Each,46.85,90.96,Active
738,PROD-000738,988,Thermal Processing Unit Premium Series 0738,Industrial Equipment,Premium,Kg,393.97,597.22,Active
739,PROD-000739,311,Corrugated Shipping Carton Specialty Series 0739,Packaging,Specialty,Liter,482.4,1183.74,Active
740,PROD-000740,115,Aluminum Sheet Stock Specialty Series 0740,Raw Materials,Specialty,Meter,285.41,402.15,Active
741,PROD-000741,610,Industrial Drive System Standard Series 0741,Industrial Equipment,Standard,Liter,129.64,234.24,Active
742,PROD-000742,846,Drive Shaft Assembly Premium Series 0742,Components,Premium,Kg,229.66,301.29,Active
743,PROD-000743,447,Stainless Steel Sheet Premium Series 0743,Raw Materials,Premium,Liter,305.66,444.7,Inactive
744,PROD-000744,454,Industrial Signal Converter Specialty Series 0744,Electronics,Specialty,Each,121.64,231.46,Active
745,PROD-000745,435,Cold Rolled Steel Coil Standard Series 0745,Raw Materials,Standard,Meter,375.33,686.91,Inactive
746,PROD-000746,955,Protective Packaging Insert Standard Series 0746,Packaging,Standard,Meter,25.42,61.23,Active
747,PROD-000747,676,Aluminum Mounting Bracket Specialty Series 0747,Components,Specialty,Kg,119.46,235.17,Active
748,PROD-000748,645,Power Distribution Module Standard Series 0748,Electronics,Standard,Liter,28.05,52.86,Active
749,PROD-000749,117,Stainless Steel Sheet Premium Series 0749,Raw Materials,Premium,Meter,403.37,646.95,Active
750,PROD-000750,100,Industrial Signal Converter Specialty Series 0750,Electronics,Specialty,Kg,41.72,81.79,Active
751,PROD-000751,100,Hydraulic Power Unit Premium Series 0751,Industrial Equipment,Premium,Meter,94.09,185.05,Active
752,PROD-000752,542,Protective Packaging Insert Premium Series 0752,Packaging,Premium,Kg,263.5,621.6,Active
753,PROD-000753,718,Industrial Stretch Film Specialty Series 0753,Packaging,Specialty,Each,437.94,1037.46,Active
754,PROD-000754,589,Process Pump Assembly Specialty Series 0754,Industrial Equipment,Specialty,Each,185.56,328.23,Active
755,PROD-000755,794,Stainless Steel Sheet Specialty Series 0755,Raw Materials,Specialty,Kg,385.08,659.34,Active
756,PROD-000756,761,Engineering Plastic Pellets Premium Series 0756,Raw Materials,Premium,Each,257.0,565.93,Active
757,PROD-000757,319,Industrial Control Module Premium Series 0757,Electronics,Premium,Meter,478.71,644.74,Inactive
758,PROD-000758,844,Protective Packaging Insert Standard Series 0758,Packaging,Standard,Kg,368.41,564.65,Active
759,PROD-000759,349,Aluminum Mounting Bracket Premium Series 0759,Components,Premium,Each,395.59,635.33,Active
760,PROD-000760,798,Pallet Wrap Assembly Premium Series 0760,Packaging,Premium,Kg,237.66,457.23,Inactive
761,PROD-000761,12,Industrial Valve Assembly Specialty Series 0761,Components,Specialty,Each,308.57,455.1,Active
762,PROD-000762,74,Reusable Transport Crate Specialty Series 0762,Packaging,Specialty,Kg,390.04,600.91,Active
763,PROD-000763,981,Industrial Control Module Specialty Series 0763,Electronics,Specialty,Each,50.4,70.36,Active
764,PROD-000764,802,Protective Packaging Insert Premium Series 0764,Packaging,Premium,Kg,221.11,409.69,Active
765,PROD-000765,24,Proximity Sensor Standard Series 0765,Electronics,Standard,Kg,154.73,302.44,Inactive
766,PROD-000766,529,Industrial Copper Wire Premium Series 0766,Raw Materials,Premium,Liter,347.86,448.98,Active
767,PROD-000767,275,Motor Control Panel Premium Series 0767,Electronics,Premium,Liter,430.17,590.25,Active
768,PROD-000768,315,Engineering Plastic Pellets Standard Series 0768,Raw Materials,Standard,Kg,322.39,753.83,Active
769,PROD-000769,480,Hydraulic Power Unit Standard Series 0769,Industrial Equipment,Standard,Kg,30.2,62.16,Active
770,PROD-000770,555,Aluminum Sheet Stock Premium Series 0770,Raw Materials,Premium,Liter,238.17,593.92,Active
771,PROD-000771,741,Industrial Stretch Film Premium Series 0771,Packaging,Premium,Each,342.02,617.4,Active
772,PROD-000772,294,Process Pump Assembly Premium Series 0772,Industrial Equipment,Premium,Kg,225.91,337.82,Active
773,PROD-000773,944,Material Handling Unit Specialty Series 0773,Industrial Equipment,Specialty,Liter,435.36,968.9,Active
774,PROD-000774,945,Conveyor Roller Assembly Premium Series 0774,Components,Premium,Meter,381.63,592.64,Active
775,PROD-000775,587,Cold Rolled Steel Coil Specialty Series 0775,Raw Materials,Specialty,Kg,26.22,48.1,Active
776,PROD-000776,696,Protective Packaging Insert Specialty Series 0776,Packaging,Specialty,Each,145.08,266.42,Inactive
777,PROD-000777,745,Polymer Resin Standard Series 0777,Raw Materials,Standard,Liter,167.74,392.6,Active
778,PROD-000778,409,Power Distribution Module Standard Series 0778,Electronics,Standard,Kg,321.25,559.88,Active
779,PROD-000779,816,Material Handling Unit Premium Series 0779,Industrial Equipment,Premium,Liter,234.5,520.58,Active
780,PROD-000780,265,Reusable Transport Crate Standard Series 0780,Packaging,Standard,Liter,254.34,548.84,Active
781,PROD-000781,887,Hydraulic Power Unit Premium Series 0781,Industrial Equipment,Premium,Each,359.2,837.11,Active
782,PROD-000782,575,Steel Coupling Standard Series 0782,Components,Standard,Each,346.8,669.35,Active
783,PROD-000783,133,Polymer Resin Premium Series 0783,Raw Materials,Premium,Liter,394.42,717.55,Active
784,PROD-000784,331,Power Distribution Module Premium Series 0784,Electronics,Premium,Kg,457.15,810.84,Active
785,PROD-000785,830,Stainless Steel Sheet Standard Series 0785,Raw Materials,Standard,Kg,466.52,760.65,Active
786,PROD-000786,222,Engineering Plastic Pellets Standard Series 0786,Raw Materials,Standard,Meter,29.52,70.37,Active
787,PROD-000787,33,Precision Bearing Assembly Specialty Series 0787,Components,Specialty,Kg,347.1,722.32,Inactive
788,PROD-000788,165,Aluminum Sheet Stock Specialty Series 0788,Raw Materials,Specialty,Liter,253.2,463.05,Inactive
789,PROD-000789,346,Industrial Stretch Film Standard Series 0789,Packaging,Standard,Meter,348.41,524.69,Active
790,PROD-000790,68,Pallet Wrap Assembly Premium Series 0790,Packaging,Premium,Liter,396.02,657.07,Active
791,PROD-000791,621,Motor Control Panel Standard Series 0791,Electronics,Standard,Kg,403.67,904.05,Active
792,PROD-000792,624,Reusable Transport Crate Standard Series 0792,Packaging,Standard,Liter,333.15,738.3,Active
793,PROD-000793,186,Hydraulic Power Unit Premium Series 0793,Industrial Equipment,Premium,Kg,236.38,512.13,Active
794,PROD-000794,24,Pneumatic Control Unit Specialty Series 0794,Industrial Equipment,Specialty,Liter,174.65,419.38,Active
795,PROD-000795,21,Industrial Drive System Specialty Series 0795,Industrial Equipment,Specialty,Kg,184.65,308.87,Active
796,PROD-000796,833,Process Pump Assembly Standard Series 0796,Industrial Equipment,Standard,Meter,234.71,487.01,Active
797,PROD-000797,406,Motor Control Panel Premium Series 0797,Electronics,Premium,Meter,353.79,581.81,Active
798,PROD-000798,74,Industrial Signal Converter Premium Series 0798,Electronics,Premium,Each,14.3,34.85,Active
799,PROD-000799,415,Cold Rolled Steel Coil Premium Series 0799,Raw Materials,Premium,Meter,180.02,367.59,Active
800,PROD-000800,763,Variable Frequency Drive Premium Series 0800,Electronics,Premium,Liter,303.14,690.49,Active
801,PROD-000801,571,Polymer Resin Specialty Series 0801,Raw Materials,Specialty,Each,326.73,431.84,Active
802,PROD-000802,684,Drive Shaft Assembly Specialty Series 0802,Components,Specialty,Kg,192.04,428.43,Active
803,PROD-000803,205,Material Handling Unit Standard Series 0803,Industrial Equipment,Standard,Kg,459.33,988.7,Inactive
804,PROD-000804,605,Reusable Transport Crate Standard Series 0804,Packaging,Standard,Liter,300.05,394.66,Active
805,PROD-000805,556,Cold Rolled Steel Coil Premium Series 0805,Raw Materials,Premium,Kg,235.03,464.89,Active
806,PROD-000806,210,Protective Packaging Insert Specialty Series 0806,Packaging,Specialty,Liter,216.05,334.51,Active
807,PROD-000807,963,Industrial Drive System Standard Series 0807,Industrial Equipment,Standard,Meter,114.13,281.78,Active
808,PROD-000808,107,Process Pump Assembly Standard Series 0808,Industrial Equipment,Standard,Kg,279.17,669.26,Active
809,PROD-000809,181,Heavy-Duty Packaging Sleeve Specialty Series 0809,Packaging,Specialty,Liter,457.46,743.28,Active
810,PROD-000810,17,Industrial Signal Converter Specialty Series 0810,Electronics,Specialty,Liter,41.21,70.83,Inactive
811,PROD-000811,362,Cold Rolled Steel Coil Premium Series 0811,Raw Materials,Premium,Kg,498.35,776.34,Active
812,PROD-000812,996,Variable Frequency Drive Standard Series 0812,Electronics,Standard,Kg,409.83,766.69,Inactive
813,PROD-000813,702,Industrial Drive System Standard Series 0813,Industrial Equipment,Standard,Liter,216.46,540.25,Active
814,PROD-000814,967,Process Pump Assembly Premium Series 0814,Industrial Equipment,Premium,Liter,36.55,54.21,Active
815,PROD-000815,563,Industrial Valve Assembly Specialty Series 0815,Components,Specialty,Meter,203.78,498.04,Active
816,PROD-000816,360,Reusable Transport Crate Premium Series 0816,Packaging,Premium,Each,496.18,643.52,Active
817,PROD-000817,237,Precision Bearing Assembly Specialty Series 0817,Components,Specialty,Liter,354.05,785.51,Active
818,PROD-000818,201,Pneumatic Control Unit Standard Series 0818,Industrial Equipment,Standard,Each,318.3,727.53,Active
819,PROD-000819,683,Proximity Sensor Standard Series 0819,Electronics,Standard,Meter,466.41,742.02,Active
820,PROD-000820,337,Industrial Copper Wire Specialty Series 0820,Raw Materials,Specialty,Each,291.09,626.31,Active
821,PROD-000821,146,Motor Control Panel Standard Series 0821,Electronics,Standard,Liter,86.57,167.43,Active
822,PROD-000822,905,Thermal Processing Unit Standard Series 0822,Industrial Equipment,Standard,Kg,420.61,917.83,Active
823,PROD-000823,283,Hydraulic Power Unit Premium Series 0823,Industrial Equipment,Premium,Liter,196.22,349.9,Active
824,PROD-000824,725,Protective Packaging Insert Premium Series 0824,Packaging,Premium,Each,434.75,1068.4,Active
825,PROD-000825,604,Polymer Resin Specialty Series 0825,Raw Materials,Specialty,Kg,399.43,779.84,Active
826,PROD-000826,844,Drive Shaft Assembly Specialty Series 0826,Components,Specialty,Kg,69.41,170.25,Active
827,PROD-000827,541,Material Handling Unit Premium Series 0827,Industrial Equipment,Premium,Kg,343.88,847.66,Active
828,PROD-000828,120,Industrial Signal Converter Premium Series 0828,Electronics,Premium,Meter,433.2,845.03,Active
829,PROD-000829,97,Precision Bearing Assembly Specialty Series 0829,Components,Specialty,Meter,190.81,437.4,Active
830,PROD-000830,539,Steel Coupling Specialty Series 0830,Components,Specialty,Meter,457.74,1043.09,Active
831,PROD-000831,327,Aluminum Mounting Bracket Specialty Series 0831,Components,Specialty,Kg,283.12,460.63,Active
832,PROD-000832,163,Power Distribution Module Specialty Series 0832,Electronics,Specialty,Meter,188.74,361.3,Active
833,PROD-000833,111,Motor Control Panel Specialty Series 0833,Electronics,Specialty,Kg,468.37,594.02,Inactive
834,PROD-000834,868,Thermal Processing Unit Premium Series 0834,Industrial Equipment,Premium,Kg,480.04,792.68,Active
835,PROD-000835,424,Industrial Control Module Standard Series 0835,Electronics,Standard,Each,323.48,582.32,Active
836,PROD-000836,465,Variable Frequency Drive Premium Series 0836,Electronics,Premium,Each,411.96,915.57,Active
837,PROD-000837,7,Aluminum Mounting Bracket Premium Series 0837,Components,Premium,Kg,163.47,305.08,Active
838,PROD-000838,49,Industrial Copper Wire Standard Series 0838,Raw Materials,Standard,Meter,302.3,667.32,Active
839,PROD-000839,751,Material Handling Unit Premium Series 0839,Industrial Equipment,Premium,Each,244.19,367.78,Inactive
840,PROD-000840,137,Thermal Processing Unit Specialty Series 0840,Industrial Equipment,Specialty,Meter,318.92,686.61,Active
841,PROD-000841,940,Corrugated Shipping Carton Premium Series 0841,Packaging,Premium,Meter,360.82,834.7,Active
842,PROD-000842,479,Protective Packaging Insert Specialty Series 0842,Packaging,Specialty,Kg,342.08,530.71,Inactive
843,PROD-000843,413,Polymer Resin Standard Series 0843,Raw Materials,Standard,Liter,173.04,394.26,Active
844,PROD-000844,311,Power Distribution Module Standard Series 0844,Electronics,Standard,Liter,399.71,803.2,Active
845,PROD-000845,854,Heavy-Duty Packaging Sleeve Premium Series 0845,Packaging,Premium,Meter,175.39,321.85,Active
846,PROD-000846,704,Industrial Signal Converter Standard Series 0846,Electronics,Standard,Each,284.48,599.2,Active
847,PROD-000847,370,Precision Bearing Assembly Premium Series 0847,Components,Premium,Liter,138.86,298.28,Active
848,PROD-000848,972,Variable Frequency Drive Standard Series 0848,Electronics,Standard,Meter,60.72,125.03,Active
849,PROD-000849,836,Industrial Stretch Film Premium Series 0849,Packaging,Premium,Liter,207.7,422.39,Active
850,PROD-000850,765,Pallet Wrap Assembly Standard Series 0850,Packaging,Standard,Meter,53.15,93.61,Active
851,PROD-000851,678,Material Handling Unit Standard Series 0851,Industrial Equipment,Standard,Meter,425.59,909.89,Active
852,PROD-000852,597,Reusable Transport Crate Specialty Series 0852,Packaging,Specialty,Kg,345.69,534.85,Active
853,PROD-000853,496,Hydraulic Power Unit Standard Series 0853,Industrial Equipment,Standard,Kg,420.5,579.33,Active
854,PROD-000854,593,Pneumatic Control Unit Premium Series 0854,Industrial Equipment,Premium,Meter,404.78,971.28,Active
855,PROD-000855,198,Aluminum Mounting Bracket Specialty Series 0855,Components,Specialty,Kg,112.51,250.27,Active
856,PROD-000856,637,Pallet Wrap Assembly Standard Series 0856,Packaging,Standard,Kg,395.85,764.47,Active
857,PROD-000857,105,Industrial Valve Assembly Standard Series 0857,Components,Standard,Each,87.79,195.55,Active
858,PROD-000858,54,Reusable Transport Crate Standard Series 0858,Packaging,Standard,Meter,92.15,124.66,Active
859,PROD-000859,207,Hydraulic Power Unit Specialty Series 0859,Industrial Equipment,Specialty,Each,54.47,95.7,Active
860,PROD-000860,111,Aluminum Sheet Stock Standard Series 0860,Raw Materials,Standard,Each,198.11,291.44,Active
861,PROD-000861,145,Proximity Sensor Premium Series 0861,Electronics,Premium,Meter,375.42,778.23,Active
862,PROD-000862,682,Drive Shaft Assembly Premium Series 0862,Components,Premium,Meter,346.0,761.79,Inactive
863,PROD-000863,486,Material Handling Unit Specialty Series 0863,Industrial Equipment,Specialty,Kg,340.39,591.51,Active
864,PROD-000864,428,Reusable Transport Crate Premium Series 0864,Packaging,Premium,Each,230.01,355.99,Active
865,PROD-000865,896,Corrugated Shipping Carton Premium Series 0865,Packaging,Premium,Kg,433.54,710.63,Active
866,PROD-000866,741,Steel Coupling Standard Series 0866,Components,Standard,Each,453.19,887.01,Active
867,PROD-000867,228,Industrial Stretch Film Specialty Series 0867,Packaging,Specialty,Meter,251.63,328.75,Active
868,PROD-000868,441,Pallet Wrap Assembly Premium Series 0868,Packaging,Premium,Each,320.11,445.89,Active
869,PROD-000869,94,Industrial Valve Assembly Specialty Series 0869,Components,Specialty,Kg,62.9,155.82,Active
870,PROD-000870,746,Reusable Transport Crate Specialty Series 0870,Packaging,Specialty,Liter,128.26,192.16,Active
871,PROD-000871,44,Cold Rolled Steel Coil Standard Series 0871,Raw Materials,Standard,Meter,435.06,836.84,Active
872,PROD-000872,700,Steel Coupling Standard Series 0872,Components,Standard,Each,106.4,252.1,Inactive
873,PROD-000873,368,Industrial Stretch Film Specialty Series 0873,Packaging,Specialty,Liter,29.9,70.17,Active
874,PROD-000874,337,Industrial Copper Wire Premium Series 0874,Raw Materials,Premium,Meter,58.6,74.99,Active
875,PROD-000875,869,Motor Control Panel Standard Series 0875,Electronics,Standard,Liter,219.24,340.35,Active
876,PROD-000876,763,Engineering Plastic Pellets Specialty Series 0876,Raw Materials,Specialty,Kg,86.4,131.03,Active
877,PROD-000877,57,Cold Rolled Steel Coil Premium Series 0877,Raw Materials,Premium,Liter,446.65,979.59,Active
878,PROD-000878,803,Aluminum Sheet Stock Specialty Series 0878,Raw Materials,Specialty,Meter,447.26,577.22,Active
879,PROD-000879,408,Proximity Sensor Specialty Series 0879,Electronics,Specialty,Liter,73.69,99.86,Active
880,PROD-000880,941,Industrial Copper Wire Specialty Series 0880,Raw Materials,Specialty,Meter,96.56,168.83,Active
881,PROD-000881,892,Stainless Steel Sheet Specialty Series 0881,Raw Materials,Specialty,Liter,470.0,1023.35,Active
882,PROD-000882,95,Reusable Transport Crate Specialty Series 0882,Packaging,Specialty,Meter,290.51,673.79,Active
883,PROD-000883,414,Precision Bearing Assembly Premium Series 0883,Components,Premium,Liter,159.3,216.57,Active
884,PROD-000884,173,Pneumatic Control Unit Premium Series 0884,Industrial Equipment,Premium,Meter,197.99,446.76,Active
885,PROD-000885,103,Polymer Resin Premium Series 0885,Raw Materials,Premium,Meter,320.57,402.73,Active
886,PROD-000886,892,Drive Shaft Assembly Standard Series 0886,Components,Standard,Liter,370.15,846.16,Active
887,PROD-000887,90,Industrial Valve Assembly Premium Series 0887,Components,Premium,Kg,448.55,647.48,Active
888,PROD-000888,714,Engineering Plastic Pellets Standard Series 0888,Raw Materials,Standard,Meter,148.94,265.13,Active
889,PROD-000889,161,Industrial Control Module Standard Series 0889,Electronics,Standard,Each,129.64,183.15,Active
890,PROD-000890,981,Protective Packaging Insert Standard Series 0890,Packaging,Standard,Liter,57.0,85.69,Active
891,PROD-000891,773,Proximity Sensor Specialty Series 0891,Electronics,Specialty,Liter,51.25,111.01,Active
892,PROD-000892,18,Pallet Wrap Assembly Standard Series 0892,Packaging,Standard,Kg,401.03,933.93,Active
893,PROD-000893,108,Heavy-Duty Packaging Sleeve Premium Series 0893,Packaging,Premium,Meter,253.41,546.55,Active
894,PROD-000894,297,Conveyor Roller Assembly Premium Series 0894,Components,Premium,Kg,265.21,333.23,Active
895,PROD-000895,788,Corrugated Shipping Carton Premium Series 0895,Packaging,Premium,Kg,106.73,151.93,Active
896,PROD-000896,81,Protective Packaging Insert Standard Series 0896,Packaging,Standard,Liter,372.26,561.84,Active
897,PROD-000897,175,Polymer Resin Premium Series 0897,Raw Materials,Premium,Liter,214.26,294.29,Active
898,PROD-000898,995,Drive Shaft Assembly Standard Series 0898,Components,Standard,Meter,480.49,687.4,Active
899,PROD-000899,110,Motor Control Panel Standard Series 0899,Electronics,Standard,Meter,424.99,1057.51,Active
900,PROD-000900,888,Reusable Transport Crate Standard Series 0900,Packaging,Standard,Kg,322.08,705.6,Active
901,PROD-000901,447,Precision Bearing Assembly Premium Series 0901,Components,Premium,Kg,469.16,986.5,Active
902,PROD-000902,63,Aluminum Sheet Stock Specialty Series 0902,Raw Materials,Specialty,Meter,372.4,758.54,Active
903,PROD-000903,820,Industrial Stretch Film Specialty Series 0903,Packaging,Specialty,Liter,207.34,463.68,Active
904,PROD-000904,554,Power Distribution Module Premium Series 0904,Electronics,Premium,Liter,328.7,458.48,Active
905,PROD-000905,277,Stainless Steel Sheet Standard Series 0905,Raw Materials,Standard,Kg,128.74,305.99,Inactive
906,PROD-000906,61,Engineering Plastic Pellets Standard Series 0906,Raw Materials,Standard,Liter,270.57,597.67,Active
907,PROD-000907,188,Hydraulic Power Unit Premium Series 0907,Industrial Equipment,Premium,Kg,139.68,219.6,Active
908,PROD-000908,655,Aluminum Sheet Stock Standard Series 0908,Raw Materials,Standard,Each,116.88,211.19,Active
909,PROD-000909,604,Industrial Stretch Film Premium Series 0909,Packaging,Premium,Kg,452.08,627.39,Active
910,PROD-000910,197,Process Pump Assembly Premium Series 0910,Industrial Equipment,Premium,Each,216.54,426.69,Active
911,PROD-000911,933,Stainless Steel Sheet Specialty Series 0911,Raw Materials,Specialty,Liter,237.2,456.58,Active
912,PROD-000912,189,Engineering Plastic Pellets Premium Series 0912,Raw Materials,Premium,Liter,50.94,109.49,Active
913,PROD-000913,774,Corrugated Shipping Carton Standard Series 0913,Packaging,Standard,Each,300.31,747.88,Active
914,PROD-000914,633,Protective Packaging Insert Premium Series 0914,Packaging,Premium,Each,467.08,716.0,Inactive
915,PROD-000915,961,Aluminum Mounting Bracket Premium Series 0915,Components,Premium,Each,214.38,420.87,Active
916,PROD-000916,556,Power Distribution Module Specialty Series 0916,Electronics,Specialty,Liter,149.47,206.55,Active
917,PROD-000917,708,Heavy-Duty Packaging Sleeve Standard Series 0917,Packaging,Standard,Kg,82.77,157.43,Active
918,PROD-000918,231,Reusable Transport Crate Standard Series 0918,Packaging,Standard,Meter,302.34,540.99,Active
919,PROD-000919,304,Precision Bearing Assembly Specialty Series 0919,Components,Specialty,Each,419.77,707.67,Active
920,PROD-000920,317,Pneumatic Control Unit Premium Series 0920,Industrial Equipment,Premium,Each,76.89,190.79,Active
921,PROD-000921,459,Polymer Resin Specialty Series 0921,Raw Materials,Specialty,Liter,407.7,798.65,Inactive
922,PROD-000922,392,Industrial Copper Wire Specialty Series 0922,Raw Materials,Specialty,Liter,330.69,578.16,Active
923,PROD-000923,248,Heavy-Duty Packaging Sleeve Premium Series 0923,Packaging,Premium,Liter,111.9,170.71,Active
924,PROD-000924,227,Conveyor Roller Assembly Specialty Series 0924,Components,Specialty,Meter,394.56,775.66,Active
925,PROD-000925,78,Cold Rolled Steel Coil Specialty Series 0925,Raw Materials,Specialty,Kg,305.05,561.99,Active
926,PROD-000926,80,Steel Coupling Standard Series 0926,Components,Standard,Meter,265.39,480.41,Active
927,PROD-000927,228,Industrial Drive System Standard Series 0927,Industrial Equipment,Standard,Kg,122.29,302.21,Active
928,PROD-000928,41,Pallet Wrap Assembly Premium Series 0928,Packaging,Premium,Meter,298.66,635.27,Active
929,PROD-000929,723,Material Handling Unit Standard Series 0929,Industrial Equipment,Standard,Kg,360.4,806.56,Active
930,PROD-000930,919,Thermal Processing Unit Standard Series 0930,Industrial Equipment,Standard,Meter,258.58,428.51,Active
931,PROD-000931,414,Industrial Control Module Premium Series 0931,Electronics,Premium,Kg,32.5,60.81,Active
932,PROD-000932,898,Aluminum Sheet Stock Standard Series 0932,Raw Materials,Standard,Kg,437.62,1016.37,Active
933,PROD-000933,877,Industrial Drive System Standard Series 0933,Industrial Equipment,Standard,Meter,100.02,203.33,Active
934,PROD-000934,551,Drive Shaft Assembly Premium Series 0934,Components,Premium,Kg,301.45,475.43,Active
935,PROD-000935,145,Motor Control Panel Standard Series 0935,Electronics,Standard,Kg,359.19,486.08,Active
936,PROD-000936,501,Conveyor Roller Assembly Specialty Series 0936,Components,Specialty,Kg,157.02,383.61,Active
937,PROD-000937,563,Precision Bearing Assembly Standard Series 0937,Components,Standard,Liter,191.35,326.48,Active
938,PROD-000938,823,Protective Packaging Insert Standard Series 0938,Packaging,Standard,Meter,304.85,620.99,Active
939,PROD-000939,746,Industrial Stretch Film Premium Series 0939,Packaging,Premium,Liter,369.62,630.9,Active
940,PROD-000940,955,Power Distribution Module Premium Series 0940,Electronics,Premium,Each,328.62,475.33,Inactive
941,PROD-000941,560,Motor Control Panel Specialty Series 0941,Electronics,Specialty,Liter,445.56,586.49,Active
942,PROD-000942,148,Reusable Transport Crate Specialty Series 0942,Packaging,Specialty,Liter,334.67,454.38,Active
943,PROD-000943,243,Hydraulic Power Unit Standard Series 0943,Industrial Equipment,Standard,Each,493.94,1011.19,Active
944,PROD-000944,322,Protective Packaging Insert Specialty Series 0944,Packaging,Specialty,Kg,287.7,473.08,Active
945,PROD-000945,577,Industrial Drive System Standard Series 0945,Industrial Equipment,Standard,Kg,170.16,396.82,Active
946,PROD-000946,978,Process Pump Assembly Standard Series 0946,Industrial Equipment,Standard,Liter,481.61,955.5,Active
947,PROD-000947,242,Motor Control Panel Standard Series 0947,Electronics,Standard,Meter,492.43,853.53,Active
948,PROD-000948,383,Reusable Transport Crate Standard Series 0948,Packaging,Standard,Meter,452.25,1105.33,Active
949,PROD-000949,77,Cold Rolled Steel Coil Premium Series 0949,Raw Materials,Premium,Liter,336.54,702.26,Active
950,PROD-000950,529,Steel Coupling Specialty Series 0950,Components,Specialty,Each,189.1,422.29,Active
951,PROD-000951,597,Proximity Sensor Specialty Series 0951,Electronics,Specialty,Liter,187.06,304.56,Inactive
952,PROD-000952,139,Drive Shaft Assembly Specialty Series 0952,Components,Specialty,Kg,133.16,275.54,Active
953,PROD-000953,521,Motor Control Panel Standard Series 0953,Electronics,Standard,Kg,329.12,426.4,Active
954,PROD-000954,446,Reusable Transport Crate Premium Series 0954,Packaging,Premium,Each,119.59,174.24,Active
955,PROD-000955,455,Precision Bearing Assembly Standard Series 0955,Components,Standard,Liter,439.85,831.95,Active
956,PROD-000956,749,Protective Packaging Insert Premium Series 0956,Packaging,Premium,Kg,364.71,557.58,Active
957,PROD-000957,739,Industrial Stretch Film Standard Series 0957,Packaging,Standard,Meter,247.14,464.97,Active
958,PROD-000958,281,Power Distribution Module Specialty Series 0958,Electronics,Specialty,Kg,216.0,328.93,Active
959,PROD-000959,960,Industrial Valve Assembly Premium Series 0959,Components,Premium,Each,213.07,399.98,Active
960,PROD-000960,131,Conveyor Roller Assembly Premium Series 0960,Components,Premium,Each,437.56,922.04,Active
961,PROD-000961,336,Hydraulic Power Unit Standard Series 0961,Industrial Equipment,Standard,Liter,66.51,90.43,Active
962,PROD-000962,14,Variable Frequency Drive Standard Series 0962,Electronics,Standard,Liter,191.92,409.18,Active
963,PROD-000963,27,Aluminum Mounting Bracket Specialty Series 0963,Components,Specialty,Each,334.56,768.67,Active
964,PROD-000964,398,Pallet Wrap Assembly Premium Series 0964,Packaging,Premium,Meter,316.14,747.86,Inactive
965,PROD-000965,412,Industrial Valve Assembly Premium Series 0965,Components,Premium,Kg,26.01,40.21,Active
966,PROD-000966,395,Reusable Transport Crate Specialty Series 0966,Packaging,Specialty,Meter,359.75,576.85,Active
967,PROD-000967,13,Industrial Control Module Specialty Series 0967,Electronics,Specialty,Liter,115.9,152.59,Inactive
968,PROD-000968,419,Aluminum Sheet Stock Standard Series 0968,Raw Materials,Standard,Each,339.37,824.78,Active
969,PROD-000969,522,Aluminum Mounting Bracket Specialty Series 0969,Components,Specialty,Liter,294.02,704.94,Inactive
970,PROD-000970,55,Pallet Wrap Assembly Standard Series 0970,Packaging,Standard,Meter,385.75,891.48,Active
971,PROD-000971,997,Motor Control Panel Standard Series 0971,Electronics,Standard,Meter,90.12,188.61,Active
972,PROD-000972,388,Reusable Transport Crate Specialty Series 0972,Packaging,Specialty,Liter,361.47,617.44,Active
973,PROD-000973,727,Corrugated Shipping Carton Specialty Series 0973,Packaging,Specialty,Meter,26.92,54.87,Active
974,PROD-000974,692,Variable Frequency Drive Specialty Series 0974,Electronics,Specialty,Kg,195.51,396.5,Active
975,PROD-000975,803,Industrial Stretch Film Standard Series 0975,Packaging,Standard,Liter,214.65,454.07,Inactive
976,PROD-000976,219,Power Distribution Module Premium Series 0976,Electronics,Premium,Kg,173.95,394.25,Active
977,PROD-000977,358,Industrial Valve Assembly Premium Series 0977,Components,Premium,Meter,480.47,783.27,Active
978,PROD-000978,654,Reusable Transport Crate Standard Series 0978,Packaging,Standard,Liter,428.45,628.57,Active
979,PROD-000979,878,Precision Bearing Assembly Premium Series 0979,Components,Premium,Meter,60.04,108.31,Active
980,PROD-000980,642,Aluminum Sheet Stock Premium Series 0980,Raw Materials,Premium,Each,173.87,236.79,Active
981,PROD-000981,812,Polymer Resin Standard Series 0981,Raw Materials,Standard,Liter,276.31,445.41,Active
982,PROD-000982,342,Process Pump Assembly Specialty Series 0982,Industrial Equipment,Specialty,Meter,490.21,1156.09,Active
983,PROD-000983,37,Stainless Steel Sheet Specialty Series 0983,Raw Materials,Specialty,Kg,239.92,461.78,Active
984,PROD-000984,574,Thermal Processing Unit Premium Series 0984,Industrial Equipment,Premium,Liter,411.35,813.84,Active
985,PROD-000985,155,Industrial Control Module Standard Series 0985,Electronics,Standard,Kg,275.69,561.11,Active
986,PROD-000986,6,Aluminum Sheet Stock Standard Series 0986,Raw Materials,Standard,Liter,348.11,700.54,Active
987,PROD-000987,866,Proximity Sensor Specialty Series 0987,Electronics,Specialty,Liter,354.34,624.56,Active
988,PROD-000988,950,Process Pump Assembly Specialty Series 0988,Industrial Equipment,Specialty,Each,102.36,201.74,Inactive
989,PROD-000989,690,Heavy-Duty Packaging Sleeve Specialty Series 0989,Packaging,Specialty,Meter,305.01,672.18,Active
990,PROD-000990,208,Reusable Transport Crate Premium Series 0990,Packaging,Premium,Liter,405.01,527.98,Active
991,PROD-000991,128,Corrugated Shipping Carton Standard Series 0991,Packaging,Standard,Liter,217.87,327.4,Active
992,PROD-000992,977,Aluminum Sheet Stock Standard Series 0992,Raw Materials,Standard,Each,437.92,647.42,Active
993,PROD-000993,898,Industrial Drive System Specialty Series 0993,Industrial Equipment,Specialty,Liter,138.03,176.0,Active
994,PROD-000994,558,Drive Shaft Assembly Standard Series 0994,Components,Standard,Meter,143.15,272.44,Active
995,PROD-000995,99,Industrial Valve Assembly Specialty Series 0995,Components,Specialty,Each,291.7,477.7,Active
996,PROD-000996,242,Conveyor Roller Assembly Standard Series 0996,Components,Standard,Each,420.23,681.66,Active
997,PROD-000997,748,Precision Bearing Assembly Standard Series 0997,Components,Standard,Meter,344.46,787.71,Active
998,PROD-000998,791,Pneumatic Control Unit Specialty Series 0998,Industrial Equipment,Specialty,Meter,466.66,1020.98,Inactive
999,PROD-000999,331,Industrial Drive System Premium Series 0999,Industrial Equipment,Premium,Liter,95.5,192.92,Active
1000,PROD-001000,784,Industrial Copper Wire Standard Series 1000,Raw Materials,Standard,Meter,487.05,749.45,Active
1001,PROD-001001,549,Motor Control Panel Premium Series 1001,Electronics,Premium,Each,322.58,490.78,Active
1002,PROD-001002,152,Industrial Signal Converter Specialty Series 1002,Electronics,Specialty,Each,282.26,506.85,Active
1003,PROD-001003,907,Cold Rolled Steel Coil Standard Series 1003,Raw Materials,Standard,Liter,135.0,318.23,Active
1004,PROD-001004,967,Steel Coupling Standard Series 1004,Components,Standard,Liter,200.84,315.28,Active
1005,PROD-001005,266,Aluminum Mounting Bracket Specialty Series 1005,Components,Specialty,Kg,132.16,282.57,Active
1006,PROD-001006,207,Industrial Copper Wire Premium Series 1006,Raw Materials,Premium,Meter,432.85,1065.45,Active
1007,PROD-001007,196,Heavy-Duty Packaging Sleeve Premium Series 1007,Packaging,Premium,Kg,471.45,1153.59,Active
1008,PROD-001008,665,Industrial Signal Converter Standard Series 1008,Electronics,Standard,Meter,415.16,650.1,Active
1009,PROD-001009,626,Cold Rolled Steel Coil Standard Series 1009,Raw Materials,Standard,Each,292.35,429.3,Inactive
1010,PROD-001010,994,Steel Coupling Specialty Series 1010,Components,Specialty,Each,139.58,258.38,Active
1011,PROD-001011,775,Industrial Drive System Standard Series 1011,Industrial Equipment,Standard,Meter,111.04,254.43,Active
1012,PROD-001012,366,Drive Shaft Assembly Standard Series 1012,Components,Standard,Meter,50.04,67.64,Active
1013,PROD-001013,772,Stainless Steel Sheet Standard Series 1013,Raw Materials,Standard,Kg,191.07,393.84,Active
1014,PROD-001014,87,Industrial Signal Converter Specialty Series 1014,Electronics,Specialty,Kg,397.84,714.55,Active
1015,PROD-001015,821,Precision Bearing Assembly Premium Series 1015,Components,Premium,Liter,430.5,567.81,Active
1016,PROD-001016,353,Protective Packaging Insert Specialty Series 1016,Packaging,Specialty,Meter,452.47,673.99,Active
1017,PROD-001017,176,Proximity Sensor Standard Series 1017,Electronics,Standard,Liter,301.19,643.82,Active
1018,PROD-001018,811,Industrial Copper Wire Premium Series 1018,Raw Materials,Premium,Kg,169.85,328.56,Active
1019,PROD-001019,505,Material Handling Unit Premium Series 1019,Industrial Equipment,Premium,Each,421.79,710.74,Active
1020,PROD-001020,419,Conveyor Roller Assembly Premium Series 1020,Components,Premium,Liter,332.69,500.1,Active
1021,PROD-001021,845,Precision Bearing Assembly Premium Series 1021,Components,Premium,Kg,205.38,494.44,Active
1022,PROD-001022,629,Protective Packaging Insert Standard Series 1022,Packaging,Standard,Each,418.8,762.54,Active
1023,PROD-001023,379,Industrial Drive System Specialty Series 1023,Industrial Equipment,Specialty,Each,334.85,666.35,Active
1024,PROD-001024,990,Power Distribution Module Specialty Series 1024,Electronics,Specialty,Liter,205.02,360.73,Active
1025,PROD-001025,644,Stainless Steel Sheet Specialty Series 1025,Raw Materials,Specialty,Liter,339.97,479.59,Active
1026,PROD-001026,121,Engineering Plastic Pellets Standard Series 1026,Raw Materials,Standard,Kg,72.76,173.98,Active
1027,PROD-001027,349,Corrugated Shipping Carton Premium Series 1027,Packaging,Premium,Liter,414.25,757.54,Active
1028,PROD-001028,601,Aluminum Sheet Stock Specialty Series 1028,Raw Materials,Specialty,Each,493.05,1075.63,Active
1029,PROD-001029,904,Industrial Stretch Film Premium Series 1029,Packaging,Premium,Kg,390.44,671.95,Active
1030,PROD-001030,145,Process Pump Assembly Specialty Series 1030,Industrial Equipment,Specialty,Kg,379.36,732.32,Active
1031,PROD-001031,442,Stainless Steel Sheet Specialty Series 1031,Raw Materials,Specialty,Liter,192.89,331.69,Inactive
1032,PROD-001032,857,Thermal Processing Unit Premium Series 1032,Industrial Equipment,Premium,Kg,152.11,221.21,Active
1033,PROD-001033,760,Corrugated Shipping Carton Premium Series 1033,Packaging,Premium,Each,471.07,821.08,Active
1034,PROD-001034,647,Pneumatic Control Unit Specialty Series 1034,Industrial Equipment,Specialty,Kg,480.77,1123.56,Active
1035,PROD-001035,546,Industrial Stretch Film Standard Series 1035,Packaging,Standard,Meter,272.86,505.76,Active
1036,PROD-001036,258,Process Pump Assembly Specialty Series 1036,Industrial Equipment,Specialty,Kg,78.9,171.62,Active
1037,PROD-001037,695,Material Handling Unit Standard Series 1037,Industrial Equipment,Standard,Meter,90.21,148.23,Active
1038,PROD-001038,308,Conveyor Roller Assembly Standard Series 1038,Components,Standard,Each,28.24,47.04,Active
1039,PROD-001039,421,Precision Bearing Assembly Specialty Series 1039,Components,Specialty,Liter,119.07,157.55,Inactive
1040,PROD-001040,575,Aluminum Sheet Stock Premium Series 1040,Raw Materials,Premium,Liter,48.16,74.5,Active
1041,PROD-001041,809,Aluminum Mounting Bracket Premium Series 1041,Components,Premium,Liter,287.26,510.65,Active
1042,PROD-001042,52,Pallet Wrap Assembly Specialty Series 1042,Packaging,Specialty,Kg,106.6,160.0,Active
1043,PROD-001043,322,Stainless Steel Sheet Premium Series 1043,Raw Materials,Premium,Liter,254.93,605.47,Active
1044,PROD-001044,759,Thermal Processing Unit Specialty Series 1044,Industrial Equipment,Specialty,Liter,282.68,589.56,Inactive
1045,PROD-001045,711,Precision Bearing Assembly Specialty Series 1045,Components,Specialty,Liter,434.71,761.77,Active
1046,PROD-001046,180,Aluminum Sheet Stock Standard Series 1046,Raw Materials,Standard,Kg,60.6,119.97,Active
1047,PROD-001047,131,Polymer Resin Standard Series 1047,Raw Materials,Standard,Liter,473.82,1098.07,Active
1048,PROD-001048,944,Pallet Wrap Assembly Premium Series 1048,Packaging,Premium,Meter,111.09,185.82,Active
1049,PROD-001049,784,Industrial Valve Assembly Premium Series 1049,Components,Premium,Liter,358.11,589.69,Active
1050,PROD-001050,570,Thermal Processing Unit Standard Series 1050,Industrial Equipment,Standard,Kg,73.56,136.71,Active
1051,PROD-001051,600,Corrugated Shipping Carton Standard Series 1051,Packaging,Standard,Each,374.75,841.94,Active
1052,PROD-001052,347,Aluminum Sheet Stock Premium Series 1052,Raw Materials,Premium,Each,280.74,632.28,Active
1053,PROD-001053,224,Industrial Drive System Premium Series 1053,Industrial Equipment,Premium,Kg,320.76,578.62,Active
1054,PROD-001054,276,Power Distribution Module Premium Series 1054,Electronics,Premium,Kg,454.53,609.27,Active
1055,PROD-001055,645,Motor Control Panel Premium Series 1055,Electronics,Premium,Kg,478.65,1046.09,Active
1056,PROD-001056,246,Engineering Plastic Pellets Specialty Series 1056,Raw Materials,Specialty,Meter,421.49,932.36,Active
1057,PROD-001057,799,Precision Bearing Assembly Premium Series 1057,Components,Premium,Each,308.92,388.3,Active
1058,PROD-001058,547,Aluminum Sheet Stock Standard Series 1058,Raw Materials,Standard,Kg,238.15,455.88,Active
1059,PROD-001059,154,Polymer Resin Premium Series 1059,Raw Materials,Premium,Liter,461.63,722.45,Active
1060,PROD-001060,173,Drive Shaft Assembly Specialty Series 1060,Components,Specialty,Kg,222.19,292.85,Active
1061,PROD-001061,379,Material Handling Unit Standard Series 1061,Industrial Equipment,Standard,Meter,124.05,281.23,Active
1062,PROD-001062,145,Engineering Plastic Pellets Specialty Series 1062,Raw Materials,Specialty,Meter,198.33,436.3,Active
1063,PROD-001063,430,Corrugated Shipping Carton Premium Series 1063,Packaging,Premium,Meter,335.36,430.36,Active
1064,PROD-001064,787,Variable Frequency Drive Standard Series 1064,Electronics,Standard,Meter,129.25,184.65,Active
1065,PROD-001065,113,Polymer Resin Premium Series 1065,Raw Materials,Premium,Meter,55.05,120.59,Inactive
1066,PROD-001066,101,Drive Shaft Assembly Standard Series 1066,Components,Standard,Each,265.78,472.64,Active
1067,PROD-001067,478,Industrial Valve Assembly Premium Series 1067,Components,Premium,Kg,274.31,408.74,Active
1068,PROD-001068,903,Engineering Plastic Pellets Standard Series 1068,Raw Materials,Standard,Each,382.55,840.57,Active
1069,PROD-001069,303,Corrugated Shipping Carton Specialty Series 1069,Packaging,Specialty,Meter,395.93,499.98,Active
1070,PROD-001070,150,Pneumatic Control Unit Specialty Series 1070,Industrial Equipment,Specialty,Meter,129.45,176.08,Active
1071,PROD-001071,740,Industrial Stretch Film Standard Series 1071,Packaging,Standard,Kg,184.18,311.1,Active
1072,PROD-001072,32,Industrial Copper Wire Premium Series 1072,Raw Materials,Premium,Meter,303.43,559.4,Active
1073,PROD-001073,791,Stainless Steel Sheet Specialty Series 1073,Raw Materials,Specialty,Kg,151.05,286.87,Inactive
1074,PROD-001074,270,Thermal Processing Unit Standard Series 1074,Industrial Equipment,Standard,Meter,408.13,902.62,Active
1075,PROD-001075,93,Cold Rolled Steel Coil Premium Series 1075,Raw Materials,Premium,Meter,277.96,663.54,Active
1076,PROD-001076,587,Variable Frequency Drive Standard Series 1076,Electronics,Standard,Each,486.57,1208.3,Active
1077,PROD-001077,258,Aluminum Mounting Bracket Premium Series 1077,Components,Premium,Each,188.23,441.88,Active
1078,PROD-001078,927,Power Distribution Module Premium Series 1078,Electronics,Premium,Each,52.09,87.71,Active
1079,PROD-001079,238,Industrial Valve Assembly Premium Series 1079,Components,Premium,Meter,342.71,531.94,Active
1080,PROD-001080,32,Thermal Processing Unit Premium Series 1080,Industrial Equipment,Premium,Meter,239.29,378.57,Active
1081,PROD-001081,80,Cold Rolled Steel Coil Specialty Series 1081,Raw Materials,Specialty,Meter,240.6,491.44,Active
1082,PROD-001082,640,Pneumatic Control Unit Specialty Series 1082,Industrial Equipment,Specialty,Liter,72.16,106.29,Active
1083,PROD-001083,185,Industrial Stretch Film Premium Series 1083,Packaging,Premium,Liter,459.05,951.14,Active
1084,PROD-001084,312,Power Distribution Module Standard Series 1084,Electronics,Standard,Each,64.38,96.38,Active
1085,PROD-001085,107,Industrial Valve Assembly Premium Series 1085,Components,Premium,Each,307.76,683.89,Active
1086,PROD-001086,39,Conveyor Roller Assembly Specialty Series 1086,Components,Specialty,Kg,48.97,102.88,Active
1087,PROD-001087,226,Cold Rolled Steel Coil Specialty Series 1087,Raw Materials,Specialty,Kg,118.04,168.76,Active
1088,PROD-001088,980,Aluminum Sheet Stock Standard Series 1088,Raw Materials,Standard,Liter,113.02,166.57,Active
1089,PROD-001089,895,Proximity Sensor Specialty Series 1089,Electronics,Specialty,Meter,373.21,674.92,Active
1090,PROD-001090,459,Pallet Wrap Assembly Specialty Series 1090,Packaging,Specialty,Liter,83.71,145.94,Inactive
1091,PROD-001091,943,Stainless Steel Sheet Specialty Series 1091,Raw Materials,Specialty,Meter,262.38,506.31,Active
1092,PROD-001092,734,Conveyor Roller Assembly Specialty Series 1092,Components,Specialty,Each,449.66,889.27,Active
1093,PROD-001093,434,Corrugated Shipping Carton Specialty Series 1093,Packaging,Specialty,Kg,165.83,279.99,Active
1094,PROD-001094,394,Steel Coupling Premium Series 1094,Components,Premium,Kg,146.32,247.74,Active
1095,PROD-001095,558,Aluminum Mounting Bracket Standard Series 1095,Components,Standard,Each,396.83,970.98,Inactive
1096,PROD-001096,135,Industrial Copper Wire Premium Series 1096,Raw Materials,Premium,Each,143.79,245.87,Active
1097,PROD-001097,789,Industrial Valve Assembly Premium Series 1097,Components,Premium,Each,272.77,635.88,Active
1098,PROD-001098,857,Engineering Plastic Pellets Premium Series 1098,Raw Materials,Premium,Liter,27.44,55.58,Active
1099,PROD-001099,673,Hydraulic Power Unit Specialty Series 1099,Industrial Equipment,Specialty,Kg,290.57,565.58,Active
1100,PROD-001100,245,Variable Frequency Drive Specialty Series 1100,Electronics,Specialty,Liter,110.42,212.95,Active
1101,PROD-001101,764,Proximity Sensor Premium Series 1101,Electronics,Premium,Each,44.12,64.82,Inactive
1102,PROD-001102,518, Drive Shaft Assembly Specialty Series 1102 ,Components,Specialty,Kg,341.0,659.68,Active
1103,PROD-001103,447,Motor Control Panel Standard Series 1103,Electronics,Standard,Liter,142.92,335.41,Active
1104,PROD-001104,135,Reusable Transport Crate Specialty Series 1104,Packaging,Specialty,Meter,85.17,171.57,Active
1105,PROD-001105,171,Precision Bearing Assembly Standard Series 1105,Components,Standard,Meter,302.97,614.85,Active
1106,PROD-001106,150,Pneumatic Control Unit Specialty Series 1106,Industrial Equipment,Specialty,Meter,225.15,320.15,Active
1107,PROD-001107,305,Aluminum Mounting Bracket Standard Series 1107,Components,Standard,Kg,247.11,546.42,Active
1108,PROD-001108,972,Pallet Wrap Assembly Premium Series 1108,Packaging,Premium,Liter,259.89,342.49,Active
1109,PROD-001109,132,Material Handling Unit Standard Series 1109,Industrial Equipment,Standard,Kg,428.44,950.89,Active
1110,PROD-001110,383,Thermal Processing Unit Premium Series 1110,Industrial Equipment,Premium,Liter,246.98,344.16,Active
1111,PROD-001111,160,Industrial Control Module Specialty Series 1111,Electronics,Specialty,Meter,233.2,487.07,Active
1112,PROD-001112,951,Aluminum Sheet Stock Specialty Series 1112,Raw Materials,Specialty,Each,241.32,369.31,Active
1113,PROD-001113,375,Industrial Drive System Premium Series 1113,Industrial Equipment,Premium,Meter,194.15,453.71,Active
1114,PROD-001114,132,Process Pump Assembly Premium Series 1114,Industrial Equipment,Premium,Kg,247.37,408.17,Inactive
1115,PROD-001115,532,Industrial Valve Assembly Specialty Series 1115,Components,Specialty,Kg,60.95,144.55,Active
1116,PROD-001116,455,Industrial Signal Converter Specialty Series 1116,Electronics,Specialty,Kg,387.37,507.66,Inactive
1117,PROD-001117,193,Precision Bearing Assembly Specialty Series 1117,Components,Specialty,Each,15.12,23.65,Active
1118,PROD-001118,234,Variable Frequency Drive Standard Series 1118,Electronics,Standard,Each,22.83,32.31,Active
1119,PROD-001119,484,Industrial Drive System Premium Series 1119,Industrial Equipment,Premium,Each,196.11,442.87,Active
1120,PROD-001120,357,Industrial Copper Wire Standard Series 1120,Raw Materials,Standard,Each,328.23,482.24,Inactive
1121,PROD-001121,926,Industrial Valve Assembly Standard Series 1121,Components,Standard,Each,86.38,114.97,Active
1122,PROD-001122,549,Thermal Processing Unit Premium Series 1122,Industrial Equipment,Premium,Each,32.0,52.87,Active
1123,PROD-001123,993,Corrugated Shipping Carton Specialty Series 1123,Packaging,Specialty,Liter,182.32,298.85,Active
1124,PROD-001124,801,Protective Packaging Insert Specialty Series 1124,Packaging,Specialty,Kg,147.79,328.67,Active
1125,PROD-001125,522,Proximity Sensor Standard Series 1125,Electronics,Standard,Each,442.91,588.94,Active
1126,PROD-001126,317,Process Pump Assembly Standard Series 1126,Industrial Equipment,Standard,Meter,136.59,312.64,Inactive
1127,PROD-001127,764,Motor Control Panel Specialty Series 1127,Electronics,Specialty,Kg,80.15,114.32,Active
1128,PROD-001128,623,Conveyor Roller Assembly Standard Series 1128,Components,Standard,Meter,207.66,337.98,Inactive
1129,PROD-001129,147,Corrugated Shipping Carton Standard Series 1129,Packaging,Standard,Each,295.61,648.58,Active
1130,PROD-001130,255,Protective Packaging Insert Specialty Series 1130,Packaging,Specialty,Liter,75.51,162.82,Active
1131,PROD-001131,293,Industrial Stretch Film Premium Series 1131,Packaging,Premium,Liter,376.82,867.51,Active
1132,PROD-001132,612,Process Pump Assembly Standard Series 1132,Industrial Equipment,Standard,Kg,465.62,756.06,Active
1133,PROD-001133,140,Motor Control Panel Standard Series 1133,Electronics,Standard,Each,423.01,1023.55,Active
1134,PROD-001134,446,Conveyor Roller Assembly Standard Series 1134,Components,Standard,Meter,28.69,53.46,Active
1135,PROD-001135,872,Hydraulic Power Unit Specialty Series 1135,Industrial Equipment,Specialty,Meter,23.29,31.77,Active
1136,PROD-001136,10,Pneumatic Control Unit Standard Series 1136,Industrial Equipment,Standard,Liter,373.82,534.84,Active
1137,PROD-001137,276,Proximity Sensor Standard Series 1137,Electronics,Standard,Liter,148.63,212.38,Active
1138,PROD-001138,87,Process Pump Assembly Specialty Series 1138,Industrial Equipment,Specialty,Liter,18.7,34.56,Active
1139,PROD-001139,856,Material Handling Unit Standard Series 1139,Industrial Equipment,Standard,Liter,270.7,500.34,Active
1140,PROD-001140,368,Engineering Plastic Pellets Specialty Series 1140,Raw Materials,Specialty,Meter,326.59,636.78,Active
1141,PROD-001141,86,Precision Bearing Assembly Premium Series 1141,Components,Premium,Liter,104.39,159.19,Active
1142,PROD-001142,819,Protective Packaging Insert Specialty Series 1142,Packaging,Specialty,Liter,214.95,368.51,Active
1143,PROD-001143,222,Proximity Sensor Specialty Series 1143,Electronics,Specialty,Each,383.5,640.83,Active
1144,PROD-001144,782,Process Pump Assembly Specialty Series 1144,Industrial Equipment,Specialty,Kg,310.98,612.28,Active
1145,PROD-001145,325,Material Handling Unit Specialty Series 1145,Industrial Equipment,Specialty,Meter,257.12,531.67,Active
1146,PROD-001146,809,Engineering Plastic Pellets Specialty Series 1146,Raw Materials,Specialty,Kg,190.69,265.22,Active
1147,PROD-001147,720,Cold Rolled Steel Coil Specialty Series 1147,Raw Materials,Specialty,Liter,334.94,746.5,Active
1148,PROD-001148,903,Variable Frequency Drive Premium Series 1148,Electronics,Premium,Each,330.15,560.44,Active
1149,PROD-001149,970,Industrial Stretch Film Standard Series 1149,Packaging,Standard,Liter,121.14,197.87,Active
1150,PROD-001150,225,Pallet Wrap Assembly Premium Series 1150,Packaging,Premium,Kg,373.48,680.7,Inactive
1151,PROD-001151,846,Stainless Steel Sheet Premium Series 1151,Raw Materials,Premium,Liter,175.03,229.96,Active
1152,PROD-001152,101,Industrial Signal Converter Premium Series 1152,Electronics,Premium,Meter,219.89,321.09,Inactive
1153,PROD-001153,18,Precision Bearing Assembly Standard Series 1153,Components,Standard,Kg,379.0,762.68,Active
1154,PROD-001154,590,Aluminum Sheet Stock Standard Series 1154,Raw Materials,Standard,Each,53.27,124.79,Active
1155,PROD-001155,71,Industrial Stretch Film Premium Series 1155,Packaging,Premium,Each,436.57,761.21,Active
1156,PROD-001156,724,Drive Shaft Assembly Standard Series 1156,Components,Standard,Each,218.41,331.95,Active
1157,PROD-001157,143,Heavy-Duty Packaging Sleeve Standard Series 1157,Packaging,Standard,Meter,356.39,820.01,Active
1158,PROD-001158,723,Thermal Processing Unit Specialty Series 1158,Industrial Equipment,Specialty,Meter,175.76,282.54,Active
1159,PROD-001159,75,Corrugated Shipping Carton Premium Series 1159,Packaging,Premium,Liter,97.23,139.15,Active
1160,PROD-001160,843,Protective Packaging Insert Specialty Series 1160,Packaging,Specialty,Kg,257.22,554.09,Active
1161,PROD-001161,828,Aluminum Mounting Bracket Specialty Series 1161,Components,Specialty,Kg,387.05,561.73,Active
1162,PROD-001162,478,Pallet Wrap Assembly Standard Series 1162,Packaging,Standard,Kg,158.36,304.63,Active
1163,PROD-001163,334,Motor Control Panel Standard Series 1163,Electronics,Standard,Meter,427.64,584.47,Active
1164,PROD-001164,888,Thermal Processing Unit Premium Series 1164,Industrial Equipment,Premium,Meter,475.31,706.56,Active
1165,PROD-001165,181,Precision Bearing Assembly Standard Series 1165,Components,Standard,Each,231.81,469.61,Active
1166,PROD-001166,596,Pneumatic Control Unit Specialty Series 1166,Industrial Equipment,Specialty,Meter,72.56,107.74,Active
1167,PROD-001167,518,Industrial Drive System Specialty Series 1167,Industrial Equipment,Specialty,Liter,311.2,427.94,Active
1168,PROD-001168,902,Industrial Copper Wire Standard Series 1168,Raw Materials,Standard,Liter,100.1,153.08,Active
1169,PROD-001169,838,Industrial Valve Assembly Specialty Series 1169,Components,Specialty,Liter,397.31,993.12,Inactive
1170,PROD-001170,763,Thermal Processing Unit Standard Series 1170,Industrial Equipment,Standard,Meter,132.14,277.21,Active
1171,PROD-001171,213,Corrugated Shipping Carton Specialty Series 1171,Packaging,Specialty,Meter,384.85,499.44,Active
1172,PROD-001172,799,Steel Coupling Standard Series 1172,Components,Standard,Meter,495.2,1108.5,Active
1173,PROD-001173,213,Aluminum Mounting Bracket Premium Series 1173,Components,Premium,Each,362.01,789.66,Inactive
1174,PROD-001174,379,Pallet Wrap Assembly Standard Series 1174,Packaging,Standard,Meter,83.47,174.35,Active
1175,PROD-001175,378,Heavy-Duty Packaging Sleeve Premium Series 1175,Packaging,Premium,Each,63.29,111.99,Active
1176,PROD-001176,752,Reusable Transport Crate Standard Series 1176,Packaging,Standard,Meter,242.25,516.83,Active
1177,PROD-001177,672,Cold Rolled Steel Coil Premium Series 1177,Raw Materials,Premium,Meter,460.7,837.87,Active
1178,PROD-001178,529,Pneumatic Control Unit Specialty Series 1178,Industrial Equipment,Specialty,Kg,327.11,503.26,Active
1179,PROD-001179,740,Industrial Drive System Standard Series 1179,Industrial Equipment,Standard,Liter,233.31,540.52,Active
1180,PROD-001180,143,Drive Shaft Assembly Standard Series 1180,Components,Standard,Meter,83.27,171.14,Inactive
1181,PROD-001181,345,Material Handling Unit Specialty Series 1181,Industrial Equipment,Specialty,Kg,166.32,225.95,Active
1182,PROD-001182,641,Engineering Plastic Pellets Standard Series 1182,Raw Materials,Standard,Liter,121.69,250.99,Active
1183,PROD-001183,709,Hydraulic Power Unit Premium Series 1183,Industrial Equipment,Premium,Liter,197.35,270.34,Active
1184,PROD-001184,916,Variable Frequency Drive Specialty Series 1184,Electronics,Specialty,Each,68.94,149.47,Active
1185,PROD-001185,900,Industrial Stretch Film Standard Series 1185,Packaging,Standard,Kg,18.35,40.35,Active
1186,PROD-001186,499,Pallet Wrap Assembly Premium Series 1186,Packaging,Premium,Each,51.11,103.16,Inactive
1187,PROD-001187,636,Stainless Steel Sheet Standard Series 1187,Raw Materials,Standard,Kg,89.06,127.25,Active
1188,PROD-001188,783,Industrial Signal Converter Specialty Series 1188,Electronics,Specialty,Each,377.03,869.5,Active
1189,PROD-001189,127,Cold Rolled Steel Coil Standard Series 1189,Raw Materials,Standard,Liter,154.71,256.87,Active
1190,PROD-001190,183,Pneumatic Control Unit Premium Series 1190,Industrial Equipment,Premium,Kg,155.12,195.83,Active
1191,PROD-001191,958,Aluminum Mounting Bracket Specialty Series 1191,Components,Specialty,Each,278.3,660.06,Active
1192,PROD-001192,925,Drive Shaft Assembly Standard Series 1192,Components,Standard,Each,473.71,933.15,Active
1193,PROD-001193,340,Industrial Valve Assembly Standard Series 1193,Components,Standard,Meter,340.68,716.6,Active
1194,PROD-001194,520,Engineering Plastic Pellets Standard Series 1194,Raw Materials,Standard,Each,387.94,801.02,Active
1195,PROD-001195,434,Industrial Control Module Premium Series 1195,Electronics,Premium,Kg,380.46,857.92,Active
1196,PROD-001196,671,Protective Packaging Insert Standard Series 1196,Packaging,Standard,Meter,31.28,53.62,Active
1197,PROD-001197,277,Industrial Drive System Specialty Series 1197,Industrial Equipment,Specialty,Meter,299.59,705.15,Active
1198,PROD-001198,378,Drive Shaft Assembly Specialty Series 1198,Components,Specialty,Kg,34.91,84.46,Active
1199,PROD-001199,355,Motor Control Panel Standard Series 1199,Electronics,Standard,Meter,305.33,425.57,Active
1200,PROD-001200,753,Industrial Signal Converter Standard Series 1200,Electronics,Standard,Meter,62.86,147.3,Active
1201,PROD-001201,755,Corrugated Shipping Carton Standard Series 1201,Packaging,Standard,Liter,127.9,184.87,Inactive
1202,PROD-001202,545,Pneumatic Control Unit Specialty Series 1202,Industrial Equipment,Specialty,Meter,452.43,832.79,Active
1203,PROD-001203,669,Aluminum Mounting Bracket Standard Series 1203,Components,Standard,Liter,293.65,697.15,Active
1204,PROD-001204,449,Pallet Wrap Assembly Standard Series 1204,Packaging,Standard,Each,94.78,210.65,Active
1205,PROD-001205,938,Heavy-Duty Packaging Sleeve Specialty Series 1205,Packaging,Specialty,Meter,425.76,911.12,Active
1206,PROD-001206,82,Thermal Processing Unit Standard Series 1206,Industrial Equipment,Standard,Meter,457.74,735.82,Active
1207,PROD-001207,349,Precision Bearing Assembly Standard Series 1207,Components,Standard,Liter,165.93,312.29,Active
1208,PROD-001208,810,Pneumatic Control Unit Premium Series 1208,Industrial Equipment,Premium,Each,62.96,92.37,Active
1209,PROD-001209,706,Industrial Drive System Standard Series 1209,Industrial Equipment,Standard,Kg,86.11,214.7,Inactive
1210,PROD-001210,47,Power Distribution Module Standard Series 1210,Electronics,Standard,Liter,153.49,205.19,Active
1211,PROD-001211,921,Heavy-Duty Packaging Sleeve Specialty Series 1211,Packaging,Specialty,Meter,111.48,247.83,Active
1212,PROD-001212,647,Reusable Transport Crate Premium Series 1212,Packaging,Premium,Liter,322.59,501.4,Active
1213,PROD-001213,901,Cold Rolled Steel Coil Premium Series 1213,Raw Materials,Premium,Each,373.49,735.41,Active
1214,PROD-001214,960,Pneumatic Control Unit Standard Series 1214,Industrial Equipment,Standard,Kg,225.48,502.32,Inactive
1215,PROD-001215,320,Industrial Drive System Specialty Series 1215,Industrial Equipment,Specialty,Meter,176.9,250.58,Active
1216,PROD-001216,507,Drive Shaft Assembly Standard Series 1216,Components,Standard,Meter,306.75,588.84,Active
1217,PROD-001217,592,Motor Control Panel Standard Series 1217,Electronics,Standard,Liter,75.43,176.63,Active
1218,PROD-001218,126,Engineering Plastic Pellets Specialty Series 1218,Raw Materials,Specialty,Meter,468.37,766.28,Active
1219,PROD-001219,169,Precision Bearing Assembly Specialty Series 1219,Components,Specialty,Liter,298.89,471.89,Active
1220,PROD-001220,157,Aluminum Sheet Stock Standard Series 1220,Raw Materials,Standard,Kg,234.93,451.07,Active
1221,PROD-001221,496,Aluminum Mounting Bracket Premium Series 1221,Components,Premium,Meter,138.93,332.62,Active
1222,PROD-001222,572,Industrial Copper Wire Standard Series 1222,Raw Materials,Standard,Each,196.81,280.84,Inactive
1223,PROD-001223,516,Material Handling Unit Standard Series 1223,Industrial Equipment,Standard,Liter,198.67,376.59,Active
1224,PROD-001224,237,Engineering Plastic Pellets Premium Series 1224,Raw Materials,Premium,Meter,11.1,14.52,Active
1225,PROD-001225,749,Cold Rolled Steel Coil Specialty Series 1225,Raw Materials,Specialty,Each,258.24,329.88,Active
1226,PROD-001226,223,Steel Coupling Premium Series 1226,Components,Premium,Kg,437.38,1034.55,Active
1227,PROD-001227,592,Proximity Sensor Standard Series 1227,Electronics,Standard,Each,449.93,755.75,Active
1228,PROD-001228,980,Power Distribution Module Premium Series 1228,Electronics,Premium,Each,238.26,552.27,Inactive
1229,PROD-001229,941,Stainless Steel Sheet Premium Series 1229,Raw Materials,Premium,Liter,76.86,113.91,Active
1230,PROD-001230,577,Engineering Plastic Pellets Standard Series 1230,Raw Materials,Standard,Meter,70.66,106.0,Active
1231,PROD-001231,895,Industrial Control Module Premium Series 1231,Electronics,Premium,Liter,361.34,585.2,Active
1232,PROD-001232,782,Variable Frequency Drive Standard Series 1232,Electronics,Standard,Meter,495.01,1154.62,Active
1233,PROD-001233,761,Polymer Resin Premium Series 1233,Raw Materials,Premium,Liter,90.22,193.33,Active
1234,PROD-001234,573,Drive Shaft Assembly Premium Series 1234,Components,Premium,Liter,471.03,964.47,Active
1235,PROD-001235,560,Motor Control Panel Standard Series 1235,Electronics,Standard,Kg,397.86,631.95,Inactive
1236,PROD-001236,648,Reusable Transport Crate Premium Series 1236,Packaging,Premium,Liter,221.81,371.75,Active
1237,PROD-001237,173,Industrial Control Module Standard Series 1237,Electronics,Standard,Each,293.84,445.98,Active
1238,PROD-001238,70,Protective Packaging Insert Standard Series 1238,Packaging,Standard,Liter,376.67,510.63,Active
1239,PROD-001239,581,Aluminum Mounting Bracket Standard Series 1239,Components,Standard,Meter,489.05,777.82,Active
1240,PROD-001240,896,Drive Shaft Assembly Specialty Series 1240,Components,Specialty,Each,272.53,539.75,Active
1241,PROD-001241,314,Stainless Steel Sheet Standard Series 1241,Raw Materials,Standard,Each,286.54,687.12,Active
1242,PROD-001242,990,Industrial Signal Converter Premium Series 1242,Electronics,Premium,Kg,408.82,602.0,Active
1243,PROD-001243,489,Industrial Control Module Premium Series 1243,Electronics,Premium,Each,384.6,674.96,Active
1244,PROD-001244,860,Steel Coupling Premium Series 1244,Components,Premium,Each,464.16,1029.25,Active
1245,PROD-001245,310,Industrial Stretch Film Premium Series 1245,Packaging,Premium,Each,203.4,381.28,Active
1246,PROD-001246,468,Drive Shaft Assembly Specialty Series 1246,Components,Specialty,Each,438.89,725.13,Active
1247,PROD-001247,241,Material Handling Unit Standard Series 1247,Industrial Equipment,Standard,Liter,489.06,1107.07,Inactive
1248,PROD-001248,389,Engineering Plastic Pellets Standard Series 1248,Raw Materials,Standard,Liter,15.74,21.36,Active
1249,PROD-001249,823,Corrugated Shipping Carton Standard Series 1249,Packaging,Standard,Liter,136.52,174.22,Active
1250,PROD-001250,283,Variable Frequency Drive Premium Series 1250,Electronics,Premium,Kg,496.87,992.71,Active
1251,PROD-001251,701,Aluminum Mounting Bracket Standard Series 1251,Components,Standard,Liter,250.53,432.98,Inactive
1252,PROD-001252,462,Pallet Wrap Assembly Standard Series 1252,Packaging,Standard,Kg,238.99,491.25,Active
1253,PROD-001253,10,Motor Control Panel Specialty Series 1253,Electronics,Specialty,Kg,175.05,238.66,Active
1254,PROD-001254,328,Industrial Signal Converter Specialty Series 1254,Electronics,Specialty,Kg,63.53,121.32,Active
1255,PROD-001255,621,Hydraulic Power Unit Standard Series 1255,Industrial Equipment,Standard,Meter,441.88,855.16,Active
1256,PROD-001256,677,Steel Coupling Premium Series 1256,Components,Premium,Liter,106.99,254.81,Active
1257,PROD-001257,545,Industrial Drive System Specialty Series 1257,Industrial Equipment,Specialty,Liter,306.36,717.74,Active
1258,PROD-001258,990,Industrial Copper Wire Standard Series 1258,Raw Materials,Standard,Each,232.98,570.18,Active
1259,PROD-001259,710,Heavy-Duty Packaging Sleeve Premium Series 1259,Packaging,Premium,Meter,423.91,955.86,Active
1260,PROD-001260,181,Engineering Plastic Pellets Premium Series 1260,Raw Materials,Premium,Each,161.54,344.01,Active
1261,PROD-001261,751,Industrial Control Module Standard Series 1261,Electronics,Standard,Liter,30.79,57.74,Active
1262,PROD-001262,485,Pneumatic Control Unit Specialty Series 1262,Industrial Equipment,Specialty,Meter,342.07,679.99,Active
1263,PROD-001263,91,Polymer Resin Specialty Series 1263,Raw Materials,Specialty,Liter,37.32,69.89,Active
1264,PROD-001264,795,Process Pump Assembly Standard Series 1264,Industrial Equipment,Standard,Each,67.56,98.68,Active
1265,PROD-001265,118,Motor Control Panel Standard Series 1265,Electronics,Standard,Kg,435.28,1043.65,Active
1266,PROD-001266,505,Industrial Signal Converter Premium Series 1266,Electronics,Premium,Each,92.93,144.72,Active
1267,PROD-001267,518,Precision Bearing Assembly Premium Series 1267,Components,Premium,Each,199.65,354.76,Active
1268,PROD-001268,564,Variable Frequency Drive Standard Series 1268,Electronics,Standard,Liter,453.06,677.8,Active
1269,PROD-001269,227,Aluminum Mounting Bracket Standard Series 1269,Components,Standard,Kg,167.35,236.16,Active
1270,PROD-001270,888,Process Pump Assembly Premium Series 1270,Industrial Equipment,Premium,Each,244.55,453.5,Inactive
1271,PROD-001271,648,Stainless Steel Sheet Specialty Series 1271,Raw Materials,Specialty,Liter,171.49,255.84,Active
1272,PROD-001272,764,Industrial Signal Converter Premium Series 1272,Electronics,Premium,Liter,390.44,919.47,Active
1273,PROD-001273,52,Precision Bearing Assembly Premium Series 1273,Components,Premium,Each,153.97,301.49,Active
1274,PROD-001274,60,Aluminum Sheet Stock Standard Series 1274,Raw Materials,Standard,Kg,389.97,830.67,Active
1275,PROD-001275,535,Industrial Stretch Film Standard Series 1275,Packaging,Standard,Liter,481.43,1068.47,Active
1276,PROD-001276,40,Industrial Copper Wire Standard Series 1276,Raw Materials,Standard,Kg,407.81,806.12,Active
1277,PROD-001277,692,Industrial Valve Assembly Standard Series 1277,Components,Standard,Each,347.65,492.79,Active
1278,PROD-001278,189,Reusable Transport Crate Premium Series 1278,Packaging,Premium,Meter,123.17,282.49,Active
1279,PROD-001279,618,Industrial Control Module Premium Series 1279,Electronics,Premium,Liter,453.54,1100.84,Active
1280,PROD-001280,462,Aluminum Sheet Stock Standard Series 1280,Raw Materials,Standard,Each,445.0,674.47,Active
1281,PROD-001281,825,Proximity Sensor Specialty Series 1281,Electronics,Specialty,Kg,49.31,81.52,Active
1282,PROD-001282,287,Process Pump Assembly Premium Series 1282,Industrial Equipment,Premium,Meter,394.51,682.12,Active
1283,PROD-001283,565,Heavy-Duty Packaging Sleeve Specialty Series 1283,Packaging,Specialty,Meter,437.39,628.56,Active
1284,PROD-001284,209,Industrial Signal Converter Premium Series 1284,Electronics,Premium,Liter,326.5,442.57,Active
1285,PROD-001285,380,Cold Rolled Steel Coil Specialty Series 1285,Raw Materials,Specialty,Meter,12.27,17.35,Active
1286,PROD-001286,809,Pneumatic Control Unit Standard Series 1286,Industrial Equipment,Standard,Kg,476.41,772.83,Active
1287,PROD-001287,190,Proximity Sensor Specialty Series 1287,Electronics,Specialty,Liter,476.91,714.2,Active
1288,PROD-001288,530,Industrial Copper Wire Specialty Series 1288,Raw Materials,Specialty,Liter,29.98,58.69,Active
1289,PROD-001289,369,Industrial Valve Assembly Specialty Series 1289,Components,Specialty,Each,67.76,137.1,Active
1290,PROD-001290,968,Thermal Processing Unit Premium Series 1290,Industrial Equipment,Premium,Liter,467.09,957.28,Active
1291,PROD-001291,550,Industrial Control Module Premium Series 1291,Electronics,Premium,Liter,170.54,417.39,Active
1292,PROD-001292,805,Aluminum Sheet Stock Specialty Series 1292,Raw Materials,Specialty,Each,206.33,428.11,Active
1293,PROD-001293,696,Industrial Drive System Standard Series 1293,Industrial Equipment,Standard,Liter,10.96,19.16,Active
1294,PROD-001294,995,Industrial Copper Wire Standard Series 1294,Raw Materials,Standard,Liter,237.59,383.03,Active
1295,PROD-001295,705,Material Handling Unit Standard Series 1295,Industrial Equipment,Standard,Each,432.65,559.18,Active
1296,PROD-001296,390,Industrial Signal Converter Standard Series 1296,Electronics,Standard,Meter,89.47,144.74,Active
1297,PROD-001297,968,Corrugated Shipping Carton Premium Series 1297,Packaging,Premium,Kg,227.43,441.3,Active
1298,PROD-001298,74,Protective Packaging Insert Specialty Series 1298,Packaging,Specialty,Each,330.0,507.02,Active
1299,PROD-001299,150,Proximity Sensor Premium Series 1299,Electronics,Premium,Meter,413.87,977.77,Active
1300,PROD-001300,792,Process Pump Assembly Premium Series 1300,Industrial Equipment,Premium,Each,27.33,50.19,Active
1301,PROD-001301,942,Heavy-Duty Packaging Sleeve Standard Series 1301,Packaging,Standard,Each,465.55,1034.68,Active
1302,PROD-001302,425,Conveyor Roller Assembly Premium Series 1302,Components,Premium,Each,119.97,258.8,Active
1303,PROD-001303,387,Corrugated Shipping Carton Specialty Series 1303,Packaging,Specialty,Each,412.55,808.69,Active
1304,PROD-001304,231,Aluminum Sheet Stock Standard Series 1304,Raw Materials,Standard,Meter,381.5,568.25,Active
1305,PROD-001305,509,Polymer Resin Premium Series 1305,Raw Materials,Premium,Meter,153.7,218.22,Active
1306,PROD-001306,483,Industrial Copper Wire Premium Series 1306,Raw Materials,Premium,Kg,316.49,683.94,Active
1307,PROD-001307,407,Motor Control Panel Standard Series 1307,Electronics,Standard,Meter,59.71,83.16,Active
1308,PROD-001308,911,Reusable Transport Crate Premium Series 1308,Packaging,Premium,Each,42.13,75.13,Active
1309,PROD-001309,781,Hydraulic Power Unit Standard Series 1309,Industrial Equipment,Standard,Liter,281.29,553.62,Active
1310,PROD-001310,332,Aluminum Sheet Stock Specialty Series 1310,Raw Materials,Specialty,Kg,347.75,456.03,Active
1311,PROD-001311,540,Polymer Resin Specialty Series 1311,Raw Materials,Specialty,Each,168.73,213.31,Active
1312,PROD-001312,610,Process Pump Assembly Specialty Series 1312,Industrial Equipment,Specialty,Kg,438.57,673.38,Active
1313,PROD-001313,862,Material Handling Unit Standard Series 1313,Industrial Equipment,Standard,Liter,469.58,1086.3,Active
1314,PROD-001314,359,Engineering Plastic Pellets Standard Series 1314,Raw Materials,Standard,Liter,428.17,584.32,Active
1315,PROD-001315,657,Corrugated Shipping Carton Premium Series 1315,Packaging,Premium,Kg,477.56,652.29,Active
1316,PROD-001316,893,Aluminum Sheet Stock Premium Series 1316,Raw Materials,Premium,Each,321.58,671.03,Active
1317,PROD-001317,332,Polymer Resin Standard Series 1317,Raw Materials,Standard,Each,104.76,197.56,Active
1318,PROD-001318,711,Pallet Wrap Assembly Specialty Series 1318,Packaging,Specialty,Meter,201.22,356.41,Active
1319,PROD-001319,709,Motor Control Panel Premium Series 1319,Electronics,Premium,Each,481.78,1012.27,Inactive
1320,PROD-001320,486,Engineering Plastic Pellets Specialty Series 1320,Raw Materials,Specialty,Kg,279.05,421.55,Inactive
1321,PROD-001321,442,Cold Rolled Steel Coil Premium Series 1321,Raw Materials,Premium,Liter,29.91,55.52,Active
1322,PROD-001322,617,Variable Frequency Drive Specialty Series 1322,Electronics,Specialty,Kg,497.51,1092.97,Active
1323,PROD-001323,473,Industrial Stretch Film Specialty Series 1323,Packaging,Specialty,Meter,171.23,331.98,Inactive
1324,PROD-001324,7,Pallet Wrap Assembly Specialty Series 1324,Packaging,Specialty,Liter,356.31,832.99,Active
1325,PROD-001325,724,Stainless Steel Sheet Standard Series 1325,Raw Materials,Standard,Each,64.89,118.68,Active
1326,PROD-001326,176,Conveyor Roller Assembly Standard Series 1326,Components,Standard,Liter,132.34,262.33,Active
1327,PROD-001327,453,Precision Bearing Assembly Specialty Series 1327,Components,Specialty,Liter,326.69,736.37,Active
1328,PROD-001328,709,Variable Frequency Drive Standard Series 1328,Electronics,Standard,Liter,462.15,720.64,Active
1329,PROD-001329,724,Industrial Drive System Specialty Series 1329,Industrial Equipment,Specialty,Kg,61.02,124.5,Active
1330,PROD-001330,28,Pallet Wrap Assembly Specialty Series 1330,Packaging,Specialty,Meter,182.48,390.51,Active
1331,PROD-001331,242,Stainless Steel Sheet Premium Series 1331,Raw Materials,Premium,Each,381.62,506.5,Active
1332,PROD-001332,258,Thermal Processing Unit Premium Series 1332,Industrial Equipment,Premium,Liter,42.24,53.43,Inactive
1333,PROD-001333,157,Corrugated Shipping Carton Standard Series 1333,Packaging,Standard,Meter,297.41,671.39,Active
1334,PROD-001334,212,Steel Coupling Premium Series 1334,Components,Premium,Meter,169.67,374.92,Active
1335,PROD-001335,824,Aluminum Mounting Bracket Premium Series 1335,Components,Premium,Kg,34.06,68.69,Active
1336,PROD-001336,721,Process Pump Assembly Premium Series 1336,Industrial Equipment,Premium,Each,312.8,530.63,Active
1337,PROD-001337,596,Industrial Valve Assembly Specialty Series 1337,Components,Specialty,Liter,183.86,358.91,Active
1338,PROD-001338,68,Industrial Signal Converter Standard Series 1338,Electronics,Standard,Meter,340.25,597.74,Active
1339,PROD-001339,380,Hydraulic Power Unit Standard Series 1339,Industrial Equipment,Standard,Meter,311.41,585.23,Active
1340,PROD-001340,617,Protective Packaging Insert Specialty Series 1340,Packaging,Specialty,Kg,220.82,327.18,Active
1341,PROD-001341,508,Industrial Stretch Film Specialty Series 1341,Packaging,Specialty,Liter,442.42,723.44,Active
1342,PROD-001342,554,Process Pump Assembly Premium Series 1342,Industrial Equipment,Premium,Kg,113.67,147.09,Active
1343,PROD-001343,85,Heavy-Duty Packaging Sleeve Standard Series 1343,Packaging,Standard,Kg,490.44,738.28,Active
1344,PROD-001344,349,Industrial Signal Converter Standard Series 1344,Electronics,Standard,Meter,80.02,158.25,Active
1345,PROD-001345,78,Precision Bearing Assembly Standard Series 1345,Components,Standard,Each,477.52,673.85,Active
1346,PROD-001346,269,Pneumatic Control Unit Standard Series 1346,Industrial Equipment,Standard,Kg,431.94,885.94,Active
1347,PROD-001347,480,Industrial Drive System Standard Series 1347,Industrial Equipment,Standard,Kg,259.84,480.1,Active
1348,PROD-001348,96,Drive Shaft Assembly Specialty Series 1348,Components,Specialty,Meter,447.82,999.9,Active
1349,PROD-001349,241,Heavy-Duty Packaging Sleeve Standard Series 1349,Packaging,Standard,Each,286.71,447.44,Active
1350,PROD-001350,791,Engineering Plastic Pellets Specialty Series 1350,Raw Materials,Specialty,Meter,156.7,368.69,Active
1351,PROD-001351,123,Cold Rolled Steel Coil Specialty Series 1351,Raw Materials,Specialty,Kg,494.85,933.27,Inactive
1352,PROD-001352,667,Steel Coupling Specialty Series 1352,Components,Specialty,Kg,70.74,88.44,Active
1353,PROD-001353,566,Aluminum Mounting Bracket Standard Series 1353,Components,Standard,Liter,181.97,308.47,Active
1354,PROD-001354,471,Pallet Wrap Assembly Standard Series 1354,Packaging,Standard,Meter,379.5,702.54,Active
1355,PROD-001355,879,Material Handling Unit Standard Series 1355,Industrial Equipment,Standard,Each,100.11,192.02,Active
1356,PROD-001356,100,Industrial Signal Converter Specialty Series 1356,Electronics,Specialty,Kg,288.77,396.67,Active
1357,PROD-001357,108,Precision Bearing Assembly Specialty Series 1357,Components,Specialty,Liter,45.26,60.26,Active
1358,PROD-001358,398,Aluminum Sheet Stock Specialty Series 1358,Raw Materials,Specialty,Each,23.26,42.22,Active
1359,PROD-001359,546,Aluminum Mounting Bracket Specialty Series 1359,Components,Specialty,Kg,315.33,450.15,Active
1360,PROD-001360,44,Pallet Wrap Assembly Premium Series 1360,Packaging,Premium,Liter,46.26,70.04,Active
1361,PROD-001361,568,Stainless Steel Sheet Specialty Series 1361,Raw Materials,Specialty,Each,477.49,1155.58,Active
1362,PROD-001362,528,Conveyor Roller Assembly Specialty Series 1362,Components,Specialty,Meter,152.99,268.01,Active
1363,PROD-001363,456,Precision Bearing Assembly Standard Series 1363,Components,Standard,Liter,371.65,712.28,Active
1364,PROD-001364,25,Pneumatic Control Unit Specialty Series 1364,Industrial Equipment,Specialty,Kg,13.36,26.16,Active
1365,PROD-001365,907,Proximity Sensor Premium Series 1365,Electronics,Premium,Each,321.37,609.3,Active
1366,PROD-001366,623,Industrial Copper Wire Premium Series 1366,Raw Materials,Premium,Meter,114.2,282.7,Active
1367,PROD-001367,239,Stainless Steel Sheet Premium Series 1367,Raw Materials,Premium,Each,209.26,384.32,Inactive
1368,PROD-001368,566,Conveyor Roller Assembly Premium Series 1368,Components,Premium,Kg,292.29,507.0,Active
1369,PROD-001369,51,Corrugated Shipping Carton Premium Series 1369,Packaging,Premium,Each,274.65,443.45,Active
1370,PROD-001370,787,Protective Packaging Insert Standard Series 1370,Packaging,Standard,Meter,119.09,255.74,Active
1371,PROD-001371,816,Industrial Stretch Film Standard Series 1371,Packaging,Standard,Meter,18.88,32.74,Inactive
1372,PROD-001372,747,Drive Shaft Assembly Specialty Series 1372,Components,Specialty,Each,442.51,1004.92,Inactive
1373,PROD-001373,547,Heavy-Duty Packaging Sleeve Specialty Series 1373,Packaging,Specialty,Meter,96.31,145.19,Active
1374,PROD-001374,901,Thermal Processing Unit Standard Series 1374,Industrial Equipment,Standard,Meter,445.16,570.85,Active
1375,PROD-001375,437,Hydraulic Power Unit Premium Series 1375,Industrial Equipment,Premium,Kg,426.52,951.41,Active
1376,PROD-001376,925,Protective Packaging Insert Specialty Series 1376,Packaging,Specialty,Liter,19.91,25.03,Active
1377,PROD-001377,373,Industrial Drive System Specialty Series 1377,Industrial Equipment,Specialty,Each,426.55,950.02,Active
1378,PROD-001378,951,Power Distribution Module Specialty Series 1378,Electronics,Specialty,Each,49.91,108.98,Active
1379,PROD-001379,37,Industrial Valve Assembly Premium Series 1379,Components,Premium,Kg,317.24,686.42,Inactive
1380,PROD-001380,757,Conveyor Roller Assembly Premium Series 1380,Components,Premium,Kg,199.29,322.66,Inactive
1381,PROD-001381,995,Corrugated Shipping Carton Specialty Series 1381,Packaging,Specialty,Meter,267.13,486.22,Active
1382,PROD-001382,477,Pneumatic Control Unit Standard Series 1382,Industrial Equipment,Standard,Each,20.14,41.23,Active
1383,PROD-001383,934,Industrial Stretch Film Specialty Series 1383,Packaging,Specialty,Meter,273.17,393.52,Active
1384,PROD-001384,737,Power Distribution Module Premium Series 1384,Electronics,Premium,Meter,437.83,958.61,Active
1385,PROD-001385,872,Industrial Valve Assembly Premium Series 1385,Components,Premium,Meter,372.61,717.63,Active
1386,PROD-001386,174,Engineering Plastic Pellets Specialty Series 1386,Raw Materials,Specialty,Meter,411.54,693.4,Active
1387,PROD-001387,863,Corrugated Shipping Carton Specialty Series 1387,Packaging,Specialty,Liter,433.76,600.33,Active
1388,PROD-001388,345,Steel Coupling Premium Series 1388,Components,Premium,Kg,240.13,330.38,Active
1389,PROD-001389,1,Industrial Drive System Premium Series 1389,Industrial Equipment,Premium,Liter,272.31,414.64,Active
1390,PROD-001390,537,Pallet Wrap Assembly Specialty Series 1390,Packaging,Specialty,Liter,461.98,1151.78,Active
1391,PROD-001391,990,Material Handling Unit Standard Series 1391,Industrial Equipment,Standard,Each,459.0,818.26,Active
1392,PROD-001392,400,Thermal Processing Unit Premium Series 1392,Industrial Equipment,Premium,Kg,74.58,147.1,Active
1393,PROD-001393,550,Industrial Control Module Specialty Series 1393,Electronics,Specialty,Liter,489.35,992.68,Inactive
1394,PROD-001394,66,Aluminum Sheet Stock Standard Series 1394,Raw Materials,Standard,Kg,335.42,678.67,Active
1395,PROD-001395,133,Aluminum Mounting Bracket Standard Series 1395,Components,Standard,Kg,226.1,424.42,Active
1396,PROD-001396,435,Drive Shaft Assembly Premium Series 1396,Components,Premium,Each,29.09,63.26,Active
1397,PROD-001397,480,Material Handling Unit Standard Series 1397,Industrial Equipment,Standard,Kg,469.07,1038.87,Inactive
1398,PROD-001398,413,Conveyor Roller Assembly Specialty Series 1398,Components,Specialty,Meter,160.81,334.17,Active
1399,PROD-001399,327,Corrugated Shipping Carton Specialty Series 1399,Packaging,Specialty,Meter,422.2,631.25,Active
1400,PROD-001400,573, Pneumatic Control Unit Specialty Series 1400 ,Industrial Equipment,Specialty,Kg,285.91,608.72,Active
1401,PROD-001401,310,Aluminum Mounting Bracket Standard Series 1401,Components,Standard,Liter,316.62,634.48,Active
1402,PROD-001402,268,Industrial Copper Wire Specialty Series 1402,Raw Materials,Specialty,Meter,263.17,394.61,Inactive
1403,PROD-001403,303,Heavy-Duty Packaging Sleeve Premium Series 1403,Packaging,Premium,Each,90.03,185.24,Active
1404,PROD-001404,963,Thermal Processing Unit Standard Series 1404,Industrial Equipment,Standard,Meter,58.69,79.66,Active
1405,PROD-001405,105,Cold Rolled Steel Coil Specialty Series 1405,Raw Materials,Specialty,Liter,105.35,194.76,Active
1406,PROD-001406,301,Steel Coupling Premium Series 1406,Components,Premium,Liter,446.63,816.09,Active
1407,PROD-001407,245,Polymer Resin Specialty Series 1407,Raw Materials,Specialty,Each,342.88,650.25,Active
1408,PROD-001408,39,Industrial Copper Wire Premium Series 1408,Raw Materials,Premium,Each,313.8,705.51,Active
1409,PROD-001409,95,Motor Control Panel Standard Series 1409,Electronics,Standard,Meter,64.95,106.26,Inactive
1410,PROD-001410,614,Thermal Processing Unit Specialty Series 1410,Industrial Equipment,Specialty,Liter,170.45,325.13,Active
1411,PROD-001411,143,Cold Rolled Steel Coil Specialty Series 1411,Raw Materials,Specialty,Kg,214.19,426.29,Active
1412,PROD-001412,6,Aluminum Sheet Stock Standard Series 1412,Raw Materials,Standard,Meter,194.73,348.19,Active
1413,PROD-001413,321,Proximity Sensor Specialty Series 1413,Electronics,Specialty,Kg,252.54,628.08,Active
1414,PROD-001414,777,Drive Shaft Assembly Standard Series 1414,Components,Standard,Meter,166.14,377.52,Active
1415,PROD-001415,118,Heavy-Duty Packaging Sleeve Standard Series 1415,Packaging,Standard,Meter,479.5,1138.35,Active
1416,PROD-001416,775,Thermal Processing Unit Specialty Series 1416,Industrial Equipment,Specialty,Liter,202.73,278.82,Active
1417,PROD-001417,929,Hydraulic Power Unit Specialty Series 1417,Industrial Equipment,Specialty,Liter,361.74,631.33,Active
1418,PROD-001418,243,Pneumatic Control Unit Premium Series 1418,Industrial Equipment,Premium,Kg,98.46,210.73,Inactive
1419,PROD-001419,565,Proximity Sensor Standard Series 1419,Electronics,Standard,Kg,210.36,447.04,Active
1420,PROD-001420,383,Power Distribution Module Standard Series 1420,Electronics,Standard,Meter,236.39,478.06,Inactive
1421,PROD-001421,762,Material Handling Unit Specialty Series 1421,Industrial Equipment,Specialty,Each,382.5,732.17,Active
1422,PROD-001422,528,Conveyor Roller Assembly Specialty Series 1422,Components,Specialty,Kg,156.98,367.4,Active
1423,PROD-001423,10,Precision Bearing Assembly Premium Series 1423,Components,Premium,Liter,309.16,721.11,Active
1424,PROD-001424,485,Steel Coupling Standard Series 1424,Components,Standard,Liter,211.09,446.05,Active
1425,PROD-001425,896,Proximity Sensor Premium Series 1425,Electronics,Premium,Meter,416.92,854.82,Inactive
1426,PROD-001426,500,Drive Shaft Assembly Premium Series 1426,Components,Premium,Liter,396.73,762.7,Active
1427,PROD-001427,576,Industrial Valve Assembly Specialty Series 1427,Components,Specialty,Each,272.43,393.17,Inactive
1428,PROD-001428,378,Conveyor Roller Assembly Standard Series 1428,Components,Standard,Kg,93.41,123.06,Active
1429,PROD-001429,761,Hydraulic Power Unit Specialty Series 1429,Industrial Equipment,Specialty,Meter,498.85,694.08,Active
1430,PROD-001430,118,Aluminum Sheet Stock Specialty Series 1430,Raw Materials,Specialty,Meter,300.87,646.04,Active
1431,PROD-001431,214,Industrial Stretch Film Standard Series 1431,Packaging,Standard,Liter,141.54,198.72,Active
1432,PROD-001432,134,Industrial Copper Wire Standard Series 1432,Raw Materials,Standard,Meter,94.32,222.87,Active
1433,PROD-001433,558,Heavy-Duty Packaging Sleeve Specialty Series 1433,Packaging,Specialty,Kg,334.52,663.47,Active
1434,PROD-001434,440,Thermal Processing Unit Standard Series 1434,Industrial Equipment,Standard,Meter,318.07,662.31,Active
1435,PROD-001435,769,Industrial Control Module Specialty Series 1435,Electronics,Specialty,Meter,368.81,602.48,Active
1436,PROD-001436,651,Steel Coupling Standard Series 1436,Components,Standard,Meter,227.06,371.67,Active
1437,PROD-001437,442,Industrial Drive System Specialty Series 1437,Industrial Equipment,Specialty,Liter,327.55,738.13,Active
1438,PROD-001438,599,Process Pump Assembly Specialty Series 1438,Industrial Equipment,Specialty,Kg,398.76,981.09,Active
1439,PROD-001439,420,Stainless Steel Sheet Premium Series 1439,Raw Materials,Premium,Each,46.0,79.76,Active
1440,PROD-001440,170,Reusable Transport Crate Premium Series 1440,Packaging,Premium,Meter,155.68,362.29,Active
1441,PROD-001441,408,Industrial Control Module Standard Series 1441,Electronics,Standard,Each,134.07,319.35,Active
1442,PROD-001442,953,Aluminum Sheet Stock Specialty Series 1442,Raw Materials,Specialty,Kg,150.1,212.76,Active
1443,PROD-001443,24,Aluminum Mounting Bracket Specialty Series 1443,Components,Specialty,Each,382.35,770.58,Active
1444,PROD-001444,102,Process Pump Assembly Premium Series 1444,Industrial Equipment,Premium,Meter,29.78,50.19,Inactive
1445,PROD-001445,89,Material Handling Unit Premium Series 1445,Industrial Equipment,Premium,Meter,310.43,400.04,Active
1446,PROD-001446,728,Industrial Signal Converter Standard Series 1446,Electronics,Standard,Liter,22.42,46.86,Inactive
1447,PROD-001447,831,Precision Bearing Assembly Specialty Series 1447,Components,Specialty,Liter,208.73,454.51,Active
1448,PROD-001448,631,Pneumatic Control Unit Premium Series 1448,Industrial Equipment,Premium,Liter,311.1,622.51,Active
1449,PROD-001449,77,Aluminum Mounting Bracket Standard Series 1449,Components,Standard,Liter,250.89,473.69,Active
1450,PROD-001450,907,Industrial Copper Wire Specialty Series 1450,Raw Materials,Specialty,Liter,201.45,488.54,Active
1451,PROD-001451,694,Industrial Valve Assembly Specialty Series 1451,Components,Specialty,Kg,248.12,360.82,Active
1452,PROD-001452,994,Conveyor Roller Assembly Premium Series 1452,Components,Premium,Kg,180.21,442.33,Active
1453,PROD-001453,541,Industrial Control Module Standard Series 1453,Electronics,Standard,Kg,183.26,359.89,Active
1454,PROD-001454,1,Protective Packaging Insert Premium Series 1454,Packaging,Premium,Liter,437.86,1045.01,Active
1455,PROD-001455,452,Aluminum Mounting Bracket Premium Series 1455,Components,Premium,Meter,272.25,643.65,Active
1456,PROD-001456,393,Drive Shaft Assembly Premium Series 1456,Components,Premium,Each,61.21,81.16,Active
1457,PROD-001457,935,Heavy-Duty Packaging Sleeve Premium Series 1457,Packaging,Premium,Each,37.47,77.54,Active
1458,PROD-001458,48,Conveyor Roller Assembly Premium Series 1458,Components,Premium,Each,150.71,306.84,Active
1459,PROD-001459,601,Cold Rolled Steel Coil Premium Series 1459,Raw Materials,Premium,Meter,405.88,694.57,Active
1460,PROD-001460,781,Steel Coupling Specialty Series 1460,Components,Specialty,Meter,115.19,193.95,Active
1461,PROD-001461,23,Industrial Stretch Film Premium Series 1461,Packaging,Premium,Kg,292.84,571.09,Active
1462,PROD-001462,533,Drive Shaft Assembly Specialty Series 1462,Components,Specialty,Kg,198.6,406.07,Active
1463,PROD-001463,845,Heavy-Duty Packaging Sleeve Specialty Series 1463,Packaging,Specialty,Liter,40.33,58.46,Active
1464,PROD-001464,448,Industrial Signal Converter Standard Series 1464,Electronics,Standard,Meter,323.94,755.5,Inactive
1465,PROD-001465,780,Corrugated Shipping Carton Standard Series 1465,Packaging,Standard,Meter,426.21,801.77,Active
1466,PROD-001466,288,Variable Frequency Drive Specialty Series 1466,Electronics,Specialty,Liter,61.36,104.77,Active
1467,PROD-001467,789,Proximity Sensor Premium Series 1467,Electronics,Premium,Liter,178.13,408.18,Active
1468,PROD-001468,540,Pallet Wrap Assembly Standard Series 1468,Packaging,Standard,Kg,303.31,708.53,Active
1469,PROD-001469,328,Material Handling Unit Specialty Series 1469,Industrial Equipment,Specialty,Meter,240.12,317.11,Active
1470,PROD-001470,15,Reusable Transport Crate Specialty Series 1470,Packaging,Specialty,Kg,18.84,34.89,Active
1471,PROD-001471,312,Hydraulic Power Unit Standard Series 1471,Industrial Equipment,Standard,Kg,363.73,772.73,Active
1472,PROD-001472,578,Protective Packaging Insert Standard Series 1472,Packaging,Standard,Meter,352.06,583.28,Active
1473,PROD-001473,467,Aluminum Mounting Bracket Premium Series 1473,Components,Premium,Each,451.08,924.61,Active
1474,PROD-001474,105,Industrial Copper Wire Standard Series 1474,Raw Materials,Standard,Meter,119.46,179.6,Active
1475,PROD-001475,632,Motor Control Panel Specialty Series 1475,Electronics,Specialty,Liter,485.14,760.66,Active
1476,PROD-001476,740,Conveyor Roller Assembly Premium Series 1476,Components,Premium,Kg,294.31,601.66,Active
1477,PROD-001477,191,Cold Rolled Steel Coil Specialty Series 1477,Raw Materials,Specialty,Kg,81.77,138.04,Active
1478,PROD-001478,927,Aluminum Sheet Stock Premium Series 1478,Raw Materials,Premium,Meter,485.9,993.66,Active
1479,PROD-001479,908,Aluminum Mounting Bracket Premium Series 1479,Components,Premium,Liter,306.72,520.86,Active
1480,PROD-001480,78,Power Distribution Module Standard Series 1480,Electronics,Standard,Meter,393.19,601.13,Active
1481,PROD-001481,306,Heavy-Duty Packaging Sleeve Premium Series 1481,Packaging,Premium,Meter,465.25,633.31,Active
1482,PROD-001482,175,Conveyor Roller Assembly Standard Series 1482,Components,Standard,Kg,218.47,533.8,Active
1483,PROD-001483,448,Precision Bearing Assembly Specialty Series 1483,Components,Specialty,Each,497.95,1177.06,Active
1484,PROD-001484,472,Pneumatic Control Unit Specialty Series 1484,Industrial Equipment,Specialty,Meter,373.63,802.97,Active
1485,PROD-001485,624,Industrial Drive System Premium Series 1485,Industrial Equipment,Premium,Each,494.28,879.24,Active
1486,PROD-001486,228,Industrial Copper Wire Specialty Series 1486,Raw Materials,Specialty,Each,237.77,469.34,Active
1487,PROD-001487,832,Stainless Steel Sheet Standard Series 1487,Raw Materials,Standard,Liter,403.7,724.68,Active
1488,PROD-001488,172,Industrial Signal Converter Specialty Series 1488,Electronics,Specialty,Kg,400.72,966.05,Active
1489,PROD-001489,656,Precision Bearing Assembly Standard Series 1489,Components,Standard,Kg,402.83,678.17,Active
1490,PROD-001490,50,Variable Frequency Drive Standard Series 1490,Electronics,Standard,Liter,140.63,267.39,Active
1491,PROD-001491,604,Polymer Resin Premium Series 1491,Raw Materials,Premium,Meter,178.92,319.49,Active
1492,PROD-001492,484,Process Pump Assembly Standard Series 1492,Industrial Equipment,Standard,Liter,299.84,642.69,Inactive
1493,PROD-001493,592,Material Handling Unit Specialty Series 1493,Industrial Equipment,Specialty,Meter,389.54,630.92,Active
1494,PROD-001494,22,Industrial Signal Converter Premium Series 1494,Electronics,Premium,Liter,400.12,926.32,Active
1495,PROD-001495,446,Hydraulic Power Unit Specialty Series 1495,Industrial Equipment,Specialty,Liter,277.94,425.87,Active
1496,PROD-001496,936,Steel Coupling Premium Series 1496,Components,Premium,Kg,281.06,605.55,Inactive
1497,PROD-001497,702,Aluminum Mounting Bracket Specialty Series 1497,Components,Specialty,Kg,91.52,176.01,Active
1498,PROD-001498,531,Drive Shaft Assembly Premium Series 1498,Components,Premium,Each,442.65,821.23,Active
1499,PROD-001499,978,Heavy-Duty Packaging Sleeve Premium Series 1499,Packaging,Premium,Each,358.59,777.57,Active
1500,PROD-001500,244,Reusable Transport Crate Premium Series 1500,Packaging,Premium,Liter,234.68,565.98,Active
1501,PROD-001501,399,Corrugated Shipping Carton Premium Series 1501,Packaging,Premium,Liter,432.55,791.62,Active
1502,PROD-001502,512,Variable Frequency Drive Premium Series 1502,Electronics,Premium,Kg,480.42,753.64,Active
1503,PROD-001503,498,Aluminum Mounting Bracket Standard Series 1503,Components,Standard,Each,139.39,212.7,Active
1504,PROD-001504,354,Pallet Wrap Assembly Standard Series 1504,Packaging,Standard,Meter,135.25,175.24,Active
1505,PROD-001505,757,Heavy-Duty Packaging Sleeve Specialty Series 1505,Packaging,Specialty,Kg,384.58,568.18,Active
1506,PROD-001506,34,Industrial Signal Converter Premium Series 1506,Electronics,Premium,Meter,323.02,745.77,Active
1507,PROD-001507,747,Precision Bearing Assembly Standard Series 1507,Components,Standard,Kg,153.13,254.69,Active
1508,PROD-001508,23,Aluminum Sheet Stock Specialty Series 1508,Raw Materials,Specialty,Kg,185.35,405.93,Active
1509,PROD-001509,901,Industrial Stretch Film Premium Series 1509,Packaging,Premium,Meter,155.47,310.31,Active
1510,PROD-001510,237,Pallet Wrap Assembly Premium Series 1510,Packaging,Premium,Meter,256.54,564.41,Active
1511,PROD-001511,29,Industrial Valve Assembly Standard Series 1511,Components,Standard,Liter,11.99,19.87,Active
1512,PROD-001512,380,Industrial Signal Converter Premium Series 1512,Electronics,Premium,Liter,278.68,661.28,Active
1513,PROD-001513,491,Precision Bearing Assembly Standard Series 1513,Components,Standard,Kg,406.1,649.55,Active
1514,PROD-001514,932,Steel Coupling Specialty Series 1514,Components,Specialty,Meter,10.87,17.7,Active
1515,PROD-001515,13,Proximity Sensor Specialty Series 1515,Electronics,Specialty,Kg,453.39,1003.33,Active
1516,PROD-001516,695,Power Distribution Module Specialty Series 1516,Electronics,Specialty,Kg,117.26,179.62,Active
1517,PROD-001517,550,Stainless Steel Sheet Premium Series 1517,Raw Materials,Premium,Each,36.27,80.16,Active
1518,PROD-001518,200,Engineering Plastic Pellets Standard Series 1518,Raw Materials,Standard,Kg,308.61,631.01,Active
1519,PROD-001519,96,Corrugated Shipping Carton Specialty Series 1519,Packaging,Specialty,Meter,237.12,507.88,Active
1520,PROD-001520,847,Steel Coupling Specialty Series 1520,Components,Specialty,Liter,116.4,225.63,Active
1521,PROD-001521,198,Polymer Resin Premium Series 1521,Raw Materials,Premium,Liter,70.46,141.28,Active
1522,PROD-001522,986,Process Pump Assembly Specialty Series 1522,Industrial Equipment,Specialty,Liter,228.57,434.38,Active
1523,PROD-001523,444,Industrial Valve Assembly Specialty Series 1523,Components,Specialty,Meter,353.32,660.59,Active
1524,PROD-001524,579,Thermal Processing Unit Premium Series 1524,Industrial Equipment,Premium,Meter,47.09,63.61,Active
1525,PROD-001525,400,Industrial Control Module Standard Series 1525,Electronics,Standard,Liter,166.02,221.51,Inactive
1526,PROD-001526,170,Protective Packaging Insert Premium Series 1526,Packaging,Premium,Kg,227.91,287.01,Active
1527,PROD-001527,599,Industrial Stretch Film Premium Series 1527,Packaging,Premium,Each,350.52,613.97,Active
1528,PROD-001528,364,Process Pump Assembly Specialty Series 1528,Industrial Equipment,Specialty,Liter,325.06,774.64,Active
1529,PROD-001529,733,Industrial Valve Assembly Premium Series 1529,Components,Premium,Each,124.93,273.63,Active
1530,PROD-001530,555,Thermal Processing Unit Specialty Series 1530,Industrial Equipment,Specialty,Meter,317.56,399.13,Active
1531,PROD-001531,891,Industrial Control Module Premium Series 1531,Electronics,Premium,Kg,440.66,601.6,Active
1532,PROD-001532,565,Protective Packaging Insert Standard Series 1532,Packaging,Standard,Meter,83.97,156.21,Active
1533,PROD-001533,972,Polymer Resin Standard Series 1533,Raw Materials,Standard,Kg,444.42,627.05,Active
1534,PROD-001534,529,Pallet Wrap Assembly Specialty Series 1534,Packaging,Specialty,Kg,234.18,449.19,Active
1535,PROD-001535,601,Stainless Steel Sheet Standard Series 1535,Raw Materials,Standard,Kg,115.28,146.8,Active
1536,PROD-001536,724,Reusable Transport Crate Standard Series 1536,Packaging,Standard,Each,331.81,734.77,Active
1537,PROD-001537,982,Cold Rolled Steel Coil Specialty Series 1537,Raw Materials,Specialty,Kg,168.99,363.15,Active
1538,PROD-001538,119,Aluminum Sheet Stock Specialty Series 1538,Raw Materials,Specialty,Each,173.2,432.12,Active
1539,PROD-001539,97,Proximity Sensor Standard Series 1539,Electronics,Standard,Meter,174.59,313.36,Active
1540,PROD-001540,423,Power Distribution Module Standard Series 1540,Electronics,Standard,Each,399.14,509.74,Active
1541,PROD-001541,517,Industrial Valve Assembly Specialty Series 1541,Components,Specialty,Each,407.15,853.66,Active
1542,PROD-001542,844,Engineering Plastic Pellets Premium Series 1542,Raw Materials,Premium,Liter,217.85,468.75,Active
1543,PROD-001543,254,Industrial Control Module Standard Series 1543,Electronics,Standard,Meter,469.92,977.57,Active
1544,PROD-001544,158,Variable Frequency Drive Specialty Series 1544,Electronics,Specialty,Meter,300.2,652.02,Active
1545,PROD-001545,823,Industrial Stretch Film Specialty Series 1545,Packaging,Specialty,Liter,397.17,982.28,Active
1546,PROD-001546,956,Industrial Copper Wire Premium Series 1546,Raw Materials,Premium,Each,162.71,230.0,Active
1547,PROD-001547,312,Heavy-Duty Packaging Sleeve Standard Series 1547,Packaging,Standard,Kg,267.91,410.49,Active
1548,PROD-001548,379,Engineering Plastic Pellets Standard Series 1548,Raw Materials,Standard,Each,471.56,968.61,Active
1549,PROD-001549,224,Precision Bearing Assembly Specialty Series 1549,Components,Specialty,Kg,358.9,523.65,Active
1550,PROD-001550,424,Steel Coupling Standard Series 1550,Components,Standard,Each,497.5,771.88,Active
1551,PROD-001551,59,Proximity Sensor Premium Series 1551,Electronics,Premium,Each,159.64,277.46,Active
1552,PROD-001552,636,Pallet Wrap Assembly Premium Series 1552,Packaging,Premium,Each,69.49,128.94,Inactive
1553,PROD-001553,463,Material Handling Unit Standard Series 1553,Industrial Equipment,Standard,Kg,306.79,409.26,Active
1554,PROD-001554,852,Engineering Plastic Pellets Premium Series 1554,Raw Materials,Premium,Liter,451.11,993.35,Active
1555,PROD-001555,938,Precision Bearing Assembly Standard Series 1555,Components,Standard,Each,350.7,834.61,Active
1556,PROD-001556,123,Pneumatic Control Unit Premium Series 1556,Industrial Equipment,Premium,Kg,439.1,678.15,Active
1557,PROD-001557,809,Proximity Sensor Standard Series 1557,Electronics,Standard,Meter,275.68,562.73,Active
1558,PROD-001558,355,Process Pump Assembly Specialty Series 1558,Industrial Equipment,Specialty,Each,151.46,359.26,Active
1559,PROD-001559,872,Heavy-Duty Packaging Sleeve Specialty Series 1559,Packaging,Specialty,Liter,309.66,480.83,Active
1560,PROD-001560,992,Conveyor Roller Assembly Specialty Series 1560,Components,Specialty,Meter,49.41,99.03,Inactive
1561,PROD-001561,480,Industrial Control Module Premium Series 1561,Electronics,Premium,Kg,355.87,544.46,Active
1562,PROD-001562,349,Pneumatic Control Unit Standard Series 1562,Industrial Equipment,Standard,Meter,246.18,318.92,Active
1563,PROD-001563,683,Industrial Drive System Standard Series 1563,Industrial Equipment,Standard,Kg,96.35,239.99,Inactive
1564,PROD-001564,282,Power Distribution Module Premium Series 1564,Electronics,Premium,Meter,125.02,279.73,Active
1565,PROD-001565,855,Industrial Valve Assembly Standard Series 1565,Components,Standard,Liter,122.28,271.33,Active
1566,PROD-001566,768,Engineering Plastic Pellets Premium Series 1566,Raw Materials,Premium,Meter,41.98,61.15,Active
1567,PROD-001567,868,Industrial Control Module Premium Series 1567,Electronics,Premium,Meter,22.06,38.53,Active
1568,PROD-001568,328,Aluminum Sheet Stock Premium Series 1568,Raw Materials,Premium,Meter,402.79,880.81,Active
1569,PROD-001569,99,Industrial Stretch Film Premium Series 1569,Packaging,Premium,Kg,265.23,438.32,Active
1570,PROD-001570,965,Process Pump Assembly Standard Series 1570,Industrial Equipment,Standard,Each,476.85,732.16,Active
1571,PROD-001571,213,Heavy-Duty Packaging Sleeve Specialty Series 1571,Packaging,Specialty,Meter,323.01,476.43,Active
1572,PROD-001572,680,Engineering Plastic Pellets Specialty Series 1572,Raw Materials,Specialty,Meter,17.82,29.46,Active
1573,PROD-001573,850,Hydraulic Power Unit Premium Series 1573,Industrial Equipment,Premium,Each,263.55,403.97,Active
1574,PROD-001574,192,Pneumatic Control Unit Premium Series 1574,Industrial Equipment,Premium,Kg,455.41,850.83,Active
1575,PROD-001575,927,Industrial Stretch Film Standard Series 1575,Packaging,Standard,Each,324.54,695.63,Active
1576,PROD-001576,611,Drive Shaft Assembly Standard Series 1576,Components,Standard,Liter,342.1,779.85,Active
1577,PROD-001577,919,Material Handling Unit Specialty Series 1577,Industrial Equipment,Specialty,Liter,342.13,576.78,Active
1578,PROD-001578,784,Reusable Transport Crate Premium Series 1578,Packaging,Premium,Liter,130.51,258.13,Active
1579,PROD-001579,64,Corrugated Shipping Carton Specialty Series 1579,Packaging,Specialty,Kg,262.71,474.6,Active
1580,PROD-001580,282,Steel Coupling Specialty Series 1580,Components,Specialty,Each,111.72,221.54,Active
1581,PROD-001581,621,Polymer Resin Standard Series 1581,Raw Materials,Standard,Kg,366.05,677.77,Active
1582,PROD-001582,543,Drive Shaft Assembly Specialty Series 1582,Components,Specialty,Meter,220.75,298.29,Active
1583,PROD-001583,642,Motor Control Panel Specialty Series 1583,Electronics,Specialty,Meter,30.42,40.11,Active
1584,PROD-001584,929,Conveyor Roller Assembly Specialty Series 1584,Components,Specialty,Each,198.7,269.0,Active
1585,PROD-001585,701,Precision Bearing Assembly Premium Series 1585,Components,Premium,Liter,56.67,98.93,Active
1586,PROD-001586,439,Variable Frequency Drive Premium Series 1586,Electronics,Premium,Each,43.59,75.23,Active
1587,PROD-001587,285,Proximity Sensor Specialty Series 1587,Electronics,Specialty,Kg,312.26,762.05,Active
1588,PROD-001588,228,Process Pump Assembly Standard Series 1588,Industrial Equipment,Standard,Liter,448.76,564.28,Active
1589,PROD-001589,870,Motor Control Panel Specialty Series 1589,Electronics,Specialty,Each,252.61,329.12,Inactive
1590,PROD-001590,855,Reusable Transport Crate Specialty Series 1590,Packaging,Specialty,Kg,363.35,719.5,Active
1591,PROD-001591,338,Cold Rolled Steel Coil Specialty Series 1591,Raw Materials,Specialty,Kg,328.62,789.79,Active
1592,PROD-001592,434,Steel Coupling Standard Series 1592,Components,Standard,Meter,488.77,829.3,Active
1593,PROD-001593,250,Industrial Drive System Premium Series 1593,Industrial Equipment,Premium,Each,41.61,81.41,Active
1594,PROD-001594,273,Pallet Wrap Assembly Specialty Series 1594,Packaging,Specialty,Meter,154.02,327.69,Active
1595,PROD-001595,790,Material Handling Unit Standard Series 1595,Industrial Equipment,Standard,Kg,364.78,767.27,Active
1596,PROD-001596,49,Thermal Processing Unit Premium Series 1596,Industrial Equipment,Premium,Kg,222.93,430.28,Active
1597,PROD-001597,638,Cold Rolled Steel Coil Premium Series 1597,Raw Materials,Premium,Meter,476.02,1122.74,Active
1598,PROD-001598,100,Protective Packaging Insert Specialty Series 1598,Packaging,Specialty,Meter,56.06,135.49,Active
1599,PROD-001599,410,Aluminum Mounting Bracket Specialty Series 1599,Components,Specialty,Meter,74.44,168.78,Active
1600,PROD-001600,275,Power Distribution Module Premium Series 1600,Electronics,Premium,Meter,321.27,781.56,Active
1601,PROD-001601,592,Stainless Steel Sheet Specialty Series 1601,Raw Materials,Specialty,Kg,136.58,232.25,Active
1602,PROD-001602,204,Thermal Processing Unit Premium Series 1602,Industrial Equipment,Premium,Liter,281.02,533.96,Active
1603,PROD-001603,699,Corrugated Shipping Carton Standard Series 1603,Packaging,Standard,Liter,233.72,488.84,Active
1604,PROD-001604,84,Protective Packaging Insert Standard Series 1604,Packaging,Standard,Each,355.53,533.04,Active
1605,PROD-001605,182,Industrial Drive System Premium Series 1605,Industrial Equipment,Premium,Meter,202.74,267.8,Active
1606,PROD-001606,918,Pallet Wrap Assembly Standard Series 1606,Packaging,Standard,Meter,317.36,467.44,Active
1607,PROD-001607,220,Industrial Valve Assembly Specialty Series 1607,Components,Specialty,Meter,170.99,244.91,Active
1608,PROD-001608,344,Engineering Plastic Pellets Standard Series 1608,Raw Materials,Standard,Liter,330.4,692.52,Active
1609,PROD-001609,921,Corrugated Shipping Carton Premium Series 1609,Packaging,Premium,Liter,466.11,930.42,Inactive
1610,PROD-001610,113,Aluminum Sheet Stock Specialty Series 1610,Raw Materials,Specialty,Kg,13.59,33.79,Active
1611,PROD-001611,281,Industrial Stretch Film Specialty Series 1611,Packaging,Specialty,Kg,234.75,494.0,Active
1612,PROD-001612,888,Pallet Wrap Assembly Standard Series 1612,Packaging,Standard,Each,49.86,84.12,Active
1613,PROD-001613,975,Stainless Steel Sheet Premium Series 1613,Raw Materials,Premium,Meter,103.34,243.52,Active
1614,PROD-001614,601,Industrial Signal Converter Standard Series 1614,Electronics,Standard,Kg,421.06,916.02,Active
1615,PROD-001615,506,Hydraulic Power Unit Premium Series 1615,Industrial Equipment,Premium,Kg,118.13,169.54,Active
1616,PROD-001616,903,Protective Packaging Insert Specialty Series 1616,Packaging,Specialty,Kg,147.85,252.09,Active
1617,PROD-001617,652,Proximity Sensor Specialty Series 1617,Electronics,Specialty,Each,186.43,405.26,Active
1618,PROD-001618,322,Pallet Wrap Assembly Specialty Series 1618,Packaging,Specialty,Each,390.7,962.09,Active
1619,PROD-001619,996,Heavy-Duty Packaging Sleeve Premium Series 1619,Packaging,Premium,Each,393.48,605.85,Active
1620,PROD-001620,599,Engineering Plastic Pellets Standard Series 1620,Raw Materials,Standard,Kg,293.09,730.15,Active
1621,PROD-001621,785,Cold Rolled Steel Coil Premium Series 1621,Raw Materials,Premium,Meter,205.38,330.66,Active
1622,PROD-001622,53,Protective Packaging Insert Specialty Series 1622,Packaging,Specialty,Kg,205.61,404.01,Active
1623,PROD-001623,966,Polymer Resin Standard Series 1623,Raw Materials,Standard,Liter,472.4,817.8,Active
1624,PROD-001624,537,Pallet Wrap Assembly Specialty Series 1624,Packaging,Specialty,Liter,473.73,987.15,Active
1625,PROD-001625,652,Motor Control Panel Premium Series 1625,Electronics,Premium,Meter,448.01,805.92,Active
1626,PROD-001626,167,Industrial Signal Converter Premium Series 1626,Electronics,Premium,Meter,361.98,566.56,Active
1627,PROD-001627,396,Cold Rolled Steel Coil Specialty Series 1627,Raw Materials,Specialty,Liter,368.71,560.66,Active
1628,PROD-001628,157,Variable Frequency Drive Premium Series 1628,Electronics,Premium,Kg,458.89,734.28,Active
1629,PROD-001629,472,Aluminum Mounting Bracket Specialty Series 1629,Components,Specialty,Each,129.54,314.37,Active
1630,PROD-001630,146,Power Distribution Module Premium Series 1630,Electronics,Premium,Kg,270.66,467.1,Active
1631,PROD-001631,616,Material Handling Unit Specialty Series 1631,Industrial Equipment,Specialty,Meter,482.0,1120.02,Inactive
1632,PROD-001632,141,Reusable Transport Crate Standard Series 1632,Packaging,Standard,Kg,14.88,25.31,Active
1633,PROD-001633,916,Corrugated Shipping Carton Premium Series 1633,Packaging,Premium,Kg,131.53,283.05,Active
1634,PROD-001634,81,Aluminum Sheet Stock Standard Series 1634,Raw Materials,Standard,Each,281.62,435.2,Active
1635,PROD-001635,260,Polymer Resin Specialty Series 1635,Raw Materials,Specialty,Meter,262.42,461.94,Active
1636,PROD-001636,203,Drive Shaft Assembly Premium Series 1636,Components,Premium,Meter,432.41,917.55,Active
1637,PROD-001637,406,Motor Control Panel Standard Series 1637,Electronics,Standard,Meter,423.19,831.05,Inactive
1638,PROD-001638,40,Reusable Transport Crate Standard Series 1638,Packaging,Standard,Meter,278.09,539.2,Active
1639,PROD-001639,672,Corrugated Shipping Carton Specialty Series 1639,Packaging,Specialty,Liter,47.72,96.99,Active
1640,PROD-001640,401,Protective Packaging Insert Specialty Series 1640,Packaging,Specialty,Each,66.41,123.54,Active
1641,PROD-001641,87,Industrial Stretch Film Standard Series 1641,Packaging,Standard,Meter,94.83,197.55,Active
1642,PROD-001642,253,Pallet Wrap Assembly Specialty Series 1642,Packaging,Specialty,Liter,188.67,292.55,Active
1643,PROD-001643,562,Industrial Valve Assembly Standard Series 1643,Components,Standard,Each,40.07,77.13,Active
1644,PROD-001644,408,Reusable Transport Crate Standard Series 1644,Packaging,Standard,Meter,157.02,351.44,Inactive
1645,PROD-001645,417,Corrugated Shipping Carton Specialty Series 1645,Packaging,Specialty,Meter,419.63,672.12,Active
1646,PROD-001646,252,Steel Coupling Standard Series 1646,Components,Standard,Liter,49.19,114.1,Active
1647,PROD-001647,9,Industrial Drive System Specialty Series 1647,Industrial Equipment,Specialty,Kg,486.64,613.03,Active
1648,PROD-001648,39,Process Pump Assembly Premium Series 1648,Industrial Equipment,Premium,Liter,402.55,747.01,Active
1649,PROD-001649,696,Material Handling Unit Premium Series 1649,Industrial Equipment,Premium,Kg,110.85,226.57,Active
1650,PROD-001650,593,Conveyor Roller Assembly Specialty Series 1650,Components,Specialty,Kg,179.41,301.8,Inactive
1651,PROD-001651,490,Corrugated Shipping Carton Premium Series 1651,Packaging,Premium,Kg,489.09,823.9,Active
1652,PROD-001652,586,Steel Coupling Standard Series 1652,Components,Standard,Each,331.83,444.17,Active
1653,PROD-001653,986,Polymer Resin Premium Series 1653,Raw Materials,Premium,Kg,381.5,699.82,Active
1654,PROD-001654,388,Power Distribution Module Standard Series 1654,Electronics,Standard,Kg,175.65,419.52,Active
1655,PROD-001655,246,Material Handling Unit Specialty Series 1655,Industrial Equipment,Specialty,Meter,467.85,921.14,Active
1656,PROD-001656,940,Reusable Transport Crate Standard Series 1656,Packaging,Standard,Liter,150.88,348.15,Active
1657,PROD-001657,371,Industrial Control Module Standard Series 1657,Electronics,Standard,Liter,369.82,847.32,Active
1658,PROD-001658,614,Aluminum Sheet Stock Standard Series 1658,Raw Materials,Standard,Kg,11.28,25.01,Active
1659,PROD-001659,678,Polymer Resin Premium Series 1659,Raw Materials,Premium,Each,408.38,840.21,Active
1660,PROD-001660,768,Drive Shaft Assembly Standard Series 1660,Components,Standard,Meter,319.82,426.55,Active
1661,PROD-001661,409,Heavy-Duty Packaging Sleeve Specialty Series 1661,Packaging,Specialty,Each,27.4,59.48,Active
1662,PROD-001662,855,Reusable Transport Crate Standard Series 1662,Packaging,Standard,Each,156.85,362.81,Active
1663,PROD-001663,678,Industrial Control Module Standard Series 1663,Electronics,Standard,Kg,229.29,405.14,Active
1664,PROD-001664,849,Steel Coupling Standard Series 1664,Components,Standard,Meter,32.46,70.65,Active
1665,PROD-001665,391,Proximity Sensor Premium Series 1665,Electronics,Premium,Meter,109.13,170.81,Inactive
1666,PROD-001666,417,Process Pump Assembly Specialty Series 1666,Industrial Equipment,Specialty,Kg,406.05,666.43,Active
1667,PROD-001667,676,Heavy-Duty Packaging Sleeve Standard Series 1667,Packaging,Standard,Each,440.03,659.87,Active
1668,PROD-001668,326,Reusable Transport Crate Specialty Series 1668,Packaging,Specialty,Liter,203.4,256.04,Active
1669,PROD-001669,224,Precision Bearing Assembly Premium Series 1669,Components,Premium,Liter,431.82,859.77,Active
1670,PROD-001670,329,Variable Frequency Drive Premium Series 1670,Electronics,Premium,Kg,102.67,237.88,Active
1671,PROD-001671,532,Aluminum Mounting Bracket Specialty Series 1671,Components,Specialty,Meter,291.59,495.32,Inactive
1672,PROD-001672,892,Industrial Copper Wire Premium Series 1672,Raw Materials,Premium,Meter,433.84,820.68,Active
1673,PROD-001673,161,Material Handling Unit Specialty Series 1673,Industrial Equipment,Specialty,Liter,462.12,958.78,Active
1674,PROD-001674,62,Reusable Transport Crate Standard Series 1674,Packaging,Standard,Kg,413.27,713.75,Inactive
1675,PROD-001675,10,Industrial Control Module Standard Series 1675,Electronics,Standard,Liter,105.58,201.67,Active
1676,PROD-001676,718,Aluminum Sheet Stock Specialty Series 1676,Raw Materials,Specialty,Meter,331.76,827.65,Active
1677,PROD-001677,498,Polymer Resin Standard Series 1677,Raw Materials,Standard,Kg,436.05,857.44,Active
1678,PROD-001678,705,Industrial Copper Wire Premium Series 1678,Raw Materials,Premium,Meter,290.21,563.74,Active
1679,PROD-001679,867,Motor Control Panel Standard Series 1679,Electronics,Standard,Meter,219.85,374.65,Inactive
1680,PROD-001680,149,Industrial Signal Converter Standard Series 1680,Electronics,Standard,Kg,192.57,354.77,Active
1681,PROD-001681,539,Corrugated Shipping Carton Standard Series 1681,Packaging,Standard,Each,154.55,296.31,Active
1682,PROD-001682,286,Steel Coupling Premium Series 1682,Components,Premium,Kg,103.01,171.09,Active
1683,PROD-001683,730,Proximity Sensor Standard Series 1683,Electronics,Standard,Liter,294.23,700.39,Active
1684,PROD-001684,408,Process Pump Assembly Standard Series 1684,Industrial Equipment,Standard,Kg,312.88,519.51,Inactive
1685,PROD-001685,651,Stainless Steel Sheet Specialty Series 1685,Raw Materials,Specialty,Each,365.31,701.1,Active
1686,PROD-001686,648,Engineering Plastic Pellets Specialty Series 1686,Raw Materials,Specialty,Each,166.19,220.33,Active
1687,PROD-001687,18,Cold Rolled Steel Coil Standard Series 1687,Raw Materials,Standard,Each,286.23,652.24,Active
1688,PROD-001688,791,Aluminum Sheet Stock Premium Series 1688,Raw Materials,Premium,Liter,365.07,754.97,Active
1689,PROD-001689,577,Aluminum Mounting Bracket Premium Series 1689,Components,Premium,Meter,17.41,26.77,Active
1690,PROD-001690,276,Industrial Copper Wire Standard Series 1690,Raw Materials,Standard,Liter,273.15,538.55,Active
1691,PROD-001691,96,Heavy-Duty Packaging Sleeve Standard Series 1691,Packaging,Standard,Liter,382.71,516.52,Active
1692,PROD-001692,60,Conveyor Roller Assembly Standard Series 1692,Components,Standard,Liter,317.14,506.21,Active
1693,PROD-001693,21,Cold Rolled Steel Coil Standard Series 1693,Raw Materials,Standard,Liter,498.99,931.12,Inactive
1694,PROD-001694,823,Variable Frequency Drive Premium Series 1694,Electronics,Premium,Meter,489.44,711.54,Active
1695,PROD-001695,162,Proximity Sensor Specialty Series 1695,Electronics,Specialty,Meter,270.75,533.46,Active
1696,PROD-001696,424,Process Pump Assembly Specialty Series 1696,Industrial Equipment,Specialty,Meter,161.58,324.94,Active
1697,PROD-001697,732,Material Handling Unit Premium Series 1697,Industrial Equipment,Premium,Each,237.6,325.05,Active
1698,PROD-001698,82,Industrial Signal Converter Standard Series 1698,Electronics,Standard,Kg,476.85,846.68,Active
1699,PROD-001699,862,Industrial Control Module Standard Series 1699,Electronics,Standard,Liter,87.77,174.34,Active
1700,PROD-001700,271,Steel Coupling Premium Series 1700,Components,Premium,Liter,102.89,189.78,Active
1701,PROD-001701,651,Industrial Drive System Standard Series 1701,Industrial Equipment,Standard,Meter,84.66,203.31,Active
1702,PROD-001702,351,Process Pump Assembly Premium Series 1702,Industrial Equipment,Premium,Kg,457.59,1100.52,Active
1703,PROD-001703,522,Industrial Valve Assembly Premium Series 1703,Components,Premium,Liter,334.3,580.46,Active
1704,PROD-001704,109,Thermal Processing Unit Specialty Series 1704,Industrial Equipment,Specialty,Each,442.44,718.73,Active
1705,PROD-001705,339,Corrugated Shipping Carton Specialty Series 1705,Packaging,Specialty,Meter,262.64,556.01,Active
1706,PROD-001706,523,Pneumatic Control Unit Standard Series 1706,Industrial Equipment,Standard,Each,417.65,888.68,Active
1707,PROD-001707,464,Proximity Sensor Premium Series 1707,Electronics,Premium,Each,321.51,478.21,Active
1708,PROD-001708,897,Power Distribution Module Specialty Series 1708,Electronics,Specialty,Kg,88.21,179.5,Inactive
1709,PROD-001709,979,Industrial Valve Assembly Premium Series 1709,Components,Premium,Meter,58.26,143.94,Active
1710,PROD-001710,86,Conveyor Roller Assembly Standard Series 1710,Components,Standard,Meter,100.11,227.85,Inactive
1711,PROD-001711,761,Hydraulic Power Unit Standard Series 1711,Industrial Equipment,Standard,Liter,130.26,179.36,Active
1712,PROD-001712,566,Variable Frequency Drive Standard Series 1712,Electronics,Standard,Meter,271.78,403.26,Inactive
1713,PROD-001713,989,Aluminum Mounting Bracket Specialty Series 1713,Components,Specialty,Each,160.1,287.04,Inactive
1714,PROD-001714,141,Power Distribution Module Premium Series 1714,Electronics,Premium,Kg,283.51,535.44,Active
1715,PROD-001715,183,Stainless Steel Sheet Standard Series 1715,Raw Materials,Standard,Each,89.86,138.39,Active
1716,PROD-001716,274,Industrial Signal Converter Premium Series 1716,Electronics,Premium,Each,259.95,526.4,Active
1717,PROD-001717,514,Hydraulic Power Unit Premium Series 1717,Industrial Equipment,Premium,Meter,150.78,240.41,Active
1718,PROD-001718,799,Steel Coupling Standard Series 1718,Components,Standard,Each,80.37,147.55,Active
1719,PROD-001719,256,Proximity Sensor Standard Series 1719,Electronics,Standard,Meter,31.72,65.28,Active
1720,PROD-001720,258,Process Pump Assembly Premium Series 1720,Industrial Equipment,Premium,Liter,271.85,472.88,Active
1721,PROD-001721,36,Material Handling Unit Standard Series 1721,Industrial Equipment,Standard,Liter,298.6,567.53,Inactive
1722,PROD-001722,812,Conveyor Roller Assembly Premium Series 1722,Components,Premium,Meter,415.83,664.5,Active
1723,PROD-001723,685,Precision Bearing Assembly Premium Series 1723,Components,Premium,Each,318.16,436.91,Active
1724,PROD-001724,447,Variable Frequency Drive Standard Series 1724,Electronics,Standard,Kg,195.14,373.01,Active
1725,PROD-001725,402,Aluminum Mounting Bracket Standard Series 1725,Components,Standard,Liter,364.82,809.85,Active
1726,PROD-001726,104,Drive Shaft Assembly Standard Series 1726,Components,Standard,Kg,272.22,457.68,Active
1727,PROD-001727,653,Heavy-Duty Packaging Sleeve Premium Series 1727,Packaging,Premium,Kg,375.07,567.51,Active
1728,PROD-001728,990,Thermal Processing Unit Specialty Series 1728,Industrial Equipment,Specialty,Kg,391.5,559.5,Active
1729,PROD-001729,41,Hydraulic Power Unit Specialty Series 1729,Industrial Equipment,Specialty,Meter,397.7,728.43,Active
1730,PROD-001730,30,Steel Coupling Standard Series 1730,Components,Standard,Kg,16.87,28.63,Active
1731,PROD-001731,231,Polymer Resin Standard Series 1731,Raw Materials,Standard,Liter,183.37,412.52,Active
1732,PROD-001732,770,Process Pump Assembly Specialty Series 1732,Industrial Equipment,Specialty,Liter,301.12,624.85,Active
1733,PROD-001733,861,Heavy-Duty Packaging Sleeve Specialty Series 1733,Packaging,Specialty,Kg,370.86,926.62,Active
1734,PROD-001734,501,Engineering Plastic Pellets Specialty Series 1734,Raw Materials,Specialty,Each,59.32,139.44,Active
1735,PROD-001735,192,Industrial Control Module Standard Series 1735,Electronics,Standard,Meter,446.58,732.03,Active
1736,PROD-001736,498,Variable Frequency Drive Standard Series 1736,Electronics,Standard,Liter,461.16,926.05,Active
1737,PROD-001737,337,Polymer Resin Premium Series 1737,Raw Materials,Premium,Kg,53.08,117.04,Active
1738,PROD-001738,189,Industrial Copper Wire Specialty Series 1738,Raw Materials,Specialty,Liter,417.37,837.93,Active
1739,PROD-001739,107,Material Handling Unit Premium Series 1739,Industrial Equipment,Premium,Meter,308.85,589.62,Active
1740,PROD-001740,908,Thermal Processing Unit Premium Series 1740,Industrial Equipment,Premium,Each,359.47,738.94,Inactive
1741,PROD-001741,263,Industrial Control Module Specialty Series 1741,Electronics,Specialty,Meter,147.15,214.68,Active
1742,PROD-001742,307,Variable Frequency Drive Specialty Series 1742,Electronics,Specialty,Kg,345.39,624.1,Active
1743,PROD-001743,843,Industrial Stretch Film Premium Series 1743,Packaging,Premium,Meter,491.68,904.14,Active
1744,PROD-001744,129,Power Distribution Module Premium Series 1744,Electronics,Premium,Each,25.67,32.36,Active
1745,PROD-001745,877,Material Handling Unit Standard Series 1745,Industrial Equipment,Standard,Meter,451.61,735.41,Active
1746,PROD-001746,750,Conveyor Roller Assembly Standard Series 1746,Components,Standard,Meter,314.4,427.33,Active
1747,PROD-001747,352,Precision Bearing Assembly Standard Series 1747,Components,Standard,Each,270.12,600.3,Active
1748,PROD-001748,817,Steel Coupling Premium Series 1748,Components,Premium,Meter,439.68,1081.0,Inactive
1749,PROD-001749,352,Polymer Resin Standard Series 1749,Raw Materials,Standard,Meter,287.58,664.13,Active
1750,PROD-001750,593,Pallet Wrap Assembly Premium Series 1750,Packaging,Premium,Meter,263.94,440.85,Active
1751,PROD-001751,760,Heavy-Duty Packaging Sleeve Premium Series 1751,Packaging,Premium,Kg,22.08,33.63,Active
1752,PROD-001752,731,Engineering Plastic Pellets Specialty Series 1752,Raw Materials,Specialty,Liter,480.91,907.6,Inactive
1753,PROD-001753,758,Precision Bearing Assembly Premium Series 1753,Components,Premium,Each,499.99,1238.68,Active
1754,PROD-001754,959,Aluminum Sheet Stock Standard Series 1754,Raw Materials,Standard,Liter,235.99,439.11,Inactive
1755,PROD-001755,191,Proximity Sensor Premium Series 1755,Electronics,Premium,Each,273.64,359.41,Active
1756,PROD-001756,653,Pallet Wrap Assembly Premium Series 1756,Packaging,Premium,Meter,247.67,381.73,Active
1757,PROD-001757,344,Motor Control Panel Standard Series 1757,Electronics,Standard,Liter,164.64,260.59,Inactive
1758,PROD-001758,159,Reusable Transport Crate Standard Series 1758,Packaging,Standard,Liter,322.89,662.1,Active
1759,PROD-001759,870,Cold Rolled Steel Coil Standard Series 1759,Raw Materials,Standard,Liter,196.69,453.2,Active
1760,PROD-001760,743,Steel Coupling Premium Series 1760,Components,Premium,Kg,72.14,111.1,Active
1761,PROD-001761,105,Industrial Drive System Specialty Series 1761,Industrial Equipment,Specialty,Each,237.09,437.66,Active
1762,PROD-001762,881,Power Distribution Module Specialty Series 1762,Electronics,Specialty,Each,156.84,359.94,Active
1763,PROD-001763,453,Industrial Valve Assembly Standard Series 1763,Components,Standard,Liter,123.45,187.8,Active
1764,PROD-001764,292,Engineering Plastic Pellets Premium Series 1764,Raw Materials,Premium,Each,367.72,589.71,Active
1765,PROD-001765,520,Industrial Control Module Specialty Series 1765,Electronics,Specialty,Kg,209.02,512.69,Active
1766,PROD-001766,313,Aluminum Sheet Stock Specialty Series 1766,Raw Materials,Specialty,Kg,211.61,419.92,Active
1767,PROD-001767,908,Polymer Resin Premium Series 1767,Raw Materials,Premium,Liter,481.55,1103.7,Active
1768,PROD-001768,150,Power Distribution Module Premium Series 1768,Electronics,Premium,Each,496.68,901.66,Active
1769,PROD-001769,270,Industrial Valve Assembly Standard Series 1769,Components,Standard,Each,31.64,43.84,Active
1770,PROD-001770,167,Reusable Transport Crate Standard Series 1770,Packaging,Standard,Meter,291.35,711.97,Active
1771,PROD-001771,488,Cold Rolled Steel Coil Premium Series 1771,Raw Materials,Premium,Liter,19.75,35.84,Active
1772,PROD-001772,429,Variable Frequency Drive Standard Series 1772,Electronics,Standard,Meter,471.31,985.54,Active
1773,PROD-001773,227,Polymer Resin Specialty Series 1773,Raw Materials,Specialty,Meter,316.75,762.21,Active
1774,PROD-001774,727,Process Pump Assembly Premium Series 1774,Industrial Equipment,Premium,Each,374.5,792.13,Active
1775,PROD-001775,53,Stainless Steel Sheet Premium Series 1775,Raw Materials,Premium,Each,353.88,627.53,Active
1776,PROD-001776,848,Reusable Transport Crate Standard Series 1776,Packaging,Standard,Liter,326.51,411.99,Active
1777,PROD-001777,732,Hydraulic Power Unit Standard Series 1777,Industrial Equipment,Standard,Each,236.34,403.3,Active
1778,PROD-001778,282,Pneumatic Control Unit Specialty Series 1778,Industrial Equipment,Specialty,Each,39.85,80.03,Active
1779,PROD-001779,745,Industrial Stretch Film Premium Series 1779,Packaging,Premium,Liter,209.07,378.19,Active
1780,PROD-001780,11,Process Pump Assembly Specialty Series 1780,Industrial Equipment,Specialty,Liter,262.64,548.26,Active
1781,PROD-001781,737,Stainless Steel Sheet Standard Series 1781,Raw Materials,Standard,Each,264.47,385.42,Active
1782,PROD-001782,880,Industrial Signal Converter Specialty Series 1782,Electronics,Specialty,Meter,83.69,122.75,Active
1783,PROD-001783,486,Hydraulic Power Unit Specialty Series 1783,Industrial Equipment,Specialty,Each,190.66,293.32,Active
1784,PROD-001784,906,Aluminum Sheet Stock Standard Series 1784,Raw Materials,Standard,Meter,357.42,755.05,Active
1785,PROD-001785,241,Polymer Resin Specialty Series 1785,Raw Materials,Specialty,Each,205.9,311.52,Active
1786,PROD-001786,31,Drive Shaft Assembly Standard Series 1786,Components,Standard,Kg,164.63,408.35,Active
1787,PROD-001787,220,Stainless Steel Sheet Specialty Series 1787,Raw Materials,Specialty,Each,284.21,444.17,Active
1788,PROD-001788,882,Reusable Transport Crate Specialty Series 1788,Packaging,Specialty,Meter,56.28,101.05,Active
1789,PROD-001789,865,Cold Rolled Steel Coil Premium Series 1789,Raw Materials,Premium,Meter,70.9,138.44,Active
1790,PROD-001790,442,Pneumatic Control Unit Standard Series 1790,Industrial Equipment,Standard,Each,122.27,268.71,Active
1791,PROD-001791,194,Proximity Sensor Standard Series 1791,Electronics,Standard,Liter,389.52,756.57,Inactive
1792,PROD-001792,80,Industrial Copper Wire Standard Series 1792,Raw Materials,Standard,Kg,454.06,848.66,Active
1793,PROD-001793,399,Material Handling Unit Standard Series 1793,Industrial Equipment,Standard,Meter,162.42,290.19,Active
1794,PROD-001794,684,Thermal Processing Unit Premium Series 1794,Industrial Equipment,Premium,Liter,198.64,261.82,Active
1795,PROD-001795,49,Precision Bearing Assembly Standard Series 1795,Components,Standard,Meter,92.22,126.9,Active
1796,PROD-001796,259,Steel Coupling Premium Series 1796,Components,Premium,Kg,10.51,23.73,Active
1797,PROD-001797,401,Industrial Stretch Film Standard Series 1797,Packaging,Standard,Meter,197.92,329.75,Active
1798,PROD-001798,150,Power Distribution Module Specialty Series 1798,Electronics,Specialty,Each,223.98,404.06,Inactive
1799,PROD-001799,947,Industrial Valve Assembly Premium Series 1799,Components,Premium,Meter,103.25,206.59,Active
1800,PROD-001800,691,Engineering Plastic Pellets Standard Series 1800,Raw Materials,Standard,Meter,219.2,274.52,Active
1801,PROD-001801,248,Industrial Control Module Premium Series 1801,Electronics,Premium,Liter,176.34,409.46,Active
1802,PROD-001802,143,Pneumatic Control Unit Premium Series 1802,Industrial Equipment,Premium,Meter,393.18,758.22,Active
1803,PROD-001803,606,Aluminum Mounting Bracket Specialty Series 1803,Components,Specialty,Liter,177.12,313.18,Active
1804,PROD-001804,567,Power Distribution Module Premium Series 1804,Electronics,Premium,Liter,459.31,596.21,Inactive
1805,PROD-001805,380,Industrial Valve Assembly Premium Series 1805,Components,Premium,Each,449.08,1002.97,Active
1806,PROD-001806,278,Reusable Transport Crate Standard Series 1806,Packaging,Standard,Kg,453.73,645.47,Active
1807,PROD-001807,837,Hydraulic Power Unit Premium Series 1807,Industrial Equipment,Premium,Liter,408.81,939.8,Active
1808,PROD-001808,518,Pneumatic Control Unit Premium Series 1808,Industrial Equipment,Premium,Kg,103.07,187.54,Active
1809,PROD-001809,278,Industrial Stretch Film Specialty Series 1809,Packaging,Specialty,Kg,484.59,706.23,Active
1810,PROD-001810,485,Pallet Wrap Assembly Standard Series 1810,Packaging,Standard,Each,172.12,234.05,Active
1811,PROD-001811,159,Stainless Steel Sheet Standard Series 1811,Raw Materials,Standard,Each,33.35,56.7,Active
1812,PROD-001812,899,Thermal Processing Unit Standard Series 1812,Industrial Equipment,Standard,Liter,45.19,85.39,Active
1813,PROD-001813,686,Industrial Control Module Specialty Series 1813,Electronics,Specialty,Meter,64.86,157.88,Active
1814,PROD-001814,932,Variable Frequency Drive Standard Series 1814,Electronics,Standard,Each,315.03,465.84,Active
1815,PROD-001815,182,Aluminum Mounting Bracket Specialty Series 1815,Components,Specialty,Meter,462.25,732.64,Active
1816,PROD-001816,613,Drive Shaft Assembly Standard Series 1816,Components,Standard,Each,385.66,603.87,Active
1817,PROD-001817,619,Stainless Steel Sheet Standard Series 1817,Raw Materials,Standard,Kg,171.58,258.59,Active
1818,PROD-001818,133,Reusable Transport Crate Standard Series 1818,Packaging,Standard,Kg,245.42,313.15,Active
1819,PROD-001819,937,Precision Bearing Assembly Specialty Series 1819,Components,Specialty,Liter,112.6,260.57,Active
1820,PROD-001820,207,Variable Frequency Drive Specialty Series 1820,Electronics,Specialty,Kg,53.61,93.15,Inactive
1821,PROD-001821,586,Industrial Drive System Premium Series 1821,Industrial Equipment,Premium,Kg,276.65,470.6,Active
1822,PROD-001822,553,Pallet Wrap Assembly Specialty Series 1822,Packaging,Specialty,Liter,391.8,822.79,Active
1823,PROD-001823,227,Stainless Steel Sheet Specialty Series 1823,Raw Materials,Specialty,Liter,65.74,109.15,Active
1824,PROD-001824,729,Conveyor Roller Assembly Standard Series 1824,Components,Standard,Meter,413.18,938.25,Active
1825,PROD-001825,564,Hydraulic Power Unit Standard Series 1825,Industrial Equipment,Standard,Meter,378.85,597.79,Active
1826,PROD-001826,81,Steel Coupling Premium Series 1826,Components,Premium,Liter,268.92,485.91,Active
1827,PROD-001827,274,Industrial Drive System Premium Series 1827,Industrial Equipment,Premium,Liter,403.69,615.23,Active
1828,PROD-001828,637,Pallet Wrap Assembly Standard Series 1828,Packaging,Standard,Liter,430.39,1003.5,Active
1829,PROD-001829,368,Motor Control Panel Specialty Series 1829,Electronics,Specialty,Each,497.43,1084.78,Active
1830,PROD-001830,160,Conveyor Roller Assembly Standard Series 1830,Components,Standard,Liter,94.48,187.31,Active
1831,PROD-001831,783,Industrial Control Module Premium Series 1831,Electronics,Premium,Each,414.33,798.71,Active
1832,PROD-001832,963,Pneumatic Control Unit Premium Series 1832,Industrial Equipment,Premium,Meter,181.84,303.19,Active
1833,PROD-001833,94,Proximity Sensor Specialty Series 1833,Electronics,Specialty,Each,270.71,557.84,Active
1834,PROD-001834,68,Process Pump Assembly Standard Series 1834,Industrial Equipment,Standard,Liter,445.96,732.21,Active
1835,PROD-001835,521,Industrial Valve Assembly Specialty Series 1835,Components,Specialty,Kg,240.43,342.1,Active
1836,PROD-001836,460,Conveyor Roller Assembly Premium Series 1836,Components,Premium,Liter,201.75,328.28,Active
1837,PROD-001837,472,Corrugated Shipping Carton Premium Series 1837,Packaging,Premium,Meter,114.06,213.07,Active
1838,PROD-001838,145,Protective Packaging Insert Standard Series 1838,Packaging,Standard,Liter,432.38,662.47,Active
1839,PROD-001839,257,Aluminum Mounting Bracket Specialty Series 1839,Components,Specialty,Each,96.62,218.47,Active
1840,PROD-001840,969,Power Distribution Module Specialty Series 1840,Electronics,Specialty,Meter,422.7,820.59,Active
1841,PROD-001841,135,Heavy-Duty Packaging Sleeve Specialty Series 1841,Packaging,Specialty,Liter,355.16,765.54,Inactive
1842,PROD-001842,635,Engineering Plastic Pellets Premium Series 1842,Raw Materials,Premium,Meter,438.62,938.18,Active
1843,PROD-001843,140,Precision Bearing Assembly Standard Series 1843,Components,Standard,Each,242.26,381.15,Active
1844,PROD-001844,429,Pneumatic Control Unit Premium Series 1844,Industrial Equipment,Premium,Kg,430.79,840.25,Active
1845,PROD-001845,962,Aluminum Mounting Bracket Specialty Series 1845,Components,Specialty,Meter,92.16,217.36,Inactive
1846,PROD-001846,213,Process Pump Assembly Standard Series 1846,Industrial Equipment,Standard,Kg,390.06,500.79,Active
1847,PROD-001847,220,Material Handling Unit Premium Series 1847,Industrial Equipment,Premium,Meter,185.12,276.43,Inactive
1848,PROD-001848,142,Thermal Processing Unit Standard Series 1848,Industrial Equipment,Standard,Meter,416.4,570.05,Active
1849,PROD-001849,890,Industrial Control Module Premium Series 1849,Electronics,Premium,Meter,413.39,563.39,Active
1850,PROD-001850,764,Steel Coupling Specialty Series 1850,Components,Specialty,Meter,231.07,334.98,Active
1851,PROD-001851,158,Industrial Stretch Film Standard Series 1851,Packaging,Standard,Liter,158.48,389.39,Inactive
1852,PROD-001852,136,Process Pump Assembly Premium Series 1852,Industrial Equipment,Premium,Each,124.32,221.51,Active
1853,PROD-001853,32,Industrial Valve Assembly Specialty Series 1853,Components,Specialty,Each,469.59,1103.79,Active
1854,PROD-001854,171,Engineering Plastic Pellets Standard Series 1854,Raw Materials,Standard,Each,16.89,34.1,Active
1855,PROD-001855,29,Hydraulic Power Unit Specialty Series 1855,Industrial Equipment,Specialty,Meter,96.31,156.09,Active
1856,PROD-001856,689,Steel Coupling Premium Series 1856,Components,Premium,Liter,385.54,921.51,Active
1857,PROD-001857,634,Proximity Sensor Premium Series 1857,Electronics,Premium,Each,45.57,100.72,Active
1858,PROD-001858,857,Process Pump Assembly Premium Series 1858,Industrial Equipment,Premium,Each,291.48,566.61,Inactive
1859,PROD-001859,543,Industrial Valve Assembly Standard Series 1859,Components,Standard,Liter,301.24,531.02,Active
1860,PROD-001860,307,Conveyor Roller Assembly Standard Series 1860,Components,Standard,Liter,279.36,424.05,Inactive
1861,PROD-001861,877,Precision Bearing Assembly Specialty Series 1861,Components,Specialty,Liter,233.0,486.13,Active
1862,PROD-001862,610,Aluminum Sheet Stock Standard Series 1862,Raw Materials,Standard,Meter,255.39,637.66,Active
1863,PROD-001863,361,Polymer Resin Specialty Series 1863,Raw Materials,Specialty,Kg,172.8,246.21,Active
1864,PROD-001864,727,Pallet Wrap Assembly Specialty Series 1864,Packaging,Specialty,Kg,263.48,555.6,Active
1865,PROD-001865,92,Heavy-Duty Packaging Sleeve Specialty Series 1865,Packaging,Specialty,Liter,136.37,290.61,Active
1866,PROD-001866,703,Engineering Plastic Pellets Specialty Series 1866,Raw Materials,Specialty,Meter,121.15,251.74,Active
1867,PROD-001867,178,Corrugated Shipping Carton Specialty Series 1867,Packaging,Specialty,Meter,380.94,510.5,Inactive
1868,PROD-001868,527,Pneumatic Control Unit Premium Series 1868,Industrial Equipment,Premium,Each,466.11,795.21,Active
1869,PROD-001869,465,Proximity Sensor Premium Series 1869,Electronics,Premium,Kg,74.2,149.24,Active
1870,PROD-001870,106,Industrial Copper Wire Specialty Series 1870,Raw Materials,Specialty,Liter,330.87,543.54,Active
1871,PROD-001871,212,Motor Control Panel Standard Series 1871,Electronics,Standard,Kg,28.72,64.4,Active
1872,PROD-001872,551,Reusable Transport Crate Standard Series 1872,Packaging,Standard,Liter,150.77,349.26,Active
1873,PROD-001873,595,Corrugated Shipping Carton Specialty Series 1873,Packaging,Specialty,Liter,446.37,1079.0,Active
1874,PROD-001874,215,Pneumatic Control Unit Specialty Series 1874,Industrial Equipment,Specialty,Liter,203.37,397.36,Active
1875,PROD-001875,112,Proximity Sensor Specialty Series 1875,Electronics,Specialty,Each,161.76,339.07,Active
1876,PROD-001876,109,Power Distribution Module Specialty Series 1876,Electronics,Specialty,Each,299.32,690.5,Active
1877,PROD-001877,634,Motor Control Panel Specialty Series 1877,Electronics,Specialty,Kg,45.26,107.65,Inactive
1878,PROD-001878,922,Reusable Transport Crate Premium Series 1878,Packaging,Premium,Liter,199.49,355.76,Active
1879,PROD-001879,485,Hydraulic Power Unit Premium Series 1879,Industrial Equipment,,Meter,352.39,735.65,Active
1880,PROD-001880,409,Variable Frequency Drive Specialty Series 1880,Electronics,,Liter,470.69,710.21,Inactive
1881,PROD-001881,775,Industrial Drive System Premium Series 1881,Industrial Equipment,Premium,Liter,349.69,781.25,Active
1882,PROD-001882,132,Process Pump Assembly Specialty Series 1882,Industrial Equipment,Specialty,Liter,123.74,299.47,Active
1883,PROD-001883,177,Motor Control Panel Premium Series 1883,Electronics,Premium,Liter,455.5,715.72,Active
1884,PROD-001884,944,Industrial Signal Converter Premium Series 1884,Electronics,Premium,Liter,428.9,863.79,Active
1885,PROD-001885,484,Precision Bearing Assembly Standard Series 1885,Components,Standard,Meter,353.75,494.33,Active
1886,PROD-001886,137,Variable Frequency Drive Specialty Series 1886,Electronics,Specialty,Liter,252.17,614.31,Active
1887,PROD-001887,387,Industrial Drive System Premium Series 1887,Industrial Equipment,Premium,Liter,139.33,245.55,Inactive
1888,PROD-001888,982,Pallet Wrap Assembly Premium Series 1888,Packaging,Premium,Meter,354.18,550.49,Active
1889,PROD-001889,789,Heavy-Duty Packaging Sleeve Standard Series 1889,Packaging,Standard,Kg,294.66,706.78,Active
1890,PROD-001890,104,Industrial Signal Converter Premium Series 1890,Electronics,Premium,Meter,285.14,411.86,Active
1891,PROD-001891,409,Hydraulic Power Unit Premium Series 1891,Industrial Equipment,Premium,Meter,74.31,111.66,Active
1892,PROD-001892,117,Variable Frequency Drive Standard Series 1892,Electronics,Standard,Each,447.69,845.94,Active
1893,PROD-001893,609,Proximity Sensor Standard Series 1893,Electronics,Standard,Kg,481.42,970.46,Active
1894,PROD-001894,914,Drive Shaft Assembly Specialty Series 1894,Components,Specialty,Kg,245.28,372.02,Active
1895,PROD-001895,434,Motor Control Panel Standard Series 1895,Electronics,Standard,Meter,267.93,391.14,Inactive
1896,PROD-001896,118,Engineering Plastic Pellets Standard Series 1896,Raw Materials,Standard,Each,450.18,1114.1,Active
1897,PROD-001897,63,Cold Rolled Steel Coil Standard Series 1897,Raw Materials,Standard,Meter,234.1,321.82,Active
1898,PROD-001898,840,Steel Coupling Specialty Series 1898,Components,Specialty,Each,80.75,101.66,Active
1899,PROD-001899,544,Industrial Drive System Specialty Series 1899,Industrial Equipment,Specialty,Liter,29.48,39.55,Active
1900,PROD-001900,240,Pallet Wrap Assembly Standard Series 1900,Packaging,Standard,Each,255.1,485.91,Active
1901,PROD-001901,890,Material Handling Unit Premium Series 1901,Industrial Equipment,Premium,Each,235.38,453.42,Active
1902,PROD-001902,960,Engineering Plastic Pellets Specialty Series 1902,Raw Materials,Specialty,Liter,85.88,184.79,Active
1903,PROD-001903,597,Hydraulic Power Unit Standard Series 1903,Industrial Equipment,Standard,Each,422.74,650.0,Active
1904,PROD-001904,94,Variable Frequency Drive Premium Series 1904,Electronics,Premium,Meter,283.55,441.31,Active
1905,PROD-001905,845,Aluminum Mounting Bracket Premium Series 1905,Components,Premium,Liter,264.92,529.69,Active
1906,PROD-001906,812,Pallet Wrap Assembly Specialty Series 1906,Packaging,Specialty,Kg,88.56,161.86,Active
1907,PROD-001907,48,Material Handling Unit Specialty Series 1907,Industrial Equipment,Specialty,Each,157.52,230.76,Active
1908,PROD-001908,983,Industrial Signal Converter Premium Series 1908,Electronics,Premium,Kg,12.72,19.58,Active
1909,PROD-001909,687,Cold Rolled Steel Coil Premium Series 1909,Raw Materials,Premium,Each,481.37,853.44,Active
1910,PROD-001910,176,Aluminum Sheet Stock Premium Series 1910,Raw Materials,Premium,Liter,36.48,74.39,Active
1911,PROD-001911,572,Industrial Stretch Film Premium Series 1911,Packaging,Premium,Meter,82.4,129.23,Active
1912,PROD-001912,567,Pallet Wrap Assembly Standard Series 1912,Packaging,Standard,Kg,407.37,774.69,Active
1913,PROD-001913,111,Industrial Valve Assembly Specialty Series 1913,Components,Specialty,Liter,323.97,809.39,Active
1914,PROD-001914,721,Conveyor Roller Assembly Specialty Series 1914,Components,Specialty,Each,400.33,842.01,Active
1915,PROD-001915,154,Industrial Control Module Premium Series 1915,Electronics,Premium,Each,350.78,706.42,Active
1916,PROD-001916,75,Aluminum Sheet Stock Premium Series 1916,Raw Materials,Premium,Each,458.58,872.25,Active
1917,PROD-001917,711,Polymer Resin Specialty Series 1917,Raw Materials,Specialty,Liter,199.57,494.66,Active
1918,PROD-001918,665,Drive Shaft Assembly Premium Series 1918,Components,Premium,Each,473.73,799.15,Inactive
1919,PROD-001919,402,Stainless Steel Sheet Premium Series 1919,Raw Materials,Premium,Meter,184.75,347.19,Active
1920,PROD-001920,791,Thermal Processing Unit Premium Series 1920,Industrial Equipment,Premium,Liter,467.6,804.1,Active
1921,PROD-001921,575,Hydraulic Power Unit Specialty Series 1921,Industrial Equipment,Specialty,Kg,34.96,49.96,Active
1922,PROD-001922,272,Steel Coupling Standard Series 1922,Components,Standard,Each,228.12,530.49,Active
1923,PROD-001923,980,Industrial Drive System Standard Series 1923,Industrial Equipment,Standard,Kg,417.45,635.23,Active
1924,PROD-001924,226,Industrial Copper Wire Premium Series 1924,Raw Materials,Premium,Liter,495.49,1076.68,Active
1925,PROD-001925,460,Heavy-Duty Packaging Sleeve Premium Series 1925,Packaging,Premium,Liter,458.7,721.46,Active
1926,PROD-001926,950,Conveyor Roller Assembly Premium Series 1926,Components,Premium,Each,353.41,875.94,Active
1927,PROD-001927,55,Industrial Control Module Premium Series 1927,Electronics,Premium,Kg,29.11,38.46,Inactive
1928,PROD-001928,699,Pneumatic Control Unit Standard Series 1928,Industrial Equipment,Standard,Meter,223.17,485.6,Active
1929,PROD-001929,956,Industrial Stretch Film Standard Series 1929,Packaging,Standard,Liter,271.22,528.2,Active
1930,PROD-001930,502,Process Pump Assembly Specialty Series 1930,Industrial Equipment,Specialty,Each,359.82,790.59,Active
1931,PROD-001931,200,Industrial Valve Assembly Premium Series 1931,Components,Premium,Meter,391.79,654.6,Active
1932,PROD-001932,747,Thermal Processing Unit Premium Series 1932,Industrial Equipment,Premium,Kg,397.87,942.08,Active
1933,PROD-001933,937,Industrial Control Module Specialty Series 1933,Electronics,Specialty,Each,196.37,343.2,Active
1934,PROD-001934,501,Variable Frequency Drive Specialty Series 1934,Electronics,Specialty,Meter,285.35,607.34,Active
1935,PROD-001935,158,Industrial Drive System Specialty Series 1935,Industrial Equipment,Specialty,Liter,472.32,906.29,Active
1936,PROD-001936,943,Process Pump Assembly Premium Series 1936,Industrial Equipment,Premium,Kg,196.45,310.13,Active
1937,PROD-001937,328,Heavy-Duty Packaging Sleeve Premium Series 1937,Packaging,Premium,Kg,225.21,513.35,Active
1938,PROD-001938,971,Conveyor Roller Assembly Specialty Series 1938,Components,Specialty,Meter,117.32,241.31,Active
1939,PROD-001939,409,Cold Rolled Steel Coil Premium Series 1939,Raw Materials,Premium,Each,232.67,386.54,Active
1940,PROD-001940,405,Variable Frequency Drive Specialty Series 1940,Electronics,Specialty,Kg,440.03,770.49,Active
1941,PROD-001941,691,Aluminum Mounting Bracket Premium Series 1941,Components,Premium,Each,453.95,577.5,Active
1942,PROD-001942,198,Industrial Copper Wire Standard Series 1942,Raw Materials,Standard,Meter,244.18,373.29,Inactive
1943,PROD-001943,953,Material Handling Unit Standard Series 1943,Industrial Equipment,Standard,Liter,124.63,282.78,Active
1944,PROD-001944,192,Conveyor Roller Assembly Specialty Series 1944,Components,Specialty,Meter,307.34,745.61,Active
1945,PROD-001945,689,Hydraulic Power Unit Premium Series 1945,Industrial Equipment,Premium,Each,89.11,179.56,Active
1946,PROD-001946,305,Variable Frequency Drive Standard Series 1946,Electronics,Standard,Meter,288.76,411.65,Active
1947,PROD-001947,597,Industrial Stretch Film Premium Series 1947,Packaging,Premium,Kg,375.64,805.56,Active
1948,PROD-001948,727,Power Distribution Module Premium Series 1948,Electronics,Premium,Each,433.09,820.44,Active
1949,PROD-001949,355,Stainless Steel Sheet Standard Series 1949,Raw Materials,Standard,Each,36.17,61.47,Active
1950,PROD-001950,11,Conveyor Roller Assembly Specialty Series 1950,Components,Specialty,Each,41.7,81.67,Active
1951,PROD-001951,909,Hydraulic Power Unit Specialty Series 1951,Industrial Equipment,Specialty,Meter,153.9,271.12,Active
1952,PROD-001952,215,Protective Packaging Insert Premium Series 1952,Packaging,Premium,Meter,260.94,402.33,Active
1953,PROD-001953,973,Polymer Resin Standard Series 1953,Raw Materials,Standard,Each,495.0,791.04,Active
1954,PROD-001954,714,Power Distribution Module Standard Series 1954,Electronics,Standard,Meter,359.09,501.49,Inactive
1955,PROD-001955,948,Stainless Steel Sheet Premium Series 1955,Raw Materials,Premium,Meter,274.51,519.65,Active
1956,PROD-001956,931,Thermal Processing Unit Standard Series 1956,Industrial Equipment,Standard,Each,457.49,723.86,Inactive
1957,PROD-001957,55,Precision Bearing Assembly Specialty Series 1957,Components,Specialty,Meter,314.55,646.44,Active
1958,PROD-001958,989,Pneumatic Control Unit Standard Series 1958,Industrial Equipment,Standard,Kg,159.2,272.41,Active
1959,PROD-001959,385,Aluminum Mounting Bracket Premium Series 1959,Components,Premium,Each,414.54,922.04,Active
1960,PROD-001960,68,Power Distribution Module Standard Series 1960,Electronics,Standard,Meter,18.12,30.54,Inactive
1961,PROD-001961,637,Motor Control Panel Premium Series 1961,Electronics,Premium,Each,74.81,179.96,Active
1962,PROD-001962,640,Conveyor Roller Assembly Premium Series 1962,Components,Premium,Liter,201.77,391.27,Active
1963,PROD-001963,646,Precision Bearing Assembly Premium Series 1963,Components,Premium,Kg,292.49,577.6,Active
1964,PROD-001964,939,Protective Packaging Insert Premium Series 1964,Packaging,Premium,Meter,56.52,106.81,Active
1965,PROD-001965,639,Polymer Resin Standard Series 1965,Raw Materials,Standard,Each,436.31,992.13,Active
1966,PROD-001966,194,Pallet Wrap Assembly Premium Series 1966,Packaging,Premium,Kg,470.36,1111.15,Active
1967,PROD-001967,220,Stainless Steel Sheet Premium Series 1967,Raw Materials,Premium,Liter,391.98,649.91,Inactive
1968,PROD-001968,643,Conveyor Roller Assembly Premium Series 1968,Components,Premium,Liter,126.45,252.39,Active
1969,PROD-001969,647,Corrugated Shipping Carton Premium Series 1969,Packaging,Premium,Kg,308.13,487.44,Active
1970,PROD-001970,881,Steel Coupling Premium Series 1970,Components,Premium,Each,427.86,958.61,Active
1971,PROD-001971,376,Aluminum Mounting Bracket Specialty Series 1971,Components,Specialty,Kg,353.65,489.3,Active
1972,PROD-001972,164,Process Pump Assembly Specialty Series 1972,Industrial Equipment,Specialty,Meter,71.61,173.43,Active
1973,PROD-001973,707,Heavy-Duty Packaging Sleeve Premium Series 1973,Packaging,Premium,Meter,192.76,317.63,Active
1974,PROD-001974,86,Reusable Transport Crate Standard Series 1974,Packaging,Standard,Each,350.29,720.89,Active
1975,PROD-001975,655,Hydraulic Power Unit Standard Series 1975,Industrial Equipment,Standard,Liter,101.81,248.06,Active
1976,PROD-001976,155,Pneumatic Control Unit Premium Series 1976,Industrial Equipment,Premium,Meter,127.29,159.3,Active
1977,PROD-001977,592,Industrial Stretch Film Standard Series 1977,Packaging,Standard,Liter,174.6,250.48,Active
1978,PROD-001978,179,Industrial Copper Wire Standard Series 1978,Raw Materials,Standard,Kg,309.35,475.24,Active
1979,PROD-001979,333,Heavy-Duty Packaging Sleeve Specialty Series 1979,Packaging,,Meter,432.52,580.92,Active
1980,PROD-001980,884,Industrial Signal Converter Standard Series 1980,Electronics,Standard,Kg,266.33,611.34,Inactive
1981,PROD-001981,432,Hydraulic Power Unit Specialty Series 1981,Industrial Equipment,Specialty,Kg,468.93,966.23,Active
1982,PROD-001982,138,Pneumatic Control Unit Premium Series 1982,Industrial Equipment,Premium,Meter,328.33,585.14,Active
1983,PROD-001983,426,Industrial Drive System Premium Series 1983,Industrial Equipment,Premium,Each,222.25,328.24,Active
1984,PROD-001984,152,Industrial Copper Wire Standard Series 1984,Raw Materials,Standard,Each,375.06,924.03,Active
1985,PROD-001985,695,Stainless Steel Sheet Premium Series 1985,Raw Materials,Premium,Liter,124.86,213.87,Inactive
1986,PROD-001986,382,Conveyor Roller Assembly Premium Series 1986,Components,Premium,Meter,209.82,286.33,Inactive
1987,PROD-001987,480,Hydraulic Power Unit Specialty Series 1987,Industrial Equipment,Specialty,Kg,159.65,315.0,Active
1988,PROD-001988,375,Aluminum Sheet Stock Premium Series 1988,Raw Materials,Premium,Meter,75.71,104.92,Active
1989,PROD-001989,451,Industrial Drive System Standard Series 1989,Industrial Equipment,Standard,Meter,208.71,316.32,Active
1990,PROD-001990,288,Pallet Wrap Assembly Specialty Series 1990,Packaging,Specialty,Each,38.67,68.65,Active
1991,PROD-001991,556,Material Handling Unit Specialty Series 1991,Industrial Equipment,Specialty,Liter,340.32,432.69,Active
1992,PROD-001992,248,Thermal Processing Unit Premium Series 1992,Industrial Equipment,Premium,Each,309.76,645.96,Active
1993,PROD-001993,1,Precision Bearing Assembly Specialty Series 1993,Components,Specialty,Liter,41.06,90.83,Active
1994,PROD-001994,628,Aluminum Sheet Stock Specialty Series 1994,Raw Materials,Specialty,Kg,352.52,740.53,Active
1995,PROD-001995,684,Industrial Stretch Film Specialty Series 1995,Packaging,Specialty,Kg,278.77,671.29,Active
1996,PROD-001996,476,Industrial Copper Wire Standard Series 1996,Raw Materials,Standard,Kg,293.8,443.4,Active
1997,PROD-001997,127,Stainless Steel Sheet Specialty Series 1997,Raw Materials,Specialty,Liter,104.27,254.44,Active
1998,PROD-001998,418,Engineering Plastic Pellets Standard Series 1998,Raw Materials,Standard,Kg,79.86,103.03,Active
1999,PROD-001999,8,Cold Rolled Steel Coil Premium Series 1999,Raw Materials,Premium,Each,316.83,547.68,Active
2000,PROD-002000,913,Pneumatic Control Unit Standard Series 2000,Industrial Equipment,Standard,Each,154.01,276.76,Active
2001,PROD-002001,959,Polymer Resin Premium Series 2001,Raw Materials,Premium,Liter,306.25,536.66,Active
2002,PROD-002002,655,Pallet Wrap Assembly Specialty Series 2002,Packaging,Specialty,Each,365.28,830.24,Active
2003,PROD-002003,705,Material Handling Unit Specialty Series 2003,Industrial Equipment,Specialty,Liter,481.53,1019.65,Active
2004,PROD-002004,134,Reusable Transport Crate Standard Series 2004,Packaging,Standard,Kg,308.37,559.03,Active
2005,PROD-002005,573,Corrugated Shipping Carton Standard Series 2005,Packaging,Standard,Each,82.48,166.19,Active
2006,PROD-002006,400,Protective Packaging Insert Specialty Series 2006,Packaging,Specialty,Liter,359.22,466.26,Active
2007,PROD-002007,150,Aluminum Mounting Bracket Premium Series 2007,Components,Premium,Each,490.7,717.5,Active
2008,PROD-002008,530,Industrial Copper Wire Standard Series 2008,Raw Materials,Standard,Meter,203.32,313.53,Active
2009,PROD-002009,738,Stainless Steel Sheet Premium Series 2009,Raw Materials,Premium,Meter,12.45,26.69,Active
2010,PROD-002010,455,Industrial Signal Converter Standard Series 2010,Electronics,Standard,Liter,346.58,710.33,Active
2011,PROD-002011,147,Industrial Control Module Premium Series 2011,Electronics,Premium,Kg,109.86,203.58,Inactive
2012,PROD-002012,876,Protective Packaging Insert Specialty Series 2012,Packaging,Specialty,Liter,28.38,62.17,Active
2013,PROD-002013,607,Industrial Drive System Specialty Series 2013,Industrial Equipment,Specialty,Each,58.48,123.09,Active
2014,PROD-002014,91,Power Distribution Module Specialty Series 2014,Electronics,Specialty,Kg,465.32,1025.59,Active
2015,PROD-002015,332,Heavy-Duty Packaging Sleeve Specialty Series 2015,Packaging,Specialty,Kg,411.01,651.1,Active
2016,PROD-002016,158,Reusable Transport Crate Specialty Series 2016,Packaging,Specialty,Each,446.33,792.79,Active
2017,PROD-002017,758,Cold Rolled Steel Coil Standard Series 2017,Raw Materials,Standard,Each,325.73,516.9,Active
2018,PROD-002018,867,Pneumatic Control Unit Premium Series 2018,Industrial Equipment,Premium,Each,372.55,863.09,Inactive
2019,PROD-002019,748,Industrial Drive System Premium Series 2019,Industrial Equipment,Premium,Kg,185.41,274.61,Active
2020,PROD-002020,635,Drive Shaft Assembly Standard Series 2020,Components,Standard,Meter,218.89,287.32,Active
2021,PROD-002021,555,Material Handling Unit Specialty Series 2021,Industrial Equipment,Specialty,Liter,499.79,1202.41,Active
2022,PROD-002022,44,Conveyor Roller Assembly Specialty Series 2022,Components,Specialty,Liter,319.81,517.6,Active
2023,PROD-002023,130,Precision Bearing Assembly Standard Series 2023,Components,Standard,Liter,113.14,213.43,Active
2024,PROD-002024,581,Steel Coupling Standard Series 2024,Components,Standard,Liter,274.33,589.57,Active
2025,PROD-002025,510,Industrial Stretch Film Premium Series 2025,Packaging,Premium,Liter,216.27,489.87,Active
2026,PROD-002026,970,Pallet Wrap Assembly Standard Series 2026,Packaging,Standard,Meter,283.23,678.92,Active
2027,PROD-002027,780,Industrial Valve Assembly Specialty Series 2027,Components,Specialty,Meter,139.31,200.51,Active
2028,PROD-002028,710,Engineering Plastic Pellets Standard Series 2028,Raw Materials,Standard,Each,457.15,914.99,Active
2029,PROD-002029,913,Hydraulic Power Unit Specialty Series 2029,Industrial Equipment,Specialty,Kg,30.19,71.85,Active
2030,PROD-002030,155,Protective Packaging Insert Premium Series 2030,Packaging,Premium,Meter,37.04,83.53,Active
2031,PROD-002031,967,Industrial Drive System Premium Series 2031,Industrial Equipment,Premium,Meter,31.72,56.76,Active
2032,PROD-002032,332,Drive Shaft Assembly Standard Series 2032,Components,Standard,Meter,242.6,513.04,Active
2033,PROD-002033,255,Stainless Steel Sheet Specialty Series 2033,Raw Materials,Specialty,Kg,91.25,198.86,Active
2034,PROD-002034,516,Thermal Processing Unit Standard Series 2034,Industrial Equipment,Standard,Each,237.62,496.65,Active
2035,PROD-002035,982,Cold Rolled Steel Coil Specialty Series 2035,Raw Materials,Specialty,Liter,488.24,864.64,Inactive
2036,PROD-002036,62,Pneumatic Control Unit Standard Series 2036,Industrial Equipment,Standard,Kg,299.53,413.69,Active
2037,PROD-002037,94,Aluminum Mounting Bracket Specialty Series 2037,Components,Specialty,Liter,178.91,309.38,Inactive
2038,PROD-002038,173,Process Pump Assembly Specialty Series 2038,Industrial Equipment,Specialty,Liter,261.83,464.36,Active
2039,PROD-002039,700,Material Handling Unit Standard Series 2039,Industrial Equipment,Standard,Kg,83.03,169.73,Active
2040,PROD-002040,367,Reusable Transport Crate Standard Series 2040,Packaging,Standard,Meter,185.01,410.79,Active
2041,PROD-002041,352,Industrial Control Module Specialty Series 2041,Electronics,Specialty,Kg,138.51,206.12,Active
2042,PROD-002042,729,Pneumatic Control Unit Premium Series 2042,Industrial Equipment,Premium,Liter,173.44,401.13,Active
2043,PROD-002043,145,Polymer Resin Premium Series 2043,Raw Materials,Premium,Kg,192.64,394.19,Active
2044,PROD-002044,184,Pallet Wrap Assembly Standard Series 2044,Packaging,Standard,Kg,46.4,70.7,Active
2045,PROD-002045,382,Motor Control Panel Specialty Series 2045,Electronics,Specialty,Kg,145.4,188.44,Active
2046,PROD-002046,451,Thermal Processing Unit Specialty Series 2046,Industrial Equipment,Specialty,Liter,167.58,219.01,Inactive
2047,PROD-002047,121,Cold Rolled Steel Coil Specialty Series 2047,Raw Materials,Specialty,Liter,212.42,388.94,Active
2048,PROD-002048,532,Variable Frequency Drive Standard Series 2048,Electronics,Standard,Kg,126.75,285.16,Active
2049,PROD-002049,451,Industrial Drive System Specialty Series 2049,Industrial Equipment,Specialty,Meter,155.41,282.83,Active
2050,PROD-002050,537,Pallet Wrap Assembly Specialty Series 2050,Packaging,Specialty,Liter,193.45,350.75,Active
2051,PROD-002051,754,Stainless Steel Sheet Specialty Series 2051,Raw Materials,Specialty,Meter,274.56,518.93,Active
2052,PROD-002052,915,Engineering Plastic Pellets Standard Series 2052,Raw Materials,Standard,Kg,24.3,38.59,Active
2053,PROD-002053,959,Industrial Control Module Standard Series 2053,Electronics,Standard,Each,285.45,586.46,Active
2054,PROD-002054,699,Aluminum Sheet Stock Premium Series 2054,Raw Materials,Premium,Each,462.86,882.2,Active
2055,PROD-002055,549,Industrial Stretch Film Premium Series 2055,Packaging,Premium,Meter,444.38,862.52,Active
2056,PROD-002056,857,Drive Shaft Assembly Standard Series 2056,Components,Standard,Liter,217.96,483.01,Active
2057,PROD-002057,5,Heavy-Duty Packaging Sleeve Premium Series 2057,Packaging,Premium,Liter,321.75,628.99,Active
2058,PROD-002058,964,Industrial Signal Converter Standard Series 2058,Electronics,Standard,Each,67.52,168.59,Active
2059,PROD-002059,396,Corrugated Shipping Carton Specialty Series 2059,Packaging,Specialty,Liter,155.04,273.74,Active
2060,PROD-002060,921,Protective Packaging Insert Specialty Series 2060,Packaging,Specialty,Liter,133.46,297.29,Active
2061,PROD-002061,56,Industrial Drive System Premium Series 2061,Industrial Equipment,Premium,Each,347.25,649.41,Active
2062,PROD-002062,848,Pallet Wrap Assembly Premium Series 2062,Packaging,Premium,Kg,468.68,965.08,Active
2063,PROD-002063,819,Motor Control Panel Premium Series 2063,Electronics,Premium,Liter,118.24,266.15,Active
2064,PROD-002064,575,Reusable Transport Crate Standard Series 2064,Packaging,Standard,Meter,30.22,64.3,Active
2065,PROD-002065,95,Cold Rolled Steel Coil Standard Series 2065,Raw Materials,Standard,Each,157.8,271.23,Active
2066,PROD-002066,167,Variable Frequency Drive Standard Series 2066,Electronics,Standard,Meter,321.96,678.65,Active
2067,PROD-002067,591,Industrial Drive System Specialty Series 2067,Industrial Equipment,Specialty,Each,409.4,768.59,Active
2068,PROD-002068,189,Industrial Copper Wire Premium Series 2068,Raw Materials,Premium,Liter,398.75,792.83,Active
2069,PROD-002069,491,Heavy-Duty Packaging Sleeve Specialty Series 2069,Packaging,Specialty,Meter,78.94,140.44,Active
2070,PROD-002070,546,Industrial Signal Converter Premium Series 2070,Electronics,Premium,Meter,87.5,157.4,Inactive
2071,PROD-002071,524,Industrial Control Module Specialty Series 2071,Electronics,Specialty,Kg,323.69,790.65,Active
2072,PROD-002072,499,Steel Coupling Specialty Series 2072,Components,Specialty,Liter,109.89,268.27,Active
2073,PROD-002073,391,Industrial Stretch Film Premium Series 2073,Packaging,Premium,Kg,241.51,313.07,Active
2074,PROD-002074,495,Process Pump Assembly Standard Series 2074,Industrial Equipment,Standard,Liter,247.64,490.37,Active
2075,PROD-002075,688,Motor Control Panel Premium Series 2075,Electronics,Premium,Meter,384.31,749.01,Active
2076,PROD-002076,108,Engineering Plastic Pellets Standard Series 2076,Raw Materials,Standard,Meter,484.09,1000.25,Active
2077,PROD-002077,86,Hydraulic Power Unit Standard Series 2077,Industrial Equipment,Standard,Each,176.09,436.9,Active
2078,PROD-002078,670,Steel Coupling Standard Series 2078,Components,Standard,Each,433.69,616.66,Inactive
2079,PROD-002079,522,Aluminum Mounting Bracket Premium Series 2079,Components,Premium,Meter,323.52,560.67,Active
2080,PROD-002080,796,Industrial Copper Wire Standard Series 2080,Raw Materials,Standard,Liter,489.81,1078.34,Inactive
2081,PROD-002081,943,Stainless Steel Sheet Premium Series 2081,Raw Materials,Premium,Meter,355.11,822.04,Active
2082,PROD-002082,585,Reusable Transport Crate Standard Series 2082,Packaging,Standard,Kg,91.36,114.51,Active
2083,PROD-002083,376,Hydraulic Power Unit Standard Series 2083,Industrial Equipment,Standard,Meter,303.7,385.71,Active
2084,PROD-002084,677,Steel Coupling Standard Series 2084,Components,Standard,Meter,452.31,637.74,Active
2085,PROD-002085,849,Proximity Sensor Specialty Series 2085,Electronics,Specialty,Each,50.35,80.92,Active
2086,PROD-002086,489,Pallet Wrap Assembly Premium Series 2086,Packaging,Premium,Meter,13.03,18.92,Active
2087,PROD-002087,811,Motor Control Panel Specialty Series 2087,Electronics,Specialty,Liter,424.25,734.1,Active
2088,PROD-002088,588,Reusable Transport Crate Specialty Series 2088,Packaging,Specialty,Liter,465.68,881.16,Active
2089,PROD-002089,668,Corrugated Shipping Carton Premium Series 2089,Packaging,Premium,Meter,164.6,227.31,Active
2090,PROD-002090,133,Aluminum Sheet Stock Specialty Series 2090,Raw Materials,Specialty,Kg,17.46,27.13,Active
2091,PROD-002091,492,Polymer Resin Premium Series 2091,Raw Materials,Premium,Each,458.62,1079.83,Active
2092,PROD-002092,113,Process Pump Assembly Specialty Series 2092,Industrial Equipment,Specialty,Liter,70.79,112.46,Active
2093,PROD-002093,253,Heavy-Duty Packaging Sleeve Premium Series 2093,Packaging,Premium,Liter,302.28,627.39,Active
2094,PROD-002094,312,Industrial Signal Converter Premium Series 2094,Electronics,Premium,Liter,126.87,260.99,Inactive
2095,PROD-002095,161,Corrugated Shipping Carton Premium Series 2095,Packaging,Premium,Meter,53.47,102.81,Active
2096,PROD-002096,471,Pneumatic Control Unit Premium Series 2096,Industrial Equipment,Premium,Each,201.46,295.71,Active
2097,PROD-002097,688,Polymer Resin Standard Series 2097,Raw Materials,Standard,Kg,297.72,590.51,Active
2098,PROD-002098,264,Pallet Wrap Assembly Standard Series 2098,Packaging,Standard,Meter,325.53,589.6,Inactive
2099,PROD-002099,536,Material Handling Unit Specialty Series 2099,Industrial Equipment,Specialty,Each,105.33,256.88,Active
2100,PROD-002100,758,Engineering Plastic Pellets Specialty Series 2100,Raw Materials,Specialty,Kg,485.55,800.54,Active
2101,PROD-002101,660,Hydraulic Power Unit Premium Series 2101,Industrial Equipment,Premium,Liter,401.88,881.39,Active
2102,PROD-002102,684,Steel Coupling Premium Series 2102,Components,Premium,Each,393.96,773.83,Active
2103,PROD-002103,362,Polymer Resin Premium Series 2103,Raw Materials,Premium,Liter,266.48,575.41,Active
2104,PROD-002104,432,Power Distribution Module Premium Series 2104,Electronics,Premium,Liter,232.51,369.42,Active
2105,PROD-002105,893,Heavy-Duty Packaging Sleeve Specialty Series 2105,Packaging,Specialty,Liter,25.58,60.32,Active
2106,PROD-002106,242,Conveyor Roller Assembly Standard Series 2106,Components,Standard,Meter,336.98,662.64,Inactive
2107,PROD-002107,784,Corrugated Shipping Carton Standard Series 2107,Packaging,Standard,Kg,321.05,463.74,Active
2108,PROD-002108,299,Variable Frequency Drive Premium Series 2108,Electronics,Premium,Each,87.65,164.69,Active
2109,PROD-002109,462,Industrial Stretch Film Premium Series 2109,Packaging,Premium,Liter,430.78,651.07,Inactive
2110,PROD-002110,139,Industrial Copper Wire Premium Series 2110,Raw Materials,Premium,Each,264.51,503.04,Active
2111,PROD-002111,387,Heavy-Duty Packaging Sleeve Specialty Series 2111,Packaging,Specialty,Meter,108.49,155.6,Active
2112,PROD-002112,53,Reusable Transport Crate Specialty Series 2112,Packaging,Specialty,Each,318.04,423.72,Active
2113,PROD-002113,567, Industrial Control Module Premium Series 2113 ,Electronics,Premium,Meter,99.89,218.67,Active
2114,PROD-002114,59,Variable Frequency Drive Specialty Series 2114,Electronics,Specialty,Liter,47.78,67.28,Active
2115,PROD-002115,961,Industrial Stretch Film Specialty Series 2115,Packaging,Specialty,Kg,38.87,70.22,Active
2116,PROD-002116,25,Power Distribution Module Standard Series 2116,Electronics,Standard,Kg,363.13,734.49,Active
2117,PROD-002117,569,Material Handling Unit Premium Series 2117,Industrial Equipment,Premium,Kg,118.62,272.7,Active
2118,PROD-002118,760,Thermal Processing Unit Standard Series 2118,Industrial Equipment,Standard,Liter,497.83,1079.63,Active
2119,PROD-002119,366,Corrugated Shipping Carton Standard Series 2119,Packaging,Standard,Each,198.42,302.86,Active
2120,PROD-002120,102,Aluminum Sheet Stock Standard Series 2120,Raw Materials,Standard,Kg,90.45,224.73,Active
2121,PROD-002121,590,Industrial Stretch Film Specialty Series 2121,Packaging,Specialty,Liter,350.63,745.29,Active
2122,PROD-002122,547,Industrial Copper Wire Premium Series 2122,Raw Materials,Premium,Kg,491.12,966.16,Active
2123,PROD-002123,305,Heavy-Duty Packaging Sleeve Standard Series 2123,Packaging,Standard,Kg,56.3,120.45,Active
2124,PROD-002124,270,Conveyor Roller Assembly Standard Series 2124,Components,Standard,Each,424.04,1040.2,Active
2125,PROD-002125,369,Hydraulic Power Unit Specialty Series 2125,Industrial Equipment,Specialty,Each,353.36,523.72,Inactive
2126,PROD-002126,30,Protective Packaging Insert Premium Series 2126,Packaging,Premium,Kg,175.71,235.83,Active
2127,PROD-002127,426,Industrial Stretch Film Specialty Series 2127,Packaging,Specialty,Liter,171.18,387.04,Active
2128,PROD-002128,847,Industrial Copper Wire Standard Series 2128,Raw Materials,Standard,Each,111.72,188.41,Inactive
2129,PROD-002129,613,Industrial Valve Assembly Premium Series 2129,Components,Premium,Meter,251.76,342.23,Active
2130,PROD-002130,958,Engineering Plastic Pellets Premium Series 2130,Raw Materials,Premium,Kg,373.82,612.97,Inactive
2131,PROD-002131,697,Cold Rolled Steel Coil Premium Series 2131,Raw Materials,Premium,Meter,298.44,618.97,Active
2132,PROD-002132,749,Protective Packaging Insert Premium Series 2132,Packaging,Premium,Meter,15.77,21.93,Active
2133,PROD-002133,485,Proximity Sensor Standard Series 2133,Electronics,Standard,Liter,376.27,570.75,Active
2134,PROD-002134,797,Drive Shaft Assembly Specialty Series 2134,Components,Specialty,Liter,484.63,945.93,Active
2135,PROD-002135,371,Stainless Steel Sheet Specialty Series 2135,Raw Materials,Specialty,Kg,11.37,23.0,Active
2136,PROD-002136,860,Thermal Processing Unit Standard Series 2136,Industrial Equipment,Standard,Kg,74.74,172.93,Active
2137,PROD-002137,595,Precision Bearing Assembly Specialty Series 2137,Components,Specialty,Kg,150.45,231.24,Active
2138,PROD-002138,92,Pneumatic Control Unit Standard Series 2138,Industrial Equipment,Standard,Liter,346.08,776.01,Active
2139,PROD-002139,472,Industrial Drive System Specialty Series 2139,Industrial Equipment,Specialty,Kg,335.74,681.04,Active
2140,PROD-002140,509,Power Distribution Module Premium Series 2140,Electronics,Premium,Liter,461.45,1038.64,Active
2141,PROD-002141,756,Heavy-Duty Packaging Sleeve Standard Series 2141,Packaging,Standard,Liter,413.76,714.6,Active
2142,PROD-002142,457,Thermal Processing Unit Premium Series 2142,Industrial Equipment,Premium,Liter,27.53,47.5,Active
2143,PROD-002143,593,Corrugated Shipping Carton Standard Series 2143,Packaging,Standard,Kg,265.36,660.07,Active
2144,PROD-002144,853,Aluminum Sheet Stock Premium Series 2144,Raw Materials,Premium,Each,464.49,1097.75,Active
2145,PROD-002145,563,Industrial Stretch Film Premium Series 2145,Packaging,Premium,Kg,128.84,262.71,Active
2146,PROD-002146,87,Drive Shaft Assembly Premium Series 2146,Components,Premium,Meter,64.35,84.74,Active
2147,PROD-002147,109,Stainless Steel Sheet Standard Series 2147,Raw Materials,Standard,Liter,231.99,312.22,Active
2148,PROD-002148,311,Reusable Transport Crate Standard Series 2148,Packaging,Standard,Meter,146.05,356.6,Active
2149,PROD-002149,113,Industrial Control Module Standard Series 2149,Electronics,Standard,Liter,67.85,112.84,Inactive
2150,PROD-002150,861,Aluminum Sheet Stock Premium Series 2150,Raw Materials,Premium,Kg,497.53,999.7,Active
2151,PROD-002151,460,Industrial Drive System Specialty Series 2151,Industrial Equipment,Specialty,Kg,99.03,140.19,Active
2152,PROD-002152,988,Pallet Wrap Assembly Premium Series 2152,Packaging,Premium,Liter,109.74,183.72,Inactive
2153,PROD-002153,388,Motor Control Panel Standard Series 2153,Electronics,Standard,Meter,477.6,1125.15,Active
2154,PROD-002154,198,Conveyor Roller Assembly Standard Series 2154,Components,Standard,Liter,269.36,390.45,Active
2155,PROD-002155,966,Industrial Control Module Specialty Series 2155,Electronics,Specialty,Kg,234.89,343.37,Active
2156,PROD-002156,156,Variable Frequency Drive Standard Series 2156,Electronics,Standard,Liter,492.25,1131.4,Active
2157,PROD-002157,226,Aluminum Mounting Bracket Standard Series 2157,Components,Standard,Kg,291.88,394.05,Active
2158,PROD-002158,283,Drive Shaft Assembly Standard Series 2158,Components,Standard,Meter,165.81,404.56,Active
2159,PROD-002159,183,Material Handling Unit Standard Series 2159,Industrial Equipment,Standard,Meter,48.95,104.68,Active
2160,PROD-002160,710,Reusable Transport Crate Standard Series 2160,Packaging,Standard,Liter,307.58,699.01,Active
2161,PROD-002161,782,Corrugated Shipping Carton Specialty Series 2161,Packaging,Specialty,Meter,296.16,483.76,Active
2162,PROD-002162,566,Pneumatic Control Unit Standard Series 2162,Industrial Equipment,Standard,Each,248.43,413.41,Inactive
2163,PROD-002163,830,Polymer Resin Standard Series 2163,Raw Materials,Standard,Each,468.59,979.99,Active
2164,PROD-002164,140,Drive Shaft Assembly Specialty Series 2164,Components,Specialty,Meter,303.77,480.94,Active
2165,PROD-002165,559,Heavy-Duty Packaging Sleeve Standard Series 2165,Packaging,Standard,Each,372.82,719.49,Active
2166,PROD-002166,280,Engineering Plastic Pellets Premium Series 2166,Raw Materials,Premium,Meter,168.39,238.3,Active
2167,PROD-002167,747,Corrugated Shipping Carton Premium Series 2167,Packaging,Premium,Kg,262.2,610.2,Active
2168,PROD-002168,238,Steel Coupling Specialty Series 2168,Components,Specialty,Liter,436.98,925.56,Active
2169,PROD-002169,173,Industrial Drive System Premium Series 2169,Industrial Equipment,Premium,Each,268.92,413.99,Active
2170,PROD-002170,501,Industrial Copper Wire Premium Series 2170,Raw Materials,Premium,Each,338.86,617.23,Active
2171,PROD-002171,775,Motor Control Panel Standard Series 2171,Electronics,Standard,Kg,444.89,1061.88,Active
2172,PROD-002172,170,Engineering Plastic Pellets Specialty Series 2172,Raw Materials,Specialty,Kg,404.43,882.54,Active
2173,PROD-002173,539,Hydraulic Power Unit Standard Series 2173,Industrial Equipment,Standard,Kg,382.51,838.46,Active
2174,PROD-002174,724,Pneumatic Control Unit Premium Series 2174,Industrial Equipment,Premium,Meter,164.13,306.37,Active
2175,PROD-002175,256,Industrial Drive System Specialty Series 2175,Industrial Equipment,Specialty,Each,372.82,868.44,Active
2176,PROD-002176,19,Industrial Copper Wire Premium Series 2176,Raw Materials,Premium,Liter,178.5,242.55,Active
2177,PROD-002177,336,Heavy-Duty Packaging Sleeve Premium Series 2177,Packaging,Premium,Kg,34.79,50.41,Active
2178,PROD-002178,101,Industrial Signal Converter Standard Series 2178,Electronics,Standard,Each,430.6,675.03,Active
2179,PROD-002179,102,Corrugated Shipping Carton Premium Series 2179,Packaging,Premium,Each,255.96,421.67,Active
2180,PROD-002180,287,Protective Packaging Insert Specialty Series 2180,Packaging,Specialty,Meter,126.2,162.54,Inactive
2181,PROD-002181,715,Industrial Drive System Specialty Series 2181,Industrial Equipment,Specialty,Kg,88.47,171.27,Active
2182,PROD-002182,348,Power Distribution Module Specialty Series 2182,Electronics,Specialty,Liter,330.63,712.81,Active
2183,PROD-002183,805,Motor Control Panel Premium Series 2183,Electronics,Premium,Kg,388.71,858.11,Active
2184,PROD-002184,265,Thermal Processing Unit Standard Series 2184,Industrial Equipment,Standard,Each,343.76,688.41,Inactive
2185,PROD-002185,43,Hydraulic Power Unit Premium Series 2185,Industrial Equipment,Premium,Each,454.88,584.19,Active
2186,PROD-002186,635,Aluminum Sheet Stock Standard Series 2186,Raw Materials,Standard,Kg,237.87,299.07,Active
2187,PROD-002187,541,Aluminum Mounting Bracket Specialty Series 2187,Components,Specialty,Kg,226.22,422.52,Active
2188,PROD-002188,222,Process Pump Assembly Premium Series 2188,Industrial Equipment,Premium,Each,474.92,694.96,Active
2189,PROD-002189,2,Motor Control Panel Premium Series 2189,Electronics,Premium,Kg,245.76,390.59,Active
2190,PROD-002190,74,Thermal Processing Unit Specialty Series 2190,Industrial Equipment,Specialty,Kg,187.11,433.28,Active
2191,PROD-002191,583,Industrial Control Module Standard Series 2191,Electronics,Standard,Kg,485.43,1028.41,Active
2192,PROD-002192,167,Pneumatic Control Unit Standard Series 2192,Industrial Equipment,Standard,Meter,120.6,223.01,Active
2193,PROD-002193,425,Proximity Sensor Standard Series 2193,Electronics,Standard,Meter,379.68,940.1,Active
2194,PROD-002194,358,Pallet Wrap Assembly Premium Series 2194,Packaging,Premium,Kg,144.26,310.33,Active
2195,PROD-002195,337,Material Handling Unit Premium Series 2195,Industrial Equipment,Premium,Kg,307.2,420.41,Active
2196,PROD-002196,309,Conveyor Roller Assembly Standard Series 2196,Components,Standard,Kg,484.7,1139.09,Active
2197,PROD-002197,95,Corrugated Shipping Carton Premium Series 2197,Packaging,Premium,Meter,85.86,154.82,Active
2198,PROD-002198,208,Pneumatic Control Unit Premium Series 2198,Industrial Equipment,Premium,Meter,158.24,253.65,Active
2199,PROD-002199,945,Industrial Drive System Premium Series 2199,Industrial Equipment,Premium,Kg,386.44,740.96,Active
2200,PROD-002200,296,Drive Shaft Assembly Standard Series 2200,Components,Standard,Meter,413.33,563.9,Inactive
2201,PROD-002201,507,Material Handling Unit Premium Series 2201,Industrial Equipment,Premium,Liter,462.06,1145.16,Active
2202,PROD-002202,75,Engineering Plastic Pellets Premium Series 2202,Raw Materials,Premium,Liter,387.41,516.05,Active
2203,PROD-002203,227,Corrugated Shipping Carton Premium Series 2203,Packaging,Premium,Kg,311.1,396.27,Active
2204,PROD-002204,335,Variable Frequency Drive Specialty Series 2204,Electronics,Specialty,Meter,188.67,402.22,Active
2205,PROD-002205,500,Polymer Resin Specialty Series 2205,Raw Materials,Specialty,Each,468.51,597.38,Active
2206,PROD-002206,912,Pallet Wrap Assembly Specialty Series 2206,Packaging,Specialty,Liter,454.53,845.5,Active
2207,PROD-002207,293,Heavy-Duty Packaging Sleeve Standard Series 2207,Packaging,Standard,Kg,41.43,60.2,Active
2208,PROD-002208,683,Industrial Signal Converter Specialty Series 2208,Electronics,Specialty,Kg,387.05,626.12,Active
2209,PROD-002209,575,Industrial Control Module Specialty Series 2209,Electronics,Specialty,Meter,336.57,599.14,Active
2210,PROD-002210,181,Steel Coupling Standard Series 2210,Components,Standard,Meter,17.45,39.8,Active
2211,PROD-002211,635,Polymer Resin Standard Series 2211,Raw Materials,Standard,Meter,435.73,731.68,Inactive
2212,PROD-002212,667,Industrial Copper Wire Standard Series 2212,Raw Materials,Standard,Kg,390.21,627.83,Active
2213,PROD-002213,737,Motor Control Panel Standard Series 2213,Electronics,Standard,Liter,409.99,959.98,Active
2214,PROD-002214,870,Thermal Processing Unit Standard Series 2214,Industrial Equipment,Standard,Kg,229.6,519.56,Active
2215,PROD-002215,164,Industrial Control Module Standard Series 2215,Electronics,Standard,Kg,197.03,452.72,Active
2216,PROD-002216,605,Variable Frequency Drive Premium Series 2216,Electronics,Premium,Liter,474.02,778.5,Active
2217,PROD-002217,452,Proximity Sensor Specialty Series 2217,Electronics,Specialty,Liter,210.44,421.71,Inactive
2218,PROD-002218,402,Industrial Copper Wire Specialty Series 2218,Raw Materials,Specialty,Liter,473.47,998.07,Active
2219,PROD-002219,965,Heavy-Duty Packaging Sleeve Specialty Series 2219,Packaging,Specialty,Meter,423.71,1050.31,Active
2220,PROD-002220,27,Thermal Processing Unit Specialty Series 2220,Industrial Equipment,Specialty,Meter,62.42,135.52,Active
2221,PROD-002221,180,Precision Bearing Assembly Specialty Series 2221,Components,Specialty,Meter,165.95,329.25,Active
2222,PROD-002222,507,Aluminum Sheet Stock Premium Series 2222,Raw Materials,Premium,Liter,421.6,589.27,Active
2223,PROD-002223,625,Proximity Sensor Specialty Series 2223,Electronics,Specialty,Meter,338.13,602.13,Active
2224,PROD-002224,644,Power Distribution Module Specialty Series 2224,Electronics,Specialty,Liter,125.78,241.83,Active
2225,PROD-002225,443,Motor Control Panel Specialty Series 2225,Electronics,Specialty,Kg,33.17,77.42,Active
2226,PROD-002226,718,Reusable Transport Crate Standard Series 2226,Packaging,Standard,Liter,397.15,680.12,Inactive
2227,PROD-002227,206,Industrial Control Module Premium Series 2227,Electronics,Premium,Meter,370.7,534.6,Active
2228,PROD-002228,348,Variable Frequency Drive Premium Series 2228,Electronics,Premium,Meter,314.79,480.94,Active
2229,PROD-002229,837,Industrial Stretch Film Specialty Series 2229,Packaging,Specialty,Liter,446.32,921.41,Inactive
2230,PROD-002230,437,Drive Shaft Assembly Premium Series 2230,Components,Premium,Kg,192.93,277.77,Active
2231,PROD-002231,836,Motor Control Panel Premium Series 2231,Electronics,Premium,Liter,436.68,929.47,Inactive
2232,PROD-002232,76,Thermal Processing Unit Premium Series 2232,Industrial Equipment,Premium,Kg,259.32,330.07,Active
2233,PROD-002233,461,Precision Bearing Assembly Standard Series 2233,Components,Standard,Each,439.06,937.92,Active
2234,PROD-002234,624,Pneumatic Control Unit Standard Series 2234,Industrial Equipment,Standard,Liter,168.34,261.17,Active
2235,PROD-002235,946,Industrial Drive System Specialty Series 2235,Industrial Equipment,Specialty,Kg,50.59,122.19,Active
2236,PROD-002236,819,Industrial Copper Wire Standard Series 2236,Raw Materials,Standard,Meter,418.28,839.55,Active
2237,PROD-002237,596,Material Handling Unit Standard Series 2237,Industrial Equipment,Standard,Kg,346.36,811.45,Active
2238,PROD-002238,98,Reusable Transport Crate Specialty Series 2238,Packaging,Specialty,Meter,395.88,903.13,Active
2239,PROD-002239,422,Corrugated Shipping Carton Standard Series 2239,Packaging,Standard,Kg,19.36,36.46,Active
2240,PROD-002240,890,Steel Coupling Premium Series 2240,Components,Premium,Kg,186.4,376.18,Active
2241,PROD-002241,466,Aluminum Mounting Bracket Premium Series 2241,Components,Premium,Kg,24.8,60.7,Active
2242,PROD-002242,173,Drive Shaft Assembly Specialty Series 2242,Components,Specialty,Meter,384.49,526.1,Active
2243,PROD-002243,418,Motor Control Panel Premium Series 2243,Electronics,Premium,Each,121.69,245.53,Active
2244,PROD-002244,471,Reusable Transport Crate Premium Series 2244,Packaging,Premium,Meter,38.27,69.0,Active
2245,PROD-002245,110,Hydraulic Power Unit Standard Series 2245,Industrial Equipment,Standard,Kg,173.56,372.74,Active
2246,PROD-002246,748,Protective Packaging Insert Standard Series 2246,Packaging,Standard,Liter,83.06,130.8,Active
2247,PROD-002247,721,Aluminum Mounting Bracket Premium Series 2247,Components,Premium,Liter,160.13,265.94,Active
2248,PROD-002248,232,Process Pump Assembly Standard Series 2248,Industrial Equipment,Standard,Each,114.53,285.28,Active
2249,PROD-002249,651,Motor Control Panel Premium Series 2249,Electronics,Premium,Each,157.93,255.76,Active
2250,PROD-002250,985,Engineering Plastic Pellets Premium Series 2250,Raw Materials,Premium,Kg,269.51,425.71,Active
2251,PROD-002251,738,Cold Rolled Steel Coil Standard Series 2251,Raw Materials,Standard,Meter,159.81,388.93,Active
2252,PROD-002252,974,Pneumatic Control Unit Specialty Series 2252,Industrial Equipment,Specialty,Liter,63.12,89.88,Active
2253,PROD-002253,29,Aluminum Mounting Bracket Standard Series 2253,Components,Standard,Meter,19.23,40.27,Active
2254,PROD-002254,797,Process Pump Assembly Premium Series 2254,Industrial Equipment,Premium,Kg,52.47,77.68,Active
2255,PROD-002255,18,Stainless Steel Sheet Specialty Series 2255,Raw Materials,Specialty,Each,37.55,65.12,Active
2256,PROD-002256,853,Reusable Transport Crate Specialty Series 2256,Packaging,Specialty,Liter,44.91,77.05,Active
2257,PROD-002257,891,Precision Bearing Assembly Specialty Series 2257,Components,Specialty,Liter,477.8,988.69,Active
2258,PROD-002258,254,Aluminum Sheet Stock Specialty Series 2258,Raw Materials,Specialty,Liter,11.96,27.84,Active
2259,PROD-002259,777,Industrial Drive System Specialty Series 2259,Industrial Equipment,Specialty,Kg,358.53,538.06,Active
2260,PROD-002260,992,Power Distribution Module Specialty Series 2260,Electronics,Specialty,Meter,242.26,410.97,Active
2261,PROD-002261,259,Industrial Valve Assembly Premium Series 2261,Components,Premium,Liter,37.56,73.69,Active
2262,PROD-002262,222,Industrial Signal Converter Premium Series 2262,Electronics,Premium,Liter,323.21,806.44,Active
2263,PROD-002263,966,Precision Bearing Assembly Standard Series 2263,Components,Standard,Kg,17.69,23.57,Active
2264,PROD-002264,409,Steel Coupling Premium Series 2264,Components,Premium,Kg,177.11,311.57,Active
2265,PROD-002265,516,Aluminum Mounting Bracket Specialty Series 2265,Components,Specialty,Kg,68.66,137.15,Active
2266,PROD-002266,192,Drive Shaft Assembly Premium Series 2266,Components,Premium,Kg,318.7,408.25,Inactive
2267,PROD-002267,478,Motor Control Panel Premium Series 2267,Electronics,Premium,Liter,244.31,549.07,Active
2268,PROD-002268,521,Industrial Signal Converter Specialty Series 2268,Electronics,Specialty,Liter,208.24,267.68,Active
2269,PROD-002269,863,Corrugated Shipping Carton Specialty Series 2269,Packaging,Specialty,Each,37.28,82.6,Inactive
2270,PROD-002270,994,Variable Frequency Drive Premium Series 2270,Electronics,Premium,Liter,298.39,478.16,Active
2271,PROD-002271,77,Proximity Sensor Premium Series 2271,Electronics,Premium,Liter,222.97,402.2,Active
2272,PROD-002272,688,Process Pump Assembly Premium Series 2272,Industrial Equipment,Premium,Each,497.17,761.06,Active
2273,PROD-002273,612,Industrial Valve Assembly Premium Series 2273,Components,Premium,Liter,93.89,192.29,Active
2274,PROD-002274,707,Thermal Processing Unit Standard Series 2274,Industrial Equipment,Standard,Meter,326.2,451.79,Active
2275,PROD-002275,675,Precision Bearing Assembly Standard Series 2275,Components,Standard,Kg,183.19,293.6,Inactive
2276,PROD-002276,549,Variable Frequency Drive Specialty Series 2276,Electronics,Specialty,Liter,50.61,81.27,Active
2277,PROD-002277,949,Proximity Sensor Standard Series 2277,Electronics,Standard,Liter,149.45,207.8,Active
2278,PROD-002278,257,Drive Shaft Assembly Premium Series 2278,Components,Premium,Meter,82.69,160.02,Active
2279,PROD-002279,750,Heavy-Duty Packaging Sleeve Premium Series 2279,Packaging,Premium,Liter,44.68,85.1,Active
2280,PROD-002280,7,Reusable Transport Crate Standard Series 2280,Packaging,Standard,Each,364.95,834.13,Active
2281,PROD-002281,667,Cold Rolled Steel Coil Specialty Series 2281,Raw Materials,Specialty,Meter,177.35,349.79,Active
2282,PROD-002282,621,Steel Coupling Premium Series 2282,Components,Premium,Liter,359.14,813.09,Active
2283,PROD-002283,496,Polymer Resin Premium Series 2283,Raw Materials,Premium,Liter,265.31,487.27,Active
2284,PROD-002284,247, Power Distribution Module Specialty Series 2284 ,Electronics,Specialty,Kg,26.77,37.01,Active
2285,PROD-002285,395,Heavy-Duty Packaging Sleeve Premium Series 2285,Packaging,Premium,Meter,59.24,103.1,Active
2286,PROD-002286,96,Conveyor Roller Assembly Premium Series 2286,Components,Premium,Meter,332.37,524.32,Active
2287,PROD-002287,154,Industrial Control Module Specialty Series 2287,Electronics,Specialty,Meter,137.31,328.08,Active
2288,PROD-002288,797,Pneumatic Control Unit Specialty Series 2288,Industrial Equipment,Specialty,Meter,282.64,454.66,Active
2289,PROD-002289,62,Polymer Resin Premium Series 2289,Raw Materials,Premium,Liter,372.15,848.41,Active
2290,PROD-002290,752,Power Distribution Module Specialty Series 2290,Electronics,Specialty,Kg,193.03,377.01,Active
2291,PROD-002291,624,Heavy-Duty Packaging Sleeve Standard Series 2291,Packaging,Standard,Liter,19.15,45.62,Active
2292,PROD-002292,509,Reusable Transport Crate Standard Series 2292,Packaging,Standard,Each,370.46,584.24,Active
2293,PROD-002293,478,Precision Bearing Assembly Standard Series 2293,Components,Standard,Kg,440.54,758.33,Active
2294,PROD-002294,756,Aluminum Sheet Stock Specialty Series 2294,Raw Materials,Specialty,Liter,200.3,316.32,Active
2295,PROD-002295,826,Aluminum Mounting Bracket Premium Series 2295,Components,Premium,Kg,391.03,752.18,Active
2296,PROD-002296,634,Pallet Wrap Assembly Specialty Series 2296,Packaging,Specialty,Meter,287.42,700.16,Active
2297,PROD-002297,826,Material Handling Unit Standard Series 2297,Industrial Equipment,Standard,Liter,328.97,438.1,Active
2298,PROD-002298,677,Thermal Processing Unit Standard Series 2298,Industrial Equipment,Standard,Kg,396.09,724.1,Active
2299,PROD-002299,787,Precision Bearing Assembly Specialty Series 2299,Components,Specialty,Kg,97.95,217.13,Active
2300,PROD-002300,384,Steel Coupling Premium Series 2300,Components,Premium,Kg,338.78,562.09,Active
2301,PROD-002301,778,Aluminum Mounting Bracket Premium Series 2301,Components,Premium,Kg,30.52,43.07,Active
2302,PROD-002302,629,Drive Shaft Assembly Specialty Series 2302,Components,Specialty,Kg,34.48,69.57,Active
2303,PROD-002303,437,Industrial Valve Assembly Standard Series 2303,Components,Standard,Kg,267.06,446.11,Active
2304,PROD-002304,666,Engineering Plastic Pellets Premium Series 2304,Raw Materials,Premium,Kg,480.38,1189.78,Active
2305,PROD-002305,893,Hydraulic Power Unit Premium Series 2305,Industrial Equipment,Premium,Liter,243.29,415.43,Active
2306,PROD-002306,145,Aluminum Sheet Stock Specialty Series 2306,Raw Materials,Specialty,Each,88.33,156.41,Inactive
2307,PROD-002307,208,Industrial Drive System Standard Series 2307,Industrial Equipment,Standard,Liter,152.52,327.26,Active
2308,PROD-002308,891,Pallet Wrap Assembly Premium Series 2308,Packaging,Premium,Meter,84.48,110.46,Active
2309,PROD-002309,385,Material Handling Unit Specialty Series 2309,Industrial Equipment,Specialty,Kg,486.59,897.38,Active
2310,PROD-002310,640,Thermal Processing Unit Premium Series 2310,Industrial Equipment,Premium,Liter,190.04,320.86,Active
2311,PROD-002311,440,Hydraulic Power Unit Standard Series 2311,Industrial Equipment,Standard,Meter,439.67,734.03,Inactive
2312,PROD-002312,352,Aluminum Sheet Stock Standard Series 2312,Raw Materials,Standard,Meter,350.5,515.21,Active
2313,PROD-002313,498,Industrial Stretch Film Standard Series 2313,Packaging,Standard,Meter,313.05,547.0,Active
2314,PROD-002314,420,Industrial Copper Wire Premium Series 2314,Raw Materials,Premium,Liter,346.46,856.57,Active
2315,PROD-002315,503,Material Handling Unit Premium Series 2315,Industrial Equipment,Premium,Meter,201.51,363.51,Active
2316,PROD-002316,342,Reusable Transport Crate Standard Series 2316,Packaging,Standard,Liter,208.28,307.65,Active
2317,PROD-002317,145,Industrial Control Module Standard Series 2317,Electronics,Standard,Kg,107.1,200.99,Active
2318,PROD-002318,801,Aluminum Sheet Stock Premium Series 2318,Raw Materials,Premium,Each,83.88,113.47,Inactive
2319,PROD-002319,279,Aluminum Mounting Bracket Standard Series 2319,Components,Standard,Kg,106.2,215.09,Active
2320,PROD-002320,333,Drive Shaft Assembly Standard Series 2320,Components,Standard,Liter,220.31,512.13,Active
2321,PROD-002321,32,Motor Control Panel Premium Series 2321,Electronics,Premium,Kg,468.51,655.95,Active
2322,PROD-002322,675,Engineering Plastic Pellets Specialty Series 2322,Raw Materials,Specialty,Liter,415.99,769.91,Active
2323,PROD-002323,969,Industrial Control Module Premium Series 2323,Electronics,Premium,Kg,131.97,291.58,Active
2324,PROD-002324,48,Steel Coupling Specialty Series 2324,Components,Specialty,Kg,174.81,284.94,Active
2325,PROD-002325,454,Aluminum Mounting Bracket Premium Series 2325,Components,Premium,Liter,151.44,260.24,Active
2326,PROD-002326,526,Power Distribution Module Premium Series 2326,Electronics,Premium,Kg,445.03,851.42,Active
2327,PROD-002327,810,Material Handling Unit Standard Series 2327,Industrial Equipment,Standard,Liter,366.57,638.27,Active
2328,PROD-002328,480,Engineering Plastic Pellets Premium Series 2328,Raw Materials,Premium,Each,94.6,223.15,Active
2329,PROD-002329,938,Hydraulic Power Unit Specialty Series 2329,Industrial Equipment,Specialty,Meter,143.64,275.22,Inactive
2330,PROD-002330,164,Steel Coupling Standard Series 2330,Components,Standard,Liter,463.57,1148.87,Active
2331,PROD-002331,176,Aluminum Mounting Bracket Premium Series 2331,Components,Premium,Kg,191.72,349.42,Active
2332,PROD-002332,572,Pallet Wrap Assembly Premium Series 2332,Packaging,Premium,Liter,403.32,719.0,Active
2333,PROD-002333,263,Motor Control Panel Specialty Series 2333,Electronics,Specialty,Kg,435.48,964.8,Inactive
2334,PROD-002334,880,Conveyor Roller Assembly Premium Series 2334,Components,Premium,Each,323.78,674.01,Active
2335,PROD-002335,825,Industrial Control Module Standard Series 2335,Electronics,,Each,487.19,1216.64,Active
2336,PROD-002336,329,Pneumatic Control Unit Specialty Series 2336,Industrial Equipment,Specialty,Kg,34.1,72.28,Active
2337,PROD-002337,734,Industrial Stretch Film Specialty Series 2337,Packaging,Specialty,Meter,248.6,332.83,Active
2338,PROD-002338,207,Process Pump Assembly Premium Series 2338,Industrial Equipment,Premium,Meter,204.91,338.32,Active
2339,PROD-002339,648,Material Handling Unit Premium Series 2339,Industrial Equipment,Premium,Meter,185.4,441.25,Active
2340,PROD-002340,676,Thermal Processing Unit Premium Series 2340,Industrial Equipment,Premium,Liter,143.37,262.5,Active
2341,PROD-002341,805,Cold Rolled Steel Coil Standard Series 2341,Raw Materials,Standard,Meter,185.24,249.79,Active
2342,PROD-002342,968,Protective Packaging Insert Premium Series 2342,Packaging,Premium,Meter,404.78,613.14,Active
2343,PROD-002343,853,Polymer Resin Standard Series 2343,Raw Materials,Standard,Kg,335.94,727.38,Active
2344,PROD-002344,1000,Pallet Wrap Assembly Standard Series 2344,Packaging,Standard,Kg,250.69,375.83,Active
2345,PROD-002345,665,Heavy-Duty Packaging Sleeve Premium Series 2345,Packaging,Premium,Kg,179.27,390.42,Active
2346,PROD-002346,549,Conveyor Roller Assembly Specialty Series 2346,Components,Specialty,Liter,368.12,756.5,Active
2347,PROD-002347,419,Precision Bearing Assembly Premium Series 2347,Components,Premium,Kg,317.5,622.77,Inactive
2348,PROD-002348,116,Variable Frequency Drive Specialty Series 2348,Electronics,Specialty,Kg,407.92,839.41,Active
2349,PROD-002349,69,Proximity Sensor Standard Series 2349,Electronics,Standard,Liter,496.27,1199.94,Active
2350,PROD-002350,583,Industrial Copper Wire Standard Series 2350,Raw Materials,Standard,Kg,295.15,509.65,Active
2351,PROD-002351,442,Motor Control Panel Premium Series 2351,Electronics,Premium,Meter,335.0,702.3,Active
2352,PROD-002352,869,Thermal Processing Unit Premium Series 2352,Industrial Equipment,Premium,Each,119.5,174.28,Active
2353,PROD-002353,529,Precision Bearing Assembly Premium Series 2353,Components,Premium,Liter,497.98,935.45,Active
2354,PROD-002354,487,Steel Coupling Standard Series 2354,Components,Standard,Meter,35.03,54.77,Active
2355,PROD-002355,777,Proximity Sensor Premium Series 2355,Electronics,Premium,Kg,45.02,59.35,Active
2356,PROD-002356,81,Industrial Copper Wire Premium Series 2356,Raw Materials,Premium,Kg,243.69,537.06,Active
2357,PROD-002357,17,Motor Control Panel Premium Series 2357,Electronics,Premium,Meter,105.53,191.4,Active
2358,PROD-002358,833,Reusable Transport Crate Standard Series 2358,Packaging,Standard,Meter,104.12,225.93,Active
2359,PROD-002359,989,Corrugated Shipping Carton Premium Series 2359,Packaging,Premium,Each,419.0,622.72,Active
2360,PROD-002360,887,Variable Frequency Drive Standard Series 2360,Electronics,Standard,Each,80.43,112.78,Active
2361,PROD-002361,865,Industrial Drive System Standard Series 2361,Industrial Equipment,Standard,Meter,332.17,451.62,Active
2362,PROD-002362,926,Pallet Wrap Assembly Premium Series 2362,Packaging,Premium,Liter,324.92,769.35,Active
2363,PROD-002363,619,Industrial Valve Assembly Specialty Series 2363,Components,Specialty,Meter,490.36,672.16,Active
2364,PROD-002364,423,Industrial Signal Converter Specialty Series 2364,Electronics,Specialty,Liter,174.79,261.79,Active
2365,PROD-002365,792,Cold Rolled Steel Coil Specialty Series 2365,Raw Materials,Specialty,Each,32.99,48.49,Active
2366,PROD-002366,88,Pneumatic Control Unit Premium Series 2366,Industrial Equipment,Premium,Meter,401.13,896.68,Active
2367,PROD-002367,593,Aluminum Mounting Bracket Standard Series 2367,Components,Standard,Liter,279.83,642.96,Active
2368,PROD-002368,932,Process Pump Assembly Standard Series 2368,Industrial Equipment,Standard,Kg,335.05,573.79,Active
2369,PROD-002369,561,Industrial Valve Assembly Premium Series 2369,Components,Premium,Meter,37.98,66.02,Active
2370,PROD-002370,850,Conveyor Roller Assembly Standard Series 2370,Components,Standard,Liter,38.16,79.3,Inactive
2371,PROD-002371,33,Corrugated Shipping Carton Specialty Series 2371,Packaging,Specialty,Meter,242.34,601.37,Active
2372,PROD-002372,150,Pneumatic Control Unit Premium Series 2372,Industrial Equipment,Premium,Liter,12.88,18.73,Active
2373,PROD-002373,336,Industrial Stretch Film Premium Series 2373,Packaging,Premium,Meter,480.9,713.35,Active
2374,PROD-002374,837,Drive Shaft Assembly Specialty Series 2374,Components,Specialty,Meter,428.09,825.48,Active
2375,PROD-002375,224,Stainless Steel Sheet Premium Series 2375,Raw Materials,Premium,Kg,73.31,146.33,Active
2376,PROD-002376,139,Engineering Plastic Pellets Premium Series 2376,Raw Materials,Premium,Kg,168.69,247.39,Active
2377,PROD-002377,62,Corrugated Shipping Carton Specialty Series 2377,Packaging,Specialty,Liter,478.08,821.3,Active
2378,PROD-002378,379,Variable Frequency Drive Specialty Series 2378,Electronics,Specialty,Liter,208.43,277.45,Active
2379,PROD-002379,164,Industrial Stretch Film Premium Series 2379,Packaging,Premium,Liter,220.37,472.04,Active
2380,PROD-002380,659,Drive Shaft Assembly Specialty Series 2380,Components,Specialty,Liter,334.39,819.93,Inactive
2381,PROD-002381,425,Material Handling Unit Standard Series 2381,Industrial Equipment,Standard,Liter,29.0,66.7,Active
2382,PROD-002382,775,Conveyor Roller Assembly Specialty Series 2382,Components,Specialty,Meter,496.1,657.11,Active
2383,PROD-002383,984,Corrugated Shipping Carton Specialty Series 2383,Packaging,Specialty,Each,201.87,342.49,Active
2384,PROD-002384,125,Protective Packaging Insert Standard Series 2384,Packaging,Standard,Each,32.16,68.33,Active
2385,PROD-002385,805,Polymer Resin Standard Series 2385,Raw Materials,Standard,Meter,97.21,135.87,Active
2386,PROD-002386,984,Process Pump Assembly Specialty Series 2386,Industrial Equipment,Specialty,Meter,156.85,338.22,Active
2387,PROD-002387,312,Industrial Valve Assembly Premium Series 2387,Components,Premium,Liter,215.37,377.02,Active
2388,PROD-002388,971,Reusable Transport Crate Standard Series 2388,Packaging,Standard,Liter,351.5,793.98,Active
2389,PROD-002389,22,Industrial Control Module Specialty Series 2389,Electronics,Specialty,Kg,212.39,340.76,Active
2390,PROD-002390,107,Pneumatic Control Unit Standard Series 2390,Industrial Equipment,Standard,Liter,120.33,243.31,Active
2391,PROD-002391,741,Aluminum Mounting Bracket Premium Series 2391,Components,Premium,Each,270.26,578.48,Active
2392,PROD-002392,109,Process Pump Assembly Standard Series 2392,Industrial Equipment,Standard,Meter,155.27,341.14,Active
2393,PROD-002393,843,Stainless Steel Sheet Specialty Series 2393,Raw Materials,Specialty,Each,159.84,315.27,Active
2394,PROD-002394,738,Thermal Processing Unit Specialty Series 2394,Industrial Equipment,Specialty,Each,39.86,54.81,Active
2395,PROD-002395,113,Hydraulic Power Unit Premium Series 2395,Industrial Equipment,Premium,Kg,87.02,147.19,Active
2396,PROD-002396,211,Pneumatic Control Unit Premium Series 2396,Industrial Equipment,Premium,Kg,76.59,173.19,Active
2397,PROD-002397,897,Industrial Stretch Film Standard Series 2397,Packaging,Standard,Each,195.1,438.28,Active
2398,PROD-002398,866,Drive Shaft Assembly Specialty Series 2398,Components,Specialty,Meter,325.72,593.24,Active
2399,PROD-002399,704,Motor Control Panel Standard Series 2399,Electronics,Standard,Meter,393.38,950.47,Active
2400,PROD-002400,869,Thermal Processing Unit Premium Series 2400,Industrial Equipment,Premium,Meter,333.66,639.71,Active
2401,PROD-002401,960,Hydraulic Power Unit Specialty Series 2401,Industrial Equipment,Specialty,Liter,217.87,507.45,Active
2402,PROD-002402,700,Variable Frequency Drive Specialty Series 2402,Electronics,Specialty,Meter,179.31,238.06,Active
2403,PROD-002403,745,Industrial Drive System Specialty Series 2403,Industrial Equipment,Specialty,Liter,258.25,328.0,Active
2404,PROD-002404,818,Pallet Wrap Assembly Specialty Series 2404,Packaging,Specialty,Meter,116.52,222.76,Active
2405,PROD-002405,42,Stainless Steel Sheet Premium Series 2405,Raw Materials,Premium,Each,195.7,473.61,Inactive
2406,PROD-002406,506,Thermal Processing Unit Specialty Series 2406,Industrial Equipment,Specialty,Each,214.68,344.4,Inactive
2407,PROD-002407,155,Precision Bearing Assembly Premium Series 2407,Components,Premium,Meter,215.04,513.15,Inactive
2408,PROD-002408,407,Aluminum Sheet Stock Specialty Series 2408,Raw Materials,Specialty,Each,474.71,1051.73,Active
2409,PROD-002409,111,Industrial Drive System Specialty Series 2409,Industrial Equipment,Specialty,Each,299.05,503.87,Active
2410,PROD-002410,523,Industrial Copper Wire Specialty Series 2410,Raw Materials,Specialty,Meter,359.75,708.14,Active
2411,PROD-002411,367,Industrial Valve Assembly Premium Series 2411,Components,Premium,Meter,399.29,965.06,Active
2412,PROD-002412,502,Industrial Signal Converter Standard Series 2412,Electronics,Standard,Meter,466.6,667.65,Active
2413,PROD-002413,858, Corrugated Shipping Carton Specialty Series 2413 ,Packaging,Specialty,Liter,371.44,851.41,Active
2414,PROD-002414,108,Aluminum Sheet Stock Premium Series 2414,Raw Materials,Premium,Kg,271.96,515.64,Active
2415,PROD-002415,190,Industrial Stretch Film Standard Series 2415,Packaging,Standard,Kg,392.78,917.58,Active
2416,PROD-002416,688,Drive Shaft Assembly Specialty Series 2416,Components,Specialty,Meter,466.55,938.67,Active
2417,PROD-002417,679,Material Handling Unit Standard Series 2417,Industrial Equipment,Standard,Liter,103.25,148.2,Active
2418,PROD-002418,450,Industrial Signal Converter Standard Series 2418,Electronics,Standard,Each,317.73,771.88,Active
2419,PROD-002419,696,Industrial Control Module Specialty Series 2419,Electronics,Specialty,Each,374.8,927.14,Inactive
2420,PROD-002420,156,Aluminum Sheet Stock Premium Series 2420,Raw Materials,Premium,Each,104.16,151.64,Inactive
2421,PROD-002421,932,Proximity Sensor Standard Series 2421,Electronics,Standard,Kg,495.73,725.93,Active
2422,PROD-002422,195,Pallet Wrap Assembly Standard Series 2422,Packaging,Standard,Meter,163.41,376.18,Active
2423,PROD-002423,950,Industrial Valve Assembly Standard Series 2423,Components,Standard,Meter,342.12,485.13,Active
2424,PROD-002424,1,Engineering Plastic Pellets Specialty Series 2424,Raw Materials,Specialty,Meter,250.11,330.06,Active
2425,PROD-002425,974,Industrial Control Module Standard Series 2425,Electronics,Standard,Each,47.17,69.88,Active
2426,PROD-002426,818,Variable Frequency Drive Standard Series 2426,Electronics,Standard,Meter,177.82,336.7,Active
2427,PROD-002427,888,Aluminum Mounting Bracket Specialty Series 2427,Components,Specialty,Each,259.99,566.36,Active
2428,PROD-002428,682,Drive Shaft Assembly Premium Series 2428,Components,Premium,Each,330.46,569.49,Active
2429,PROD-002429,930,Industrial Valve Assembly Premium Series 2429,Components,Premium,Kg,433.82,817.06,Active
2430,PROD-002430,196,Conveyor Roller Assembly Specialty Series 2430,Components,Specialty,Liter,22.64,39.23,Active
2431,PROD-002431,23,Corrugated Shipping Carton Standard Series 2431,Packaging,Standard,Liter,367.45,567.14,Active
2432,PROD-002432,181,Aluminum Sheet Stock Specialty Series 2432,Raw Materials,Specialty,Kg,173.86,254.13,Active
2433,PROD-002433,601,Industrial Drive System Specialty Series 2433,Industrial Equipment,Specialty,Liter,155.2,214.35,Active
2434,PROD-002434,662,Process Pump Assembly Standard Series 2434,Industrial Equipment,Standard,Kg,449.22,662.36,Active
2435,PROD-002435,17,Material Handling Unit Specialty Series 2435,Industrial Equipment,Specialty,Liter,239.7,382.86,Active
2436,PROD-002436,115,Reusable Transport Crate Standard Series 2436,Packaging,Standard,Liter,233.39,374.12,Active
2437,PROD-002437,321,Corrugated Shipping Carton Premium Series 2437,Packaging,Premium,Each,16.44,22.11,Inactive
2438,PROD-002438,564,Aluminum Sheet Stock Standard Series 2438,Raw Materials,Standard,Meter,175.18,400.17,Active
2439,PROD-002439,896,Polymer Resin Specialty Series 2439,Raw Materials,Specialty,Each,96.94,181.28,Active
2440,PROD-002440,271,Industrial Copper Wire Premium Series 2440,Raw Materials,Premium,Meter,182.09,368.64,Active
2441,PROD-002441,817,Motor Control Panel Standard Series 2441,Electronics,Standard,Meter,54.94,132.86,Active
2442,PROD-002442,237,Engineering Plastic Pellets Specialty Series 2442,Raw Materials,Specialty,Liter,408.98,730.98,Active
2443,PROD-002443,973,Corrugated Shipping Carton Premium Series 2443,Packaging,Premium,Kg,439.54,950.15,Active
2444,PROD-002444,843,Pneumatic Control Unit Standard Series 2444,Industrial Equipment,Standard,Liter,122.21,209.51,Active
2445,PROD-002445,858,Industrial Stretch Film Premium Series 2445,Packaging,Premium,Each,345.19,839.06,Active
2446,PROD-002446,967,Industrial Copper Wire Premium Series 2446,Raw Materials,Premium,Liter,420.92,832.71,Active
2447,PROD-002447,218,Material Handling Unit Premium Series 2447,Industrial Equipment,Premium,Kg,345.58,467.16,Active
2448,PROD-002448,250,Thermal Processing Unit Specialty Series 2448,Industrial Equipment,Specialty,Liter,127.91,177.63,Active
2449,PROD-002449,371,Cold Rolled Steel Coil Standard Series 2449,Raw Materials,Standard,Liter,333.03,473.32,Active
2450,PROD-002450,926,Steel Coupling Premium Series 2450,Components,Premium,Meter,399.22,723.52,Inactive
2451,PROD-002451,649,Industrial Drive System Premium Series 2451,Industrial Equipment,Premium,Kg,452.23,1027.95,Active
2452,PROD-002452,916,Industrial Copper Wire Premium Series 2452,Raw Materials,Premium,Each,455.07,643.68,Active
2453,PROD-002453,162,Industrial Valve Assembly Standard Series 2453,Components,Standard,Meter,271.3,613.59,Active
2454,PROD-002454,934,Reusable Transport Crate Specialty Series 2454,Packaging,Specialty,Liter,381.32,842.15,Inactive
2455,PROD-002455,878,Corrugated Shipping Carton Specialty Series 2455,Packaging,Specialty,Kg,165.47,275.55,Active
2456,PROD-002456,138,Aluminum Sheet Stock Specialty Series 2456,Raw Materials,Specialty,Liter,188.18,440.82,Inactive
2457,PROD-002457,74,Aluminum Mounting Bracket Premium Series 2457,Components,Premium,Each,167.72,231.08,Active
2458,PROD-002458,973,Drive Shaft Assembly Specialty Series 2458,Components,Specialty,Each,420.54,885.59,Inactive
2459,PROD-002459,76,Stainless Steel Sheet Premium Series 2459,Raw Materials,Premium,Kg,197.16,457.8,Active
2460,PROD-002460,272,Reusable Transport Crate Premium Series 2460,Packaging,Premium,Liter,413.33,749.92,Active
2461,PROD-002461,887,Hydraulic Power Unit Premium Series 2461,Industrial Equipment,Premium,Each,388.12,579.41,Active
2462,PROD-002462,75,Protective Packaging Insert Standard Series 2462,Packaging,Standard,Each,381.78,919.39,Active
2463,PROD-002463,805,Proximity Sensor Standard Series 2463,Electronics,Standard,Kg,100.92,238.8,Active
2464,PROD-002464,509,Industrial Copper Wire Specialty Series 2464,Raw Materials,Specialty,Liter,93.28,174.55,Inactive
2465,PROD-002465,384,Motor Control Panel Premium Series 2465,Electronics,Premium,Liter,262.44,505.86,Active
2466,PROD-002466,34,Reusable Transport Crate Premium Series 2466,Packaging,Premium,Kg,294.73,627.85,Active
2467,PROD-002467,460,Precision Bearing Assembly Specialty Series 2467,Components,Specialty,Each,211.41,275.18,Active
2468,PROD-002468,60,Variable Frequency Drive Specialty Series 2468,Electronics,Specialty,Liter,256.53,420.73,Active
2469,PROD-002469,308,Industrial Drive System Standard Series 2469,Industrial Equipment,Standard,Each,313.38,751.63,Active
2470,PROD-002470,734,Process Pump Assembly Premium Series 2470,Industrial Equipment,Premium,Kg,341.71,697.19,Active
2471,PROD-002471,898,Industrial Valve Assembly Specialty Series 2471,Components,Specialty,Kg,48.07,87.34,Active
2472,PROD-002472,220,Industrial Signal Converter Specialty Series 2472,Electronics,Specialty,Kg,157.98,197.5,Active
2473,PROD-002473,969,Corrugated Shipping Carton Standard Series 2473,Packaging,Standard,Liter,108.35,237.83,Active
2474,PROD-002474,900,Aluminum Sheet Stock Specialty Series 2474,Raw Materials,Specialty,Each,496.28,973.44,Active
2475,PROD-002475,208,Aluminum Mounting Bracket Specialty Series 2475,Components,Specialty,Meter,245.46,545.87,Active
2476,PROD-002476,801,Power Distribution Module Specialty Series 2476,Electronics,Specialty,Kg,44.87,65.14,Active
2477,PROD-002477,533,Heavy-Duty Packaging Sleeve Premium Series 2477,Packaging,Premium,Meter,350.56,552.16,Active
2478,PROD-002478,475,Conveyor Roller Assembly Premium Series 2478,Components,Premium,Each,277.11,570.39,Active
2479,PROD-002479,920,Industrial Control Module Specialty Series 2479,Electronics,Specialty,Each,103.78,170.69,Active
2480,PROD-002480,900,Steel Coupling Premium Series 2480,Components,Premium,Meter,55.54,75.23,Active
2481,PROD-002481,750,Industrial Stretch Film Premium Series 2481,Packaging,Premium,Meter,485.18,660.81,Active
2482,PROD-002482,981,Pallet Wrap Assembly Standard Series 2482,Packaging,Standard,Kg,468.87,1054.05,Active
2483,PROD-002483,477,Stainless Steel Sheet Standard Series 2483,Raw Materials,Standard,Liter,95.45,189.68,Active
2484,PROD-002484,501,Industrial Signal Converter Standard Series 2484,Electronics,Standard,Each,18.16,36.07,Active
2485,PROD-002485,579,Cold Rolled Steel Coil Specialty Series 2485,Raw Materials,Specialty,Each,330.87,675.07,Active
2486,PROD-002486,22,Variable Frequency Drive Premium Series 2486,Electronics,Premium,Meter,397.93,553.35,Active
2487,PROD-002487,835,Proximity Sensor Standard Series 2487,Electronics,Standard,Liter,229.24,559.44,Inactive
2488,PROD-002488,180,Pallet Wrap Assembly Premium Series 2488,Packaging,Premium,Meter,229.71,297.17,Active
2489,PROD-002489,842,Material Handling Unit Standard Series 2489,Industrial Equipment,Standard,Each,283.94,522.49,Active
2490,PROD-002490,165,Industrial Signal Converter Premium Series 2490,Electronics,Premium,Liter,224.53,525.69,Inactive
2491,PROD-002491,16,Industrial Control Module Premium Series 2491,Electronics,Premium,Each,80.21,167.31,Active
2492,PROD-002492,5,Variable Frequency Drive Specialty Series 2492,Electronics,Specialty,Kg,41.6,75.86,Active
2493,PROD-002493,122,Proximity Sensor Standard Series 2493,Electronics,Standard,Each,331.66,469.88,Active
2494,PROD-002494,311,Pallet Wrap Assembly Standard Series 2494,Packaging,Standard,Meter,314.0,538.66,Active
2495,PROD-002495,690,Industrial Valve Assembly Standard Series 2495,Components,Standard,Liter,355.33,504.54,Active
2496,PROD-002496,558,Engineering Plastic Pellets Premium Series 2496,Raw Materials,Premium,Meter,257.54,411.94,Inactive
2497,PROD-002497,703,Precision Bearing Assembly Specialty Series 2497,Components,Specialty,Meter,356.17,665.3,Active
2498,PROD-002498,585,Variable Frequency Drive Standard Series 2498,Electronics,Standard,Liter,376.82,680.91,Active
2499,PROD-002499,320,Polymer Resin Standard Series 2499,Raw Materials,Standard,Meter,422.6,696.42,Active
2500,PROD-002500,466,Process Pump Assembly Premium Series 2500,Industrial Equipment,Premium,Liter,68.87,93.95,Active
2501,PROD-002501,233,Material Handling Unit Specialty Series 2501,Industrial Equipment,Specialty,Each,91.6,146.49,Active
2502,PROD-002502,977,Engineering Plastic Pellets Standard Series 2502,Raw Materials,Standard,Liter,241.23,307.25,Active
2503,PROD-002503,731,Hydraulic Power Unit Standard Series 2503,Industrial Equipment,Standard,Liter,134.16,208.28,Active
2504,PROD-002504,576,Variable Frequency Drive Specialty Series 2504,Electronics,Specialty,Kg,23.53,42.93,Inactive
2505,PROD-002505,940,Industrial Stretch Film Specialty Series 2505,Packaging,Specialty,Liter,470.77,695.1,Inactive
2506,PROD-002506,278,Pallet Wrap Assembly Specialty Series 2506,Packaging,Specialty,Meter,422.2,599.9,Active
2507,PROD-002507,942,Industrial Valve Assembly Premium Series 2507,Components,Premium,Kg,161.74,218.17,Active
2508,PROD-002508,393,Reusable Transport Crate Specialty Series 2508,Packaging,Specialty,Meter,243.6,590.45,Active
2509,PROD-002509,37,Precision Bearing Assembly Premium Series 2509,Components,Premium,Each,312.73,585.73,Active
2510,PROD-002510,255,Steel Coupling Premium Series 2510,Components,Premium,Each,103.41,219.41,Active
2511,PROD-002511,350,Polymer Resin Standard Series 2511,Raw Materials,Standard,Liter,243.19,606.46,Active
2512,PROD-002512,285,Power Distribution Module Premium Series 2512,Electronics,Premium,Kg,10.88,20.81,Active
2513,PROD-002513,148,Industrial Valve Assembly Specialty Series 2513,Components,Specialty,Kg,88.39,178.72,Active
2514,PROD-002514,282,Engineering Plastic Pellets Specialty Series 2514,Raw Materials,Specialty,Meter,167.58,213.97,Active
2515,PROD-002515,364,Precision Bearing Assembly Standard Series 2515,Components,Standard,Meter,330.96,755.87,Active
2516,PROD-002516,48,Variable Frequency Drive Standard Series 2516,Electronics,Standard,Each,295.47,403.78,Active
2517,PROD-002517,690,Industrial Stretch Film Premium Series 2517,Packaging,Premium,Liter,243.8,307.74,Active
2518,PROD-002518,450,Drive Shaft Assembly Premium Series 2518,Components,Premium,Liter,250.77,462.27,Inactive
2519,PROD-002519,1000,Industrial Valve Assembly Premium Series 2519,Components,Premium,Kg,382.39,865.79,Active
2520,PROD-002520,204,Engineering Plastic Pellets Standard Series 2520,Raw Materials,Standard,Liter,274.79,649.9,Active
2521,PROD-002521,282,Industrial Control Module Premium Series 2521,Electronics,Premium,Each,281.93,552.46,Active
2522,PROD-002522,911,Protective Packaging Insert Standard Series 2522,Packaging,Standard,Liter,483.22,965.58,Active
2523,PROD-002523,414,Industrial Drive System Premium Series 2523,Industrial Equipment,Premium,Meter,303.89,511.16,Active
2524,PROD-002524,714,Process Pump Assembly Premium Series 2524,Industrial Equipment,Premium,Kg,19.03,39.94,Active
2525,PROD-002525,922,Heavy-Duty Packaging Sleeve Specialty Series 2525,Packaging,Specialty,Each,388.53,830.53,Active
2526,PROD-002526,817,Conveyor Roller Assembly Specialty Series 2526,Components,Specialty,Each,134.06,225.49,Active
2527,PROD-002527,540,Industrial Control Module Standard Series 2527,Electronics,Standard,Meter,95.21,173.06,Active
2528,PROD-002528,465,Protective Packaging Insert Premium Series 2528,Packaging,Premium,Liter,433.97,955.54,Active
2529,PROD-002529,198,Aluminum Mounting Bracket Premium Series 2529,Components,Premium,Meter,358.68,793.65,Active
2530,PROD-002530,4,Power Distribution Module Premium Series 2530,Electronics,Premium,Meter,357.52,590.77,Active
2531,PROD-002531,876,Industrial Valve Assembly Specialty Series 2531,Components,Specialty,Meter,121.69,200.58,Active
2532,PROD-002532,192,Reusable Transport Crate Premium Series 2532,Packaging,Premium,Kg,300.67,377.61,Active
2533,PROD-002533,983,Hydraulic Power Unit Premium Series 2533,Industrial Equipment,Premium,Meter,375.68,652.97,Active
2534,PROD-002534,304,Protective Packaging Insert Standard Series 2534,Packaging,Standard,Meter,175.52,384.17,Active
2535,PROD-002535,848,Aluminum Mounting Bracket Standard Series 2535,Components,Standard,Meter,59.5,96.19,Active
2536,PROD-002536,407,Pallet Wrap Assembly Specialty Series 2536,Packaging,Specialty,Each,310.51,754.54,Active
2537,PROD-002537,130,Stainless Steel Sheet Standard Series 2537,Raw Materials,Standard,Kg,264.69,477.46,Active
2538,PROD-002538,360,Engineering Plastic Pellets Specialty Series 2538,Raw Materials,Specialty,Kg,445.93,731.15,Active
2539,PROD-002539,289,Corrugated Shipping Carton Standard Series 2539,Packaging,Standard,Meter,150.88,309.15,Active
2540,PROD-002540,864,Protective Packaging Insert Standard Series 2540,Packaging,Standard,Liter,247.22,474.14,Active
2541,PROD-002541,556,Polymer Resin Standard Series 2541,Raw Materials,Standard,Each,62.58,141.33,Active
2542,PROD-002542,334,Pallet Wrap Assembly Premium Series 2542,Packaging,Premium,Each,332.56,641.34,Active
2543,PROD-002543,962,Stainless Steel Sheet Standard Series 2543,Raw Materials,Standard,Meter,221.27,352.58,Active
2544,PROD-002544,80,Conveyor Roller Assembly Specialty Series 2544,Components,Specialty,Kg,175.2,395.16,Active
2545,PROD-002545,107,Cold Rolled Steel Coil Specialty Series 2545,Raw Materials,Specialty,Kg,54.63,104.09,Active
2546,PROD-002546,328,Steel Coupling Standard Series 2546,Components,Standard,Liter,285.11,426.93,Active
2547,PROD-002547,412,Industrial Drive System Standard Series 2547,Industrial Equipment,Standard,Kg,392.44,848.88,Active
2548,PROD-002548,150,Drive Shaft Assembly Standard Series 2548,Components,Standard,Meter,459.39,993.05,Active
2549,PROD-002549,695,Stainless Steel Sheet Premium Series 2549,Raw Materials,Premium,Liter,499.29,648.19,Active
2550,PROD-002550,909,Reusable Transport Crate Specialty Series 2550,Packaging,Specialty,Kg,10.76,21.05,Active
2551,PROD-002551,253,Hydraulic Power Unit Specialty Series 2551,Industrial Equipment,Specialty,Each,215.83,308.38,Active
2552,PROD-002552,601,Pneumatic Control Unit Specialty Series 2552,Industrial Equipment,Specialty,Kg,185.03,416.16,Active
2553,PROD-002553,992,Industrial Stretch Film Premium Series 2553,Packaging,Premium,Liter,58.36,110.98,Inactive
2554,PROD-002554,42,Process Pump Assembly Standard Series 2554,Industrial Equipment,Standard,Kg,447.22,1030.92,Active
2555,PROD-002555,760,Heavy-Duty Packaging Sleeve Standard Series 2555,Packaging,Standard,Each,459.3,585.87,Active
2556,PROD-002556,29,Reusable Transport Crate Specialty Series 2556,Packaging,Specialty,Meter,266.86,408.13,Active
2557,PROD-002557,611,Precision Bearing Assembly Standard Series 2557,Components,Standard,Kg,471.08,1124.05,Active
2558,PROD-002558,862,Pneumatic Control Unit Premium Series 2558,Industrial Equipment,Premium,Meter,302.01,418.91,Inactive
2559,PROD-002559,236,Polymer Resin Standard Series 2559,Raw Materials,Standard,Meter,324.46,542.15,Active
2560,PROD-002560,884,Drive Shaft Assembly Specialty Series 2560,Components,Specialty,Liter,110.04,243.96,Active
2561,PROD-002561,275,Heavy-Duty Packaging Sleeve Premium Series 2561,Packaging,Premium,Meter,489.72,612.98,Active
2562,PROD-002562,559,Thermal Processing Unit Standard Series 2562,Industrial Equipment,Standard,Meter,113.24,242.1,Active
2563,PROD-002563,672,Industrial Control Module Standard Series 2563,Electronics,Standard,Meter,457.24,846.86,Active
2564,PROD-002564,351,Protective Packaging Insert Standard Series 2564,Packaging,Standard,Meter,464.7,951.11,Active
2565,PROD-002565,935,Aluminum Mounting Bracket Premium Series 2565,Components,Premium,Liter,368.57,915.04,Active
2566,PROD-002566,949,Drive Shaft Assembly Premium Series 2566,Components,,Meter,91.38,128.04,Active
2567,PROD-002567,742,Industrial Valve Assembly Specialty Series 2567,Components,Specialty,Meter,364.11,793.09,Active
2568,PROD-002568,282,Industrial Signal Converter Specialty Series 2568,Electronics,Specialty,Meter,356.48,780.55,Inactive
2569,PROD-002569,141,Cold Rolled Steel Coil Standard Series 2569,Raw Materials,Standard,Kg,263.98,640.02,Active
2570,PROD-002570,548,Steel Coupling Standard Series 2570,Components,Standard,Kg,153.18,316.49,Inactive
2571,PROD-002571,117,Industrial Drive System Specialty Series 2571,Industrial Equipment,Specialty,Kg,194.2,358.52,Active
2572,PROD-002572,74,Power Distribution Module Premium Series 2572,Electronics,Premium,Each,395.77,722.3,Active
2573,PROD-002573,395,Heavy-Duty Packaging Sleeve Specialty Series 2573,Packaging,Specialty,Liter,247.2,403.95,Inactive
2574,PROD-002574,898,Conveyor Roller Assembly Standard Series 2574,Components,Standard,Each,136.43,258.68,Active
2575,PROD-002575,7,Precision Bearing Assembly Standard Series 2575,Components,Standard,Each,442.61,934.64,Active
2576,PROD-002576,979,Variable Frequency Drive Specialty Series 2576,Electronics,Specialty,Each,335.19,818.72,Active
2577,PROD-002577,157,Proximity Sensor Specialty Series 2577,Electronics,Specialty,Meter,47.26,61.87,Active
2578,PROD-002578,586,Power Distribution Module Standard Series 2578,Electronics,Standard,Kg,363.96,527.52,Active
2579,PROD-002579,122,Motor Control Panel Standard Series 2579,Electronics,Standard,Kg,141.98,206.93,Active
2580,PROD-002580,867,Industrial Signal Converter Standard Series 2580,Electronics,Standard,Liter,25.43,63.14,Active
2581,PROD-002581,861,Cold Rolled Steel Coil Premium Series 2581,Raw Materials,Premium,Liter,162.86,401.21,Active
2582,PROD-002582,423,Steel Coupling Specialty Series 2582,Components,Specialty,Kg,470.87,855.78,Active
2583,PROD-002583,163,Polymer Resin Premium Series 2583,Raw Materials,Premium,Each,316.07,483.96,Active
2584,PROD-002584,666,Industrial Copper Wire Specialty Series 2584,Raw Materials,Specialty,Meter,410.26,545.25,Active
2585,PROD-002585,495,Industrial Valve Assembly Specialty Series 2585,Components,Specialty,Meter,341.17,501.34,Active
2586,PROD-002586,298,Industrial Signal Converter Standard Series 2586,Electronics,Standard,Liter,341.69,529.26,Inactive
2587,PROD-002587,901,Cold Rolled Steel Coil Premium Series 2587,Raw Materials,Premium,Liter,377.77,902.29,Active
2588,PROD-002588,419,Steel Coupling Specialty Series 2588,Components,Specialty,Each,337.59,595.88,Active
2589,PROD-002589,575,Aluminum Mounting Bracket Premium Series 2589,Components,Premium,Kg,275.43,524.96,Active
2590,PROD-002590,176,Process Pump Assembly Standard Series 2590,Industrial Equipment,Standard,Liter,181.06,299.14,Active
2591,PROD-002591,132,Motor Control Panel Premium Series 2591,Electronics,Premium,Meter,12.0,21.46,Active
2592,PROD-002592,587,Thermal Processing Unit Premium Series 2592,Industrial Equipment,Premium,Each,161.64,284.62,Active
2593,PROD-002593,974,Precision Bearing Assembly Premium Series 2593,Components,Premium,Kg,31.41,40.26,Active
2594,PROD-002594,134,Steel Coupling Standard Series 2594,Components,Standard,Kg,166.65,332.38,Active
2595,PROD-002595,47,Polymer Resin Standard Series 2595,Raw Materials,Standard,Meter,378.06,814.11,Active
2596,PROD-002596,979,Pallet Wrap Assembly Specialty Series 2596,Packaging,Specialty,Meter,110.6,259.08,Active
2597,PROD-002597,654,Industrial Valve Assembly Specialty Series 2597,Components,Specialty,Each,82.14,187.02,Active
2598,PROD-002598,21,Thermal Processing Unit Specialty Series 2598,Industrial Equipment,Specialty,Liter,329.39,513.02,Active
2599,PROD-002599,997,Corrugated Shipping Carton Premium Series 2599,Packaging,Premium,Liter,161.01,383.33,Inactive
2600,PROD-002600,107,Pneumatic Control Unit Specialty Series 2600,Industrial Equipment,Specialty,Liter,471.1,1161.38,Active
2601,PROD-002601,570,Industrial Drive System Specialty Series 2601,Industrial Equipment,Specialty,Meter,12.5,18.18,Active
2602,PROD-002602,279,Industrial Copper Wire Specialty Series 2602,Raw Materials,Specialty,Liter,411.61,527.71,Active
2603,PROD-002603,354,Stainless Steel Sheet Specialty Series 2603,Raw Materials,Specialty,Meter,178.54,367.49,Active
2604,PROD-002604,135,Industrial Signal Converter Premium Series 2604,Electronics,Premium,Liter,363.93,548.48,Active
2605,PROD-002605,630,Precision Bearing Assembly Specialty Series 2605,Components,Specialty,Kg,476.84,1079.37,Inactive
2606,PROD-002606,984,Protective Packaging Insert Standard Series 2606,Packaging,Standard,Each,158.12,362.98,Inactive
2607,PROD-002607,895,Industrial Drive System Standard Series 2607,Industrial Equipment,Standard,Meter,493.75,742.21,Active
2608,PROD-002608,440,Power Distribution Module Premium Series 2608,Electronics,Premium,Each,351.22,740.68,Active
2609,PROD-002609,433,Material Handling Unit Specialty Series 2609,Industrial Equipment,Specialty,Each,299.67,427.49,Active
2610,PROD-002610,674,Reusable Transport Crate Premium Series 2610,Packaging,Premium,Each,217.21,505.33,Active
2611,PROD-002611,781,Industrial Control Module Premium Series 2611,Electronics,Premium,Liter,297.65,406.17,Active
2612,PROD-002612,992,Aluminum Sheet Stock Specialty Series 2612,Raw Materials,Specialty,Meter,150.05,218.9,Active
2613,PROD-002613,241,Industrial Drive System Premium Series 2613,Industrial Equipment,Premium,Kg,284.6,364.02,Active
2614,PROD-002614,921,Pallet Wrap Assembly Specialty Series 2614,Packaging,Specialty,Liter,235.82,529.03,Inactive
2615,PROD-002615,84,Heavy-Duty Packaging Sleeve Standard Series 2615,Packaging,Standard,Liter,90.05,157.95,Active
2616,PROD-002616,56,Thermal Processing Unit Specialty Series 2616,Industrial Equipment,Specialty,Liter,415.48,567.13,Active
2617,PROD-002617,695,Cold Rolled Steel Coil Standard Series 2617,Raw Materials,Standard,Liter,265.05,413.82,Active
2618,PROD-002618,481,Protective Packaging Insert Specialty Series 2618,Packaging,Specialty,Each,109.53,196.53,Active
2619,PROD-002619,892,Proximity Sensor Premium Series 2619,Electronics,Premium,Meter,204.76,261.03,Active
2620,PROD-002620,18,Process Pump Assembly Standard Series 2620,Industrial Equipment,Standard,Kg,136.79,261.08,Active
2621,PROD-002621,69,Motor Control Panel Premium Series 2621,Electronics,Premium,Liter,369.81,636.35,Active
2622,PROD-002622,279,Engineering Plastic Pellets Specialty Series 2622,Raw Materials,Specialty,Meter,292.3,630.0,Active
2623,PROD-002623,9,Precision Bearing Assembly Specialty Series 2623,Components,Specialty,Each,47.85,74.2,Active
2624,PROD-002624,629,Variable Frequency Drive Specialty Series 2624,Electronics,Specialty,Each,16.51,24.16,Active
2625,PROD-002625,218,Polymer Resin Specialty Series 2625,Raw Materials,Specialty,Liter,301.01,556.43,Active
2626,PROD-002626,128,Process Pump Assembly Premium Series 2626,Industrial Equipment,Premium,Kg,292.83,421.74,Active
2627,PROD-002627,598,Industrial Valve Assembly Premium Series 2627,Components,Premium,Each,323.56,411.65,Active
2628,PROD-002628,779,Reusable Transport Crate Specialty Series 2628,Packaging,Specialty,Each,327.99,577.61,Active
2629,PROD-002629,558,Corrugated Shipping Carton Premium Series 2629,Packaging,Premium,Kg,289.46,562.83,Active
2630,PROD-002630,767,Steel Coupling Premium Series 2630,Components,Premium,Meter,156.23,280.04,Active
2631,PROD-002631,134,Industrial Stretch Film Premium Series 2631,Packaging,Premium,Liter,145.95,348.71,Active
2632,PROD-002632,232,Pallet Wrap Assembly Specialty Series 2632,Packaging,Specialty,Meter,436.34,643.19,Active
2633,PROD-002633,793,Motor Control Panel Premium Series 2633,Electronics,Premium,Kg,390.73,803.5,Active
2634,PROD-002634,262,Conveyor Roller Assembly Premium Series 2634,Components,Premium,Kg,373.24,784.81,Active
2635,PROD-002635,938,Corrugated Shipping Carton Specialty Series 2635,Packaging,Specialty,Each,450.22,640.58,Active
2636,PROD-002636,830,Protective Packaging Insert Standard Series 2636,Packaging,Standard,Each,154.36,235.32,Active
2637,PROD-002637,389,Polymer Resin Standard Series 2637,Raw Materials,Standard,Each,15.8,32.66,Active
2638,PROD-002638,648,Process Pump Assembly Specialty Series 2638,Industrial Equipment,Specialty,Each,168.67,362.51,Inactive
2639,PROD-002639,621,Stainless Steel Sheet Specialty Series 2639,Raw Materials,Specialty,Meter,209.94,365.0,Active
2640,PROD-002640,490,Thermal Processing Unit Specialty Series 2640,Industrial Equipment,Specialty,Each,358.01,719.9,Inactive
2641,PROD-002641,461,Cold Rolled Steel Coil Premium Series 2641,Raw Materials,Premium,Meter,227.39,337.98,Active
2642,PROD-002642,231,Aluminum Sheet Stock Specialty Series 2642,Raw Materials,Specialty,Kg,323.19,645.56,Active
2643,PROD-002643,200,Industrial Drive System Premium Series 2643,Industrial Equipment,Premium,Kg,216.97,395.45,Inactive
2644,PROD-002644,39,Pallet Wrap Assembly Premium Series 2644,Packaging,Premium,Kg,70.33,105.11,Active
2645,PROD-002645,290,Stainless Steel Sheet Specialty Series 2645,Raw Materials,Specialty,Meter,198.29,432.68,Active
2646,PROD-002646,873,Thermal Processing Unit Specialty Series 2646,Industrial Equipment,Specialty,Meter,182.34,384.59,Active
2647,PROD-002647,368,Precision Bearing Assembly Specialty Series 2647,Components,Specialty,Kg,78.89,121.24,Active
2648,PROD-002648,987,Variable Frequency Drive Premium Series 2648,Electronics,Premium,Kg,159.53,319.49,Inactive
2649,PROD-002649,986,Aluminum Mounting Bracket Standard Series 2649,Components,Standard,Each,398.31,795.64,Active
2650,PROD-002650,114,Process Pump Assembly Premium Series 2650,Industrial Equipment,Premium,Liter,343.53,718.94,Active
2651,PROD-002651,856,Stainless Steel Sheet Premium Series 2651,Raw Materials,Premium,Meter,168.39,291.72,Active
2652,PROD-002652,936,Engineering Plastic Pellets Standard Series 2652,Raw Materials,Standard,Liter,11.74,16.07,Active
2653,PROD-002653,137,Cold Rolled Steel Coil Premium Series 2653,Raw Materials,Premium,Meter,231.76,429.41,Active
2654,PROD-002654,436,Aluminum Sheet Stock Premium Series 2654,Raw Materials,Premium,Liter,435.08,748.41,Active
2655,PROD-002655,685,Industrial Drive System Standard Series 2655,Industrial Equipment,Standard,Kg,208.67,446.13,Active
2656,PROD-002656,735,Power Distribution Module Specialty Series 2656,Electronics,Specialty,Kg,109.19,203.64,Active
2657,PROD-002657,619,Stainless Steel Sheet Specialty Series 2657,Raw Materials,Specialty,Each,211.72,513.88,Active
2658,PROD-002658,703,Thermal Processing Unit Specialty Series 2658,Industrial Equipment,Specialty,Meter,371.6,765.83,Active
2659,PROD-002659,375,Hydraulic Power Unit Standard Series 2659,Industrial Equipment,Standard,Each,297.12,712.81,Active
2660,PROD-002660,514,Protective Packaging Insert Premium Series 2660,Packaging,Premium,Meter,260.92,465.51,Active
2661,PROD-002661,290,Aluminum Mounting Bracket Standard Series 2661,Components,Standard,Liter,98.29,169.81,Active
2662,PROD-002662,57,Process Pump Assembly Standard Series 2662,Industrial Equipment,Standard,Kg,404.31,959.96,Inactive
2663,PROD-002663,903,Material Handling Unit Specialty Series 2663,Industrial Equipment,Specialty,Each,335.5,495.26,Active
2664,PROD-002664,455,Reusable Transport Crate Standard Series 2664,Packaging,Standard,Liter,319.01,772.84,Active
2665,PROD-002665,550,Hydraulic Power Unit Premium Series 2665,Industrial Equipment,Premium,Kg,229.91,333.08,Active
2666,PROD-002666,52,Variable Frequency Drive Specialty Series 2666,Electronics,Specialty,Kg,483.03,643.84,Active
2667,PROD-002667,910,Industrial Stretch Film Specialty Series 2667,Packaging,Specialty,Each,306.28,498.71,Active
2668,PROD-002668,535,Power Distribution Module Standard Series 2668,Electronics,Standard,Kg,232.79,396.07,Active
2669,PROD-002669,355,Industrial Valve Assembly Premium Series 2669,Components,Premium,Meter,354.81,623.51,Active
2670,PROD-002670,545,Conveyor Roller Assembly Standard Series 2670,Components,Standard,Meter,412.09,627.42,Active
2671,PROD-002671,793,Cold Rolled Steel Coil Standard Series 2671,Raw Materials,Standard,Meter,432.5,942.16,Active
2672,PROD-002672,458,Protective Packaging Insert Standard Series 2672,Packaging,Standard,Each,451.27,929.25,Active
2673,PROD-002673,601,Aluminum Mounting Bracket Standard Series 2673,Components,Standard,Each,275.69,430.1,Active
2674,PROD-002674,399,Pallet Wrap Assembly Premium Series 2674,Packaging,Premium,Each,160.55,267.17,Active
2675,PROD-002675,569,Heavy-Duty Packaging Sleeve Specialty Series 2675,Packaging,Specialty,Meter,372.43,679.26,Active
2676,PROD-002676,268,Thermal Processing Unit Specialty Series 2676,Industrial Equipment,Specialty,Kg,431.97,852.71,Active
2677,PROD-002677,805,Precision Bearing Assembly Specialty Series 2677,Components,Specialty,Meter,370.65,522.24,Active
2678,PROD-002678,611,Variable Frequency Drive Specialty Series 2678,Electronics,Specialty,Liter,246.23,365.96,Active
2679,PROD-002679,195,Proximity Sensor Standard Series 2679,Electronics,Standard,Each,465.94,973.98,Active
2680,PROD-002680,642,Power Distribution Module Premium Series 2680,Electronics,Premium,Meter,496.34,896.95,Active
2681,PROD-002681,615,Heavy-Duty Packaging Sleeve Standard Series 2681,Packaging,Standard,Liter,45.79,94.05,Active
2682,PROD-002682,806,Conveyor Roller Assembly Specialty Series 2682,Components,Specialty,Meter,297.63,707.12,Active
2683,PROD-002683,114,Hydraulic Power Unit Standard Series 2683,Industrial Equipment,Standard,Liter,431.06,691.09,Inactive
2684,PROD-002684,871,Steel Coupling Standard Series 2684,Components,Standard,Liter,314.2,754.95,Active
2685,PROD-002685,4,Aluminum Mounting Bracket Premium Series 2685,Components,Premium,Liter,426.05,578.19,Active
2686,PROD-002686,748,Power Distribution Module Specialty Series 2686,Electronics,Specialty,Meter,142.02,306.79,Active
2687,PROD-002687,818,Industrial Valve Assembly Specialty Series 2687,Components,Specialty,Kg,403.6,761.9,Active
2688,PROD-002688,994,Conveyor Roller Assembly Standard Series 2688,Components,Standard,Kg,61.06,137.63,Inactive
2689,PROD-002689,23,Corrugated Shipping Carton Standard Series 2689,Packaging,Standard,Kg,490.46,751.26,Active
2690,PROD-002690,792,Steel Coupling Premium Series 2690,Components,Premium,Liter,436.92,940.07,Active
2691,PROD-002691,255,Polymer Resin Standard Series 2691,Raw Materials,Standard,Liter,16.63,39.87,Active
2692,PROD-002692,999,Drive Shaft Assembly Standard Series 2692,Components,Standard,Liter,431.26,915.8,Active
2693,PROD-002693,770,Heavy-Duty Packaging Sleeve Premium Series 2693,Packaging,Premium,Kg,293.99,545.24,Active
2694,PROD-002694,832,Reusable Transport Crate Premium Series 2694,Packaging,Premium,Each,178.31,289.57,Active
2695,PROD-002695,715,Precision Bearing Assembly Specialty Series 2695,Components,Specialty,Kg,32.75,58.49,Active
2696,PROD-002696,102,Pneumatic Control Unit Standard Series 2696,Industrial Equipment,Standard,Kg,471.71,1077.78,Active
2697,PROD-002697,732,Industrial Stretch Film Specialty Series 2697,Packaging,Specialty,Kg,420.69,952.09,Active
2698,PROD-002698,90,Pallet Wrap Assembly Premium Series 2698,Packaging,Premium,Liter,280.28,481.1,Active
2699,PROD-002699,841,Industrial Valve Assembly Standard Series 2699,Components,Standard,Liter,111.66,202.56,Active
2700,PROD-002700,76,Industrial Signal Converter Specialty Series 2700,Electronics,Specialty,Meter,428.32,841.96,Active
2701,PROD-002701,872,Industrial Control Module Premium Series 2701,Electronics,Premium,Meter,119.25,288.5,Active
2702,PROD-002702,90,Aluminum Sheet Stock Premium Series 2702,Raw Materials,Premium,Each,92.12,135.29,Active
2703,PROD-002703,160,Industrial Stretch Film Standard Series 2703,Packaging,Standard,Kg,82.74,120.32,Active
2704,PROD-002704,627,Pallet Wrap Assembly Specialty Series 2704,Packaging,Specialty,Each,434.64,1003.37,Active
2705,PROD-002705,899,Material Handling Unit Specialty Series 2705,Industrial Equipment,Specialty,Each,430.58,843.45,Inactive
2706,PROD-002706,791,Engineering Plastic Pellets Premium Series 2706,Raw Materials,Premium,Kg,246.65,571.98,Active
2707,PROD-002707,841, Cold Rolled Steel Coil Specialty Series 2707 ,Raw Materials,Specialty,Meter,299.85,726.21,Active
2708,PROD-002708,204,Protective Packaging Insert Specialty Series 2708,Packaging,Specialty,Liter,178.42,363.52,Active
2709,PROD-002709,115,Aluminum Mounting Bracket Premium Series 2709,Components,Premium,Kg,396.89,525.14,Active
2710,PROD-002710,982,Industrial Copper Wire Premium Series 2710,Raw Materials,Premium,Kg,372.98,534.65,Inactive
2711,PROD-002711,140,Motor Control Panel Premium Series 2711,Electronics,Premium,Meter,351.2,785.01,Active
2712,PROD-002712,28,Thermal Processing Unit Premium Series 2712,Industrial Equipment,Premium,Kg,351.71,790.0,Inactive
2713,PROD-002713,669,Industrial Control Module Premium Series 2713,Electronics,Premium,Meter,125.24,191.2,Active
2714,PROD-002714,360,Protective Packaging Insert Standard Series 2714,Packaging,Standard,Liter,431.1,905.41,Inactive
2715,PROD-002715,963,Industrial Drive System Standard Series 2715,Industrial Equipment,Standard,Liter,231.5,503.21,Active
2716,PROD-002716,49,Power Distribution Module Standard Series 2716,Electronics,Standard,Each,343.01,474.91,Active
2717,PROD-002717,959,Material Handling Unit Standard Series 2717,Industrial Equipment,Standard,Kg,149.85,189.57,Active
2718,PROD-002718,812,Conveyor Roller Assembly Standard Series 2718,Components,Standard,Meter,240.11,326.76,Active
2719,PROD-002719,111,Precision Bearing Assembly Premium Series 2719,Components,Premium,Meter,118.61,241.78,Active
2720,PROD-002720,401,Protective Packaging Insert Premium Series 2720,Packaging,Premium,Meter,463.86,755.71,Active
2721,PROD-002721,598,Industrial Drive System Premium Series 2721,Industrial Equipment,Premium,Kg,276.92,558.87,Active
2722,PROD-002722,654,Process Pump Assembly Standard Series 2722,Industrial Equipment,Standard,Kg,53.63,104.62,Active
2723,PROD-002723,122,Material Handling Unit Premium Series 2723,Industrial Equipment,Premium,Liter,450.58,780.85,Active
2724,PROD-002724,778,Reusable Transport Crate Specialty Series 2724,Packaging,Specialty,Meter,376.88,876.21,Active
2725,PROD-002725,401,Cold Rolled Steel Coil Premium Series 2725,Raw Materials,Premium,Each,216.2,377.7,Active
2726,PROD-002726,152,Aluminum Sheet Stock Premium Series 2726,Raw Materials,Premium,Liter,145.55,244.92,Active
2727,PROD-002727,775,Industrial Drive System Standard Series 2727,Industrial Equipment,Standard,Meter,300.5,429.62,Active
2728,PROD-002728,799,Process Pump Assembly Premium Series 2728,Industrial Equipment,Premium,Each,431.36,930.72,Active
2729,PROD-002729,588,Material Handling Unit Premium Series 2729,Industrial Equipment,Premium,Kg,300.07,516.58,Active
2730,PROD-002730,987,Reusable Transport Crate Standard Series 2730,Packaging,Standard,Meter,13.75,32.6,Active
2731,PROD-002731,181,Corrugated Shipping Carton Specialty Series 2731,Packaging,Specialty,Liter,161.84,284.41,Active
2732,PROD-002732,611,Protective Packaging Insert Premium Series 2732,Packaging,Premium,Meter,320.47,484.16,Active
2733,PROD-002733,380,Proximity Sensor Standard Series 2733,Electronics,Standard,Liter,228.75,457.35,Active
2734,PROD-002734,96,Drive Shaft Assembly Premium Series 2734,Components,Premium,Liter,277.29,559.16,Active
2735,PROD-002735,805,Heavy-Duty Packaging Sleeve Standard Series 2735,Packaging,Standard,Liter,182.69,341.42,Active
2736,PROD-002736,982,Reusable Transport Crate Standard Series 2736,Packaging,Standard,Each,32.62,66.01,Active
2737,PROD-002737,234, Corrugated Shipping Carton Premium Series 2737 ,Packaging,Premium,Kg,480.44,1089.82,Active
2738,PROD-002738,275,Variable Frequency Drive Specialty Series 2738,Electronics,Specialty,Meter,258.28,363.96,Active
2739,PROD-002739,462,Aluminum Mounting Bracket Standard Series 2739,Components,Standard,Kg,113.38,202.82,Active
2740,PROD-002740,270,Drive Shaft Assembly Standard Series 2740,Components,Standard,Kg,104.74,259.11,Active
2741,PROD-002741,591,Motor Control Panel Premium Series 2741,Electronics,Premium,Each,478.25,880.49,Active
2742,PROD-002742,696,Engineering Plastic Pellets Standard Series 2742,Raw Materials,Standard,Liter,134.35,218.56,Active
2743,PROD-002743,864,Industrial Control Module Premium Series 2743,Electronics,Premium,Liter,309.71,508.62,Active
2744,PROD-002744,924,Steel Coupling Premium Series 2744,Components,Premium,Meter,387.44,758.05,Active
2745,PROD-002745,231,Proximity Sensor Premium Series 2745,Electronics,Premium,Kg,292.18,540.47,Active
2746,PROD-002746,365,Industrial Copper Wire Specialty Series 2746,Raw Materials,Specialty,Each,475.43,847.66,Active
2747,PROD-002747,97,Industrial Valve Assembly Standard Series 2747,Components,Standard,Meter,267.6,502.99,Active
2748,PROD-002748,341,Industrial Signal Converter Standard Series 2748,Electronics,Standard,Kg,59.18,103.35,Active
2749,PROD-002749,642,Industrial Control Module Standard Series 2749,Electronics,Standard,Liter,128.46,268.94,Active
2750,PROD-002750,648,Steel Coupling Premium Series 2750,Components,Premium,Each,221.24,330.68,Active
2751,PROD-002751,69,Industrial Stretch Film Premium Series 2751,Packaging,Premium,Each,313.18,501.05,Inactive
2752,PROD-002752,130,Drive Shaft Assembly Standard Series 2752,Components,Standard,Meter,206.42,452.76,Active
2753,PROD-002753,782,Industrial Valve Assembly Standard Series 2753,Components,Standard,Liter,245.58,480.49,Inactive
2754,PROD-002754,940,Thermal Processing Unit Premium Series 2754,Industrial Equipment,Premium,Meter,131.64,242.48,Inactive
2755,PROD-002755,807,Industrial Control Module Standard Series 2755,Electronics,Standard,Liter,266.93,665.7,Active
2756,PROD-002756,579,Steel Coupling Premium Series 2756,Components,Premium,Liter,475.26,852.95,Active
2757,PROD-002757,792,Industrial Stretch Film Standard Series 2757,Packaging,Standard,Liter,442.57,1056.04,Active
2758,PROD-002758,193,Pallet Wrap Assembly Standard Series 2758,Packaging,Standard,Meter,360.19,627.95,Active
2759,PROD-002759,427,Motor Control Panel Premium Series 2759,Electronics,Premium,Liter,45.2,109.7,Active
2760,PROD-002760,877,Conveyor Roller Assembly Standard Series 2760,Components,Standard,Each,245.07,307.33,Active
2761,PROD-002761,969,Cold Rolled Steel Coil Standard Series 2761,Raw Materials,Standard,Liter,330.97,825.82,Inactive
2762,PROD-002762,393,Variable Frequency Drive Specialty Series 2762,Electronics,Specialty,Each,251.86,347.47,Active
2763,PROD-002763,693,Aluminum Mounting Bracket Specialty Series 2763,Components,Specialty,Meter,317.99,786.78,Active
2764,PROD-002764,777,Pallet Wrap Assembly Premium Series 2764,Packaging,Premium,Liter,31.8,59.49,Active
2765,PROD-002765,147,Industrial Valve Assembly Premium Series 2765,Components,Premium,Liter,21.74,53.83,Active
2766,PROD-002766,476,Reusable Transport Crate Premium Series 2766,Packaging,Premium,Each,318.74,411.83,Active
2767,PROD-002767,340,Precision Bearing Assembly Standard Series 2767,Components,Standard,Meter,74.22,148.41,Active
2768,PROD-002768,115,Pneumatic Control Unit Standard Series 2768,Industrial Equipment,Standard,Each,193.71,263.13,Active
2769,PROD-002769,381,Industrial Stretch Film Standard Series 2769,Packaging,Standard,Kg,452.23,1074.55,Active
2770,PROD-002770,777,Industrial Copper Wire Specialty Series 2770,Raw Materials,Specialty,Liter,269.34,361.53,Active
2771,PROD-002771,5,Motor Control Panel Premium Series 2771,Electronics,Premium,Each,198.72,312.5,Active
2772,PROD-002772,438,Conveyor Roller Assembly Premium Series 2772,Components,Premium,Each,142.34,227.41,Active
2773,PROD-002773,818,Hydraulic Power Unit Premium Series 2773,Industrial Equipment,Premium,Each,395.83,576.13,Active
2774,PROD-002774,254,Steel Coupling Premium Series 2774,Components,Premium,Each,386.34,534.1,Active
2775,PROD-002775,301,Industrial Stretch Film Premium Series 2775,Packaging,Premium,Kg,31.22,54.69,Active
2776,PROD-002776,262,Industrial Copper Wire Specialty Series 2776,Raw Materials,Specialty,Meter,133.05,319.14,Active
2777,PROD-002777,664,Motor Control Panel Premium Series 2777,Electronics,Premium,Kg,421.91,752.2,Active
2778,PROD-002778,288,Engineering Plastic Pellets Specialty Series 2778,Raw Materials,Specialty,Meter,290.91,633.24,Active
2779,PROD-002779,566,Cold Rolled Steel Coil Specialty Series 2779,Raw Materials,Specialty,Each,105.54,168.36,Inactive
2780,PROD-002780,386,Steel Coupling Specialty Series 2780,Components,Specialty,Each,485.33,827.99,Active
2781,PROD-002781,887,Industrial Drive System Standard Series 2781,Industrial Equipment,Standard,Each,178.71,240.51,Active
2782,PROD-002782,504,Drive Shaft Assembly Standard Series 2782,Components,Standard,Kg,180.68,415.44,Active
2783,PROD-002783,702,Motor Control Panel Specialty Series 2783,Electronics,Specialty,Each,24.97,43.47,Active
2784,PROD-002784,357,Thermal Processing Unit Premium Series 2784,Industrial Equipment,Premium,Liter,419.01,796.24,Active
2785,PROD-002785,617,Precision Bearing Assembly Specialty Series 2785,Components,Specialty,Each,205.8,297.08,Active
2786,PROD-002786,178,Protective Packaging Insert Premium Series 2786,Packaging,Premium,Each,145.05,287.85,Active
2787,PROD-002787,954,Industrial Drive System Premium Series 2787,Industrial Equipment,Premium,Each,131.05,179.49,Active
2788,PROD-002788,674,Process Pump Assembly Premium Series 2788,Industrial Equipment,Premium,Each,196.86,366.6,Active
2789,PROD-002789,703,Material Handling Unit Premium Series 2789,Industrial Equipment,Premium,Each,356.0,844.04,Active
2790,PROD-002790,618,Engineering Plastic Pellets Premium Series 2790,Raw Materials,Premium,Kg,74.96,182.29,Active
2791,PROD-002791,157,Corrugated Shipping Carton Standard Series 2791,Packaging,Standard,Each,477.99,1152.86,Active
2792,PROD-002792,647,Variable Frequency Drive Standard Series 2792,Electronics,Standard,Kg,358.87,860.1,Active
2793,PROD-002793,702,Industrial Stretch Film Standard Series 2793,Packaging,Standard,Kg,270.37,535.99,Active
2794,PROD-002794,861,Pallet Wrap Assembly Standard Series 2794,Packaging,Standard,Kg,73.79,115.2,Active
2795,PROD-002795,56,Motor Control Panel Specialty Series 2795,Electronics,Specialty,Each,102.77,230.74,Inactive
2796,PROD-002796,27,Engineering Plastic Pellets Standard Series 2796,Raw Materials,Standard,Kg,69.29,92.33,Active
2797,PROD-002797,960,Hydraulic Power Unit Specialty Series 2797,Industrial Equipment,Specialty,Each,228.61,564.13,Active
2798,PROD-002798,508,Variable Frequency Drive Premium Series 2798,Electronics,Premium,Each,287.36,636.49,Active
2799,PROD-002799,773,Aluminum Mounting Bracket Specialty Series 2799,Components,Specialty,Kg,156.05,294.57,Active
2800,PROD-002800,889,Process Pump Assembly Standard Series 2800,Industrial Equipment,Standard,Liter,204.31,503.04,Active
2801,PROD-002801,183,Stainless Steel Sheet Standard Series 2801,Raw Materials,Standard,Liter,255.84,514.34,Active
2802,PROD-002802,667,Reusable Transport Crate Standard Series 2802,Packaging,Standard,Kg,319.17,411.28,Active
2803,PROD-002803,413,Precision Bearing Assembly Specialty Series 2803,Components,Specialty,Kg,87.01,179.43,Active
2804,PROD-002804,671,Pneumatic Control Unit Specialty Series 2804,Industrial Equipment,Specialty,Liter,474.18,987.13,Active
2805,PROD-002805,765,Industrial Stretch Film Premium Series 2805,Packaging,Premium,Each,153.92,202.2,Active
2806,PROD-002806,720,Industrial Copper Wire Standard Series 2806,Raw Materials,Standard,Kg,109.63,199.19,Active
2807,PROD-002807,901,Industrial Valve Assembly Specialty Series 2807,Components,Specialty,Kg,416.51,882.88,Active
2808,PROD-002808,967,Conveyor Roller Assembly Specialty Series 2808,Components,Specialty,Liter,291.73,668.04,Active
2809,PROD-002809,639,Hydraulic Power Unit Specialty Series 2809,Industrial Equipment,Specialty,Each,252.98,365.1,Active
2810,PROD-002810,867,Variable Frequency Drive Specialty Series 2810,Electronics,Specialty,Kg,376.12,504.35,Active
2811,PROD-002811,583,Aluminum Mounting Bracket Specialty Series 2811,Components,Specialty,Meter,226.81,341.96,Active
2812,PROD-002812,262,Pallet Wrap Assembly Premium Series 2812,Packaging,Premium,Kg,134.58,243.09,Active
2813,PROD-002813,252,Material Handling Unit Premium Series 2813,Industrial Equipment,Premium,Liter,17.89,28.42,Active
2814,PROD-002814,784,Industrial Signal Converter Standard Series 2814,Electronics,Standard,Meter,79.75,170.33,Active
2815,PROD-002815,478,Cold Rolled Steel Coil Specialty Series 2815,Raw Materials,Specialty,Liter,136.37,281.55,Active
2816,PROD-002816,170,Variable Frequency Drive Premium Series 2816,Electronics,Premium,Each,274.23,514.81,Active
2817,PROD-002817,623,Industrial Stretch Film Specialty Series 2817,Packaging,Specialty,Meter,435.19,1063.97,Active
2818,PROD-002818,371,Drive Shaft Assembly Premium Series 2818,Components,Premium,Kg,34.51,83.75,Active
2819,PROD-002819,429,Stainless Steel Sheet Specialty Series 2819,Raw Materials,Specialty,Each,165.66,289.62,Active
2820,PROD-002820,454,Engineering Plastic Pellets Specialty Series 2820,Raw Materials,Specialty,Meter,408.67,649.26,Active
2821,PROD-002821,66,Corrugated Shipping Carton Specialty Series 2821,Packaging,Specialty,Liter,138.07,284.0,Active
2822,PROD-002822,687,Steel Coupling Specialty Series 2822,Components,Specialty,Meter,472.54,937.31,Inactive
2823,PROD-002823,960,Industrial Stretch Film Specialty Series 2823,Packaging,Specialty,Liter,85.47,179.6,Active
2824,PROD-002824,172,Pallet Wrap Assembly Standard Series 2824,Packaging,Standard,Each,167.93,236.82,Active
2825,PROD-002825,783,Motor Control Panel Standard Series 2825,Electronics,Standard,Kg,215.29,386.2,Inactive
2826,PROD-002826,971,Reusable Transport Crate Premium Series 2826,Packaging,Premium,Each,274.89,671.38,Active
2827,PROD-002827,262,Corrugated Shipping Carton Standard Series 2827,Packaging,Standard,Kg,168.18,381.3,Active
2828,PROD-002828,725,Pneumatic Control Unit Premium Series 2828,Industrial Equipment,Premium,Meter,44.08,102.52,Active
2829,PROD-002829,288,Aluminum Mounting Bracket Premium Series 2829,Components,Premium,Liter,165.92,373.31,Active
2830,PROD-002830,336,Process Pump Assembly Specialty Series 2830,Industrial Equipment,Specialty,Liter,287.53,426.2,Active
2831,PROD-002831,768,Motor Control Panel Premium Series 2831,Electronics,Premium,Kg,453.29,1029.69,Active
2832,PROD-002832,900,Industrial Signal Converter Specialty Series 2832,Electronics,Specialty,Liter,419.51,588.76,Active
2833,PROD-002833,264,Cold Rolled Steel Coil Premium Series 2833,Raw Materials,Premium,Liter,392.05,603.94,Active
2834,PROD-002834,466,Protective Packaging Insert Specialty Series 2834,Packaging,Specialty,Kg,489.27,898.44,Active
2835,PROD-002835,737,Polymer Resin Premium Series 2835,Raw Materials,Premium,Each,75.1,134.27,Active
2836,PROD-002836,522,Pallet Wrap Assembly Standard Series 2836,Packaging,Standard,Liter,367.46,839.58,Inactive
2837,PROD-002837,659,Material Handling Unit Premium Series 2837,Industrial Equipment,Premium,Each,251.66,471.41,Active
2838,PROD-002838,187,Industrial Signal Converter Premium Series 2838,Electronics,Premium,Each,466.88,601.77,Active
2839,PROD-002839,334,Industrial Control Module Standard Series 2839,Electronics,Standard,Meter,471.63,1059.78,Active
2840,PROD-002840,987,Pneumatic Control Unit Specialty Series 2840,Industrial Equipment,Specialty,Kg,250.58,458.44,Active
2841,PROD-002841,718,Aluminum Mounting Bracket Standard Series 2841,Components,Standard,Kg,433.26,639.03,Active
2842,PROD-002842,322,Power Distribution Module Premium Series 2842,Electronics,Premium,Liter,273.0,371.61,Active
2843,PROD-002843,186,Stainless Steel Sheet Premium Series 2843,Raw Materials,Premium,Kg,417.89,1032.22,Active
2844,PROD-002844,393,Thermal Processing Unit Premium Series 2844,Industrial Equipment,Premium,Each,489.32,842.36,Inactive
2845,PROD-002845,105,Hydraulic Power Unit Specialty Series 2845,Industrial Equipment,Specialty,Liter,255.75,479.87,Active
2846,PROD-002846,598,Steel Coupling Premium Series 2846,Components,Premium,Each,381.32,826.58,Active
2847,PROD-002847,527,Industrial Drive System Premium Series 2847,Industrial Equipment,Premium,Kg,316.17,747.86,Active
2848,PROD-002848,199,Power Distribution Module Standard Series 2848,Electronics,Standard,Meter,337.57,485.1,Inactive
2849,PROD-002849,345,Industrial Valve Assembly Specialty Series 2849,Components,Specialty,Each,336.12,551.42,Active
2850,PROD-002850,828,Conveyor Roller Assembly Premium Series 2850,Components,Premium,Liter,389.06,669.79,Active
2851,PROD-002851,968,Precision Bearing Assembly Standard Series 2851,Components,Standard,Each,129.19,239.01,Active
2852,PROD-002852,806,Aluminum Sheet Stock Premium Series 2852,Raw Materials,Premium,Meter,244.9,479.42,Active
2853,PROD-002853,498,Aluminum Mounting Bracket Specialty Series 2853,Components,Specialty,Meter,132.72,201.2,Active
2854,PROD-002854,81,Process Pump Assembly Specialty Series 2854,Industrial Equipment,Specialty,Kg,415.0,823.52,Active
2855,PROD-002855,972,Stainless Steel Sheet Specialty Series 2855,Raw Materials,Specialty,Liter,415.78,538.56,Active
2856,PROD-002856,64,Thermal Processing Unit Standard Series 2856,Industrial Equipment,Standard,Each,192.38,468.25,Active
2857,PROD-002857,527,Industrial Control Module Specialty Series 2857,Electronics,Specialty,Meter,225.76,530.99,Active
2858,PROD-002858,614,Aluminum Sheet Stock Premium Series 2858,Raw Materials,Premium,Each,91.57,132.15,Active
2859,PROD-002859,617,Proximity Sensor Premium Series 2859,Electronics,Premium,Liter,36.11,48.37,Active
2860,PROD-002860,589,Drive Shaft Assembly Specialty Series 2860,Components,Specialty,Liter,264.18,569.98,Active
2861,PROD-002861,553,Stainless Steel Sheet Premium Series 2861,Raw Materials,Premium,Liter,473.34,866.62,Active
2862,PROD-002862,909,Conveyor Roller Assembly Standard Series 2862,Components,Standard,Each,162.75,362.39,Active
2863,PROD-002863,783,Cold Rolled Steel Coil Standard Series 2863,Raw Materials,Standard,Kg,331.45,423.27,Active
2864,PROD-002864,549,Aluminum Sheet Stock Standard Series 2864,Raw Materials,Standard,Kg,184.62,393.03,Active
2865,PROD-002865,750,Polymer Resin Specialty Series 2865,Raw Materials,Specialty,Kg,63.99,126.97,Inactive
2866,PROD-002866,975,Drive Shaft Assembly Premium Series 2866,Components,Premium,Each,60.89,130.17,Active
2867,PROD-002867,549,Stainless Steel Sheet Specialty Series 2867,Raw Materials,Specialty,Each,126.0,275.0,Active
2868,PROD-002868,885,Conveyor Roller Assembly Premium Series 2868,Components,Premium,Meter,12.59,29.39,Inactive
2869,PROD-002869,327,Corrugated Shipping Carton Specialty Series 2869,Packaging,Specialty,Kg,437.03,640.5,Active
2870,PROD-002870,535,Pneumatic Control Unit Premium Series 2870,Industrial Equipment,Premium,Liter,109.85,264.12,Active
2871,PROD-002871,519,Aluminum Mounting Bracket Standard Series 2871,Components,Standard,Kg,45.56,90.39,Active
2872,PROD-002872,61,Pallet Wrap Assembly Premium Series 2872,Packaging,Premium,Kg,205.38,358.05,Active
2873,PROD-002873,237,Motor Control Panel Standard Series 2873,Electronics,Standard,Meter,479.53,805.56,Active
2874,PROD-002874,753,Reusable Transport Crate Premium Series 2874,Packaging,Premium,Meter,106.4,265.93,Active
2875,PROD-002875,918,Cold Rolled Steel Coil Premium Series 2875,Raw Materials,Premium,Each,27.34,50.82,Inactive
2876,PROD-002876,878,Steel Coupling Specialty Series 2876,Components,Specialty,Kg,69.31,125.9,Active
2877,PROD-002877,306,Industrial Drive System Standard Series 2877,Industrial Equipment,Standard,Liter,111.51,201.56,Active
2878,PROD-002878,2,Power Distribution Module Premium Series 2878,Electronics,Premium,Meter,399.6,986.59,Active
2879,PROD-002879,638,Stainless Steel Sheet Specialty Series 2879,Raw Materials,Specialty,Kg,393.59,927.42,Active
2880,PROD-002880,149,Reusable Transport Crate Standard Series 2880,Packaging,Standard,Kg,355.62,509.05,Active
2881,PROD-002881,862,Industrial Control Module Specialty Series 2881,Electronics,Specialty,Meter,409.14,1009.92,Active
2882,PROD-002882,603,Variable Frequency Drive Specialty Series 2882,Electronics,Specialty,Kg,74.44,133.35,Active
2883,PROD-002883,796,Industrial Stretch Film Specialty Series 2883,Packaging,Specialty,Kg,490.19,860.79,Active
2884,PROD-002884,46,Industrial Copper Wire Specialty Series 2884,Raw Materials,Specialty,Liter,112.64,163.51,Active
2885,PROD-002885,498,Stainless Steel Sheet Specialty Series 2885,Raw Materials,Specialty,Each,172.41,247.13,Active
2886,PROD-002886,701,Conveyor Roller Assembly Premium Series 2886,Components,Premium,Meter,466.65,761.32,Active
2887,PROD-002887,567,Cold Rolled Steel Coil Standard Series 2887,Raw Materials,Standard,Meter,458.41,665.42,Active
2888,PROD-002888,274,Pneumatic Control Unit Premium Series 2888,Industrial Equipment,Premium,Kg,419.09,695.51,Inactive
2889,PROD-002889,870,Polymer Resin Standard Series 2889,Raw Materials,Standard,Kg,447.85,822.23,Active
2890,PROD-002890,660,Process Pump Assembly Premium Series 2890,Industrial Equipment,Premium,Meter,225.24,383.08,Active
2891,PROD-002891,70,Heavy-Duty Packaging Sleeve Premium Series 2891,Packaging,Premium,Each,107.53,236.4,Active
2892,PROD-002892,87,Reusable Transport Crate Standard Series 2892,Packaging,Standard,Liter,158.88,239.34,Active
2893,PROD-002893,332,Cold Rolled Steel Coil Premium Series 2893,Raw Materials,Premium,Liter,149.16,222.92,Active
2894,PROD-002894,769,Variable Frequency Drive Specialty Series 2894,Electronics,Specialty,Liter,328.91,615.87,Active
2895,PROD-002895,263,Industrial Drive System Specialty Series 2895,Industrial Equipment,Specialty,Kg,352.4,815.17,Inactive
2896,PROD-002896,65,Industrial Copper Wire Specialty Series 2896,Raw Materials,Specialty,Liter,184.89,336.58,Active
2897,PROD-002897,752,Heavy-Duty Packaging Sleeve Specialty Series 2897,Packaging,Specialty,Kg,273.05,632.13,Active
2898,PROD-002898,554,Thermal Processing Unit Specialty Series 2898,Industrial Equipment,Specialty,Liter,179.42,333.4,Inactive
2899,PROD-002899,793,Hydraulic Power Unit Standard Series 2899,Industrial Equipment,Standard,Liter,380.93,780.43,Active
2900,PROD-002900,546,Pneumatic Control Unit Premium Series 2900,Industrial Equipment,Premium,Kg,46.11,89.3,Active
2901,PROD-002901,758,Proximity Sensor Standard Series 2901,Electronics,Standard,Kg,112.94,281.68,Inactive
2902,PROD-002902,249,Pallet Wrap Assembly Standard Series 2902,Packaging,Standard,Kg,205.77,379.21,Active
2903,PROD-002903,518,Stainless Steel Sheet Standard Series 2903,Raw Materials,Standard,Kg,440.72,929.77,Active
2904,PROD-002904,423,Reusable Transport Crate Specialty Series 2904,Packaging,Specialty,Meter,468.8,1012.48,Active
2905,PROD-002905,522,Cold Rolled Steel Coil Specialty Series 2905,Raw Materials,Specialty,Kg,481.51,1109.11,Active
2906,PROD-002906,329,Variable Frequency Drive Standard Series 2906,Electronics,Standard,Meter,478.08,1002.06,Active
2907,PROD-002907,5,Proximity Sensor Standard Series 2907,Electronics,Standard,Kg,79.44,192.82,Active
2908,PROD-002908,978,Drive Shaft Assembly Premium Series 2908,Components,Premium,Liter,173.09,398.5,Active
2909,PROD-002909,628,Industrial Valve Assembly Standard Series 2909,Components,Standard,Liter,368.34,857.66,Active
2910,PROD-002910,981,Industrial Signal Converter Specialty Series 2910,Electronics,Specialty,Kg,23.72,58.21,Active
2911,PROD-002911,95,Corrugated Shipping Carton Standard Series 2911,Packaging,Standard,Kg,30.51,50.26,Active
2912,PROD-002912,569,Variable Frequency Drive Standard Series 2912,Electronics,Standard,Liter,337.17,673.88,Active
2913,PROD-002913,649,Proximity Sensor Specialty Series 2913,Electronics,Specialty,Meter,379.5,515.0,Active
2914,PROD-002914,266,Industrial Copper Wire Premium Series 2914,Raw Materials,Premium,Each,90.24,180.47,Active
2915,PROD-002915,152,Heavy-Duty Packaging Sleeve Standard Series 2915,Packaging,Standard,Liter,262.59,383.48,Active
2916,PROD-002916,313,Conveyor Roller Assembly Standard Series 2916,Components,Standard,Meter,497.19,945.91,Active
2917,PROD-002917,428,Cold Rolled Steel Coil Premium Series 2917,Raw Materials,Premium,Kg,487.12,753.84,Active
2918,PROD-002918,672,Pneumatic Control Unit Specialty Series 2918,Industrial Equipment,Specialty,Meter,488.29,1171.58,Active
2919,PROD-002919,335,Proximity Sensor Specialty Series 2919,Electronics,Specialty,Kg,450.55,623.82,Active
2920,PROD-002920,486,Power Distribution Module Premium Series 2920,Electronics,Premium,Each,429.75,794.5,Active
2921,PROD-002921,445,Industrial Valve Assembly Premium Series 2921,Components,Premium,Meter,22.55,50.14,Active
2922,PROD-002922,439,Reusable Transport Crate Standard Series 2922,Packaging,Standard,Kg,309.23,545.9,Active
2923,PROD-002923,419,Corrugated Shipping Carton Premium Series 2923,Packaging,Premium,Meter,461.74,842.81,Inactive
2924,PROD-002924,783,Aluminum Sheet Stock Standard Series 2924,Raw Materials,Standard,Liter,404.23,925.39,Active
2925,PROD-002925,381,Aluminum Mounting Bracket Standard Series 2925,Components,Standard,Meter,29.31,55.77,Active
2926,PROD-002926,565,Industrial Copper Wire Premium Series 2926,Raw Materials,Premium,Kg,68.08,142.61,Active
2927,PROD-002927,868,Heavy-Duty Packaging Sleeve Specialty Series 2927,Packaging,Specialty,Liter,215.92,317.44,Active
2928,PROD-002928,867,Conveyor Roller Assembly Specialty Series 2928,Components,Specialty,Each,387.75,931.77,Active
2929,PROD-002929,697,Cold Rolled Steel Coil Premium Series 2929,Raw Materials,Premium,Each,350.66,742.98,Active
2930,PROD-002930,343,Protective Packaging Insert Specialty Series 2930,Packaging,Specialty,Kg,59.65,147.31,Active
2931,PROD-002931,228,Polymer Resin Standard Series 2931,Raw Materials,Standard,Each,216.14,498.43,Active
2932,PROD-002932,546,Pallet Wrap Assembly Standard Series 2932,Packaging,Standard,Liter,168.5,395.78,Active
2933,PROD-002933,727,Heavy-Duty Packaging Sleeve Standard Series 2933,Packaging,Standard,Liter,76.52,150.38,Active
2934,PROD-002934,781,Engineering Plastic Pellets Premium Series 2934,Raw Materials,Premium,Meter,392.03,811.23,Active
2935,PROD-002935,861,Cold Rolled Steel Coil Standard Series 2935,Raw Materials,Standard,Kg,468.84,977.83,Active
2936,PROD-002936,567,Steel Coupling Premium Series 2936,Components,Premium,Meter,27.61,52.22,Inactive
2937,PROD-002937,210,Polymer Resin Specialty Series 2937,Raw Materials,Specialty,Liter,112.79,213.39,Active
2938,PROD-002938,176,Industrial Copper Wire Specialty Series 2938,Raw Materials,Specialty,Each,317.22,741.91,Active
2939,PROD-002939,329,Stainless Steel Sheet Standard Series 2939,Raw Materials,Standard,Each,125.42,234.27,Active
2940,PROD-002940,840,Conveyor Roller Assembly Specialty Series 2940,Components,Specialty,Kg,184.71,308.05,Active
2941,PROD-002941,455,Hydraulic Power Unit Standard Series 2941,Industrial Equipment,Standard,Kg,268.56,501.83,Active
2942,PROD-002942,181,Variable Frequency Drive Specialty Series 2942,Electronics,Specialty,Kg,25.53,58.27,Active
2943,PROD-002943,34,Polymer Resin Specialty Series 2943,Raw Materials,Specialty,Kg,439.86,933.67,Active
2944,PROD-002944,164,Process Pump Assembly Specialty Series 2944,Industrial Equipment,Specialty,Meter,413.61,534.09,Active
2945,PROD-002945,435,Heavy-Duty Packaging Sleeve Standard Series 2945,Packaging,Standard,Liter,151.14,304.71,Active
2946,PROD-002946,657,Industrial Signal Converter Standard Series 2946,Electronics,Standard,Kg,214.35,469.58,Active
2947,PROD-002947,982,Cold Rolled Steel Coil Premium Series 2947,Raw Materials,Premium,Liter,100.35,222.3,Active
2948,PROD-002948,347,Pneumatic Control Unit Specialty Series 2948,Industrial Equipment,Specialty,Liter,68.45,94.05,Active
2949,PROD-002949,155,Industrial Stretch Film Premium Series 2949,Packaging,Premium,Kg,275.42,589.5,Active
2950,PROD-002950,197,Power Distribution Module Standard Series 2950,Electronics,Standard,Kg,468.67,655.04,Active
2951,PROD-002951,562,Industrial Valve Assembly Specialty Series 2951,Components,Specialty,Meter,375.57,662.91,Active
2952,PROD-002952,753,Thermal Processing Unit Premium Series 2952,Industrial Equipment,Premium,Kg,497.54,1121.27,Active
2953,PROD-002953,793,Corrugated Shipping Carton Standard Series 2953,Packaging,Standard,Liter,312.49,587.06,Active
2954,PROD-002954,546,Steel Coupling Specialty Series 2954,Components,Specialty,Kg,439.17,772.5,Active
2955,PROD-002955,597,Industrial Drive System Standard Series 2955,Industrial Equipment,Standard,Meter,291.29,519.85,Active
2956,PROD-002956,487,Power Distribution Module Specialty Series 2956,Electronics,Specialty,Each,89.73,183.96,Inactive
2957,PROD-002957,836,Industrial Valve Assembly Specialty Series 2957,Components,Specialty,Kg,414.37,564.3,Active
2958,PROD-002958,226,Engineering Plastic Pellets Standard Series 2958,Raw Materials,Standard,Kg,292.99,614.08,Active
2959,PROD-002959,320,Cold Rolled Steel Coil Specialty Series 2959,Raw Materials,Specialty,Liter,351.85,864.23,Active
2960,PROD-002960,243,Aluminum Sheet Stock Standard Series 2960,Raw Materials,Standard,Kg,203.9,318.75,Active
2961,PROD-002961,154,Aluminum Mounting Bracket Standard Series 2961,Components,Standard,Liter,384.3,624.96,Active
2962,PROD-002962,889,Process Pump Assembly Specialty Series 2962,Industrial Equipment,Specialty,Kg,151.2,349.04,Active
2963,PROD-002963,44,Stainless Steel Sheet Premium Series 2963,Raw Materials,Premium,Meter,282.18,617.82,Active
2964,PROD-002964,107,Industrial Signal Converter Specialty Series 2964,Electronics,Specialty,Each,106.23,216.99,Inactive
2965,PROD-002965,848,Industrial Control Module Specialty Series 2965,Electronics,Specialty,Liter,154.81,255.6,Active
2966,PROD-002966,538,Variable Frequency Drive Specialty Series 2966,Electronics,Specialty,Liter,140.2,229.42,Active
2967,PROD-002967,758,Polymer Resin Specialty Series 2967,Raw Materials,Specialty,Meter,336.45,687.23,Active
2968,PROD-002968,638,Industrial Copper Wire Specialty Series 2968,Raw Materials,Specialty,Meter,237.21,563.72,Active
2969,PROD-002969,379,Stainless Steel Sheet Premium Series 2969,Raw Materials,Premium,Meter,467.89,873.38,Active
2970,PROD-002970,433,Reusable Transport Crate Standard Series 2970,Packaging,Standard,Liter,420.6,1037.79,Active
2971,PROD-002971,778,Industrial Control Module Specialty Series 2971,Electronics,Specialty,Liter,248.83,470.87,Inactive
2972,PROD-002972,85,Variable Frequency Drive Standard Series 2972,Electronics,Standard,Meter,480.99,830.47,Active
2973,PROD-002973,11,Industrial Stretch Film Specialty Series 2973,Packaging,Specialty,Kg,429.82,1008.07,Active
2974,PROD-002974,775,Drive Shaft Assembly Premium Series 2974,Components,Premium,Each,69.8,136.58,Active
2975,PROD-002975,999,Stainless Steel Sheet Standard Series 2975,Raw Materials,Standard,Liter,29.19,51.87,Active
2976,PROD-002976,896,Industrial Signal Converter Standard Series 2976,Electronics,Standard,Meter,419.28,528.49,Active
2977,PROD-002977,448,Hydraulic Power Unit Standard Series 2977,Industrial Equipment,Standard,Each,291.83,526.17,Active
2978,PROD-002978,883,Variable Frequency Drive Specialty Series 2978,Electronics,Specialty,Each,141.61,178.44,Active
2979,PROD-002979,409,Industrial Drive System Premium Series 2979,Industrial Equipment,Premium,Each,238.23,585.43,Active
2980,PROD-002980,79,Power Distribution Module Standard Series 2980,Electronics,Standard,Meter,208.12,469.96,Active
2981,PROD-002981,89,Industrial Valve Assembly Standard Series 2981,Components,Standard,Each,259.84,604.68,Active
2982,PROD-002982,388,Industrial Signal Converter Specialty Series 2982,Electronics,Specialty,Kg,156.48,329.19,Active
2983,PROD-002983,303,Corrugated Shipping Carton Standard Series 2983,Packaging,Standard,Meter,254.48,420.79,Active
2984,PROD-002984,226,Aluminum Sheet Stock Specialty Series 2984,Raw Materials,Specialty,Kg,217.5,404.83,Active
2985,PROD-002985,144,Polymer Resin Premium Series 2985,Raw Materials,Premium,Kg,131.27,214.5,Active
2986,PROD-002986,935,Process Pump Assembly Standard Series 2986,Industrial Equipment,Standard,Each,71.98,173.67,Active
2987,PROD-002987,620,Material Handling Unit Specialty Series 2987,Industrial Equipment,Specialty,Meter,54.58,77.52,Inactive
2988,PROD-002988,567,Conveyor Roller Assembly Standard Series 2988,Components,Standard,Each,395.45,899.33,Active
2989,PROD-002989,599,Corrugated Shipping Carton Premium Series 2989,Packaging,Premium,Kg,92.64,166.91,Active
2990,PROD-002990,800,Aluminum Sheet Stock Premium Series 2990,Raw Materials,Premium,Kg,230.94,551.46,Active
2991,PROD-002991,420,Aluminum Mounting Bracket Specialty Series 2991,Components,Specialty,Liter,377.84,559.53,Inactive
2992,PROD-002992,668,Industrial Copper Wire Premium Series 2992,Raw Materials,Premium,Liter,270.43,342.46,Active
2993,PROD-002993,618,Material Handling Unit Standard Series 2993,Industrial Equipment,Standard,Each,60.7,129.88,Active
2994,PROD-002994,819,Reusable Transport Crate Premium Series 2994,Packaging,Premium,Meter,73.31,141.48,Active
2995,PROD-002995,866,Precision Bearing Assembly Specialty Series 2995,Components,Specialty,Meter,425.67,677.42,Active
2996,PROD-002996,376,Pneumatic Control Unit Specialty Series 2996,Industrial Equipment,Specialty,Each,151.43,356.8,Active
2997,PROD-002997,120,Industrial Drive System Premium Series 2997,Industrial Equipment,Premium,Kg,261.55,573.7,Active
2998,PROD-002998,844,Process Pump Assembly Standard Series 2998,Industrial Equipment,Standard,Meter,186.82,460.11,Active
2999,PROD-002999,330,Material Handling Unit Standard Series 2999,Industrial Equipment,Standard,Each,476.52,595.69,Active
3000,PROD-003000,759,Engineering Plastic Pellets Premium Series 3000,Raw Materials,Premium,Kg,227.59,293.33,Active
3001,PROD-003001,257,Hydraulic Power Unit Specialty Series 3001,Industrial Equipment,Specialty,Each,272.51,522.39,Active
3002,PROD-003002,680,Variable Frequency Drive Premium Series 3002,Electronics,Premium,Meter,122.04,212.28,Active
3003,PROD-003003,122,Industrial Stretch Film Premium Series 3003,Packaging,Premium,Kg,283.71,437.41,Active
3004,PROD-003004,189,Industrial Copper Wire Premium Series 3004,Raw Materials,Premium,Meter,430.84,1019.56,Active
3005,PROD-003005,874,Material Handling Unit Standard Series 3005,Industrial Equipment,Standard,Each,106.24,153.27,Active
3006,PROD-003006,737,Reusable Transport Crate Specialty Series 3006,Packaging,Specialty,Each,153.76,358.4,Active
3007,PROD-003007,137,Hydraulic Power Unit Standard Series 3007,Industrial Equipment,Standard,Liter,73.09,106.65,Active
3008,PROD-003008,942,Aluminum Sheet Stock Standard Series 3008,Raw Materials,Standard,Kg,128.35,290.61,Active
3009,PROD-003009,889,Industrial Stretch Film Standard Series 3009,Packaging,Standard,Meter,407.21,557.4,Inactive
3010,PROD-003010,148,Industrial Copper Wire Standard Series 3010,Raw Materials,Standard,Liter,90.71,125.47,Inactive
3011,PROD-003011,947,Stainless Steel Sheet Standard Series 3011,Raw Materials,Standard,Meter,22.71,56.49,Active
3012,PROD-003012,869,Conveyor Roller Assembly Specialty Series 3012,Components,Specialty,Liter,391.98,905.1,Active
3013,PROD-003013,333,Precision Bearing Assembly Specialty Series 3013,Components,Specialty,Kg,232.31,293.07,Active
3014,PROD-003014,21,Aluminum Sheet Stock Specialty Series 3014,Raw Materials,Specialty,Liter,263.47,530.91,Active
3015,PROD-003015,551,Aluminum Mounting Bracket Premium Series 3015,Components,Premium,Meter,134.3,297.87,Active
3016,PROD-003016,331,Drive Shaft Assembly Specialty Series 3016,Components,Specialty,Each,348.73,474.69,Active
3017,PROD-003017,74,Material Handling Unit Premium Series 3017,Industrial Equipment,Premium,Meter,324.42,541.66,Active
3018,PROD-003018,169,Reusable Transport Crate Standard Series 3018,Packaging,Standard,Each,230.24,305.73,Active
3019,PROD-003019,772,Hydraulic Power Unit Standard Series 3019,Industrial Equipment,Standard,Kg,279.5,453.03,Active
3020,PROD-003020,160,Variable Frequency Drive Standard Series 3020,Electronics,Standard,Liter,398.82,691.33,Active
3021,PROD-003021,45,Proximity Sensor Standard Series 3021,Electronics,Standard,Meter,347.38,851.06,Active
3022,PROD-003022,251,Drive Shaft Assembly Standard Series 3022,Components,Standard,Liter,67.15,159.78,Active
3023,PROD-003023,206,Material Handling Unit Premium Series 3023,Industrial Equipment,Premium,Each,280.5,355.9,Active
3024,PROD-003024,582,Thermal Processing Unit Standard Series 3024,Industrial Equipment,Standard,Meter,468.34,850.2,Active
3025,PROD-003025,286,Cold Rolled Steel Coil Premium Series 3025,Raw Materials,Premium,Liter,10.8,26.52,Active
3026,PROD-003026,975,Steel Coupling Standard Series 3026,Components,Standard,Liter,12.12,25.71,Active
3027,PROD-003027,830,Industrial Stretch Film Specialty Series 3027,Packaging,Specialty,Kg,387.46,599.16,Active
3028,PROD-003028,425,Pallet Wrap Assembly Standard Series 3028,Packaging,Standard,Kg,59.5,80.97,Active
3029,PROD-003029,218,Motor Control Panel Specialty Series 3029,Electronics,Specialty,Meter,191.72,404.66,Active
3030,PROD-003030,752,Industrial Signal Converter Standard Series 3030,Electronics,Standard,Meter,312.69,757.18,Active
3031,PROD-003031,112,Hydraulic Power Unit Specialty Series 3031,Industrial Equipment,Specialty,Each,72.79,152.07,Active
3032,PROD-003032,874,Protective Packaging Insert Premium Series 3032,Packaging,Premium,Each,158.07,331.56,Active
3033,PROD-003033,978,Polymer Resin Standard Series 3033,Raw Materials,Standard,Kg,482.68,1090.95,Active
3034,PROD-003034,906,Power Distribution Module Standard Series 3034,Electronics,Standard,Meter,127.96,195.94,Active
3035,PROD-003035,888,Stainless Steel Sheet Premium Series 3035,Raw Materials,Premium,Liter,72.15,99.75,Active
3036,PROD-003036,733,Industrial Signal Converter Specialty Series 3036,Electronics,Specialty,Liter,74.44,130.73,Active
3037,PROD-003037,700,Corrugated Shipping Carton Specialty Series 3037,Packaging,Specialty,Kg,165.35,362.96,Active
3038,PROD-003038,9,Aluminum Sheet Stock Standard Series 3038,Raw Materials,Standard,Meter,71.98,121.49,Active
3039,PROD-003039,439,Polymer Resin Premium Series 3039,Raw Materials,Premium,Meter,241.05,449.28,Active
3040,PROD-003040,740,Industrial Copper Wire Specialty Series 3040,Raw Materials,Specialty,Liter,318.9,549.4,Inactive
3041,PROD-003041,183,Motor Control Panel Premium Series 3041,Electronics,Premium,Meter,491.21,929.0,Active
3042,PROD-003042,346,Industrial Signal Converter Premium Series 3042,Electronics,Premium,Each,277.98,652.46,Active
3043,PROD-003043,781,Hydraulic Power Unit Standard Series 3043,Industrial Equipment,Standard,Meter,420.7,532.83,Active
3044,PROD-003044,616,Protective Packaging Insert Standard Series 3044,Packaging,Standard,Meter,300.27,713.75,Active
3045,PROD-003045,893,Aluminum Mounting Bracket Standard Series 3045,Components,Standard,Kg,429.34,624.41,Active
3046,PROD-003046,704,Pallet Wrap Assembly Specialty Series 3046,Packaging,Specialty,Liter,458.1,646.42,Active
3047,PROD-003047,873,Industrial Valve Assembly Standard Series 3047,Components,Standard,Kg,340.83,847.49,Active
3048,PROD-003048,87,Reusable Transport Crate Standard Series 3048,Packaging,Standard,Each,155.19,304.1,Inactive
3049,PROD-003049,40,Industrial Control Module Premium Series 3049,Electronics,Premium,Meter,454.41,764.31,Active
3050,PROD-003050,837,Steel Coupling Specialty Series 3050,Components,Specialty,Each,143.77,326.63,Active
3051,PROD-003051,978,Aluminum Mounting Bracket Standard Series 3051,Components,Standard,Liter,491.02,921.22,Active
3052,PROD-003052,120,Pallet Wrap Assembly Standard Series 3052,Packaging,Standard,Each,143.35,348.54,Active
3053,PROD-003053,203,Industrial Valve Assembly Standard Series 3053,Components,Standard,Liter,343.86,853.45,Active
3054,PROD-003054,18,Industrial Signal Converter Specialty Series 3054,Electronics,Specialty,Kg,326.06,512.74,Active
3055,PROD-003055,373,Industrial Control Module Premium Series 3055,Electronics,Premium,Meter,176.72,429.25,Active
3056,PROD-003056,453,Aluminum Sheet Stock Premium Series 3056,Raw Materials,Premium,Each,221.03,294.35,Active
3057,PROD-003057,949,Industrial Stretch Film Premium Series 3057,Packaging,Premium,Meter,349.12,702.74,Active
3058,PROD-003058,108,Process Pump Assembly Standard Series 3058,Industrial Equipment,Standard,Meter,457.05,831.81,Active
3059,PROD-003059,216,Material Handling Unit Specialty Series 3059,Industrial Equipment,Specialty,Liter,448.13,920.01,Active
3060,PROD-003060,717,Thermal Processing Unit Premium Series 3060,Industrial Equipment,Premium,Each,462.44,726.58,Active
3061,PROD-003061,552,Hydraulic Power Unit Specialty Series 3061,Industrial Equipment,Specialty,Meter,319.66,748.99,Active
3062,PROD-003062,710,Aluminum Sheet Stock Standard Series 3062,Raw Materials,Standard,Liter,398.33,771.32,Active
3063,PROD-003063,292,Industrial Stretch Film Standard Series 3063,Packaging,Standard,Kg,183.46,453.12,Active
3064,PROD-003064,168,Pallet Wrap Assembly Standard Series 3064,Packaging,Standard,Each,344.57,712.61,Inactive
3065,PROD-003065,478,Industrial Valve Assembly Standard Series 3065,Components,Standard,Liter,368.96,627.03,Active
3066,PROD-003066,699,Engineering Plastic Pellets Standard Series 3066,Raw Materials,Standard,Liter,195.59,315.24,Active
3067,PROD-003067,617,Precision Bearing Assembly Premium Series 3067,Components,Premium,Each,61.4,115.06,Active
3068,PROD-003068,638,Pneumatic Control Unit Standard Series 3068,Industrial Equipment,Standard,Each,214.69,379.11,Active
3069,PROD-003069,244,Proximity Sensor Standard Series 3069,Electronics,Standard,Liter,142.61,275.64,Active
3070,PROD-003070,736,Power Distribution Module Standard Series 3070,Electronics,Standard,Each,157.36,231.87,Active
3071,PROD-003071,560,Heavy-Duty Packaging Sleeve Specialty Series 3071,Packaging,Specialty,Kg,403.81,531.62,Active
3072,PROD-003072,656,Engineering Plastic Pellets Specialty Series 3072,Raw Materials,Specialty,Each,469.87,1134.78,Active
3073,PROD-003073,860,Industrial Control Module Standard Series 3073,Electronics,Standard,Liter,291.95,516.96,Active
3074,PROD-003074,963,Protective Packaging Insert Premium Series 3074,Packaging,Premium,Meter,306.15,512.27,Active
3075,PROD-003075,729,Polymer Resin Standard Series 3075,Raw Materials,Standard,Each,493.1,736.59,Active
3076,PROD-003076,553,Industrial Copper Wire Standard Series 3076,Raw Materials,Standard,Kg,475.67,1104.25,Active
3077,PROD-003077,421,Stainless Steel Sheet Specialty Series 3077,Raw Materials,Specialty,Liter,168.99,352.26,Active
3078,PROD-003078,643,Engineering Plastic Pellets Specialty Series 3078,Raw Materials,Specialty,Kg,196.4,331.6,Active
3079,PROD-003079,604,Cold Rolled Steel Coil Standard Series 3079,Raw Materials,Standard,Meter,47.03,89.06,Active
3080,PROD-003080,604,Aluminum Sheet Stock Premium Series 3080,Raw Materials,Premium,Meter,277.28,507.49,Active
3081,PROD-003081,727,Proximity Sensor Premium Series 3081,Electronics,Premium,Liter,471.96,604.73,Active
3082,PROD-003082,28,Pallet Wrap Assembly Standard Series 3082,Packaging,Standard,Each,297.19,525.39,Active
3083,PROD-003083,204,Heavy-Duty Packaging Sleeve Standard Series 3083,Packaging,Standard,Liter,89.89,184.5,Active
3084,PROD-003084,568,Thermal Processing Unit Specialty Series 3084,Industrial Equipment,Specialty,Kg,17.54,30.6,Active
3085,PROD-003085,413,Corrugated Shipping Carton Specialty Series 3085,Packaging,Specialty,Meter,481.34,1166.47,Active
3086,PROD-003086,447,Steel Coupling Standard Series 3086,Components,Standard,Each,226.5,396.0,Active
3087,PROD-003087,999,Industrial Drive System Standard Series 3087,Industrial Equipment,Standard,Liter,289.77,714.71,Active
3088,PROD-003088,225,Power Distribution Module Specialty Series 3088,Electronics,Specialty,Meter,409.21,697.19,Active
3089,PROD-003089,448,Motor Control Panel Specialty Series 3089,Electronics,Specialty,Meter,224.44,310.79,Active
3090,PROD-003090,540,Conveyor Roller Assembly Standard Series 3090,Components,Standard,Kg,153.36,192.77,Active
3091,PROD-003091,667,Precision Bearing Assembly Standard Series 3091,Components,Standard,Meter,24.7,49.19,Active
3092,PROD-003092,957,Protective Packaging Insert Standard Series 3092,Packaging,Standard,Meter,233.37,499.05,Active
3093,PROD-003093,976,Industrial Drive System Premium Series 3093,Industrial Equipment,Premium,Each,342.89,646.27,Active
3094,PROD-003094,948,Industrial Copper Wire Standard Series 3094,Raw Materials,Standard,Liter,33.44,45.06,Inactive
3095,PROD-003095,331,Stainless Steel Sheet Specialty Series 3095,Raw Materials,Specialty,Each,208.31,283.0,Inactive
3096,PROD-003096,763,Thermal Processing Unit Standard Series 3096,Industrial Equipment,Standard,Kg,336.19,646.69,Inactive
3097,PROD-003097,504,Industrial Control Module Specialty Series 3097,Electronics,Specialty,Kg,298.61,743.87,Active
3098,PROD-003098,136,Pneumatic Control Unit Standard Series 3098,Industrial Equipment,Standard,Liter,496.17,702.54,Active
3099,PROD-003099,270,Industrial Drive System Specialty Series 3099,Industrial Equipment,Specialty,Each,375.12,534.57,Active
3100,PROD-003100,454,Drive Shaft Assembly Standard Series 3100,Components,Standard,Each,368.15,548.26,Active
3101,PROD-003101,877,Heavy-Duty Packaging Sleeve Specialty Series 3101,Packaging,Specialty,Meter,227.01,515.07,Active
3102,PROD-003102,569,Thermal Processing Unit Standard Series 3102,Industrial Equipment,Standard,Kg,170.01,375.98,Active
3103,PROD-003103,38,Corrugated Shipping Carton Standard Series 3103,Packaging,Standard,Liter,445.91,685.45,Active
3104,PROD-003104,127,Steel Coupling Standard Series 3104,Components,Standard,Kg,265.07,408.52,Active
3105,PROD-003105,613,Industrial Stretch Film Specialty Series 3105,Packaging,Specialty,Liter,121.63,244.76,Active
3106,PROD-003106,289,Process Pump Assembly Specialty Series 3106,Industrial Equipment,Specialty,Each,259.17,590.98,Inactive
3107,PROD-003107,197,Stainless Steel Sheet Specialty Series 3107,Raw Materials,Specialty,Kg,386.11,516.51,Inactive
3108,PROD-003108,745,Reusable Transport Crate Specialty Series 3108,Packaging,Specialty,Liter,479.78,866.92,Active
3109,PROD-003109,656,Hydraulic Power Unit Standard Series 3109,Industrial Equipment,Standard,Liter,99.62,248.49,Active
3110,PROD-003110,835,Steel Coupling Standard Series 3110,Components,Standard,Each,477.67,1081.68,Active
3111,PROD-003111,393,Aluminum Mounting Bracket Premium Series 3111,Components,Premium,Meter,475.56,628.78,Active
3112,PROD-003112,52,Power Distribution Module Standard Series 3112,Electronics,Standard,Each,130.21,275.99,Active
3113,PROD-003113,651,Industrial Valve Assembly Specialty Series 3113,Components,Specialty,Kg,442.47,1096.3,Active
3114,PROD-003114,702,Reusable Transport Crate Standard Series 3114,Packaging,,Liter,116.27,213.85,Active
3115,PROD-003115,380,Industrial Control Module Premium Series 3115,Electronics,Premium,Each,434.54,1074.36,Active
3116,PROD-003116,949,Steel Coupling Premium Series 3116,Components,Premium,Meter,427.9,966.61,Active
3117,PROD-003117,630,Polymer Resin Specialty Series 3117,Raw Materials,Specialty,Kg,494.99,639.02,Active
3118,PROD-003118,951,Industrial Copper Wire Specialty Series 3118,Raw Materials,Specialty,Each,315.72,620.89,Inactive
3119,PROD-003119,207,Material Handling Unit Premium Series 3119,Industrial Equipment,Premium,Each,160.31,316.55,Inactive
3120,PROD-003120,861,Conveyor Roller Assembly Specialty Series 3120,Components,Specialty,Liter,88.3,195.19,Inactive
3121,PROD-003121,900,Precision Bearing Assembly Standard Series 3121,Components,Standard,Each,364.78,903.2,Active
3122,PROD-003122,982,Steel Coupling Standard Series 3122,Components,Standard,Each,379.35,826.69,Active
3123,PROD-003123,322,Proximity Sensor Standard Series 3123,Electronics,Standard,Each,335.57,437.6,Active
3124,PROD-003124,683,Pallet Wrap Assembly Premium Series 3124,Packaging,Premium,Liter,429.88,665.13,Active
3125,PROD-003125,276,Stainless Steel Sheet Standard Series 3125,Raw Materials,Standard,Each,445.95,601.39,Inactive
3126,PROD-003126,577,Thermal Processing Unit Standard Series 3126,Industrial Equipment,Standard,Meter,354.55,791.73,Active
3127,PROD-003127,738,Cold Rolled Steel Coil Standard Series 3127,Raw Materials,Standard,Each,360.24,717.81,Active
3128,PROD-003128,504,Steel Coupling Specialty Series 3128,Components,Specialty,Kg,408.65,662.88,Active
3129,PROD-003129,490,Industrial Drive System Premium Series 3129,Industrial Equipment,Premium,Liter,267.28,422.05,Active
3130,PROD-003130,188,Pallet Wrap Assembly Specialty Series 3130,Packaging,Specialty,Liter,10.26,18.4,Inactive
3131,PROD-003131,84,Material Handling Unit Standard Series 3131,Industrial Equipment,Standard,Each,314.65,777.62,Active
3132,PROD-003132,399,Reusable Transport Crate Premium Series 3132,Packaging,Premium,Liter,450.29,1087.18,Active
3133,PROD-003133,851,Cold Rolled Steel Coil Specialty Series 3133,Raw Materials,Specialty,Liter,488.45,751.69,Active
3134,PROD-003134,686,Aluminum Sheet Stock Premium Series 3134,Raw Materials,Premium,Liter,414.8,1022.21,Active
3135,PROD-003135,189,Industrial Drive System Specialty Series 3135,Industrial Equipment,Specialty,Liter,368.9,814.87,Active
3136,PROD-003136,864,Drive Shaft Assembly Specialty Series 3136,Components,Specialty,Kg,120.59,160.22,Active
3137,PROD-003137,871,Heavy-Duty Packaging Sleeve Specialty Series 3137,Packaging,Specialty,Kg,286.58,515.43,Active
3138,PROD-003138,851,Thermal Processing Unit Specialty Series 3138,Industrial Equipment,Specialty,Kg,422.98,821.0,Active
3139,PROD-003139,312,Precision Bearing Assembly Specialty Series 3139,Components,Specialty,Kg,388.16,499.73,Active
3140,PROD-003140,282,Aluminum Sheet Stock Specialty Series 3140,Raw Materials,Specialty,Meter,416.3,868.05,Active
3141,PROD-003141,650,Polymer Resin Specialty Series 3141,Raw Materials,Specialty,Meter,363.99,559.38,Active
3142,PROD-003142,359,Pallet Wrap Assembly Standard Series 3142,Packaging,Standard,Meter,467.22,845.46,Active
3143,PROD-003143,859,Material Handling Unit Premium Series 3143,Industrial Equipment,Premium,Each,492.49,908.58,Inactive
3144,PROD-003144,198,Reusable Transport Crate Specialty Series 3144,Packaging,Specialty,Liter,390.97,738.51,Inactive
3145,PROD-003145,448,Corrugated Shipping Carton Specialty Series 3145,Packaging,Specialty,Each,30.87,41.6,Active
3146,PROD-003146,714,Pneumatic Control Unit Standard Series 3146,Industrial Equipment,Standard,Liter,119.2,194.29,Active
3147,PROD-003147,830,Proximity Sensor Specialty Series 3147,Electronics,Specialty,Kg,38.18,81.15,Active
3148,PROD-003148,367,Pallet Wrap Assembly Standard Series 3148,Packaging,Standard,Meter,123.2,241.0,Active
3149,PROD-003149,301,Industrial Valve Assembly Premium Series 3149,Components,Premium,Liter,267.48,337.66,Active
3150,PROD-003150,600,Engineering Plastic Pellets Standard Series 3150,Raw Materials,Standard,Liter,471.39,1157.25,Active
3151,PROD-003151,560,Cold Rolled Steel Coil Premium Series 3151,Raw Materials,Premium,Liter,347.04,614.7,Active
3152,PROD-003152,208,Aluminum Sheet Stock Specialty Series 3152,Raw Materials,Specialty,Meter,15.02,26.72,Active
3153,PROD-003153,655,Proximity Sensor Specialty Series 3153,Electronics,Specialty,Each,468.79,1156.23,Active
3154,PROD-003154,668,Process Pump Assembly Premium Series 3154,Industrial Equipment,Premium,Meter,177.83,222.79,Active
3155,PROD-003155,51,Stainless Steel Sheet Standard Series 3155,Raw Materials,Standard,Kg,430.56,654.81,Active
3156,PROD-003156,788,Engineering Plastic Pellets Standard Series 3156,Raw Materials,Standard,Each,329.92,637.75,Active
3157,PROD-003157,223,Hydraulic Power Unit Premium Series 3157,Industrial Equipment,Premium,Kg,467.04,732.29,Active
3158,PROD-003158,950,Steel Coupling Standard Series 3158,Components,Standard,Kg,315.82,581.92,Active
3159,PROD-003159,844,Aluminum Mounting Bracket Specialty Series 3159,Components,Specialty,Liter,407.73,836.85,Active
3160,PROD-003160,312,Pallet Wrap Assembly Standard Series 3160,Packaging,Standard,Kg,451.3,986.83,Active
3161,PROD-003161,236,Motor Control Panel Specialty Series 3161,Electronics,Specialty,Liter,108.46,230.09,Active
3162,PROD-003162,917,Reusable Transport Crate Premium Series 3162,Packaging,Premium,Each,134.9,286.58,Active
3163,PROD-003163,491,Industrial Control Module Premium Series 3163,Electronics,Premium,Kg,97.15,238.56,Active
3164,PROD-003164,781,Steel Coupling Premium Series 3164,Components,Premium,Liter,101.72,193.17,Active
3165,PROD-003165,965,Proximity Sensor Premium Series 3165,Electronics,Premium,Kg,374.18,493.97,Active
3166,PROD-003166,618,Pallet Wrap Assembly Specialty Series 3166,Packaging,Specialty,Kg,426.06,618.37,Active
3167,PROD-003167,564,Heavy-Duty Packaging Sleeve Specialty Series 3167,Packaging,Specialty,Meter,331.93,672.16,Active
3168,PROD-003168,497,Reusable Transport Crate Standard Series 3168,Packaging,Standard,Kg,271.45,405.62,Active
3169,PROD-003169,846,Industrial Control Module Specialty Series 3169,Electronics,Specialty,Kg,14.33,31.4,Active
3170,PROD-003170,965,Aluminum Sheet Stock Premium Series 3170,Raw Materials,Premium,Liter,482.93,608.63,Active
3171,PROD-003171,610,Proximity Sensor Specialty Series 3171,Electronics,Specialty,Meter,448.86,1075.05,Active
3172,PROD-003172,42,Process Pump Assembly Premium Series 3172,Industrial Equipment,Premium,Each,189.22,285.37,Active
3173,PROD-003173,33,Stainless Steel Sheet Standard Series 3173,Raw Materials,Standard,Kg,186.76,436.74,Active
3174,PROD-003174,834,Engineering Plastic Pellets Standard Series 3174,Raw Materials,Standard,Kg,363.51,627.68,Active
3175,PROD-003175,716,Hydraulic Power Unit Premium Series 3175,Industrial Equipment,Premium,Liter,352.58,647.92,Active
3176,PROD-003176,930,Protective Packaging Insert Standard Series 3176,Packaging,Standard,Kg,346.12,807.1,Active
3177,PROD-003177,371,Aluminum Mounting Bracket Standard Series 3177,Components,Standard,Meter,435.51,953.65,Active
3178,PROD-003178,619,Process Pump Assembly Standard Series 3178,Industrial Equipment,Standard,Liter,44.36,81.81,Active
3179,PROD-003179,64,Motor Control Panel Premium Series 3179,Electronics,Premium,Each,292.51,590.6,Inactive
3180,PROD-003180,540,Reusable Transport Crate Specialty Series 3180,Packaging,Specialty,Each,461.68,580.27,Active
3181,PROD-003181,921,Precision Bearing Assembly Standard Series 3181,Components,Standard,Kg,345.0,540.15,Active
3182,PROD-003182,503,Variable Frequency Drive Premium Series 3182,Electronics,Premium,Kg,43.47,78.68,Active
3183,PROD-003183,800,Polymer Resin Specialty Series 3183,Raw Materials,Specialty,Liter,125.89,228.22,Active
3184,PROD-003184,456,Process Pump Assembly Specialty Series 3184,Industrial Equipment,Specialty,Liter,471.45,1160.81,Active
3185,PROD-003185,681,Heavy-Duty Packaging Sleeve Standard Series 3185,Packaging,Standard,Kg,241.86,344.06,Active
3186,PROD-003186,944,Engineering Plastic Pellets Premium Series 3186,Raw Materials,Premium,Each,410.26,748.69,Active
3187,PROD-003187,911,Industrial Control Module Standard Series 3187,Electronics,Standard,Kg,209.72,296.63,Active
3188,PROD-003188,307,Aluminum Sheet Stock Premium Series 3188,Raw Materials,Premium,Each,390.35,911.94,Active
3189,PROD-003189,10,Aluminum Mounting Bracket Standard Series 3189,Components,Standard,Each,313.18,517.53,Active
3190,PROD-003190,73,Drive Shaft Assembly Standard Series 3190,Components,Standard,Kg,105.94,183.75,Inactive
3191,PROD-003191,388,Material Handling Unit Specialty Series 3191,Industrial Equipment,Specialty,Meter,361.73,778.95,Active
3192,PROD-003192,727,Engineering Plastic Pellets Premium Series 3192,Raw Materials,Premium,Liter,422.05,671.91,Active
3193,PROD-003193,912,Industrial Control Module Specialty Series 3193,Electronics,Specialty,Each,161.95,400.06,Active
3194,PROD-003194,675,Variable Frequency Drive Specialty Series 3194,Electronics,Specialty,Kg,348.86,486.71,Active
3195,PROD-003195,103,Proximity Sensor Specialty Series 3195,Electronics,Specialty,Each,324.42,495.52,Active
3196,PROD-003196,743,Drive Shaft Assembly Standard Series 3196,Components,Standard,Meter,243.55,365.93,Active
3197,PROD-003197,390,Stainless Steel Sheet Premium Series 3197,Raw Materials,Premium,Meter,413.26,751.39,Active
3198,PROD-003198,638,Thermal Processing Unit Specialty Series 3198,Industrial Equipment,Specialty,Kg,373.89,793.87,Active
3199,PROD-003199,40,Cold Rolled Steel Coil Standard Series 3199,Raw Materials,Standard,Kg,404.74,706.58,Active
3200,PROD-003200,626,Protective Packaging Insert Standard Series 3200,Packaging,Standard,Meter,154.25,198.41,Active
3201,PROD-003201,359,Industrial Stretch Film Standard Series 3201,Packaging,Standard,Each,317.71,434.74,Active
3202,PROD-003202,802,Pallet Wrap Assembly Specialty Series 3202,Packaging,Specialty,Liter,22.17,30.93,Active
3203,PROD-003203,749,Motor Control Panel Premium Series 3203,Electronics,Premium,Liter,147.78,257.61,Inactive
3204,PROD-003204,717,Engineering Plastic Pellets Specialty Series 3204,Raw Materials,Specialty,Meter,362.59,644.77,Active
3205,PROD-003205,852,Industrial Control Module Standard Series 3205,Electronics,Standard,Each,61.0,138.54,Inactive
3206,PROD-003206,842,Steel Coupling Specialty Series 3206,Components,Specialty,Meter,344.99,787.55,Inactive
3207,PROD-003207,980, Aluminum Mounting Bracket Specialty Series 3207 ,Components,Specialty,Liter,473.84,992.27,Active
3208,PROD-003208,144,Power Distribution Module Specialty Series 3208,Electronics,Specialty,Kg,336.71,620.28,Active
3209,PROD-003209,153,Heavy-Duty Packaging Sleeve Premium Series 3209,Packaging,Premium,Liter,330.11,539.81,Active
3210,PROD-003210,203,Industrial Signal Converter Specialty Series 3210,Electronics,Specialty,Kg,393.96,715.99,Active
3211,PROD-003211,835,Corrugated Shipping Carton Specialty Series 3211,Packaging,Specialty,Each,152.7,324.72,Active
3212,PROD-003212,876,Variable Frequency Drive Specialty Series 3212,Electronics,Specialty,Each,338.97,826.11,Active
3213,PROD-003213,564,Industrial Drive System Specialty Series 3213,Industrial Equipment,Specialty,Kg,468.29,1099.86,Active
3214,PROD-003214,554,Power Distribution Module Specialty Series 3214,Electronics,Specialty,Kg,293.61,499.37,Active
3215,PROD-003215,984,Material Handling Unit Premium Series 3215,Industrial Equipment,Premium,Meter,141.63,317.11,Active
3216,PROD-003216,995,Industrial Signal Converter Specialty Series 3216,Electronics,Specialty,Kg,329.34,546.01,Active
3217,PROD-003217,565,Precision Bearing Assembly Specialty Series 3217,Components,Specialty,Liter,493.64,673.08,Active
3218,PROD-003218,369,Steel Coupling Standard Series 3218,Components,Standard,Meter,12.75,19.09,Active
3219,PROD-003219,236,Industrial Drive System Premium Series 3219,Industrial Equipment,Premium,Kg,108.82,201.59,Active
3220,PROD-003220,351,Drive Shaft Assembly Premium Series 3220,Components,Premium,Each,455.55,980.15,Inactive
3221,PROD-003221,940,Stainless Steel Sheet Standard Series 3221,Raw Materials,Standard,Kg,79.72,168.74,Active
3222,PROD-003222,526,Conveyor Roller Assembly Standard Series 3222,Components,Standard,Each,59.53,122.96,Active
3223,PROD-003223,869,Corrugated Shipping Carton Specialty Series 3223,Packaging,Specialty,Meter,372.45,829.97,Inactive
3224,PROD-003224,562,Steel Coupling Standard Series 3224,Components,Standard,Each,84.68,173.53,Active
3225,PROD-003225,823,Industrial Stretch Film Premium Series 3225,Packaging,Premium,Liter,44.11,60.98,Active
3226,PROD-003226,563,Pallet Wrap Assembly Premium Series 3226,Packaging,Premium,Liter,405.25,931.4,Active
3227,PROD-003227,855,Motor Control Panel Specialty Series 3227,Electronics,Specialty,Meter,200.28,382.08,Active
3228,PROD-003228,874,Industrial Signal Converter Specialty Series 3228,Electronics,Specialty,Meter,398.66,728.91,Active
3229,PROD-003229,880,Hydraulic Power Unit Specialty Series 3229,Industrial Equipment,Specialty,Liter,160.61,265.67,Active
3230,PROD-003230,257,Pneumatic Control Unit Specialty Series 3230,Industrial Equipment,Specialty,Kg,388.89,865.96,Active
3231,PROD-003231,377,Industrial Drive System Standard Series 3231,Industrial Equipment,Standard,Liter,290.08,643.78,Active
3232,PROD-003232,425,Industrial Copper Wire Premium Series 3232,Raw Materials,Premium,Kg,332.34,725.22,Active
3233,PROD-003233,595,Material Handling Unit Specialty Series 3233,Industrial Equipment,Specialty,Each,230.79,342.64,Active
3234,PROD-003234,188,Reusable Transport Crate Standard Series 3234,Packaging,Standard,Each,403.94,628.85,Active
3235,PROD-003235,213,Precision Bearing Assembly Specialty Series 3235,Components,Specialty,Each,11.23,22.78,Active
3236,PROD-003236,768,Variable Frequency Drive Specialty Series 3236,Electronics,Specialty,Each,56.87,98.68,Active
3237,PROD-003237,172,Polymer Resin Standard Series 3237,Raw Materials,Standard,Liter,425.7,539.13,Active
3238,PROD-003238,170,Process Pump Assembly Standard Series 3238,Industrial Equipment,Standard,Liter,459.52,609.89,Active
3239,PROD-003239,828,Material Handling Unit Standard Series 3239,Industrial Equipment,Standard,Each,325.52,543.6,Active
3240,PROD-003240,87,Engineering Plastic Pellets Standard Series 3240,Raw Materials,Standard,Kg,199.79,313.84,Active
3241,PROD-003241,452,Corrugated Shipping Carton Specialty Series 3241,Packaging,Specialty,Each,450.27,627.32,Active
3242,PROD-003242,437,Protective Packaging Insert Specialty Series 3242,Packaging,Specialty,Liter,102.72,256.36,Active
3243,PROD-003243,818,Industrial Drive System Specialty Series 3243,Industrial Equipment,Specialty,Liter,442.89,592.51,Active
3244,PROD-003244,462,Pallet Wrap Assembly Standard Series 3244,Packaging,Standard,Kg,34.15,66.07,Active
3245,PROD-003245,931,Industrial Valve Assembly Specialty Series 3245,Components,Specialty,Liter,320.45,563.37,Active
3246,PROD-003246,408,Conveyor Roller Assembly Standard Series 3246,Components,Standard,Liter,440.2,1047.51,Active
3247,PROD-003247,60,Hydraulic Power Unit Standard Series 3247,Industrial Equipment,Standard,Meter,165.47,350.09,Active
3248,PROD-003248,382,Pneumatic Control Unit Premium Series 3248,Industrial Equipment,Premium,Meter,275.98,385.07,Active
3249,PROD-003249,20,Aluminum Mounting Bracket Specialty Series 3249,Components,Specialty,Liter,421.8,984.84,Active
3250,PROD-003250,118,Industrial Copper Wire Premium Series 3250,Raw Materials,Premium,Each,389.73,669.55,Active
3251,PROD-003251,851,Heavy-Duty Packaging Sleeve Specialty Series 3251,Packaging,Specialty,Meter,139.9,182.6,Active
3252,PROD-003252,49,Conveyor Roller Assembly Standard Series 3252,Components,Standard,Kg,201.32,387.2,Active
3253,PROD-003253,88,Precision Bearing Assembly Standard Series 3253,Components,Standard,Each,481.1,823.1,Active
3254,PROD-003254,770,Steel Coupling Standard Series 3254,Components,Standard,Liter,120.96,200.19,Active
3255,PROD-003255,804,Industrial Drive System Specialty Series 3255,Industrial Equipment,Specialty,Each,118.95,255.59,Active
3256,PROD-003256,853,Power Distribution Module Specialty Series 3256,Electronics,Specialty,Kg,225.01,369.17,Active
3257,PROD-003257,128,Heavy-Duty Packaging Sleeve Specialty Series 3257,Packaging,Specialty,Kg,59.45,110.63,Active
3258,PROD-003258,225,Reusable Transport Crate Standard Series 3258,Packaging,Standard,Meter,186.39,422.64,Active
3259,PROD-003259,511,Cold Rolled Steel Coil Specialty Series 3259,Raw Materials,Specialty,Meter,288.02,560.72,Active
3260,PROD-003260,214,Protective Packaging Insert Specialty Series 3260,Packaging,Specialty,Each,479.16,1076.26,Active
3261,PROD-003261,235,Industrial Stretch Film Premium Series 3261,Packaging,Premium,Liter,367.29,812.98,Active
3262,PROD-003262,692,Industrial Copper Wire Premium Series 3262,Raw Materials,Premium,Liter,158.76,322.96,Active
3263,PROD-003263,854,Material Handling Unit Standard Series 3263,Industrial Equipment,Standard,Each,185.07,384.63,Active
3264,PROD-003264,326,Engineering Plastic Pellets Standard Series 3264,Raw Materials,Standard,Each,452.67,1114.18,Active
3265,PROD-003265,711,Hydraulic Power Unit Premium Series 3265,Industrial Equipment,Premium,Kg,406.04,1007.88,Active
3266,PROD-003266,357,Aluminum Sheet Stock Standard Series 3266,Raw Materials,Standard,Each,15.01,35.36,Active
3267,PROD-003267,308,Industrial Stretch Film Specialty Series 3267,Packaging,Specialty,Meter,443.38,1102.42,Active
3268,PROD-003268,171,Pallet Wrap Assembly Premium Series 3268,Packaging,Premium,Meter,29.35,50.8,Active
3269,PROD-003269,81,Industrial Valve Assembly Standard Series 3269,Components,Standard,Liter,53.65,80.02,Active
3270,PROD-003270,658,Industrial Signal Converter Premium Series 3270,Electronics,Premium,Kg,165.44,267.27,Active
3271,PROD-003271,23,Industrial Control Module Specialty Series 3271,Electronics,Specialty,Meter,310.63,420.4,Active
3272,PROD-003272,988,Steel Coupling Specialty Series 3272,Components,Specialty,Kg,201.47,359.19,Active
3273,PROD-003273,442,Industrial Drive System Specialty Series 3273,Industrial Equipment,Specialty,Meter,27.07,36.87,Active
3274,PROD-003274,52,Power Distribution Module Premium Series 3274,Electronics,Premium,Meter,61.83,126.58,Active
3275,PROD-003275,518,Motor Control Panel Premium Series 3275,Electronics,Premium,Kg,292.38,437.69,Active
3276,PROD-003276,737,Industrial Signal Converter Premium Series 3276,Electronics,Premium,Each,255.94,636.54,Active
3277,PROD-003277,896,Precision Bearing Assembly Standard Series 3277,Components,Standard,Meter,38.13,82.93,Active
3278,PROD-003278,30,Pneumatic Control Unit Specialty Series 3278,Industrial Equipment,Specialty,Each,31.59,54.04,Active
3279,PROD-003279,200,Proximity Sensor Standard Series 3279,Electronics,Standard,Kg,480.19,1058.59,Active
3280,PROD-003280,545,Process Pump Assembly Standard Series 3280,Industrial Equipment,Standard,Meter,165.58,293.71,Active
3281,PROD-003281,415,Industrial Valve Assembly Specialty Series 3281,Components,Specialty,Each,20.68,30.2,Active
3282,PROD-003282,133,Industrial Signal Converter Specialty Series 3282,Electronics,Specialty,Kg,495.48,725.02,Active
3283,PROD-003283,344,Precision Bearing Assembly Specialty Series 3283,Components,Specialty,Liter,403.0,698.5,Active
3284,PROD-003284,731,Protective Packaging Insert Premium Series 3284,Packaging,Premium,Liter,101.65,192.01,Active
3285,PROD-003285,675,Polymer Resin Standard Series 3285,Raw Materials,Standard,Kg,28.41,67.55,Active
3286,PROD-003286,913,Power Distribution Module Specialty Series 3286,Electronics,Specialty,Meter,60.29,102.01,Active
3287,PROD-003287,326,Heavy-Duty Packaging Sleeve Premium Series 3287,Packaging,Premium,Kg,70.63,159.9,Active
3288,PROD-003288,618,Thermal Processing Unit Specialty Series 3288,Industrial Equipment,Specialty,Meter,328.24,459.39,Active
3289,PROD-003289,442,Precision Bearing Assembly Premium Series 3289,Components,Premium,Each,59.9,132.74,Active
3290,PROD-003290,863,Aluminum Sheet Stock Standard Series 3290,Raw Materials,Standard,Kg,40.92,71.19,Active
3291,PROD-003291,152,Industrial Drive System Premium Series 3291,Industrial Equipment,Premium,Meter,31.01,50.76,Active
3292,PROD-003292,658,Industrial Copper Wire Specialty Series 3292,Raw Materials,Specialty,Kg,108.25,206.61,Active
3293,PROD-003293,189,Motor Control Panel Premium Series 3293,Electronics,Premium,Meter,269.35,600.25,Inactive
3294,PROD-003294,265,Reusable Transport Crate Specialty Series 3294,Packaging,Specialty,Meter,370.03,686.17,Inactive
3295,PROD-003295,504,Corrugated Shipping Carton Specialty Series 3295,Packaging,Specialty,Meter,20.89,37.23,Active
3296,PROD-003296,874,Protective Packaging Insert Specialty Series 3296,Packaging,Specialty,Liter,422.42,947.4,Active
3297,PROD-003297,917,Aluminum Mounting Bracket Premium Series 3297,Components,Premium,Each,428.9,954.43,Active
3298,PROD-003298,410,Industrial Copper Wire Standard Series 3298,Raw Materials,Standard,Kg,307.14,612.43,Active
3299,PROD-003299,504,Industrial Valve Assembly Specialty Series 3299,Components,Specialty,Kg,136.31,260.82,Active
3300,PROD-003300,274,Reusable Transport Crate Standard Series 3300,Packaging,Standard,Liter,109.8,159.96,Active
3301,PROD-003301,721,Precision Bearing Assembly Standard Series 3301,Components,Standard,Liter,175.17,335.17,Inactive
3302,PROD-003302,538,Steel Coupling Premium Series 3302,Components,Premium,Liter,457.37,624.94,Active
3303,PROD-003303,989,Industrial Drive System Premium Series 3303,Industrial Equipment,Premium,Liter,347.41,825.02,Active
3304,PROD-003304,812,Industrial Copper Wire Standard Series 3304,Raw Materials,Standard,Liter,400.62,689.76,Active
3305,PROD-003305,758,Material Handling Unit Specialty Series 3305,Industrial Equipment,Specialty,Each,73.06,135.36,Active
3306,PROD-003306,987,Conveyor Roller Assembly Premium Series 3306,Components,Premium,Liter,487.01,846.0,Active
3307,PROD-003307,151,Precision Bearing Assembly Premium Series 3307,Components,Premium,Meter,405.9,876.37,Active
3308,PROD-003308,308,Steel Coupling Premium Series 3308,Components,Premium,Meter,417.01,753.06,Active
3309,PROD-003309,142,Aluminum Mounting Bracket Premium Series 3309,Components,Premium,Kg,64.2,146.51,Active
3310,PROD-003310,518,Pallet Wrap Assembly Premium Series 3310,Packaging,Premium,Meter,57.54,113.6,Active
3311,PROD-003311,546,Industrial Valve Assembly Premium Series 3311,Components,Premium,Each,151.03,202.63,Active
3312,PROD-003312,997,Reusable Transport Crate Standard Series 3312,Packaging,Standard,Liter,213.85,342.55,Active
3313,PROD-003313,24,Hydraulic Power Unit Premium Series 3313,Industrial Equipment,Premium,Kg,398.24,948.4,Active
3314,PROD-003314,512,Pneumatic Control Unit Premium Series 3314,Industrial Equipment,Premium,Each,269.42,359.23,Inactive
3315,PROD-003315,319, Industrial Drive System Premium Series 3315 ,Industrial Equipment,Premium,Meter,356.24,872.35,Active
3316,PROD-003316,26,Drive Shaft Assembly Standard Series 3316,Components,Standard,Liter,394.27,908.92,Active
3317,PROD-003317,914,Material Handling Unit Premium Series 3317,Industrial Equipment,Premium,Liter,456.31,1023.82,Active
3318,PROD-003318,680,Reusable Transport Crate Premium Series 3318,Packaging,Premium,Kg,201.61,462.26,Active
3319,PROD-003319,501,Corrugated Shipping Carton Standard Series 3319,Packaging,Standard,Liter,271.64,562.9,Active
3320,PROD-003320,739,Variable Frequency Drive Standard Series 3320,Electronics,Standard,Kg,44.06,60.56,Active
3321,PROD-003321,333,Polymer Resin Premium Series 3321,Raw Materials,Premium,Meter,270.56,517.39,Active
3322,PROD-003322,841,Drive Shaft Assembly Premium Series 3322,Components,Premium,Meter,423.67,824.95,Active
3323,PROD-003323,583,Material Handling Unit Standard Series 3323,Industrial Equipment,Standard,Meter,48.34,72.31,Active
3324,PROD-003324,854,Reusable Transport Crate Premium Series 3324,Packaging,Premium,Kg,102.15,245.19,Active
3325,PROD-003325,817,Corrugated Shipping Carton Standard Series 3325,Packaging,Standard,Kg,339.55,750.11,Active
3326,PROD-003326,536,Pneumatic Control Unit Specialty Series 3326,Industrial Equipment,Specialty,Liter,73.86,155.71,Active
3327,PROD-003327,200,Polymer Resin Premium Series 3327,Raw Materials,Premium,Liter,447.18,835.1,Inactive
3328,PROD-003328,763,Power Distribution Module Premium Series 3328,Electronics,Premium,Each,268.49,668.0,Active
3329,PROD-003329,120,Industrial Valve Assembly Premium Series 3329,Components,Premium,Each,484.56,723.78,Active
3330,PROD-003330,237,Industrial Signal Converter Standard Series 3330,Electronics,Standard,Meter,87.09,168.74,Active
3331,PROD-003331,462,Precision Bearing Assembly Standard Series 3331,Components,Standard,Liter,148.9,234.17,Active
3332,PROD-003332,8,Protective Packaging Insert Specialty Series 3332,Packaging,Specialty,Liter,423.31,542.14,Active
3333,PROD-003333,332,Aluminum Mounting Bracket Premium Series 3333,Components,Premium,Meter,200.95,254.31,Active
3334,PROD-003334,135,Industrial Copper Wire Specialty Series 3334,Raw Materials,Specialty,Meter,143.49,352.09,Active
3335,PROD-003335,27,Heavy-Duty Packaging Sleeve Standard Series 3335,Packaging,Standard,Kg,45.49,87.13,Inactive
3336,PROD-003336,916,Industrial Signal Converter Premium Series 3336,Electronics,Premium,Kg,341.81,761.84,Active
3337,PROD-003337,82,Hydraulic Power Unit Standard Series 3337,Industrial Equipment,Standard,Each,347.8,779.97,Active
3338,PROD-003338,846,Pneumatic Control Unit Specialty Series 3338,Industrial Equipment,Specialty,Liter,340.13,447.93,Active
3339,PROD-003339,274,Industrial Stretch Film Specialty Series 3339,Packaging,Specialty,Liter,157.7,356.7,Inactive
3340,PROD-003340,91,Drive Shaft Assembly Standard Series 3340,Components,Standard,Liter,140.99,260.54,Active
3341,PROD-003341,802,Motor Control Panel Premium Series 3341,Electronics,Premium,Each,245.2,434.42,Active
3342,PROD-003342,475,Industrial Signal Converter Premium Series 3342,Electronics,Premium,Liter,135.02,317.25,Active
3343,PROD-003343,121,Corrugated Shipping Carton Standard Series 3343,Packaging,Standard,Meter,281.61,661.59,Active
3344,PROD-003344,845,Steel Coupling Specialty Series 3344,Components,Specialty,Kg,441.66,978.25,Active
3345,PROD-003345,599,Proximity Sensor Premium Series 3345,Electronics,Premium,Liter,24.61,45.54,Inactive
3346,PROD-003346,38,Industrial Copper Wire Specialty Series 3346,Raw Materials,Specialty,Kg,370.92,638.43,Active
3347,PROD-003347,829,Heavy-Duty Packaging Sleeve Premium Series 3347,Packaging,Premium,Kg,74.3,106.07,Active
3348,PROD-003348,841,Industrial Signal Converter Standard Series 3348,Electronics,Standard,Meter,71.21,175.59,Active
3349,PROD-003349,412,Industrial Control Module Standard Series 3349,Electronics,Standard,Each,367.42,459.78,Active
3350,PROD-003350,751,Steel Coupling Premium Series 3350,Components,Premium,Each,464.69,1045.97,Active
3351,PROD-003351,616,Proximity Sensor Premium Series 3351,Electronics,Premium,Each,171.65,285.21,Active
3352,PROD-003352,440,Drive Shaft Assembly Standard Series 3352,Components,Standard,Liter,278.58,386.74,Inactive
3353,PROD-003353,609,Motor Control Panel Premium Series 3353,Electronics,Premium,Kg,417.57,545.07,Active
3354,PROD-003354,689,Thermal Processing Unit Standard Series 3354,Industrial Equipment,Standard,Kg,369.86,526.2,Active
3355,PROD-003355,482,Cold Rolled Steel Coil Premium Series 3355,Raw Materials,Premium,Each,413.77,567.22,Inactive
3356,PROD-003356,765,Variable Frequency Drive Specialty Series 3356,Electronics,Specialty,Kg,378.4,776.14,Active
3357,PROD-003357,714,Industrial Stretch Film Standard Series 3357,Packaging,Standard,Liter,436.64,974.32,Active
3358,PROD-003358,649,Process Pump Assembly Specialty Series 3358,Industrial Equipment,Specialty,Each,149.73,199.06,Active
3359,PROD-003359,254,Motor Control Panel Standard Series 3359,Electronics,Standard,Each,496.3,873.38,Active
3360,PROD-003360,186,Conveyor Roller Assembly Premium Series 3360,Components,Premium,Liter,241.26,336.94,Active
3361,PROD-003361,123,Corrugated Shipping Carton Specialty Series 3361,Packaging,Specialty,Each,418.2,654.09,Active
3362,PROD-003362,524,Protective Packaging Insert Premium Series 3362,Packaging,Premium,Each,164.59,333.17,Active
3363,PROD-003363,912,Polymer Resin Specialty Series 3363,Raw Materials,Specialty,Kg,278.14,624.5,Active
3364,PROD-003364,69,Process Pump Assembly Specialty Series 3364,Industrial Equipment,Specialty,Kg,52.32,73.31,Active
3365,PROD-003365,602, Industrial Valve Assembly Premium Series 3365 ,Components,Premium,Meter,302.02,435.24,Active
3366,PROD-003366,647,Industrial Signal Converter Standard Series 3366,Electronics,Standard,Kg,291.02,368.14,Active
3367,PROD-003367,223,Hydraulic Power Unit Specialty Series 3367,Industrial Equipment,Specialty,Liter,147.34,238.82,Active
3368,PROD-003368,718,Protective Packaging Insert Specialty Series 3368,Packaging,Specialty,Liter,80.52,187.77,Active
3369,PROD-003369,334,Aluminum Mounting Bracket Premium Series 3369,Components,Premium,Kg,445.96,792.55,Active
3370,PROD-003370,338,Process Pump Assembly Specialty Series 3370,Industrial Equipment,Specialty,Liter,211.06,466.76,Active
3371,PROD-003371,232,Motor Control Panel Standard Series 3371,Electronics,Standard,Liter,87.91,139.16,Active
3372,PROD-003372,268,Engineering Plastic Pellets Specialty Series 3372,Raw Materials,Specialty,Liter,264.86,370.38,Active
3373,PROD-003373,55,Cold Rolled Steel Coil Specialty Series 3373,Raw Materials,Specialty,Kg,256.02,400.35,Active
3374,PROD-003374,586, Aluminum Sheet Stock Specialty Series 3374 ,Raw Materials,Specialty,Kg,275.32,346.05,Active
3375,PROD-003375,69,Industrial Stretch Film Standard Series 3375,Packaging,Standard,Kg,382.95,922.96,Inactive
3376,PROD-003376,818,Industrial Copper Wire Standard Series 3376,Raw Materials,Standard,Liter,492.9,1111.06,Active
3377,PROD-003377,582,Heavy-Duty Packaging Sleeve Standard Series 3377,Packaging,Standard,Meter,266.98,424.35,Active
3378,PROD-003378,581,Engineering Plastic Pellets Standard Series 3378,Raw Materials,Standard,Each,277.09,681.49,Active
3379,PROD-003379,192,Corrugated Shipping Carton Standard Series 3379,Packaging,Standard,Liter,376.39,923.0,Active
3380,PROD-003380,170,Aluminum Sheet Stock Standard Series 3380,Raw Materials,Standard,Liter,465.77,830.41,Active
3381,PROD-003381,262,Polymer Resin Premium Series 3381,Raw Materials,Premium,Each,493.13,725.62,Active
3382,PROD-003382,378,Power Distribution Module Standard Series 3382,Electronics,Standard,Each,380.12,930.65,Active
3383,PROD-003383,323,Industrial Valve Assembly Premium Series 3383,Components,Premium,Meter,449.47,952.71,Active
3384,PROD-003384,140,Thermal Processing Unit Standard Series 3384,Industrial Equipment,Standard,Meter,213.65,306.69,Active
3385,PROD-003385,728,Hydraulic Power Unit Premium Series 3385,Industrial Equipment,Premium,Liter,254.19,598.38,Inactive
3386,PROD-003386,55,Aluminum Sheet Stock Specialty Series 3386,Raw Materials,Specialty,Kg,206.73,382.28,Active
3387,PROD-003387,943,Aluminum Mounting Bracket Specialty Series 3387,Components,Specialty,Meter,470.38,799.4,Active
3388,PROD-003388,116,Process Pump Assembly Specialty Series 3388,Industrial Equipment,Specialty,Liter,498.51,753.16,Active
3389,PROD-003389,108,Heavy-Duty Packaging Sleeve Premium Series 3389,Packaging,Premium,Kg,465.22,755.79,Active
3390,PROD-003390,899,Conveyor Roller Assembly Specialty Series 3390,Components,Specialty,Meter,29.29,46.41,Active
3391,PROD-003391,352,Precision Bearing Assembly Premium Series 3391,Components,Premium,Each,89.41,157.31,Inactive
3392,PROD-003392,507,Aluminum Sheet Stock Premium Series 3392,Raw Materials,Premium,Meter,482.11,1196.63,Active
3393,PROD-003393,202,Aluminum Mounting Bracket Premium Series 3393,Components,Premium,Liter,359.12,504.83,Active
3394,PROD-003394,308,Industrial Copper Wire Premium Series 3394,Raw Materials,Premium,Meter,75.02,182.86,Active
3395,PROD-003395,281,Heavy-Duty Packaging Sleeve Standard Series 3395,Packaging,Standard,Each,313.2,448.84,Active
3396,PROD-003396,317,Industrial Signal Converter Specialty Series 3396,Electronics,Specialty,Meter,455.84,849.89,Active
3397,PROD-003397,117,Industrial Control Module Premium Series 3397,Electronics,Premium,Liter,420.41,527.62,Active
3398,PROD-003398,106,Steel Coupling Premium Series 3398,Components,Premium,Meter,139.33,193.05,Active
3399,PROD-003399,166,Polymer Resin Standard Series 3399,Raw Materials,Standard,Meter,164.1,207.52,Active
3400,PROD-003400,493,Pallet Wrap Assembly Premium Series 3400,Packaging,Premium,Kg,438.63,595.02,Active
3401,PROD-003401,945,Motor Control Panel Premium Series 3401,Electronics,Premium,Kg,77.8,175.55,Active
3402,PROD-003402,917,Engineering Plastic Pellets Specialty Series 3402,Raw Materials,Specialty,Meter,164.44,272.45,Active
3403,PROD-003403,491,Corrugated Shipping Carton Specialty Series 3403,Packaging,Specialty,Each,422.39,652.41,Active
3404,PROD-003404,418,Steel Coupling Standard Series 3404,Components,Standard,Kg,398.01,723.3,Active
3405,PROD-003405,584,Polymer Resin Premium Series 3405,Raw Materials,Premium,Each,240.23,377.87,Active
3406,PROD-003406,500,Pallet Wrap Assembly Specialty Series 3406,Packaging,Specialty,Each,493.63,1059.59,Active
3407,PROD-003407,844,Industrial Valve Assembly Standard Series 3407,Components,Standard,Liter,244.14,503.63,Active
3408,PROD-003408,26,Thermal Processing Unit Standard Series 3408,Industrial Equipment,Standard,Meter,231.26,341.2,Active
3409,PROD-003409,461,Corrugated Shipping Carton Specialty Series 3409,Packaging,Specialty,Kg,149.32,233.06,Active
3410,PROD-003410,98,Variable Frequency Drive Specialty Series 3410,Electronics,Specialty,Each,308.31,543.99,Active
3411,PROD-003411,819,Industrial Stretch Film Standard Series 3411,Packaging,Standard,Liter,41.77,97.91,Active
3412,PROD-003412,63,Power Distribution Module Premium Series 3412,Electronics,Premium,Liter,470.85,841.88,Active
3413,PROD-003413,302,Stainless Steel Sheet Standard Series 3413,Raw Materials,Standard,Each,341.35,447.11,Active
3414,PROD-003414,497,Conveyor Roller Assembly Standard Series 3414,Components,Standard,Kg,133.71,169.72,Active
3415,PROD-003415,893,Precision Bearing Assembly Premium Series 3415,Components,Premium,Liter,394.24,713.86,Active
3416,PROD-003416,449,Steel Coupling Specialty Series 3416,Components,Specialty,Kg,266.2,664.46,Active
3417,PROD-003417,608,Proximity Sensor Specialty Series 3417,Electronics,Specialty,Meter,297.84,559.39,Active
3418,PROD-003418,3,Power Distribution Module Premium Series 3418,Electronics,Premium,Meter,340.69,707.59,Active
3419,PROD-003419,268,Motor Control Panel Specialty Series 3419,Electronics,Specialty,Meter,289.34,671.87,Active
3420,PROD-003420,907,Engineering Plastic Pellets Standard Series 3420,Raw Materials,Standard,Each,346.45,543.49,Active
3421,PROD-003421,242,Corrugated Shipping Carton Standard Series 3421,Packaging,Standard,Liter,218.21,275.65,Inactive
3422,PROD-003422,623,Aluminum Sheet Stock Standard Series 3422,Raw Materials,Standard,Liter,362.23,605.81,Active
3423,PROD-003423,548,Polymer Resin Premium Series 3423,Raw Materials,Premium,Kg,267.05,367.27,Active
3424,PROD-003424,347,Drive Shaft Assembly Premium Series 3424,Components,Premium,Liter,166.01,266.75,Inactive
3425,PROD-003425,35,Material Handling Unit Specialty Series 3425,Industrial Equipment,Specialty,Kg,254.76,427.31,Active
3426,PROD-003426,439,Industrial Signal Converter Standard Series 3426,Electronics,Standard,Each,477.93,635.47,Active
3427,PROD-003427,560,Corrugated Shipping Carton Specialty Series 3427,Packaging,Specialty,Each,313.19,511.17,Active
3428,PROD-003428,1000,Aluminum Sheet Stock Specialty Series 3428,Raw Materials,Specialty,Each,60.26,131.08,Active
3429,PROD-003429,732,Proximity Sensor Standard Series 3429,Electronics,Standard,Kg,161.32,335.7,Active
3430,PROD-003430,478,Pallet Wrap Assembly Premium Series 3430,Packaging,Premium,Liter,443.54,685.4,Active
3431,PROD-003431,367,Heavy-Duty Packaging Sleeve Standard Series 3431,Packaging,Standard,Each,386.04,504.05,Active
3432,PROD-003432,785,Thermal Processing Unit Specialty Series 3432,Industrial Equipment,Specialty,Kg,209.73,367.11,Active
3433,PROD-003433,948,Industrial Control Module Standard Series 3433,Electronics,Standard,Liter,283.59,542.35,Active
3434,PROD-003434,416,Pneumatic Control Unit Standard Series 3434,Industrial Equipment,Standard,Kg,208.52,269.73,Active
3435,PROD-003435,413,Polymer Resin Specialty Series 3435,Raw Materials,Specialty,Kg,236.65,380.8,Active
3436,PROD-003436,518,Pallet Wrap Assembly Premium Series 3436,Packaging,Premium,Liter,405.75,824.24,Active
3437,PROD-003437,364,Motor Control Panel Premium Series 3437,Electronics,Premium,Kg,195.41,343.37,Active
3438,PROD-003438,709,Thermal Processing Unit Standard Series 3438,Industrial Equipment,Standard,Meter,177.39,355.07,Active
3439,PROD-003439,591,Industrial Control Module Standard Series 3439,Electronics,Standard,Meter,434.1,959.11,Active
3440,PROD-003440,278,Variable Frequency Drive Standard Series 3440,Electronics,Standard,Kg,430.87,717.34,Active
3441,PROD-003441,275,Aluminum Mounting Bracket Premium Series 3441,Components,Premium,Meter,499.35,978.61,Active
3442,PROD-003442,862,Pallet Wrap Assembly Premium Series 3442,Packaging,Premium,Each,99.74,247.23,Active
3443,PROD-003443,235,Industrial Valve Assembly Specialty Series 3443,Components,Specialty,Meter,94.98,197.68,Active
3444,PROD-003444,284,Thermal Processing Unit Standard Series 3444,Industrial Equipment,Standard,Liter,276.99,657.64,Inactive
3445,PROD-003445,863,Cold Rolled Steel Coil Specialty Series 3445,Raw Materials,Specialty,Each,378.74,818.99,Active
3446,PROD-003446,759,Aluminum Sheet Stock Specialty Series 3446,Raw Materials,Specialty,Kg,48.29,117.52,Active
3447,PROD-003447,131,Polymer Resin Standard Series 3447,Raw Materials,Standard,Liter,64.3,131.02,Active
3448,PROD-003448,773,Industrial Copper Wire Standard Series 3448,Raw Materials,Standard,Liter,358.19,895.01,Active
3449,PROD-003449,125,Motor Control Panel Premium Series 3449,Electronics,Premium,Each,369.76,465.06,Active
3450,PROD-003450,37,Industrial Signal Converter Standard Series 3450,Electronics,Standard,Meter,107.46,266.58,Active
3451,PROD-003451,652,Hydraulic Power Unit Standard Series 3451,Industrial Equipment,Standard,Each,332.67,826.14,Active
3452,PROD-003452,449,Aluminum Sheet Stock Specialty Series 3452,Raw Materials,Specialty,Each,132.75,188.27,Active
3453,PROD-003453,8,Polymer Resin Premium Series 3453,Raw Materials,Premium,Meter,226.25,543.91,Active
3454,PROD-003454,876,Pallet Wrap Assembly Standard Series 3454,Packaging,Standard,Meter,54.41,79.37,Active
3455,PROD-003455,566,Industrial Valve Assembly Standard Series 3455,Components,Standard,Liter,278.23,685.26,Inactive
3456,PROD-003456,903,Conveyor Roller Assembly Premium Series 3456,Components,Premium,Kg,194.54,352.61,Active
3457,PROD-003457,108,Corrugated Shipping Carton Premium Series 3457,Packaging,Premium,Liter,127.54,255.7,Active
3458,PROD-003458,231,Steel Coupling Standard Series 3458,Components,Standard,Each,306.27,522.81,Active
3459,PROD-003459,944,Industrial Stretch Film Premium Series 3459,Packaging,Premium,Each,357.13,867.26,Inactive
3460,PROD-003460,593,Process Pump Assembly Specialty Series 3460,Industrial Equipment,Specialty,Each,300.68,599.69,Active
3461,PROD-003461,163,Material Handling Unit Premium Series 3461,Industrial Equipment,Premium,Each,149.13,361.19,Active
3462,PROD-003462,156,Reusable Transport Crate Specialty Series 3462,Packaging,Specialty,Liter,258.93,388.29,Inactive
3463,PROD-003463,474,Cold Rolled Steel Coil Specialty Series 3463,Raw Materials,Specialty,Each,45.69,83.64,Active
3464,PROD-003464,786,Protective Packaging Insert Specialty Series 3464,Packaging,Specialty,Meter,324.78,684.12,Active
3465,PROD-003465,455,Industrial Drive System Premium Series 3465,Industrial Equipment,Premium,Liter,33.42,52.63,Active
3466,PROD-003466,109,Industrial Copper Wire Specialty Series 3466,Raw Materials,Specialty,Meter,210.49,451.99,Active
3467,PROD-003467,275,Stainless Steel Sheet Standard Series 3467,Raw Materials,Standard,Each,198.75,265.34,Active
3468,PROD-003468,887,Industrial Signal Converter Standard Series 3468,Electronics,Standard,Meter,230.9,289.24,Active
3469,PROD-003469,769,Hydraulic Power Unit Premium Series 3469,Industrial Equipment,Premium,Meter,467.15,585.44,Active
3470,PROD-003470,762,Variable Frequency Drive Standard Series 3470,Electronics,Standard,Meter,53.23,111.07,Active
3471,PROD-003471,361,Polymer Resin Specialty Series 3471,Raw Materials,Specialty,Each,85.15,176.79,Active
3472,PROD-003472,467,Pallet Wrap Assembly Premium Series 3472,Packaging,Premium,Each,371.91,468.72,Active
3473,PROD-003473,295,Material Handling Unit Standard Series 3473,Industrial Equipment,Standard,Each,282.11,503.87,Active
3474,PROD-003474,561,Conveyor Roller Assembly Premium Series 3474,Components,Premium,Each,473.91,937.2,Active
3475,PROD-003475,242,Cold Rolled Steel Coil Specialty Series 3475,Raw Materials,Specialty,Kg,311.59,506.87,Active
3476,PROD-003476,510,Aluminum Sheet Stock Standard Series 3476,Raw Materials,Standard,Each,487.39,1018.87,Active
3477,PROD-003477,547,Proximity Sensor Premium Series 3477,Electronics,Premium,Kg,243.16,480.8,Active
3478,PROD-003478,197,Drive Shaft Assembly Premium Series 3478,Components,Premium,Kg,122.1,174.54,Active
3479,PROD-003479,382,Motor Control Panel Standard Series 3479,Electronics,Standard,Each,373.05,717.81,Active
3480,PROD-003480,422,Engineering Plastic Pellets Premium Series 3480,Raw Materials,Premium,Each,128.79,293.17,Active
3481,PROD-003481,846,Industrial Control Module Standard Series 3481,Electronics,Standard,Each,257.04,573.46,Active
3482,PROD-003482,539,Protective Packaging Insert Standard Series 3482,Packaging,Standard,Kg,430.05,593.43,Active
3483,PROD-003483,276,Polymer Resin Premium Series 3483,Raw Materials,Premium,Each,450.46,1109.51,Inactive
3484,PROD-003484,103,Process Pump Assembly Specialty Series 3484,Industrial Equipment,Specialty,Each,341.27,593.9,Active
3485,PROD-003485,258,Stainless Steel Sheet Standard Series 3485,Raw Materials,Standard,Meter,495.42,810.93,Active
3486,PROD-003486,38,Reusable Transport Crate Specialty Series 3486,Packaging,Specialty,Kg,301.38,639.12,Active
3487,PROD-003487,698,Hydraulic Power Unit Premium Series 3487,Industrial Equipment,Premium,Each,403.58,860.01,Active
3488,PROD-003488,196,Pneumatic Control Unit Premium Series 3488,Industrial Equipment,Premium,Liter,451.31,1010.84,Active
3489,PROD-003489,503,Aluminum Mounting Bracket Premium Series 3489,Components,Premium,Kg,83.91,159.77,Active
3490,PROD-003490,894,Pallet Wrap Assembly Specialty Series 3490,Packaging,Specialty,Meter,29.55,67.18,Active
3491,PROD-003491,411,Stainless Steel Sheet Specialty Series 3491,Raw Materials,Specialty,Kg,374.45,729.37,Active
3492,PROD-003492,259,Industrial Signal Converter Premium Series 3492,Electronics,Premium,Kg,464.71,693.78,Active
3493,PROD-003493,278,Precision Bearing Assembly Premium Series 3493,Components,Premium,Meter,118.8,174.33,Active
3494,PROD-003494,647,Aluminum Sheet Stock Standard Series 3494,Raw Materials,Standard,Liter,22.62,29.36,Active
3495,PROD-003495,759,Industrial Drive System Specialty Series 3495,Industrial Equipment,Specialty,Each,132.58,267.47,Active
3496,PROD-003496,867,Industrial Copper Wire Specialty Series 3496,Raw Materials,Specialty,Meter,283.44,456.41,Inactive
3497,PROD-003497,563,Industrial Valve Assembly Premium Series 3497,Components,Premium,Meter,234.56,351.3,Inactive
3498,PROD-003498,211,Conveyor Roller Assembly Standard Series 3498,Components,Standard,Meter,146.11,257.96,Active
3499,PROD-003499,427,Corrugated Shipping Carton Specialty Series 3499,Packaging,Specialty,Each,326.93,524.75,Active
3500,PROD-003500,734,Aluminum Sheet Stock Specialty Series 3500,Raw Materials,Specialty,Meter,180.13,294.41,Active
3501,PROD-003501,276,Proximity Sensor Specialty Series 3501,Electronics,Specialty,Kg,497.59,790.91,Active
3502,PROD-003502,589,Industrial Copper Wire Specialty Series 3502,Raw Materials,Specialty,Each,148.92,363.07,Active
3503,PROD-003503,634,Industrial Valve Assembly Standard Series 3503,Components,Standard,Liter,313.44,580.52,Active
3504,PROD-003504,909,Reusable Transport Crate Standard Series 3504,Packaging,Standard,Meter,11.64,20.59,Active
3505,PROD-003505,406,Precision Bearing Assembly Specialty Series 3505,Components,Specialty,Kg,494.9,1054.94,Active
3506,PROD-003506,392,Pneumatic Control Unit Premium Series 3506,Industrial Equipment,Premium,Meter,388.62,598.23,Active
3507,PROD-003507,810,Industrial Drive System Specialty Series 3507,Industrial Equipment,Specialty,Each,473.76,939.43,Active
3508,PROD-003508,51,Power Distribution Module Premium Series 3508,Electronics,Premium,Meter,215.45,432.12,Active
3509,PROD-003509,876,Stainless Steel Sheet Standard Series 3509,Raw Materials,Standard,Meter,229.06,454.05,Active
3510,PROD-003510,905,Engineering Plastic Pellets Standard Series 3510,Raw Materials,Standard,Kg,23.35,30.44,Active
3511,PROD-003511,211,Hydraulic Power Unit Standard Series 3511,Industrial Equipment,Standard,Liter,494.1,908.58,Active
3512,PROD-003512,922,Variable Frequency Drive Premium Series 3512,Electronics,Premium,Kg,450.56,624.57,Active
3513,PROD-003513,477,Polymer Resin Premium Series 3513,Raw Materials,Premium,Liter,252.31,590.97,Active
3514,PROD-003514,265,Industrial Copper Wire Specialty Series 3514,Raw Materials,Specialty,Kg,15.95,30.29,Active
3515,PROD-003515,742,Heavy-Duty Packaging Sleeve Specialty Series 3515,Packaging,Specialty,Each,468.63,1144.99,Active
3516,PROD-003516,421,Engineering Plastic Pellets Specialty Series 3516,Raw Materials,Specialty,Liter,339.22,847.98,Active
3517,PROD-003517,110,Precision Bearing Assembly Specialty Series 3517,Components,Specialty,Each,453.87,886.43,Active
3518,PROD-003518,451,Protective Packaging Insert Standard Series 3518,Packaging,Standard,Liter,136.96,304.69,Active
3519,PROD-003519,597,Proximity Sensor Specialty Series 3519,Electronics,Specialty,Meter,470.73,981.41,Active
3520,PROD-003520,53,Process Pump Assembly Specialty Series 3520,Industrial Equipment,Specialty,Each,21.19,38.45,Active
3521,PROD-003521,140,Industrial Valve Assembly Premium Series 3521,Components,Premium,Meter,438.31,681.11,Active
3522,PROD-003522,434,Industrial Signal Converter Standard Series 3522,Electronics,Standard,Each,155.01,218.75,Active
3523,PROD-003523,334,Industrial Control Module Premium Series 3523,Electronics,Premium,Meter,164.9,222.19,Active
3524,PROD-003524,166,Steel Coupling Premium Series 3524,Components,Premium,Liter,247.33,435.2,Active
3525,PROD-003525,943,Polymer Resin Premium Series 3525,Raw Materials,Premium,Kg,413.76,812.2,Active
3526,PROD-003526,411,Power Distribution Module Specialty Series 3526,Electronics,Specialty,Each,87.05,216.82,Active
3527,PROD-003527,919, Material Handling Unit Standard Series 3527 ,Industrial Equipment,Standard,Kg,97.08,202.96,Active
3528,PROD-003528,436,Industrial Signal Converter Premium Series 3528,Electronics,Premium,Each,279.51,604.21,Active
3529,PROD-003529,93,Precision Bearing Assembly Standard Series 3529,Components,Standard,Liter,218.55,491.13,Active
3530,PROD-003530,420,Protective Packaging Insert Premium Series 3530,Packaging,Premium,Each,207.67,422.76,Active
3531,PROD-003531,418,Industrial Drive System Standard Series 3531,Industrial Equipment,Standard,Each,62.8,120.67,Active
3532,PROD-003532,601,Process Pump Assembly Specialty Series 3532,Industrial Equipment,Specialty,Each,146.81,192.65,Active
3533,PROD-003533,360,Material Handling Unit Premium Series 3533,Industrial Equipment,Premium,Liter,188.34,244.4,Inactive
3534,PROD-003534,732,Thermal Processing Unit Premium Series 3534,Industrial Equipment,Premium,Kg,214.29,331.22,Active
3535,PROD-003535,540,Hydraulic Power Unit Standard Series 3535,Industrial Equipment,Standard,Meter,302.38,556.81,Active
3536,PROD-003536,374,Protective Packaging Insert Specialty Series 3536,Packaging,Specialty,Liter,98.51,173.65,Active
3537,PROD-003537,750,Polymer Resin Standard Series 3537,Raw Materials,Standard,Kg,423.32,1039.53,Active
3538,PROD-003538,776,Industrial Copper Wire Premium Series 3538,Raw Materials,Premium,Each,65.84,115.08,Active
3539,PROD-003539,176,Heavy-Duty Packaging Sleeve Specialty Series 3539,Packaging,Specialty,Liter,173.14,293.01,Active
3540,PROD-003540,837,Conveyor Roller Assembly Premium Series 3540,Components,Premium,Meter,219.15,489.49,Active
3541,PROD-003541,935,Cold Rolled Steel Coil Specialty Series 3541,Raw Materials,Specialty,Meter,78.59,144.48,Active
3542,PROD-003542,328,Steel Coupling Premium Series 3542,Components,Premium,Each,338.32,715.54,Active
3543,PROD-003543,846,Polymer Resin Standard Series 3543,Raw Materials,Standard,Each,76.22,146.14,Active
3544,PROD-003544,181,Pallet Wrap Assembly Standard Series 3544,Packaging,Standard,Meter,359.0,721.75,Inactive
3545,PROD-003545,669,Heavy-Duty Packaging Sleeve Standard Series 3545,Packaging,Standard,Meter,170.04,338.9,Active
3546,PROD-003546,457,Industrial Signal Converter Standard Series 3546,Electronics,Standard,Each,54.98,74.83,Active
3547,PROD-003547,236,Precision Bearing Assembly Specialty Series 3547,Components,Specialty,Meter,472.38,751.99,Active
3548,PROD-003548,354,Protective Packaging Insert Standard Series 3548,Packaging,Standard,Meter,447.2,950.08,Active
3549,PROD-003549,221,Industrial Drive System Premium Series 3549,Industrial Equipment,Premium,Liter,53.7,73.65,Active
3550,PROD-003550,284,Process Pump Assembly Specialty Series 3550,Industrial Equipment,Specialty,Liter,279.37,401.53,Active
3551,PROD-003551,82,Stainless Steel Sheet Specialty Series 3551,Raw Materials,Specialty,Kg,20.14,33.32,Active
3552,PROD-003552,806,Engineering Plastic Pellets Specialty Series 3552,Raw Materials,Specialty,Meter,422.85,596.58,Active
3553,PROD-003553,213,Cold Rolled Steel Coil Standard Series 3553,Raw Materials,Standard,Kg,12.63,29.15,Active
3554,PROD-003554,942,Pneumatic Control Unit Premium Series 3554,Industrial Equipment,Premium,Kg,499.78,729.83,Active
3555,PROD-003555,934,Industrial Drive System Premium Series 3555,Industrial Equipment,Premium,Each,46.63,64.9,Active
3556,PROD-003556,455,Pallet Wrap Assembly Premium Series 3556,Packaging,Premium,Kg,96.51,192.76,Active
3557,PROD-003557,280,Heavy-Duty Packaging Sleeve Specialty Series 3557,Packaging,Specialty,Liter,477.56,1008.29,Active
3558,PROD-003558,71,Thermal Processing Unit Specialty Series 3558,Industrial Equipment,Specialty,Meter,343.18,745.94,Active
3559,PROD-003559,482,Precision Bearing Assembly Specialty Series 3559,Components,Specialty,Meter,165.61,264.68,Inactive
3560,PROD-003560,427,Aluminum Sheet Stock Standard Series 3560,Raw Materials,Standard,Each,467.67,631.19,Active
3561,PROD-003561,101,Industrial Drive System Premium Series 3561,Industrial Equipment,Premium,Each,137.8,341.63,Active
3562,PROD-003562,331,Industrial Copper Wire Specialty Series 3562,Raw Materials,Specialty,Each,22.14,34.42,Active
3563,PROD-003563,761,Industrial Valve Assembly Specialty Series 3563,Components,Specialty,Meter,252.66,431.04,Active
3564,PROD-003564,576,Engineering Plastic Pellets Specialty Series 3564,Raw Materials,Specialty,Meter,262.25,388.25,Inactive
3565,PROD-003565,889,Precision Bearing Assembly Standard Series 3565,Components,Standard,Each,429.97,595.55,Active
3566,PROD-003566,238,Pneumatic Control Unit Standard Series 3566,Industrial Equipment,Standard,Liter,18.53,40.67,Inactive
3567,PROD-003567,966,Proximity Sensor Standard Series 3567,Electronics,Standard,Liter,332.79,712.72,Active
3568,PROD-003568,700,Drive Shaft Assembly Specialty Series 3568,Components,Specialty,Meter,339.26,809.24,Inactive
3569,PROD-003569,299,Motor Control Panel Specialty Series 3569,Electronics,Specialty,Liter,161.33,273.12,Active
3570,PROD-003570,964,Engineering Plastic Pellets Specialty Series 3570,Raw Materials,Specialty,Liter,187.11,350.39,Active
3571,PROD-003571,258,Corrugated Shipping Carton Standard Series 3571,Packaging,Standard,Kg,82.99,140.74,Active
3572,PROD-003572,212,Protective Packaging Insert Standard Series 3572,Packaging,Standard,Kg,304.52,722.95,Active
3573,PROD-003573,791,Polymer Resin Specialty Series 3573,Raw Materials,Specialty,Kg,15.92,21.92,Active
3574,PROD-003574,432,Process Pump Assembly Standard Series 3574,Industrial Equipment,Standard,Kg,129.94,322.3,Active
3575,PROD-003575,836,Motor Control Panel Specialty Series 3575,Electronics,Specialty,Kg,223.86,342.51,Inactive
3576,PROD-003576,748,Industrial Signal Converter Specialty Series 3576,Electronics,Specialty,Kg,229.25,322.09,Active
3577,PROD-003577,202,Cold Rolled Steel Coil Specialty Series 3577,Raw Materials,Specialty,Each,19.07,24.87,Active
3578,PROD-003578,275,Aluminum Sheet Stock Specialty Series 3578,Raw Materials,Specialty,Meter,494.87,1110.8,Active
3579,PROD-003579,870,Industrial Stretch Film Premium Series 3579,Packaging,Premium,Liter,344.59,743.33,Active
3580,PROD-003580,716,Industrial Copper Wire Specialty Series 3580,Raw Materials,Specialty,Each,391.99,886.08,Active
3581,PROD-003581,977,Motor Control Panel Standard Series 3581,Electronics,Standard,Kg,75.09,172.58,Active
3582,PROD-003582,535,Conveyor Roller Assembly Standard Series 3582,Components,Standard,Kg,164.91,333.17,Active
3583,PROD-003583,748,Industrial Control Module Premium Series 3583,Electronics,Premium,Each,396.0,516.4,Active
3584,PROD-003584,584,Variable Frequency Drive Specialty Series 3584,Electronics,Specialty,Each,144.16,189.44,Active
3585,PROD-003585,961,Industrial Stretch Film Standard Series 3585,Packaging,Standard,Each,441.65,1069.27,Active
3586,PROD-003586,344,Drive Shaft Assembly Standard Series 3586,Components,Standard,Liter,232.64,559.63,Active
3587,PROD-003587,930,Industrial Valve Assembly Premium Series 3587,Components,Premium,Each,62.85,124.35,Active
3588,PROD-003588,161,Thermal Processing Unit Premium Series 3588,Industrial Equipment,Premium,Kg,350.0,801.39,Active
3589,PROD-003589,527,Corrugated Shipping Carton Specialty Series 3589,Packaging,Specialty,Each,480.37,1142.04,Active
3590,PROD-003590,574,Aluminum Sheet Stock Premium Series 3590,Raw Materials,Premium,Kg,280.19,375.68,Active
3591,PROD-003591,410,Aluminum Mounting Bracket Specialty Series 3591,Components,Specialty,Kg,454.85,624.44,Active
3592,PROD-003592,488,Pallet Wrap Assembly Specialty Series 3592,Packaging,Specialty,Liter,103.77,238.56,Active
3593,PROD-003593,685,Stainless Steel Sheet Standard Series 3593,Raw Materials,Standard,Liter,161.25,207.4,Active
3594,PROD-003594,362,Reusable Transport Crate Premium Series 3594,Packaging,Premium,Each,422.61,659.51,Active
3595,PROD-003595,166,Industrial Control Module Specialty Series 3595,Electronics,Specialty,Each,493.94,759.97,Active
3596,PROD-003596,899,Pneumatic Control Unit Standard Series 3596,Industrial Equipment,Standard,Meter,238.81,361.81,Active
3597,PROD-003597,314,Industrial Drive System Premium Series 3597,Industrial Equipment,Premium,Each,414.61,861.28,Active
3598,PROD-003598,792,Drive Shaft Assembly Premium Series 3598,Components,Premium,Kg,126.31,268.28,Active
3599,PROD-003599,582,Motor Control Panel Premium Series 3599,Electronics,Premium,Liter,287.51,487.05,Active
3600,PROD-003600,101,Industrial Signal Converter Premium Series 3600,Electronics,Premium,Each,54.04,75.41,Active
3601,PROD-003601,233,Precision Bearing Assembly Specialty Series 3601,Components,Specialty,Kg,335.77,736.6,Active
3602,PROD-003602,754,Steel Coupling Premium Series 3602,Components,Premium,Kg,66.37,118.74,Active
3603,PROD-003603,193,Polymer Resin Premium Series 3603,Raw Materials,Premium,Liter,251.73,435.49,Inactive
3604,PROD-003604,721,Industrial Copper Wire Specialty Series 3604,Raw Materials,Specialty,Kg,199.38,298.44,Active
3605,PROD-003605,233,Industrial Valve Assembly Specialty Series 3605,Components,Specialty,Meter,379.9,633.56,Active
3606,PROD-003606,764,Reusable Transport Crate Specialty Series 3606,Packaging,Specialty,Each,53.32,114.23,Active
3607,PROD-003607,581,Corrugated Shipping Carton Standard Series 3607,Packaging,Standard,Meter,32.12,54.19,Active
3608,PROD-003608,816,Steel Coupling Standard Series 3608,Components,Standard,Kg,194.82,416.24,Inactive
3609,PROD-003609,633,Polymer Resin Standard Series 3609,Raw Materials,Standard,Each,296.41,598.69,Active
3610,PROD-003610,81,Industrial Copper Wire Standard Series 3610,Raw Materials,Standard,Kg,212.2,291.15,Active
3611,PROD-003611,780,Heavy-Duty Packaging Sleeve Standard Series 3611,Packaging,Standard,Each,338.0,805.99,Active
3612,PROD-003612,999,Reusable Transport Crate Premium Series 3612,Packaging,Premium,Liter,62.67,132.19,Active
3613,PROD-003613,405,Corrugated Shipping Carton Standard Series 3613,Packaging,Standard,Meter,51.24,78.5,Active
3614,PROD-003614,908,Aluminum Sheet Stock Premium Series 3614,Raw Materials,Premium,Meter,166.07,414.22,Inactive
3615,PROD-003615,395,Aluminum Mounting Bracket Specialty Series 3615,Components,Specialty,Each,122.32,224.66,Active
3616,PROD-003616,227,Power Distribution Module Standard Series 3616,Electronics,Standard,Liter,43.06,106.73,Active
3617,PROD-003617,856,Stainless Steel Sheet Specialty Series 3617,Raw Materials,Specialty,Each,255.74,336.05,Active
3618,PROD-003618,309,Reusable Transport Crate Specialty Series 3618,Packaging,Specialty,Kg,269.3,455.58,Active
3619,PROD-003619,216,Cold Rolled Steel Coil Premium Series 3619,Raw Materials,Premium,Meter,358.07,506.49,Active
3620,PROD-003620,315,Aluminum Sheet Stock Specialty Series 3620,Raw Materials,Specialty,Meter,371.45,796.69,Active
3621,PROD-003621,561,Industrial Stretch Film Specialty Series 3621,Packaging,Specialty,Kg,183.82,398.88,Active
3622,PROD-003622,667,Industrial Copper Wire Standard Series 3622,Raw Materials,Standard,Each,115.61,147.39,Active
3623,PROD-003623,865,Stainless Steel Sheet Specialty Series 3623,Raw Materials,Specialty,Each,490.94,987.94,Inactive
3624,PROD-003624,689,Reusable Transport Crate Premium Series 3624,Packaging,Premium,Meter,216.09,315.37,Active
3625,PROD-003625,767,Hydraulic Power Unit Specialty Series 3625,Industrial Equipment,Specialty,Liter,427.18,637.9,Active
3626,PROD-003626,74,Aluminum Sheet Stock Specialty Series 3626,Raw Materials,Specialty,Meter,391.2,819.83,Active
3627,PROD-003627,121,Industrial Drive System Specialty Series 3627,Industrial Equipment,Specialty,Meter,272.38,644.2,Active
3628,PROD-003628,227,Pallet Wrap Assembly Specialty Series 3628,Packaging,Specialty,Meter,401.49,546.36,Active
3629,PROD-003629,686,Material Handling Unit Standard Series 3629,Industrial Equipment,Standard,Kg,73.38,118.03,Active
3630,PROD-003630,710,Conveyor Roller Assembly Specialty Series 3630,Components,Specialty,Meter,60.52,90.8,Active
3631,PROD-003631,705,Industrial Control Module Premium Series 3631,Electronics,Premium,Each,338.65,432.91,Active
3632,PROD-003632,372,Pneumatic Control Unit Standard Series 3632,Industrial Equipment,Standard,Kg,441.79,963.48,Active
3633,PROD-003633,26,Polymer Resin Standard Series 3633,Raw Materials,Standard,Meter,376.89,636.22,Active
3634,PROD-003634,433,Process Pump Assembly Specialty Series 3634,Industrial Equipment,Specialty,Each,349.42,455.81,Active
3635,PROD-003635,931,Motor Control Panel Specialty Series 3635,Electronics,Specialty,Meter,109.49,158.24,Active
3636,PROD-003636,534,Thermal Processing Unit Premium Series 3636,Industrial Equipment,Premium,Meter,212.96,310.37,Inactive
3637,PROD-003637,675,Precision Bearing Assembly Standard Series 3637,Components,Standard,Liter,54.84,107.13,Active
3638,PROD-003638,11,Protective Packaging Insert Premium Series 3638,Packaging,Premium,Meter,396.92,988.74,Active
3639,PROD-003639,816,Industrial Drive System Premium Series 3639,Industrial Equipment,Premium,Each,146.91,203.2,Active
3640,PROD-003640,431,Drive Shaft Assembly Standard Series 3640,Components,Standard,Kg,403.68,569.33,Inactive
3641,PROD-003641,90,Heavy-Duty Packaging Sleeve Premium Series 3641,Packaging,Premium,Each,247.95,440.57,Active
3642,PROD-003642,832,Thermal Processing Unit Premium Series 3642,Industrial Equipment,Premium,Kg,303.83,725.74,Active
3643,PROD-003643,882,Hydraulic Power Unit Specialty Series 3643,Industrial Equipment,Specialty,Meter,225.56,500.67,Active
3644,PROD-003644,684,Pneumatic Control Unit Standard Series 3644,Industrial Equipment,Standard,Liter,290.61,512.74,Active
3645,PROD-003645,442,Industrial Drive System Standard Series 3645,Industrial Equipment,Standard,Each,474.15,1153.93,Active
3646,PROD-003646,547,Power Distribution Module Premium Series 3646,Electronics,Premium,Each,22.32,44.22,Active
3647,PROD-003647,6,Stainless Steel Sheet Specialty Series 3647,Raw Materials,Specialty,Each,216.14,437.22,Active
3648,PROD-003648,220,Industrial Signal Converter Specialty Series 3648,Electronics,Specialty,Meter,363.45,618.03,Inactive
3649,PROD-003649,389,Hydraulic Power Unit Premium Series 3649,Industrial Equipment,Premium,Each,202.67,454.21,Active
3650,PROD-003650,876,Steel Coupling Premium Series 3650,Components,Premium,Meter,79.59,191.38,Active
3651,PROD-003651,724,Industrial Stretch Film Specialty Series 3651,Packaging,Specialty,Kg,295.28,645.34,Active
3652,PROD-003652,254,Industrial Copper Wire Standard Series 3652,Raw Materials,Standard,Meter,490.82,852.09,Active
3653,PROD-003653,643,Industrial Valve Assembly Standard Series 3653,Components,Standard,Kg,496.74,646.71,Active
3654,PROD-003654,854,Conveyor Roller Assembly Standard Series 3654,Components,Standard,Kg,59.07,81.54,Active
3655,PROD-003655,661,Corrugated Shipping Carton Specialty Series 3655,Packaging,Specialty,Liter,250.52,421.66,Active
3656,PROD-003656,24,Aluminum Sheet Stock Specialty Series 3656,Raw Materials,Specialty,Kg,320.84,732.92,Active
3657,PROD-003657,908,Industrial Stretch Film Standard Series 3657,Packaging,Standard,Kg,446.4,1036.64,Active
3658,PROD-003658,421,Industrial Copper Wire Specialty Series 3658,Raw Materials,Specialty,Meter,191.99,476.06,Active
3659,PROD-003659,204,Stainless Steel Sheet Standard Series 3659,Raw Materials,Standard,Liter,274.5,361.61,Active
3660,PROD-003660,231,Reusable Transport Crate Premium Series 3660,Packaging,Premium,Kg,265.62,517.86,Inactive
3661,PROD-003661,194,Industrial Control Module Premium Series 3661,Electronics,Premium,Meter,441.57,839.54,Active
3662,PROD-003662,349,Aluminum Sheet Stock Specialty Series 3662,Raw Materials,Specialty,Kg,287.73,715.06,Active
3663,PROD-003663,930,Industrial Drive System Specialty Series 3663,Industrial Equipment,Specialty,Kg,279.88,485.94,Active
3664,PROD-003664,229,Power Distribution Module Standard Series 3664,Electronics,Standard,Each,23.45,55.48,Active
3665,PROD-003665,495,Stainless Steel Sheet Premium Series 3665,Raw Materials,Premium,Meter,476.06,1168.88,Inactive
3666,PROD-003666,106,Engineering Plastic Pellets Standard Series 3666,Raw Materials,Standard,Kg,425.63,801.75,Active
3667,PROD-003667,305,Hydraulic Power Unit Standard Series 3667,Industrial Equipment,Standard,Liter,86.67,207.12,Active
3668,PROD-003668,355,Pneumatic Control Unit Specialty Series 3668,Industrial Equipment,Specialty,Liter,69.13,118.63,Active
3669,PROD-003669,558,Industrial Stretch Film Standard Series 3669,Packaging,Standard,Kg,77.8,128.84,Active
3670,PROD-003670,867,Power Distribution Module Specialty Series 3670,Electronics,Specialty,Each,182.39,242.61,Active
3671,PROD-003671,697,Industrial Valve Assembly Premium Series 3671,Components,Premium,Each,410.44,623.85,Active
3672,PROD-003672,916,Reusable Transport Crate Premium Series 3672,Packaging,Premium,Kg,357.72,865.69,Active
3673,PROD-003673,647,Precision Bearing Assembly Standard Series 3673,Components,Standard,Liter,259.23,388.38,Active
3674,PROD-003674,371,Protective Packaging Insert Premium Series 3674,Packaging,Premium,Each,424.12,955.15,Active
3675,PROD-003675,958,Proximity Sensor Specialty Series 3675,Electronics,Specialty,Meter,162.58,333.61,Active
3676,PROD-003676,658,Drive Shaft Assembly Standard Series 3676,Components,Standard,Kg,318.11,620.73,Active
3677,PROD-003677,590,Heavy-Duty Packaging Sleeve Specialty Series 3677,Packaging,Specialty,Kg,272.85,627.47,Inactive
3678,PROD-003678,469,Engineering Plastic Pellets Specialty Series 3678,Raw Materials,Specialty,Each,464.34,828.61,Active
3679,PROD-003679,986,Precision Bearing Assembly Specialty Series 3679,Components,Specialty,Kg,107.14,193.67,Active
3680,PROD-003680,171,Steel Coupling Premium Series 3680,Components,Premium,Kg,79.2,138.23,Active
3681,PROD-003681,810,Industrial Stretch Film Specialty Series 3681,Packaging,Specialty,Meter,455.24,859.73,Active
3682,PROD-003682,241,Drive Shaft Assembly Premium Series 3682,Components,Premium,Each,31.48,65.52,Active
3683,PROD-003683,944,Stainless Steel Sheet Standard Series 3683,Raw Materials,Standard,Meter,211.62,297.35,Inactive
3684,PROD-003684,881,Engineering Plastic Pellets Specialty Series 3684,Raw Materials,Specialty,Each,482.25,976.33,Active
3685,PROD-003685,196,Cold Rolled Steel Coil Standard Series 3685,Raw Materials,Standard,Kg,495.34,708.13,Active
3686,PROD-003686,275,Aluminum Sheet Stock Standard Series 3686,Raw Materials,Standard,Kg,446.72,1046.39,Active
3687,PROD-003687,717,Polymer Resin Premium Series 3687,Raw Materials,Premium,Each,16.43,30.97,Active
3688,PROD-003688,625,Drive Shaft Assembly Standard Series 3688,Components,Standard,Meter,276.61,376.87,Active
3689,PROD-003689,862,Material Handling Unit Specialty Series 3689,Industrial Equipment,Specialty,Each,269.73,452.37,Inactive
3690,PROD-003690,265,Reusable Transport Crate Standard Series 3690,Packaging,Standard,Liter,390.9,718.29,Active
3691,PROD-003691,319,Industrial Control Module Premium Series 3691,Electronics,Premium,Meter,431.66,607.32,Active
3692,PROD-003692,914,Protective Packaging Insert Specialty Series 3692,Packaging,Specialty,Meter,455.01,1009.94,Active
3693,PROD-003693,845,Industrial Drive System Premium Series 3693,Industrial Equipment,Premium,Kg,334.05,510.41,Active
3694,PROD-003694,810,Drive Shaft Assembly Premium Series 3694,Components,Premium,Liter,91.23,168.43,Active
3695,PROD-003695,723,Motor Control Panel Premium Series 3695,Electronics,Premium,Liter,239.46,528.72,Active
3696,PROD-003696,839,Industrial Signal Converter Specialty Series 3696,Electronics,Specialty,Liter,345.53,579.73,Active
3697,PROD-003697,405,Cold Rolled Steel Coil Standard Series 3697,Raw Materials,Standard,Meter,44.75,109.74,Active
3698,PROD-003698,739,Aluminum Sheet Stock Standard Series 3698,Raw Materials,Standard,Meter,110.62,273.96,Active
3699,PROD-003699,450,Polymer Resin Standard Series 3699,Raw Materials,Standard,Liter,66.11,124.24,Active
3700,PROD-003700,713,Drive Shaft Assembly Specialty Series 3700,Components,Specialty,Each,140.23,241.98,Active
3701,PROD-003701,796,Material Handling Unit Premium Series 3701,Industrial Equipment,Premium,Meter,175.44,285.47,Active
3702,PROD-003702,112,Reusable Transport Crate Standard Series 3702,Packaging,Standard,Meter,206.51,427.94,Active
3703,PROD-003703,341,Hydraulic Power Unit Premium Series 3703,Industrial Equipment,Premium,Kg,490.99,808.17,Active
3704,PROD-003704,159,Aluminum Sheet Stock Standard Series 3704,Raw Materials,Standard,Liter,409.92,832.43,Inactive
3705,PROD-003705,642,Polymer Resin Specialty Series 3705,Raw Materials,Specialty,Liter,403.75,578.87,Active
3706,PROD-003706,68,Pallet Wrap Assembly Premium Series 3706,Packaging,Premium,Each,231.8,332.85,Active
3707,PROD-003707,92,Heavy-Duty Packaging Sleeve Standard Series 3707,Packaging,Standard,Each,411.32,592.76,Inactive
3708,PROD-003708,934,Conveyor Roller Assembly Specialty Series 3708,Components,Specialty,Each,414.26,783.65,Active
3709,PROD-003709,990,Corrugated Shipping Carton Premium Series 3709,Packaging,Premium,Meter,136.29,244.77,Active
3710,PROD-003710,325,Pneumatic Control Unit Specialty Series 3710,Industrial Equipment,Specialty,Kg,126.43,223.25,Active
3711,PROD-003711,407,Polymer Resin Standard Series 3711,Raw Materials,Standard,Each,382.49,594.31,Active
3712,PROD-003712,793,Process Pump Assembly Premium Series 3712,Industrial Equipment,Premium,Kg,356.24,831.67,Active
3713,PROD-003713,556,Material Handling Unit Premium Series 3713,Industrial Equipment,Premium,Meter,140.79,286.3,Active
3714,PROD-003714,988,Engineering Plastic Pellets Specialty Series 3714,Raw Materials,Specialty,Kg,236.31,336.74,Active
3715,PROD-003715,237,Corrugated Shipping Carton Specialty Series 3715,Packaging,Specialty,Each,123.43,285.08,Active
3716,PROD-003716,233,Aluminum Sheet Stock Specialty Series 3716,Raw Materials,Specialty,Kg,381.79,503.29,Inactive
3717,PROD-003717,966,Industrial Drive System Premium Series 3717,Industrial Equipment,Premium,Liter,116.0,283.23,Active
3718,PROD-003718,570,Drive Shaft Assembly Standard Series 3718,Components,Standard,Liter,485.49,996.57,Active
3719,PROD-003719,70,Heavy-Duty Packaging Sleeve Premium Series 3719,Packaging,Premium,Liter,474.72,754.86,Active
3720,PROD-003720,94,Industrial Signal Converter Premium Series 3720,Electronics,Premium,Liter,271.33,434.93,Active
3721,PROD-003721,647,Hydraulic Power Unit Specialty Series 3721,Industrial Equipment,Specialty,Meter,180.83,431.48,Active
3722,PROD-003722,295,Protective Packaging Insert Premium Series 3722,Packaging,Premium,Kg,308.17,457.67,Active
3723,PROD-003723,697,Proximity Sensor Specialty Series 3723,Electronics,Specialty,Each,233.56,297.9,Active
3724,PROD-003724,384,Industrial Copper Wire Specialty Series 3724,Raw Materials,Specialty,Meter,414.55,710.67,Active
3725,PROD-003725,711,Motor Control Panel Premium Series 3725,Electronics,Premium,Liter,444.01,914.8,Active
3726,PROD-003726,512,Engineering Plastic Pellets Standard Series 3726,Raw Materials,Standard,Kg,401.07,954.26,Active
3727,PROD-003727,511,Corrugated Shipping Carton Premium Series 3727,Packaging,Premium,Liter,117.78,227.69,Active
3728,PROD-003728,309,Aluminum Sheet Stock Standard Series 3728,Raw Materials,Standard,Kg,289.84,682.81,Active
3729,PROD-003729,650,Polymer Resin Specialty Series 3729,Raw Materials,Specialty,Meter,476.92,1112.44,Active
3730,PROD-003730,517,Industrial Copper Wire Specialty Series 3730,Raw Materials,Specialty,Kg,152.28,276.2,Active
3731,PROD-003731,812,Heavy-Duty Packaging Sleeve Standard Series 3731,Packaging,Standard,Kg,495.78,1093.87,Active
3732,PROD-003732,246,Conveyor Roller Assembly Specialty Series 3732,Components,Specialty,Kg,482.68,893.8,Active
3733,PROD-003733,317,Corrugated Shipping Carton Specialty Series 3733,Packaging,Specialty,Liter,422.1,592.99,Active
3734,PROD-003734,616,Aluminum Sheet Stock Premium Series 3734,Raw Materials,Premium,Each,95.86,137.03,Active
3735,PROD-003735,103,Industrial Stretch Film Specialty Series 3735,Packaging,Specialty,Meter,142.57,344.31,Active
3736,PROD-003736,971,Power Distribution Module Premium Series 3736,Electronics,Premium,Kg,108.49,212.79,Active
3737,PROD-003737,782,Material Handling Unit Specialty Series 3737,Industrial Equipment,Specialty,Liter,414.05,868.65,Active
3738,PROD-003738,480,Reusable Transport Crate Premium Series 3738,Packaging,Premium,Each,267.52,477.88,Active
3739,PROD-003739,607,Precision Bearing Assembly Standard Series 3739,Components,Standard,Each,111.68,199.96,Active
3740,PROD-003740,535,Pneumatic Control Unit Premium Series 3740,Industrial Equipment,Premium,Liter,277.75,678.25,Active
3741,PROD-003741,492,Aluminum Mounting Bracket Specialty Series 3741,Components,Specialty,Liter,248.52,576.24,Inactive
3742,PROD-003742,530,Process Pump Assembly Standard Series 3742,Industrial Equipment,Standard,Kg,174.54,383.65,Active
3743,PROD-003743,243,Material Handling Unit Premium Series 3743,Industrial Equipment,Premium,Meter,200.32,393.1,Active
3744,PROD-003744,289,Thermal Processing Unit Specialty Series 3744,Industrial Equipment,Specialty,Liter,438.59,803.81,Active
3745,PROD-003745,145,Industrial Control Module Specialty Series 3745,Electronics,Specialty,Kg,443.1,1067.03,Active
3746,PROD-003746,624,Variable Frequency Drive Specialty Series 3746,Electronics,Specialty,Kg,299.8,388.13,Active
3747,PROD-003747,698,Industrial Stretch Film Specialty Series 3747,Packaging,Specialty,Meter,332.86,463.92,Active
3748,PROD-003748,202,Process Pump Assembly Standard Series 3748,Industrial Equipment,Standard,Meter,498.97,1066.54,Active
3749,PROD-003749,564,Material Handling Unit Standard Series 3749,Industrial Equipment,Standard,Kg,369.03,477.04,Active
3750,PROD-003750,577,Reusable Transport Crate Premium Series 3750,Packaging,Premium,Kg,459.94,910.81,Active
3751,PROD-003751,99,Corrugated Shipping Carton Specialty Series 3751,Packaging,Specialty,Kg,365.53,534.94,Active
3752,PROD-003752,921,Protective Packaging Insert Standard Series 3752,Packaging,Standard,Liter,258.24,401.99,Active
3753,PROD-003753,721,Industrial Drive System Premium Series 3753,Industrial Equipment,Premium,Each,192.47,276.59,Active
3754,PROD-003754,287,Power Distribution Module Specialty Series 3754,Electronics,Specialty,Each,328.8,678.37,Active
3755,PROD-003755,967,Material Handling Unit Standard Series 3755,Industrial Equipment,Standard,Kg,415.52,774.56,Active
3756,PROD-003756,231,Conveyor Roller Assembly Premium Series 3756,Components,Premium,Meter,438.24,594.56,Inactive
3757,PROD-003757,19,Corrugated Shipping Carton Standard Series 3757,Packaging,Standard,Kg,148.27,212.34,Active
3758,PROD-003758,900,Protective Packaging Insert Specialty Series 3758,Packaging,Specialty,Liter,198.04,381.37,Active
3759,PROD-003759,963,Aluminum Mounting Bracket Specialty Series 3759,Components,Specialty,Each,203.78,328.84,Active
3760,PROD-003760,27,Process Pump Assembly Premium Series 3760,Industrial Equipment,Premium,Kg,404.71,731.68,Active
3761,PROD-003761,375,Stainless Steel Sheet Specialty Series 3761,Raw Materials,Specialty,Meter,425.16,709.03,Active
3762,PROD-003762,552,Thermal Processing Unit Standard Series 3762,Industrial Equipment,Standard,Kg,415.59,1003.65,Active
3763,PROD-003763,289,Cold Rolled Steel Coil Standard Series 3763,Raw Materials,Standard,Liter,104.08,203.51,Active
3764,PROD-003764,253,Pneumatic Control Unit Premium Series 3764,Industrial Equipment,Premium,Each,91.3,127.73,Active
3765,PROD-003765,175,Proximity Sensor Specialty Series 3765,Electronics,Specialty,Each,288.78,718.06,Active
3766,PROD-003766,1000,Industrial Copper Wire Premium Series 3766,Raw Materials,Premium,Meter,134.71,226.96,Active
3767,PROD-003767,150,Industrial Valve Assembly Premium Series 3767,Components,Premium,Each,50.79,67.99,Active
3768,PROD-003768,626,Engineering Plastic Pellets Specialty Series 3768,Raw Materials,Specialty,Liter,462.71,1042.72,Active
3769,PROD-003769,752,Corrugated Shipping Carton Specialty Series 3769,Packaging,Specialty,Liter,55.41,87.34,Active
3770,PROD-003770,993,Steel Coupling Standard Series 3770,Components,Standard,Liter,217.2,505.77,Active
3771,PROD-003771,959,Polymer Resin Specialty Series 3771,Raw Materials,Specialty,Liter,421.05,1040.09,Active
3772,PROD-003772,137,Process Pump Assembly Specialty Series 3772,Industrial Equipment,Specialty,Liter,482.37,1020.08,Active
3773,PROD-003773,748,Stainless Steel Sheet Specialty Series 3773,Raw Materials,Specialty,Meter,104.19,228.97,Active
3774,PROD-003774,782,Industrial Signal Converter Standard Series 3774,Electronics,Standard,Meter,150.18,337.01,Active
3775,PROD-003775,399,Industrial Control Module Premium Series 3775,Electronics,Premium,Liter,280.24,622.03,Active
3776,PROD-003776,435,Protective Packaging Insert Premium Series 3776,Packaging,Premium,Each,90.6,214.75,Active
3777,PROD-003777,317,Aluminum Mounting Bracket Specialty Series 3777,Components,Specialty,Liter,450.05,614.29,Active
3778,PROD-003778,122,Pallet Wrap Assembly Premium Series 3778,Packaging,Premium,Meter,289.69,537.79,Active
3779,PROD-003779,275,Stainless Steel Sheet Premium Series 3779,Raw Materials,Premium,Liter,143.61,239.59,Active
3780,PROD-003780,402,Industrial Signal Converter Specialty Series 3780,Electronics,Specialty,Liter,18.06,31.95,Active
3781,PROD-003781,668,Hydraulic Power Unit Standard Series 3781,Industrial Equipment,Standard,Meter,356.75,513.55,Active
3782,PROD-003782,500,Variable Frequency Drive Specialty Series 3782,Electronics,Specialty,Each,240.81,489.57,Active
3783,PROD-003783,278,Proximity Sensor Standard Series 3783,Electronics,Standard,Kg,198.84,399.37,Active
3784,PROD-003784,382,Drive Shaft Assembly Specialty Series 3784,Components,Specialty,Each,355.39,463.64,Inactive
3785,PROD-003785,750,Heavy-Duty Packaging Sleeve Specialty Series 3785,Packaging,Specialty,Kg,165.89,285.17,Active
3786,PROD-003786,541,Thermal Processing Unit Standard Series 3786,Industrial Equipment,Standard,Kg,93.62,153.68,Active
3787,PROD-003787,992,Hydraulic Power Unit Specialty Series 3787,Industrial Equipment,Specialty,Meter,466.84,717.44,Active
3788,PROD-003788,283,Pneumatic Control Unit Premium Series 3788,Industrial Equipment,Premium,Kg,231.45,339.87,Active
3789,PROD-003789,963,Aluminum Mounting Bracket Premium Series 3789,Components,Premium,Each,43.28,94.57,Inactive
3790,PROD-003790,192,Process Pump Assembly Premium Series 3790,Industrial Equipment,Premium,Meter,280.28,459.22,Active
3791,PROD-003791,906,Stainless Steel Sheet Premium Series 3791,Raw Materials,Premium,Meter,257.77,430.01,Active
3792,PROD-003792,227,Thermal Processing Unit Standard Series 3792,Industrial Equipment,Standard,Each,486.05,635.61,Active
3793,PROD-003793,745,Precision Bearing Assembly Premium Series 3793,Components,Premium,Each,260.0,344.36,Active
3794,PROD-003794,717,Pneumatic Control Unit Premium Series 3794,Industrial Equipment,Premium,Each,375.69,717.14,Active
3795,PROD-003795,744,Aluminum Mounting Bracket Premium Series 3795,Components,Premium,Each,319.1,447.49,Inactive
3796,PROD-003796,370,Process Pump Assembly Specialty Series 3796,Industrial Equipment,Specialty,Meter,168.35,293.95,Active
3797,PROD-003797,985,Industrial Valve Assembly Specialty Series 3797,Components,Specialty,Meter,154.39,325.95,Active
3798,PROD-003798,406,Thermal Processing Unit Specialty Series 3798,Industrial Equipment,Specialty,Kg,211.67,348.05,Inactive
3799,PROD-003799,454,Industrial Control Module Premium Series 3799,Electronics,Premium,Kg,468.02,1115.31,Inactive
3800,PROD-003800,349,Protective Packaging Insert Specialty Series 3800,Packaging,Specialty,Kg,64.37,126.15,Active
3801,PROD-003801,753,Proximity Sensor Specialty Series 3801,Electronics,Specialty,Meter,427.72,553.08,Active
3802,PROD-003802,90,Industrial Copper Wire Premium Series 3802,Raw Materials,Premium,Each,408.05,780.55,Active
3803,PROD-003803,391,Motor Control Panel Premium Series 3803,Electronics,Premium,Kg,350.9,615.78,Active
3804,PROD-003804,957,Engineering Plastic Pellets Specialty Series 3804,Raw Materials,Specialty,Kg,352.36,556.45,Active
3805,PROD-003805,713,Corrugated Shipping Carton Premium Series 3805,Packaging,Premium,Meter,112.44,149.33,Active
3806,PROD-003806,319,Pneumatic Control Unit Standard Series 3806,Industrial Equipment,Standard,Liter,478.03,1172.33,Active
3807,PROD-003807,236,Polymer Resin Standard Series 3807,Raw Materials,Standard,Meter,221.55,351.92,Inactive
3808,PROD-003808,740,Industrial Copper Wire Standard Series 3808,Raw Materials,Standard,Each,175.65,390.77,Active
3809,PROD-003809,330,Industrial Valve Assembly Standard Series 3809,Components,Standard,Each,381.29,626.85,Active
3810,PROD-003810,421,Reusable Transport Crate Premium Series 3810,Packaging,Premium,Liter,397.94,792.97,Active
3811,PROD-003811,481,Precision Bearing Assembly Standard Series 3811,Components,Standard,Kg,124.26,296.54,Active
3812,PROD-003812,883,Steel Coupling Standard Series 3812,Components,Standard,Meter,456.73,954.78,Inactive
3813,PROD-003813,143,Proximity Sensor Standard Series 3813,Electronics,Standard,Each,176.78,303.05,Inactive
3814,PROD-003814,457,Pallet Wrap Assembly Specialty Series 3814,Packaging,Specialty,Each,237.38,429.44,Active
3815,PROD-003815,822,Stainless Steel Sheet Standard Series 3815,Raw Materials,Standard,Liter,100.89,235.32,Active
3816,PROD-003816,900,Thermal Processing Unit Standard Series 3816,Industrial Equipment,Standard,Kg,224.07,408.3,Active
3817,PROD-003817,714,Corrugated Shipping Carton Standard Series 3817,Packaging,Standard,Kg,369.08,676.64,Active
3818,PROD-003818,446,Pneumatic Control Unit Standard Series 3818,Industrial Equipment,Standard,Kg,35.56,47.02,Active
3819,PROD-003819,346,Aluminum Mounting Bracket Specialty Series 3819,Components,Specialty,Liter,117.69,277.94,Active
3820,PROD-003820,253,Process Pump Assembly Standard Series 3820,Industrial Equipment,Standard,Meter,364.46,517.75,Active
3821,PROD-003821,889,Heavy-Duty Packaging Sleeve Specialty Series 3821,Packaging,Specialty,Meter,178.84,341.68,Inactive
3822,PROD-003822,152,Conveyor Roller Assembly Premium Series 3822,Components,Premium,Kg,105.31,202.02,Active
3823,PROD-003823,217,Hydraulic Power Unit Standard Series 3823,Industrial Equipment,Standard,Meter,41.06,55.06,Active
3824,PROD-003824,483,Protective Packaging Insert Specialty Series 3824,Packaging,Specialty,Kg,269.96,436.49,Inactive
3825,PROD-003825,404,Proximity Sensor Premium Series 3825,Electronics,Premium,Liter,53.31,99.6,Active
3826,PROD-003826,550,Power Distribution Module Specialty Series 3826,Electronics,Specialty,Kg,123.74,252.1,Active
3827,PROD-003827,31,Heavy-Duty Packaging Sleeve Premium Series 3827,Packaging,Premium,Each,252.78,468.19,Active
3828,PROD-003828,789,Industrial Signal Converter Specialty Series 3828,Electronics,Specialty,Meter,20.87,34.64,Active
3829,PROD-003829,136,Precision Bearing Assembly Premium Series 3829,Components,Premium,Kg,187.7,326.58,Active
3830,PROD-003830,672,Variable Frequency Drive Standard Series 3830,Electronics,Standard,Meter,18.21,40.6,Active
3831,PROD-003831,744,Proximity Sensor Specialty Series 3831,Electronics,Specialty,Kg,219.88,547.18,Active
3832,PROD-003832,428,Industrial Copper Wire Standard Series 3832,Raw Materials,Standard,Each,68.41,97.56,Active
3833,PROD-003833,117,Industrial Valve Assembly Standard Series 3833,Components,Standard,Each,314.51,754.22,Inactive
3834,PROD-003834,975,Thermal Processing Unit Standard Series 3834,Industrial Equipment,Standard,Each,289.67,554.24,Active
3835,PROD-003835,379,Cold Rolled Steel Coil Standard Series 3835,Raw Materials,Standard,Meter,209.48,503.65,Active
3836,PROD-003836,824,Protective Packaging Insert Premium Series 3836,Packaging,Premium,Meter,289.91,632.93,Active
3837,PROD-003837,394,Industrial Drive System Premium Series 3837,Industrial Equipment,Premium,Liter,166.2,369.51,Active
3838,PROD-003838,820,Process Pump Assembly Standard Series 3838,Industrial Equipment,Standard,Each,79.79,112.99,Active
3839,PROD-003839,225,Stainless Steel Sheet Premium Series 3839,Raw Materials,Premium,Liter,319.47,769.5,Active
3840,PROD-003840,4,Industrial Signal Converter Specialty Series 3840,Electronics,Specialty,Kg,275.8,458.72,Active
3841,PROD-003841,110,Industrial Control Module Specialty Series 3841,Electronics,Specialty,Meter,408.11,947.29,Active
3842,PROD-003842,199,Pneumatic Control Unit Standard Series 3842,Industrial Equipment,Standard,Liter,80.12,172.16,Active
3843,PROD-003843,417,Industrial Drive System Specialty Series 3843,Industrial Equipment,Specialty,Each,36.7,67.43,Inactive
3844,PROD-003844,413,Power Distribution Module Standard Series 3844,Electronics,Standard,Kg,316.18,536.3,Active
3845,PROD-003845,539,Material Handling Unit Standard Series 3845,Industrial Equipment,Standard,Kg,160.33,274.15,Active
3846,PROD-003846,781,Thermal Processing Unit Specialty Series 3846,Industrial Equipment,Specialty,Liter,311.72,469.4,Active
3847,PROD-003847,283,Industrial Control Module Premium Series 3847,Electronics,Premium,Each,11.23,20.15,Inactive
3848,PROD-003848,972,Protective Packaging Insert Standard Series 3848,Packaging,Standard,Liter,320.15,574.13,Active
3849,PROD-003849,402,Industrial Stretch Film Standard Series 3849,Packaging,Standard,Each,76.52,122.17,Active
3850,PROD-003850,957,Power Distribution Module Standard Series 3850,Electronics,Standard,Kg,240.07,490.14,Active
3851,PROD-003851,382,Material Handling Unit Premium Series 3851,Industrial Equipment,Premium,Each,116.43,151.25,Active
3852,PROD-003852,552,Thermal Processing Unit Specialty Series 3852,Industrial Equipment,Specialty,Each,224.68,377.01,Active
3853,PROD-003853,713,Cold Rolled Steel Coil Standard Series 3853,Raw Materials,Standard,Meter,367.66,769.75,Active
3854,PROD-003854,94,Pneumatic Control Unit Standard Series 3854,Industrial Equipment,Standard,Each,308.06,602.16,Active
3855,PROD-003855,457,Industrial Drive System Standard Series 3855,Industrial Equipment,Standard,Liter,159.46,392.61,Active
3856,PROD-003856,767,Pallet Wrap Assembly Premium Series 3856,Packaging,Premium,Liter,351.38,543.65,Active
3857,PROD-003857,730,Stainless Steel Sheet Standard Series 3857,Raw Materials,Standard,Each,339.57,762.75,Active
3858,PROD-003858,812,Thermal Processing Unit Premium Series 3858,Industrial Equipment,Premium,Kg,403.6,677.77,Inactive
3859,PROD-003859,463,Industrial Control Module Standard Series 3859,Electronics,Standard,Meter,222.41,386.26,Inactive
3860,PROD-003860,230,Steel Coupling Premium Series 3860,Components,Premium,Each,318.49,668.1,Active
3861,PROD-003861,494,Aluminum Mounting Bracket Specialty Series 3861,Components,Specialty,Liter,491.76,723.16,Active
3862,PROD-003862,291,Industrial Copper Wire Premium Series 3862,Raw Materials,Premium,Liter,152.99,238.51,Active
3863,PROD-003863,657,Stainless Steel Sheet Standard Series 3863,Raw Materials,Standard,Liter,157.25,332.86,Active
3864,PROD-003864,914,Reusable Transport Crate Specialty Series 3864,Packaging,Specialty,Each,363.9,683.79,Active
3865,PROD-003865,287,Corrugated Shipping Carton Standard Series 3865,Packaging,Standard,Liter,477.75,973.9,Active
3866,PROD-003866,909,Protective Packaging Insert Standard Series 3866,Packaging,Standard,Liter,189.36,342.46,Active
3867,PROD-003867,146,Industrial Stretch Film Specialty Series 3867,Packaging,Specialty,Each,440.8,553.85,Active
3868,PROD-003868,749,Industrial Copper Wire Premium Series 3868,Raw Materials,Premium,Kg,146.29,186.56,Active
3869,PROD-003869,867,Heavy-Duty Packaging Sleeve Standard Series 3869,Packaging,Standard,Each,182.15,440.61,Active
3870,PROD-003870,692,Industrial Signal Converter Specialty Series 3870,Electronics,Specialty,Each,489.98,702.42,Active
3871,PROD-003871,567,Precision Bearing Assembly Standard Series 3871,Components,Standard,Liter,162.31,209.84,Active
3872,PROD-003872,967,Pneumatic Control Unit Standard Series 3872,Industrial Equipment,Standard,Kg,354.4,732.13,Inactive
3873,PROD-003873,319,Industrial Stretch Film Specialty Series 3873,Packaging,Specialty,Liter,239.24,572.78,Active
3874,PROD-003874,579,Power Distribution Module Standard Series 3874,Electronics,Standard,Each,123.0,249.93,Active
3875,PROD-003875,888,Material Handling Unit Standard Series 3875,Industrial Equipment,Standard,Kg,19.75,34.26,Active
3876,PROD-003876,211,Thermal Processing Unit Premium Series 3876,Industrial Equipment,Premium,Meter,331.25,682.3,Active
3877,PROD-003877,386,Hydraulic Power Unit Standard Series 3877,Industrial Equipment,Standard,Meter,480.15,943.08,Active
3878,PROD-003878,582,Aluminum Sheet Stock Premium Series 3878,Raw Materials,Premium,Each,21.14,33.44,Active
3879,PROD-003879,900,Proximity Sensor Premium Series 3879,Electronics,Premium,Kg,376.52,883.94,Active
3880,PROD-003880,889,Industrial Copper Wire Premium Series 3880,Raw Materials,Premium,Liter,104.64,203.32,Active
3881,PROD-003881,622,Heavy-Duty Packaging Sleeve Specialty Series 3881,Packaging,Specialty,Kg,430.19,989.93,Active
3882,PROD-003882,991,Industrial Signal Converter Specialty Series 3882,Electronics,Specialty,Liter,240.4,499.97,Active
3883,PROD-003883,600,Cold Rolled Steel Coil Specialty Series 3883,Raw Materials,Specialty,Each,176.27,371.68,Active
3884,PROD-003884,846,Aluminum Sheet Stock Standard Series 3884,Raw Materials,Standard,Each,74.4,94.05,Active
3885,PROD-003885,965,Proximity Sensor Specialty Series 3885,Electronics,Specialty,Liter,176.04,395.39,Active
3886,PROD-003886,801,Industrial Copper Wire Specialty Series 3886,Raw Materials,Specialty,Liter,441.29,911.28,Active
3887,PROD-003887,768,Stainless Steel Sheet Specialty Series 3887,Raw Materials,Specialty,Liter,205.57,428.91,Active
3888,PROD-003888,721,Conveyor Roller Assembly Specialty Series 3888,Components,Specialty,Liter,90.18,197.12,Active
3889,PROD-003889,343,Industrial Control Module Specialty Series 3889,Electronics,Specialty,Kg,475.01,1171.88,Active
3890,PROD-003890,210,Variable Frequency Drive Premium Series 3890,Electronics,Premium,Meter,109.2,226.33,Inactive
3891,PROD-003891,201,Proximity Sensor Premium Series 3891,Electronics,Premium,Liter,334.72,789.43,Active
3892,PROD-003892,510,Drive Shaft Assembly Specialty Series 3892,Components,Specialty,Meter,207.16,356.72,Active
3893,PROD-003893,12,Stainless Steel Sheet Specialty Series 3893,Raw Materials,Specialty,Kg,95.89,150.55,Active
3894,PROD-003894,908,Engineering Plastic Pellets Specialty Series 3894,Raw Materials,Specialty,Each,145.38,282.52,Active
3895,PROD-003895,404,Corrugated Shipping Carton Standard Series 3895,Packaging,Standard,Meter,292.93,428.07,Active
3896,PROD-003896,913,Protective Packaging Insert Specialty Series 3896,Packaging,Specialty,Kg,430.96,805.11,Active
3897,PROD-003897,200,Proximity Sensor Standard Series 3897,Electronics,Standard,Each,318.25,399.43,Active
3898,PROD-003898,962,Power Distribution Module Premium Series 3898,Electronics,Premium,Kg,195.02,442.38,Inactive
3899,PROD-003899,429,Material Handling Unit Specialty Series 3899,Industrial Equipment,Specialty,Each,400.16,846.68,Active
3900,PROD-003900,288,Engineering Plastic Pellets Premium Series 3900,Raw Materials,Premium,Liter,32.99,42.69,Active
3901,PROD-003901,271,Cold Rolled Steel Coil Standard Series 3901,Raw Materials,Standard,Liter,202.67,360.88,Active
3902,PROD-003902,863,Protective Packaging Insert Specialty Series 3902,Packaging,Specialty,Meter,394.51,959.32,Active
3903,PROD-003903,45,Proximity Sensor Standard Series 3903,Electronics,Standard,Kg,480.22,1085.89,Active
3904,PROD-003904,42,Process Pump Assembly Premium Series 3904,Industrial Equipment,Premium,Each,479.66,752.73,Inactive
3905,PROD-003905,747,Industrial Valve Assembly Premium Series 3905,Components,,Each,163.93,319.37,Active
3906,PROD-003906,649,Industrial Signal Converter Premium Series 3906,Electronics,Premium,Meter,319.09,720.28,Active
3907,PROD-003907,338,Precision Bearing Assembly Standard Series 3907,Components,Standard,Kg,297.37,496.08,Active
3908,PROD-003908,371, Steel Coupling Specialty Series 3908 ,Components,Specialty,Each,65.59,163.78,Active
3909,PROD-003909,672,Industrial Stretch Film Standard Series 3909,Packaging,Standard,Meter,101.47,235.53,Active
3910,PROD-003910,954,Drive Shaft Assembly Standard Series 3910,Components,Standard,Liter,496.43,870.21,Active
3911,PROD-003911,974,Motor Control Panel Specialty Series 3911,Electronics,Specialty,Liter,204.38,426.63,Active
3912,PROD-003912,224,Reusable Transport Crate Premium Series 3912,Packaging,Premium,Kg,246.61,585.13,Active
3913,PROD-003913,459,Corrugated Shipping Carton Premium Series 3913,Packaging,Premium,Liter,444.98,870.35,Active
3914,PROD-003914,347,Aluminum Sheet Stock Standard Series 3914,Raw Materials,Standard,Meter,359.57,866.22,Inactive
3915,PROD-003915,907,Industrial Drive System Premium Series 3915,Industrial Equipment,Premium,Each,430.87,1064.74,Active
3916,PROD-003916,72,Power Distribution Module Specialty Series 3916,Electronics,Specialty,Each,143.68,254.86,Active
3917,PROD-003917,991,Heavy-Duty Packaging Sleeve Premium Series 3917,Packaging,Premium,Each,134.73,282.42,Active
3918,PROD-003918,66,Reusable Transport Crate Specialty Series 3918,Packaging,Specialty,Each,410.02,647.31,Active
3919,PROD-003919,245,Hydraulic Power Unit Specialty Series 3919,Industrial Equipment,Specialty,Kg,463.5,741.53,Active
3920,PROD-003920,249,Pneumatic Control Unit Specialty Series 3920,Industrial Equipment,Specialty,Kg,342.11,659.97,Active
3921,PROD-003921,984,Proximity Sensor Standard Series 3921,Electronics,Standard,Each,163.31,355.08,Active
3922,PROD-003922,756,Process Pump Assembly Premium Series 3922,Industrial Equipment,Premium,Kg,205.06,432.89,Active
3923,PROD-003923,404,Industrial Valve Assembly Premium Series 3923,Components,Premium,Liter,251.51,441.99,Active
3924,PROD-003924,119,Industrial Signal Converter Specialty Series 3924,Electronics,Specialty,Meter,327.66,460.9,Active
3925,PROD-003925,386,Hydraulic Power Unit Standard Series 3925,Industrial Equipment,Standard,Liter,153.72,380.0,Inactive
3926,PROD-003926,534,Variable Frequency Drive Premium Series 3926,Electronics,Premium,Liter,158.95,229.38,Active
3927,PROD-003927,944,Polymer Resin Standard Series 3927,Raw Materials,Standard,Liter,486.82,818.58,Active
3928,PROD-003928,777,Drive Shaft Assembly Premium Series 3928,Components,Premium,Meter,379.57,772.19,Active
3929,PROD-003929,902,Heavy-Duty Packaging Sleeve Specialty Series 3929,Packaging,Specialty,Meter,227.1,300.27,Active
3930,PROD-003930,290,Reusable Transport Crate Premium Series 3930,Packaging,Premium,Each,217.73,383.54,Active
3931,PROD-003931,248,Cold Rolled Steel Coil Specialty Series 3931,Raw Materials,Specialty,Liter,31.42,61.71,Active
3932,PROD-003932,607,Pneumatic Control Unit Premium Series 3932,Industrial Equipment,Premium,Meter,494.07,834.52,Active
3933,PROD-003933,305,Industrial Drive System Specialty Series 3933,Industrial Equipment,Specialty,Each,246.54,568.81,Active
3934,PROD-003934,556,Industrial Copper Wire Standard Series 3934,Raw Materials,Standard,Meter,245.48,378.26,Active
3935,PROD-003935,605,Stainless Steel Sheet Specialty Series 3935,Raw Materials,Specialty,Liter,104.9,259.39,Active
3936,PROD-003936,840,Engineering Plastic Pellets Premium Series 3936,Raw Materials,Premium,Each,312.31,492.42,Active
3937,PROD-003937,592,Precision Bearing Assembly Specialty Series 3937,Components,Specialty,Each,498.33,1031.45,Active
3938,PROD-003938,132,Variable Frequency Drive Standard Series 3938,Electronics,Standard,Meter,334.04,596.03,Active
3939,PROD-003939,354,Polymer Resin Premium Series 3939,Raw Materials,Premium,Each,480.92,1164.27,Inactive
3940,PROD-003940,94,Power Distribution Module Premium Series 3940,Electronics,Premium,Meter,406.69,827.57,Inactive
3941,PROD-003941,873,Industrial Valve Assembly Specialty Series 3941,Components,Specialty,Liter,489.04,959.09,Active
3942,PROD-003942,907,Reusable Transport Crate Premium Series 3942,Packaging,Premium,Meter,67.73,159.49,Active
3943,PROD-003943,121,Industrial Control Module Standard Series 3943,Electronics,Standard,Kg,222.96,440.3,Inactive
3944,PROD-003944,909,Aluminum Sheet Stock Premium Series 3944,Raw Materials,Premium,Each,419.37,830.56,Active
3945,PROD-003945,370,Industrial Drive System Premium Series 3945,Industrial Equipment,Premium,Meter,117.85,190.5,Active
3946,PROD-003946,157,Process Pump Assembly Specialty Series 3946,Industrial Equipment,Specialty,Each,306.47,403.54,Active
3947,PROD-003947,308,Heavy-Duty Packaging Sleeve Standard Series 3947,Packaging,Standard,Kg,102.5,241.36,Active
3948,PROD-003948,249,Conveyor Roller Assembly Specialty Series 3948,Components,Specialty,Liter,249.71,320.87,Active
3949,PROD-003949,806,Cold Rolled Steel Coil Specialty Series 3949,Raw Materials,Specialty,Kg,258.3,620.3,Active
3950,PROD-003950,390,Protective Packaging Insert Specialty Series 3950,Packaging,Specialty,Each,137.61,309.88,Active
3951,PROD-003951,77,Industrial Drive System Premium Series 3951,Industrial Equipment,Premium,Liter,331.74,528.0,Active
3952,PROD-003952,709,Drive Shaft Assembly Specialty Series 3952,Components,Specialty,Liter,33.11,45.1,Active
3953,PROD-003953,573,Material Handling Unit Standard Series 3953,Industrial Equipment,Standard,Liter,349.44,860.93,Inactive
3954,PROD-003954,727,Engineering Plastic Pellets Specialty Series 3954,Raw Materials,Specialty,Liter,266.39,657.31,Active
3955,PROD-003955,790,Cold Rolled Steel Coil Premium Series 3955,Raw Materials,Premium,Each,79.67,128.05,Active
3956,PROD-003956,844,Aluminum Sheet Stock Premium Series 3956,Raw Materials,Premium,Each,113.08,262.86,Active
3957,PROD-003957,514,Aluminum Mounting Bracket Standard Series 3957,Components,Standard,Each,68.13,134.63,Active
3958,PROD-003958,28,Industrial Copper Wire Premium Series 3958,Raw Materials,Premium,Kg,433.5,743.29,Active
3959,PROD-003959,343,Industrial Valve Assembly Premium Series 3959,Components,Premium,Each,415.97,759.81,Active
3960,PROD-003960,106,Engineering Plastic Pellets Premium Series 3960,Raw Materials,Premium,Each,333.57,553.07,Active
3961,PROD-003961,38,Industrial Control Module Standard Series 3961,Electronics,Standard,Liter,333.08,465.24,Active
3962,PROD-003962,545,Aluminum Sheet Stock Premium Series 3962,Raw Materials,Premium,Kg,440.34,885.81,Active
3963,PROD-003963,471,Industrial Stretch Film Specialty Series 3963,Packaging,Specialty,Each,282.51,680.75,Active
3964,PROD-003964,753,Power Distribution Module Standard Series 3964,Electronics,Standard,Each,18.07,34.77,Active
3965,PROD-003965,367,Material Handling Unit Premium Series 3965,Industrial Equipment,Premium,Liter,424.61,893.65,Active
3966,PROD-003966,609,Industrial Signal Converter Standard Series 3966,Electronics,Standard,Kg,85.59,146.77,Active
3967,PROD-003967,590,Industrial Control Module Specialty Series 3967,Electronics,Specialty,Meter,82.61,157.19,Active
3968,PROD-003968,787,Pneumatic Control Unit Standard Series 3968,Industrial Equipment,Standard,Meter,433.29,788.07,Active
3969,PROD-003969,545,Aluminum Mounting Bracket Standard Series 3969,Components,Standard,Kg,477.56,777.79,Active
3970,PROD-003970,719,Pallet Wrap Assembly Premium Series 3970,Packaging,Premium,Liter,55.96,118.46,Active
3971,PROD-003971,352,Motor Control Panel Premium Series 3971,Electronics,Premium,Liter,122.21,169.88,Inactive
3972,PROD-003972,305,Engineering Plastic Pellets Standard Series 3972,Raw Materials,Standard,Meter,385.52,500.34,Active
3973,PROD-003973,655,Hydraulic Power Unit Premium Series 3973,Industrial Equipment,Premium,Kg,312.96,775.69,Active
3974,PROD-003974,537,Steel Coupling Premium Series 3974,Components,Premium,Each,312.66,750.58,Active
3975,PROD-003975,372,Polymer Resin Premium Series 3975,Raw Materials,Premium,Kg,100.65,127.63,Active
3976,PROD-003976,921,Drive Shaft Assembly Specialty Series 3976,Components,Specialty,Kg,34.86,54.53,Active
3977,PROD-003977,326,Stainless Steel Sheet Premium Series 3977,Raw Materials,Premium,Liter,106.28,182.63,Active
3978,PROD-003978,883,Conveyor Roller Assembly Premium Series 3978,Components,Premium,Kg,114.6,275.88,Active
3979,PROD-003979,185,Hydraulic Power Unit Standard Series 3979,Industrial Equipment,Standard,Liter,433.06,755.47,Active
3980,PROD-003980,958,Pneumatic Control Unit Specialty Series 3980,Industrial Equipment,Specialty,Meter,206.82,445.01,Active
3981,PROD-003981,211,Polymer Resin Specialty Series 3981,Raw Materials,Specialty,Meter,136.38,340.94,Active
3982,PROD-003982,731,Power Distribution Module Specialty Series 3982,Electronics,Specialty,Kg,493.7,1126.08,Active
3983,PROD-003983,366,Material Handling Unit Specialty Series 3983,Industrial Equipment,Specialty,Each,303.89,679.17,Active
3984,PROD-003984,269,Engineering Plastic Pellets Premium Series 3984,Raw Materials,Premium,Liter,300.55,622.8,Active
3985,PROD-003985,996,Hydraulic Power Unit Premium Series 3985,Industrial Equipment,Premium,Meter,492.32,1027.08,Active
3986,PROD-003986,417,Aluminum Sheet Stock Specialty Series 3986,Raw Materials,Specialty,Each,46.59,77.84,Active
3987,PROD-003987,4,Proximity Sensor Standard Series 3987,Electronics,Standard,Meter,121.59,157.66,Active
3988,PROD-003988,700,Process Pump Assembly Specialty Series 3988,Industrial Equipment,Specialty,Meter,179.01,260.99,Active
3989,PROD-003989,548,Motor Control Panel Standard Series 3989,Electronics,Standard,Each,204.67,268.41,Active
3990,PROD-003990,363,Industrial Signal Converter Premium Series 3990,Electronics,Premium,Each,39.84,65.2,Active
3991,PROD-003991,166,Industrial Control Module Standard Series 3991,Electronics,Standard,Each,425.2,770.89,Active
3992,PROD-003992,26,Aluminum Sheet Stock Specialty Series 3992,Raw Materials,Specialty,Each,400.0,807.12,Inactive
3993,PROD-003993,720,Proximity Sensor Standard Series 3993,Electronics,Standard,Liter,360.99,452.65,Active
3994,PROD-003994,213,Process Pump Assembly Standard Series 3994,Industrial Equipment,Standard,Meter,434.35,1067.44,Active
3995,PROD-003995,443,Heavy-Duty Packaging Sleeve Specialty Series 3995,Packaging,Specialty,Each,167.46,374.55,Active
3996,PROD-003996,276,Thermal Processing Unit Standard Series 3996,Industrial Equipment,Standard,Meter,38.21,64.14,Active
3997,PROD-003997,56,Cold Rolled Steel Coil Premium Series 3997,Raw Materials,Premium,Kg,252.42,622.54,Active
3998,PROD-003998,827,Protective Packaging Insert Specialty Series 3998,Packaging,Specialty,Each,42.14,85.15,Active
3999,PROD-003999,699,Industrial Drive System Standard Series 3999,Industrial Equipment,Standard,Each,83.75,200.68,Active
4000,PROD-004000,141,Pallet Wrap Assembly Standard Series 4000,Packaging,Standard,Kg,407.5,639.5,Active
4001,PROD-004001,860,Heavy-Duty Packaging Sleeve Specialty Series 4001,Packaging,Specialty,Meter,71.85,139.25,Active
4002,PROD-004002,801,Reusable Transport Crate Standard Series 4002,Packaging,Standard,Kg,141.51,236.82,Active
4003,PROD-004003,143,Corrugated Shipping Carton Premium Series 4003,Packaging,Premium,Meter,282.27,658.0,Active
4004,PROD-004004,320,Protective Packaging Insert Standard Series 4004,Packaging,Standard,Each,438.53,768.51,Active
4005,PROD-004005,35,Aluminum Mounting Bracket Premium Series 4005,Components,Premium,Kg,450.29,881.66,Active
4006,PROD-004006,212,Power Distribution Module Premium Series 4006,Electronics,Premium,Meter,491.67,712.65,Active
4007,PROD-004007,631,Motor Control Panel Premium Series 4007,Electronics,Premium,Meter,39.07,85.63,Active
4008,PROD-004008,402,Conveyor Roller Assembly Premium Series 4008,Components,Premium,Each,438.85,550.02,Inactive
4009,PROD-004009,419,Precision Bearing Assembly Standard Series 4009,Components,Standard,Each,200.21,500.31,Inactive
4010,PROD-004010,797,Steel Coupling Specialty Series 4010,Components,Specialty,Each,53.08,89.29,Active
4011,PROD-004011,568,Aluminum Mounting Bracket Premium Series 4011,Components,Premium,Kg,82.79,104.13,Active
4012,PROD-004012,769,Drive Shaft Assembly Standard Series 4012,Components,Standard,Kg,395.2,582.8,Active
4013,PROD-004013,838,Heavy-Duty Packaging Sleeve Premium Series 4013,Packaging,Premium,Kg,275.9,527.32,Active
4014,PROD-004014,581,Conveyor Roller Assembly Premium Series 4014,Components,Premium,Liter,260.7,634.91,Active
4015,PROD-004015,669,Hydraulic Power Unit Premium Series 4015,Industrial Equipment,Premium,Meter,171.63,313.43,Active
4016,PROD-004016,179,Steel Coupling Premium Series 4016,Components,Premium,Liter,432.96,790.66,Active
4017,PROD-004017,463,Proximity Sensor Specialty Series 4017,Electronics,Specialty,Meter,51.92,91.78,Active
4018,PROD-004018,784,Drive Shaft Assembly Specialty Series 4018,Components,Specialty,Each,109.94,166.18,Active
4019,PROD-004019,726,Stainless Steel Sheet Specialty Series 4019,Raw Materials,Specialty,Each,205.88,293.73,Active
4020,PROD-004020,734,Conveyor Roller Assembly Premium Series 4020,Components,Premium,Kg,371.95,747.89,Active
4021,PROD-004021,476,Cold Rolled Steel Coil Premium Series 4021,Raw Materials,Premium,Kg,376.55,799.67,Active
4022,PROD-004022,468,Protective Packaging Insert Premium Series 4022,Packaging,Premium,Liter,112.31,248.55,Active
4023,PROD-004023,661,Proximity Sensor Standard Series 4023,Electronics,Standard,Liter,21.77,46.75,Active
4024,PROD-004024,177,Drive Shaft Assembly Specialty Series 4024,Components,Specialty,Liter,162.77,208.82,Active
4025,PROD-004025,978,Stainless Steel Sheet Standard Series 4025,Raw Materials,Standard,Each,151.11,279.84,Active
4026,PROD-004026,161,Engineering Plastic Pellets Specialty Series 4026,Raw Materials,Specialty,Liter,345.46,802.01,Active
4027,PROD-004027,685,Corrugated Shipping Carton Specialty Series 4027,Packaging,Specialty,Each,152.88,207.26,Active
4028,PROD-004028,97,Aluminum Sheet Stock Premium Series 4028,Raw Materials,Premium,Each,221.57,454.9,Active
4029,PROD-004029,897,Aluminum Mounting Bracket Specialty Series 4029,Components,Specialty,Each,398.06,777.91,Active
4030,PROD-004030,539,Industrial Copper Wire Premium Series 4030,Raw Materials,Premium,Kg,258.61,577.93,Active
4031,PROD-004031,747,Heavy-Duty Packaging Sleeve Specialty Series 4031,Packaging,Specialty,Liter,247.36,444.69,Active
4032,PROD-004032,282,Industrial Signal Converter Specialty Series 4032,Electronics,Specialty,Meter,32.33,69.93,Active
4033,PROD-004033,944,Cold Rolled Steel Coil Specialty Series 4033,Raw Materials,Specialty,Each,307.48,384.74,Active
4034,PROD-004034,632,Variable Frequency Drive Standard Series 4034,Electronics,Standard,Liter,122.58,213.55,Active
4035,PROD-004035,712,Proximity Sensor Premium Series 4035,Electronics,Premium,Meter,146.81,215.4,Active
4036,PROD-004036,471,Drive Shaft Assembly Premium Series 4036,Components,Premium,Kg,57.65,81.04,Active
4037,PROD-004037,253,Motor Control Panel Standard Series 4037,Electronics,Standard,Kg,332.04,680.66,Active
4038,PROD-004038,517,Industrial Signal Converter Specialty Series 4038,Electronics,Specialty,Liter,262.38,587.57,Active
4039,PROD-004039,3,Cold Rolled Steel Coil Premium Series 4039,Raw Materials,Premium,Each,361.89,856.42,Active
4040,PROD-004040,786,Steel Coupling Specialty Series 4040,Components,Specialty,Liter,307.12,427.91,Active
4041,PROD-004041,837,Industrial Stretch Film Standard Series 4041,Packaging,Standard,Each,449.57,1055.75,Inactive
4042,PROD-004042,948,Power Distribution Module Specialty Series 4042,Electronics,Specialty,Kg,242.49,428.54,Active
4043,PROD-004043,139,Material Handling Unit Premium Series 4043,Industrial Equipment,Premium,Each,321.35,542.15,Inactive
4044,PROD-004044,168,Reusable Transport Crate Standard Series 4044,Packaging,Standard,Meter,443.56,604.67,Active
4045,PROD-004045,951,Industrial Control Module Standard Series 4045,Electronics,Standard,Meter,349.87,496.84,Active
4046,PROD-004046,917,Aluminum Sheet Stock Premium Series 4046,Raw Materials,Premium,Meter,237.26,515.68,Active
4047,PROD-004047,280,Aluminum Mounting Bracket Standard Series 4047,Components,Standard,Liter,478.29,829.01,Active
4048,PROD-004048,6,Industrial Copper Wire Specialty Series 4048,Raw Materials,Specialty,Kg,436.69,593.44,Active
4049,PROD-004049,176,Material Handling Unit Specialty Series 4049,Industrial Equipment,Specialty,Kg,288.14,418.26,Active
4050,PROD-004050,641,Engineering Plastic Pellets Standard Series 4050,Raw Materials,Standard,Meter,496.77,839.75,Active
4051,PROD-004051,126,Cold Rolled Steel Coil Standard Series 4051,Raw Materials,Standard,Liter,279.43,389.81,Active
4052,PROD-004052,848,Aluminum Sheet Stock Premium Series 4052,Raw Materials,Premium,Meter,119.16,269.04,Active
4053,PROD-004053,429,Industrial Drive System Premium Series 4053,Industrial Equipment,Premium,Each,282.84,653.13,Active
4054,PROD-004054,925,Pallet Wrap Assembly Specialty Series 4054,Packaging,Specialty,Meter,481.52,1121.29,Active
4055,PROD-004055,836,Stainless Steel Sheet Premium Series 4055,Raw Materials,Premium,Meter,20.5,43.3,Active
4056,PROD-004056,23,Reusable Transport Crate Premium Series 4056,Packaging,Premium,Liter,140.24,208.16,Inactive
4057,PROD-004057,483,Precision Bearing Assembly Standard Series 4057,Components,Standard,Kg,360.8,726.81,Active
4058,PROD-004058,363,Protective Packaging Insert Specialty Series 4058,Packaging,Specialty,Meter,496.46,1121.83,Active
4059,PROD-004059,231,Industrial Stretch Film Premium Series 4059,Packaging,Premium,Kg,414.12,940.54,Active
4060,PROD-004060,772,Power Distribution Module Standard Series 4060,Electronics,Standard,Each,90.67,155.25,Active
4061,PROD-004061,376,Motor Control Panel Standard Series 4061,Electronics,Standard,Liter,24.59,59.03,Inactive
4062,PROD-004062,85, Thermal Processing Unit Premium Series 4062 ,Industrial Equipment,Premium,Liter,13.41,26.32,Active
4063,PROD-004063,628,Industrial Control Module Standard Series 4063,Electronics,Standard,Meter,182.71,289.92,Inactive
4064,PROD-004064,709,Steel Coupling Premium Series 4064,Components,Premium,Each,185.14,237.68,Active
4065,PROD-004065,491,Industrial Stretch Film Specialty Series 4065,Packaging,Specialty,Each,345.15,692.14,Active
4066,PROD-004066,530,Process Pump Assembly Standard Series 4066,Industrial Equipment,Standard,Meter,174.85,416.9,Active
4067,PROD-004067,945,Industrial Valve Assembly Standard Series 4067,Components,Standard,Meter,470.89,625.49,Active
4068,PROD-004068,293,Reusable Transport Crate Premium Series 4068,Packaging,Premium,Meter,200.11,395.4,Active
4069,PROD-004069,888,Hydraulic Power Unit Specialty Series 4069,Industrial Equipment,Specialty,Liter,100.25,176.95,Active
4070,PROD-004070,437,Steel Coupling Specialty Series 4070,Components,Specialty,Liter,386.36,722.02,Active
4071,PROD-004071,212,Industrial Stretch Film Standard Series 4071,Packaging,Standard,Kg,10.25,19.35,Active
4072,PROD-004072,101,Pallet Wrap Assembly Specialty Series 4072,Packaging,Specialty,Kg,302.64,527.31,Active
4073,PROD-004073,512,Motor Control Panel Standard Series 4073,Electronics,Standard,Meter,430.05,808.95,Active
4074,PROD-004074,299,Conveyor Roller Assembly Premium Series 4074,Components,Premium,Meter,211.9,354.52,Active
4075,PROD-004075,696,Precision Bearing Assembly Specialty Series 4075,Components,Specialty,Meter,483.43,906.02,Active
4076,PROD-004076,228,Pneumatic Control Unit Premium Series 4076,Industrial Equipment,Premium,Kg,319.57,578.69,Active
4077,PROD-004077,858,Industrial Drive System Specialty Series 4077,Industrial Equipment,Specialty,Liter,294.06,511.41,Active
4078,PROD-004078,706,Drive Shaft Assembly Specialty Series 4078,Components,Specialty,Liter,217.06,448.02,Active
4079,PROD-004079,510,Stainless Steel Sheet Premium Series 4079,Raw Materials,Premium,Meter,100.24,167.28,Active
4080,PROD-004080,938,Industrial Signal Converter Specialty Series 4080,Electronics,Specialty,Liter,53.9,119.46,Active
4081,PROD-004081,10,Industrial Control Module Standard Series 4081,Electronics,Standard,Meter,441.83,697.87,Active
4082,PROD-004082,821,Variable Frequency Drive Specialty Series 4082,Electronics,Specialty,Meter,56.92,141.36,Active
4083,PROD-004083,589,Polymer Resin Standard Series 4083,Raw Materials,Standard,Each,297.24,723.6,Active
4084,PROD-004084,482,Industrial Copper Wire Premium Series 4084,Raw Materials,Premium,Kg,16.64,27.16,Active
4085,PROD-004085,841,Stainless Steel Sheet Premium Series 4085,Raw Materials,Premium,Liter,449.28,590.19,Active
4086,PROD-004086,289,Thermal Processing Unit Standard Series 4086,Industrial Equipment,Standard,Liter,211.8,292.97,Active
4087,PROD-004087,332,Cold Rolled Steel Coil Standard Series 4087,Raw Materials,Standard,Liter,328.2,744.01,Active
4088,PROD-004088,210,Aluminum Sheet Stock Premium Series 4088,Raw Materials,Premium,Meter,141.07,207.86,Active
4089,PROD-004089,76,Aluminum Mounting Bracket Standard Series 4089,Components,Standard,Meter,35.38,81.28,Active
4090,PROD-004090,138,Process Pump Assembly Standard Series 4090,Industrial Equipment,Standard,Kg,68.1,148.72,Active
4091,PROD-004091,823,Stainless Steel Sheet Premium Series 4091,Raw Materials,Premium,Kg,463.13,658.95,Active
4092,PROD-004092,88,Thermal Processing Unit Standard Series 4092,Industrial Equipment,Standard,Liter,30.87,57.33,Inactive
4093,PROD-004093,459,Corrugated Shipping Carton Premium Series 4093,Packaging,Premium,Meter,340.52,716.13,Active
4094,PROD-004094,798,Pneumatic Control Unit Premium Series 4094,Industrial Equipment,Premium,Liter,447.14,803.53,Active
4095,PROD-004095,311,Aluminum Mounting Bracket Specialty Series 4095,Components,Specialty,Kg,163.48,277.08,Active
4096,PROD-004096,797,Power Distribution Module Premium Series 4096,Electronics,Premium,Kg,424.75,1039.86,Active
4097,PROD-004097,71,Stainless Steel Sheet Specialty Series 4097,Raw Materials,Specialty,Kg,95.12,170.1,Active
4098,PROD-004098,915,Reusable Transport Crate Premium Series 4098,Packaging,Premium,Each,17.64,22.91,Active
4099,PROD-004099,402,Corrugated Shipping Carton Standard Series 4099,Packaging,Standard,Meter,375.0,787.75,Active
4100,PROD-004100,842,Pneumatic Control Unit Specialty Series 4100,Industrial Equipment,Specialty,Liter,263.66,340.93,Active
4101,PROD-004101,726,Aluminum Mounting Bracket Specialty Series 4101,Components,Specialty,Liter,323.38,646.2,Active
4102,PROD-004102,690,Drive Shaft Assembly Standard Series 4102,Components,Standard,Each,163.61,378.78,Active
4103,PROD-004103,725,Heavy-Duty Packaging Sleeve Specialty Series 4103,Packaging,Specialty,Each,303.8,568.92,Active
4104,PROD-004104,16,Engineering Plastic Pellets Standard Series 4104,Raw Materials,Standard,Meter,40.67,77.59,Inactive
4105,PROD-004105,199,Industrial Control Module Standard Series 4105,Electronics,Standard,Meter,303.65,634.25,Active
4106,PROD-004106,502,Aluminum Sheet Stock Premium Series 4106,Raw Materials,Premium,Liter,284.66,649.69,Active
4107,PROD-004107,663,Industrial Stretch Film Standard Series 4107,Packaging,Standard,Each,255.63,499.9,Active
4108,PROD-004108,695,Process Pump Assembly Specialty Series 4108,Industrial Equipment,Specialty,Kg,53.12,95.91,Active
4109,PROD-004109,556,Material Handling Unit Premium Series 4109,Industrial Equipment,Premium,Liter,17.21,27.99,Active
4110,PROD-004110,989,Thermal Processing Unit Premium Series 4110,Industrial Equipment,Premium,Meter,158.75,272.87,Active
4111,PROD-004111,650,Hydraulic Power Unit Standard Series 4111,Industrial Equipment,Standard,Liter,268.07,639.38,Active
4112,PROD-004112,123,Aluminum Sheet Stock Specialty Series 4112,Raw Materials,Specialty,Each,388.66,888.28,Active
4113,PROD-004113,136,Aluminum Mounting Bracket Specialty Series 4113,Components,Specialty,Each,70.57,94.62,Active
4114,PROD-004114,944,Process Pump Assembly Premium Series 4114,Industrial Equipment,Premium,Kg,388.24,815.53,Active
4115,PROD-004115,658,Stainless Steel Sheet Specialty Series 4115,Raw Materials,Specialty,Liter,203.47,461.65,Active
4116,PROD-004116,72,Thermal Processing Unit Standard Series 4116,Industrial Equipment,Standard,Each,114.97,171.0,Active
4117,PROD-004117,454,Corrugated Shipping Carton Specialty Series 4117,Packaging,Specialty,Kg,219.19,464.02,Active
4118,PROD-004118,463,Protective Packaging Insert Specialty Series 4118,Packaging,Specialty,Kg,292.63,436.12,Active
4119,PROD-004119,719,Industrial Drive System Specialty Series 4119,Industrial Equipment,Specialty,Liter,360.76,605.89,Active
4120,PROD-004120,539,Pallet Wrap Assembly Premium Series 4120,Packaging,Premium,Kg,237.18,529.65,Active
4121,PROD-004121,923,Material Handling Unit Specialty Series 4121,Industrial Equipment,Specialty,Kg,361.8,456.43,Active
4122,PROD-004122,499,Engineering Plastic Pellets Specialty Series 4122,Raw Materials,Specialty,Kg,346.94,560.54,Active
4123,PROD-004123,464,Corrugated Shipping Carton Standard Series 4123,Packaging,Standard,Liter,447.7,639.23,Active
4124,PROD-004124,409,Variable Frequency Drive Premium Series 4124,Electronics,Premium,Kg,237.7,464.86,Active
4125,PROD-004125,508,Industrial Drive System Premium Series 4125,Industrial Equipment,Premium,Kg,319.77,723.04,Active
4126,PROD-004126,785,Pallet Wrap Assembly Specialty Series 4126,Packaging,Specialty,Meter,202.67,416.5,Active
4127,PROD-004127,808,Material Handling Unit Standard Series 4127,Industrial Equipment,Standard,Meter,316.92,644.45,Active
4128,PROD-004128,91,Thermal Processing Unit Standard Series 4128,Industrial Equipment,Standard,Liter,307.28,488.57,Active
4129,PROD-004129,706,Cold Rolled Steel Coil Premium Series 4129,Raw Materials,Premium,Meter,89.26,216.14,Active
4130,PROD-004130,664,Steel Coupling Standard Series 4130,Components,Standard,Liter,226.55,501.41,Active
4131,PROD-004131,906,Proximity Sensor Premium Series 4131,Electronics,Premium,Liter,439.76,1069.27,Active
4132,PROD-004132,473,Power Distribution Module Specialty Series 4132,Electronics,Specialty,Liter,127.46,294.19,Active
4133,PROD-004133,207,Industrial Valve Assembly Specialty Series 4133,Components,Specialty,Kg,300.05,726.18,Active
4134,PROD-004134,644,Industrial Signal Converter Standard Series 4134,Electronics,Standard,Meter,235.51,567.34,Active
4135,PROD-004135,873,Industrial Control Module Standard Series 4135,Electronics,Standard,Kg,403.28,773.42,Active
4136,PROD-004136,372,Pneumatic Control Unit Premium Series 4136,Industrial Equipment,Premium,Liter,408.79,803.81,Active
4137,PROD-004137,307,Aluminum Mounting Bracket Standard Series 4137,Components,Standard,Each,228.71,311.66,Active
4138,PROD-004138,853,Process Pump Assembly Premium Series 4138,Industrial Equipment,Premium,Each,150.94,206.08,Active
4139,PROD-004139,561,Stainless Steel Sheet Premium Series 4139,Raw Materials,Premium,Meter,159.71,321.38,Active
4140,PROD-004140,418,Industrial Signal Converter Premium Series 4140,Electronics,Premium,Meter,342.28,683.25,Active
4141,PROD-004141,216,Hydraulic Power Unit Specialty Series 4141,Industrial Equipment,Specialty,Kg,274.32,454.71,Active
4142,PROD-004142,223,Variable Frequency Drive Standard Series 4142,Electronics,Standard,Each,476.21,1019.71,Active
4143,PROD-004143,11,Industrial Stretch Film Standard Series 4143,Packaging,Standard,Meter,448.59,879.33,Active
4144,PROD-004144,279,Process Pump Assembly Specialty Series 4144,Industrial Equipment,Specialty,Kg,239.74,413.63,Active
4145,PROD-004145,343,Industrial Valve Assembly Standard Series 4145,Components,Standard,Meter,27.76,55.32,Active
4146,PROD-004146,776,Conveyor Roller Assembly Standard Series 4146,Components,Standard,Liter,169.29,287.63,Active
4147,PROD-004147,532,Precision Bearing Assembly Specialty Series 4147,Components,Specialty,Kg,283.11,661.91,Active
4148,PROD-004148,269,Aluminum Sheet Stock Standard Series 4148,Raw Materials,Standard,Kg,324.67,536.08,Active
4149,PROD-004149,538,Industrial Drive System Specialty Series 4149,Industrial Equipment,Specialty,Meter,418.02,947.46,Active
4150,PROD-004150,656,Process Pump Assembly Premium Series 4150,Industrial Equipment,Premium,Meter,281.65,461.51,Active
4151,PROD-004151,81,Stainless Steel Sheet Standard Series 4151,Raw Materials,Standard,Each,271.39,344.67,Active
4152,PROD-004152,823,Industrial Signal Converter Specialty Series 4152,Electronics,Specialty,Liter,435.85,821.58,Active
4153,PROD-004153,678,Precision Bearing Assembly Standard Series 4153,Components,Standard,Liter,470.9,938.15,Active
4154,PROD-004154,320,Pneumatic Control Unit Specialty Series 4154,Industrial Equipment,Specialty,Each,155.97,247.43,Inactive
4155,PROD-004155,576,Polymer Resin Standard Series 4155,Raw Materials,Standard,Each,288.45,373.49,Active
4156,PROD-004156,936,Process Pump Assembly Premium Series 4156,Industrial Equipment,Premium,Liter,371.76,701.99,Active
4157,PROD-004157,568,Heavy-Duty Packaging Sleeve Specialty Series 4157,Packaging,Specialty,Each,200.25,394.05,Active
4158,PROD-004158,661,Reusable Transport Crate Premium Series 4158,Packaging,Premium,Each,471.3,647.9,Active
4159,PROD-004159,526,Corrugated Shipping Carton Specialty Series 4159,Packaging,Specialty,Meter,196.66,340.47,Active
4160,PROD-004160,906,Aluminum Sheet Stock Standard Series 4160,Raw Materials,Standard,Meter,284.18,539.72,Active
4161,PROD-004161,546,Aluminum Mounting Bracket Premium Series 4161,Components,Premium,Kg,20.18,39.63,Active
4162,PROD-004162,805,Process Pump Assembly Standard Series 4162,Industrial Equipment,Standard,Kg,258.77,539.77,Active
4163,PROD-004163,54,Material Handling Unit Premium Series 4163,Industrial Equipment,Premium,Kg,210.19,294.12,Inactive
4164,PROD-004164,884,Conveyor Roller Assembly Standard Series 4164,Components,Standard,Meter,25.67,53.96,Active
4165,PROD-004165,903,Precision Bearing Assembly Standard Series 4165,Components,Standard,Liter,114.35,223.95,Active
4166,PROD-004166,926,Protective Packaging Insert Standard Series 4166,Packaging,Standard,Kg,455.06,687.39,Active
4167,PROD-004167,123,Proximity Sensor Premium Series 4167,Electronics,Premium,Each,319.63,529.35,Active
4168,PROD-004168,261,Process Pump Assembly Premium Series 4168,Industrial Equipment,Premium,Meter,246.64,308.31,Active
4169,PROD-004169,984,Material Handling Unit Specialty Series 4169,Industrial Equipment,Specialty,Meter,397.11,907.9,Active
4170,PROD-004170,11,Thermal Processing Unit Specialty Series 4170,Industrial Equipment,Specialty,Kg,217.12,487.37,Active
4171,PROD-004171,335,Corrugated Shipping Carton Standard Series 4171,Packaging,Standard,Each,118.29,246.14,Inactive
4172,PROD-004172,47,Aluminum Sheet Stock Premium Series 4172,Raw Materials,Premium,Meter,364.11,533.26,Inactive
4173,PROD-004173,918,Proximity Sensor Premium Series 4173,Electronics,Premium,Liter,234.73,508.05,Active
4174,PROD-004174,417,Industrial Copper Wire Specialty Series 4174,Raw Materials,Specialty,Each,83.56,107.11,Inactive
4175,PROD-004175,383,Heavy-Duty Packaging Sleeve Premium Series 4175,Packaging,Premium,Each,56.84,129.39,Active
4176,PROD-004176,796,Conveyor Roller Assembly Standard Series 4176,Components,Standard,Kg,411.6,659.95,Active
4177,PROD-004177,112,Precision Bearing Assembly Specialty Series 4177,Components,Specialty,Each,289.11,467.3,Active
4178,PROD-004178,311,Protective Packaging Insert Specialty Series 4178,Packaging,Specialty,Meter,400.78,893.62,Active
4179,PROD-004179,465,Industrial Drive System Specialty Series 4179,Industrial Equipment,Specialty,Kg,107.25,220.91,Active
4180,PROD-004180,76,Pallet Wrap Assembly Specialty Series 4180,Packaging,Specialty,Each,284.41,464.09,Active
4181,PROD-004181,366,Heavy-Duty Packaging Sleeve Standard Series 4181,Packaging,Standard,Each,14.08,24.75,Active
4182,PROD-004182,51,Engineering Plastic Pellets Specialty Series 4182,Raw Materials,Specialty,Liter,354.92,449.54,Active
4183,PROD-004183,401,Cold Rolled Steel Coil Standard Series 4183,Raw Materials,Standard,Kg,280.64,634.77,Active
4184,PROD-004184,752,Variable Frequency Drive Premium Series 4184,Electronics,Premium,Each,422.75,592.62,Active
4185,PROD-004185,625,Proximity Sensor Premium Series 4185,Electronics,Premium,Each,339.61,440.64,Active
4186,PROD-004186,427,Power Distribution Module Specialty Series 4186,Electronics,Specialty,Each,474.97,1070.03,Active
4187,PROD-004187,914,Motor Control Panel Premium Series 4187,Electronics,Premium,Meter,74.21,126.24,Active
4188,PROD-004188,213,Conveyor Roller Assembly Standard Series 4188,Components,Standard,Meter,145.18,183.03,Active
4189,PROD-004189,936,Corrugated Shipping Carton Standard Series 4189,Packaging,Standard,Kg,174.94,405.04,Active
4190,PROD-004190,555,Protective Packaging Insert Specialty Series 4190,Packaging,Specialty,Liter,335.35,754.8,Active
4191,PROD-004191,497,Industrial Drive System Premium Series 4191,Industrial Equipment,Premium,Each,333.69,722.79,Active
4192,PROD-004192,284,Industrial Copper Wire Premium Series 4192,Raw Materials,Premium,Kg,411.03,977.76,Active
4193,PROD-004193,640,Industrial Valve Assembly Standard Series 4193,Components,Standard,Each,347.26,761.68,Active
4194,PROD-004194,950,Conveyor Roller Assembly Standard Series 4194,Components,Standard,Each,200.51,437.48,Active
4195,PROD-004195,336,Cold Rolled Steel Coil Standard Series 4195,Raw Materials,Standard,Liter,56.23,125.11,Active
4196,PROD-004196,707,Pneumatic Control Unit Premium Series 4196,Industrial Equipment,Premium,Meter,254.61,452.72,Active
4197,PROD-004197,367,Proximity Sensor Premium Series 4197,Electronics,Premium,Meter,98.29,207.77,Active
4198,PROD-004198,115,Power Distribution Module Specialty Series 4198,Electronics,Specialty,Meter,103.14,246.93,Active
4199,PROD-004199,156,Stainless Steel Sheet Standard Series 4199,Raw Materials,Standard,Liter,497.15,979.6,Active
4200,PROD-004200,294,Thermal Processing Unit Standard Series 4200,Industrial Equipment,Standard,Kg,446.3,623.11,Active
4201,PROD-004201,691,Precision Bearing Assembly Specialty Series 4201,Components,Specialty,Liter,42.96,101.8,Active
4202,PROD-004202,581,Protective Packaging Insert Standard Series 4202,Packaging,Standard,Liter,397.55,558.72,Active
4203,PROD-004203,856,Aluminum Mounting Bracket Standard Series 4203,Components,Standard,Liter,350.52,641.98,Active
4204,PROD-004204,373,Pallet Wrap Assembly Premium Series 4204,Packaging,Premium,Kg,98.31,210.24,Active
4205,PROD-004205,24,Stainless Steel Sheet Premium Series 4205,Raw Materials,Premium,Kg,290.32,447.68,Active
4206,PROD-004206,224,Conveyor Roller Assembly Standard Series 4206,Components,Standard,Meter,169.13,343.51,Active
4207,PROD-004207,470,Cold Rolled Steel Coil Specialty Series 4207,Raw Materials,Specialty,Liter,44.76,84.31,Active
4208,PROD-004208,208,Protective Packaging Insert Specialty Series 4208,Packaging,Specialty,Each,33.28,60.04,Active
4209,PROD-004209,249,Aluminum Mounting Bracket Premium Series 4209,Components,Premium,Kg,87.15,150.5,Active
4210,PROD-004210,934,Pallet Wrap Assembly Specialty Series 4210,Packaging,Specialty,Each,133.96,287.36,Active
4211,PROD-004211,861,Heavy-Duty Packaging Sleeve Specialty Series 4211,Packaging,Specialty,Liter,247.67,470.84,Active
4212,PROD-004212,423,Industrial Signal Converter Premium Series 4212,Electronics,Premium,Meter,103.75,225.41,Active
4213,PROD-004213,526,Corrugated Shipping Carton Premium Series 4213,Packaging,Premium,Each,68.97,117.31,Active
4214,PROD-004214,198,Variable Frequency Drive Specialty Series 4214,Electronics,Specialty,Liter,491.69,1196.34,Active
4215,PROD-004215,267,Industrial Drive System Premium Series 4215,Industrial Equipment,Premium,Liter,333.51,527.18,Active
4216,PROD-004216,860,Pallet Wrap Assembly Standard Series 4216,Packaging,Standard,Each,423.82,939.55,Active
4217,PROD-004217,735,Material Handling Unit Specialty Series 4217,Industrial Equipment,Specialty,Each,361.53,885.32,Active
4218,PROD-004218,490,Engineering Plastic Pellets Standard Series 4218,Raw Materials,Standard,Kg,391.07,942.94,Active
4219,PROD-004219,311,Industrial Control Module Premium Series 4219,Electronics,Premium,Liter,302.37,586.84,Active
4220,PROD-004220,791,Pneumatic Control Unit Premium Series 4220,Industrial Equipment,Premium,Liter,249.91,336.65,Active
4221,PROD-004221,991,Proximity Sensor Premium Series 4221,Electronics,Premium,Each,413.7,692.4,Active
4222,PROD-004222,113,Industrial Copper Wire Specialty Series 4222,Raw Materials,Specialty,Kg,488.53,904.34,Inactive
4223,PROD-004223,268,Stainless Steel Sheet Specialty Series 4223,Raw Materials,Specialty,Kg,42.91,100.98,Active
4224,PROD-004224,638,Conveyor Roller Assembly Specialty Series 4224,Components,Specialty,Kg,386.46,572.08,Active
4225,PROD-004225,228,Industrial Control Module Specialty Series 4225,Electronics,Specialty,Each,105.52,150.07,Active
4226,PROD-004226,975,Variable Frequency Drive Standard Series 4226,Electronics,Standard,Each,125.68,279.03,Active
4227,PROD-004227,176,Aluminum Mounting Bracket Specialty Series 4227,Components,Specialty,Each,27.91,35.78,Active
4228,PROD-004228,322,Power Distribution Module Standard Series 4228,Electronics,Standard,Meter,420.33,530.31,Active
4229,PROD-004229,807,Industrial Valve Assembly Specialty Series 4229,Components,Specialty,Kg,496.3,756.89,Active
4230,PROD-004230,550,Thermal Processing Unit Premium Series 4230,Industrial Equipment,Premium,Liter,83.46,110.15,Active
4231,PROD-004231,17,Hydraulic Power Unit Premium Series 4231,Industrial Equipment,Premium,Kg,306.89,574.68,Active
4232,PROD-004232,909,Steel Coupling Premium Series 4232,Components,Premium,Meter,305.87,592.85,Active
4233,PROD-004233,352,Polymer Resin Specialty Series 4233,Raw Materials,Specialty,Liter,110.03,197.43,Active
4234,PROD-004234,764,Industrial Copper Wire Premium Series 4234,Raw Materials,Premium,Each,46.67,82.82,Active
4235,PROD-004235,85,Heavy-Duty Packaging Sleeve Standard Series 4235,Packaging,Standard,Each,348.44,556.89,Active
4236,PROD-004236,217,Conveyor Roller Assembly Specialty Series 4236,Components,Specialty,Liter,488.22,1148.46,Active
4237,PROD-004237,314,Corrugated Shipping Carton Specialty Series 4237,Packaging,Specialty,Each,62.57,114.62,Inactive
4238,PROD-004238,558,Protective Packaging Insert Premium Series 4238,Packaging,Premium,Meter,125.57,273.85,Active
4239,PROD-004239,363,Industrial Drive System Premium Series 4239,Industrial Equipment,Premium,Kg,341.88,726.78,Active
4240,PROD-004240,911,Process Pump Assembly Standard Series 4240,Industrial Equipment,Standard,Kg,296.02,392.14,Active
4241,PROD-004241,263,Motor Control Panel Premium Series 4241,Electronics,Premium,Each,497.46,1186.4,Active
4242,PROD-004242,848,Conveyor Roller Assembly Premium Series 4242,Components,Premium,Kg,161.55,282.63,Active
4243,PROD-004243,514,Corrugated Shipping Carton Standard Series 4243,Packaging,Standard,Liter,135.27,294.3,Inactive
4244,PROD-004244,681,Variable Frequency Drive Standard Series 4244,Electronics,Standard,Kg,157.23,298.32,Active
4245,PROD-004245,125,Industrial Drive System Standard Series 4245,Industrial Equipment,Standard,Kg,221.09,279.83,Active
4246,PROD-004246,263,Power Distribution Module Standard Series 4246,Electronics,Standard,Each,158.59,384.51,Active
4247,PROD-004247,665,Motor Control Panel Premium Series 4247,Electronics,Premium,Each,210.46,295.57,Active
4248,PROD-004248,196,Engineering Plastic Pellets Standard Series 4248,Raw Materials,Standard,Liter,353.06,785.69,Active
4249,PROD-004249,59,Cold Rolled Steel Coil Specialty Series 4249,Raw Materials,Specialty,Meter,20.93,50.92,Inactive
4250,PROD-004250,263,Protective Packaging Insert Specialty Series 4250,Packaging,Specialty,Liter,310.96,671.89,Active
4251,PROD-004251,611,Polymer Resin Standard Series 4251,Raw Materials,Standard,Liter,216.54,415.15,Active
4252,PROD-004252,801,Power Distribution Module Specialty Series 4252,Electronics,Specialty,Meter,264.77,423.7,Active
4253,PROD-004253,370,Industrial Valve Assembly Standard Series 4253,Components,Standard,Meter,397.17,805.01,Active
4254,PROD-004254,349,Reusable Transport Crate Standard Series 4254,Packaging,Standard,Kg,316.37,517.22,Active
4255,PROD-004255,125,Hydraulic Power Unit Premium Series 4255,Industrial Equipment,Premium,Each,357.08,545.63,Active
4256,PROD-004256,672,Aluminum Sheet Stock Specialty Series 4256,Raw Materials,Specialty,Liter,499.33,966.04,Active
4257,PROD-004257,519,Industrial Drive System Premium Series 4257,Industrial Equipment,Premium,Kg,411.54,631.15,Active
4258,PROD-004258,477,Power Distribution Module Standard Series 4258,Electronics,Standard,Meter,462.12,928.43,Active
4259,PROD-004259,592,Motor Control Panel Specialty Series 4259,Electronics,Specialty,Kg,189.8,382.6,Active
4260,PROD-004260,125,Reusable Transport Crate Premium Series 4260,Packaging,Premium,Meter,210.34,379.34,Active
4261,PROD-004261,865,Industrial Control Module Premium Series 4261,Electronics,Premium,Each,28.38,63.22,Active
4262,PROD-004262,103,Variable Frequency Drive Specialty Series 4262,Electronics,Specialty,Meter,163.88,337.51,Active
4263,PROD-004263,612,Industrial Stretch Film Premium Series 4263,Packaging,Premium,Kg,227.05,546.13,Active
4264,PROD-004264,696,Pallet Wrap Assembly Premium Series 4264,Packaging,Premium,Kg,44.44,71.16,Inactive
4265,PROD-004265,983,Heavy-Duty Packaging Sleeve Standard Series 4265,Packaging,Standard,Meter,301.01,695.5,Active
4266,PROD-004266,561,Conveyor Roller Assembly Premium Series 4266,Components,Premium,Liter,144.68,216.91,Active
4267,PROD-004267,975,Hydraulic Power Unit Standard Series 4267,Industrial Equipment,Standard,Liter,185.51,233.66,Active
4268,PROD-004268,865,Aluminum Sheet Stock Premium Series 4268,Raw Materials,Premium,Each,152.74,215.65,Inactive
4269,PROD-004269,965,Proximity Sensor Specialty Series 4269,Electronics,Specialty,Each,418.88,967.86,Active
4270,PROD-004270,950,Power Distribution Module Specialty Series 4270,Electronics,Specialty,Meter,288.26,621.76,Active
4271,PROD-004271,647,Material Handling Unit Premium Series 4271,Industrial Equipment,Premium,Liter,314.77,464.1,Active
4272,PROD-004272,294,Industrial Signal Converter Specialty Series 4272,Electronics,Specialty,Kg,328.79,810.98,Active
4273,PROD-004273,840,Precision Bearing Assembly Standard Series 4273,Components,Standard,Each,416.31,814.55,Active
4274,PROD-004274,436,Aluminum Sheet Stock Standard Series 4274,Raw Materials,Standard,Kg,53.37,92.92,Active
4275,PROD-004275,828,Aluminum Mounting Bracket Specialty Series 4275,Components,Specialty,Meter,256.08,437.47,Active
4276,PROD-004276,394,Process Pump Assembly Specialty Series 4276,Industrial Equipment,Specialty,Kg,71.24,148.09,Active
4277,PROD-004277,54,Stainless Steel Sheet Premium Series 4277,Raw Materials,Premium,Each,231.1,575.22,Active
4278,PROD-004278,870,Reusable Transport Crate Premium Series 4278,Packaging,Premium,Meter,66.87,153.82,Active
4279,PROD-004279,115,Hydraulic Power Unit Premium Series 4279,Industrial Equipment,Premium,Meter,317.88,408.42,Active
4280,PROD-004280,736,Pneumatic Control Unit Standard Series 4280,Industrial Equipment,Standard,Liter,122.19,281.6,Active
4281,PROD-004281,59,Industrial Drive System Standard Series 4281,Industrial Equipment,Standard,Kg,31.41,74.51,Inactive
4282,PROD-004282,412,Process Pump Assembly Specialty Series 4282,Industrial Equipment,Specialty,Liter,161.49,217.0,Active
4283,PROD-004283,482,Material Handling Unit Standard Series 4283,Industrial Equipment,Standard,Each,241.27,577.21,Active
4284,PROD-004284,898,Thermal Processing Unit Specialty Series 4284,Industrial Equipment,Specialty,Liter,480.56,1142.67,Active
4285,PROD-004285,86,Precision Bearing Assembly Standard Series 4285,Components,Standard,Liter,178.02,407.04,Active
4286,PROD-004286,384,Protective Packaging Insert Premium Series 4286,Packaging,Premium,Liter,475.64,878.81,Active
4287,PROD-004287,487,Polymer Resin Standard Series 4287,Raw Materials,Standard,Liter,99.87,157.25,Active
4288,PROD-004288,642,Drive Shaft Assembly Premium Series 4288,Components,Premium,Liter,399.68,583.81,Active
4289,PROD-004289,606,Heavy-Duty Packaging Sleeve Specialty Series 4289,Packaging,Specialty,Each,90.98,133.51,Active
4290,PROD-004290,279,Engineering Plastic Pellets Standard Series 4290,Raw Materials,Standard,Liter,184.63,455.95,Active
4291,PROD-004291,115,Corrugated Shipping Carton Standard Series 4291,Packaging,Standard,Meter,367.5,743.89,Active
4292,PROD-004292,229,Pneumatic Control Unit Specialty Series 4292,Industrial Equipment,Specialty,Kg,311.52,608.29,Active
4293,PROD-004293,64,Aluminum Mounting Bracket Premium Series 4293,Components,Premium,Each,469.79,621.55,Active
4294,PROD-004294,546,Process Pump Assembly Specialty Series 4294,Industrial Equipment,Specialty,Meter,208.43,357.32,Active
4295,PROD-004295,630,Material Handling Unit Specialty Series 4295,Industrial Equipment,Specialty,Meter,222.35,446.86,Active
4296,PROD-004296,580, Engineering Plastic Pellets Specialty Series 4296 ,Raw Materials,Specialty,Liter,115.71,274.7,Active
4297,PROD-004297,211,Hydraulic Power Unit Premium Series 4297,Industrial Equipment,Premium,Meter,85.18,167.61,Active
4298,PROD-004298,772,Variable Frequency Drive Premium Series 4298,Electronics,Premium,Meter,355.52,678.84,Active
4299,PROD-004299,191,Industrial Drive System Specialty Series 4299,Industrial Equipment,Specialty,Each,423.36,648.01,Inactive
4300,PROD-004300,695,Pallet Wrap Assembly Premium Series 4300,Packaging,Premium,Kg,315.07,428.22,Active
4301,PROD-004301,767,Material Handling Unit Specialty Series 4301,Industrial Equipment,Specialty,Each,73.11,135.25,Active
4302,PROD-004302,111,Engineering Plastic Pellets Specialty Series 4302,Raw Materials,Specialty,Meter,131.65,243.07,Active
4303,PROD-004303,788,Corrugated Shipping Carton Standard Series 4303,Packaging,Standard,Liter,148.55,332.32,Active
4304,PROD-004304,549,Protective Packaging Insert Standard Series 4304,Packaging,Standard,Each,346.82,456.78,Active
4305,PROD-004305,36,Industrial Drive System Specialty Series 4305,Industrial Equipment,Specialty,Each,417.99,1026.41,Active
4306,PROD-004306,990,Pallet Wrap Assembly Premium Series 4306,Packaging,Premium,Each,375.83,558.93,Inactive
4307,PROD-004307,56,Motor Control Panel Specialty Series 4307,Electronics,Specialty,Each,290.96,669.43,Active
4308,PROD-004308,191,Conveyor Roller Assembly Specialty Series 4308,Components,Specialty,Liter,246.44,437.02,Inactive
4309,PROD-004309,478,Cold Rolled Steel Coil Premium Series 4309,Raw Materials,Premium,Kg,365.26,889.08,Active
4310,PROD-004310,286,Protective Packaging Insert Specialty Series 4310,Packaging,Specialty,Liter,169.42,364.58,Active
4311,PROD-004311,402, Industrial Drive System Specialty Series 4311 ,Industrial Equipment,Specialty,Each,279.15,490.06,Active
4312,PROD-004312,385,Power Distribution Module Standard Series 4312,Electronics,Standard,Liter,490.35,1220.14,Active
4313,PROD-004313,651,Industrial Valve Assembly Premium Series 4313,Components,Premium,Kg,99.64,166.28,Active
4314,PROD-004314,552,Engineering Plastic Pellets Standard Series 4314,Raw Materials,Standard,Liter,332.65,432.4,Active
4315,PROD-004315,717,Cold Rolled Steel Coil Standard Series 4315,Raw Materials,Standard,Liter,117.92,152.98,Active
4316,PROD-004316,762,Pneumatic Control Unit Standard Series 4316,Industrial Equipment,Standard,Each,22.97,39.58,Active
4317,PROD-004317,205,Industrial Drive System Specialty Series 4317,Industrial Equipment,Specialty,Meter,396.67,935.73,Active
4318,PROD-004318,426,Drive Shaft Assembly Premium Series 4318,Components,Premium,Liter,19.29,26.3,Active
4319,PROD-004319,654,Motor Control Panel Specialty Series 4319,Electronics,Specialty,Each,105.07,206.67,Active
4320,PROD-004320,844,Industrial Signal Converter Premium Series 4320,Electronics,Premium,Each,341.51,636.02,Active
4321,PROD-004321,389,Corrugated Shipping Carton Premium Series 4321,Packaging,Premium,Meter,357.0,739.82,Active
4322,PROD-004322,816,Pneumatic Control Unit Standard Series 4322,Industrial Equipment,Standard,Liter,442.53,1025.52,Active
4323,PROD-004323,450,Aluminum Mounting Bracket Premium Series 4323,Components,Premium,Each,170.94,356.32,Active
4324,PROD-004324,687,Pallet Wrap Assembly Standard Series 4324,Packaging,Standard,Kg,475.02,660.06,Active
4325,PROD-004325,105,Stainless Steel Sheet Standard Series 4325,Raw Materials,Standard,Each,251.14,429.15,Active
4326,PROD-004326,983,Thermal Processing Unit Standard Series 4326,Industrial Equipment,Standard,Meter,83.63,164.0,Inactive
4327,PROD-004327,564,Industrial Control Module Specialty Series 4327,Electronics,Specialty,Kg,21.18,40.14,Inactive
4328,PROD-004328,167,Variable Frequency Drive Specialty Series 4328,Electronics,Specialty,Liter,128.82,292.64,Active
4329,PROD-004329,659,Industrial Drive System Premium Series 4329,Industrial Equipment,Premium,Each,282.45,483.6,Active
4330,PROD-004330,704,Pallet Wrap Assembly Specialty Series 4330,Packaging,Specialty,Kg,447.77,716.22,Active
4331,PROD-004331,46,Industrial Valve Assembly Standard Series 4331,Components,Standard,Each,255.82,629.21,Inactive
4332,PROD-004332,611,Conveyor Roller Assembly Standard Series 4332,Components,Standard,Liter,369.0,672.28,Active
4333,PROD-004333,540,Cold Rolled Steel Coil Specialty Series 4333,Raw Materials,Specialty,Kg,166.32,344.64,Active
4334,PROD-004334,344,Pneumatic Control Unit Standard Series 4334,Industrial Equipment,Standard,Liter,392.53,576.34,Active
4335,PROD-004335,470,Industrial Drive System Specialty Series 4335,Industrial Equipment,Specialty,Each,425.28,815.82,Active
4336,PROD-004336,439,Drive Shaft Assembly Specialty Series 4336,Components,Specialty,Kg,148.46,325.87,Active
4337,PROD-004337,99,Material Handling Unit Specialty Series 4337,Industrial Equipment,Specialty,Each,163.39,357.39,Active
4338,PROD-004338,287,Thermal Processing Unit Premium Series 4338,Industrial Equipment,Premium,Liter,150.24,359.88,Active
4339,PROD-004339,157,Precision Bearing Assembly Standard Series 4339,Components,Standard,Kg,16.91,40.44,Active
4340,PROD-004340,194,Steel Coupling Standard Series 4340,Components,Standard,Each,425.5,961.7,Active
4341,PROD-004341,408,Industrial Drive System Standard Series 4341,Industrial Equipment,Standard,Kg,432.11,641.22,Inactive
4342,PROD-004342,320,Industrial Copper Wire Premium Series 4342,Raw Materials,Premium,Meter,87.11,139.84,Inactive
4343,PROD-004343,366,Industrial Valve Assembly Standard Series 4343,Components,Standard,Liter,256.71,571.85,Active
4344,PROD-004344,197,Industrial Signal Converter Standard Series 4344,Electronics,Standard,Meter,318.11,434.75,Active
4345,PROD-004345,583,Corrugated Shipping Carton Standard Series 4345,Packaging,Standard,Meter,399.64,566.62,Active
4346,PROD-004346,351,Steel Coupling Standard Series 4346,Components,Standard,Liter,244.26,440.82,Active
4347,PROD-004347,978,Industrial Drive System Standard Series 4347,Industrial Equipment,Standard,Liter,449.78,932.53,Active
4348,PROD-004348,124,Process Pump Assembly Premium Series 4348,Industrial Equipment,Premium,Each,232.37,468.31,Active
4349,PROD-004349,100,Industrial Valve Assembly Specialty Series 4349,Components,Specialty,Meter,73.5,106.41,Inactive
4350,PROD-004350,205,Industrial Signal Converter Premium Series 4350,Electronics,Premium,Each,488.49,1030.81,Active
4351,PROD-004351,417,Hydraulic Power Unit Specialty Series 4351,Industrial Equipment,Specialty,Kg,192.75,373.38,Active
4352,PROD-004352,436,Aluminum Sheet Stock Premium Series 4352,Raw Materials,Premium,Meter,25.33,59.22,Active
4353,PROD-004353,628,Industrial Drive System Specialty Series 4353,Industrial Equipment,Specialty,Kg,493.84,802.45,Active
4354,PROD-004354,812,Process Pump Assembly Premium Series 4354,Industrial Equipment,Premium,Liter,340.85,499.17,Active
4355,PROD-004355,696,Stainless Steel Sheet Standard Series 4355,Raw Materials,Standard,Liter,411.56,703.12,Active
4356,PROD-004356,285,Conveyor Roller Assembly Standard Series 4356,Components,Standard,Kg,215.66,467.55,Active
4357,PROD-004357,181,Hydraulic Power Unit Specialty Series 4357,Industrial Equipment,Specialty,Kg,238.87,393.09,Active
4358,PROD-004358,831,Variable Frequency Drive Specialty Series 4358,Electronics,Specialty,Kg,66.83,147.2,Active
4359,PROD-004359,539,Polymer Resin Premium Series 4359,Raw Materials,Premium,Kg,137.33,221.87,Active
4360,PROD-004360,47,Process Pump Assembly Standard Series 4360,Industrial Equipment,Standard,Each,139.58,263.27,Active
4361,PROD-004361,152,Motor Control Panel Standard Series 4361,Electronics,Standard,Kg,94.07,149.73,Active
4362,PROD-004362,232,Reusable Transport Crate Premium Series 4362,Packaging,Premium,Meter,91.4,136.42,Active
4363,PROD-004363,867,Cold Rolled Steel Coil Premium Series 4363,Raw Materials,Premium,Meter,387.79,602.93,Active
4364,PROD-004364,751,Protective Packaging Insert Premium Series 4364,Packaging,Premium,Each,231.17,557.97,Active
4365,PROD-004365,866,Polymer Resin Specialty Series 4365,Raw Materials,Specialty,Meter,63.31,155.74,Active
4366,PROD-004366,935,Power Distribution Module Standard Series 4366,Electronics,Standard,Meter,351.6,700.76,Active
4367,PROD-004367,78,Industrial Valve Assembly Premium Series 4367,Components,Premium,Meter,376.95,549.91,Active
4368,PROD-004368,53,Thermal Processing Unit Standard Series 4368,Industrial Equipment,Standard,Each,49.8,68.97,Active
4369,PROD-004369,591,Precision Bearing Assembly Specialty Series 4369,Components,Specialty,Meter,275.5,458.99,Active
4370,PROD-004370,839,Steel Coupling Standard Series 4370,Components,Standard,Each,405.93,966.11,Active
4371,PROD-004371,130,Industrial Drive System Specialty Series 4371,Industrial Equipment,Specialty,Liter,232.61,337.94,Active
4372,PROD-004372,547,Industrial Copper Wire Standard Series 4372,Raw Materials,Standard,Kg,291.84,517.56,Active
4373,PROD-004373,728,Heavy-Duty Packaging Sleeve Premium Series 4373,Packaging,Premium,Kg,379.37,698.43,Active
4374,PROD-004374,445,Thermal Processing Unit Standard Series 4374,Industrial Equipment,Standard,Kg,341.14,802.73,Active
4375,PROD-004375,213,Cold Rolled Steel Coil Specialty Series 4375,Raw Materials,Specialty,Each,118.55,280.88,Active
4376,PROD-004376,300,Variable Frequency Drive Specialty Series 4376,Electronics,Specialty,Liter,483.32,733.19,Active
4377,PROD-004377,517,Polymer Resin Specialty Series 4377,Raw Materials,Specialty,Liter,102.05,147.16,Active
4378,PROD-004378,361,Pallet Wrap Assembly Specialty Series 4378,Packaging,Specialty,Liter,134.56,194.33,Active
4379,PROD-004379,875,Heavy-Duty Packaging Sleeve Standard Series 4379,Packaging,Standard,Meter,262.33,491.36,Active
4380,PROD-004380,857,Industrial Signal Converter Standard Series 4380,Electronics,Standard,Kg,278.86,538.06,Inactive
4381,PROD-004381,207,Hydraulic Power Unit Standard Series 4381,Industrial Equipment,Standard,Kg,14.01,23.01,Active
4382,PROD-004382,973,Variable Frequency Drive Premium Series 4382,Electronics,Premium,Liter,327.1,747.48,Active
4383,PROD-004383,294,Proximity Sensor Standard Series 4383,Electronics,Standard,Kg,337.6,636.55,Active
4384,PROD-004384,763,Industrial Copper Wire Specialty Series 4384,Raw Materials,Specialty,Kg,110.62,243.31,Active
4385,PROD-004385,660,Stainless Steel Sheet Premium Series 4385,Raw Materials,Premium,Liter,228.88,288.48,Active
4386,PROD-004386,53,Industrial Signal Converter Standard Series 4386,Electronics,Standard,Kg,387.37,659.38,Active
4387,PROD-004387,641,Industrial Control Module Premium Series 4387,Electronics,Premium,Meter,408.34,900.65,Inactive
4388,PROD-004388,659,Pneumatic Control Unit Standard Series 4388,Industrial Equipment,Standard,Meter,210.52,352.5,Active
4389,PROD-004389,418,Aluminum Mounting Bracket Specialty Series 4389,Components,Specialty,Meter,429.36,542.9,Active
4390,PROD-004390,127,Pallet Wrap Assembly Premium Series 4390,Packaging,Premium,Liter,40.96,63.61,Active
4391,PROD-004391,334,Motor Control Panel Specialty Series 4391,Electronics,Specialty,Liter,405.99,812.0,Active
4392,PROD-004392,939,Thermal Processing Unit Standard Series 4392,Industrial Equipment,Standard,Each,403.16,766.33,Active
4393,PROD-004393,18,Industrial Control Module Premium Series 4393,Electronics,Premium,Liter,400.05,521.08,Active
4394,PROD-004394,368,Variable Frequency Drive Standard Series 4394,Electronics,Standard,Each,436.48,970.06,Active
4395,PROD-004395,69,Aluminum Mounting Bracket Standard Series 4395,Components,Standard,Kg,193.43,258.94,Active
4396,PROD-004396,706,Pallet Wrap Assembly Premium Series 4396,Packaging,Premium,Each,34.34,43.47,Inactive
4397,PROD-004397,464,Stainless Steel Sheet Premium Series 4397,Raw Materials,Premium,Kg,469.81,1098.92,Active
4398,PROD-004398,469,Thermal Processing Unit Standard Series 4398,Industrial Equipment,Standard,Liter,381.81,926.04,Active
4399,PROD-004399,790,Cold Rolled Steel Coil Premium Series 4399,Raw Materials,Premium,Kg,437.36,1049.84,Active
4400,PROD-004400,716,Pneumatic Control Unit Specialty Series 4400,Industrial Equipment,Specialty,Liter,73.85,109.53,Active
4401,PROD-004401,993,Industrial Stretch Film Specialty Series 4401,Packaging,Specialty,Each,449.76,1049.95,Active
4402,PROD-004402,488,Drive Shaft Assembly Premium Series 4402,Components,Premium,Liter,204.95,274.34,Active
4403,PROD-004403,929,Stainless Steel Sheet Standard Series 4403,Raw Materials,Standard,Liter,209.48,275.85,Active
4404,PROD-004404,118,Engineering Plastic Pellets Standard Series 4404,Raw Materials,Standard,Kg,242.85,581.13,Active
4405,PROD-004405,593,Cold Rolled Steel Coil Premium Series 4405,Raw Materials,Premium,Liter,478.6,1013.11,Active
4406,PROD-004406,42,Pneumatic Control Unit Standard Series 4406,Industrial Equipment,Standard,Each,31.76,54.99,Active
4407,PROD-004407,351,Polymer Resin Premium Series 4407,Raw Materials,Premium,Kg,309.14,643.45,Active
4408,PROD-004408,117,Industrial Copper Wire Premium Series 4408,Raw Materials,Premium,Meter,13.48,29.45,Active
4409,PROD-004409,558,Motor Control Panel Standard Series 4409,Electronics,Standard,Liter,436.27,1014.1,Active
4410,PROD-004410,424,Engineering Plastic Pellets Premium Series 4410,Raw Materials,Premium,Each,178.08,322.28,Active
4411,PROD-004411,405,Industrial Control Module Standard Series 4411,Electronics,Standard,Liter,257.79,574.44,Active
4412,PROD-004412,613,Aluminum Sheet Stock Standard Series 4412,Raw Materials,Standard,Liter,344.84,735.49,Active
4413,PROD-004413,717,Polymer Resin Standard Series 4413,Raw Materials,Standard,Kg,317.9,480.89,Active
4414,PROD-004414,361,Power Distribution Module Standard Series 4414,Electronics,Standard,Each,264.63,644.73,Active
4415,PROD-004415,839,Stainless Steel Sheet Specialty Series 4415,Raw Materials,Specialty,Liter,181.3,296.38,Active
4416,PROD-004416,889,Conveyor Roller Assembly Specialty Series 4416,Components,Specialty,Kg,80.19,166.43,Active
4417,PROD-004417,396,Cold Rolled Steel Coil Specialty Series 4417,Raw Materials,Specialty,Kg,345.89,642.46,Active
4418,PROD-004418,799,Variable Frequency Drive Specialty Series 4418,Electronics,Specialty,Liter,315.74,590.07,Active
4419,PROD-004419,40,Industrial Drive System Specialty Series 4419,Industrial Equipment,,Meter,316.98,773.87,Active
4420,PROD-004420,637,Industrial Copper Wire Standard Series 4420,Raw Materials,Standard,Each,21.84,33.49,Active
4421,PROD-004421,941,Motor Control Panel Premium Series 4421,Electronics,Premium,Meter,116.14,230.0,Active
4422,PROD-004422,467,Engineering Plastic Pellets Premium Series 4422,Raw Materials,Premium,Meter,157.16,366.73,Active
4423,PROD-004423,569,Hydraulic Power Unit Premium Series 4423,Industrial Equipment,Premium,Liter,486.86,764.94,Active
4424,PROD-004424,513,Variable Frequency Drive Standard Series 4424,Electronics,Standard,Liter,152.54,297.05,Active
4425,PROD-004425,199,Aluminum Mounting Bracket Premium Series 4425,Components,Premium,Meter,314.88,681.04,Active
4426,PROD-004426,48,Pallet Wrap Assembly Standard Series 4426,Packaging,Standard,Kg,95.5,202.47,Active
4427,PROD-004427,127,Motor Control Panel Premium Series 4427,Electronics,Premium,Each,201.41,399.63,Active
4428,PROD-004428,336,Engineering Plastic Pellets Premium Series 4428,Raw Materials,Premium,Each,75.07,123.81,Inactive
4429,PROD-004429,259,Precision Bearing Assembly Specialty Series 4429,Components,Specialty,Kg,192.59,405.86,Active
4430,PROD-004430,921,Protective Packaging Insert Premium Series 4430,Packaging,Premium,Liter,94.37,213.54,Active
4431,PROD-004431,850,Aluminum Mounting Bracket Standard Series 4431,Components,Standard,Kg,48.11,99.77,Active
4432,PROD-004432,164,Power Distribution Module Premium Series 4432,Electronics,Premium,Liter,78.12,167.26,Active
4433,PROD-004433,226,Industrial Valve Assembly Premium Series 4433,Components,Premium,Meter,166.99,380.46,Active
4434,PROD-004434,625,Conveyor Roller Assembly Premium Series 4434,Components,Premium,Each,154.72,201.46,Active
4435,PROD-004435,337,Cold Rolled Steel Coil Premium Series 4435,Raw Materials,Premium,Meter,444.61,588.33,Active
4436,PROD-004436,630,Protective Packaging Insert Specialty Series 4436,Packaging,Specialty,Kg,444.73,632.03,Active
4437,PROD-004437,927,Polymer Resin Standard Series 4437,Raw Materials,Standard,Meter,289.38,558.21,Active
4438,PROD-004438,263,Industrial Copper Wire Standard Series 4438,Raw Materials,Standard,Liter,243.44,541.05,Active
4439,PROD-004439,95,Material Handling Unit Standard Series 4439,Industrial Equipment,Standard,Liter,79.79,145.29,Active
4440,PROD-004440,283,Engineering Plastic Pellets Specialty Series 4440,Raw Materials,Specialty,Meter,412.85,769.39,Active
4441,PROD-004441,130,Cold Rolled Steel Coil Premium Series 4441,Raw Materials,Premium,Each,488.53,659.68,Active
4442,PROD-004442,232,Steel Coupling Specialty Series 4442,Components,Specialty,Meter,136.57,229.68,Active
4443,PROD-004443,503,Polymer Resin Standard Series 4443,Raw Materials,Standard,Each,87.89,141.19,Active
4444,PROD-004444,701,Pallet Wrap Assembly Specialty Series 4444,Packaging,Specialty,Meter,374.43,852.4,Active
4445,PROD-004445,778,Industrial Valve Assembly Standard Series 4445,Components,Standard,Liter,383.85,857.73,Inactive
4446,PROD-004446,296,Thermal Processing Unit Specialty Series 4446,Industrial Equipment,Specialty,Kg,333.69,472.25,Active
4447,PROD-004447,106,Corrugated Shipping Carton Specialty Series 4447,Packaging,Specialty,Meter,316.71,767.92,Active
4448,PROD-004448,622,Aluminum Sheet Stock Premium Series 4448,Raw Materials,Premium,Meter,137.67,267.33,Active
4449,PROD-004449,81,Industrial Drive System Specialty Series 4449,Industrial Equipment,Specialty,Each,474.16,962.93,Active
4450,PROD-004450,268,Pallet Wrap Assembly Premium Series 4450,Packaging,Premium,Kg,415.24,686.79,Active
4451,PROD-004451,219,Material Handling Unit Premium Series 4451,Industrial Equipment,Premium,Meter,322.96,552.14,Active
4452,PROD-004452,149,Engineering Plastic Pellets Standard Series 4452,Raw Materials,Standard,Each,368.24,654.47,Active
4453,PROD-004453,144,Cold Rolled Steel Coil Premium Series 4453,Raw Materials,Premium,Meter,404.23,593.55,Active
4454,PROD-004454,597,Pneumatic Control Unit Standard Series 4454,Industrial Equipment,Standard,Each,449.74,943.99,Active
4455,PROD-004455,492,Aluminum Mounting Bracket Premium Series 4455,Components,Premium,Each,134.28,236.86,Active
4456,PROD-004456,321,Drive Shaft Assembly Specialty Series 4456,Components,Specialty,Liter,211.05,388.04,Active
4457,PROD-004457,818,Motor Control Panel Specialty Series 4457,Electronics,Specialty,Each,458.81,914.06,Active
4458,PROD-004458,398,Engineering Plastic Pellets Premium Series 4458,Raw Materials,Premium,Liter,139.78,288.57,Active
4459,PROD-004459,715,Corrugated Shipping Carton Premium Series 4459,Packaging,Premium,Meter,268.34,434.93,Active
4460,PROD-004460,734,Steel Coupling Premium Series 4460,Components,Premium,Kg,319.6,738.48,Inactive
4461,PROD-004461,423,Industrial Stretch Film Premium Series 4461,Packaging,Premium,Meter,230.32,360.9,Active
4462,PROD-004462,122,Drive Shaft Assembly Standard Series 4462,Components,Standard,Meter,257.24,480.39,Active
4463,PROD-004463,932,Heavy-Duty Packaging Sleeve Specialty Series 4463,Packaging,Specialty,Liter,50.48,69.62,Active
4464,PROD-004464,848,Conveyor Roller Assembly Specialty Series 4464,Components,Specialty,Each,141.35,218.84,Active
4465,PROD-004465,98,Precision Bearing Assembly Specialty Series 4465,Components,Specialty,Kg,201.83,442.22,Active
4466,PROD-004466,557,Steel Coupling Standard Series 4466,Components,Standard,Meter,245.39,468.59,Active
4467,PROD-004467,658,Industrial Drive System Specialty Series 4467,Industrial Equipment,Specialty,Liter,328.03,530.81,Active
4468,PROD-004468,84,Pallet Wrap Assembly Specialty Series 4468,Packaging,Specialty,Meter,297.72,406.61,Active
4469,PROD-004469,984,Stainless Steel Sheet Specialty Series 4469,Raw Materials,Specialty,Liter,22.87,50.45,Active
4470,PROD-004470,465,Engineering Plastic Pellets Specialty Series 4470,Raw Materials,Specialty,Liter,331.29,601.19,Active
4471,PROD-004471,643,Hydraulic Power Unit Specialty Series 4471,Industrial Equipment,Specialty,Liter,323.95,786.75,Active
4472,PROD-004472,200,Protective Packaging Insert Standard Series 4472,Packaging,Standard,Each,39.9,75.78,Active
4473,PROD-004473,113,Industrial Drive System Specialty Series 4473,Industrial Equipment,Specialty,Liter,318.28,510.69,Active
4474,PROD-004474,127,Pallet Wrap Assembly Premium Series 4474,Packaging,Premium,Meter,433.73,766.09,Active
4475,PROD-004475,619,Material Handling Unit Premium Series 4475,Industrial Equipment,Premium,Kg,441.53,978.68,Active
4476,PROD-004476,958,Thermal Processing Unit Premium Series 4476,Industrial Equipment,Premium,Meter,303.86,475.13,Active
4477,PROD-004477,459,Cold Rolled Steel Coil Standard Series 4477,Raw Materials,Standard,Kg,238.97,431.25,Active
4478,PROD-004478,462,Protective Packaging Insert Specialty Series 4478,Packaging,Specialty,Each,387.29,809.91,Active
4479,PROD-004479,145,Industrial Stretch Film Standard Series 4479,Packaging,Standard,Meter,246.8,605.31,Active
4480,PROD-004480,426,Power Distribution Module Standard Series 4480,Electronics,Standard,Each,46.8,116.1,Active
4481,PROD-004481,981,Heavy-Duty Packaging Sleeve Standard Series 4481,Packaging,Standard,Each,356.01,525.17,Active
4482,PROD-004482,415,Conveyor Roller Assembly Standard Series 4482,Components,Standard,Each,195.71,319.62,Active
4483,PROD-004483,231,Corrugated Shipping Carton Premium Series 4483,Packaging,Premium,Liter,361.57,852.5,Active
4484,PROD-004484,184,Protective Packaging Insert Standard Series 4484,Packaging,Standard,Kg,453.22,685.44,Active
4485,PROD-004485,834,Polymer Resin Standard Series 4485,Raw Materials,Standard,Liter,378.89,685.45,Active
4486,PROD-004486,865,Power Distribution Module Specialty Series 4486,Electronics,Specialty,Each,498.73,693.08,Active
4487,PROD-004487,761,Heavy-Duty Packaging Sleeve Standard Series 4487,Packaging,Standard,Liter,66.22,144.3,Active
4488,PROD-004488,506,Reusable Transport Crate Standard Series 4488,Packaging,Standard,Meter,381.23,668.98,Active
4489,PROD-004489,910,Hydraulic Power Unit Specialty Series 4489,Industrial Equipment,Specialty,Each,231.24,577.94,Active
4490,PROD-004490,157,Steel Coupling Premium Series 4490,Components,Premium,Each,367.15,712.29,Active
4491,PROD-004491,112,Industrial Stretch Film Premium Series 4491,Packaging,Premium,Meter,32.72,60.16,Active
4492,PROD-004492,669,Pallet Wrap Assembly Specialty Series 4492,Packaging,Specialty,Each,171.3,296.49,Active
4493,PROD-004493,281,Stainless Steel Sheet Premium Series 4493,Raw Materials,Premium,Liter,179.21,350.15,Active
4494,PROD-004494,717,Industrial Signal Converter Standard Series 4494,Electronics,Standard,Liter,453.61,873.33,Inactive
4495,PROD-004495,393,Precision Bearing Assembly Specialty Series 4495,Components,Specialty,Kg,376.88,616.4,Active
4496,PROD-004496,175,Steel Coupling Standard Series 4496,Components,Standard,Meter,308.88,747.94,Active
4497,PROD-004497,978,Polymer Resin Specialty Series 4497,Raw Materials,Specialty,Meter,42.34,98.27,Active
4498,PROD-004498,961,Process Pump Assembly Premium Series 4498,Industrial Equipment,Premium,Meter,129.4,175.53,Active
4499,PROD-004499,273,Stainless Steel Sheet Premium Series 4499,Raw Materials,Premium,Liter,384.87,625.67,Active
4500,PROD-004500,634,Reusable Transport Crate Standard Series 4500,Packaging,Standard,Kg,228.15,314.22,Active
4501,PROD-004501,293,Industrial Control Module Premium Series 4501,Electronics,Premium,Meter,193.28,357.6,Active
4502,PROD-004502,437,Variable Frequency Drive Specialty Series 4502,Electronics,Specialty,Liter,464.11,1045.2,Active
4503,PROD-004503,554,Proximity Sensor Specialty Series 4503,Electronics,Specialty,Each,166.74,374.94,Active
4504,PROD-004504,527,Pallet Wrap Assembly Specialty Series 4504,Packaging,Specialty,Meter,252.94,576.04,Active
4505,PROD-004505,752,Material Handling Unit Standard Series 4505,Industrial Equipment,Standard,Each,304.01,474.26,Active
4506,PROD-004506,615,Engineering Plastic Pellets Specialty Series 4506,Raw Materials,Specialty,Liter,63.16,152.68,Active
4507,PROD-004507,640,Corrugated Shipping Carton Specialty Series 4507,Packaging,Specialty,Each,28.43,69.0,Inactive
4508,PROD-004508,995,Steel Coupling Specialty Series 4508,Components,Specialty,Meter,68.6,110.88,Active
4509,PROD-004509,996,Proximity Sensor Premium Series 4509,Electronics,Premium,Liter,296.76,522.06,Active
4510,PROD-004510,931,Pallet Wrap Assembly Premium Series 4510,Packaging,Premium,Meter,483.53,1101.38,Active
4511,PROD-004511,148,Motor Control Panel Premium Series 4511,Electronics,Premium,Kg,404.78,690.35,Active
4512,PROD-004512,55,Industrial Signal Converter Specialty Series 4512,Electronics,Specialty,Liter,369.98,621.24,Active
4513,PROD-004513,46,Precision Bearing Assembly Specialty Series 4513,Components,Specialty,Each,317.27,629.2,Active
4514,PROD-004514,990,Protective Packaging Insert Specialty Series 4514,Packaging,Specialty,Liter,109.79,251.88,Active
4515,PROD-004515,644,Polymer Resin Premium Series 4515,Raw Materials,Premium,Liter,352.44,523.69,Active
4516,PROD-004516,140,Power Distribution Module Premium Series 4516,Electronics,Premium,Each,232.71,530.71,Active
4517,PROD-004517,985,Heavy-Duty Packaging Sleeve Specialty Series 4517,Packaging,Specialty,Kg,88.89,200.21,Active
4518,PROD-004518,75,Reusable Transport Crate Specialty Series 4518,Packaging,Specialty,Meter,434.82,1051.31,Active
4519,PROD-004519,230,Hydraulic Power Unit Specialty Series 4519,Industrial Equipment,Specialty,Each,203.92,299.64,Active
4520,PROD-004520,12,Steel Coupling Premium Series 4520,Components,Premium,Kg,243.8,513.17,Active
4521,PROD-004521,727,Aluminum Mounting Bracket Premium Series 4521,Components,Premium,Liter,93.05,201.14,Active
4522,PROD-004522,958,Power Distribution Module Premium Series 4522,Electronics,Premium,Kg,20.51,26.42,Active
4523,PROD-004523,670,Stainless Steel Sheet Specialty Series 4523,Raw Materials,Specialty,Meter,314.79,506.93,Inactive
4524,PROD-004524,713,Conveyor Roller Assembly Specialty Series 4524,Components,Specialty,Liter,275.63,652.76,Active
4525,PROD-004525,141,Hydraulic Power Unit Standard Series 4525,Industrial Equipment,Standard,Liter,194.95,291.8,Active
4526,PROD-004526,256,Steel Coupling Premium Series 4526,Components,Premium,Kg,130.57,317.67,Active
4527,PROD-004527,652,Proximity Sensor Specialty Series 4527,Electronics,Specialty,Each,166.36,308.99,Active
4528,PROD-004528,245,Power Distribution Module Specialty Series 4528,Electronics,Specialty,Kg,480.74,658.64,Active
4529,PROD-004529,258,Industrial Valve Assembly Premium Series 4529,Components,Premium,Each,21.3,41.73,Active
4530,PROD-004530,349,Conveyor Roller Assembly Specialty Series 4530,Components,Specialty,Liter,339.14,540.92,Active
4531,PROD-004531,824,Precision Bearing Assembly Specialty Series 4531,Components,Specialty,Kg,42.35,94.44,Active
4532,PROD-004532,551,Variable Frequency Drive Standard Series 4532,Electronics,Standard,Kg,343.16,461.29,Active
4533,PROD-004533,52,Aluminum Mounting Bracket Specialty Series 4533,Components,Specialty,Each,334.05,503.99,Active
4534,PROD-004534,737,Process Pump Assembly Premium Series 4534,Industrial Equipment,Premium,Kg,271.22,654.13,Active
4535,PROD-004535,120,Heavy-Duty Packaging Sleeve Standard Series 4535,Packaging,Standard,Each,349.49,442.87,Active
4536,PROD-004536,135,Industrial Signal Converter Standard Series 4536,Electronics,Standard,Kg,194.7,393.57,Active
4537,PROD-004537,564,Hydraulic Power Unit Premium Series 4537,Industrial Equipment,Premium,Liter,305.65,635.63,Active
4538,PROD-004538,978,Variable Frequency Drive Premium Series 4538,Electronics,Premium,Meter,448.95,938.19,Active
4539,PROD-004539,761,Polymer Resin Premium Series 4539,Raw Materials,Premium,Each,408.48,681.73,Inactive
4540,PROD-004540,875,Power Distribution Module Standard Series 4540,Electronics,Standard,Meter,482.45,764.61,Active
4541,PROD-004541,249,Stainless Steel Sheet Specialty Series 4541,Raw Materials,Specialty,Liter,294.23,705.98,Active
4542,PROD-004542,621,Industrial Signal Converter Standard Series 4542,Electronics,Standard,Liter,69.37,163.59,Active
4543,PROD-004543,116,Hydraulic Power Unit Specialty Series 4543,Industrial Equipment,Specialty,Meter,399.7,777.4,Active
4544,PROD-004544,221,Protective Packaging Insert Standard Series 4544,Packaging,Standard,Liter,355.25,883.71,Inactive
4545,PROD-004545,613,Industrial Drive System Premium Series 4545,Industrial Equipment,Premium,Each,240.52,380.06,Inactive
4546,PROD-004546,375,Industrial Copper Wire Premium Series 4546,Raw Materials,Premium,Liter,179.15,345.16,Active
4547,PROD-004547,13,Stainless Steel Sheet Specialty Series 4547,Raw Materials,Specialty,Each,197.07,473.18,Active
4548,PROD-004548,920,Conveyor Roller Assembly Standard Series 4548,Components,Standard,Each,395.02,605.79,Active
4549,PROD-004549,428,Industrial Control Module Standard Series 4549,Electronics,Standard,Liter,23.93,42.09,Active
4550,PROD-004550,658,Aluminum Sheet Stock Standard Series 4550,Raw Materials,Standard,Kg,414.0,950.4,Active
4551,PROD-004551,984,Aluminum Mounting Bracket Standard Series 4551,Components,Standard,Liter,462.08,1126.97,Inactive
4552,PROD-004552,570,Industrial Copper Wire Premium Series 4552,Raw Materials,Premium,Meter,222.1,277.9,Active
4553,PROD-004553,464,Stainless Steel Sheet Specialty Series 4553,Raw Materials,Specialty,Kg,436.42,687.72,Active
4554,PROD-004554,442,Thermal Processing Unit Premium Series 4554,Industrial Equipment,Premium,Liter,409.87,526.83,Active
4555,PROD-004555,678,Corrugated Shipping Carton Premium Series 4555,Packaging,Premium,Liter,438.13,862.94,Inactive
4556,PROD-004556,311,Aluminum Sheet Stock Standard Series 4556,Raw Materials,Standard,Each,291.76,430.42,Active
4557,PROD-004557,119,Industrial Stretch Film Premium Series 4557,Packaging,Premium,Meter,346.73,710.03,Active
4558,PROD-004558,762,Drive Shaft Assembly Premium Series 4558,Components,Premium,Liter,90.78,198.28,Active
4559,PROD-004559,187,Heavy-Duty Packaging Sleeve Specialty Series 4559,Packaging,Specialty,Liter,440.09,669.42,Active
4560,PROD-004560,697,Industrial Signal Converter Premium Series 4560,Electronics,Premium,Meter,267.46,515.08,Active
4561,PROD-004561,734,Corrugated Shipping Carton Standard Series 4561,Packaging,Standard,Kg,248.61,334.7,Inactive
4562,PROD-004562,540,Steel Coupling Standard Series 4562,Components,Standard,Liter,213.38,521.0,Active
4563,PROD-004563,989,Industrial Drive System Premium Series 4563,Industrial Equipment,Premium,Meter,435.09,913.38,Active
4564,PROD-004564,993,Industrial Copper Wire Standard Series 4564,Raw Materials,Standard,Meter,273.93,561.89,Active
4565,PROD-004565,770,Motor Control Panel Premium Series 4565,Electronics,Premium,Each,319.04,721.9,Active
4566,PROD-004566,966,Industrial Signal Converter Specialty Series 4566,Electronics,Specialty,Liter,259.09,590.62,Active
4567,PROD-004567,40,Industrial Control Module Premium Series 4567,Electronics,Premium,Meter,91.3,142.09,Active
4568,PROD-004568,147,Aluminum Sheet Stock Specialty Series 4568,Raw Materials,Specialty,Meter,495.23,970.43,Active
4569,PROD-004569,685,Industrial Stretch Film Premium Series 4569,Packaging,Premium,Liter,178.05,289.4,Active
4570,PROD-004570,331,Drive Shaft Assembly Premium Series 4570,Components,Premium,Each,487.7,986.75,Active
4571,PROD-004571,109,Stainless Steel Sheet Specialty Series 4571,Raw Materials,Specialty,Each,234.77,379.78,Active
4572,PROD-004572,924,Conveyor Roller Assembly Specialty Series 4572,Components,Specialty,Meter,94.88,194.74,Active
4573,PROD-004573,696,Hydraulic Power Unit Specialty Series 4573,Industrial Equipment,Specialty,Kg,401.52,872.49,Active
4574,PROD-004574,646,Variable Frequency Drive Premium Series 4574,Electronics,Premium,Meter,311.0,480.22,Active
4575,PROD-004575,158,Polymer Resin Standard Series 4575,Raw Materials,Standard,Meter,313.03,710.23,Active
4576,PROD-004576,743,Industrial Copper Wire Standard Series 4576,Raw Materials,Standard,Each,70.04,103.43,Active
4577,PROD-004577,43,Industrial Valve Assembly Premium Series 4577,Components,Premium,Each,398.75,686.39,Active
4578,PROD-004578,746,Reusable Transport Crate Specialty Series 4578,Packaging,Specialty,Each,402.15,537.14,Inactive
4579,PROD-004579,621,Cold Rolled Steel Coil Premium Series 4579,Raw Materials,Premium,Kg,467.81,746.47,Active
4580,PROD-004580,887,Protective Packaging Insert Premium Series 4580,Packaging,Premium,Kg,197.63,442.06,Active
4581,PROD-004581,296,Polymer Resin Premium Series 4581,Raw Materials,Premium,Liter,447.04,611.84,Active
4582,PROD-004582,387,Process Pump Assembly Standard Series 4582,Industrial Equipment,Standard,Liter,473.19,636.09,Active
4583,PROD-004583,328,Industrial Valve Assembly Standard Series 4583,Components,Standard,Meter,443.63,671.99,Active
4584,PROD-004584,636,Conveyor Roller Assembly Specialty Series 4584,Components,Specialty,Liter,467.34,1138.56,Active
4585,PROD-004585,598,Hydraulic Power Unit Specialty Series 4585,Industrial Equipment,Specialty,Each,45.75,76.7,Active
4586,PROD-004586,94,Variable Frequency Drive Standard Series 4586,Electronics,Standard,Each,288.47,707.8,Active
4587,PROD-004587,2,Industrial Drive System Premium Series 4587,Industrial Equipment,Premium,Liter,53.72,99.5,Active
4588,PROD-004588,222,Pallet Wrap Assembly Standard Series 4588,Packaging,Standard,Liter,416.75,700.13,Active
4589,PROD-004589,966,Heavy-Duty Packaging Sleeve Premium Series 4589,Packaging,Premium,Each,440.02,1072.52,Active
4590,PROD-004590,393,Reusable Transport Crate Specialty Series 4590,Packaging,Specialty,Liter,135.25,327.08,Active
4591,PROD-004591,522,Industrial Control Module Specialty Series 4591,Electronics,Specialty,Liter,214.19,528.51,Active
4592,PROD-004592,94,Variable Frequency Drive Standard Series 4592,Electronics,Standard,Liter,120.97,173.74,Active
4593,PROD-004593,527,Polymer Resin Premium Series 4593,Raw Materials,Premium,Liter,207.63,335.42,Active
4594,PROD-004594,307,Power Distribution Module Standard Series 4594,Electronics,Standard,Liter,135.46,273.76,Active
4595,PROD-004595,284,Motor Control Panel Premium Series 4595,Electronics,Premium,Meter,45.36,60.24,Active
4596,PROD-004596,310,Thermal Processing Unit Premium Series 4596,Industrial Equipment,Premium,Kg,203.97,486.69,Active
4597,PROD-004597,273,Hydraulic Power Unit Premium Series 4597,Industrial Equipment,Premium,Kg,212.97,350.42,Active
4598,PROD-004598,521,Aluminum Sheet Stock Specialty Series 4598,Raw Materials,Specialty,Kg,297.2,650.36,Active
4599,PROD-004599,735,Industrial Stretch Film Specialty Series 4599,Packaging,Specialty,Each,163.29,285.84,Active
4600,PROD-004600,447,Industrial Copper Wire Premium Series 4600,Raw Materials,Premium,Kg,391.22,560.16,Active
4601,PROD-004601,454,Stainless Steel Sheet Specialty Series 4601,Raw Materials,Specialty,Each,468.22,976.94,Active
4602,PROD-004602,737,Reusable Transport Crate Standard Series 4602,Packaging,Standard,Kg,48.88,94.2,Active
4603,PROD-004603,310,Hydraulic Power Unit Standard Series 4603,Industrial Equipment,Standard,Meter,64.84,140.71,Active
4604,PROD-004604,694,Steel Coupling Specialty Series 4604,Components,Specialty,Each,453.3,787.06,Active
4605,PROD-004605,474,Industrial Drive System Standard Series 4605,Industrial Equipment,Standard,Each,381.32,805.12,Active
4606,PROD-004606,659,Power Distribution Module Specialty Series 4606,Electronics,Specialty,Each,279.21,677.25,Active
4607,PROD-004607,666,Motor Control Panel Standard Series 4607,Electronics,Standard,Meter,58.3,74.13,Active
4608,PROD-004608,227,Engineering Plastic Pellets Premium Series 4608,Raw Materials,Premium,Liter,268.22,637.73,Active
4609,PROD-004609,182,Cold Rolled Steel Coil Specialty Series 4609,Raw Materials,Specialty,Liter,206.34,507.81,Active
4610,PROD-004610,863,Steel Coupling Specialty Series 4610,Components,Specialty,Liter,414.88,899.93,Active
4611,PROD-004611,142,Aluminum Mounting Bracket Premium Series 4611,Components,Premium,Meter,440.29,743.34,Active
4612,PROD-004612,649,Power Distribution Module Standard Series 4612,Electronics,Standard,Meter,441.85,920.36,Active
4613,PROD-004613,606,Stainless Steel Sheet Premium Series 4613,Raw Materials,Premium,Meter,19.75,37.79,Active
4614,PROD-004614,581,Thermal Processing Unit Standard Series 4614,Industrial Equipment,Standard,Liter,293.43,566.72,Active
4615,PROD-004615,812,Precision Bearing Assembly Premium Series 4615,Components,Premium,Kg,474.5,876.15,Active
4616,PROD-004616,797,Steel Coupling Specialty Series 4616,Components,Specialty,Liter,324.41,721.49,Active
4617,PROD-004617,870,Industrial Drive System Premium Series 4617,Industrial Equipment,Premium,Kg,183.25,339.74,Active
4618,PROD-004618,301,Process Pump Assembly Standard Series 4618,Industrial Equipment,Standard,Meter,408.47,867.48,Active
4619,PROD-004619,772,Industrial Valve Assembly Specialty Series 4619,Components,Specialty,Kg,148.58,192.22,Active
4620,PROD-004620,387,Conveyor Roller Assembly Standard Series 4620,Components,Standard,Liter,321.88,444.68,Active
4621,PROD-004621,170,Cold Rolled Steel Coil Premium Series 4621,Raw Materials,Premium,Each,270.75,618.51,Inactive
4622,PROD-004622,242,Protective Packaging Insert Premium Series 4622,Packaging,Premium,Kg,30.91,70.76,Inactive
4623,PROD-004623,451,Industrial Drive System Specialty Series 4623,Industrial Equipment,Specialty,Each,391.58,832.9,Active
4624,PROD-004624,4,Pallet Wrap Assembly Standard Series 4624,Packaging,Standard,Liter,115.25,199.42,Active
4625,PROD-004625,332,Stainless Steel Sheet Standard Series 4625,Raw Materials,Standard,Meter,497.24,1190.13,Active
4626,PROD-004626,213,Reusable Transport Crate Standard Series 4626,Packaging,Standard,Liter,363.95,590.52,Active
4627,PROD-004627,750,Corrugated Shipping Carton Premium Series 4627,Packaging,Premium,Kg,386.28,641.06,Active
4628,PROD-004628,125,Pneumatic Control Unit Standard Series 4628,Industrial Equipment,Standard,Each,401.63,703.21,Active
4629,PROD-004629,350,Polymer Resin Standard Series 4629,Raw Materials,Standard,Kg,25.08,32.58,Active
4630,PROD-004630,705,Power Distribution Module Standard Series 4630,Electronics,Standard,Liter,486.61,742.83,Active
4631,PROD-004631,408,Heavy-Duty Packaging Sleeve Standard Series 4631,Packaging,Standard,Meter,403.22,541.16,Active
4632,PROD-004632,165,Industrial Signal Converter Premium Series 4632,Electronics,Premium,Each,447.71,856.99,Active
4633,PROD-004633,900,Precision Bearing Assembly Premium Series 4633,Components,Premium,Each,328.63,696.37,Active
4634,PROD-004634,841,Pneumatic Control Unit Premium Series 4634,Industrial Equipment,Premium,Each,382.11,759.5,Active
4635,PROD-004635,554,Aluminum Mounting Bracket Specialty Series 4635,Components,Specialty,Kg,489.69,1019.38,Active
4636,PROD-004636,173,Pallet Wrap Assembly Standard Series 4636,Packaging,Standard,Meter,161.32,366.99,Inactive
4637,PROD-004637,404,Material Handling Unit Specialty Series 4637,Industrial Equipment,Specialty,Meter,427.9,1059.34,Active
4638,PROD-004638,568,Conveyor Roller Assembly Premium Series 4638,Components,Premium,Kg,125.48,176.61,Active
4639,PROD-004639,779,Industrial Control Module Premium Series 4639,Electronics,Premium,Liter,219.76,315.39,Active
4640,PROD-004640,130,Variable Frequency Drive Standard Series 4640,Electronics,Standard,Liter,327.76,755.69,Active
4641,PROD-004641,477,Proximity Sensor Specialty Series 4641,Electronics,Specialty,Kg,48.53,95.17,Active
4642,PROD-004642,698,Process Pump Assembly Premium Series 4642,Industrial Equipment,Premium,Kg,442.26,1080.7,Inactive
4643,PROD-004643,804,Material Handling Unit Premium Series 4643,Industrial Equipment,Premium,Kg,164.69,288.11,Active
4644,PROD-004644,455,Reusable Transport Crate Specialty Series 4644,Packaging,Specialty,Meter,327.52,711.12,Active
4645,PROD-004645,782,Corrugated Shipping Carton Specialty Series 4645,Packaging,Specialty,Kg,152.77,255.79,Active
4646,PROD-004646,179,Variable Frequency Drive Premium Series 4646,Electronics,Premium,Each,40.81,85.65,Active
4647,PROD-004647,450,Proximity Sensor Standard Series 4647,Electronics,Standard,Each,211.92,429.68,Active
4648,PROD-004648,338,Industrial Copper Wire Standard Series 4648,Raw Materials,Standard,Kg,354.56,686.73,Active
4649,PROD-004649,701,Material Handling Unit Premium Series 4649,Industrial Equipment,Premium,Each,433.52,699.72,Active
4650,PROD-004650,300,Conveyor Roller Assembly Standard Series 4650,Components,Standard,Each,345.6,801.89,Inactive
4651,PROD-004651,6,Cold Rolled Steel Coil Premium Series 4651,Raw Materials,Premium,Each,213.31,297.02,Active
4652,PROD-004652,757,Steel Coupling Specialty Series 4652,Components,Specialty,Meter,422.77,982.65,Active
4653,PROD-004653,30,Polymer Resin Premium Series 4653,Raw Materials,Premium,Each,124.46,195.92,Active
4654,PROD-004654,276,Industrial Copper Wire Standard Series 4654,Raw Materials,Standard,Each,76.5,172.04,Active
4655,PROD-004655,177,Stainless Steel Sheet Premium Series 4655,Raw Materials,Premium,Kg,39.96,97.77,Active
4656,PROD-004656,947,Thermal Processing Unit Standard Series 4656,Industrial Equipment,Standard,Meter,198.71,267.33,Active
4657,PROD-004657,419,Cold Rolled Steel Coil Specialty Series 4657,Raw Materials,Specialty,Kg,432.8,805.31,Active
4658,PROD-004658,163,Pneumatic Control Unit Premium Series 4658,Industrial Equipment,Premium,Meter,359.68,884.67,Active
4659,PROD-004659,873,Polymer Resin Specialty Series 4659,Raw Materials,Specialty,Each,231.04,294.41,Active
4660,PROD-004660,282,Process Pump Assembly Specialty Series 4660,Industrial Equipment,Specialty,Liter,19.88,25.38,Active
4661,PROD-004661,643,Industrial Valve Assembly Specialty Series 4661,Components,Specialty,Kg,286.24,529.24,Inactive
4662,PROD-004662,972,Thermal Processing Unit Premium Series 4662,Industrial Equipment,Premium,Meter,237.07,451.44,Active
4663,PROD-004663,309,Hydraulic Power Unit Specialty Series 4663,Industrial Equipment,Specialty,Each,441.25,901.01,Active
4664,PROD-004664,289,Variable Frequency Drive Standard Series 4664,Electronics,Standard,Kg,408.47,872.72,Active
4665,PROD-004665,770,Polymer Resin Specialty Series 4665,Raw Materials,Specialty,Meter,75.04,109.19,Active
4666,PROD-004666,281,Power Distribution Module Premium Series 4666,Electronics,Premium,Kg,228.36,347.24,Active
4667,PROD-004667,257,Stainless Steel Sheet Specialty Series 4667,Raw Materials,Specialty,Each,365.48,484.55,Active
4668,PROD-004668,398,Industrial Signal Converter Specialty Series 4668,Electronics,Specialty,Each,485.19,626.19,Active
4669,PROD-004669,19,Cold Rolled Steel Coil Specialty Series 4669,Raw Materials,Specialty,Kg,346.02,596.05,Active
4670,PROD-004670,911,Steel Coupling Standard Series 4670,Components,Standard,Liter,114.74,267.47,Active
4671,PROD-004671,769,Industrial Stretch Film Specialty Series 4671,Packaging,Specialty,Meter,428.81,845.29,Active
4672,PROD-004672,538,Process Pump Assembly Standard Series 4672,Industrial Equipment,Standard,Kg,364.34,641.82,Active
4673,PROD-004673,948,Motor Control Panel Standard Series 4673,Electronics,Standard,Liter,33.13,45.11,Active
4674,PROD-004674,998,Conveyor Roller Assembly Standard Series 4674,Components,Standard,Meter,155.5,336.86,Active
4675,PROD-004675,52,Corrugated Shipping Carton Premium Series 4675,Packaging,Premium,Kg,431.16,1022.34,Active
4676,PROD-004676,98,Steel Coupling Premium Series 4676,Components,Premium,Meter,116.36,155.33,Active
4677,PROD-004677,990,Proximity Sensor Premium Series 4677,Electronics,Premium,Each,362.5,764.0,Active
4678,PROD-004678,300,Pallet Wrap Assembly Specialty Series 4678,Packaging,Specialty,Kg,263.4,540.23,Active
4679,PROD-004679,788,Industrial Valve Assembly Specialty Series 4679,Components,Specialty,Liter,191.87,456.83,Active
4680,PROD-004680,600,Thermal Processing Unit Premium Series 4680,Industrial Equipment,Premium,Each,91.4,175.74,Active
4681,PROD-004681,894,Corrugated Shipping Carton Premium Series 4681,Packaging,Premium,Liter,382.28,542.32,Active
4682,PROD-004682,928,Pneumatic Control Unit Specialty Series 4682,Industrial Equipment,Specialty,Each,381.34,696.31,Active
4683,PROD-004683,477,Industrial Stretch Film Standard Series 4683,Packaging,Standard,Kg,149.52,367.07,Active
4684,PROD-004684,623,Industrial Copper Wire Premium Series 4684,Raw Materials,Premium,Each,293.87,599.59,Active
4685,PROD-004685,763,Heavy-Duty Packaging Sleeve Standard Series 4685,Packaging,Standard,Meter,404.47,549.47,Active
4686,PROD-004686,474,Conveyor Roller Assembly Specialty Series 4686,Components,Specialty,Each,77.2,145.2,Active
4687,PROD-004687,333,Corrugated Shipping Carton Premium Series 4687,Packaging,Premium,Liter,491.56,992.91,Active
4688,PROD-004688,28,Protective Packaging Insert Specialty Series 4688,Packaging,Specialty,Each,409.34,600.39,Active
4689,PROD-004689,213,Industrial Drive System Premium Series 4689,Industrial Equipment,Premium,Kg,486.11,1103.78,Active
4690,PROD-004690,538,Power Distribution Module Standard Series 4690,Electronics,Standard,Each,242.09,316.87,Active
4691,PROD-004691,988,Stainless Steel Sheet Standard Series 4691,Raw Materials,Standard,Each,338.9,732.6,Active
4692,PROD-004692,170,Conveyor Roller Assembly Standard Series 4692,Components,Standard,Meter,280.62,511.45,Active
4693,PROD-004693,777,Hydraulic Power Unit Specialty Series 4693,Industrial Equipment,Specialty,Each,273.85,526.15,Active
4694,PROD-004694,191,Variable Frequency Drive Standard Series 4694,Electronics,Standard,Kg,126.1,229.49,Active
4695,PROD-004695,850,Industrial Stretch Film Specialty Series 4695,Packaging,Specialty,Kg,376.48,558.57,Active
4696,PROD-004696,58,Process Pump Assembly Standard Series 4696,Industrial Equipment,Standard,Liter,377.4,714.35,Active
4697,PROD-004697,505,Motor Control Panel Standard Series 4697,Electronics,Standard,Liter,487.58,618.81,Active
4698,PROD-004698,19,Engineering Plastic Pellets Standard Series 4698,Raw Materials,Standard,Kg,81.6,201.1,Active
4699,PROD-004699,587,Industrial Control Module Standard Series 4699,Electronics,Standard,Each,353.93,539.05,Active
4700,PROD-004700,891,Variable Frequency Drive Standard Series 4700,Electronics,Standard,Meter,34.34,72.39,Active
4701,PROD-004701,707,Industrial Stretch Film Standard Series 4701,Packaging,Standard,Liter,460.71,868.89,Active
4702,PROD-004702,885,Power Distribution Module Specialty Series 4702,Electronics,Specialty,Each,115.58,174.98,Active
4703,PROD-004703,194,Material Handling Unit Premium Series 4703,Industrial Equipment,Premium,Each,76.03,124.38,Active
4704,PROD-004704,311,Thermal Processing Unit Specialty Series 4704,Industrial Equipment,Specialty,Each,238.87,364.19,Active
4705,PROD-004705,813,Industrial Control Module Specialty Series 4705,Electronics,Specialty,Liter,45.87,107.64,Active
4706,PROD-004706,353,Aluminum Sheet Stock Standard Series 4706,Raw Materials,Standard,Liter,129.71,188.09,Active
4707,PROD-004707,429,Polymer Resin Premium Series 4707,Raw Materials,Premium,Each,277.65,370.29,Active
4708,PROD-004708,316,Pallet Wrap Assembly Standard Series 4708,Packaging,Standard,Each,122.84,245.87,Active
4709,PROD-004709,969,Heavy-Duty Packaging Sleeve Specialty Series 4709,Packaging,Specialty,Meter,150.58,254.69,Active
4710,PROD-004710,137,Thermal Processing Unit Standard Series 4710,Industrial Equipment,Standard,Kg,236.98,423.09,Active
4711,PROD-004711,735,Corrugated Shipping Carton Premium Series 4711,Packaging,Premium,Liter,390.39,719.71,Active
4712,PROD-004712,629,Protective Packaging Insert Specialty Series 4712,Packaging,Specialty,Liter,246.37,605.46,Active
4713,PROD-004713,22,Aluminum Mounting Bracket Specialty Series 4713,Components,Specialty,Each,455.42,636.63,Active
4714,PROD-004714,804,Pallet Wrap Assembly Specialty Series 4714,Packaging,Specialty,Meter,292.2,379.78,Active
4715,PROD-004715,997,Industrial Valve Assembly Standard Series 4715,Components,Standard,Liter,374.7,863.03,Active
4716,PROD-004716,817,Industrial Signal Converter Standard Series 4716,Electronics,Standard,Each,384.06,823.41,Active
4717,PROD-004717,882,Industrial Control Module Specialty Series 4717,Electronics,Specialty,Each,454.46,672.92,Active
4718,PROD-004718,349,Steel Coupling Premium Series 4718,Components,Premium,Liter,412.94,783.26,Active
4719,PROD-004719,643,Industrial Stretch Film Standard Series 4719,Packaging,Standard,Kg,285.4,382.52,Active
4720,PROD-004720,377,Drive Shaft Assembly Standard Series 4720,Components,Standard,Each,327.63,663.21,Active
4721,PROD-004721,696,Motor Control Panel Premium Series 4721,Electronics,Premium,Liter,227.7,458.91,Active
4722,PROD-004722,438,Reusable Transport Crate Premium Series 4722,Packaging,Premium,Liter,379.08,780.85,Active
4723,PROD-004723,216,Corrugated Shipping Carton Premium Series 4723,Packaging,Premium,Liter,493.92,791.42,Active
4724,PROD-004724,487,Protective Packaging Insert Specialty Series 4724,Packaging,Specialty,Liter,442.43,855.4,Active
4725,PROD-004725,966,Industrial Stretch Film Specialty Series 4725,Packaging,Specialty,Meter,422.25,845.48,Inactive
4726,PROD-004726,236,Process Pump Assembly Specialty Series 4726,Industrial Equipment,Specialty,Meter,493.55,699.94,Active
4727,PROD-004727,28,Motor Control Panel Premium Series 4727,Electronics,Premium,Each,25.95,63.57,Active
4728,PROD-004728,232,Reusable Transport Crate Standard Series 4728,Packaging,Standard,Meter,356.63,823.18,Active
4729,PROD-004729,872,Industrial Control Module Specialty Series 4729,Electronics,Specialty,Meter,214.69,505.79,Active
4730,PROD-004730,359,Variable Frequency Drive Specialty Series 4730,Electronics,,Each,164.42,362.03,Active
4731,PROD-004731,295,Proximity Sensor Standard Series 4731,Electronics,Standard,Each,144.79,324.2,Active
4732,PROD-004732,435,Pallet Wrap Assembly Premium Series 4732,Packaging,Premium,Each,306.7,562.93,Active
4733,PROD-004733,25,Material Handling Unit Standard Series 4733,Industrial Equipment,Standard,Meter,273.46,510.15,Inactive
4734,PROD-004734,867,Conveyor Roller Assembly Premium Series 4734,Components,Premium,Liter,233.89,539.05,Active
4735,PROD-004735,512,Hydraulic Power Unit Specialty Series 4735,Industrial Equipment,Specialty,Kg,317.84,432.47,Active
4736,PROD-004736,899,Variable Frequency Drive Specialty Series 4736,Electronics,Specialty,Kg,417.23,620.2,Active
4737,PROD-004737,236,Industrial Drive System Specialty Series 4737,Industrial Equipment,Specialty,Liter,24.55,41.98,Active
4738,PROD-004738,525,Drive Shaft Assembly Premium Series 4738,Components,Premium,Kg,239.77,429.63,Active
4739,PROD-004739,338,Heavy-Duty Packaging Sleeve Premium Series 4739,Packaging,Premium,Each,478.87,1098.79,Active
4740,PROD-004740,639,Reusable Transport Crate Standard Series 4740,Packaging,Standard,Meter,264.57,655.26,Active
4741,PROD-004741,586,Industrial Control Module Specialty Series 4741,Electronics,Specialty,Liter,481.33,1087.19,Inactive
4742,PROD-004742,834,Steel Coupling Standard Series 4742,Components,Standard,Kg,42.67,58.61,Active
4743,PROD-004743,32,Industrial Drive System Premium Series 4743,Industrial Equipment,Premium,Liter,368.09,711.43,Active
4744,PROD-004744,73,Drive Shaft Assembly Premium Series 4744,Components,Premium,Kg,60.07,129.01,Inactive
4745,PROD-004745,677,Stainless Steel Sheet Specialty Series 4745,Raw Materials,Specialty,Liter,97.32,189.23,Active
4746,PROD-004746,213,Reusable Transport Crate Specialty Series 4746,Packaging,Specialty,Each,24.46,44.14,Active
4747,PROD-004747,258,Cold Rolled Steel Coil Premium Series 4747,Raw Materials,Premium,Kg,214.5,382.21,Inactive
4748,PROD-004748,170,Protective Packaging Insert Premium Series 4748,Packaging,Premium,Meter,312.62,635.18,Inactive
4749,PROD-004749,189,Industrial Drive System Standard Series 4749,Industrial Equipment,Standard,Liter,398.25,813.82,Active
4750,PROD-004750,469,Power Distribution Module Premium Series 4750,Electronics,Premium,Kg,217.4,355.2,Active
4751,PROD-004751,748,Material Handling Unit Premium Series 4751,Industrial Equipment,Premium,Liter,158.17,280.05,Active
4752,PROD-004752,336,Reusable Transport Crate Specialty Series 4752,Packaging,Specialty,Meter,477.01,687.43,Active
4753,PROD-004753,196,Precision Bearing Assembly Specialty Series 4753,Components,Specialty,Each,499.36,1175.75,Active
4754,PROD-004754,381,Aluminum Sheet Stock Specialty Series 4754,Raw Materials,Specialty,Meter,328.92,768.56,Active
4755,PROD-004755,712,Proximity Sensor Premium Series 4755,Electronics,Premium,Liter,25.97,53.89,Active
4756,PROD-004756,751,Drive Shaft Assembly Standard Series 4756,Components,Standard,Liter,291.33,719.12,Active
4757,PROD-004757,811,Heavy-Duty Packaging Sleeve Premium Series 4757,Packaging,Premium,Each,217.06,403.58,Active
4758,PROD-004758,145,Conveyor Roller Assembly Premium Series 4758,Components,Premium,Kg,180.92,424.98,Active
4759,PROD-004759,620,Corrugated Shipping Carton Premium Series 4759,Packaging,Premium,Kg,20.0,43.61,Active
4760,PROD-004760,903,Steel Coupling Specialty Series 4760,Components,Specialty,Kg,287.41,423.02,Active
4761,PROD-004761,55,Proximity Sensor Standard Series 4761,Electronics,Standard,Liter,395.26,922.52,Active
4762,PROD-004762,45,Drive Shaft Assembly Specialty Series 4762,Components,Specialty,Meter,455.14,664.77,Active
4763,PROD-004763,968,Heavy-Duty Packaging Sleeve Specialty Series 4763,Packaging,Specialty,Each,349.99,709.36,Active
4764,PROD-004764,982,Reusable Transport Crate Specialty Series 4764,Packaging,Specialty,Liter,95.41,139.89,Active
4765,PROD-004765,140,Industrial Control Module Premium Series 4765,Electronics,Premium,Liter,41.24,100.71,Active
4766,PROD-004766,913,Variable Frequency Drive Premium Series 4766,Electronics,Premium,Each,380.06,789.98,Inactive
4767,PROD-004767,349,Industrial Stretch Film Standard Series 4767,Packaging,Standard,Kg,51.77,72.99,Active
4768,PROD-004768,619,Process Pump Assembly Premium Series 4768,Industrial Equipment,Premium,Kg,189.27,262.44,Active
4769,PROD-004769,278,Stainless Steel Sheet Premium Series 4769,Raw Materials,Premium,Each,160.21,238.48,Active
4770,PROD-004770,305,Thermal Processing Unit Premium Series 4770,Industrial Equipment,Premium,Each,472.31,911.48,Active
4771,PROD-004771,547,Cold Rolled Steel Coil Specialty Series 4771,Raw Materials,Specialty,Each,272.08,357.33,Active
4772,PROD-004772,565,Pneumatic Control Unit Specialty Series 4772,Industrial Equipment,Specialty,Each,416.42,1007.62,Inactive
4773,PROD-004773,441,Aluminum Mounting Bracket Standard Series 4773,Components,Standard,Each,308.8,463.46,Active
4774,PROD-004774,362,Drive Shaft Assembly Specialty Series 4774,Components,Specialty,Liter,372.58,697.21,Active
4775,PROD-004775,794,Stainless Steel Sheet Specialty Series 4775,Raw Materials,Specialty,Each,262.81,559.79,Active
4776,PROD-004776,335,Reusable Transport Crate Premium Series 4776,Packaging,Premium,Each,269.84,589.76,Active
4777,PROD-004777,669,Hydraulic Power Unit Standard Series 4777,Industrial Equipment,Standard,Each,91.75,172.2,Inactive
4778,PROD-004778,903,Steel Coupling Specialty Series 4778,Components,Specialty,Kg,199.09,276.53,Active
4779,PROD-004779,665,Polymer Resin Specialty Series 4779,Raw Materials,Specialty,Meter,452.78,671.85,Active
4780,PROD-004780,426,Power Distribution Module Specialty Series 4780,Electronics,Specialty,Each,46.34,108.99,Active
4781,PROD-004781,160,Industrial Valve Assembly Specialty Series 4781,Components,Specialty,Kg,130.34,169.02,Active
4782,PROD-004782,82,Reusable Transport Crate Premium Series 4782,Packaging,Premium,Each,166.94,293.45,Active
4783,PROD-004783,216,Cold Rolled Steel Coil Premium Series 4783,Raw Materials,Premium,Kg,356.85,639.98,Active
4784,PROD-004784,93,Protective Packaging Insert Premium Series 4784,Packaging,Premium,Kg,465.32,1143.7,Active
4785,PROD-004785,953,Polymer Resin Specialty Series 4785,Raw Materials,Specialty,Liter,111.12,251.07,Active
4786,PROD-004786,346,Power Distribution Module Premium Series 4786,Electronics,Premium,Kg,314.34,678.72,Active
4787,PROD-004787,384,Industrial Valve Assembly Standard Series 4787,Components,Standard,Liter,124.01,230.15,Inactive
4788,PROD-004788,852,Engineering Plastic Pellets Premium Series 4788,Raw Materials,Premium,Kg,291.32,610.41,Active
4789,PROD-004789,702,Cold Rolled Steel Coil Premium Series 4789,Raw Materials,Premium,Each,259.82,405.18,Active
4790,PROD-004790,882,Steel Coupling Premium Series 4790,Components,Premium,Liter,238.37,366.71,Active
4791,PROD-004791,353,Proximity Sensor Standard Series 4791,Electronics,Standard,Liter,71.01,149.94,Active
4792,PROD-004792,827,Drive Shaft Assembly Specialty Series 4792,Components,Specialty,Liter,208.61,357.96,Active
4793,PROD-004793,272,Heavy-Duty Packaging Sleeve Specialty Series 4793,Packaging,Specialty,Each,465.2,877.47,Active
4794,PROD-004794,843,Industrial Signal Converter Specialty Series 4794,Electronics,Specialty,Kg,419.12,669.08,Active
4795,PROD-004795,155,Hydraulic Power Unit Premium Series 4795,Industrial Equipment,Premium,Meter,269.36,383.24,Inactive
4796,PROD-004796,582,Steel Coupling Premium Series 4796,Components,Premium,Kg,138.03,249.13,Active
4797,PROD-004797,85,Industrial Drive System Premium Series 4797,Industrial Equipment,Premium,Meter,439.74,1093.49,Active
4798,PROD-004798,89,Power Distribution Module Standard Series 4798,Electronics,Standard,Each,481.8,662.3,Active
4799,PROD-004799,770,Stainless Steel Sheet Specialty Series 4799,Raw Materials,Specialty,Kg,96.78,182.72,Active
4800,PROD-004800,923,Conveyor Roller Assembly Premium Series 4800,Components,Premium,Each,126.31,204.15,Active
4801,PROD-004801,924,Precision Bearing Assembly Premium Series 4801,Components,Premium,Liter,231.88,409.9,Active
4802,PROD-004802,685,Pneumatic Control Unit Specialty Series 4802,Industrial Equipment,Specialty,Meter,338.11,670.2,Active
4803,PROD-004803,66,Industrial Drive System Premium Series 4803,Industrial Equipment,Premium,Meter,206.83,361.24,Active
4804,PROD-004804,416,Process Pump Assembly Premium Series 4804,Industrial Equipment,Premium,Meter,118.58,169.53,Active
4805,PROD-004805,926,Heavy-Duty Packaging Sleeve Standard Series 4805,Packaging,Standard,Each,164.06,277.16,Active
4806,PROD-004806,76,Conveyor Roller Assembly Premium Series 4806,Components,Premium,Each,429.62,829.62,Active
4807,PROD-004807,404,Cold Rolled Steel Coil Premium Series 4807,Raw Materials,Premium,Meter,360.13,783.15,Active
4808,PROD-004808,283,Aluminum Sheet Stock Specialty Series 4808,Raw Materials,Specialty,Liter,296.2,441.11,Active
4809,PROD-004809,447,Proximity Sensor Premium Series 4809,Electronics,Premium,Meter,35.21,67.96,Active
4810,PROD-004810,835,Process Pump Assembly Premium Series 4810,Industrial Equipment,Premium,Each,159.31,375.07,Active
4811,PROD-004811,474,Material Handling Unit Specialty Series 4811,Industrial Equipment,Specialty,Meter,463.68,1149.68,Active
4812,PROD-004812,857,Industrial Signal Converter Premium Series 4812,Electronics,Premium,Each,458.96,751.69,Active
4813,PROD-004813,734,Precision Bearing Assembly Standard Series 4813,Components,Standard,Meter,189.92,290.36,Active
4814,PROD-004814,121,Variable Frequency Drive Premium Series 4814,Electronics,Premium,Meter,46.25,106.16,Active
4815,PROD-004815,773,Industrial Drive System Specialty Series 4815,Industrial Equipment,Specialty,Kg,334.57,818.48,Active
4816,PROD-004816,229,Drive Shaft Assembly Standard Series 4816,Components,Standard,Liter,302.83,719.26,Active
4817,PROD-004817,574,Stainless Steel Sheet Premium Series 4817,Raw Materials,Premium,Meter,145.54,250.61,Active
4818,PROD-004818,286,Reusable Transport Crate Specialty Series 4818,Packaging,Specialty,Liter,404.25,870.27,Active
4819,PROD-004819,130,Hydraulic Power Unit Standard Series 4819,Industrial Equipment,Standard,Each,351.84,554.66,Active
4820,PROD-004820,816,Steel Coupling Specialty Series 4820,Components,Specialty,Each,439.53,873.47,Active
4821,PROD-004821,45,Industrial Stretch Film Premium Series 4821,Packaging,Premium,Meter,342.06,698.78,Active
4822,PROD-004822,163,Power Distribution Module Specialty Series 4822,Electronics,Specialty,Kg,17.49,38.1,Active
4823,PROD-004823,403,Motor Control Panel Specialty Series 4823,Electronics,Specialty,Meter,431.34,1069.63,Active
4824,PROD-004824,270,Reusable Transport Crate Standard Series 4824,Packaging,Standard,Kg,475.12,1041.17,Inactive
4825,PROD-004825,741,Corrugated Shipping Carton Premium Series 4825,Packaging,Premium,Liter,55.09,68.95,Active
4826,PROD-004826,320,Aluminum Sheet Stock Specialty Series 4826,Raw Materials,Specialty,Liter,211.94,383.63,Active
4827,PROD-004827,673,Proximity Sensor Standard Series 4827,Electronics,Standard,Liter,157.0,338.5,Active
4828,PROD-004828,899,Power Distribution Module Standard Series 4828,Electronics,Standard,Liter,295.33,704.32,Active
4829,PROD-004829,789,Heavy-Duty Packaging Sleeve Standard Series 4829,Packaging,Standard,Each,109.31,159.65,Active
4830,PROD-004830,342,Industrial Signal Converter Premium Series 4830,Electronics,Premium,Kg,204.19,279.79,Active
4831,PROD-004831,914,Industrial Control Module Specialty Series 4831,Electronics,Specialty,Liter,488.7,842.25,Active
4832,PROD-004832,140,Steel Coupling Specialty Series 4832,Components,Specialty,Meter,84.15,176.27,Inactive
4833,PROD-004833,967,Polymer Resin Premium Series 4833,Raw Materials,Premium,Meter,497.1,1010.25,Active
4834,PROD-004834,663,Process Pump Assembly Premium Series 4834,Industrial Equipment,Premium,Each,70.62,108.86,Inactive
4835,PROD-004835,865,Heavy-Duty Packaging Sleeve Standard Series 4835,Packaging,Standard,Liter,407.83,712.59,Active
4836,PROD-004836,267,Thermal Processing Unit Standard Series 4836,Industrial Equipment,Standard,Each,279.96,596.17,Inactive
4837,PROD-004837,88,Hydraulic Power Unit Specialty Series 4837,Industrial Equipment,Specialty,Each,172.84,342.15,Active
4838,PROD-004838,844,Protective Packaging Insert Specialty Series 4838,Packaging,Specialty,Each,363.24,803.63,Active
4839,PROD-004839,532,Industrial Stretch Film Specialty Series 4839,Packaging,Specialty,Liter,269.43,375.16,Active
4840,PROD-004840,671,Industrial Copper Wire Specialty Series 4840,Raw Materials,Specialty,Meter,369.55,917.53,Active
4841,PROD-004841,493,Industrial Valve Assembly Premium Series 4841,Components,Premium,Each,318.33,632.31,Active
4842,PROD-004842,715,Engineering Plastic Pellets Standard Series 4842,Raw Materials,Standard,Each,161.74,202.24,Inactive
4843,PROD-004843,772,Hydraulic Power Unit Specialty Series 4843,Industrial Equipment,Specialty,Kg,64.91,139.28,Active
4844,PROD-004844,386,Aluminum Sheet Stock Premium Series 4844,Raw Materials,Premium,Liter,41.02,54.11,Active
4845,PROD-004845,225,Polymer Resin Specialty Series 4845,Raw Materials,Specialty,Kg,309.34,463.65,Active
4846,PROD-004846,889,Drive Shaft Assembly Standard Series 4846,Components,Standard,Liter,337.67,693.13,Active
4847,PROD-004847,130,Material Handling Unit Premium Series 4847,Industrial Equipment,Premium,Each,10.52,17.36,Active
4848,PROD-004848,209,Engineering Plastic Pellets Standard Series 4848,Raw Materials,Standard,Meter,171.28,397.61,Active
4849,PROD-004849,564,Hydraulic Power Unit Standard Series 4849,Industrial Equipment,Standard,Kg,101.87,240.44,Active
4850,PROD-004850,543,Variable Frequency Drive Standard Series 4850,Electronics,Standard,Liter,78.3,165.57,Active
4851,PROD-004851,835,Polymer Resin Specialty Series 4851,Raw Materials,Specialty,Liter,21.39,51.05,Inactive
4852,PROD-004852,987,Pallet Wrap Assembly Premium Series 4852,Packaging,Premium,Kg,183.89,240.58,Active
4853,PROD-004853,540,Motor Control Panel Premium Series 4853,Electronics,Premium,Each,286.06,504.49,Active
4854,PROD-004854,429,Reusable Transport Crate Standard Series 4854,Packaging,Standard,Kg,207.4,385.13,Active
4855,PROD-004855,14,Industrial Control Module Specialty Series 4855,Electronics,Specialty,Liter,44.6,74.4,Active
4856,PROD-004856,259,Pneumatic Control Unit Standard Series 4856,Industrial Equipment,Standard,Liter,255.08,412.98,Active
4857,PROD-004857,461,Industrial Drive System Specialty Series 4857,Industrial Equipment,Specialty,Liter,334.96,532.32,Active
4858,PROD-004858,380,Drive Shaft Assembly Specialty Series 4858,Components,Specialty,Each,221.93,442.02,Active
4859,PROD-004859,26,Stainless Steel Sheet Premium Series 4859,Raw Materials,Premium,Meter,11.49,21.04,Inactive
4860,PROD-004860,852,Conveyor Roller Assembly Standard Series 4860,Components,Standard,Each,306.76,690.95,Active
4861,PROD-004861,205,Precision Bearing Assembly Specialty Series 4861,Components,Specialty,Kg,397.77,730.53,Active
4862,PROD-004862,188,Variable Frequency Drive Standard Series 4862,Electronics,Standard,Meter,194.43,280.92,Active
4863,PROD-004863,863,Industrial Stretch Film Specialty Series 4863,Packaging,Specialty,Each,242.11,529.83,Active
4864,PROD-004864,779,Power Distribution Module Specialty Series 4864,Electronics,Specialty,Meter,475.76,634.94,Active
4865,PROD-004865,933,Heavy-Duty Packaging Sleeve Specialty Series 4865,Packaging,Specialty,Liter,468.26,872.49,Active
4866,PROD-004866,669,Reusable Transport Crate Premium Series 4866,Packaging,Premium,Kg,109.18,172.85,Active
4867,PROD-004867,162,Corrugated Shipping Carton Premium Series 4867,Packaging,Premium,Meter,242.0,494.5,Active
4868,PROD-004868,53,Protective Packaging Insert Standard Series 4868,Packaging,Standard,Meter,359.98,710.92,Active
4869,PROD-004869,280,Industrial Stretch Film Specialty Series 4869,Packaging,Specialty,Meter,147.17,236.8,Active
4870,PROD-004870,733,Pallet Wrap Assembly Standard Series 4870,Packaging,Standard,Liter,246.73,541.68,Active
4871,PROD-004871,94,Heavy-Duty Packaging Sleeve Standard Series 4871,Packaging,Standard,Kg,190.29,312.57,Active
4872,PROD-004872,556,Thermal Processing Unit Specialty Series 4872,Industrial Equipment,Specialty,Liter,125.67,268.59,Active
4873,PROD-004873,460,Corrugated Shipping Carton Standard Series 4873,Packaging,Standard,Liter,274.6,371.9,Active
4874,PROD-004874,39,Steel Coupling Premium Series 4874,Components,Premium,Liter,92.03,209.97,Active
4875,PROD-004875,890,Industrial Stretch Film Premium Series 4875,Packaging,Premium,Meter,427.9,1023.63,Active
4876,PROD-004876,287,Process Pump Assembly Standard Series 4876,Industrial Equipment,Standard,Meter,365.37,466.44,Active
4877,PROD-004877,134,Heavy-Duty Packaging Sleeve Premium Series 4877,Packaging,Premium,Liter,110.36,268.03,Inactive
4878,PROD-004878,315,Engineering Plastic Pellets Specialty Series 4878,Raw Materials,Specialty,Kg,155.13,251.9,Active
4879,PROD-004879,762,Hydraulic Power Unit Standard Series 4879,Industrial Equipment,Standard,Liter,463.53,829.82,Active
4880,PROD-004880,335,Pneumatic Control Unit Standard Series 4880,Industrial Equipment,Standard,Kg,395.4,742.3,Inactive
4881,PROD-004881,261,Polymer Resin Specialty Series 4881,Raw Materials,Specialty,Liter,332.35,751.98,Active
4882,PROD-004882,126,Process Pump Assembly Standard Series 4882,Industrial Equipment,Standard,Meter,369.46,596.1,Active
4883,PROD-004883,996,Industrial Valve Assembly Specialty Series 4883,Components,Specialty,Meter,356.62,691.21,Active
4884,PROD-004884,937,Engineering Plastic Pellets Specialty Series 4884,Raw Materials,Specialty,Kg,46.52,67.77,Active
4885,PROD-004885,938,Cold Rolled Steel Coil Premium Series 4885,Raw Materials,Premium,Meter,58.27,126.26,Active
4886,PROD-004886,79,Pneumatic Control Unit Standard Series 4886,Industrial Equipment,Standard,Meter,194.0,405.18,Active
4887,PROD-004887,946,Industrial Stretch Film Standard Series 4887,Packaging,Standard,Kg,393.92,733.12,Active
4888,PROD-004888,4,Industrial Copper Wire Premium Series 4888,Raw Materials,Premium,Kg,108.99,268.81,Active
4889,PROD-004889,180,Motor Control Panel Specialty Series 4889,Electronics,Specialty,Each,311.18,531.48,Active
4890,PROD-004890,814,Engineering Plastic Pellets Premium Series 4890,Raw Materials,Premium,Meter,268.89,352.94,Active
4891,PROD-004891,759,Hydraulic Power Unit Premium Series 4891,Industrial Equipment,Premium,Liter,496.51,1170.25,Active
4892,PROD-004892,968,Pneumatic Control Unit Standard Series 4892,Industrial Equipment,Standard,Meter,320.06,632.14,Active
4893,PROD-004893,650,Industrial Stretch Film Premium Series 4893,Packaging,Premium,Each,146.4,347.91,Active
4894,PROD-004894,322,Drive Shaft Assembly Premium Series 4894,Components,Premium,Meter,268.93,634.92,Active
4895,PROD-004895,893,Heavy-Duty Packaging Sleeve Standard Series 4895,Packaging,Standard,Kg,421.11,948.66,Active
4896,PROD-004896,182,Industrial Signal Converter Standard Series 4896,Electronics,Standard,Liter,131.58,177.2,Active
4897,PROD-004897,295,Hydraulic Power Unit Standard Series 4897,Industrial Equipment,Standard,Meter,186.56,427.89,Active
4898,PROD-004898,966,Pneumatic Control Unit Standard Series 4898,Industrial Equipment,Standard,Meter,388.77,971.56,Active
4899,PROD-004899,579,Polymer Resin Standard Series 4899,Raw Materials,Standard,Kg,282.07,575.94,Active
4900,PROD-004900,523,Process Pump Assembly Specialty Series 4900,Industrial Equipment,Specialty,Kg,128.26,320.32,Inactive
4901,PROD-004901,84,Industrial Valve Assembly Standard Series 4901,Components,Standard,Each,284.82,549.69,Active
4902,PROD-004902,471,Reusable Transport Crate Premium Series 4902,Packaging,Premium,Liter,140.1,182.27,Active
4903,PROD-004903,41,Hydraulic Power Unit Premium Series 4903,Industrial Equipment,Premium,Each,16.12,28.34,Inactive
4904,PROD-004904,545,Protective Packaging Insert Premium Series 4904,Packaging,Premium,Liter,120.86,191.86,Inactive
4905,PROD-004905,54,Industrial Stretch Film Standard Series 4905,Packaging,Standard,Meter,199.85,269.34,Active
4906,PROD-004906,823,Drive Shaft Assembly Specialty Series 4906,Components,Specialty,Meter,307.4,525.57,Inactive
4907,PROD-004907,602,Material Handling Unit Standard Series 4907,Industrial Equipment,Standard,Meter,67.4,94.27,Active
4908,PROD-004908,221,Conveyor Roller Assembly Specialty Series 4908,Components,Specialty,Liter,225.63,436.32,Active
4909,PROD-004909,141,Hydraulic Power Unit Premium Series 4909,Industrial Equipment,Premium,Meter,254.38,535.05,Active
4910,PROD-004910,634,Steel Coupling Standard Series 4910,Components,Standard,Meter,435.87,574.28,Active
4911,PROD-004911,41,Aluminum Mounting Bracket Standard Series 4911,Components,Standard,Each,200.43,384.5,Active
4912,PROD-004912,625,Drive Shaft Assembly Premium Series 4912,Components,Premium,Liter,49.44,105.63,Active
4913,PROD-004913,544,Motor Control Panel Standard Series 4913,Electronics,Standard,Meter,452.66,654.82,Active
4914,PROD-004914,621,Reusable Transport Crate Specialty Series 4914,Packaging,Specialty,Each,228.15,556.17,Active
4915,PROD-004915,829,Precision Bearing Assembly Premium Series 4915,Components,Premium,Each,122.52,296.18,Active
4916,PROD-004916,673,Pneumatic Control Unit Standard Series 4916,Industrial Equipment,Standard,Kg,57.89,133.61,Active
4917,PROD-004917,243,Aluminum Mounting Bracket Standard Series 4917,Components,Standard,Kg,81.75,171.87,Active
4918,PROD-004918,110,Process Pump Assembly Premium Series 4918,Industrial Equipment,Premium,Each,461.66,769.27,Active
4919,PROD-004919,791,Material Handling Unit Premium Series 4919,Industrial Equipment,Premium,Kg,420.27,747.31,Active
4920,PROD-004920,220,Industrial Signal Converter Specialty Series 4920,Electronics,Specialty,Each,193.6,457.33,Inactive
4921,PROD-004921,919,Hydraulic Power Unit Specialty Series 4921,Industrial Equipment,Specialty,Liter,419.37,749.85,Active
4922,PROD-004922,392,Steel Coupling Standard Series 4922,Components,Standard,Liter,344.86,576.21,Active
4923,PROD-004923,745,Aluminum Mounting Bracket Standard Series 4923,Components,Standard,Meter,59.72,113.56,Active
4924,PROD-004924,952,Pallet Wrap Assembly Standard Series 4924,Packaging,Standard,Liter,93.43,176.78,Active
4925,PROD-004925,334,Motor Control Panel Specialty Series 4925,Electronics,Specialty,Meter,324.98,727.34,Active
4926,PROD-004926,695,Conveyor Roller Assembly Standard Series 4926,Components,Standard,Kg,241.31,418.81,Active
4927,PROD-004927,352,Industrial Control Module Standard Series 4927,Electronics,Standard,Meter,386.21,634.14,Active
4928,PROD-004928,649,Protective Packaging Insert Premium Series 4928,Packaging,Premium,Liter,471.48,861.63,Inactive
4929,PROD-004929,791,Aluminum Mounting Bracket Premium Series 4929,Components,Premium,Meter,254.01,575.01,Active
4930,PROD-004930,109,Pallet Wrap Assembly Premium Series 4930,Packaging,Premium,Each,64.07,153.54,Active
4931,PROD-004931,115,Motor Control Panel Premium Series 4931,Electronics,Premium,Meter,372.52,662.54,Active
4932,PROD-004932,478,Engineering Plastic Pellets Standard Series 4932,Raw Materials,Standard,Each,361.23,682.38,Active
4933,PROD-004933,326,Hydraulic Power Unit Standard Series 4933,Industrial Equipment,Standard,Meter,325.74,725.48,Active
4934,PROD-004934,116,Aluminum Sheet Stock Specialty Series 4934,Raw Materials,Specialty,Liter,82.02,134.0,Active
4935,PROD-004935,563,Industrial Stretch Film Premium Series 4935,Packaging,Premium,Liter,442.53,663.53,Inactive
4936,PROD-004936,513,Process Pump Assembly Standard Series 4936,Industrial Equipment,Standard,Kg,450.24,972.71,Active
4937,PROD-004937,94,Stainless Steel Sheet Premium Series 4937,Raw Materials,Premium,Each,51.76,92.68,Active
4938,PROD-004938,381,Thermal Processing Unit Specialty Series 4938,Industrial Equipment,Specialty,Kg,414.97,668.68,Active
4939,PROD-004939,651,Cold Rolled Steel Coil Specialty Series 4939,Raw Materials,Specialty,Each,452.8,704.31,Active
4940,PROD-004940,182,Pneumatic Control Unit Standard Series 4940,Industrial Equipment,Standard,Kg,461.58,878.05,Active
4941,PROD-004941,20,Aluminum Mounting Bracket Specialty Series 4941,Components,Specialty,Liter,138.31,245.27,Active
4942,PROD-004942,99,Process Pump Assembly Premium Series 4942,Industrial Equipment,Premium,Each,428.98,1064.39,Active
4943,PROD-004943,882,Industrial Valve Assembly Premium Series 4943,Components,Premium,Meter,225.19,519.5,Active
4944,PROD-004944,617,Industrial Signal Converter Premium Series 4944,Electronics,Premium,Liter,101.89,239.25,Inactive
4945,PROD-004945,780,Industrial Control Module Specialty Series 4945,Electronics,Specialty,Each,142.09,344.65,Active
4946,PROD-004946,380,Steel Coupling Specialty Series 4946,Components,Specialty,Liter,383.25,487.21,Active
4947,PROD-004947,609,Aluminum Mounting Bracket Premium Series 4947,Components,Premium,Meter,337.12,615.19,Inactive
4948,PROD-004948,633,Pallet Wrap Assembly Standard Series 4948,Packaging,Standard,Liter,313.77,450.02,Inactive
4949,PROD-004949,965,Stainless Steel Sheet Premium Series 4949,Raw Materials,Premium,Each,354.08,754.83,Active
4950,PROD-004950,200,Engineering Plastic Pellets Premium Series 4950,Raw Materials,Premium,Each,416.46,929.35,Active
4951,PROD-004951,504,Precision Bearing Assembly Standard Series 4951,Components,Standard,Kg,105.7,145.44,Active
4952,PROD-004952,712,Steel Coupling Premium Series 4952,Components,Premium,Liter,159.07,302.38,Active
4953,PROD-004953,201,Aluminum Mounting Bracket Specialty Series 4953,Components,Specialty,Liter,237.78,493.44,Active
4954,PROD-004954,917,Process Pump Assembly Specialty Series 4954,Industrial Equipment,Specialty,Liter,268.59,517.26,Active
4955,PROD-004955,187,Industrial Valve Assembly Premium Series 4955,Components,Premium,Kg,380.86,499.85,Active
4956,PROD-004956,235,Thermal Processing Unit Premium Series 4956,Industrial Equipment,Premium,Liter,395.31,666.53,Active
4957,PROD-004957,841,Cold Rolled Steel Coil Standard Series 4957,Raw Materials,Standard,Meter,192.31,420.92,Active
4958,PROD-004958,210,Aluminum Sheet Stock Specialty Series 4958,Raw Materials,Specialty,Kg,314.5,475.85,Active
4959,PROD-004959,803,Industrial Stretch Film Specialty Series 4959,Packaging,Specialty,Liter,188.33,280.48,Active
4960,PROD-004960,231,Pallet Wrap Assembly Standard Series 4960,Packaging,Standard,Each,192.07,374.44,Inactive
4961,PROD-004961,543,Stainless Steel Sheet Standard Series 4961,Raw Materials,Standard,Meter,83.02,189.72,Inactive
4962,PROD-004962,722,Industrial Signal Converter Standard Series 4962,Electronics,Standard,Each,338.55,736.21,Active
4963,PROD-004963,50,Precision Bearing Assembly Specialty Series 4963,Components,Specialty,Liter,43.78,92.08,Active
4964,PROD-004964,531,Protective Packaging Insert Specialty Series 4964,Packaging,Specialty,Liter,176.46,410.35,Inactive
4965,PROD-004965,533,Industrial Drive System Standard Series 4965,Industrial Equipment,Standard,Kg,496.22,998.56,Active
4966,PROD-004966,944,Power Distribution Module Standard Series 4966,Electronics,Standard,Liter,396.24,712.67,Active
4967,PROD-004967,341,Motor Control Panel Premium Series 4967,Electronics,Premium,Each,162.12,327.65,Active
4968,PROD-004968,28,Conveyor Roller Assembly Standard Series 4968,Components,Standard,Each,142.42,291.31,Active
4969,PROD-004969,475,Precision Bearing Assembly Premium Series 4969,Components,Premium,Kg,419.65,862.52,Inactive
4970,PROD-004970,390,Pneumatic Control Unit Standard Series 4970,Industrial Equipment,Standard,Kg,252.54,599.71,Active
4971,PROD-004971,335,Aluminum Mounting Bracket Specialty Series 4971,Components,Specialty,Meter,107.06,264.63,Active
4972,PROD-004972,226,Drive Shaft Assembly Standard Series 4972,Components,Standard,Liter,305.96,603.19,Active
4973,PROD-004973,708,Stainless Steel Sheet Standard Series 4973,Raw Materials,Standard,Meter,125.62,258.88,Active
4974,PROD-004974,44,Reusable Transport Crate Specialty Series 4974,Packaging,Specialty,Each,158.07,238.76,Active
4975,PROD-004975,205,Precision Bearing Assembly Premium Series 4975,Components,Premium,Meter,247.63,548.07,Active
4976,PROD-004976,881,Variable Frequency Drive Standard Series 4976,Electronics,Standard,Each,233.48,333.77,Active
4977,PROD-004977,135,Aluminum Mounting Bracket Premium Series 4977,Components,Premium,Meter,476.79,892.17,Inactive
4978,PROD-004978,809,Power Distribution Module Premium Series 4978,Electronics,Premium,Each,341.08,488.58,Active
4979,PROD-004979,31,Heavy-Duty Packaging Sleeve Standard Series 4979,Packaging,Standard,Each,121.02,234.3,Active
4980,PROD-004980,337,Thermal Processing Unit Specialty Series 4980,Industrial Equipment,Specialty,Liter,485.09,932.16,Active
4981,PROD-004981,201,Cold Rolled Steel Coil Standard Series 4981,Raw Materials,Standard,Kg,117.06,223.91,Active
4982,PROD-004982,464,Steel Coupling Standard Series 4982,Components,Standard,Each,149.97,226.52,Active
4983,PROD-004983,338,Aluminum Mounting Bracket Premium Series 4983,Components,Premium,Liter,293.99,567.04,Active
4984,PROD-004984,654,Drive Shaft Assembly Specialty Series 4984,Components,Specialty,Meter,471.05,1048.21,Active
4985,PROD-004985,65,Material Handling Unit Standard Series 4985,Industrial Equipment,Standard,Each,462.3,730.13,Active
4986,PROD-004986,262,Thermal Processing Unit Standard Series 4986,Industrial Equipment,Standard,Kg,73.37,138.52,Active
4987,PROD-004987,844,Cold Rolled Steel Coil Standard Series 4987,Raw Materials,Standard,Meter,436.29,921.94,Active
4988,PROD-004988,541,Aluminum Sheet Stock Standard Series 4988,Raw Materials,Standard,Each,37.86,84.82,Active
4989,PROD-004989,728,Proximity Sensor Standard Series 4989,Electronics,Standard,Kg,373.93,765.03,Inactive
4990,PROD-004990,509,Process Pump Assembly Standard Series 4990,Industrial Equipment,Standard,Meter,70.21,156.08,Active
4991,PROD-004991,916,Heavy-Duty Packaging Sleeve Specialty Series 4991,Packaging,Specialty,Each,311.85,496.99,Active
4992,PROD-004992,777,Thermal Processing Unit Specialty Series 4992,Industrial Equipment,Specialty,Meter,462.65,754.57,Active
4993,PROD-004993,46,Cold Rolled Steel Coil Specialty Series 4993,Raw Materials,Specialty,Each,456.85,770.04,Active
4994,PROD-004994,390,Protective Packaging Insert Specialty Series 4994,Packaging,Specialty,Each,333.42,786.97,Active
4995,PROD-004995,26,Polymer Resin Premium Series 4995,Raw Materials,Premium,Kg,102.73,216.17,Active
4996,PROD-004996,771,Power Distribution Module Standard Series 4996,Electronics,Standard,Kg,155.22,376.96,Active
4997,PROD-004997,184,Material Handling Unit Specialty Series 4997,Industrial Equipment,Specialty,Kg,335.46,572.35,Active
4998,PROD-004998,218,Industrial Signal Converter Premium Series 4998,Electronics,Premium,Liter,435.19,776.11,Active
4999,PROD-004999,973,Cold Rolled Steel Coil Premium Series 4999,Raw Materials,Premium,Liter,26.52,54.75,Active
5000,PROD-005000,581,Variable Frequency Drive Premium Series 5000,Electronics,Premium,Each,74.33,181.87,Active
